Price,Adj Close,Close,High,Low,Open,Volume
Ticker,HYG,HYG,HYG,HYG,HYG,HYG
Date,,,,,,
2007-04-11,31.855058670043945,104.3499984741211,104.38999938964844,104.3499984741211,104.3499984741211,1900
2007-04-12,31.876426696777344,104.41999816894533,104.41999816894533,104.3499984741211,104.41999816894533,6100
2007-04-13,31.818456649780273,104.2300033569336,104.48999786376952,104.2300033569336,104.38999938964844,3400
2007-04-16,31.806228637695312,104.19000244140624,104.2699966430664,104.1500015258789,104.2699966430664,7600
2007-04-17,31.790977478027344,104.13999938964844,104.4000015258789,104.13999938964844,104.1500015258789,28100
2007-04-18,31.800132751464844,104.16999816894533,104.2699966430664,104.1500015258789,104.19000244140624,6300
2007-04-19,31.91002082824707,104.52999877929688,104.56999969482422,104.05999755859376,104.1999969482422,47500
2007-04-20,31.891704559326172,104.47000122070312,104.54000091552734,104.4499969482422,104.54000091552734,4900
2007-04-23,31.91002082824707,104.52999877929688,104.66000366210938,104.4499969482422,104.58999633789062,1700
2007-04-24,32.129817962646484,105.25,105.30999755859376,104.41999816894533,104.58999633789062,398500
2007-04-25,32.17865753173828,105.41000366210938,105.41000366210938,105.27999877929688,105.27999877929688,16300
2007-04-26,32.23664855957031,105.5999984741211,105.5999984741211,105.29000091552734,105.43000030517578,48200
2007-04-27,32.23664855957031,105.5999984741211,105.5999984741211,105.51000213623048,105.51000213623048,8300
2007-04-30,32.23969650268555,105.61000061035156,105.62999725341795,105.33000183105467,105.55999755859376,15500
2007-05-01,32.243690490722656,105.33000183105467,105.43000030517578,105.2699966430664,105.2699966430664,8600
2007-05-02,32.23143005371094,105.29000091552734,105.38999938964844,105.1999969482422,105.3499984741211,4700
2007-05-03,32.234493255615234,105.3000030517578,105.4800033569336,105.1999969482422,105.37000274658205,17200
2007-05-04,32.2742805480957,105.43000030517578,105.44000244140624,105.20999908447266,105.3499984741211,4600
2007-05-07,32.271244049072266,105.41999816894533,105.41999816894533,105.3000030517578,105.31999969482422,4200
2007-05-08,32.295738220214844,105.5,105.5500030517578,105.4499969482422,105.54000091552734,16100
2007-05-09,32.21002197265625,105.22000122070312,105.5999984741211,105.16000366210938,105.58999633789062,9400
2007-05-10,32.32633972167969,105.5999984741211,105.80999755859376,105.51000213623048,105.6999969482422,17400
2007-05-11,32.34468460083008,105.66000366210938,105.77999877929688,105.55999755859376,105.63999938964844,12200
2007-05-14,32.341644287109375,105.6500015258789,105.6999969482422,105.5500030517578,105.69000244140624,11600
2007-05-15,32.317169189453125,105.56999969482422,105.93000030517578,105.56999969482422,105.6999969482422,39400
2007-05-16,32.40288162231445,105.8499984741211,105.86000061035156,105.81999969482422,105.83000183105467,78100
2007-05-17,32.39370346069336,105.81999969482422,105.93000030517578,105.69000244140624,105.88999938964844,14500
2007-05-18,32.40288162231445,105.8499984741211,105.9499969482422,105.8499984741211,105.9499969482422,5200
2007-05-21,32.43349075317383,105.9499969482422,105.95999908447266,105.8499984741211,105.94000244140624,14600
2007-05-22,32.43653869628906,105.95999908447266,106.08999633789062,105.7300033569336,106.08000183105467,10200
2007-05-23,32.41206741333008,105.87999725341795,106.11000061035156,105.6999969482422,105.91999816894533,22500
2007-05-24,32.421260833740234,105.91000366210938,106.04000091552734,105.8499984741211,106.04000091552734,17100
2007-05-25,32.4671516418457,106.05999755859376,106.47000122070312,105.8000030517578,105.97000122070312,7400
2007-05-29,32.33857727050781,105.63999938964844,105.72000122070312,105.58000183105467,105.6999969482422,4900
2007-05-30,32.41206741333008,105.87999725341795,105.94000244140624,105.75,105.87000274658205,4300
2007-05-31,32.36003112792969,105.70999908447266,105.88999938964844,105.6500015258789,105.88999938964844,6200
2007-06-01,32.35572052001953,105.11000061035156,105.12999725341795,104.9499969482422,105.11000061035156,13500
2007-06-04,32.3834114074707,105.1999969482422,105.22000122070312,105.0199966430664,105.1999969482422,21800
2007-06-05,32.33723831176758,105.0500030517578,105.20999908447266,105.0500030517578,105.20999908447266,4500
2007-06-06,32.297210693359375,104.91999816894533,105.05999755859376,104.87999725341795,105.0,74600
2007-06-07,32.14639663696289,104.43000030517578,104.73999786376952,104.1999969482422,104.73999786376952,12100
2007-06-08,32.06019973754883,104.1500015258789,104.2699966430664,103.91999816894533,104.20999908447266,17800
2007-06-11,31.992488861083984,103.93000030517578,104.06999969482422,103.5999984741211,103.9000015258789,2900
2007-06-12,31.82933807373047,103.4000015258789,103.77999877929688,103.06999969482422,103.7699966430664,67300
2007-06-13,31.88472557067871,103.58000183105467,103.80999755859376,102.87000274658205,103.62999725341795,24600
2007-06-14,31.909337997436523,103.66000366210938,103.66000366210938,103.16000366210938,103.33999633789062,18200
2007-06-15,31.903179168701172,103.63999938964844,103.68000030517578,103.5,103.5,13500
2007-06-18,31.921693801879883,103.6999969482422,103.91000366210938,103.4000015258789,103.91000366210938,14600
2007-06-19,31.9616756439209,103.83000183105467,103.83999633789062,103.36000061035156,103.83999633789062,19600
2007-06-20,31.678489685058594,102.91000366210938,103.83999633789062,102.91000366210938,103.83999633789062,16900
2007-06-21,31.736968994140625,103.0999984741211,103.43000030517578,103.0,103.0,13900
2007-06-22,31.79855155944824,103.3000030517578,103.36000061035156,102.83999633789062,103.22000122070312,27800
2007-06-25,31.613826751708984,102.6999969482422,103.33999633789062,102.6500015258789,103.3000030517578,29000
2007-06-26,31.706195831298828,103.0,103.19000244140624,102.6999969482422,102.94000244140624,43600
2007-06-27,31.59535217285156,102.63999938964844,102.8000030517578,102.4800033569336,102.79000091552734,6800
2007-06-28,31.42915916442871,102.0999984741211,102.63999938964844,101.93000030517578,102.5500030517578,9500
2007-06-29,31.339866638183594,101.80999755859376,102.5,101.80999755859376,102.0999984741211,14600
2007-07-02,31.585453033447266,102.0,102.2699966430664,101.4000015258789,101.6999969482422,19600
2007-07-03,31.526588439941406,101.80999755859376,101.9000015258789,101.5999984741211,101.9000015258789,11700
2007-07-05,31.41202163696289,101.44000244140624,101.86000061035156,100.9800033569336,101.8499984741211,14600
2007-07-06,31.446083068847656,101.5500030517578,101.79000091552734,101.11000061035156,101.43000030517578,8200
2007-07-09,31.54210090637207,101.86000061035156,101.9800033569336,101.38999938964844,101.43000030517578,8400
2007-07-10,31.458486557006836,101.58999633789062,101.75,101.0,101.4800033569336,19700
2007-07-11,31.223129272460938,100.83000183105467,101.62999725341795,100.55999755859376,101.62000274658205,17200
2007-07-12,31.316049575805664,101.12999725341795,101.12999725341795,100.70999908447266,101.0,8300
2007-07-13,31.446083068847656,101.5500030517578,101.55999755859376,101.0,101.3000030517578,5200
2007-07-16,31.458486557006836,101.58999633789062,101.80999755859376,101.26000213623048,101.37000274658205,17100
2007-07-17,31.495634078979492,101.70999908447266,101.70999908447266,101.22000122070312,101.6999969482422,10600
2007-07-18,31.260311126708984,100.9499969482422,101.66999816894533,100.8000030517578,101.66999816894533,15600
2007-07-19,31.294349670410156,101.05999755859376,101.05999755859376,101.02999877929688,101.02999877929688,6400
2007-07-20,31.21385955810547,100.8000030517578,101.31999969482422,100.58999633789062,100.9800033569336,18600
2007-07-23,31.145687103271484,100.58000183105467,100.70999908447266,100.5,100.6999969482422,9000
2007-07-24,30.966127395629883,100.0,100.51000213623048,99.86000061035156,100.5,44900
2007-07-25,30.671937942504883,99.0500030517578,99.9000015258789,98.68000030517578,99.9000015258789,28100
2007-07-26,30.238401412963867,97.6500015258789,99.5,96.38999938964844,98.5,43200
2007-07-27,29.733657836914062,96.0199966430664,97.0,95.48999786376952,97.0,44600
2007-07-30,30.021656036376953,96.9499969482422,97.0199966430664,96.3499984741211,96.98999786376952,24600
2007-07-31,30.12384033203125,97.27999877929688,98.1999969482422,97.0,97.0,34000
2007-08-01,30.061500549316406,96.4499969482422,96.83999633789062,95.26000213623048,96.83999633789062,33500
2007-08-02,30.232934951782227,97.0,97.33000183105467,96.98999786376952,96.98999786376952,28800
2007-08-03,30.232934951782227,97.0,97.3499984741211,96.37999725341795,97.3499984741211,20100
2007-08-06,30.167463302612305,96.79000091552734,98.75,96.0500030517578,98.75,30400
2007-08-07,30.38252639770508,97.4800033569336,99.25,96.8000030517578,99.25,68800
2007-08-08,30.740968704223633,98.62999725341795,100.5,98.0,99.0,30300
2007-08-09,30.70978355407715,98.52999877929688,98.91999816894533,98.01000213623048,98.62000274658205,12800
2007-08-10,30.647464752197266,98.33000183105467,98.37000274658205,97.75,98.1999969482422,18800
2007-08-13,30.871875762939453,99.0500030517578,99.0500030517578,98.4000015258789,99.0199966430664,21300
2007-08-14,30.63188362121582,98.27999877929688,99.31999969482422,98.16999816894533,99.31999969482422,12400
2007-08-15,30.80329704284668,98.83000183105467,99.04000091552734,98.27999877929688,98.3499984741211,9100
2007-08-16,30.762771606445312,98.6999969482422,100.0,97.9800033569336,100.0,15300
2007-08-17,31.074459075927734,99.6999969482422,100.0,98.5999984741211,99.0,30000
2007-08-20,30.77836036682129,98.75,100.0,98.75,100.0,49300
2007-08-21,30.61941146850586,98.23999786376952,99.8499984741211,98.05999755859376,99.25,33700
2007-08-22,30.85630226135254,99.0,99.1999969482422,98.0999984741211,98.5999984741211,52700
2007-08-23,31.043317794799805,99.5999984741211,99.8000030517578,99.0,99.16999816894533,59400
2007-08-24,31.1212158203125,99.8499984741211,99.8499984741211,99.16000366210938,99.6999969482422,11600
2007-08-27,31.323789596557617,100.5,100.5,99.9000015258789,100.0,11800
2007-08-28,31.214702606201172,100.1500015258789,100.9000015258789,100.0,100.5,55800
2007-08-29,31.339391708374023,100.5500030517578,100.9000015258789,99.66999816894533,100.0,18300
2007-08-30,31.40485382080078,100.76000213623048,101.04000091552734,100.22000122070312,100.73999786376952,42900
2007-08-31,31.688491821289062,101.66999816894533,101.68000030517578,101.01000213623048,101.4800033569336,11300
2007-09-04,31.90892791748047,101.75,101.97000122070312,101.0,101.97000122070312,13500
2007-09-05,31.921470642089844,101.79000091552734,101.87999725341795,101.2300033569336,101.6500015258789,14400
2007-09-06,31.90264892578125,101.7300033569336,101.73999786376952,101.48999786376952,101.48999786376952,16400
2007-09-07,31.538877487182617,100.56999969482422,101.9000015258789,100.4499969482422,101.9000015258789,50700
2007-09-10,31.673725128173828,101.0,101.5,100.61000061035156,101.5,10000
2007-09-11,31.934009552001953,101.83000183105467,102.0,101.0,101.4800033569336,24100
2007-09-12,32.07830810546875,102.29000091552734,102.5,101.37999725341795,102.0,32000
2007-09-13,31.96537399291992,101.93000030517578,102.25,101.22000122070312,102.25,10900
2007-09-14,32.266441345214844,102.88999938964844,102.94000244140624,101.22000122070312,101.9499969482422,33900
2007-09-17,32.413822174072266,103.36000061035156,103.5,102.36000061035156,103.0,20100
2007-09-18,32.645912170410156,104.0999984741211,104.36000061035156,102.9800033569336,103.75,31400
2007-09-19,33.26995086669922,106.08999633789062,106.0999984741211,104.1999969482422,104.25,85900
2007-09-20,32.4546012878418,103.48999786376952,106.04000091552734,103.0,106.04000091552734,410400
2007-09-21,32.536128997802734,103.75,105.4000015258789,102.0999984741211,104.98999786376952,105100
2007-09-24,32.75567626953125,104.4499969482422,104.4499969482422,102.6500015258789,102.68000030517578,45500
2007-09-25,32.83403778076172,104.6999969482422,104.6999969482422,103.0,103.0,167500
2007-09-26,32.714881896972656,104.31999969482422,104.6999969482422,104.12999725341795,104.6999969482422,25300
2007-09-27,32.61452102661133,104.0,104.5500030517578,101.16000366210938,104.5,49200
2007-09-28,32.61452102661133,104.0,104.4800033569336,103.5999984741211,104.47000122070312,46700
2007-10-01,32.73918151855469,103.75,104.5,103.33000183105467,104.47000122070312,50300
2007-10-02,32.80231857299805,103.9499969482422,103.98999786376952,102.52999877929688,102.52999877929688,72100
2007-10-03,32.62873840332031,103.4000015258789,104.47000122070312,103.31999969482422,104.0,35300
2007-10-04,32.76756286621094,103.83999633789062,103.9499969482422,103.29000091552734,103.8000030517578,17600
2007-10-05,32.786502838134766,103.9000015258789,104.0,103.5199966430664,103.97000122070312,22900
2007-10-08,32.89692687988281,104.25,104.38999938964844,103.86000061035156,104.22000122070312,18600
2007-10-09,32.92219543457031,104.33000183105467,104.33999633789062,104.0,104.31999969482422,14600
2007-10-10,32.893802642822266,104.23999786376952,104.4800033569336,104.1500015258789,104.4800033569336,21200
2007-10-11,32.94113540649414,104.38999938964844,104.5,104.0,104.48999786376952,22300
2007-10-12,32.97584533691406,104.5,104.5999984741211,104.41999816894533,104.41999816894533,73700
2007-10-15,33.133609771728516,105.0,105.1999969482422,104.5,105.1999969482422,24600
2007-10-16,33.00740051269531,104.5999984741211,104.68000030517578,104.0999984741211,104.5,60600
2007-10-17,32.600303649902344,103.30999755859376,104.6500015258789,103.30999755859376,104.02999877929688,15200
2007-10-18,32.58457946777344,103.26000213623048,104.25,103.25,104.2300033569336,13200
2007-10-19,32.43938446044922,102.8000030517578,103.94000244140624,102.0,103.25,40200
2007-10-22,32.13962936401367,101.8499984741211,102.8000030517578,101.8499984741211,102.8000030517578,64600
2007-10-23,32.4078369140625,102.6999969482422,102.6999969482422,101.9499969482422,102.19000244140624,27000
2007-10-24,32.4078369140625,102.6999969482422,102.75,102.3000030517578,102.5999984741211,22200
2007-10-25,32.455162048339844,102.8499984741211,102.98999786376952,102.63999938964844,102.98999786376952,16600
2007-10-26,32.53089141845703,103.08999633789062,103.08999633789062,102.5999984741211,102.6999969482422,10800
2007-10-29,32.62873840332031,103.4000015258789,103.5,103.05999755859376,103.48999786376952,19900
2007-10-30,32.56562805175781,103.1999969482422,103.3000030517578,102.6999969482422,103.3000030517578,10500
2007-10-31,32.77073669433594,103.8499984741211,104.0,103.04000091552734,103.61000061035156,12000
2007-11-01,32.557926177978516,102.5,102.9000015258789,102.0,102.70999908447266,29400
2007-11-02,32.478519439697266,102.25,102.5,101.91999816894533,102.48999786376952,32300
2007-11-05,32.46263122558594,102.1999969482422,106.0,101.5,106.0,13800
2007-11-06,32.6309700012207,102.7300033569336,103.1500015258789,102.1999969482422,102.1999969482422,34900
2007-11-07,32.58966827392578,102.5999984741211,103.0999984741211,101.81999969482422,101.81999969482422,11900
2007-11-08,32.17673110961914,101.3000030517578,102.8499984741211,100.41000366210938,102.8499984741211,121000
2007-11-09,32.3196907043457,101.75,101.75,100.51000213623048,101.56999969482422,38400
2007-11-12,32.44673538208008,102.1500015258789,103.0199966430664,101.9000015258789,103.0199966430664,41400
2007-11-13,32.3196907043457,101.75,102.9499969482422,101.55999755859376,102.9499969482422,15300
2007-11-14,32.39912033081055,102.0,102.75,101.6999969482422,102.75,7800
2007-11-15,32.38956832885742,101.97000122070312,102.33999633789062,101.68000030517578,101.98999786376952,15500
2007-11-16,32.39912033081055,102.0,103.0,101.52999877929688,103.0,18400
2007-11-19,32.39912033081055,102.0,102.6999969482422,101.77999877929688,102.6999969482422,16700
2007-11-20,32.08146667480469,101.0,102.38999938964844,100.41000366210938,101.75,26500
2007-11-21,31.477970123291016,99.0999984741211,100.6999969482422,97.0,100.6999969482422,139600
2007-11-23,31.41761016845703,98.91000366210938,100.5,98.91000366210938,99.1999969482422,3100
2007-11-26,31.763816833496097,100.0,101.0,98.0,98.0,69500
2007-11-27,31.811473846435547,100.1500015258789,101.4800033569336,99.5,100.5,25700
2007-11-28,32.113224029541016,101.0999984741211,101.1999969482422,99.58000183105467,99.58000183105467,11700
2007-11-29,32.272071838378906,101.5999984741211,101.75,100.0999984741211,101.75,20200
2007-11-30,32.40226364135742,102.01000213623048,102.5,101.51000213623048,102.0,34900
2007-12-03,32.72896194458008,102.38999938964844,103.0,101.0999984741211,103.0,31400
2007-12-04,32.60431671142578,102.0,103.0,102.0,103.0,16300
2007-12-05,32.22071838378906,100.8000030517578,102.5,100.26000213623048,101.68000030517578,270600
2007-12-06,32.50840759277344,101.6999969482422,101.75,100.0,101.61000061035156,33200
2007-12-07,32.49242401123047,101.6500015258789,102.48999786376952,100.5999984741211,100.5999984741211,27100
2007-12-10,32.444461822509766,101.5,101.63999938964844,100.7300033569336,100.7300033569336,23500
2007-12-11,32.412513732910156,101.4000015258789,102.4800033569336,100.8499984741211,102.16999816894533,30300
2007-12-12,32.58830261230469,101.9499969482422,103.75,101.5,102.5,29400
2007-12-13,32.57234573364258,101.9000015258789,102.27999877929688,101.2300033569336,101.75,44500
2007-12-14,32.620243072509766,102.0500030517578,102.5,101.19000244140624,102.5,15600
2007-12-17,32.444461822509766,101.5,102.5,101.12000274658205,102.5,18900
2007-12-18,32.47645950317383,101.5999984741211,102.0,101.41000366210938,101.41000366210938,53200
2007-12-19,32.63628387451172,102.0999984741211,102.0999984741211,101.11000061035156,101.11000061035156,24000
2007-12-20,32.56592559814453,101.87999725341795,101.9499969482422,101.4000015258789,101.4000015258789,31300
2007-12-21,32.6682243347168,102.1999969482422,102.4800033569336,101.38999938964844,102.4800033569336,37600
2007-12-24,32.55315399169922,101.83999633789062,102.26000213623048,101.1999969482422,102.0199966430664,66800
2007-12-26,32.4093132019043,101.38999938964844,101.6999969482422,101.1999969482422,101.52999877929688,48400
2007-12-27,32.6230583190918,101.48999786376952,101.5999984741211,101.18000030517578,101.18000030517578,22900
2007-12-28,32.30485153198242,100.5,101.62000274658205,100.25,101.4000015258789,88500
2007-12-31,32.375572204589844,100.72000122070312,100.73999786376952,99.87000274658205,100.20999908447266,38800
2008-01-02,31.983379364013672,99.5,100.9000015258789,99.3000030517578,99.55999755859376,61800
2008-01-03,31.922306060791016,99.30999755859376,99.9499969482422,99.26000213623048,99.5999984741211,64800
2008-01-04,31.886947631835938,99.1999969482422,100.0500030517578,98.83999633789062,100.01000213623048,48600
2008-01-07,31.69731330871582,98.61000061035156,99.48999786376952,98.3000030517578,99.48999786376952,177200
2008-01-08,31.514089584350582,98.04000091552734,99.48999786376952,98.0,99.48999786376952,42100
2008-01-09,31.170177459716797,96.97000122070312,98.48999786376952,96.93000030517578,98.48999786376952,51600
2008-01-10,31.40159034729004,97.69000244140624,98.16999816894533,96.9499969482422,97.16999816894533,154800
2008-01-11,31.469099044799805,97.9000015258789,98.5,97.30999755859376,97.83999633789062,71700
2008-01-14,31.359806060791016,97.55999755859376,98.06999969482422,97.37999725341795,97.63999938964844,20600
2008-01-15,31.440166473388672,97.80999755859376,97.9499969482422,97.5999984741211,97.9499969482422,20000
2008-01-16,31.404783248901367,97.6999969482422,97.9000015258789,97.41000366210938,97.83999633789062,20700
2008-01-17,31.183008193969727,97.01000213623048,97.5,97.01000213623048,97.5,31600
2008-01-18,31.42732048034668,97.7699966430664,98.9499969482422,97.02999877929688,97.47000122070312,84500
2008-01-22,31.20871353149414,97.08999633789062,97.86000061035156,93.3000030517578,96.6999969482422,192400
2008-01-23,31.269804000854492,97.27999877929688,97.58999633789062,95.0199966430664,96.83999633789062,59600
2008-01-24,31.66193389892578,98.5,98.5,96.87999725341795,97.26000213623048,62700
2008-01-25,31.71015739440918,98.6500015258789,99.5,97.05999755859376,98.11000061035156,43700
2008-01-28,31.565519332885746,98.1999969482422,98.5,97.5,98.5,44800
2008-01-29,31.597671508789062,98.3000030517578,98.3499984741211,97.77999877929688,97.77999877929688,39200
2008-01-30,31.71980857849121,98.68000030517578,98.73999786376952,97.93000030517578,98.41999816894533,27400
2008-01-31,31.784101486206055,98.87999725341795,98.87999725341795,97.75,98.13999938964844,76500
2008-02-01,31.801591873168945,98.2699966430664,98.5,97.0,98.44000244140624,83100
2008-02-04,31.80805206298828,98.29000091552734,98.37999725341795,97.25,97.25,44900
2008-02-05,31.552412033081055,97.5,97.79000091552734,97.0,97.79000091552734,66300
2008-02-06,31.48766708374023,97.3000030517578,97.70999908447266,97.18000030517578,97.68000030517578,101100
2008-02-07,31.355018615722656,96.88999938964844,97.3000030517578,96.0,96.9000015258789,58100
2008-02-08,31.118743896484375,96.16000366210938,96.5,96.0,96.5,80400
2008-02-11,30.872800827026367,95.4000015258789,96.20999908447266,95.26000213623048,95.26000213623048,74500
2008-02-12,30.98932456970215,95.76000213623048,96.29000091552734,95.25,95.25,85200
2008-02-13,30.908401489257812,95.51000213623048,96.05999755859376,95.51000213623048,95.98999786376952,60700
2008-02-14,31.060489654541016,95.9800033569336,96.56999969482422,95.4499969482422,96.56999969482422,48800
2008-02-15,30.98283576965332,95.73999786376952,95.75,95.3499984741211,95.75,49700
2008-02-19,30.82427406311035,95.25,96.0,95.0,95.75,102900
2008-02-20,30.905170440673828,95.5,95.83999633789062,95.02999877929688,95.83999633789062,65800
2008-02-21,31.011972427368164,95.83000183105467,96.0,95.5,95.9000015258789,55800
2008-02-22,31.066987991333008,96.0,96.08000183105467,95.6500015258789,95.94000244140624,48200
2008-02-25,31.16083717346191,96.29000091552734,96.43000030517578,95.70999908447266,95.8000030517578,81000
2008-02-26,31.36146545410156,96.91000366210938,96.9499969482422,96.1999969482422,96.3000030517578,80200
2008-02-27,31.355018615722656,96.88999938964844,96.9800033569336,96.48999786376952,96.97000122070312,75900
2008-02-28,31.309703826904297,96.75,96.93000030517578,95.69000244140624,96.5,61300
2008-02-29,31.18997383117676,96.37999725341795,96.45999908447266,95.69000244140624,96.37999725341795,72900
2008-03-03,31.198429107666016,95.79000091552734,96.19000244140624,95.5,96.19000244140624,53500
2008-03-04,31.162601470947266,95.68000030517578,95.9499969482422,95.51000213623048,95.8000030517578,29900
2008-03-05,31.250532150268555,95.9499969482422,96.0,95.5,95.5,73300
2008-03-06,31.169078826904297,95.6999969482422,95.94000244140624,95.5,95.94000244140624,21000
2008-03-07,31.10396194458008,95.5,95.5,95.2300033569336,95.2300033569336,44200
2008-03-10,31.032285690307617,95.27999877929688,95.5500030517578,95.25,95.45999908447266,26800
2008-03-11,31.110471725463867,95.5199966430664,95.6999969482422,95.0500030517578,95.13999938964844,36200
2008-03-12,31.10396194458008,95.5,95.51000213623048,95.25,95.26000213623048,53200
2008-03-13,30.885753631591797,94.83000183105467,95.22000122070312,93.8000030517578,95.22000122070312,80100
2008-03-14,30.700103759765625,94.26000213623048,95.0,94.0500030517578,94.83000183105467,37300
2008-03-17,30.556798934936523,93.81999969482422,94.02999877929688,93.3000030517578,94.02999877929688,55100
2008-03-18,31.00623893737793,95.1999969482422,96.98999786376952,94.29000091552734,94.45999908447266,46700
2008-03-19,31.038841247558594,95.3000030517578,95.58000183105467,95.0999984741211,95.45999908447266,75800
2008-03-20,31.185380935668945,95.75,95.75,95.1999969482422,95.26000213623048,55600
2008-03-24,31.42313003540039,96.4800033569336,96.5999984741211,95.79000091552734,95.98999786376952,104900
2008-03-25,31.504554748535156,96.7300033569336,96.75,96.22000122070312,96.5,90200
2008-03-26,31.429641723632812,96.5,96.7699966430664,96.4000015258789,96.5999984741211,149700
2008-03-27,31.328697204589844,96.19000244140624,96.5999984741211,96.11000061035156,96.5999984741211,97800
2008-03-28,31.344974517822266,96.23999786376952,96.23999786376952,96.01000213623048,96.1999969482422,46400
2008-03-31,31.48501968383789,96.66999816894533,96.6999969482422,95.62999725341795,96.0199966430664,246500
2008-04-01,31.623414993286133,96.4499969482422,96.45999908447266,95.87999725341795,95.87999725341795,988000
2008-04-02,31.6397647857666,96.5,96.6500015258789,96.25,96.41999816894533,92200
2008-04-03,31.584047317504883,96.33000183105467,96.66000366210938,95.5999984741211,96.66000366210938,98300
2008-04-04,31.70535659790039,96.6999969482422,98.2300033569336,96.20999908447266,96.5,142200
2008-04-07,31.957807540893555,97.47000122070312,97.52999877929688,96.6999969482422,96.8000030517578,117300
2008-04-08,32.06602096557617,97.8000030517578,97.8000030517578,96.9000015258789,97.1500015258789,85300
2008-04-09,31.787336349487305,96.9499969482422,97.1999969482422,96.77999877929688,97.0,79400
2008-04-10,31.902070999145508,97.3000030517578,98.51000213623048,96.83999633789062,96.91000366210938,176900
2008-04-11,31.646331787109375,96.5199966430664,97.12999725341795,96.5,97.0999984741211,59600
2008-04-14,31.757837295532227,96.86000061035156,96.9000015258789,96.5199966430664,96.79000091552734,54700
2008-04-15,31.75455665588379,96.8499984741211,97.1999969482422,96.63999938964844,96.79000091552734,59400
2008-04-16,31.892263412475582,97.2699966430664,97.41999816894533,96.83999633789062,97.18000030517578,84700
2008-04-17,31.925048828125,97.37000274658205,97.37000274658205,97.0999984741211,97.37000274658205,61900
2008-04-18,32.14143753051758,98.02999877929688,98.0500030517578,97.33000183105467,97.81999969482422,123700
2008-04-21,32.08897399902344,97.87000274658205,97.9800033569336,97.76000213623048,97.9800033569336,70500
2008-04-22,32.131587982177734,98.0,98.31999969482422,97.52999877929688,98.13999938964844,77600
2008-04-23,32.26274108886719,98.4000015258789,98.69000244140624,97.77999877929688,98.4000015258789,103800
2008-04-24,32.27256393432617,98.43000030517578,98.5500030517578,97.9000015258789,98.5500030517578,114400
2008-04-25,32.42666244506836,98.9000015258789,98.9000015258789,98.5999984741211,98.77999877929688,87600
2008-04-28,32.61682891845703,99.4800033569336,99.5,98.48999786376952,99.16999816894533,595700
2008-04-29,32.521759033203125,99.19000244140624,99.47000122070312,98.91000366210938,99.47000122070312,144500
2008-04-30,32.55455780029297,99.29000091552734,99.95999908447266,98.5,99.20999908447266,113400
2008-05-01,33.24638748168945,100.81999969482422,100.81999969482422,99.1999969482422,99.1999969482422,428500
2008-05-02,32.91004180908203,99.8000030517578,100.38999938964844,99.61000061035156,100.31999969482422,133900
2008-05-05,32.857276916503906,99.63999938964844,99.6999969482422,99.51000213623048,99.51000213623048,121900
2008-05-06,32.62313461303711,98.93000030517578,99.27999877929688,98.68000030517578,99.27999877929688,121400
2008-05-07,32.64623260498047,99.0,99.2300033569336,98.62000274658205,99.22000122070312,65700
2008-05-08,32.57697677612305,98.79000091552734,99.19000244140624,98.75,99.16999816894533,59700
2008-05-09,32.64623260498047,99.0,99.0,98.48999786376952,98.87000274658205,73100
2008-05-12,32.603397369384766,98.87000274658205,98.93000030517578,98.5,98.91999816894533,91900
2008-05-13,32.59344482421875,98.83999633789062,99.04000091552734,98.70999908447266,98.9800033569336,59500
2008-05-14,32.547298431396484,98.6999969482422,99.13999938964844,98.0999984741211,98.94000244140624,153100
2008-05-15,32.63302993774414,98.95999908447266,99.25,98.25,99.16000366210938,146600
2008-05-16,32.67919158935547,99.0999984741211,99.13999938964844,98.5999984741211,98.72000122070312,79300
2008-05-19,32.80780029296875,99.48999786376952,99.58000183105467,99.1999969482422,99.3499984741211,58900
2008-05-20,32.74516677856445,99.3000030517578,99.5,99.06999969482422,99.5,49300
2008-05-21,32.68581008911133,99.12000274658205,99.3499984741211,99.0199966430664,99.3499984741211,97300
2008-05-22,32.63632583618164,98.97000122070312,99.23999786376952,98.7300033569336,99.0,51700
2008-05-23,32.4417724609375,98.37999725341795,98.80999755859376,97.6999969482422,98.6999969482422,401400
2008-05-27,32.26039505004883,97.83000183105467,98.36000061035156,97.54000091552734,98.36000061035156,65800
2008-05-28,32.4186897277832,98.30999755859376,98.33999633789062,97.5999984741211,97.5999984741211,73700
2008-05-29,32.385746002197266,98.20999908447266,98.4000015258789,98.0,98.25,76300
2008-05-30,32.38900375366211,98.22000122070312,98.2300033569336,98.06999969482422,98.2300033569336,53600
2008-06-02,32.12149429321289,96.77999877929688,97.66999816894533,95.81999969482422,97.58999633789062,374500
2008-06-03,32.14473342895508,96.8499984741211,97.3000030517578,96.3000030517578,97.3000030517578,80200
2008-06-04,32.111549377441406,96.75,96.93000030517578,96.4499969482422,96.93000030517578,46100
2008-06-05,32.25093078613281,97.16999816894533,97.1999969482422,96.87999725341795,97.0,49200
2008-06-06,32.16132736206055,96.9000015258789,97.37999725341795,96.77999877929688,96.97000122070312,43100
2008-06-09,32.26420974731445,97.20999908447266,97.37000274658205,96.61000061035156,97.2699966430664,47100
2008-06-10,32.277503967285156,97.25,97.26000213623048,96.86000061035156,97.0,52400
2008-06-11,32.27083969116211,97.2300033569336,97.9800033569336,97.0,97.5,66500
2008-06-12,32.21775817871094,97.06999969482422,97.3499984741211,96.70999908447266,96.93000030517578,41200
2008-06-13,32.36048126220703,97.5,97.5,96.3499984741211,97.0999984741211,58900
2008-06-16,31.912384033203125,96.1500015258789,97.06999969482422,96.11000061035156,96.5999984741211,61200
2008-06-17,31.96880531311035,96.31999969482422,96.8000030517578,95.97000122070312,96.02999877929688,87300
2008-06-18,32.03852081298828,96.52999877929688,96.8499984741211,96.0500030517578,96.3000030517578,67200
2008-06-19,31.836040496826172,95.91999816894533,96.22000122070312,95.6500015258789,96.22000122070312,86600
2008-06-20,31.709964752197266,95.54000091552734,95.87999725341795,95.25,95.8000030517578,40500
2008-06-23,31.593774795532227,95.19000244140624,95.63999938964844,95.08999633789062,95.58999633789062,37800
2008-06-24,31.46101951599121,94.79000091552734,95.62999725341795,94.48999786376952,95.0999984741211,176700
2008-06-25,31.56722640991211,95.11000061035156,95.13999938964844,94.5,94.63999938964844,92900
2008-06-26,31.31830596923828,94.36000061035156,94.5999984741211,93.8000030517578,94.18000030517578,96000
2008-06-27,31.231990814208984,94.0999984741211,94.1999969482422,93.58999633789062,94.0199966430664,58300
2008-06-30,31.198795318603516,94.0,94.0999984741211,93.54000091552734,93.9000015258789,84900
2008-07-01,31.165735244750977,93.25,94.0,92.3499984741211,92.43000030517578,957200
2008-07-02,31.142330169677734,93.18000030517578,93.5,92.56999969482422,93.0199966430664,81800
2008-07-03,31.128950119018555,93.13999938964844,93.58000183105467,92.98999786376952,93.37000274658205,41700
2008-07-07,31.15568733215332,93.22000122070312,93.56999969482422,92.70999908447266,93.56999969482422,102500
2008-07-08,31.072153091430664,92.97000122070312,93.20999908447266,92.66000366210938,93.1500015258789,170000
2008-07-09,30.9652099609375,92.6500015258789,93.1999969482422,92.5500030517578,92.8000030517578,79000
2008-07-10,31.005321502685547,92.7699966430664,93.08999633789062,92.33999633789062,92.41999816894533,99100
2008-07-11,30.9652099609375,92.6500015258789,92.80999755859376,92.2300033569336,92.30999755859376,310000
2008-07-14,30.89164924621582,92.43000030517578,93.16000366210938,91.9000015258789,93.16000366210938,41200
2008-07-15,30.413738250732425,91.0,91.8000030517578,90.7300033569336,91.70999908447266,149100
2008-07-16,30.51399803161621,91.3000030517578,91.56999969482422,91.0,91.1999969482422,25300
2008-07-17,30.604263305664062,91.56999969482422,92.5500030517578,91.45999908447266,91.6999969482422,41900
2008-07-18,31.09553337097168,93.04000091552734,93.04000091552734,91.7699966430664,92.08999633789062,48800
2008-07-21,31.249279022216797,93.5,93.69000244140624,93.0,93.5199966430664,49500
2008-07-22,31.356250762939453,93.81999969482422,93.88999938964844,93.12000274658205,93.3000030517578,103000
2008-07-23,31.27265739440918,93.56999969482422,93.93000030517578,93.5500030517578,93.6500015258789,193500
2008-07-24,31.346210479736328,93.79000091552734,94.23999786376952,93.26000213623048,93.80999755859376,64100
2008-07-25,31.413055419921875,93.98999786376952,94.52999877929688,93.6999969482422,93.75,188000
2008-07-28,31.306081771850582,93.66999816894533,93.7300033569336,93.3000030517578,93.44000244140624,75200
2008-07-29,31.312789916992188,93.69000244140624,93.83000183105467,93.1999969482422,93.55999755859376,65900
2008-07-30,31.319448471069336,93.70999908447266,93.73999786376952,93.0,93.3499984741211,103900
2008-07-31,31.382936477661133,93.9000015258789,93.9000015258789,93.0,93.37000274658205,82000
2008-08-01,31.242610931396484,92.81999969482422,93.06999969482422,92.4000015258789,92.6999969482422,25200
2008-08-04,31.027185440063477,92.18000030517578,92.4800033569336,92.04000091552734,92.37999725341795,75800
2008-08-05,31.24595832824707,92.83000183105467,93.6999969482422,92.0199966430664,92.33000183105467,70600
2008-08-06,31.037248611450195,92.20999908447266,92.3499984741211,92.0,92.26000213623048,44200
2008-08-07,31.00023078918457,92.0999984741211,92.26000213623048,92.0,92.16999816894533,42700
2008-08-08,31.05410385131836,92.26000213623048,92.27999877929688,91.97000122070312,92.06999969482422,62300
2008-08-11,30.966596603393555,92.0,92.1500015258789,91.36000061035156,91.8499984741211,49800
2008-08-12,31.08777236938477,92.36000061035156,92.47000122070312,91.9000015258789,92.18000030517578,95000
2008-08-13,31.134878158569336,92.5,92.5,92.0,92.3000030517578,47200
2008-08-14,31.134878158569336,92.5,92.5,92.16000366210938,92.4000015258789,58400
2008-08-15,31.205591201782227,92.70999908447266,92.73999786376952,92.41999816894533,92.44000244140624,39900
2008-08-18,31.134878158569336,92.5,92.98999786376952,92.0199966430664,92.75,91100
2008-08-19,31.195480346679688,92.68000030517578,92.75,92.25,92.6500015258789,101400
2008-08-20,31.188749313354492,92.66000366210938,92.81999969482422,92.33000183105467,92.68000030517578,30700
2008-08-21,31.144983291625977,92.52999877929688,92.5999984741211,92.25,92.37000274658205,103100
2008-08-22,30.966596603393555,92.0,92.75,92.0,92.4499969482422,58300
2008-08-25,31.134878158569336,92.5,92.5199966430664,92.11000061035156,92.11000061035156,60600
2008-08-26,30.966596603393555,92.0,92.55999755859376,91.9000015258789,92.55999755859376,259900
2008-08-27,31.00023078918457,92.0999984741211,92.37999725341795,91.83000183105467,92.37999725341795,68400
2008-08-28,31.044025421142575,92.2300033569336,92.41999816894533,92.0199966430664,92.37999725341795,74100
2008-08-29,31.101232528686523,92.4000015258789,92.58999633789062,92.0,92.4499969482422,59500
2008-09-02,31.108013153076172,91.8000030517578,92.52999877929688,91.62000274658205,92.23999786376952,57200
2008-09-03,31.209653854370117,92.0999984741211,92.0999984741211,91.83000183105467,92.0,50200
2008-09-04,31.3452091217041,92.5,92.5,92.30999755859376,92.5,46700
2008-09-05,31.318098068237305,92.41999816894533,92.43000030517578,91.5199966430664,92.26000213623048,62400
2008-09-08,31.280847549438477,92.30999755859376,93.13999938964844,92.1500015258789,93.13999938964844,59300
2008-09-09,31.34861946105957,92.51000213623048,92.91000366210938,92.1999969482422,92.56999969482422,168700
2008-09-10,31.175796508789062,92.0,92.4800033569336,92.0,92.4800033569336,61200
2008-09-11,31.175796508789062,92.0,92.33999633789062,91.66000366210938,92.16999816894533,101600
2008-09-12,31.175796508789062,92.0,92.02999877929688,91.4800033569336,91.87999725341795,121100
2008-09-15,30.030441284179688,88.62000274658203,91.87999725341795,88.0,91.87999725341795,377800
2008-09-16,29.339139938354492,86.58000183105469,87.41000366210938,82.23999786376953,87.04000091552734,283800
2008-09-17,27.57701301574707,81.37999725341797,86.4000015258789,79.25,86.16999816894531,283100
2008-09-18,29.752544403076172,87.80000305175781,88.19999694824219,81.41000366210938,82.98999786376953,226400
2008-09-19,30.132076263427734,88.91999816894531,92.0500030517578,88.0999984741211,89.0,77800
2008-09-22,30.10494804382324,88.83999633789062,90.1999969482422,88.5999984741211,89.0999984741211,34600
2008-09-23,29.81014633178711,87.97000122070312,89.75,87.0,89.56999969482422,64200
2008-09-24,30.077852249145508,88.76000213623047,89.69000244140625,88.05000305175781,88.05000305175781,57700
2008-09-25,29.312009811401367,86.5,88.8499984741211,86.5,88.8499984741211,73600
2008-09-26,29.210357666015625,86.19999694824219,86.94000244140625,84.93000030517578,85.4800033569336,50900
2008-09-29,26.84504508972168,79.22000122070312,86.2300033569336,76.0,86.2300033569336,174700
2008-09-30,27.787099838256836,82.0,82.63999938964844,80.5999984741211,82.51000213623047,113200
2008-10-01,28.996864318847656,84.8499984741211,85.19999694824219,82.0,82.33000183105469,991400
2008-10-02,28.241626739501953,82.63999938964844,84.87000274658203,81.01000213623047,84.87000274658203,230900
2008-10-03,28.13910484313965,82.33999633789062,83.76000213623047,81.75,83.2300033569336,51400
2008-10-06,27.117307662963867,79.3499984741211,81.75,77.55000305175781,80.5,134200
2008-10-07,26.65935516357422,78.01000213623047,82.66999816894531,77.88999938964844,79.51000213623047,240800
2008-10-08,25.5452880859375,74.75,78.19999694824219,74.22000122070312,76.62000274658203,157800
2008-10-09,24.950654983520508,73.01000213623047,78.26000213623047,73.01000213623047,75.19999694824219,113800
2008-10-10,23.286352157592773,68.13999938964844,71.37000274658203,63.959999084472656,71.37000274658203,274300
2008-10-13,26.143321990966797,76.5,76.5,70.45999908447266,70.55000305175781,230000
2008-10-14,26.314180374145508,77.0,79.33000183105469,75.5,78.25,372300
2008-10-15,25.165943145751953,73.63999938964844,75.98999786376953,71.87999725341797,75.98999786376953,374900
2008-10-16,24.212472915649418,70.8499984741211,74.33000183105469,70.0,74.31999969482422,167400
2008-10-17,23.922019958496097,70.0,70.83999633789062,69.5,70.51000213623047,120700
2008-10-20,24.400440216064453,71.4000015258789,71.80000305175781,70.0,71.55000305175781,1460200
2008-10-21,24.260330200195312,70.98999786376953,72.88999938964844,70.45999908447266,71.22000122070312,398300
2008-10-22,24.058706283569336,70.4000015258789,71.68000030517578,70.2699966430664,71.68000030517578,113300
2008-10-23,24.46537399291992,71.58999633789062,71.88999938964844,70.0999984741211,70.4000015258789,157700
2008-10-24,23.853649139404297,69.80000305175781,70.80000305175781,69.05999755859375,70.4000015258789,155600
2008-10-27,22.64045524597168,66.25,70.37999725341797,66.25,70.04000091552734,1313600
2008-10-28,22.89676094055176,67.0,68.69999694824219,67.0,67.69000244140625,158600
2008-10-29,23.93907928466797,70.05000305175781,71.0,67.41000366210938,67.41000366210938,318700
2008-10-30,24.595233917236328,71.97000122070312,71.97000122070312,70.5,70.94999694824219,169900
2008-10-31,24.605478286743164,72.0,72.26000213623047,71.58999633789062,71.5999984741211,126500
2008-11-03,24.805620193481445,71.88999938964844,72.26000213623047,71.69999694824219,72.26000213623047,168900
2008-11-04,25.08510971069336,72.69999694824219,72.77999877929688,71.75,72.77999877929688,430300
2008-11-05,24.878084182739254,72.0999984741211,73.22000122070312,72.0,72.77999877929688,392100
2008-11-06,24.878084182739254,72.0999984741211,72.5,71.0,71.01000213623047,198100
2008-11-07,25.136863708496097,72.8499984741211,72.94000244140625,72.0,72.62999725341797,221000
2008-11-10,25.14030647277832,72.86000061035156,73.41999816894531,72.0,73.05000305175781,148600
2008-11-11,25.095447540283203,72.7300033569336,73.58999633789062,72.05000305175781,73.58999633789062,107100
2008-11-12,24.74003219604492,71.69999694824219,72.69000244140625,71.54000091552734,72.69000244140625,129400
2008-11-13,24.60893440246582,71.31999969482422,71.86000061035156,70.66999816894531,71.12000274658203,211900
2008-11-14,24.308744430541992,70.44999694824219,71.37999725341797,70.0,71.37999725341797,115200
2008-11-17,23.93264389038086,69.36000061035156,70.94000244140625,69.11000061035156,70.44999694824219,157200
2008-11-18,23.428874969482425,67.9000015258789,69.44000244140625,67.5999984741211,69.0,174700
2008-11-19,22.628355026245117,65.58000183105469,67.7699966430664,65.05999755859375,67.04000091552734,174100
2008-11-20,21.876142501831055,63.400001525878906,65.33999633789062,62.5,65.0199966430664,606400
2008-11-21,22.093515396118164,64.02999877929688,65.2699966430664,63.209999084472656,64.91999816894531,238500
2008-11-24,22.193593978881836,64.31999969482422,65.69000244140625,64.02999877929688,65.16000366210938,232500
2008-11-25,22.42477035522461,64.98999786376953,65.83999633789062,63.77000045776367,65.83999633789062,313500
2008-11-26,22.945802688598633,66.5,66.54000091552734,65.0999984741211,66.05999755859375,256400
2008-11-28,22.859514236450195,66.25,66.52999877929688,65.37999725341797,65.37999725341797,420700
2008-12-01,22.388059616088867,64.19999694824219,65.66000366210938,63.66999816894531,65.11000061035156,409700
2008-12-02,22.628673553466797,64.88999938964844,65.2699966430664,64.25,65.2699966430664,501700
2008-12-03,22.63217544555664,64.9000015258789,64.93000030517578,64.41000366210938,64.80000305175781,247800
2008-12-04,22.499650955200195,64.5199966430664,65.0,64.16999816894531,64.91000366210938,214200
2008-12-05,22.510101318359375,64.55000305175781,64.55000305175781,63.5,64.12000274658203,485500
2008-12-08,22.771663665771484,65.30000305175781,65.37999725341797,63.79999923706055,64.55000305175781,703700
2008-12-09,22.60077667236328,64.80999755859375,65.33999633789062,64.5,65.20999908447266,631800
2008-12-10,22.583337783813477,64.76000213623047,65.12999725341797,64.0,65.05999755859375,379100
2008-12-11,22.40899085998535,64.26000213623047,65.0,64.26000213623047,64.52999877929688,914500
2008-12-12,22.719362258911133,65.1500015258789,65.30000305175781,64.05000305175781,64.3499984741211,320000
2008-12-15,22.60077667236328,64.80999755859375,65.63999938964844,64.41999816894531,64.41999816894531,611300
2008-12-16,23.019268035888672,66.01000213623047,66.02999877929688,64.5999984741211,66.01000213623047,523700
2008-12-17,23.60858917236328,67.69999694824219,68.0999984741211,65.5999984741211,66.37999725341797,1671500
2008-12-18,24.979076385498047,71.62999725341797,72.45999908447266,68.08999633789062,68.72000122070312,2134800
2008-12-19,24.811674118041992,71.1500015258789,71.25,70.12999725341797,70.98999786376953,1174700
2008-12-22,25.8055477142334,74.0,74.36000061035156,70.80000305175781,71.33999633789062,1764700
2008-12-23,26.18216323852539,75.08000183105469,75.29000091552734,73.80999755859375,74.37999725341797,1220400
2008-12-24,25.77068519592285,73.9000015258789,75.5,73.4800033569336,74.68000030517578,787700
2008-12-26,26.262386322021484,75.30999755859375,75.33999633789062,73.02999877929688,73.98999786376953,1291200
2008-12-29,26.439363479614254,75.29000091552734,75.79000091552734,74.5,75.25,1020000
2008-12-30,26.5201416015625,75.5199966430664,76.16000366210938,74.80999755859375,76.16000366210938,530100
2008-12-31,26.692209243774418,76.01000213623047,76.1500015258789,75.06999969482422,75.54000091552734,707400
2009-01-02,26.607940673828125,75.7699966430664,76.44999694824219,75.58000183105469,75.58000183105469,673600
2009-01-05,27.893211364746097,79.43000030517578,81.87000274658203,75.37000274658203,75.41999816894531,1907500
2009-01-06,28.128494262695312,80.0999984741211,80.61000061035156,79.5199966430664,80.19000244140625,2267000
2009-01-07,27.61928939819336,78.6500015258789,80.36000061035156,77.75,79.94000244140625,1748100
2009-01-08,27.218971252441406,77.51000213623047,78.30999755859375,76.86000061035156,78.30999755859375,972100
2009-01-09,27.61928939819336,78.6500015258789,78.86000061035156,77.55000305175781,78.86000061035156,826600
2009-01-12,27.018775939941406,76.94000244140625,79.0999984741211,76.20999908447266,78.98999786376953,867700
2009-01-13,26.920467376708984,76.66000366210938,77.80999755859375,75.81999969482422,77.80999755859375,613500
2009-01-14,26.576322555541992,75.68000030517578,76.19999694824219,73.68000030517578,75.55000305175781,1006000
2009-01-15,26.470985412597656,75.37999725341797,75.52999877929688,74.5199966430664,75.11000061035156,1122500
2009-01-16,26.6851749420166,75.98999786376953,76.12000274658203,73.79000091552734,75.23999786376953,574800
2009-01-20,26.22869110107422,74.69000244140625,75.52999877929688,74.0199966430664,75.01000213623047,544100
2009-01-21,26.232192993164062,74.69999694824219,75.04000091552734,73.68000030517578,74.81999969482422,534200
2009-01-22,26.161941528320312,74.5,74.87000274658203,73.76000213623047,74.87000274658203,454800
2009-01-23,25.74405860900879,73.30999755859375,74.33000183105469,72.4000015258789,73.81999969482422,1556100
2009-01-26,25.81077766418457,73.5,74.23999786376953,73.06999969482422,73.77999877929688,573600
2009-01-27,26.04958152770996,74.18000030517578,74.44000244140625,73.56999969482422,74.16999816894531,637500
2009-01-28,26.97315788269043,76.80999755859375,76.87000274658203,74.7699966430664,74.94000244140625,1549400
2009-01-29,26.302412033081055,74.9000015258789,76.36000061035156,74.5199966430664,75.94999694824219,685200
2009-01-30,26.42180633544922,75.23999786376953,75.58999633789062,74.61000061035156,75.58999633789062,469800
2009-02-02,25.858875274658203,72.9000015258789,74.20999908447266,72.4000015258789,73.87999725341797,1037900
2009-02-03,25.90498924255371,73.02999877929688,73.51000213623047,72.51000213623047,73.47000122070312,642100
2009-02-04,25.883710861206055,72.97000122070312,73.56999969482422,72.83999633789062,73.4800033569336,891500
2009-02-05,25.670875549316406,72.37000274658203,73.76000213623047,72.02999877929688,73.33000183105469,836600
2009-02-06,26.18877601623535,73.83000183105469,73.83999633789062,72.5999984741211,72.9000015258789,830900
2009-02-09,26.390939712524418,74.4000015258789,74.58999633789062,73.55999755859375,73.69999694824219,831400
2009-02-10,26.21711540222168,73.91000366210938,74.56999969482422,73.5199966430664,74.55000305175781,831000
2009-02-11,26.156835556030273,73.73999786376953,74.33999633789062,73.5999984741211,74.25,592100
2009-02-12,26.075239181518555,73.51000213623047,73.51000213623047,72.83999633789062,73.08999633789062,509200
2009-02-13,26.17812156677246,73.80000305175781,73.80000305175781,73.0999984741211,73.66999816894531,299100
2009-02-17,25.511255264282227,71.91999816894531,73.83999633789062,71.5999984741211,73.77999877929688,1521100
2009-02-18,25.358718872070312,71.48999786376953,72.47000122070312,69.5,72.31999969482422,1414600
2009-02-19,25.486421585083008,71.8499984741211,72.33999633789062,71.5199966430664,71.81999969482422,385300
2009-02-20,25.11397361755371,70.80000305175781,71.16999816894531,69.52999877929688,70.19000244140625,647700
2009-02-23,24.48256492614746,69.0199966430664,71.69000244140625,68.26000213623047,70.81999969482422,884500
2009-02-24,24.8302059173584,70.0,70.5,69.0,69.30999755859375,647300
2009-02-25,24.7095947265625,69.66000366210938,70.16000366210938,69.19999694824219,70.16000366210938,567600
2009-02-26,24.22007751464844,68.27999877929688,69.87000274658203,67.62999725341797,69.75,603200
2009-02-27,23.854719161987305,67.25,68.44999694824219,67.0,68.01000213623047,824700
2009-03-02,23.35957908630371,65.1500015258789,66.80999755859375,64.80000305175781,66.33000183105469,993600
2009-03-03,23.45279312133789,65.41000366210938,66.30000305175781,64.9000015258789,65.70999908447266,752700
2009-03-04,23.449207305908203,65.4000015258789,66.44999694824219,64.80999755859375,65.63999938964844,572900
2009-03-05,22.33768653869629,62.29999923706055,65.4000015258789,62.2400016784668,65.3499984741211,1117900
2009-03-06,22.23012351989746,62.0,63.7400016784668,61.869998931884766,62.70000076293945,1216800
2009-03-09,22.101055145263672,61.63999938964844,62.83000183105469,61.5,62.31999969482422,645100
2009-03-10,23.194644927978516,64.69000244140625,64.91000366210938,62.349998474121094,62.349998474121094,1111400
2009-03-11,23.563936233520508,65.72000122070312,65.94999694824219,64.94000244140625,65.45999908447266,769500
2009-03-12,23.95475196838379,66.80999755859375,66.83999633789062,65.5199966430664,65.75,762800
2009-03-13,24.008548736572266,66.95999908447266,67.11000061035156,66.5,67.0199966430664,632300
2009-03-16,24.144794464111328,67.33999633789062,67.83000183105469,67.05999755859375,67.16999816894531,514600
2009-03-17,24.008548736572266,66.95999908447266,67.4000015258789,66.41999816894531,67.30000305175781,460100
2009-03-18,24.56070899963379,68.5,68.62000274658203,66.58000183105469,66.97000122070312,611000
2009-03-19,24.34558868408203,67.9000015258789,68.62000274658203,67.25,68.45999908447266,711800
2009-03-20,24.29896545410156,67.7699966430664,68.37999725341797,67.52999877929688,67.98999786376953,394900
2009-03-23,24.800945281982425,69.16999816894531,69.19999694824219,67.62999725341797,68.61000061035156,461200
2009-03-24,24.84756088256836,69.30000305175781,69.45999908447266,68.62999725341797,69.06999969482422,425000
2009-03-25,24.9802188873291,69.66999816894531,70.05000305175781,69.38999938964844,69.38999938964844,800700
2009-03-26,25.367441177368164,70.75,70.7699966430664,69.7300033569336,70.11000061035156,660200
2009-03-27,25.109304428100582,70.02999877929688,70.5999984741211,68.91000366210938,70.5999984741211,1157900
2009-03-30,23.933258056640625,66.75,69.6500015258789,66.75,69.6500015258789,1299900
2009-03-31,24.30971908569336,67.80000305175781,68.7699966430664,67.5,68.13999938964844,632700
2009-04-01,24.348182678222656,67.0999984741211,67.93000030517578,66.91000366210938,67.66999816894531,654300
2009-04-02,25.233570098876953,69.54000091552734,69.63999938964844,67.41000366210938,68.04000091552734,1469600
2009-04-03,25.589176177978516,70.5199966430664,70.80000305175781,69.5,69.70999908447266,1355600
2009-04-06,25.50572395324707,70.29000091552734,70.88999938964844,69.44999694824219,70.12000274658203,648200
2009-04-07,25.21179962158203,69.4800033569336,70.08999633789062,69.12000274658203,70.08999633789062,459900
2009-04-08,25.50934600830078,70.30000305175781,70.5999984741211,68.80000305175781,68.80000305175781,721600
2009-04-09,26.23508071899414,72.30000305175781,72.55000305175781,71.0,71.0,1123800
2009-04-13,26.216943740844727,72.25,72.4800033569336,71.0,71.44999694824219,801800
2009-04-14,26.082660675048828,71.87999725341797,72.23999786376953,71.51000213623047,72.23999786376953,617000
2009-04-15,26.30401611328125,72.48999786376953,72.5,71.66999816894531,72.22000122070312,501700
2009-04-16,26.721330642700195,73.63999938964844,74.33000183105469,72.66999816894531,72.70999908447266,1109500
2009-04-17,27.305519104003903,75.25,75.75,73.5,73.88999938964844,683000
2009-04-20,26.30766868591309,72.5,74.94999694824219,72.37999725341797,74.62999725341797,1003100
2009-04-21,26.60520362854004,73.31999969482422,73.80000305175781,71.52999877929688,72.41000366210938,264800
2009-04-22,26.73220443725586,73.66999816894531,74.16000366210938,72.12000274658203,73.02999877929688,715200
2009-04-23,26.70316505432129,73.58999633789062,74.0,73.2699966430664,73.70999908447266,701300
2009-04-24,27.11684226989746,74.7300033569336,74.83999633789062,73.69999694824219,73.98999786376953,522500
2009-04-27,26.902769088745117,74.13999938964844,74.5199966430664,73.80999755859375,74.19999694824219,813400
2009-04-28,26.96082305908203,74.30000305175781,74.86000061035156,73.3499984741211,73.9000015258789,460200
2009-04-29,27.46155548095703,75.68000030517578,75.80000305175781,74.86000061035156,74.98999786376953,1167900
2009-04-30,27.675657272338867,76.2699966430664,76.48999786376953,75.55000305175781,76.31999969482422,919500
2009-05-01,27.632158279418945,75.55999755859375,76.08999633789062,74.61000061035156,75.7699966430664,609400
2009-05-04,27.566312789916992,75.37999725341797,75.94999694824219,75.0,75.88999938964844,1043400
2009-05-05,27.80401611328125,76.02999877929688,76.04000091552734,75.3499984741211,75.4000015258789,799800
2009-05-06,28.03438949584961,76.66000366210938,76.79000091552734,75.55000305175781,76.33000183105469,738600
2009-05-07,27.57361221313477,75.4000015258789,77.66000366210938,74.79000091552734,77.55000305175781,1546800
2009-05-08,28.06731414794922,76.75,77.0999984741211,76.20999908447266,76.43000030517578,1375800
2009-05-11,27.92106056213379,76.3499984741211,76.7699966430664,75.41999816894531,76.56999969482422,531000
2009-05-12,28.030771255493164,76.6500015258789,76.6500015258789,75.69999694824219,76.0,682300
2009-05-13,27.66504669189453,75.6500015258789,76.5199966430664,75.5,76.4800033569336,1118700
2009-05-14,27.372486114501953,74.8499984741211,75.62999725341797,74.38999938964844,75.51000213623047,966300
2009-05-15,26.988500595092773,73.80000305175781,74.88999938964844,73.08000183105469,74.8499984741211,1007100
2009-05-18,27.562658309936523,75.37000274658203,75.44000244140625,74.16999816894531,74.33999633789062,831000
2009-05-19,27.74551010131836,75.87000274658203,76.12999725341797,74.86000061035156,75.44999694824219,902800
2009-05-20,28.155094146728516,76.98999786376953,77.19000244140625,75.87000274658203,76.11000061035156,1158400
2009-05-21,27.79303550720215,76.0,76.93000030517578,76.0,76.69000244140625,1274700
2009-05-22,28.177030563354492,77.05000305175781,77.38999938964844,76.02999877929688,76.33000183105469,762300
2009-05-26,28.10389709472656,76.8499984741211,77.29000091552734,76.37999725341797,76.80999755859375,855100
2009-05-27,28.155094146728516,76.98999786376953,77.51000213623047,76.98999786376953,77.33999633789062,757300
2009-05-28,28.253829956054688,77.26000213623047,77.69999694824219,76.98999786376953,77.48999786376953,583900
2009-05-29,28.465930938720703,77.83999633789062,78.16999816894531,77.44999694824219,77.79000091552734,621200
2009-06-01,29.13951873779297,78.94999694824219,78.9800033569336,77.79000091552734,77.79000091552734,1293700
2009-06-02,29.05462646484375,78.72000122070312,78.7300033569336,77.93000030517578,78.66000366210938,782200
2009-06-03,28.888532638549805,78.2699966430664,78.94000244140625,78.01000213623047,78.91999816894531,776100
2009-06-04,28.977094650268555,78.51000213623047,78.69999694824219,78.0199966430664,78.0199966430664,638100
2009-06-05,29.069381713867188,78.76000213623047,78.98999786376953,78.30999755859375,78.98999786376953,704400
2009-06-08,29.121055603027344,78.9000015258789,79.25,78.31999969482422,78.97000122070312,593000
2009-06-09,29.17643165588379,79.05000305175781,79.2300033569336,78.61000061035156,78.61000061035156,559600
2009-06-10,29.21333694458008,79.1500015258789,79.5,78.72000122070312,79.2699966430664,636700
2009-06-11,29.27978515625,79.33000183105469,79.95999908447266,79.12999725341797,79.12999725341797,524400
2009-06-12,29.43109130859375,79.73999786376953,79.87000274658203,79.33000183105469,79.61000061035156,566000
2009-06-15,28.99557876586914,78.55999755859375,79.70999908447266,78.4800033569336,79.6500015258789,574500
2009-06-16,28.718753814697266,77.80999755859375,79.2300033569336,77.27999877929688,78.98999786376953,1180400
2009-06-17,28.552675247192383,77.36000061035156,78.2699966430664,77.0199966430664,77.79000091552734,1240800
2009-06-18,28.825777053833008,78.0999984741211,78.20999908447266,77.05000305175781,77.05000305175781,766200
2009-06-19,28.85533332824707,78.18000030517578,78.29000091552734,77.70999908447266,77.70999908447266,667900
2009-06-22,28.464075088500977,77.12000274658203,78.08000183105469,76.5,78.08000183105469,1096700
2009-06-23,28.51205062866211,77.25,77.73999786376953,76.86000061035156,76.86000061035156,582200
2009-06-24,28.65601921081543,77.63999938964844,78.30000305175781,77.25,77.48999786376953,576400
2009-06-25,28.92914581298828,78.37999725341797,78.44000244140625,77.61000061035156,77.88999938964844,647900
2009-06-26,28.9217529296875,78.36000061035156,78.38999938964844,77.79000091552734,78.33999633789062,495900
2009-06-29,29.283435821533203,79.33999633789062,79.33999633789062,78.41000366210938,78.44000244140625,647700
2009-06-30,29.42001724243164,79.70999908447266,79.8499984741211,79.22000122070312,79.5,538900
2009-07-01,29.492656707763672,79.18000030517578,79.51000213623047,78.79000091552734,79.25,922100
2009-07-02,28.9786376953125,77.80000305175781,78.94999694824219,77.70999908447266,78.91999816894531,651200
2009-07-06,28.546567916870117,76.63999938964844,78.04000091552734,76.61000061035156,77.5199966430664,794500
2009-07-07,28.148033142089844,75.56999969482422,77.31999969482422,75.56999969482422,77.12999725341797,886300
2009-07-08,28.319374084472656,76.02999877929688,76.88999938964844,75.55000305175781,75.61000061035156,1382300
2009-07-09,28.725358963012695,77.12000274658203,77.37999725341797,76.19000244140625,76.62999725341797,544900
2009-07-10,28.50558853149414,76.52999877929688,77.9000015258789,76.12999725341797,76.94999694824219,393700
2009-07-13,28.56889915466309,76.69999694824219,77.20999908447266,76.27999877929688,77.20999908447266,521500
2009-07-14,28.680641174316406,77.0,77.4000015258789,76.48999786376953,76.5999984741211,506600
2009-07-15,29.313859939575195,78.69999694824219,78.69999694824219,77.27999877929688,77.4000015258789,1040200
2009-07-16,29.40326499938965,78.94000244140625,79.0,78.0,78.52999877929688,515600
2009-07-17,29.429340362548828,79.01000213623047,79.0199966430664,78.6500015258789,78.83000183105469,597100
2009-07-20,29.839065551757812,80.11000061035156,80.20999908447266,79.2300033569336,79.2300033569336,784700
2009-07-21,29.98430633544922,80.5,80.8499984741211,79.80999755859375,80.33999633789062,938600
2009-07-22,30.02157974243164,80.5999984741211,80.76000213623047,80.0,80.4000015258789,483000
2009-07-23,30.326988220214844,81.41999816894531,81.79000091552734,80.41999816894531,81.0,750700
2009-07-24,30.505788803100582,81.9000015258789,82.01000213623047,80.7300033569336,81.80000305175781,639300
2009-07-27,30.561677932739254,82.05000305175781,82.29000091552734,81.62000274658203,82.16999816894531,512700
2009-07-28,30.595170974731445,82.13999938964844,82.41999816894531,81.80000305175781,82.13999938964844,591800
2009-07-29,30.699480056762695,82.41999816894531,82.76000213623047,82.05999755859375,82.44000244140625,627900
2009-07-30,30.952739715576172,83.0999984741211,83.91000366210938,82.6500015258789,82.8499984741211,976900
2009-07-31,31.455625534057617,84.44999694824219,84.6500015258789,83.37999725341797,83.75,740700
2009-08-03,31.515321731567383,83.9000015258789,84.19000244140625,83.69000244140625,83.7699966430664,880400
2009-08-04,31.447725296020508,83.72000122070312,84.33999633789062,83.0199966430664,84.30000305175781,615100
2009-08-05,31.346271514892575,83.44999694824219,83.9800033569336,82.80999755859375,83.54000091552734,756000
2009-08-06,31.098371505737305,82.79000091552734,83.80000305175781,82.5999984741211,83.70999908447266,619500
2009-08-07,31.316246032714844,83.37000274658203,84.11000061035156,82.79000091552734,83.22000122070312,711300
2009-08-10,31.458967208862305,83.75,83.7699966430664,83.05999755859375,83.62999725341797,527800
2009-08-11,31.38384246826172,83.55000305175781,84.05000305175781,83.23999786376953,83.75,623000
2009-08-12,31.30497360229492,83.33999633789062,83.63999938964844,83.0,83.27999877929688,491400
2009-08-13,30.906818389892575,82.27999877929688,83.3499984741211,82.08000183105469,83.33999633789062,825300
2009-08-14,30.75279998779297,81.87000274658203,82.62000274658203,81.75,82.62000274658203,585500
2009-08-17,30.001535415649418,79.87000274658203,81.6500015258789,79.62999725341797,81.38999938964844,1160800
2009-08-18,30.51990127563477,81.25,81.38999938964844,80.0,80.55000305175781,639200
2009-08-19,30.643861770629883,81.58000183105469,81.58000183105469,80.5,81.13999938964844,501700
2009-08-20,30.549970626831055,81.33000183105469,81.83999633789062,81.26000213623047,81.66000366210938,601200
2009-08-21,30.966899871826172,82.44000244140625,82.44000244140625,81.5199966430664,81.69999694824219,570400
2009-08-24,30.80538558959961,82.01000213623047,82.5,81.72000122070312,82.4800033569336,874600
2009-08-25,30.80161476135254,82.0,82.37999725341797,81.80000305175781,82.37999725341797,565000
2009-08-26,30.921815872192383,82.31999969482422,82.44999694824219,81.97000122070312,82.33999633789062,476100
2009-08-27,30.76407814025879,81.9000015258789,82.63999938964844,81.87999725341797,82.55000305175781,968500
2009-08-28,30.918058395385746,82.30999755859375,82.5,82.12000274658203,82.5,595800
2009-08-31,30.921815872192383,82.31999969482422,82.5,82.0199966430664,82.4000015258789,498500
2009-09-01,30.631250381469727,80.8499984741211,81.68000030517578,80.5999984741211,81.68000030517578,742300
2009-09-02,30.46831703186035,80.41999816894531,80.88999938964844,80.0999984741211,80.8499984741211,698800
2009-09-03,30.66533851623535,80.94000244140625,81.08000183105469,80.44999694824219,80.69000244140625,486000
2009-09-04,30.90023422241211,81.55999755859375,81.91000366210938,80.98999786376953,81.18000030517578,667000
2009-09-08,31.3397274017334,82.72000122070312,82.72000122070312,81.83000183105469,81.93000030517578,974200
2009-09-09,31.044206619262695,81.94000244140625,82.80000305175781,81.75,82.48999786376953,1454000
2009-09-10,31.52538299560547,83.20999908447266,83.25,82.0199966430664,82.37000274658203,695600
2009-09-11,31.824661254882812,84.0,84.13999938964844,83.2699966430664,83.55000305175781,607200
2009-09-14,31.862545013427734,84.0999984741211,84.1500015258789,83.51000213623047,84.06999969482422,579300
2009-09-15,32.08987808227539,84.69999694824219,84.72000122070312,84.12000274658203,84.37000274658203,1289500
2009-09-16,32.502845764160156,85.79000091552734,85.81999969482422,85.05000305175781,85.31999969482422,1143900
2009-09-17,32.55967712402344,85.94000244140625,85.94000244140625,85.16000366210938,85.79000091552734,733400
2009-09-18,32.46874237060547,85.69999694824219,86.05999755859375,84.86000061035156,85.72000122070312,565700
2009-09-21,32.48769760131836,85.75,85.75,84.93000030517578,85.5,510600
2009-09-22,32.44980239868164,85.6500015258789,86.12999725341797,85.5,86.0199966430664,413400
2009-09-23,32.548301696777344,85.91000366210938,86.36000061035156,85.80000305175781,85.9000015258789,464900
2009-09-24,32.60892105102539,86.06999969482422,86.48999786376953,85.70999908447266,86.30000305175781,774000
2009-09-25,32.502845764160156,85.79000091552734,86.37999725341797,85.44999694824219,86.0999984741211,454800
2009-09-28,32.760440826416016,86.47000122070312,86.54000091552734,85.36000061035156,86.1500015258789,455200
2009-09-29,32.72258758544922,86.37000274658203,86.48999786376953,86.19000244140625,86.44999694824219,693000
2009-09-30,32.71501159667969,86.3499984741211,86.69000244140625,85.94000244140625,86.3499984741211,688000
2009-10-01,31.853628158569336,83.38999938964844,85.41000366210938,83.38999938964844,85.36000061035156,3014800
2009-10-02,31.865083694458008,83.41999816894531,83.61000061035156,82.0,83.04000091552734,1694100
2009-10-05,32.29289627075195,84.54000091552734,84.54000091552734,83.55000305175781,83.66999816894531,556200
2009-10-06,32.182125091552734,84.25,85.16999816894531,84.19999694824219,84.79000091552734,813300
2009-10-07,32.41895294189453,84.87000274658203,85.08000183105469,84.12000274658203,84.12000274658203,637400
2009-10-08,32.625221252441406,85.41000366210938,85.41999816894531,84.87000274658203,84.87000274658203,824700
2009-10-09,32.75128936767578,85.73999786376953,85.73999786376953,84.94999694824219,85.11000061035156,680100
2009-10-12,32.74364471435547,85.72000122070312,85.87999725341797,85.55000305175781,85.87000274658203,354200
2009-10-13,32.736019134521484,85.69999694824219,85.87000274658203,85.19000244140625,85.87000274658203,295500
2009-10-14,32.865882873535156,86.04000091552734,86.12000274658203,85.72000122070312,86.0,749900
2009-10-15,32.85823059082031,86.0199966430664,86.0999984741211,85.75,86.06999969482422,382100
2009-10-16,32.85442352294922,86.01000213623047,86.08999633789062,85.5999984741211,86.06999969482422,443100
2009-10-19,32.862064361572266,86.02999877929688,86.2699966430664,85.94999694824219,86.16999816894531,534700
2009-10-20,32.92320251464844,86.19000244140625,86.43000030517578,86.01000213623047,86.12999725341797,419300
2009-10-21,32.980472564697266,86.33999633789062,86.93000030517578,86.1500015258789,86.33000183105469,869100
2009-10-22,33.23255920410156,87.0,87.0,86.47000122070312,86.66999816894531,646200
2009-10-23,33.17528533935547,86.8499984741211,87.19999694824219,86.61000061035156,87.19999694824219,420200
2009-10-26,33.194393157958984,86.9000015258789,87.04000091552734,86.62000274658203,86.66000366210938,779800
2009-10-27,32.93464660644531,86.22000122070312,86.9000015258789,86.05000305175781,86.9000015258789,1527900
2009-10-28,32.39222717285156,84.80000305175781,86.4800033569336,84.79000091552734,86.37999725341797,1266000
2009-10-29,32.8467903137207,85.98999786376953,86.44999694824219,85.05000305175781,85.18000030517578,1350500
2009-10-30,32.5373649597168,85.18000030517578,86.20999908447266,84.87000274658203,86.0,1466000
2009-11-02,32.79273223876953,85.13999938964844,85.56999969482422,84.6500015258789,84.93000030517578,1437000
2009-11-03,32.865936279296875,85.33000183105469,85.58000183105469,84.58999633789062,84.58999633789062,1135400
2009-11-04,32.9160270690918,85.45999908447266,86.0,85.30000305175781,85.9000015258789,687800
2009-11-05,32.942935943603516,85.52999877929688,85.66000366210938,85.23999786376953,85.62999725341797,506800
2009-11-06,32.97377014160156,85.61000061035156,85.6500015258789,85.37000274658203,85.47000122070312,547700
2009-11-09,33.1047477722168,85.94999694824219,85.9800033569336,85.69999694824219,85.79000091552734,571400
2009-11-10,33.09316635131836,85.91999816894531,85.9800033569336,85.66000366210938,85.87000274658203,667800
2009-11-11,33.11241912841797,85.97000122070312,86.19999694824219,85.87999725341797,85.95999908447266,509500
2009-11-12,33.15093994140625,86.06999969482422,86.11000061035156,85.75,86.08999633789062,619900
2009-11-13,33.08546447753906,85.9000015258789,86.25,85.75,85.88999938964844,491100
2009-11-16,33.239532470703125,86.30000305175781,86.6500015258789,86.05000305175781,86.33000183105469,714900
2009-11-17,33.23182678222656,86.27999877929688,86.4800033569336,86.1500015258789,86.4800033569336,438400
2009-11-18,33.14708709716797,86.05999755859375,86.44000244140625,86.05999755859375,86.36000061035156,630200
2009-11-19,33.21642303466797,86.23999786376953,86.30000305175781,85.87000274658203,86.19999694824219,679700
2009-11-20,33.20871353149414,86.22000122070312,86.33999633789062,86.0,86.13999938964844,544200
2009-11-23,33.17403030395508,86.12999725341797,86.37000274658203,86.0999984741211,86.27999877929688,428600
2009-11-24,33.19329071044922,86.18000030517578,86.30000305175781,86.05000305175781,86.26000213623047,526800
2009-11-25,33.20871353149414,86.22000122070312,86.6500015258789,86.20999908447266,86.25,548900
2009-11-27,32.97761154174805,85.62000274658203,85.8499984741211,85.05000305175781,85.36000061035156,570000
2009-11-30,33.08546447753906,85.9000015258789,86.0999984741211,85.5999984741211,85.5999984741211,674100
2009-12-01,33.24919128417969,85.69999694824219,85.83000183105469,85.3499984741211,85.58999633789062,749100
2009-12-02,33.28411865234375,85.79000091552734,85.95999908447266,85.5999984741211,85.69999694824219,537400
2009-12-03,33.3267822265625,85.9000015258789,86.26000213623047,85.86000061035156,85.93000030517578,489600
2009-12-04,33.46258544921875,86.25,86.55999755859375,86.20999908447266,86.20999908447266,532000
2009-12-07,33.505252838134766,86.36000061035156,86.44000244140625,86.16000366210938,86.33999633789062,397200
2009-12-08,33.54404830932617,86.45999908447266,86.5,86.19000244140625,86.3499984741211,359000
2009-12-09,33.54404830932617,86.45999908447266,86.62999725341797,86.43000030517578,86.5199966430664,357000
2009-12-10,33.71088409423828,86.88999938964844,86.88999938964844,86.61000061035156,86.62000274658203,401000
2009-12-11,33.73027801513672,86.94000244140625,87.05999755859375,86.83999633789062,87.0,444100
2009-12-14,34.00184631347656,87.63999938964844,87.76000213623047,87.0,87.0,1132700
2009-12-15,33.9669189453125,87.55000305175781,87.69999694824219,87.26000213623047,87.5999984741211,417600
2009-12-16,34.04450607299805,87.75,87.79000091552734,87.30999755859375,87.75,621100
2009-12-17,34.02513885498047,87.69999694824219,87.77999877929688,87.48999786376953,87.5999984741211,350200
2009-12-18,34.00571823120117,87.6500015258789,87.83000183105469,87.61000061035156,87.77999877929688,281600
2009-12-21,34.106597900390625,87.91000366210938,87.94000244140625,87.6500015258789,87.80999755859375,646800
2009-12-22,34.18032455444336,88.0999984741211,88.12000274658203,87.87000274658203,88.0,432500
2009-12-23,34.26180648803711,88.30999755859375,88.44999694824219,88.12000274658203,88.1500015258789,440100
2009-12-24,34.38981246948242,88.63999938964844,88.7699966430664,88.30000305175781,88.38999938964844,188800
2009-12-28,34.288963317871094,88.37999725341797,88.80000305175781,88.25,88.7300033569336,532400
2009-12-29,34.10540771484375,87.33000183105469,87.9000015258789,87.30000305175781,87.8499984741211,494600
2009-12-30,34.24990463256836,87.69999694824219,87.77999877929688,87.43000030517578,87.5,421600
2009-12-31,34.3045654296875,87.83999633789062,87.9000015258789,87.58000183105469,87.83999633789062,346000
2010-01-04,34.57404708862305,88.52999877929688,88.52999877929688,88.0,88.0,1316800
2010-01-05,34.738075256347656,88.94999694824219,89.08000183105469,88.41999816894531,88.75,733000
2010-01-06,34.8278923034668,89.18000030517578,89.26000213623047,89.0,89.04000091552734,715700
2010-01-07,34.96849060058594,89.54000091552734,89.62999725341797,89.11000061035156,89.37999725341797,956000
2010-01-08,35.02315902709961,89.68000030517578,89.80999755859375,89.51000213623047,89.55999755859375,711400
2010-01-11,34.99190902709961,89.5999984741211,89.70999908447266,89.4800033569336,89.5,895800
2010-01-12,34.812278747558594,89.13999938964844,90.29000091552734,89.05000305175781,89.5,1133900
2010-01-13,34.890377044677734,89.33999633789062,89.41999816894531,89.0999984741211,89.0999984741211,868900
2010-01-14,34.929412841796875,89.44000244140625,89.4800033569336,89.20999908447266,89.44000244140625,394600
2010-01-15,34.78883361816406,89.08000183105469,89.5199966430664,88.98999786376953,89.5199966430664,835300
2010-01-19,34.804447174072266,89.12000274658203,89.19999694824219,88.97000122070312,89.0,796900
2010-01-20,34.7536735534668,88.98999786376953,89.20999908447266,88.86000061035156,89.1500015258789,588500
2010-01-21,34.21084213256836,87.5999984741211,89.16000366210938,87.5999984741211,89.16000366210938,1416800
2010-01-22,33.88672637939453,86.7699966430664,88.04000091552734,86.61000061035156,87.98999786376953,1394400
2010-01-25,33.93745803833008,86.9000015258789,87.44000244140625,86.75,87.23999786376953,711300
2010-01-26,33.980430603027344,87.01000213623047,87.43000030517578,86.9000015258789,87.19999694824219,576000
2010-01-27,33.99214553833008,87.04000091552734,87.41999816894531,86.91999816894531,86.95999908447266,876500
2010-01-28,33.84764099121094,86.66999816894531,87.23999786376953,86.55000305175781,87.11000061035156,833700
2010-01-29,33.675811767578125,86.2300033569336,87.2699966430664,86.22000122070312,87.2699966430664,1357000
2010-02-01,33.838348388671875,85.9800033569336,86.27999877929688,85.6500015258789,85.94999694824219,924700
2010-02-02,33.94068145751953,86.23999786376953,86.61000061035156,86.0,86.2699966430664,1238500
2010-02-03,34.113834381103516,86.68000030517578,86.70999908447266,86.22000122070312,86.4000015258789,641200
2010-02-04,33.62977600097656,85.44999694824219,86.3499984741211,85.37999725341797,86.30000305175781,1762600
2010-02-05,33.43299865722656,84.94999694824219,85.33000183105469,83.44999694824219,85.33000183105469,3261500
2010-02-08,33.287353515625,84.58000183105469,85.12999725341797,84.38999938964844,84.80000305175781,1202400
2010-02-09,33.354270935058594,84.75,85.05000305175781,84.45999908447266,84.86000061035156,853800
2010-02-10,32.905609130859375,83.61000061035156,84.91999816894531,83.5999984741211,84.69999694824219,1463200
2010-02-11,33.03942108154297,83.94999694824219,84.41999816894531,83.38999938964844,83.91000366210938,1157700
2010-02-12,33.01974868774414,83.9000015258789,84.16999816894531,83.37999725341797,83.95999908447266,743100
2010-02-16,33.34640121459961,84.7300033569336,85.0199966430664,83.66999816894531,83.66999816894531,1061300
2010-02-17,33.60222625732422,85.37999725341797,85.47000122070312,85.12999725341797,85.16999816894531,1400200
2010-02-18,33.920997619628906,86.19000244140625,86.38999938964844,85.48999786376953,85.48999786376953,1153400
2010-02-19,34.1492919921875,86.7699966430664,86.77999877929688,86.30000305175781,86.37000274658203,1485600
2010-02-22,34.192543029785156,86.87999725341797,87.05999755859375,86.70999908447266,86.88999938964844,1596200
2010-02-23,33.94462203979492,86.25,87.0999984741211,85.94999694824219,87.0199966430664,1014900
2010-02-24,34.074485778808594,86.58000183105469,86.9800033569336,86.3499984741211,86.56999969482422,1047000
2010-02-25,34.078407287597656,86.58999633789062,86.6500015258789,86.0,86.27999877929688,503400
2010-02-26,34.30666732788086,87.16999816894531,87.22000122070312,86.66000366210938,86.75,697900
2010-03-01,34.33283233642578,86.58999633789062,86.77999877929688,86.5,86.69000244140625,1468800
2010-03-02,34.554901123046875,87.1500015258789,87.19999694824219,86.69000244140625,86.87999725341797,1291800
2010-03-03,34.59056854248047,87.23999786376953,87.37999725341797,87.08999633789062,87.27999877929688,986800
2010-03-04,34.61832046508789,87.30999755859375,87.43000030517578,87.08000183105469,87.43000030517578,641100
2010-03-05,34.82451629638672,87.83000183105469,87.83999633789062,87.29000091552734,87.58999633789062,975800
2010-03-08,34.83247756958008,87.8499984741211,88.0999984741211,87.79000091552734,87.97000122070312,937900
2010-03-09,34.98313522338867,88.2300033569336,88.2300033569336,87.80000305175781,87.81999969482422,630800
2010-03-10,34.995018005371094,88.26000213623047,88.30000305175781,88.0,88.0199966430664,640200
2010-03-11,34.963314056396484,88.18000030517578,88.25,88.0199966430664,88.16999816894531,488500
2010-03-12,34.97122573852539,88.19999694824219,88.37000274658203,88.1500015258789,88.19000244140625,636700
2010-03-15,34.93156433105469,88.0999984741211,88.25,87.93000030517578,88.20999908447266,471400
2010-03-16,35.050506591796875,88.4000015258789,88.4800033569336,87.98999786376953,88.22000122070312,923300
2010-03-17,35.050506591796875,88.4000015258789,88.63999938964844,88.33999633789062,88.47000122070312,918300
2010-03-18,35.10206604003906,88.52999877929688,88.63999938964844,88.41000366210938,88.4800033569336,637200
2010-03-19,34.92761993408203,88.08999633789062,88.5999984741211,87.97000122070312,88.08999633789062,674600
2010-03-22,35.094139099121094,88.51000213623047,88.5199966430664,87.80999755859375,87.94999694824219,759000
2010-03-23,35.09019470214844,88.5,88.5999984741211,88.33000183105469,88.5199966430664,699200
2010-03-24,35.07032775878906,88.44999694824219,88.58999633789062,88.3499984741211,88.4800033569336,430800
2010-03-25,35.15361785888672,88.66000366210938,88.80999755859375,88.51000213623047,88.63999938964844,1005200
2010-03-26,35.14171600341797,88.62999725341797,88.69999694824219,88.5,88.62000274658203,1312500
2010-03-29,35.185333251953125,88.73999786376953,88.76000213623047,88.69999694824219,88.73999786376953,546200
2010-03-30,35.14964294433594,88.6500015258789,88.87000274658203,88.55999755859375,88.75,605600
2010-03-31,35.03861999511719,88.37000274658203,88.5999984741211,87.80999755859375,88.56999969482422,1255400
2010-04-01,34.95394515991211,87.5,88.0,87.5,87.83999633789062,773100
2010-04-05,34.93797302246094,87.45999908447266,87.9800033569336,87.41000366210938,87.6500015258789,930200
2010-04-06,35.165653228759766,88.02999877929688,88.08000183105469,87.44999694824219,87.51000213623047,679100
2010-04-07,35.217586517333984,88.16000366210938,88.23999786376953,87.9000015258789,87.91000366210938,859000
2010-04-08,35.27750778198242,88.30999755859375,88.3499984741211,88.01000213623047,88.0999984741211,736100
2010-04-09,35.329444885253906,88.44000244140625,88.56999969482422,88.26000213623047,88.30000305175781,679800
2010-04-12,35.33741760253906,88.45999908447266,88.66000366210938,88.44000244140625,88.55000305175781,443300
2010-04-13,35.43333053588867,88.69999694824219,88.81999969482422,88.63999938964844,88.63999938964844,1162900
2010-04-14,35.529170989990234,88.94000244140625,89.0199966430664,88.80000305175781,88.9000015258789,857700
2010-04-15,35.62507247924805,89.18000030517578,89.47000122070312,88.91999816894531,89.0199966430664,1251000
2010-04-16,35.33741760253906,88.45999908447266,89.3499984741211,88.0999984741211,89.1500015258789,1334100
2010-04-19,35.269535064697266,88.29000091552734,88.48999786376953,88.05000305175781,88.26000213623047,757200
2010-04-20,35.64904022216797,89.23999786376953,90.33000183105467,88.51000213623047,88.66000366210938,1299400
2010-04-21,35.65302276611328,89.25,89.41000366210938,89.08999633789062,89.33999633789062,553100
2010-04-22,35.54915237426758,88.98999786376953,89.22000122070312,88.77999877929688,89.22000122070312,250700
2010-04-23,35.78084182739258,89.56999969482422,89.5999984741211,88.87000274658203,89.0,676000
2010-04-26,35.78084182739258,89.56999969482422,89.69999694824219,89.4000015258789,89.4000015258789,440100
2010-04-27,35.329444885253906,88.44000244140625,89.7300033569336,88.37000274658203,89.56999969482422,1220700
2010-04-28,35.35343933105469,88.5,88.91999816894531,88.5,88.80000305175781,988000
2010-04-29,35.59710693359375,89.11000061035156,89.2300033569336,88.88999938964844,88.91000366210938,812200
2010-04-30,35.712921142578125,89.4000015258789,89.5199966430664,88.95999908447266,88.95999908447266,809800
2010-05-03,35.70891189575195,88.75,89.08999633789062,88.75,88.80000305175781,639000
2010-05-04,35.3427619934082,87.83999633789062,88.62999725341797,87.80999755859375,88.55999755859375,786100
2010-05-05,34.859962463378906,86.63999938964844,87.3499984741211,86.0999984741211,87.25,2567500
2010-05-06,33.994895935058594,84.48999786376953,86.51000213623047,78.95999908447266,86.27999877929688,6587300
2010-05-07,33.99086380004883,84.4800033569336,85.12000274658203,82.51000213623047,84.44999694824219,2584000
2010-05-10,34.62656021118164,86.05999755859375,87.4000015258789,85.61000061035156,86.88999938964844,1670100
2010-05-11,34.586360931396484,85.95999908447266,86.87999725341797,85.58000183105469,85.66999816894531,1524400
2010-05-12,35.00882339477539,87.01000213623047,87.02999877929688,86.43000030517578,86.5,1031200
2010-05-13,34.79155349731445,86.47000122070312,87.25,86.47000122070312,87.08999633789062,1151600
2010-05-14,34.590362548828125,85.97000122070312,86.45999908447266,85.36000061035156,86.20999908447266,1050700
2010-05-17,34.54610061645508,85.86000061035156,86.19000244140625,85.12000274658203,85.94999694824219,1120800
2010-05-18,34.47367858886719,85.68000030517578,86.45999908447266,85.41000366210938,86.31999969482422,1067400
2010-05-19,34.27250289916992,85.18000030517578,85.6500015258789,84.26000213623047,85.41000366210938,1565100
2010-05-20,33.25051498413086,82.63999938964844,83.88999938964844,81.33000183105469,83.88999938964844,3092800
2010-05-21,33.91844177246094,84.30000305175781,84.4000015258789,81.43000030517578,81.48999786376953,1815000
2010-05-24,33.97075653076172,84.43000030517578,85.19999694824219,83.98999786376953,84.0999984741211,1266200
2010-05-25,33.930511474609375,84.33000183105469,84.33000183105469,82.01000213623047,83.19999694824219,1507500
2010-05-26,33.52412796020508,83.31999969482422,85.05000305175781,83.19000244140625,84.63999938964844,1738300
2010-05-27,33.98685836791992,84.47000122070312,84.87999725341797,84.13999938964844,84.13999938964844,828500
2010-05-28,34.04317092895508,84.61000061035156,84.83999633789062,84.31999969482422,84.79000091552734,1253900
2010-06-01,33.88223648071289,83.56999969482422,84.3499984741211,83.37000274658203,83.61000061035156,770300
2010-06-02,34.056549072265625,84.0,84.13999938964844,83.69999694824219,83.93000030517578,1414500
2010-06-03,34.0687370300293,84.02999877929688,84.4000015258789,83.70999908447266,84.22000122070312,877200
2010-06-04,33.878150939941406,83.55999755859375,84.1500015258789,83.33000183105469,83.51000213623047,1439000
2010-06-07,33.643009185791016,82.9800033569336,84.2699966430664,82.9800033569336,83.47000122070312,992900
2010-06-08,33.69570541381836,83.11000061035156,83.5199966430664,82.55000305175781,83.5199966430664,1085200
2010-06-09,33.76868438720703,83.29000091552734,83.44999694824219,83.01000213623047,83.30000305175781,1081900
2010-06-10,34.11330032348633,84.13999938964844,84.13999938964844,83.37000274658203,83.61000061035156,588200
2010-06-11,34.161964416503906,84.26000213623047,84.27999877929688,83.58999633789062,83.69000244140625,468300
2010-06-14,34.2065544128418,84.37000274658203,84.69999694824219,84.25,84.3499984741211,843100
2010-06-15,34.53901672363281,85.19000244140625,85.43000030517578,84.55999755859375,84.6500015258789,1387200
2010-06-16,34.56741714477539,85.26000213623047,85.31999969482422,84.80000305175781,84.98999786376953,1877200
2010-06-17,34.82685470581055,85.9000015258789,85.94000244140625,85.36000061035156,85.5,1097000
2010-06-18,34.97688674926758,86.2699966430664,86.33000183105469,85.93000030517578,85.9800033569336,734300
2010-06-21,35.10257339477539,86.58000183105469,86.81999969482422,86.47000122070312,86.7699966430664,1094400
2010-06-22,34.85121536254883,85.95999908447266,86.5999984741211,85.62000274658203,86.5,1011000
2010-06-23,34.82685470581055,85.9000015258789,86.08999633789062,85.29000091552734,86.02999877929688,882300
2010-06-24,34.587677001953125,85.30999755859375,85.7699966430664,85.19999694824219,85.72000122070312,613600
2010-06-25,34.74580764770508,85.69999694824219,85.73999786376953,85.25,85.62999725341797,536500
2010-06-28,34.82284164428711,85.88999938964844,86.19999694824219,85.66999816894531,85.81999969482422,682200
2010-06-29,34.47416305541992,85.02999877929688,85.58000183105469,84.52999877929688,85.56999969482422,1354400
2010-06-30,34.42144012451172,84.9000015258789,85.12000274658203,84.51000213623047,84.8499984741211,1111300
2010-07-01,34.58603286743164,84.68000030517578,84.72000122070312,83.45999908447266,84.45999908447266,2044000
2010-07-02,34.59420394897461,84.69999694824219,85.1500015258789,84.5,84.55999755859375,880400
2010-07-06,34.86787033081055,85.37000274658203,85.41000366210938,84.86000061035156,85.20999908447266,1176600
2010-07-07,35.288536071777344,86.4000015258789,86.4800033569336,85.19999694824219,85.37999725341797,1173900
2010-07-08,35.45193099975586,86.80000305175781,86.83999633789062,86.12000274658203,86.66000366210938,1525200
2010-07-09,35.37024688720703,86.5999984741211,86.80000305175781,86.47000122070312,86.80000305175781,778800
2010-07-12,35.34166717529297,86.52999877929688,86.72000122070312,85.86000061035156,86.70999908447266,786500
2010-07-13,35.615325927734375,87.19999694824219,87.3499984741211,86.5199966430664,86.75,1464900
2010-07-14,35.58260726928711,87.12000274658203,87.26000213623047,86.87999725341797,87.05000305175781,640400
2010-07-15,35.63569641113281,87.25,87.30000305175781,86.91999816894531,86.95999908447266,565900
2010-07-16,35.419227600097656,86.72000122070312,87.20999908447266,86.4800033569336,87.19000244140625,1215300
2010-07-19,35.537681579589844,87.01000213623047,87.22000122070312,86.7300033569336,86.9800033569336,556000
2010-07-20,35.823604583740234,87.70999908447266,88.16000366210938,86.86000061035156,87.0,2442800
2010-07-21,35.807281494140625,87.66999816894531,88.44000244140625,87.37000274658203,88.08000183105469,1376100
2010-07-22,36.12580871582031,88.44999694824219,88.45999908447266,87.94999694824219,87.94999694824219,809300
2010-07-23,36.28921127319336,88.8499984741211,88.8499984741211,88.04000091552734,88.38999938964844,985400
2010-07-26,36.30553436279297,88.88999938964844,88.95999908447266,88.47000122070312,88.80000305175781,887200
2010-07-27,36.25652694702149,88.7699966430664,89.0999984741211,88.4800033569336,88.98999786376953,887100
2010-07-28,36.178932189941406,88.58000183105469,88.94999694824219,88.5199966430664,88.87999725341797,603100
2010-07-29,36.28921127319336,88.8499984741211,88.93000030517578,88.58000183105469,88.87999725341797,628800
2010-07-30,36.19528579711914,88.62000274658203,88.87000274658203,88.3499984741211,88.5999984741211,1038700
2010-08-02,36.38399887084961,88.4800033569336,88.55000305175781,88.19999694824219,88.38999938964844,1021600
2010-08-03,36.38399887084961,88.4800033569336,88.62999725341797,88.08999633789062,88.16999816894531,1705900
2010-08-04,36.36344909667969,88.43000030517578,88.58999633789062,88.29000091552734,88.58000183105469,1844200
2010-08-05,36.34700012207031,88.38999938964844,88.41000366210938,88.1500015258789,88.33999633789062,708100
2010-08-06,36.33877944946289,88.37000274658203,88.38999938964844,87.87000274658203,88.33999633789062,830300
2010-08-09,36.27297592163086,88.20999908447266,88.58999633789062,88.08999633789062,88.58999633789062,1266200
2010-08-10,36.26066589355469,88.18000030517578,88.30000305175781,87.94999694824219,88.2300033569336,1271500
2010-08-11,35.78776168823242,87.02999877929688,87.69999694824219,86.9000015258789,87.58999633789062,1558600
2010-08-12,35.66438293457031,86.7300033569336,87.13999938964844,86.19999694824219,86.6500015258789,1261600
2010-08-13,35.82065200805664,87.11000061035156,87.33000183105469,86.6500015258789,86.97000122070312,776300
2010-08-16,35.86589431762695,87.22000122070312,87.47000122070312,86.9800033569336,86.98999786376953,1087600
2010-08-17,36.0015754699707,87.55000305175781,87.77999877929688,87.47000122070312,87.55000305175781,860800
2010-08-18,36.063262939453125,87.69999694824219,87.76000213623047,87.5,87.5999984741211,717000
2010-08-19,35.9892578125,87.5199966430664,87.80999755859375,87.27999877929688,87.69999694824219,882800
2010-08-20,36.07558059692383,87.7300033569336,87.7699966430664,87.45999908447266,87.5199966430664,557700
2010-08-23,36.07558059692383,87.7300033569336,87.80999755859375,87.56999969482422,87.80000305175781,633300
2010-08-24,35.886451721191406,87.2699966430664,87.56999969482422,87.25,87.51000213623047,1000800
2010-08-25,35.837100982666016,87.1500015258789,87.31999969482422,86.79000091552734,87.19999694824219,788400
2010-08-26,35.78776168823242,87.02999877929688,87.44000244140625,86.80000305175781,87.22000122070312,1012400
2010-08-27,35.783668518066406,87.0199966430664,87.43000030517578,86.91000366210938,87.19999694824219,1302000
2010-08-30,35.84944534301758,87.18000030517578,87.43000030517578,87.02999877929688,87.02999877929688,620800
2010-08-31,35.837100982666016,87.1500015258789,87.37999725341797,87.0999984741211,87.19999694824219,1154800
2010-09-01,36.22435760498047,87.45999908447266,87.45999908447266,86.88999938964844,86.91000366210938,1697900
2010-09-02,36.282344818115234,87.5999984741211,87.61000061035156,87.33999633789062,87.5199966430664,603900
2010-09-03,36.39003372192383,87.86000061035156,87.86000061035156,87.4800033569336,87.7300033569336,999600
2010-09-07,36.3361701965332,87.7300033569336,87.73999786376953,87.3499984741211,87.68000030517578,883500
2010-09-08,36.34446334838867,87.75,87.86000061035156,87.66000366210938,87.7300033569336,835500
2010-09-09,36.48942947387695,88.0999984741211,88.12999725341797,87.83000183105469,88.12999725341797,789300
2010-09-10,36.58470916748047,88.33000183105469,88.37000274658203,88.0199966430664,88.2300033569336,957600
2010-09-13,36.77521133422851,88.79000091552734,88.81999969482422,88.44999694824219,88.58000183105469,1103500
2010-09-14,36.766944885253906,88.7699966430664,88.77999877929688,88.5199966430664,88.77999877929688,658700
2010-09-15,36.73381042480469,88.69000244140625,88.73999786376953,88.47000122070312,88.47000122070312,570800
2010-09-16,36.795928955078125,88.83999633789062,88.9000015258789,88.6500015258789,88.73999786376953,751400
2010-09-17,36.86220169067383,89.0,89.05000305175781,88.9000015258789,89.05000305175781,922800
2010-09-20,36.92019271850586,89.13999938964844,89.22000122070312,89.05000305175781,89.0999984741211,631900
2010-09-21,36.858062744140625,88.98999786376953,89.2300033569336,88.87000274658203,89.2300033569336,810900
2010-09-22,36.70891952514648,88.62999725341797,89.0999984741211,88.62000274658203,89.0999984741211,832700
2010-09-23,36.613677978515625,88.4000015258789,88.5199966430664,88.25,88.5,758800
2010-09-24,36.75865936279297,88.75,88.88999938964844,88.52999877929688,88.52999877929688,917200
2010-09-27,36.82077407836914,88.9000015258789,89.08000183105469,88.83999633789062,88.93000030517578,615900
2010-09-28,36.874637603759766,89.02999877929688,89.16000366210938,88.80000305175781,89.16000366210938,1038800
2010-09-29,36.961612701416016,89.23999786376953,89.41000366210938,89.11000061035156,89.19999694824219,826600
2010-09-30,37.14796829223633,89.69000244140625,89.73999786376953,89.2300033569336,89.4800033569336,2290800
2010-10-01,37.19675064086914,89.22000122070312,89.33000183105469,88.98999786376953,89.20999908447266,837800
2010-10-04,37.0675048828125,88.91000366210938,89.27999877929688,88.88999938964844,89.27999877929688,2490600
2010-10-05,37.20094299316406,89.2300033569336,89.31999969482422,89.05999755859375,89.25,993500
2010-10-06,37.16757583618164,89.1500015258789,89.33000183105469,89.05000305175781,89.22000122070312,1990200
2010-10-07,37.24262619018555,89.33000183105469,89.5,89.12999725341797,89.3499984741211,1371700
2010-10-08,37.36768341064453,89.62999725341797,89.68000030517578,89.36000061035156,89.45999908447266,1524800
2010-10-11,37.4468994140625,89.81999969482422,89.88999938964844,89.62999725341797,89.66000366210938,644900
2010-10-12,37.41356658935547,89.73999786376953,89.94999694824219,89.66999816894531,89.7699966430664,855200
2010-10-13,37.53860092163086,90.04000091552734,90.25,89.81999969482422,89.93000030517578,880300
2010-10-14,37.35939025878906,89.61000061035156,90.12999725341795,89.55000305175781,90.12000274658205,994400
2010-10-15,37.45525360107422,89.83999633789062,90.0,89.73999786376953,89.79000091552734,524200
2010-10-18,37.40521240234375,89.72000122070312,90.0999984741211,89.72000122070312,89.94999694824219,516300
2010-10-19,37.40105438232422,89.70999908447266,89.94999694824219,89.68000030517578,89.79000091552734,601800
2010-10-20,37.51778030395508,89.98999786376953,90.0199966430664,89.63999938964844,89.81999969482422,965600
2010-10-21,37.45940017700195,89.8499984741211,90.12000274658205,89.8499984741211,90.08999633789062,521000
2010-10-22,37.630332946777344,90.26000213623048,90.27999877929688,90.01000213623047,90.06999969482422,418000
2010-10-25,37.77628326416016,90.61000061035156,90.7699966430664,90.4499969482422,90.47000122070312,1051500
2010-10-26,37.83462905883789,90.75,90.7699966430664,90.5500030517578,90.58999633789062,568100
2010-10-27,37.792964935302734,90.6500015258789,90.8000030517578,90.52999877929688,90.6999969482422,910700
2010-10-28,37.81379318237305,90.6999969482422,90.9000015258789,90.5500030517578,90.88999938964844,1078600
2010-10-29,37.8304443359375,90.73999786376952,90.9000015258789,90.66000366210938,90.80999755859376,898000
2010-11-01,37.75953674316406,89.97000122070312,90.4000015258789,89.94999694824219,90.3000030517578,921400
2010-11-02,37.944183349609375,90.41000366210938,90.41999816894533,90.06999969482422,90.1999969482422,859800
2010-11-03,38.07011413574219,90.70999908447266,90.8000030517578,90.33999633789062,90.4499969482422,1301600
2010-11-04,38.565372467041016,91.88999938964844,91.97000122070312,91.05999755859376,91.06999969482422,1495800
2010-11-05,38.52338409423828,91.79000091552734,91.88999938964844,91.5199966430664,91.77999877929688,1281500
2010-11-08,38.41009521484375,91.5199966430664,91.79000091552734,91.4499969482422,91.6999969482422,1178800
2010-11-09,38.30094146728515,91.26000213623048,91.69000244140624,91.0999984741211,91.69000244140624,705400
2010-11-10,37.98618698120117,90.51000213623048,91.25,90.4800033569336,91.25,1250800
2010-11-11,37.83509826660156,90.1500015258789,90.52999877929688,89.80999755859375,90.44000244140624,1051000
2010-11-12,37.69658279418945,89.81999969482422,90.25,89.81999969482422,90.13999938964844,1088500
2010-11-15,37.625240325927734,89.6500015258789,90.1999969482422,89.58999633789062,90.16999816894533,1071300
2010-11-16,37.20975112915039,88.66000366210938,89.69999694824219,88.48999786376953,89.58000183105469,1674100
2010-11-17,37.39858627319336,89.11000061035156,89.37000274658203,89.0,89.25,1827000
2010-11-18,37.87287139892578,90.23999786376952,90.23999786376952,89.58000183105469,89.81999969482422,1197000
2010-11-19,37.86027526855469,90.20999908447266,90.20999908447266,89.83999633789062,90.0,592000
2010-11-22,37.59588241577149,89.58000183105469,89.94999694824219,89.54000091552734,89.76000213623047,424600
2010-11-23,37.07963943481445,88.3499984741211,89.37999725341797,88.31999969482422,89.37999725341797,1975700
2010-11-24,37.30209732055664,88.87999725341797,89.0199966430664,88.56999969482422,88.56999969482422,690700
2010-11-26,37.16778564453125,88.55999755859375,88.87000274658203,88.51000213623047,88.7699966430664,365000
2010-11-29,37.264312744140625,88.79000091552734,89.0199966430664,88.4800033569336,88.51000213623047,598300
2010-11-30,37.34825134277344,88.98999786376953,89.12000274658203,88.41999816894531,88.58999633789062,1459300
2010-12-01,37.69384765625,89.22000122070312,89.25,88.79000091552734,88.9800033569336,1710800
2010-12-02,37.7149658203125,89.2699966430664,89.31999969482422,89.0,89.26000213623047,775600
2010-12-03,37.77833938598633,89.41999816894531,89.44999694824219,89.16000366210938,89.19999694824219,1621000
2010-12-06,37.75721740722656,89.37000274658203,89.41999816894531,89.2300033569336,89.41999816894531,776300
2010-12-07,37.95155334472656,89.83000183105469,89.91000366210938,89.66999816894531,89.81999969482422,946300
2010-12-08,37.82903289794922,89.54000091552734,90.0,89.41000366210938,89.7300033569336,1216200
2010-12-09,37.74872970581055,89.3499984741211,89.66999816894531,89.33999633789062,89.66999816894531,457200
2010-12-10,37.76567840576172,89.38999938964844,89.61000061035156,89.30999755859375,89.5,613100
2010-12-13,37.57552719116211,88.94000244140625,89.56999969482422,88.81999969482422,89.4000015258789,1176600
2010-12-14,37.76144027709961,89.37999725341797,89.4000015258789,88.87999725341797,89.4000015258789,1366900
2010-12-15,37.61355972290039,89.02999877929688,89.4000015258789,88.91000366210938,89.4000015258789,566500
2010-12-16,37.752986907958984,89.36000061035156,89.36000061035156,88.77999877929688,88.9000015258789,498600
2010-12-17,37.80789566040039,89.48999786376953,89.52999877929688,89.2300033569336,89.3499984741211,989700
2010-12-20,37.875492095947266,89.6500015258789,89.6500015258789,89.5,89.62999725341797,587700
2010-12-21,37.95576477050781,89.83999633789062,89.88999938964844,89.66000366210938,89.80999755859375,785400
2010-12-22,38.0613899230957,90.08999633789062,90.13999938964844,89.7699966430664,89.8499984741211,803000
2010-12-23,38.099403381347656,90.18000030517578,90.25,90.12000274658205,90.1500015258789,560500
2010-12-27,38.128997802734375,90.25,90.36000061035156,90.12000274658205,90.31999969482422,590800
2010-12-28,38.153221130371094,89.7300033569336,89.9000015258789,89.54000091552734,89.87000274658203,575100
2010-12-29,38.2807731628418,90.02999877929688,90.05999755859375,89.72000122070312,89.83999633789062,535700
2010-12-30,38.32328796386719,90.12999725341795,90.13999938964844,89.95999908447266,90.13999938964844,335400
2010-12-31,38.39132308959961,90.29000091552734,90.30999755859376,90.05000305175781,90.12999725341795,715700
2011-01-03,38.42111587524414,90.36000061035156,90.70999908447266,90.2699966430664,90.29000091552734,1448800
2011-01-04,38.595428466796875,90.7699966430664,90.77999877929688,90.4800033569336,90.55999755859376,1077800
2011-01-05,38.69325256347656,91.0,91.01000213623048,90.62999725341795,90.63999938964844,2537800
2011-01-06,38.739994049072266,91.11000061035156,91.12000274658205,90.69000244140624,91.04000091552734,2046600
2011-01-07,38.59120178222656,90.76000213623048,91.12000274658205,90.6999969482422,91.12000274658205,917900
2011-01-10,38.56141662597656,90.69000244140624,90.7300033569336,90.56999969482422,90.61000061035156,517400
2011-01-11,38.71025085449219,91.04000091552734,91.08999633789062,90.8499984741211,90.91000366210938,493300
2011-01-12,38.791038513183594,91.2300033569336,91.33000183105467,91.0500030517578,91.0500030517578,609600
2011-01-13,38.78254318237305,91.20999908447266,91.4499969482422,91.16999816894533,91.23999786376952,1563900
2011-01-14,38.8463020324707,91.36000061035156,91.4000015258789,91.23999786376952,91.3499984741211,912500
2011-01-18,38.8420524597168,91.3499984741211,91.5,91.25,91.5,1186800
2011-01-19,38.7230110168457,91.06999969482422,91.38999938964844,91.05999755859376,91.2699966430664,1073200
2011-01-20,38.646453857421875,90.88999938964844,91.12999725341795,90.76000213623048,91.06999969482422,766000
2011-01-21,38.80377960205078,91.26000213623048,91.33999633789062,90.9800033569336,90.9800033569336,681100
2011-01-24,38.85905456542969,91.38999938964844,91.4499969482422,91.29000091552734,91.29000091552734,697300
2011-01-25,38.91856384277344,91.52999877929688,91.52999877929688,91.33000183105467,91.43000030517578,686400
2011-01-26,38.99937438964844,91.72000122070312,91.72000122070312,91.52999877929688,91.63999938964844,985500
2011-01-27,39.05040740966797,91.83999633789062,91.8499984741211,91.69000244140624,91.7699966430664,679400
2011-01-28,38.81654357910156,91.29000091552734,91.88999938964844,91.2699966430664,91.87999725341795,2015100
2011-01-31,39.0248908996582,91.77999877929688,91.77999877929688,91.36000061035156,91.52999877929688,1183200
2011-02-01,39.10150909423828,91.37000274658205,91.4499969482422,91.20999908447266,91.30999755859376,944600
2011-02-02,39.1442985534668,91.47000122070312,91.51000213623048,91.37000274658205,91.48999786376952,550400
2011-02-03,39.1442985534668,91.47000122070312,91.55999755859376,91.2699966430664,91.4800033569336,1240800
2011-02-04,39.315452575683594,91.87000274658205,91.88999938964844,91.5199966430664,91.6999969482422,1667600
2011-02-07,39.388221740722656,92.04000091552734,92.0500030517578,91.79000091552734,92.01000213623048,2260600
2011-02-08,39.430999755859375,92.13999938964844,92.16000366210938,92.0,92.12000274658205,2632400
2011-02-09,39.20848083496094,91.62000274658205,92.13999938964844,91.62000274658205,92.13999938964844,936900
2011-02-10,39.25127410888672,91.72000122070312,91.91000366210938,91.5,91.5999984741211,801800
2011-02-11,39.34968185424805,91.9499969482422,91.9499969482422,91.62999725341795,91.87000274658205,586700
2011-02-14,39.379638671875,92.0199966430664,92.0199966430664,91.86000061035156,91.86000061035156,660000
2011-02-15,39.302616119384766,91.83999633789062,92.05999755859376,91.7699966430664,92.05999755859376,1109100
2011-02-16,39.315452575683594,91.87000274658205,92.08999633789062,91.87000274658205,92.01000213623048,1378100
2011-02-17,39.40531921386719,92.08000183105467,92.0999984741211,91.95999908447266,92.0,658800
2011-02-18,39.525177001953125,92.36000061035156,92.37000274658205,92.11000061035156,92.18000030517578,870300
2011-02-22,39.199893951416016,91.5999984741211,92.23999786376952,91.58999633789062,92.19000244140624,1305600
2011-02-23,39.238426208496094,91.69000244140624,91.83000183105467,91.58999633789062,91.62999725341795,1062700
2011-02-24,39.26839447021485,91.76000213623048,91.91000366210938,91.70999908447266,91.8499984741211,857300
2011-02-25,39.388221740722656,92.04000091552734,92.08000183105467,91.77999877929688,91.80999755859376,1907800
2011-02-28,39.58504867553711,92.5,92.52999877929688,91.9800033569336,92.13999938964844,4044100
2011-03-01,39.52437210083008,91.77999877929688,91.9800033569336,91.68000030517578,91.97000122070312,1692100
2011-03-02,39.558799743652344,91.86000061035156,91.87999725341795,91.6999969482422,91.75,1271400
2011-03-03,39.70088577270508,92.19000244140624,92.22000122070312,91.91000366210938,91.91000366210938,1615300
2011-03-04,39.61908721923828,92.0,92.20999908447266,91.93000030517578,92.19000244140624,1057200
2011-03-07,39.627681732177734,92.0199966430664,92.13999938964844,91.91999816894533,92.12999725341795,1086800
2011-03-08,39.59324264526367,91.94000244140624,92.05999755859376,91.91000366210938,92.0,971400
2011-03-09,39.48128128051758,91.68000030517578,92.01000213623048,91.6500015258789,91.95999908447266,1241700
2011-03-10,39.27457046508789,91.1999969482422,91.8000030517578,91.16999816894533,91.73999786376952,1098400
2011-03-11,39.26597595214844,91.18000030517578,91.3499984741211,91.05999755859376,91.11000061035156,1023500
2011-03-14,39.10663986206055,90.80999755859376,91.26000213623048,90.76000213623048,91.08999633789062,1643400
2011-03-15,38.90421295166016,90.33999633789062,90.48999786376952,89.5,89.9000015258789,1598300
2011-03-16,38.66305923461914,89.77999877929688,90.62000274658205,89.72000122070312,90.36000061035156,2882900
2011-03-17,39.08079147338867,90.75,90.76000213623048,90.22000122070312,90.22000122070312,1634200
2011-03-18,39.26597595214844,91.18000030517578,91.47000122070312,91.0199966430664,91.13999938964844,1300400
2011-03-21,39.50713348388672,91.73999786376952,91.77999877929688,91.41000366210938,91.48999786376952,943800
2011-03-22,39.52865219116211,91.79000091552734,91.83000183105467,91.52999877929688,91.62000274658205,2285400
2011-03-23,39.48128128051758,91.68000030517578,91.81999969482422,91.52999877929688,91.69000244140624,749400
2011-03-24,39.51573944091797,91.76000213623048,91.8499984741211,91.6500015258789,91.76000213623048,923100
2011-03-25,39.52865219116211,91.79000091552734,91.86000061035156,91.76000213623048,91.83999633789062,478500
2011-03-28,39.54157257080078,91.81999969482422,91.9000015258789,91.69000244140624,91.9000015258789,844000
2011-03-29,39.56310272216797,91.87000274658205,91.91000366210938,91.68000030517578,91.6999969482422,1010700
2011-03-30,39.623416900634766,92.01000213623048,92.05999755859376,91.75,91.9499969482422,1868800
2011-03-31,39.60185623168945,91.95999908447266,92.02999877929688,91.87000274658205,92.02999877929688,924100
2011-04-01,39.55418014526367,91.27999877929688,91.52999877929688,91.27999877929688,91.38999938964844,1322400
2011-04-04,39.79689025878906,91.83999633789062,91.86000061035156,91.3499984741211,91.44000244140624,3254100
2011-04-05,39.7535285949707,91.73999786376952,91.91000366210938,91.63999938964844,91.63999938964844,1338100
2011-04-06,39.840187072753906,91.94000244140624,91.9800033569336,91.83999633789062,91.91000366210938,835300
2011-04-07,39.879207611083984,92.02999877929688,92.06999969482422,91.91999816894533,91.93000030517578,1156700
2011-04-08,39.879207611083984,92.02999877929688,92.12000274658205,91.91000366210938,92.08999633789062,1168900
2011-04-11,39.840187072753906,91.94000244140624,92.16999816894533,91.93000030517578,92.08000183105467,1045900
2011-04-12,39.71452713012695,91.6500015258789,91.9800033569336,91.62000274658205,91.9800033569336,940100
2011-04-13,39.90518951416016,92.08999633789062,92.08999633789062,91.83000183105467,91.87000274658205,1128100
2011-04-14,39.74485397338867,91.72000122070312,92.0199966430664,91.63999938964844,92.0,1538700
2011-04-15,39.79689025878906,91.83999633789062,91.9000015258789,91.76000213623048,91.8499984741211,658300
2011-04-18,39.65818405151367,91.5199966430664,91.6999969482422,91.41999816894533,91.6999969482422,1736400
2011-04-19,39.79689025878906,91.83999633789062,91.86000061035156,91.61000061035156,91.63999938964844,1020800
2011-04-20,39.948509216308594,92.19000244140624,92.2300033569336,91.91000366210938,92.0,716400
2011-04-21,40.043853759765625,92.41000366210938,92.43000030517578,92.11000061035156,92.31999969482422,632000
2011-04-25,40.00052261352539,92.30999755859376,92.4499969482422,92.3000030517578,92.4499969482422,978700
2011-04-26,40.09150695800781,92.5199966430664,92.5199966430664,92.33000183105467,92.4499969482422,575400
2011-04-27,40.11752700805664,92.58000183105467,92.58000183105467,92.4800033569336,92.48999786376952,738800
2011-04-28,40.139190673828125,92.62999725341795,92.66000366210938,92.5500030517578,92.58000183105467,697600
2011-04-29,40.234519958496094,92.8499984741211,92.8499984741211,92.68000030517578,92.76000213623048,799000
2011-05-02,40.21404266357422,92.2300033569336,92.41999816894533,92.20999908447266,92.30999755859376,848700
2011-05-03,40.22274017333984,92.25,92.43000030517578,92.0999984741211,92.41999816894533,977700
2011-05-04,40.20968246459961,92.22000122070312,92.37999725341795,92.12000274658205,92.37999725341795,959400
2011-05-05,40.04399490356445,91.83999633789062,92.22000122070312,91.79000091552734,92.22000122070312,1300000
2011-05-06,40.248897552490234,92.30999755859376,92.4499969482422,92.11000061035156,92.11000061035156,968900
2011-05-09,40.30125427246094,92.43000030517578,92.51000213623048,92.29000091552734,92.38999938964844,620500
2011-05-10,40.388427734375,92.62999725341795,92.62999725341795,92.33000183105467,92.33000183105467,723600
2011-05-11,40.327396392822266,92.48999786376952,92.7300033569336,92.37000274658205,92.69000244140624,595200
2011-05-12,40.36664581298828,92.58000183105467,92.58000183105467,92.26000213623048,92.47000122070312,1129800
2011-05-13,40.200958251953125,92.1999969482422,92.5999984741211,92.1999969482422,92.5999984741211,1053400
2011-05-16,40.2794303894043,92.37999725341795,92.47000122070312,92.26000213623048,92.26000213623048,540400
2011-05-17,40.349159240722656,92.54000091552734,92.58999633789062,92.11000061035156,92.37000274658205,1674000
2011-05-18,40.39718246459961,92.6500015258789,92.66000366210938,92.43000030517578,92.4800033569336,813000
2011-05-19,40.37972259521485,92.61000061035156,92.66999816894533,92.51000213623048,92.66999816894533,715900
2011-05-20,40.349159240722656,92.54000091552734,92.61000061035156,92.41000366210938,92.61000061035156,538900
2011-05-23,40.15736389160156,92.0999984741211,92.3499984741211,92.08000183105467,92.26000213623048,1204800
2011-05-24,40.09193801879883,91.9499969482422,92.37000274658205,91.93000030517578,92.30999755859376,808100
2011-05-25,40.09193801879883,91.9499969482422,92.0500030517578,91.9000015258789,92.02999877929688,1407900
2011-05-26,40.05704498291016,91.87000274658205,92.0,91.87000274658205,91.97000122070312,787900
2011-05-27,40.17914962768555,92.1500015258789,92.26000213623048,91.9000015258789,91.9499969482422,1225700
2011-05-31,40.28815460205078,92.4000015258789,92.45999908447266,92.26000213623048,92.4000015258789,1848000
2011-06-01,40.05386734008789,91.3000030517578,91.88999938964844,91.1500015258789,91.76000213623048,2091600
2011-06-02,40.02753829956055,91.23999786376952,91.4000015258789,91.1999969482422,91.36000061035156,1177000
2011-06-03,39.86960220336914,90.87999725341795,91.08000183105467,90.81999969482422,90.95999908447266,1141100
2011-06-06,39.77312088012695,90.66000366210938,91.01000213623048,90.56999969482422,90.94000244140624,1660100
2011-06-07,39.742408752441406,90.58999633789062,90.93000030517578,90.54000091552734,90.9000015258789,995500
2011-06-08,39.553749084472656,90.16000366210938,90.58000183105467,90.13999938964844,90.55999755859376,1642600
2011-06-09,39.58006286621094,90.22000122070312,90.44000244140624,90.12000274658205,90.20999908447266,1480700
2011-06-10,39.321231842041016,89.62999725341797,90.3499984741211,89.44000244140625,90.2699966430664,3870000
2011-06-13,39.17211151123047,89.29000091552734,89.98999786376953,89.29000091552734,89.75,2015400
2011-06-14,39.41777420043945,89.8499984741211,90.0199966430664,89.80000305175781,89.97000122070312,1253000
2011-06-15,39.25106048583984,89.47000122070312,89.8499984741211,89.37000274658203,89.58000183105469,1319400
2011-06-16,38.55350875854492,87.87999725341797,89.69999694824219,87.62999725341797,89.41000366210938,7149900
2011-06-17,38.97906875610352,88.8499984741211,89.18000030517578,88.30000305175781,88.88999938964844,3486900
2011-06-20,39.25106048583984,89.47000122070312,89.56999969482422,88.94000244140625,88.94999694824219,1555600
2011-06-21,39.5142822265625,90.06999969482422,90.08000183105467,89.55999755859375,89.62000274658203,2212000
2011-06-22,39.229122161865234,89.41999816894531,90.04000091552734,89.41000366210938,89.9000015258789,1667400
2011-06-23,39.439693450927734,89.9000015258789,90.0,88.83000183105469,89.25,2999800
2011-06-24,39.25106048583984,89.47000122070312,90.05000305175781,89.33000183105469,90.05000305175781,1416400
2011-06-27,39.24225616455078,89.44999694824219,89.5999984741211,89.36000061035156,89.51000213623047,1137600
2011-06-28,39.40022277832031,89.80999755859375,89.80999755859375,89.62000274658203,89.69999694824219,1477500
2011-06-29,39.79069137573242,90.6999969482422,90.75,89.94999694824219,90.0999984741211,1752700
2011-06-30,40.05826950073242,91.30999755859376,91.5999984741211,90.6999969482422,90.6999969482422,2514300
2011-07-01,40.2711067199707,91.20999908447266,91.4499969482422,90.83999633789062,91.38999938964844,1749800
2011-07-05,40.324066162109375,91.33000183105467,91.33999633789062,90.91000366210938,91.05999755859376,2253200
2011-07-06,40.34171295166016,91.37000274658205,91.37999725341795,90.91999816894533,90.98999786376952,1969400
2011-07-07,40.50068283081055,91.7300033569336,91.7300033569336,91.30999755859376,91.58000183105467,2662100
2011-07-08,40.39030075073242,91.4800033569336,91.5199966430664,91.13999938964844,91.16000366210938,1771000
2011-07-11,39.992958068847656,90.58000183105467,91.12999725341795,90.5500030517578,91.01000213623048,1967100
2011-07-12,39.882545471191406,90.33000183105467,90.66000366210938,90.31999969482422,90.5199966430664,1407200
2011-07-13,40.19160842895508,91.02999877929688,91.06999969482422,90.54000091552734,90.5999984741211,1056800
2011-07-14,40.1695556640625,90.9800033569336,91.5,90.80999755859376,90.87000274658205,823300
2011-07-15,40.15626907348633,90.9499969482422,91.16999816894533,90.88999938964844,91.16999816894533,688800
2011-07-18,40.085636138916016,90.79000091552734,91.0,90.51000213623048,90.75,2103500
2011-07-19,40.26665496826172,91.1999969482422,91.2300033569336,90.70999908447266,90.77999877929688,894100
2011-07-20,40.3019905090332,91.27999877929688,91.41000366210938,91.1999969482422,91.41000366210938,878500
2011-07-21,40.496238708496094,91.72000122070312,91.7699966430664,91.3499984741211,91.4499969482422,936300
2011-07-22,40.54923629760742,91.83999633789062,91.86000061035156,91.54000091552734,91.5999984741211,670000
2011-07-25,40.33287811279297,91.3499984741211,91.73999786376952,91.33999633789062,91.5500030517578,1050600
2011-07-26,40.416778564453125,91.54000091552734,91.63999938964844,91.33000183105467,91.44000244140624,570200
2011-07-27,40.098907470703125,90.81999969482422,91.58000183105467,90.81999969482422,91.5199966430664,1158100
2011-07-28,40.16071319580078,90.95999908447266,91.18000030517578,90.83000183105467,90.91999816894533,689700
2011-07-29,40.200439453125,91.0500030517578,91.08000183105467,90.41000366210938,90.4800033569336,1199100
2011-08-01,40.28973388671875,90.6999969482422,91.01000213623048,90.25,90.79000091552734,907000
2011-08-02,39.792205810546875,89.58000183105469,90.5,89.56999969482422,90.48999786376952,1286700
2011-08-03,39.769996643066406,89.52999877929688,89.95999908447266,88.80999755859375,89.61000061035156,2361600
2011-08-04,38.62396240234375,86.94999694824219,89.3499984741211,86.91000366210938,89.0,3396500
2011-08-05,38.5839729309082,86.86000061035156,88.12999725341797,84.61000061035156,87.44000244140625,4671900
2011-08-08,36.94036865234375,83.16000366210938,85.86000061035156,82.33000183105469,83.87000274658203,6491600
2011-08-09,38.06869125366211,85.69999694824219,85.69999694824219,83.05000305175781,84.25,5124100
2011-08-10,37.42457962036133,84.25,85.29000091552734,83.88999938964844,85.1500015258789,3395000
2011-08-11,38.10422134399414,85.77999877929688,85.91000366210938,83.66000366210938,83.66000366210938,2916900
2011-08-12,37.92652893066406,85.37999725341797,86.20999908447266,85.02999877929688,85.9800033569336,2273600
2011-08-15,38.543983459472656,86.7699966430664,86.88999938964844,85.68000030517578,85.97000122070312,3280700
2011-08-16,38.2996711730957,86.22000122070312,86.77999877929688,86.12000274658203,86.52999877929688,2712000
2011-08-17,38.72167205810547,87.16999816894531,87.18000030517578,86.5999984741211,86.62999725341797,1668900
2011-08-18,38.25081634521485,86.11000061035156,86.2300033569336,85.11000061035156,86.18000030517578,2342700
2011-08-19,37.91764450073242,85.36000061035156,86.58000183105469,85.08999633789062,85.2699966430664,1879400
2011-08-22,37.96207046508789,85.45999908447266,86.36000061035156,85.3499984741211,86.0,1681100
2011-08-23,38.246395111083984,86.0999984741211,86.23999786376953,84.69999694824219,85.27999877929688,2588800
2011-08-24,38.0731201171875,85.70999908447266,86.05999755859375,85.19000244140625,85.5,2550900
2011-08-25,37.7666015625,85.0199966430664,86.45999908447266,85.0,86.22000122070312,1678800
2011-08-26,38.14863967895508,85.87999725341797,86.05000305175781,84.30000305175781,85.05000305175781,1629000
2011-08-29,38.53507232666016,86.75,86.8499984741211,86.18000030517578,86.47000122070312,2082100
2011-08-30,38.60614776611328,86.91000366210938,86.95999908447266,86.48999786376953,86.61000061035156,1774500
2011-08-31,39.10368347167969,88.02999877929688,88.37999725341797,87.56999969482422,87.79000091552734,3213700
2011-09-01,39.078216552734375,87.41000366210938,87.61000061035156,87.2300033569336,87.48999786376953,1624000
2011-09-02,38.8949089050293,87.0,87.55999755859375,86.56999969482422,86.56999969482422,1814600
2011-09-06,38.43442153930664,85.97000122070312,86.30000305175781,85.5199966430664,85.76000213623047,3004100
2011-09-07,38.622222900390625,86.38999938964844,86.76000213623047,86.11000061035156,86.58999633789062,916900
2011-09-08,38.742897033691406,86.66000366210938,86.8499984741211,86.38999938964844,86.55999755859375,1533100
2011-09-09,38.394195556640625,85.87999725341797,86.80000305175781,85.62999725341797,86.55000305175781,1978400
2011-09-12,38.06337356567383,85.13999938964844,85.45999908447266,84.80999755859375,85.30999755859375,2110000
2011-09-13,38.35395050048828,85.79000091552734,86.0,85.13999938964844,85.33999633789062,2331900
2011-09-14,38.608787536621094,86.36000061035156,86.55999755859375,85.66000366210938,86.06999969482422,1648300
2011-09-15,38.86806869506836,86.94000244140625,86.95999908447266,86.37000274658203,86.55999755859375,1534000
2011-09-16,38.84571838378906,86.88999938964844,87.1500015258789,86.5999984741211,87.1500015258789,1217200
2011-09-19,38.787601470947266,86.76000213623047,86.93000030517578,86.37999725341797,86.73999786376953,1251000
2011-09-20,38.85017776489258,86.9000015258789,87.08000183105469,86.56999969482422,86.91999816894531,1509100
2011-09-21,38.514888763427734,86.1500015258789,87.08000183105469,86.13999938964844,86.9000015258789,2524900
2011-09-22,37.991825103759766,84.9800033569336,85.5199966430664,84.77999877929688,85.16999816894531,2295700
2011-09-23,38.09466171264648,85.20999908447266,85.62000274658203,84.69999694824219,84.7300033569336,2251300
2011-09-26,38.23771286010742,85.52999877929688,86.37999725341797,85.01000213623047,85.38999938964844,2451400
2011-09-27,38.28241729736328,85.62999725341797,86.04000091552734,85.5,86.04000091552734,3481300
2011-09-28,37.853233337402344,84.66999816894531,85.5999984741211,84.51000213623047,85.58000183105469,2696800
2011-09-29,37.78169631958008,84.51000213623047,85.27999877929688,84.36000061035156,85.0,1643100
2011-09-30,37.030616760253906,82.83000183105469,83.9800033569336,82.7300033569336,83.9800033569336,2510700
2011-10-03,36.584228515625,81.30000305175781,82.45999908447266,81.30000305175781,81.91999816894531,2560600
2011-10-04,36.47174072265625,81.05000305175781,81.18000030517578,77.9000015258789,80.61000061035156,4870500
2011-10-05,36.9172477722168,82.04000091552734,82.11000061035156,80.7300033569336,81.43000030517578,2563800
2011-10-06,37.48871612548828,83.30999755859375,83.31999969482422,81.9000015258789,82.29000091552734,2317200
2011-10-07,37.520240783691406,83.37999725341797,83.80000305175781,82.66999816894531,83.77999877929688,2686900
2011-10-10,38.325706481933594,85.16999816894531,85.18000030517578,83.87000274658203,84.37999725341797,2014300
2011-10-11,37.90271759033203,84.2300033569336,85.02999877929688,84.18000030517578,85.02999877929688,2278800
2011-10-12,38.78469467163086,86.19000244140625,86.27999877929688,84.41999816894531,84.7699966430664,4223000
2011-10-13,38.6226921081543,85.83000183105469,86.0199966430664,85.11000061035156,85.83999633789062,3361300
2011-10-14,38.8927001953125,86.43000030517578,86.45999908447266,86.0,86.30999755859375,2760400
2011-10-17,38.667694091796875,85.93000030517578,86.06999969482422,85.7300033569336,86.0199966430664,1904100
2011-10-18,38.87467956542969,86.38999938964844,86.58000183105469,85.43000030517578,85.91999816894531,2890000
2011-10-19,38.748722076416016,86.11000061035156,87.22000122070312,86.05999755859375,86.55000305175781,3574500
2011-10-20,39.09067153930664,86.87000274658203,86.87999725341797,86.19999694824219,86.4000015258789,1759800
2011-10-21,39.56318283081055,87.91999816894531,87.94000244140625,87.25,87.44999694824219,2405600
2011-10-24,40.63416290283203,90.3000030517578,90.4800033569336,87.8499984741211,88.0,5630300
2011-10-25,39.91416549682617,88.69999694824219,89.83000183105469,88.66000366210938,89.41000366210938,4506500
2011-10-26,40.08519744873047,89.08000183105469,89.5,88.44999694824219,89.5,2839500
2011-10-27,40.67464828491211,90.38999938964844,91.41999816894533,90.0,90.73999786376952,5132100
2011-10-28,40.553165435791016,90.12000274658205,90.1999969482422,89.83999633789062,90.16000366210938,2820700
2011-10-31,40.1751708984375,89.27999877929688,89.66999816894531,89.19999694824219,89.66000366210938,2972600
2011-11-01,39.458160400390625,87.16999816894531,88.12000274658203,86.75,87.52999877929688,3132800
2011-11-02,39.8338737487793,88.0,88.18000030517578,87.45999908447266,87.62999725341797,1812500
2011-11-03,40.227691650390625,88.87000274658203,88.98999786376953,88.12000274658203,88.69000244140625,1409900
2011-11-04,40.18692779541016,88.77999877929688,88.86000061035156,88.06999969482422,88.37999725341797,3759500
2011-11-07,40.051170349121094,88.4800033569336,88.79000091552734,88.0199966430664,88.7300033569336,1756000
2011-11-08,40.14165115356445,88.68000030517578,88.81999969482422,88.33000183105469,88.75,1823800
2011-11-09,39.290672302246094,86.80000305175781,87.97000122070312,86.80000305175781,87.70999908447266,2151500
2011-11-10,39.3314208984375,86.88999938964844,87.70999908447266,86.87000274658203,87.56999969482422,2487700
2011-11-11,39.85195541381836,88.04000091552734,88.11000061035156,87.33000183105469,87.4000015258789,1270200
2011-11-14,39.58491516113281,87.44999694824219,87.87999725341797,87.0,87.87999725341797,1603100
2011-11-15,39.48078536987305,87.22000122070312,87.4000015258789,86.9000015258789,87.30999755859375,1450000
2011-11-16,39.096046447753906,86.37000274658203,87.12000274658203,86.3499984741211,86.97000122070312,1788500
2011-11-17,38.90592193603515,85.94999694824219,86.7699966430664,85.52999877929688,86.51000213623047,2131700
2011-11-18,38.87876892089844,85.88999938964844,86.30999755859375,85.79000091552734,86.27999877929688,2226100
2011-11-21,38.43968963623047,84.91999816894531,85.91999816894531,84.81999969482422,85.79000091552734,3219000
2011-11-22,38.14545440673828,84.2699966430664,85.13999938964844,84.19000244140625,84.9000015258789,4123400
2011-11-23,37.45742416381836,82.75,84.19999694824219,82.62999725341797,84.01000213623047,4483000
2011-11-25,37.45742416381836,82.75,83.69000244140625,82.52999877929688,82.98999786376953,1476200
2011-11-28,38.29481887817383,84.5999984741211,84.91999816894531,84.0199966430664,84.52999877929688,2455000
2011-11-29,38.54378128051758,85.1500015258789,85.1500015258789,84.62000274658203,84.91999816894531,2010300
2011-11-30,39.20015335083008,86.5999984741211,86.68000030517578,86.06999969482422,86.30000305175781,2944100
2011-12-01,39.37279510498047,86.43000030517578,86.5199966430664,85.83999633789062,86.0,2442000
2011-12-02,39.59599304199219,86.91999816894531,87.0,86.43000030517578,86.69000244140625,2664700
2011-12-05,39.81922912597656,87.41000366210938,87.63999938964844,87.12000274658203,87.44000244140625,2719200
2011-12-06,39.996883392333984,87.80000305175781,87.86000061035156,87.12999725341797,87.37000274658203,2355600
2011-12-07,39.86931610107422,87.5199966430664,87.68000030517578,87.19000244140625,87.58000183105469,1740600
2011-12-08,39.60966873168945,86.94999694824219,87.5199966430664,86.94000244140625,87.38999938964844,1994200
2011-12-09,39.95131301879883,87.69999694824219,87.75,87.0,87.0999984741211,1355900
2011-12-12,39.73723983764648,87.2300033569336,87.37999725341797,87.05000305175781,87.37999725341797,1772000
2011-12-13,39.5869140625,86.9000015258789,87.70999908447266,86.87000274658203,87.51000213623047,1742400
2011-12-14,39.518550872802734,86.75,86.9800033569336,86.47000122070312,86.93000030517578,1317700
2011-12-15,39.65979766845703,87.05999755859375,87.3499984741211,86.93000030517578,87.33999633789062,1562200
2011-12-16,39.84654998779297,87.47000122070312,87.51000213623047,87.0,87.25,1383900
2011-12-19,39.79643630981445,87.36000061035156,87.94999694824219,87.3499984741211,87.54000091552734,2268000
2011-12-20,40.292999267578125,88.44999694824219,88.5199966430664,87.86000061035156,87.94000244140625,1957100
2011-12-21,40.40687942504883,88.69999694824219,88.69999694824219,88.0999984741211,88.20999908447266,1792300
2011-12-22,40.561763763427734,89.04000091552734,89.16000366210938,88.45999908447266,88.62999725341797,1885800
2011-12-23,40.74853515625,89.44999694824219,89.51000213623047,88.87000274658203,88.98999786376953,1255200
2011-12-27,40.911231994628906,89.2699966430664,89.30000305175781,88.80000305175781,89.02999877929688,2282000
2011-12-28,40.71878433227539,88.8499984741211,89.48999786376953,88.76000213623047,89.41000366210938,1899200
2011-12-29,40.961612701416016,89.37999725341797,89.44000244140625,88.86000061035156,89.0999984741211,1558600
2011-12-30,40.98455047607422,89.43000030517578,89.6500015258789,89.26000213623047,89.37000274658203,1553400
2012-01-03,41.11748123168945,89.72000122070312,89.98999786376953,89.44999694824219,89.81999969482422,3118800
2012-01-04,41.04872512817383,89.56999969482422,89.70999908447266,89.11000061035156,89.69999694824219,3010000
2012-01-05,40.86998748779297,89.18000030517578,89.58000183105469,88.98999786376953,89.54000091552734,2579700
2012-01-06,40.741676330566406,88.9000015258789,89.38999938964844,88.75,89.38999938964844,1916400
2012-01-09,40.796661376953125,89.0199966430664,89.2300033569336,88.91000366210938,88.91000366210938,2157800
2012-01-10,40.9387092590332,89.33000183105469,89.4800033569336,89.19999694824219,89.4000015258789,2318000
2012-01-11,40.897483825683594,89.23999786376953,89.33000183105469,89.04000091552734,89.2699966430664,1191100
2012-01-12,40.84249496459961,89.12000274658203,89.44000244140625,89.04000091552734,89.23999786376953,1558100
2012-01-13,40.796661376953125,89.0199966430664,89.12999725341797,88.55000305175781,89.06999969482422,1929400
2012-01-17,40.87913513183594,89.19999694824219,89.37999725341797,89.05999755859375,89.37999725341797,4144200
2012-01-18,40.99372863769531,89.44999694824219,89.45999908447266,88.94999694824219,89.20999908447266,2725800
2012-01-19,41.05329132080078,89.58000183105469,89.8499984741211,89.45999908447266,89.72000122070312,2953000
2012-01-20,41.05329132080078,89.58000183105469,89.73999786376953,89.54000091552734,89.61000061035156,2037500
2012-01-23,41.19537353515625,89.88999938964844,90.0199966430664,89.66000366210938,89.7699966430664,1680100
2012-01-24,41.30079650878906,90.12000274658205,90.16999816894533,89.72000122070312,89.88999938964844,2863800
2012-01-25,41.66281509399414,90.91000366210938,91.0,89.91999816894531,90.3000030517578,3882800
2012-01-26,41.763648986816406,91.12999725341795,91.4800033569336,90.91999816894533,91.3000030517578,6487500
2012-01-27,41.61241912841797,90.8000030517578,91.18000030517578,90.8000030517578,91.01000213623048,2431100
2012-01-30,41.47951889038086,90.51000213623048,90.7300033569336,90.3499984741211,90.45999908447266,2553000
2012-01-31,41.584903717041016,90.73999786376952,90.87000274658205,90.52999877929688,90.75,2864400
2012-02-01,41.661861419677734,90.4000015258789,90.72000122070312,90.27999877929688,90.27999877929688,4284200
2012-02-02,41.68952178955078,90.45999908447266,90.62000274658205,90.41000366210938,90.58999633789062,2079600
2012-02-03,41.80937194824219,90.72000122070312,91.23999786376952,90.58000183105467,91.22000122070312,2312900
2012-02-06,41.81856918334961,90.73999786376952,90.76000213623048,90.5,90.63999938964844,2270500
2012-02-07,41.90152359008789,90.91999816894533,90.98999786376952,90.66999816894533,90.79000091552734,2467000
2012-02-08,41.93840408325195,91.0,91.08999633789062,90.80999755859376,91.04000091552734,3336000
2012-02-09,41.956817626953125,91.04000091552734,91.08999633789062,90.66999816894533,91.05999755859376,3258700
2012-02-10,41.59274673461914,90.25,90.62000274658205,90.25,90.58000183105467,2909600
2012-02-13,41.71256637573242,90.51000213623048,90.72000122070312,90.33000183105467,90.5,2193100
2012-02-14,41.71256637573242,90.51000213623048,90.6500015258789,90.38999938964844,90.45999908447266,3000100
2012-02-15,41.57892608642578,90.22000122070312,90.7699966430664,90.1999969482422,90.52999877929688,1986600
2012-02-16,41.754051208496094,90.5999984741211,90.62000274658205,89.98999786376953,90.22000122070312,2514100
2012-02-17,41.740230560302734,90.56999969482422,90.86000061035156,90.4499969482422,90.83999633789062,2402700
2012-02-21,41.896915435791016,90.91000366210938,91.08999633789062,90.6500015258789,90.68000030517578,2265100
2012-02-22,42.030555725097656,91.1999969482422,91.25,90.97000122070312,91.02999877929688,3570600
2012-02-23,42.18263626098633,91.52999877929688,91.73999786376952,91.1999969482422,91.26000213623048,3212300
2012-02-24,42.31169128417969,91.80999755859376,91.8499984741211,91.4800033569336,91.5500030517578,1795500
2012-02-27,42.32093811035156,91.83000183105467,91.9499969482422,91.58999633789062,91.58999633789062,1608100
2012-02-28,42.40386962890625,92.01000213623048,92.12000274658205,91.8499984741211,91.9000015258789,2813200
2012-02-29,42.459171295166016,92.12999725341795,92.26000213623048,91.7699966430664,92.0999984741211,3085800
2012-03-01,42.531951904296875,91.75,91.83999633789062,91.5,91.6500015258789,3802800
2012-03-02,42.355804443359375,91.37000274658205,91.7300033569336,91.33999633789062,91.7300033569336,1709000
2012-03-05,42.11937713623047,90.86000061035156,91.4800033569336,90.8499984741211,91.4499969482422,2333700
2012-03-06,41.55845642089844,89.6500015258789,90.73999786376952,89.6500015258789,90.54000091552734,5792700
2012-03-07,41.674354553222656,89.9000015258789,90.01000213623047,89.63999938964844,89.93000030517578,5840700
2012-03-08,41.99884796142578,90.5999984741211,90.62000274658205,90.04000091552734,90.25,2249700
2012-03-09,42.045188903808594,90.6999969482422,90.94000244140624,90.62999725341795,90.69000244140624,2531300
2012-03-12,42.045188903808594,90.6999969482422,90.72000122070312,90.5,90.62000274658205,2153000
2012-03-13,42.3511848449707,91.36000061035156,91.36000061035156,90.76000213623048,90.9800033569336,2890700
2012-03-14,42.24454116821289,91.12999725341795,91.3499984741211,90.66999816894533,91.30999755859376,2928800
2012-03-15,42.10084533691406,90.81999969482422,91.1999969482422,90.73999786376952,91.1999969482422,1726800
2012-03-16,41.94784927368164,90.48999786376952,91.0,90.3000030517578,90.91000366210938,3570300
2012-03-19,42.10546875,90.83000183105467,90.86000061035156,90.33000183105467,90.48999786376952,2283900
2012-03-20,42.07300567626953,90.76000213623048,90.91999816894533,90.61000061035156,90.76000213623048,2756600
2012-03-21,41.938602447509766,90.47000122070312,90.93000030517578,90.4499969482422,90.93000030517578,3280100
2012-03-22,42.040557861328125,90.69000244140624,90.77999877929688,90.43000030517578,90.4499969482422,3500900
2012-03-23,41.95249557495117,90.5,90.75,90.4000015258789,90.66000366210938,3465200
2012-03-26,42.20745086669922,91.0500030517578,91.05999755859376,90.56999969482422,90.62000274658205,2081200
2012-03-27,42.2816276550293,91.20999908447266,91.30999755859376,90.94000244140624,91.01000213623048,4196700
2012-03-28,42.14256286621094,90.91000366210938,91.25,90.7699966430664,91.25,2803700
2012-03-29,42.13793182373047,90.9000015258789,90.9499969482422,90.5999984741211,90.81999969482422,2158600
2012-03-30,42.05447769165039,90.72000122070312,91.06999969482422,90.58999633789062,90.97000122070312,4020300
2012-04-02,42.12679672241211,90.33000183105467,90.47000122070312,90.1999969482422,90.36000061035156,5883800
2012-04-03,42.08944320678711,90.25,90.5199966430664,90.23999786376952,90.30999755859376,4099700
2012-04-04,41.935569763183594,89.91999816894531,90.0999984741211,89.79000091552734,89.97000122070312,2297600
2012-04-05,41.83296585083008,89.69999694824219,89.9000015258789,89.58999633789062,89.87000274658203,3658900
2012-04-09,41.6184196472168,89.23999786376953,89.56999969482422,89.13999938964844,89.52999877929688,2692500
2012-04-10,41.41320037841797,88.80000305175781,89.43000030517578,88.72000122070312,89.2699966430664,4471100
2012-04-11,41.6650505065918,89.33999633789062,89.38999938964844,89.06999969482422,89.23999786376953,2003700
2012-04-12,42.03816223144531,90.13999938964844,90.20999908447266,89.33999633789062,89.41999816894531,2753500
2012-04-13,41.90289306640625,89.8499984741211,90.1999969482422,89.79000091552734,90.11000061035156,2767400
2012-04-16,41.96820068359375,89.98999786376953,90.16999816894533,89.70999908447266,90.04000091552734,3804300
2012-04-17,42.15008544921875,90.37999725341795,90.48999786376952,90.1500015258789,90.26000213623048,2787400
2012-04-18,42.13610076904297,90.3499984741211,90.45999908447266,90.19000244140624,90.23999786376952,3322600
2012-04-19,42.05681991577149,90.18000030517578,90.48999786376952,90.08000183105467,90.31999969482422,2597800
2012-04-20,42.12211227416992,90.31999969482422,90.45999908447266,90.11000061035156,90.45999908447266,2241500
2012-04-23,42.03348159790039,90.12999725341795,90.16000366210938,89.8499984741211,90.0199966430664,2850700
2012-04-24,42.13144302368164,90.33999633789062,90.33999633789062,90.0999984741211,90.2300033569336,2049300
2012-04-25,42.43925476074219,91.0,91.0,90.45999908447266,90.56999969482422,3351000
2012-04-26,42.46721649169922,91.05999755859376,91.13999938964844,90.95999908447266,91.0,2641100
2012-04-27,42.44855880737305,91.0199966430664,91.1500015258789,90.9000015258789,91.13999938964844,2413000
2012-04-30,42.53247833251953,91.1999969482422,91.22000122070312,90.8000030517578,91.02999877929688,3989000
2012-05-01,42.56483459472656,90.76000213623048,91.16999816894533,90.7300033569336,90.8499984741211,3624600
2012-05-02,42.729007720947266,91.11000061035156,91.18000030517578,90.5999984741211,90.66000366210938,2040700
2012-05-03,42.70085906982422,91.0500030517578,91.25,90.9499969482422,91.1999969482422,1871900
2012-05-04,42.616458892822266,90.87000274658205,91.08000183105467,90.8000030517578,90.94000244140624,2381400
2012-05-07,42.686805725097656,91.0199966430664,91.23999786376952,90.61000061035156,90.83999633789062,1906100
2012-05-08,42.67743682861328,91.0,91.06999969482422,90.72000122070312,90.88999938964844,1688900
2012-05-09,42.52735137939453,90.68000030517578,90.86000061035156,90.44000244140624,90.7699966430664,3146800
2012-05-10,42.48042678833008,90.58000183105467,91.02999877929688,90.5199966430664,90.9800033569336,3354000
2012-05-11,42.58831405639648,90.80999755859376,91.1500015258789,90.4800033569336,90.54000091552734,2765200
2012-05-14,42.27409744262695,90.13999938964844,90.56999969482422,90.0,90.5,4544000
2012-05-15,42.0677490234375,89.69999694824219,90.18000030517578,89.69999694824219,90.0999984741211,5242100
2012-05-16,41.655025482177734,88.81999969482422,90.05000305175781,88.79000091552734,89.80999755859375,6224400
2012-05-17,41.078182220458984,87.58999633789062,88.83000183105469,87.37000274658203,88.81999969482422,8867800
2012-05-18,41.078182220458984,87.58999633789062,88.29000091552734,87.4800033569336,88.01000213623047,6525600
2012-05-21,41.50497817993164,88.5,88.55999755859375,87.68000030517578,87.69000244140625,4276900
2012-05-22,41.50026321411133,88.48999786376953,89.11000061035156,88.37999725341797,88.76000213623047,3675300
2012-05-23,41.45809555053711,88.4000015258789,88.68000030517578,87.94999694824219,88.29000091552734,4320900
2012-05-24,41.467430114746094,88.41999816894531,88.6500015258789,88.25,88.25,2183000
2012-05-25,41.336124420166016,88.13999938964844,88.63999938964844,88.08999633789062,88.56999969482422,1651500
2012-05-29,41.79104232788086,89.11000061035156,89.25,88.44999694824219,88.52999877929688,4380300
2012-05-30,41.60343170166016,88.70999908447266,88.80999755859375,88.52999877929688,88.7300033569336,2543300
2012-05-31,41.16257095336914,87.7699966430664,88.80000305175781,87.75,88.80000305175781,10706100
2012-06-01,40.80491256713867,86.47000122070312,87.16000366210938,86.36000061035156,86.58000183105469,5945600
2012-06-04,40.83793258666992,86.54000091552734,86.8499984741211,86.43000030517578,86.54000091552734,3125700
2012-06-05,41.097469329833984,87.08999633789062,87.37999725341797,86.44999694824219,86.54000091552734,2970100
2012-06-06,41.536338806152344,88.0199966430664,88.04000091552734,87.30999755859375,87.48999786376953,2334800
2012-06-07,41.69207000732422,88.3499984741211,88.73999786376953,88.04000091552734,88.5,5454300
2012-06-08,41.8525276184082,88.69000244140625,88.9000015258789,88.19000244140625,88.33000183105469,3738100
2012-06-11,41.578819274902344,88.11000061035156,88.98999786376953,88.0999984741211,88.9000015258789,5266700
2012-06-12,41.87137222290039,88.7300033569336,88.81999969482422,88.26000213623047,88.41000366210938,3648400
2012-06-13,41.74869918823242,88.47000122070312,88.91999816894531,88.26000213623047,88.5999984741211,3527200
2012-06-14,42.06014633178711,89.12999725341797,89.23999786376953,88.43000030517578,88.48999786376953,3874100
2012-06-15,42.13566589355469,89.29000091552734,89.37999725341797,89.0,89.0,2683200
2012-06-18,42.14981460571289,89.31999969482422,89.33999633789062,89.0,89.08999633789062,3628200
2012-06-19,42.44710922241211,89.94999694824219,90.11000061035156,89.33999633789062,89.69000244140625,2809100
2012-06-20,42.612274169921875,90.3000030517578,90.33999633789062,89.81999969482422,90.18000030517578,3719000
2012-06-21,42.263065338134766,89.55999755859375,90.6999969482422,89.41999816894531,90.4000015258789,4843700
2012-06-22,42.55091857910156,90.16999816894533,90.27999877929688,89.8499984741211,89.87000274658203,3211700
2012-06-25,42.484859466552734,90.02999877929688,90.05000305175781,89.66999816894531,89.80999755859375,3385600
2012-06-26,42.42350006103515,89.9000015258789,90.12000274658205,89.66000366210938,90.11000061035156,2357900
2012-06-27,42.67832565307617,90.44000244140624,90.45999908447266,90.05999755859375,90.05999755859375,1918000
2012-06-28,42.67361831665039,90.43000030517578,90.48999786376952,90.08000183105467,90.19000244140624,3068700
2012-06-29,43.07946014404297,91.29000091552734,91.29000091552734,90.77999877929688,90.9800033569336,3394900
2012-07-02,43.1259651184082,90.87000274658205,90.87000274658205,90.4000015258789,90.8000030517578,3810700
2012-07-03,43.28257369995117,91.1999969482422,91.26000213623048,90.83000183105467,90.9499969482422,1987500
2012-07-05,43.28732681274414,91.20999908447266,91.41000366210938,90.72000122070312,91.0,2221300
2012-07-06,43.230350494384766,91.08999633789062,91.12999725341795,90.6999969482422,90.73999786376952,2612400
2012-07-09,43.24460220336914,91.12000274658205,91.23999786376952,90.88999938964844,90.98999786376952,1916600
2012-07-10,43.05474853515625,90.72000122070312,91.33999633789062,90.5999984741211,91.1999969482422,1832600
2012-07-11,43.192413330078125,91.01000213623048,91.08000183105467,90.63999938964844,90.86000061035156,3188700
2012-07-12,43.097469329833984,90.80999755859376,90.95999908447266,90.45999908447266,90.93000030517578,1989100
2012-07-13,43.230350494384766,91.08999633789062,91.12999725341795,90.76000213623048,90.91000366210938,2316400
2012-07-16,43.06426239013672,90.73999786376952,91.02999877929688,90.66000366210938,90.69000244140624,2178900
2012-07-17,43.26835632324219,91.16999816894533,91.19000244140624,90.69000244140624,91.0,4036500
2012-07-18,43.44866943359375,91.5500030517578,91.5500030517578,91.08999633789062,91.12999725341795,3958600
2012-07-19,43.55783462524414,91.77999877929688,91.88999938964844,91.4800033569336,91.51000213623048,4718200
2012-07-20,43.353755950927734,91.3499984741211,91.61000061035156,91.2300033569336,91.51000213623048,2733500
2012-07-23,43.28257369995117,91.1999969482422,91.29000091552734,90.58000183105467,90.83999633789062,4561700
2012-07-24,43.016788482666016,90.63999938964844,91.16000366210938,90.56999969482422,91.12000274658205,3447700
2012-07-25,42.92661666870117,90.4499969482422,90.93000030517578,90.44000244140624,90.88999938964844,2891000
2012-07-26,43.36800765991211,91.37999725341795,91.41999816894533,90.83000183105467,90.88999938964844,4330900
2012-07-27,43.62425994873047,91.91999816894533,91.94000244140624,91.37000274658205,91.37000274658205,5556800
2012-07-30,43.62425994873047,91.91999816894533,91.9499969482422,91.6500015258789,91.9000015258789,3889700
2012-07-31,43.51987075805664,91.6999969482422,91.98999786376952,91.54000091552734,91.9499969482422,3530800
2012-08-01,43.75608825683594,91.69000244140624,91.69000244140624,91.1500015258789,91.41000366210938,3598100
2012-08-02,43.57952499389648,91.31999969482422,91.58999633789062,91.1500015258789,91.45999908447266,4516600
2012-08-03,43.7608642578125,91.6999969482422,91.9000015258789,91.56999969482422,91.5999984741211,4602000
2012-08-06,43.73223114013672,91.63999938964844,91.98999786376952,91.63999938964844,91.6500015258789,2864400
2012-08-07,43.64633560180664,91.45999908447266,91.9000015258789,91.36000061035156,91.81999969482422,3680600
2012-08-08,43.67498779296875,91.5199966430664,91.70999908447266,91.4800033569336,91.58000183105467,3162100
2012-08-09,43.67972946166992,91.52999877929688,91.66000366210938,91.37999725341795,91.62000274658205,2975600
2012-08-10,43.641571044921875,91.4499969482422,91.58000183105467,91.30999755859376,91.41999816894533,1533600
2012-08-13,43.665428161621094,91.5,91.5,91.25,91.41000366210938,2007800
2012-08-14,43.73223114013672,91.63999938964844,91.79000091552734,91.47000122070312,91.5,2381000
2012-08-15,43.522239685058594,91.1999969482422,91.7300033569336,91.1999969482422,91.7300033569336,2580400
2012-08-16,43.68452835083008,91.54000091552734,91.58000183105467,91.08000183105467,91.33999633789062,2914300
2012-08-17,43.68452835083008,91.54000091552734,91.6500015258789,91.38999938964844,91.48999786376952,2222000
2012-08-20,43.73701095581055,91.6500015258789,91.6999969482422,91.41000366210938,91.55999755859376,2333200
2012-08-21,43.83243942260742,91.8499984741211,91.86000061035156,91.6999969482422,91.7300033569336,2531200
2012-08-22,43.78950881958008,91.76000213623048,91.87000274658205,91.68000030517578,91.76000213623048,1889100
2012-08-23,43.779930114746094,91.73999786376952,91.8499984741211,91.61000061035156,91.7699966430664,1141700
2012-08-24,43.97562026977539,92.1500015258789,92.16000366210938,91.69000244140624,91.7699966430664,2082100
2012-08-27,43.94221878051758,92.08000183105467,92.22000122070312,91.91999816894533,92.12000274658205,1883600
2012-08-28,43.904014587402344,92.0,92.1500015258789,91.9499969482422,92.06999969482422,1795700
2012-08-29,43.9660530090332,92.12999725341795,92.16999816894533,92.0,92.12999725341795,1617600
2012-08-30,43.94697189331055,92.08999633789062,92.18000030517578,92.0,92.08000183105467,2022400
2012-08-31,44.06150436401367,92.33000183105467,92.4000015258789,92.08999633789062,92.25,1801800
2012-09-04,44.06053161621094,91.81999969482422,91.87000274658205,91.55999755859376,91.87000274658205,3921500
2012-09-05,44.06534957885742,91.83000183105467,91.91999816894533,91.76000213623048,91.91000366210938,1541000
2012-09-06,44.3244743347168,92.37000274658205,92.37999725341795,91.86000061035156,91.86000061035156,3306000
2012-09-07,44.40122985839844,92.52999877929688,92.5999984741211,92.37000274658205,92.5,3403300
2012-09-10,44.32926940917969,92.37999725341795,92.70999908447266,92.31999969482422,92.4800033569336,2138600
2012-09-11,44.63160705566406,93.01000213623048,93.01000213623048,92.43000030517578,92.43000030517578,4400300
2012-09-12,44.76595306396485,93.29000091552734,93.30999755859376,93.08000183105467,93.12999725341795,1957400
2012-09-13,45.05389022827149,93.88999938964844,93.91000366210938,93.26000213623048,93.33000183105467,5946800
2012-09-14,45.049049377441406,93.87999725341795,94.04000091552734,93.70999908447266,93.9000015258789,3467200
2012-09-17,45.01067352294922,93.8000030517578,93.9800033569336,93.6999969482422,93.77999877929688,3075500
2012-09-18,45.02985382080078,93.83999633789062,93.91999816894533,93.62000274658205,93.83000183105467,4099400
2012-09-19,44.97230529785156,93.72000122070312,93.94000244140624,93.72000122070312,93.94000244140624,3306500
2012-09-20,44.76115036010742,93.27999877929688,93.63999938964844,93.2699966430664,93.62999725341795,2122200
2012-09-21,44.69877243041992,93.1500015258789,93.47000122070312,93.02999877929688,93.47000122070312,3121700
2012-09-24,44.64117813110352,93.02999877929688,93.12000274658205,92.94000244140624,93.0199966430664,1867200
2012-09-25,44.24288558959961,92.1999969482422,93.0999984741211,92.12999725341795,93.0500030517578,5726800
2012-09-26,44.022159576416016,91.73999786376952,92.1999969482422,91.4800033569336,92.18000030517578,6554200
2012-09-27,44.50198745727539,92.73999786376952,92.73999786376952,92.0,92.18000030517578,3882600
2012-09-28,44.29090881347656,92.3000030517578,92.66999816894533,92.29000091552734,92.66000366210938,3668200
2012-10-01,44.21611404418945,91.66000366210938,92.2699966430664,91.5999984741211,92.2699966430664,5386700
2012-10-02,44.327091217041016,91.88999938964844,91.97000122070312,91.63999938964844,91.83999633789062,3151900
2012-10-03,44.438018798828125,92.12000274658205,92.3499984741211,91.91000366210938,91.97000122070312,3201000
2012-10-04,44.62614440917969,92.51000213623048,92.56999969482422,92.18000030517578,92.2300033569336,1847200
2012-10-05,44.60200500488281,92.45999908447266,92.79000091552734,92.27999877929688,92.77999877929688,2513500
2012-10-08,44.539329528808594,92.33000183105467,92.4000015258789,92.19000244140624,92.26000213623048,1143300
2012-10-09,44.413909912109375,92.06999969482422,92.51000213623048,92.0500030517578,92.51000213623048,5777300
2012-10-10,44.30778121948242,91.8499984741211,92.20999908447266,91.8000030517578,92.1500015258789,5431800
2012-10-11,44.54896545410156,92.3499984741211,92.37000274658205,92.12000274658205,92.1999969482422,2811000
2012-10-12,44.62614440917969,92.51000213623048,92.76000213623048,92.30999755859376,92.44000244140624,3696800
2012-10-15,44.828765869140625,92.93000030517578,92.97000122070312,92.58000183105467,92.76000213623048,2378500
2012-10-16,44.99277877807617,93.2699966430664,93.33000183105467,92.94000244140624,93.05999755859376,3536300
2012-10-17,45.09407424926758,93.4800033569336,93.55999755859376,93.3000030517578,93.4000015258789,2971500
2012-10-18,45.069942474365234,93.43000030517578,93.52999877929688,93.3000030517578,93.3499984741211,1676300
2012-10-19,44.84324645996094,92.95999908447266,93.41999816894533,92.87999725341795,93.37000274658205,2041200
2012-10-22,44.85286331176758,92.9800033569336,93.19000244140624,92.91999816894533,93.0,3021700
2012-10-23,44.684024810791016,92.62999725341795,92.80999755859376,92.5,92.6999969482422,3916900
2012-10-24,44.64546203613281,92.5500030517578,92.87000274658205,92.5,92.83999633789062,4332900
2012-10-25,44.717830657958984,92.6999969482422,92.95999908447266,92.5999984741211,92.91999816894533,2005600
2012-10-26,44.611690521240234,92.4800033569336,92.79000091552734,92.27999877929688,92.7300033569336,4591800
2012-10-31,44.66475296020508,92.58999633789062,92.66999816894533,92.44000244140624,92.4800033569336,2914100
2012-11-01,44.64059829711914,92.54000091552734,92.62999725341795,92.05999755859376,92.18000030517578,2092300
2012-11-02,44.57792663574219,92.41000366210938,92.75,92.38999938964844,92.66000366210938,2829300
2012-11-05,44.50554656982422,92.26000213623048,92.58999633789062,92.11000061035156,92.4000015258789,3361700
2012-11-06,44.57307815551758,92.4000015258789,92.5199966430664,92.2699966430664,92.43000030517578,1409000
2012-11-07,44.30778121948242,91.8499984741211,92.2699966430664,91.8000030517578,92.25,3698200
2012-11-08,44.16304397583008,91.5500030517578,92.16000366210938,91.5,91.95999908447266,5829400
2012-11-09,44.08586502075195,91.38999938964844,91.68000030517578,91.25,91.27999877929688,3953900
2012-11-12,44.10035705566406,91.41999816894533,91.56999969482422,91.31999969482422,91.48999786376952,2066000
2012-11-13,43.9990234375,91.20999908447266,91.37999725341795,91.06999969482422,91.27999877929688,4347400
2012-11-14,43.757835388183594,90.70999908447266,91.5,90.63999938964844,91.45999908447266,5017500
2012-11-15,43.738555908203125,90.66999816894533,90.91999816894533,90.08999633789062,90.5500030517578,6989700
2012-11-16,43.863975524902344,90.93000030517578,91.0,90.52999877929688,90.76000213623048,4730200
2012-11-19,44.418724060058594,92.08000183105467,92.12000274658205,91.20999908447266,91.2300033569336,9498500
2012-11-20,44.42352294921875,92.08999633789062,92.18000030517578,91.83999633789062,92.08000183105467,4010400
2012-11-21,44.4090690612793,92.05999755859376,92.2300033569336,91.97000122070312,92.0,2984700
2012-11-23,44.55862045288086,92.37000274658205,92.44000244140624,92.11000061035156,92.25,1041100
2012-11-26,44.568267822265625,92.38999938964844,92.38999938964844,92.01000213623048,92.30999755859376,2160700
2012-11-27,44.611690521240234,92.4800033569336,92.56999969482422,92.26000213623048,92.26000213623048,4194100
2012-11-28,44.62132263183594,92.5,92.73999786376952,92.23999786376952,92.41000366210938,6528000
2012-11-29,44.81911849975586,92.91000366210938,92.9499969482422,92.5999984741211,92.7300033569336,3870500
2012-11-30,44.88661575317383,93.0500030517578,93.1500015258789,92.87000274658205,92.9000015258789,3276200
2012-12-03,45.11407470703125,93.02999877929688,93.02999877929688,92.66000366210938,92.86000061035156,5444400
2012-12-04,45.11407470703125,93.02999877929688,93.16999816894533,92.8499984741211,92.98999786376952,3121100
2012-12-05,45.18681335449219,93.18000030517578,93.29000091552734,92.8499984741211,93.2699966430664,4580900
2012-12-06,45.26926803588867,93.3499984741211,93.38999938964844,93.1500015258789,93.1500015258789,2261500
2012-12-07,45.20138931274414,93.20999908447266,93.5,93.16000366210938,93.4499969482422,2294400
2012-12-10,45.24014663696289,93.29000091552734,93.5,93.16999816894533,93.5,2140700
2012-12-11,45.28379440307617,93.37999725341795,93.70999908447266,93.3499984741211,93.52999877929688,3206300
2012-12-12,45.41959762573242,93.66000366210938,93.8000030517578,93.44000244140624,93.5500030517578,3305600
2012-12-13,45.259521484375,93.33000183105467,93.8000030517578,93.3000030517578,93.5999984741211,4898700
2012-12-14,45.22563171386719,93.26000213623048,93.5,93.26000213623048,93.36000061035156,2741400
2012-12-17,45.400203704833984,93.62000274658205,93.6999969482422,93.31999969482422,93.31999969482422,2195600
2012-12-18,45.4244384765625,93.66999816894533,93.80999755859376,93.58000183105467,93.7699966430664,3409800
2012-12-19,45.375938415527344,93.56999969482422,93.73999786376952,93.56999969482422,93.73999786376952,2566400
2012-12-20,45.53597259521485,93.9000015258789,93.91000366210938,93.58999633789062,93.5999984741211,3191200
2012-12-21,45.40502166748047,93.62999725341795,93.68000030517578,93.44000244140624,93.44000244140624,3187900
2012-12-24,45.24014663696289,93.29000091552734,93.5500030517578,93.19000244140624,93.43000030517578,1221400
2012-12-26,45.34984588623047,93.01000213623048,93.13999938964844,92.79000091552734,93.0,2257200
2012-12-27,45.44252395629883,93.1999969482422,93.1999969482422,92.88999938964844,93.0500030517578,2332600
2012-12-28,45.32060241699219,92.9499969482422,93.23999786376952,92.86000061035156,93.01000213623048,2426100
2012-12-31,45.51565170288086,93.3499984741211,93.4000015258789,92.93000030517578,92.97000122070312,2918500
2013-01-02,45.94474411010742,94.2300033569336,94.2300033569336,93.8000030517578,94.06999969482422,3975200
2013-01-03,45.80333709716797,93.94000244140624,94.29000091552734,93.87999725341795,94.08000183105467,3950700
2013-01-04,45.832576751708984,94.0,94.08000183105467,93.83000183105467,93.9800033569336,2968000
2013-01-07,45.87159729003906,94.08000183105467,94.08999633789062,93.83000183105467,94.0199966430664,4137300
2013-01-08,45.83743667602539,94.01000213623048,94.12000274658205,93.93000030517578,94.0999984741211,2179100
2013-01-09,45.92521286010742,94.19000244140624,94.23999786376952,94.01000213623048,94.23999786376952,2183900
2013-01-10,46.003231048583984,94.3499984741211,94.37999725341795,94.1999969482422,94.33000183105467,1684300
2013-01-11,46.08609390258789,94.5199966430664,94.5199966430664,94.20999908447266,94.3000030517578,1982600
2013-01-14,46.02274703979492,94.38999938964844,94.47000122070312,94.22000122070312,94.4499969482422,2182400
2013-01-15,46.03248596191406,94.41000366210938,94.41999816894533,94.16999816894533,94.22000122070312,2136000
2013-01-16,45.9544677734375,94.25,94.4000015258789,94.16999816894533,94.27999877929688,3272700
2013-01-17,46.120262145996094,94.58999633789062,94.61000061035156,94.30999755859376,94.41999816894533,6058900
2013-01-18,46.18360900878906,94.72000122070312,94.72000122070312,94.4800033569336,94.54000091552734,2836800
2013-01-22,46.21287155151367,94.77999877929688,94.87000274658205,94.54000091552734,94.6500015258789,2295200
2013-01-23,46.15924072265625,94.66999816894533,94.79000091552734,94.6500015258789,94.70999908447266,2227900
2013-01-24,46.26165771484375,94.87999725341795,94.93000030517578,94.69000244140624,94.7699966430664,3175400
2013-01-25,46.247013092041016,94.8499984741211,94.97000122070312,94.77999877929688,94.97000122070312,2525100
2013-01-28,46.2226448059082,94.8000030517578,94.83999633789062,94.69000244140624,94.7699966430664,2331000
2013-01-29,46.1446533203125,94.63999938964844,94.75,94.54000091552734,94.70999908447266,1514300
2013-01-30,45.81306838989258,93.95999908447266,94.51000213623048,93.88999938964844,94.4499969482422,6595600
2013-01-31,45.67167663574219,93.66999816894533,94.11000061035156,93.62000274658205,93.93000030517578,5963700
2013-02-01,45.823143005371094,93.4800033569336,93.76000213623048,93.45999908447266,93.54000091552734,5713000
2013-02-04,45.6319694519043,93.08999633789062,93.4000015258789,93.01000213623048,93.29000091552734,3878000
2013-02-05,45.73490524291992,93.3000030517578,93.4000015258789,93.1999969482422,93.23999786376952,2590900
2013-02-06,45.66629409790039,93.16000366210938,93.29000091552734,93.05999755859376,93.16000366210938,2850500
2013-02-07,45.57805252075195,92.9800033569336,93.12999725341795,92.80999755859376,93.11000061035156,4071400
2013-02-08,45.587860107421875,93.0,93.0999984741211,92.91000366210938,92.91999816894533,3220400
2013-02-11,45.58293914794922,92.98999786376952,93.08000183105467,92.86000061035156,92.88999938964844,3146100
2013-02-12,45.73981475830078,93.30999755859376,93.36000061035156,92.91000366210938,92.91999816894533,3490600
2013-02-13,45.80841827392578,93.4499969482422,93.4800033569336,93.16999816894533,93.41999816894533,3672200
2013-02-14,45.78884506225586,93.41000366210938,93.5500030517578,93.25,93.25,2731800
2013-02-15,45.79372787475586,93.41999816894533,93.66000366210938,93.26000213623048,93.45999908447266,2483000
2013-02-19,45.837852478027344,93.51000213623048,93.58999633789062,93.41000366210938,93.5,3074300
2013-02-20,45.79372787475586,93.41999816894533,93.72000122070312,93.4000015258789,93.58000183105467,3830300
2013-02-21,45.84274673461914,93.5199966430664,93.58999633789062,93.3000030517578,93.41999816894533,7185300
2013-02-22,45.95550537109375,93.75,93.75,93.51000213623048,93.62999725341795,3367000
2013-02-25,45.81333923339844,93.45999908447266,93.93000030517578,93.4499969482422,93.77999877929688,5259300
2013-02-26,46.038841247558594,93.91999816894533,93.91999816894533,93.47000122070312,93.63999938964844,4075600
2013-02-27,46.11725616455078,94.08000183105467,94.1500015258789,93.75,93.8499984741211,3681600
2013-02-28,46.09763717651367,94.04000091552734,94.12999725341795,93.94000244140624,94.06999969482422,3822000
2013-03-01,46.1893310546875,93.72000122070312,93.98999786376952,93.4800033569336,93.48999786376952,4833200
2013-03-04,46.194217681884766,93.7300033569336,93.8000030517578,93.61000061035156,93.6500015258789,2222500
2013-03-05,46.28791046142578,93.91999816894533,94.0199966430664,93.79000091552734,93.79000091552734,3733400
2013-03-06,46.25833511352539,93.86000061035156,94.05999755859376,93.83999633789062,94.02999877929688,2118000
2013-03-07,46.32732772827149,94.0,94.0,93.9000015258789,93.9499969482422,2124900
2013-03-08,46.38153839111328,94.11000061035156,94.19000244140624,93.91999816894533,94.16999816894533,2464100
2013-03-11,46.35197448730469,94.0500030517578,94.1500015258789,94.0,94.08000183105467,2782800
2013-03-12,46.332244873046875,94.01000213623048,94.0999984741211,93.95999908447266,93.98999786376952,1526200
2013-03-13,46.34209060668945,94.02999877929688,94.16999816894533,93.9499969482422,94.0999984741211,1431200
2013-03-14,46.51953125,94.38999938964844,94.38999938964844,94.06999969482422,94.16999816894533,2954100
2013-03-15,46.514591217041016,94.37999725341795,94.4000015258789,94.1999969482422,94.25,2024300
2013-03-18,46.52445602416992,94.4000015258789,94.45999908447266,94.0,94.0,3000600
2013-03-19,46.44559097290039,94.23999786376952,94.52999877929688,94.20999908447266,94.4499969482422,3742800
2013-03-20,46.598384857177734,94.5500030517578,94.5999984741211,94.31999969482422,94.33000183105467,2553200
2013-03-21,46.514591217041016,94.37999725341795,94.55999755859376,94.22000122070312,94.37000274658205,3532400
2013-03-22,46.4801025390625,94.30999755859376,94.45999908447266,94.25,94.37999725341795,2201500
2013-03-25,46.41109848022461,94.16999816894533,94.44000244140624,94.1500015258789,94.3000030517578,2131700
2013-03-26,46.49488830566406,94.33999633789062,94.4000015258789,94.25,94.38999938964844,1169400
2013-03-27,46.416038513183594,94.18000030517578,94.29000091552734,94.16999816894533,94.19000244140624,2195100
2013-03-28,46.49980926513672,94.3499984741211,94.37999725341795,94.16000366210938,94.23999786376952,1959100
2013-04-01,46.583038330078125,94.02999877929688,94.08999633789062,93.6500015258789,93.83000183105467,3823000
2013-04-02,46.54835510253906,93.95999908447266,94.18000030517578,93.91999816894533,93.9499969482422,2528700
2013-04-03,46.54835510253906,93.95999908447266,94.0500030517578,93.77999877929688,93.98999786376952,2773100
2013-04-04,46.53351211547851,93.93000030517578,94.1500015258789,93.87000274658205,93.91999816894533,3040600
2013-04-05,46.578086853027344,94.0199966430664,94.0199966430664,93.68000030517578,93.7699966430664,2243800
2013-04-08,46.627655029296875,94.12000274658205,94.1500015258789,93.9499969482422,94.06999969482422,2346800
2013-04-09,46.77626037597656,94.41999816894533,94.41999816894533,94.12000274658205,94.1999969482422,2985400
2013-04-10,46.92490768432617,94.72000122070312,94.76000213623048,94.3499984741211,94.3499984741211,2932600
2013-04-11,46.92490768432617,94.72000122070312,94.79000091552734,94.63999938964844,94.75,2676200
2013-04-12,46.93973159790039,94.75,94.80999755859376,94.5500030517578,94.63999938964844,2040900
2013-04-15,46.64247512817383,94.1500015258789,94.75,94.12999725341795,94.75,3910600
2013-04-16,46.9644889831543,94.8000030517578,94.80999755859376,94.31999969482422,94.41000366210938,4138300
2013-04-17,46.89020156860352,94.6500015258789,94.66999816894533,94.4000015258789,94.61000061035156,5778600
2013-04-18,46.815887451171875,94.5,94.66999816894533,94.45999908447266,94.61000061035156,2476900
2013-04-19,46.791114807128906,94.4499969482422,94.66000366210938,94.43000030517578,94.5999984741211,2474800
2013-04-22,46.90012741088867,94.66999816894533,94.88999938964844,94.52999877929688,94.69000244140624,3641900
2013-04-23,47.083404541015625,95.04000091552734,95.0500030517578,94.7699966430664,94.7699966430664,2217400
2013-04-24,47.16765594482422,95.20999908447266,95.26000213623048,95.01000213623048,95.08999633789062,3872600
2013-04-25,47.296424865722656,95.47000122070312,95.5199966430664,95.13999938964844,95.22000122070312,2453100
2013-04-26,47.246856689453125,95.37000274658205,95.4800033569336,95.33000183105467,95.45999908447266,2679000
2013-04-29,47.33601379394531,95.5500030517578,95.58999633789062,95.37999725341795,95.38999938964844,1785300
2013-04-30,47.48469161987305,95.8499984741211,95.8499984741211,95.5500030517578,95.62999725341795,2953100
2013-05-01,47.3940544128418,95.1999969482422,95.55999755859376,95.18000030517578,95.33999633789062,4812400
2013-05-02,47.69769287109375,95.80999755859376,95.83000183105467,95.37000274658205,95.5,3368200
2013-05-03,47.7724494934082,95.95999908447266,96.12999725341795,95.86000061035156,95.97000122070312,2407400
2013-05-06,47.802284240722656,96.0199966430664,96.05999755859376,95.87999725341795,95.91999816894533,1458700
2013-05-07,47.767459869384766,95.9499969482422,96.1500015258789,95.91999816894533,96.12000274658205,2590900
2013-05-08,47.93670654296875,96.29000091552734,96.3000030517578,96.0199966430664,96.0199966430664,3801200
2013-05-09,47.797325134277344,96.01000213623048,96.29000091552734,96.0,96.1999969482422,1644900
2013-05-10,47.54838943481445,95.51000213623048,96.0500030517578,95.45999908447266,96.0500030517578,4654400
2013-05-13,47.35425567626953,95.12000274658205,95.5,95.11000061035156,95.41000366210938,2710000
2013-05-14,47.40401840209961,95.22000122070312,95.45999908447266,95.11000061035156,95.1999969482422,4473900
2013-05-15,47.40897750854492,95.2300033569336,95.33999633789062,95.08999633789062,95.22000122070312,3179800
2013-05-16,47.52351760864258,95.45999908447266,95.63999938964844,95.18000030517578,95.29000091552734,6036800
2013-05-17,47.52351760864258,95.45999908447266,95.62999725341795,95.33999633789062,95.5999984741211,4313300
2013-05-20,47.57328414916992,95.55999755859376,95.63999938964844,95.36000061035156,95.45999908447266,2086200
2013-05-21,47.66290664672851,95.73999786376952,95.77999877929688,95.54000091552734,95.55999755859376,4666500
2013-05-22,47.36920166015625,95.1500015258789,95.87999725341795,95.0999984741211,95.72000122070312,5243800
2013-05-23,47.23973846435547,94.88999938964844,95.0199966430664,94.69000244140624,95.0,3294400
2013-05-24,47.1501350402832,94.70999908447266,94.79000091552734,94.66999816894533,94.75,3420400
2013-05-28,46.975887298583984,94.36000061035156,95.02999877929688,94.30999755859376,95.02999877929688,3486700
2013-05-29,46.78670883178711,93.9800033569336,94.26000213623048,93.5500030517578,94.04000091552734,10958100
2013-05-30,46.881317138671875,94.16999816894533,94.36000061035156,93.69000244140624,94.0,5462100
2013-05-31,46.25899124145508,92.91999816894533,94.11000061035156,92.9000015258789,93.97000122070312,6809400
2013-06-03,46.21847152709961,92.36000061035156,92.5199966430664,91.8000030517578,92.37999725341795,14320900
2013-06-04,46.21847152709961,92.36000061035156,93.0500030517578,92.19000244140624,92.5,7927000
2013-06-05,45.818153381347656,91.55999755859376,92.23999786376952,91.44000244140624,92.19000244140624,10309200
2013-06-06,46.17840576171875,92.27999877929688,92.58999633789062,91.31999969482422,91.4000015258789,11849800
2013-06-07,46.20846939086914,92.33999633789062,92.97000122070312,92.1999969482422,92.44000244140624,8879800
2013-06-10,46.11338424682617,92.1500015258789,92.58999633789062,92.08000183105467,92.33999633789062,7678000
2013-06-11,45.82814407348633,91.58000183105467,92.23999786376952,91.29000091552734,91.58000183105467,9065200
2013-06-12,45.86317825317383,91.6500015258789,92.12000274658205,91.62999725341795,91.93000030517578,9193300
2013-06-13,46.38860702514648,92.6999969482422,92.81999969482422,91.6500015258789,91.6500015258789,7526400
2013-06-14,46.44365692138672,92.80999755859376,92.94000244140624,92.5500030517578,92.77999877929688,3909200
2013-06-17,46.43865966796875,92.8000030517578,93.4499969482422,92.8000030517578,92.93000030517578,3830700
2013-06-18,46.55374526977539,93.02999877929688,93.11000061035156,92.76000213623048,92.76000213623048,3609700
2013-06-19,45.85818862915039,91.63999938964844,93.2699966430664,91.62000274658205,92.9499969482422,7971700
2013-06-20,45.40776824951172,90.73999786376952,91.58000183105467,90.27999877929688,91.08999633789062,11094000
2013-06-21,45.1125602722168,90.1500015258789,91.11000061035156,90.12000274658205,91.01000213623048,9245400
2013-06-24,44.55710220336914,89.04000091552734,90.0,88.2699966430664,89.44999694824219,12116100
2013-06-25,45.19261932373047,90.30999755859376,90.30999755859376,89.5,89.5,6233300
2013-06-26,45.56793212890625,91.05999755859376,91.18000030517578,90.56999969482422,90.6999969482422,5527200
2013-06-27,45.788108825683594,91.5,91.94000244140624,91.4000015258789,91.4000015258789,5578600
2013-06-28,45.47786712646485,90.87999725341795,91.31999969482422,90.47000122070312,91.3000030517578,6112000
2013-07-01,45.72434616088867,90.88999938964844,90.98999786376952,90.5,90.56999969482422,5213400
2013-07-02,45.583492279052734,90.61000061035156,91.0500030517578,90.3499984741211,90.79000091552734,3799800
2013-07-03,45.68916320800781,90.81999969482422,90.86000061035156,90.27999877929688,90.29000091552734,1679600
2013-07-05,45.2011604309082,89.8499984741211,90.44000244140624,89.62999725341797,90.38999938964844,3312600
2013-07-08,45.824974060058594,91.08999633789062,91.08999633789062,90.0,90.08999633789062,5638400
2013-07-09,45.8501091003418,91.13999938964844,91.19000244140624,90.87000274658205,91.0999984741211,6127700
2013-07-10,46.031246185302734,91.5,91.54000091552734,91.08000183105467,91.18000030517578,6529900
2013-07-11,46.60981750488281,92.6500015258789,92.66999816894533,92.0,92.18000030517578,5865400
2013-07-12,46.564491271972656,92.55999755859376,92.66999816894533,92.25,92.41000366210938,5788300
2013-07-15,46.76068115234375,92.9499969482422,93.08999633789062,92.55999755859376,92.66999816894533,6791500
2013-07-16,46.64499282836914,92.72000122070312,93.08999633789062,92.47000122070312,93.08999633789062,3292100
2013-07-17,46.9870719909668,93.4000015258789,93.5199966430664,93.0,93.02999877929688,8660500
2013-07-18,47.26879119873047,93.95999908447266,94.0,93.44000244140624,93.5,6825000
2013-07-19,47.23860549926758,93.9000015258789,93.97000122070312,93.7699966430664,93.9499969482422,2603100
2013-07-22,47.273799896240234,93.97000122070312,94.01000213623048,93.75,93.93000030517578,3888200
2013-07-23,47.15811920166016,93.73999786376952,93.9800033569336,93.66999816894533,93.88999938964844,2483700
2013-07-24,46.76068115234375,92.9499969482422,93.63999938964844,92.66000366210938,93.54000091552734,5249800
2013-07-25,46.65503692626953,92.73999786376952,92.87999725341795,92.44000244140624,92.51000213623048,5995400
2013-07-26,46.67516326904297,92.77999877929688,92.77999877929688,92.38999938964844,92.4800033569336,4213600
2013-07-29,46.57456588745117,92.58000183105467,92.7300033569336,92.41999816894533,92.5999984741211,3850100
2013-07-30,46.63997650146485,92.70999908447266,92.87000274658205,92.5199966430664,92.5199966430664,4239400
2013-07-31,46.77577590942383,92.9800033569336,93.01000213623048,92.27999877929688,92.48999786376952,4076500
2013-08-01,46.33244323730469,91.6500015258789,92.58999633789062,91.61000061035156,92.41999816894533,4616600
2013-08-02,46.615516662597656,92.20999908447266,92.26000213623048,91.80999755859376,91.95999908447266,4309400
2013-08-05,46.3779182434082,91.73999786376952,92.18000030517578,91.6999969482422,92.18000030517578,2231000
2013-08-06,46.33244323730469,91.6500015258789,91.93000030517578,91.36000061035156,91.93000030517578,3398800
2013-08-07,46.185813903808594,91.36000061035156,91.54000091552734,91.29000091552734,91.4499969482422,2253300
2013-08-08,46.28694152832031,91.55999755859376,91.58999633789062,91.37999725341795,91.41999816894533,2857100
2013-08-09,46.29197692871094,91.56999969482422,91.66999816894533,91.12000274658205,91.43000030517578,1765600
2013-08-12,46.25152587890625,91.48999786376952,91.72000122070312,91.41999816894533,91.44000244140624,3840800
2013-08-13,46.25152587890625,91.48999786376952,91.56999969482422,91.3000030517578,91.4800033569336,2290500
2013-08-14,46.1605339050293,91.30999755859376,91.48999786376952,91.26000213623048,91.43000030517578,4605800
2013-08-15,45.92293930053711,90.83999633789062,91.08999633789062,90.75,91.0,6446100
2013-08-16,45.76624298095703,90.52999877929688,91.0999984741211,90.41999816894533,90.97000122070312,6922400
2013-08-19,45.46290969848633,89.93000030517578,90.62999725341795,89.80000305175781,90.56999969482422,6536300
2013-08-20,45.88248825073242,90.76000213623048,90.86000061035156,90.27999877929688,90.3000030517578,4208300
2013-08-21,45.71568298339844,90.43000030517578,90.77999877929688,90.37000274658205,90.66999816894533,3098100
2013-08-22,45.9633903503418,90.91999816894533,90.91999816894533,90.48999786376952,90.56999969482422,4049900
2013-08-23,46.155494689941406,91.3000030517578,91.36000061035156,90.8499984741211,90.9000015258789,3370400
2013-08-26,46.1605339050293,91.30999755859376,91.38999938964844,91.12999725341795,91.31999969482422,2365400
2013-08-27,45.86227035522461,90.72000122070312,91.12999725341795,90.70999908447266,91.0500030517578,3578500
2013-08-28,46.03418731689453,91.05999755859376,91.08999633789062,90.66000366210938,90.76000213623048,3860600
2013-08-29,46.22123336791992,91.43000030517578,91.5,90.81999969482422,90.91000366210938,4012900
2013-08-30,46.18073654174805,91.3499984741211,91.58999633789062,91.19000244140624,91.47000122070312,2486900
2013-09-03,45.93684005737305,90.38999938964844,91.18000030517578,90.30999755859376,90.94000244140624,9986800
2013-09-04,46.109619140625,90.7300033569336,90.83999633789062,90.51000213623048,90.52999877929688,3507400
2013-09-05,45.87583541870117,90.2699966430664,90.6500015258789,90.2699966430664,90.56999969482422,3622300
2013-09-06,46.028289794921875,90.56999969482422,91.0999984741211,90.41999816894533,90.79000091552734,4713800
2013-09-09,46.14518737792969,90.8000030517578,91.0,90.70999908447266,90.7300033569336,4227400
2013-09-10,46.30781936645508,91.12000274658205,91.12999725341795,90.87000274658205,90.87999725341795,5287100
2013-09-11,46.3687744140625,91.23999786376952,91.26000213623048,90.9000015258789,90.98999786376952,3514200
2013-09-12,46.31291961669922,91.12999725341795,91.30999755859376,91.0999984741211,91.19000244140624,3594500
2013-09-13,46.27734375,91.05999755859376,91.31999969482422,90.9800033569336,91.23999786376952,2789300
2013-09-16,46.53142166137695,91.55999755859376,91.80999755859376,91.4499969482422,91.70999908447266,4331300
2013-09-17,46.683868408203125,91.86000061035156,91.9800033569336,91.61000061035156,91.66999816894533,5978600
2013-09-18,47.13109588623047,92.73999786376952,92.87999725341795,91.70999908447266,91.83999633789062,7476300
2013-09-19,46.99390411376953,92.47000122070312,92.98999786376952,92.4000015258789,92.98999786376952,5821100
2013-09-20,46.938011169433594,92.36000061035156,92.48999786376952,92.27999877929688,92.44000244140624,4033900
2013-09-23,46.932899475097656,92.3499984741211,92.45999908447266,92.22000122070312,92.3499984741211,6564600
2013-09-24,46.8312873840332,92.1500015258789,92.41000366210938,92.05999755859376,92.2699966430664,7947700
2013-09-25,46.74994659423828,91.98999786376952,92.26000213623048,91.9499969482422,92.13999938964844,3535700
2013-09-26,46.72456741333008,91.94000244140624,92.12999725341795,91.7699966430664,92.11000061035156,4751200
2013-09-27,46.67369842529297,91.83999633789062,91.94000244140624,91.61000061035156,91.87000274658205,6779700
2013-09-30,46.54158020019531,91.58000183105467,91.9499969482422,91.5,91.58999633789062,6248900
2013-10-01,46.74329376220703,91.52999877929688,91.5500030517578,91.05999755859376,91.16000366210938,5743900
2013-10-02,46.76374053955078,91.56999969482422,91.56999969482422,91.25,91.45999908447266,2765700
2013-10-03,46.79436492919922,91.62999725341795,91.69000244140624,91.43000030517578,91.6500015258789,3169700
2013-10-04,46.8761100769043,91.79000091552734,91.87000274658205,91.54000091552734,91.5999984741211,2048300
2013-10-07,46.75350189208984,91.5500030517578,91.76000213623048,91.45999908447266,91.45999908447266,2391700
2013-10-08,46.73310089111328,91.51000213623048,91.86000061035156,91.48999786376952,91.75,2944700
2013-10-09,46.773948669433594,91.58999633789062,91.77999877929688,91.51000213623048,91.77999877929688,2973700
2013-10-10,46.98843002319336,92.01000213623048,92.0999984741211,91.81999969482422,91.81999969482422,2899500
2013-10-11,47.07527160644531,92.18000030517578,92.23999786376952,92.01000213623048,92.16000366210938,3293900
2013-10-14,47.14677047729492,92.31999969482422,92.41000366210938,92.0,92.0,1003900
2013-10-15,47.13142776489258,92.29000091552734,92.4000015258789,92.0500030517578,92.4000015258789,2310100
2013-10-16,47.38167190551758,92.77999877929688,92.79000091552734,92.31999969482422,92.33000183105467,6949700
2013-10-17,47.611473083496094,93.2300033569336,93.25,92.7300033569336,92.75,7277900
2013-10-18,47.708499908447266,93.41999816894533,93.5,93.25,93.27999877929688,2873800
2013-10-21,47.601295471191406,93.20999908447266,93.45999908447266,93.20999908447266,93.4499969482422,2471400
2013-10-22,47.74427032470703,93.48999786376952,93.61000061035156,93.36000061035156,93.37999725341795,5488400
2013-10-23,47.78511047363281,93.56999969482422,93.58999633789062,93.31999969482422,93.56999969482422,2434200
2013-10-24,47.80046844482422,93.5999984741211,93.69000244140624,93.45999908447266,93.5999984741211,2284400
2013-10-25,47.81572723388672,93.62999725341795,93.6999969482422,93.5500030517578,93.63999938964844,2026000
2013-10-28,47.8055419921875,93.61000061035156,93.6999969482422,93.58000183105467,93.6500015258789,1697900
2013-10-29,47.88212585449219,93.76000213623048,93.79000091552734,93.56999969482422,93.58999633789062,1864600
2013-10-30,47.688079833984375,93.37999725341795,93.83000183105467,93.30999755859376,93.76000213623048,3691100
2013-10-31,47.71360397338867,93.43000030517578,93.54000091552734,93.22000122070312,93.44000244140624,5846500
2013-11-01,47.631534576416016,92.81999969482422,93.26000213623048,92.8000030517578,93.0,7882000
2013-11-04,47.7136116027832,92.9800033569336,93.08000183105467,92.93000030517578,93.08000183105467,2025500
2013-11-05,47.58534240722656,92.7300033569336,92.91999816894533,92.7300033569336,92.91999816894533,2770300
2013-11-06,47.723876953125,93.0,93.01000213623048,92.81999969482422,92.88999938964844,4936700
2013-11-07,47.75468444824219,93.05999755859376,93.13999938964844,92.91999816894533,93.0999984741211,4802700
2013-11-08,47.67255401611328,92.9000015258789,92.95999908447266,92.66000366210938,92.69000244140624,4191100
2013-11-11,47.49293518066406,92.5500030517578,92.94000244140624,92.52999877929688,92.94000244140624,1607600
2013-11-12,47.42623519897461,92.41999816894533,92.58999633789062,92.37000274658205,92.55999755859376,2148900
2013-11-13,47.605865478515625,92.7699966430664,92.77999877929688,92.31999969482422,92.37000274658205,2795100
2013-11-14,47.744407653808594,93.04000091552734,93.0500030517578,92.6500015258789,92.75,4216800
2013-11-15,47.81623840332031,93.18000030517578,93.18000030517578,92.95999908447266,93.05999755859376,2990600
2013-11-18,47.677711486816406,92.91000366210938,93.25,92.83000183105467,93.2300033569336,3694600
2013-11-19,47.65717315673828,92.87000274658205,93.01000213623048,92.79000091552734,92.87999725341795,1415800
2013-11-20,47.61097717285156,92.77999877929688,93.06999969482422,92.66999816894533,92.83000183105467,2470600
2013-11-21,47.77524185180664,93.0999984741211,93.0999984741211,92.76000213623048,92.83000183105467,1895800
2013-11-22,47.81112289428711,93.16999816894533,93.1999969482422,92.98999786376952,93.05999755859376,1649200
2013-11-25,47.88298416137695,93.30999755859376,93.33999633789062,93.05999755859376,93.1999969482422,2813900
2013-11-26,47.91887664794922,93.37999725341795,93.43000030517578,93.1500015258789,93.22000122070312,2835300
2013-11-27,47.88809967041016,93.31999969482422,93.63999938964844,93.3000030517578,93.63999938964844,1845300
2013-11-29,47.93939971923828,93.41999816894533,93.4499969482422,93.30999755859376,93.33000183105467,958700
2013-12-02,47.95486068725586,93.0,93.02999877929688,92.8499984741211,92.88999938964844,5748100
2013-12-03,47.908470153808594,92.91000366210938,93.0,92.76000213623048,92.86000061035156,2710300
2013-12-04,47.78473281860352,92.66999816894533,92.87000274658205,92.54000091552734,92.75,3076100
2013-12-05,47.74863815307617,92.5999984741211,92.76000213623048,92.54000091552734,92.66999816894533,5354700
2013-12-06,47.88266372680664,92.86000061035156,92.9800033569336,92.6500015258789,92.83000183105467,2487900
2013-12-09,48.0579948425293,93.1999969482422,93.25,92.9000015258789,93.0500030517578,4313000
2013-12-10,48.0579948425293,93.1999969482422,93.23999786376952,93.08999633789062,93.1999969482422,1473200
2013-12-11,47.91363525390625,92.91999816894533,93.1999969482422,92.79000091552734,93.1999969482422,3586600
2013-12-12,47.82598876953125,92.75,93.01000213623048,92.75,92.93000030517578,4268800
2013-12-13,47.90330505371094,92.9000015258789,92.97000122070312,92.79000091552734,92.86000061035156,3523200
2013-12-16,47.9445915222168,92.9800033569336,93.04000091552734,92.87000274658205,92.87000274658205,3108500
2013-12-17,47.949703216552734,92.98999786376952,93.08000183105467,92.87999725341795,93.08000183105467,2799900
2013-12-18,48.032222747802734,93.1500015258789,93.27999877929688,92.75,93.0,4893500
2013-12-19,47.980682373046875,93.0500030517578,93.08999633789062,92.91000366210938,93.0,5775500
2013-12-20,48.01160430908203,93.11000061035156,93.11000061035156,92.93000030517578,93.0500030517578,12743900
2013-12-23,48.04771041870117,93.18000030517578,93.33000183105467,93.01000213623048,93.08999633789062,5525100
2013-12-24,48.02191925048828,93.12999725341795,93.20999908447266,93.0999984741211,93.0999984741211,1281600
2013-12-26,48.067020416259766,92.75,92.7699966430664,92.61000061035156,92.61000061035156,1577400
2013-12-27,48.06182098388672,92.73999786376952,92.77999877929688,92.6500015258789,92.77999877929688,1357300
2013-12-30,48.1032829284668,92.81999969482422,92.87000274658205,92.66999816894533,92.7699966430664,1888600
2013-12-31,48.13435363769531,92.87999725341795,92.95999908447266,92.7699966430664,92.8499984741211,2413400
2014-01-02,48.21728515625,93.04000091552734,93.0500030517578,92.70999908447266,92.86000061035156,7412500
2014-01-03,48.20173263549805,93.01000213623048,93.11000061035156,92.94000244140624,92.98999786376952,1903300
2014-01-06,48.30539321899414,93.20999908447266,93.2300033569336,93.05999755859376,93.1500015258789,2622700
2014-01-07,48.30539321899414,93.20999908447266,93.30999755859376,93.16000366210938,93.2300033569336,3953000
2014-01-08,48.274288177490234,93.1500015258789,93.29000091552734,93.12000274658205,93.20999908447266,4540500
2014-01-09,48.34683990478515,93.29000091552734,93.3000030517578,93.19000244140624,93.25,3036600
2014-01-10,48.491939544677734,93.56999969482422,93.56999969482422,93.3499984741211,93.41000366210938,2423900
2014-01-13,48.44013977050781,93.47000122070312,93.61000061035156,93.41000366210938,93.5500030517578,4716600
2014-01-14,48.51268005371094,93.61000061035156,93.68000030517578,93.4800033569336,93.4800033569336,2636100
2014-01-15,48.61115264892578,93.8000030517578,93.8000030517578,93.61000061035156,93.6999969482422,1797400
2014-01-16,48.590423583984375,93.76000213623048,93.83000183105467,93.7300033569336,93.79000091552734,1269800
2014-01-17,48.60078811645508,93.77999877929688,93.88999938964844,93.72000122070312,93.83000183105467,2192300
2014-01-21,48.66297149658203,93.9000015258789,93.9499969482422,93.81999969482422,93.9000015258789,2056000
2014-01-22,48.590423583984375,93.76000213623048,93.94000244140624,93.7300033569336,93.93000030517578,3235400
2014-01-23,48.52823257446289,93.63999938964844,93.80999755859376,93.58000183105467,93.77999877929688,4989500
2014-01-24,48.206905364990234,93.0199966430664,93.47000122070312,92.98999786376952,93.45999908447266,7575400
2014-01-27,48.19136428833008,92.98999786376952,93.22000122070312,92.9499969482422,93.1500015258789,5482900
2014-01-28,48.40387344360352,93.4000015258789,93.4800033569336,93.04000091552734,93.11000061035156,5393600
2014-01-29,48.25874710083008,93.12000274658205,93.26000213623048,93.0999984741211,93.25,5781700
2014-01-30,48.34168243408203,93.27999877929688,93.43000030517578,93.20999908447266,93.3000030517578,3940200
2014-01-31,48.3261604309082,93.25,93.37000274658205,93.12000274658205,93.12999725341795,7756900
2014-02-03,48.18134307861328,92.51000213623048,93.0199966430664,92.3000030517578,93.0199966430664,16150600
2014-02-04,48.2386474609375,92.62000274658205,92.8000030517578,92.58000183105467,92.75,5246900
2014-02-05,48.2386474609375,92.62000274658205,92.6999969482422,92.52999877929688,92.62000274658205,3893000
2014-02-06,48.410491943359375,92.9499969482422,92.97000122070312,92.66000366210938,92.77999877929688,3426100
2014-02-07,48.65525436401367,93.41999816894533,93.41999816894533,93.05999755859376,93.05999755859376,5193300
2014-02-10,48.6865348815918,93.4800033569336,93.54000091552734,93.30999755859376,93.41999816894533,5199700
2014-02-11,48.76984786987305,93.63999938964844,93.75,93.44000244140624,93.52999877929688,3950800
2014-02-12,48.69175338745117,93.48999786376952,93.72000122070312,93.45999908447266,93.66999816894533,2432100
2014-02-13,48.83235549926758,93.76000213623048,93.77999877929688,93.44000244140624,93.44000244140624,3078400
2014-02-14,48.91048049926758,93.91000366210938,93.9499969482422,93.69000244140624,93.6999969482422,2158700
2014-02-18,48.97820281982422,94.04000091552734,94.08999633789062,93.81999969482422,93.81999969482422,3734700
2014-02-19,48.85317611694336,93.8000030517578,94.19000244140624,93.77999877929688,94.11000061035156,7273600
2014-02-20,49.00424575805664,94.08999633789062,94.08999633789062,93.87000274658205,93.88999938964844,3756900
2014-02-21,49.04589080810547,94.16999816894533,94.2300033569336,94.0999984741211,94.0999984741211,2574600
2014-02-24,49.15526580810547,94.37999725341795,94.44000244140624,94.25,94.25,3531600
2014-02-25,49.21256637573242,94.48999786376952,94.5199966430664,94.37999725341795,94.4000015258789,2979500
2014-02-26,49.2958869934082,94.6500015258789,94.6500015258789,94.5,94.56999969482422,2722100
2014-02-27,49.389652252197266,94.83000183105467,94.83999633789062,94.6500015258789,94.6500015258789,4377300
2014-02-28,49.44173812866211,94.93000030517578,95.0199966430664,94.72000122070312,94.81999969482422,3919300
2014-03-03,49.39617538452149,94.37999725341795,94.5,94.11000061035156,94.37000274658205,9488700
2014-03-04,49.574127197265625,94.72000122070312,94.75,94.4800033569336,94.61000061035156,9313600
2014-03-05,49.48517608642578,94.5500030517578,94.6999969482422,94.5,94.69000244140624,4531600
2014-03-06,49.41190719604492,94.41000366210938,94.66999816894533,94.37000274658205,94.62999725341795,4075500
2014-03-07,49.22349166870117,94.0500030517578,94.37999725341795,94.01000213623048,94.30999755859376,4552000
2014-03-10,49.22871017456055,94.05999755859376,94.08999633789062,93.91999816894533,94.04000091552734,1908200
2014-03-11,49.17635345458984,93.95999908447266,94.16000366210938,93.94000244140624,94.13999938964844,1618500
2014-03-12,49.26011657714844,94.12000274658205,94.13999938964844,93.97000122070312,93.9800033569336,2595000
2014-03-13,49.12928009033203,93.87000274658205,94.18000030517578,93.83000183105467,94.18000030517578,4829700
2014-03-14,49.09260177612305,93.8000030517578,94.01000213623048,93.73999786376952,93.88999938964844,4088200
2014-03-17,49.160675048828125,93.93000030517578,94.01000213623048,93.8499984741211,93.91000366210938,2943100
2014-03-18,49.30720138549805,94.20999908447266,94.2300033569336,93.93000030517578,94.02999877929688,2903500
2014-03-19,49.05599594116211,93.7300033569336,94.29000091552734,93.54000091552734,94.19000244140624,9983600
2014-03-20,49.22349166870117,94.0500030517578,94.06999969482422,93.66999816894533,93.9000015258789,4872300
2014-03-21,49.19206619262695,93.98999786376952,94.16000366210938,93.95999908447266,94.01000213623048,6106500
2014-03-24,49.20777130126953,94.0199966430664,94.1999969482422,93.95999908447266,94.1999969482422,5986100
2014-03-25,49.30720138549805,94.20999908447266,94.29000091552734,94.08999633789062,94.08999633789062,3468800
2014-03-26,49.31768798828125,94.2300033569336,94.3499984741211,94.16000366210938,94.3499984741211,3887200
2014-03-27,49.24442672729492,94.08999633789062,94.23999786376952,94.06999969482422,94.16999816894533,2255400
2014-03-28,49.32817077636719,94.25,94.3499984741211,94.16999816894533,94.2300033569336,2732600
2014-03-31,49.40141296386719,94.38999938964844,94.48999786376952,94.33999633789062,94.4499969482422,2641400
2014-04-01,49.49345397949219,94.12000274658205,94.12000274658205,93.97000122070312,94.0500030517578,4514900
2014-04-02,49.44085693359375,94.0199966430664,94.13999938964844,93.9800033569336,94.13999938964844,2285900
2014-04-03,49.46189498901367,94.05999755859376,94.1500015258789,94.04000091552734,94.0999984741211,2812400
2014-04-04,49.577598571777344,94.27999877929688,94.36000061035156,94.1500015258789,94.18000030517578,4555000
2014-04-07,49.4724235534668,94.08000183105467,94.3000030517578,94.06999969482422,94.2699966430664,1520900
2014-04-08,49.58808135986328,94.3000030517578,94.3000030517578,94.08000183105467,94.1500015258789,2804400
2014-04-09,49.66697311401367,94.4499969482422,94.45999908447266,94.1999969482422,94.3000030517578,4383400
2014-04-10,49.52500534057617,94.18000030517578,94.5,94.18000030517578,94.5,3226900
2014-04-11,49.314674377441406,93.77999877929688,94.22000122070312,93.7699966430664,94.22000122070312,7228500
2014-04-14,49.4724235534668,94.08000183105467,94.13999938964844,93.83999633789062,93.83999633789062,3355800
2014-04-15,49.52500534057617,94.18000030517578,94.22000122070312,94.0,94.22000122070312,3104900
2014-04-16,49.551300048828125,94.2300033569336,94.25,94.0999984741211,94.22000122070312,3450100
2014-04-17,49.49345397949219,94.12000274658205,94.25,94.0999984741211,94.18000030517578,2443800
2014-04-21,49.49345397949219,94.12000274658205,94.27999877929688,94.0999984741211,94.23999786376952,1682200
2014-04-22,49.54603958129883,94.22000122070312,94.2699966430664,94.12000274658205,94.25,2442800
2014-04-23,49.56182861328125,94.25,94.44000244140624,94.1999969482422,94.23999786376952,1591300
2014-04-24,49.57229995727539,94.2699966430664,94.4000015258789,94.1500015258789,94.25,1021700
2014-04-25,49.55656433105469,94.23999786376952,94.31999969482422,94.16000366210938,94.30999755859376,1195400
2014-04-28,49.54603958129883,94.22000122070312,94.3000030517578,94.12999725341795,94.26000213623048,1903900
2014-04-29,49.619651794433594,94.36000061035156,94.37999725341795,94.19000244140624,94.36000061035156,1775300
2014-04-30,49.60912322998047,94.33999633789062,94.41999816894533,94.1999969482422,94.36000061035156,4393100
2014-05-01,49.557884216308594,93.81999969482422,94.0500030517578,93.81999969482422,94.01000213623048,7322200
2014-05-02,49.674095153808594,94.04000091552734,94.04000091552734,93.83000183105467,94.04000091552734,2146000
2014-05-05,49.652976989746094,94.0,94.08000183105467,93.75,93.7699966430664,3541300
2014-05-06,49.66353988647461,94.0199966430664,94.1500015258789,93.9800033569336,94.1500015258789,2567800
2014-05-07,49.737525939941406,94.16000366210938,94.26000213623048,94.0500030517578,94.08999633789062,1578600
2014-05-08,49.7269172668457,94.13999938964844,94.30999755859376,94.08999633789062,94.2699966430664,4522400
2014-05-09,49.77449417114258,94.2300033569336,94.3000030517578,94.13999938964844,94.16000366210938,1736600
2014-05-12,49.8272819519043,94.33000183105467,94.37999725341795,94.22000122070312,94.37999725341795,1123000
2014-05-13,49.906532287597656,94.4800033569336,94.62000274658205,94.25,94.2699966430664,1933600
2014-05-14,49.932952880859375,94.52999877929688,94.58999633789062,94.38999938964844,94.4000015258789,1721400
2014-05-15,49.88539505004883,94.44000244140624,94.5999984741211,94.33999633789062,94.5999984741211,4240700
2014-05-16,49.98575210571289,94.62999725341795,94.6500015258789,94.37999725341795,94.5,3185000
2014-05-19,50.05971908569336,94.7699966430664,94.8499984741211,94.51000213623048,94.5999984741211,7351000
2014-05-20,49.99631881713867,94.6500015258789,94.77999877929688,94.63999938964844,94.7699966430664,4217800
2014-05-21,49.99102020263672,94.63999938964844,94.7699966430664,94.5,94.7300033569336,2925900
2014-05-22,50.02803039550781,94.70999908447266,94.7300033569336,94.58999633789062,94.66000366210938,1950900
2014-05-23,50.04383850097656,94.73999786376952,94.83999633789062,94.66000366210938,94.66000366210938,2289100
2014-05-27,50.09139251708984,94.83000183105467,94.8499984741211,94.72000122070312,94.7699966430664,4384700
2014-05-28,50.107269287109375,94.86000061035156,94.9000015258789,94.80999755859376,94.8499984741211,3904400
2014-05-29,50.154815673828125,94.9499969482422,95.0,94.83999633789062,94.9000015258789,4734800
2014-05-30,50.20760726928711,95.0500030517578,95.06999969482422,94.93000030517578,94.9800033569336,4445800
2014-06-02,50.04791641235352,94.31999969482422,94.75,94.30999755859376,94.75,5722500
2014-06-03,50.053192138671875,94.33000183105467,94.43000030517578,94.30999755859376,94.41000366210938,2978300
2014-06-04,50.053192138671875,94.33000183105467,94.4000015258789,94.26000213623048,94.30999755859376,2527200
2014-06-05,50.17522048950195,94.55999755859376,94.58999633789062,94.33000183105467,94.41999816894533,2034100
2014-06-06,50.31851577758789,94.83000183105467,94.91000366210938,94.58999633789062,94.5999984741211,3059100
2014-06-09,50.37686920166016,94.94000244140624,94.9800033569336,94.77999877929688,94.97000122070312,2906800
2014-06-10,50.35036849975586,94.88999938964844,95.0,94.76000213623048,94.76000213623048,2091000
2014-06-11,50.35566711425781,94.9000015258789,94.91999816894533,94.77999877929688,94.87999725341795,1699500
2014-06-12,50.323856353759766,94.83999633789062,94.93000030517578,94.80999755859376,94.80999755859376,1354000
2014-06-13,50.38220977783203,94.9499969482422,94.9800033569336,94.83000183105467,94.9800033569336,1276500
2014-06-16,50.35566711425781,94.9000015258789,95.0,94.88999938964844,94.91999816894533,1869500
2014-06-17,50.31851577758789,94.83000183105467,95.0,94.77999877929688,94.88999938964844,7251700
2014-06-18,50.54668045043945,95.26000213623048,95.30999755859376,94.83999633789062,94.83999633789062,4284800
2014-06-19,50.53607177734375,95.23999786376952,95.30999755859376,95.1500015258789,95.2699966430664,2882500
2014-06-20,50.583831787109375,95.33000183105467,95.4000015258789,95.23999786376952,95.26000213623048,2372300
2014-06-23,50.5785026550293,95.31999969482422,95.43000030517578,95.29000091552734,95.33999633789062,1551000
2014-06-24,50.53607177734375,95.23999786376952,95.41000366210938,95.23999786376952,95.2699966430664,1839300
2014-06-25,50.6103630065918,95.37999725341795,95.4000015258789,95.25,95.3000030517578,2385000
2014-06-26,50.55728912353515,95.27999877929688,95.38999938964844,95.1999969482422,95.33999633789062,1806400
2014-06-27,50.55728912353515,95.27999877929688,95.33000183105467,95.19000244140624,95.30999755859376,1702700
2014-06-30,50.51484298706055,95.1999969482422,95.31999969482422,95.11000061035156,95.11000061035156,2647600
2014-07-01,50.528175354003906,94.80999755859376,95.02999877929688,94.77999877929688,94.93000030517578,3472700
2014-07-02,50.56013488769531,94.87000274658205,95.0,94.80999755859376,94.87000274658205,2819400
2014-07-03,50.48553085327149,94.7300033569336,94.91000366210938,94.6999969482422,94.86000061035156,2776100
2014-07-07,50.44822692871094,94.66000366210938,94.8000030517578,94.6500015258789,94.6999969482422,1941300
2014-07-08,50.45890045166016,94.68000030517578,94.77999877929688,94.66000366210938,94.73999786376952,2035300
2014-07-09,50.42154312133789,94.61000061035156,94.8000030517578,94.58000183105467,94.75,3945400
2014-07-10,50.26704406738281,94.31999969482422,94.54000091552734,94.29000091552734,94.54000091552734,6011600
2014-07-11,50.35227966308594,94.4800033569336,94.52999877929688,94.33000183105467,94.33000183105467,2071400
2014-07-14,50.33628463745117,94.4499969482422,94.8000030517578,94.44000244140624,94.8000030517578,2632700
2014-07-15,50.25638198852539,94.3000030517578,94.51000213623048,94.29000091552734,94.45999908447266,2888400
2014-07-16,50.17643737792969,94.1500015258789,94.41000366210938,94.12999725341795,94.41000366210938,4264900
2014-07-17,49.82469940185547,93.48999786376952,94.13999938964844,93.4800033569336,94.11000061035156,5767800
2014-07-18,50.03252029418945,93.87999725341795,93.9800033569336,93.6500015258789,93.7699966430664,1994800
2014-07-21,49.947242736816406,93.72000122070312,93.87999725341795,93.62999725341795,93.8499984741211,3111700
2014-07-22,50.016544342041016,93.8499984741211,94.0,93.76000213623048,93.7699966430664,3707100
2014-07-23,50.112491607666016,94.02999877929688,94.08000183105467,93.93000030517578,93.95999908447266,1995900
2014-07-24,50.20306396484375,94.1999969482422,94.29000091552734,93.98999786376952,94.06999969482422,3089100
2014-07-25,50.117801666259766,94.04000091552734,94.2300033569336,94.01000213623048,94.18000030517578,3072300
2014-07-28,49.96855545043945,93.76000213623048,94.04000091552734,93.73999786376952,94.01000213623048,5355100
2014-07-29,49.89927673339844,93.62999725341795,94.0,93.61000061035156,93.81999969482422,3877100
2014-07-30,49.691463470458984,93.23999786376952,93.7699966430664,93.0999984741211,93.7300033569336,5415100
2014-07-31,49.286415100097656,92.4800033569336,92.97000122070312,92.44000244140624,92.83000183105467,7460000
2014-08-01,49.28159713745117,92.04000091552734,92.3499984741211,91.31999969482422,92.05999755859376,10942000
2014-08-04,49.58145523071289,92.5999984741211,92.62999725341795,92.02999877929688,92.05999755859376,7020400
2014-08-05,49.48504638671875,92.41999816894533,92.62999725341795,92.27999877929688,92.61000061035156,3612500
2014-08-06,49.60285949707031,92.63999938964844,92.7300033569336,92.3499984741211,92.37999725341795,4167700
2014-08-07,49.635005950927734,92.6999969482422,92.9499969482422,92.66999816894533,92.69000244140624,3833900
2014-08-08,49.79024887084961,92.98999786376952,93.05999755859376,92.5,92.5,3426300
2014-08-11,50.02586364746094,93.43000030517578,93.48999786376952,92.98999786376952,93.12000274658205,6908300
2014-08-12,50.0151252746582,93.41000366210938,93.55999755859376,93.31999969482422,93.47000122070312,4231700
2014-08-13,50.15971755981445,93.68000030517578,93.6999969482422,93.45999908447266,93.6500015258789,4960200
2014-08-14,50.2560920715332,93.86000061035156,93.95999908447266,93.70999908447266,93.72000122070312,4246600
2014-08-15,50.35784530639648,94.0500030517578,94.11000061035156,93.87000274658205,94.0199966430664,6051300
2014-08-18,50.50241470336914,94.31999969482422,94.33999633789062,94.01000213623048,94.06999969482422,5112800
2014-08-19,50.486324310302734,94.29000091552734,94.37999725341795,94.23999786376952,94.37000274658205,2747200
2014-08-20,50.5237922668457,94.36000061035156,94.4800033569336,94.16999816894533,94.31999969482422,2470000
2014-08-21,50.5237922668457,94.36000061035156,94.45999908447266,94.33999633789062,94.36000061035156,1869100
2014-08-22,50.400672912597656,94.12999725341795,94.41000366210938,94.08999633789062,94.3499984741211,3065500
2014-08-25,50.50771713256836,94.33000183105467,94.37999725341795,94.08000183105467,94.26000213623048,1958000
2014-08-26,50.54524993896485,94.4000015258789,94.47000122070312,94.30999755859376,94.33000183105467,1562400
2014-08-27,50.49702835083008,94.30999755859376,94.4800033569336,94.3000030517578,94.47000122070312,3685200
2014-08-28,50.42207717895508,94.16999816894533,94.38999938964844,94.12999725341795,94.27999877929688,1815400
2014-08-29,50.45957565307617,94.23999786376952,94.27999877929688,94.12000274658205,94.23999786376952,2046000
2014-09-02,50.51873779296875,93.91999816894533,93.9800033569336,93.75,93.7699966430664,4484800
2014-09-03,50.3896484375,93.68000030517578,93.91999816894533,93.66999816894533,93.91999816894533,3200200
2014-09-04,50.22290802001953,93.37000274658205,93.7699966430664,93.26000213623048,93.7300033569336,4754500
2014-09-05,50.16371536254883,93.26000213623048,93.4499969482422,93.25,93.37999725341795,4752700
2014-09-08,50.11531829833984,93.16999816894533,93.3499984741211,93.08000183105467,93.23999786376952,2549200
2014-09-09,49.8840217590332,92.73999786376952,93.13999938964844,92.70999908447266,93.13999938964844,4647900
2014-09-10,49.90552520751953,92.77999877929688,92.81999969482422,92.5500030517578,92.75,3290600
2014-09-11,49.90552520751953,92.77999877929688,92.83999633789062,92.58000183105467,92.68000030517578,2822400
2014-09-12,49.84635925292969,92.66999816894533,92.8000030517578,92.5199966430664,92.6999969482422,5372500
2014-09-15,49.75492858886719,92.5,92.76000213623048,92.47000122070312,92.75,3592400
2014-09-16,49.85711669921875,92.69000244140624,92.86000061035156,92.43000030517578,92.4499969482422,5132200
2014-09-17,50.01848602294922,92.98999786376952,93.08999633789062,92.76000213623048,92.87000274658205,4399300
2014-09-18,50.03460311889648,93.0199966430664,93.08000183105467,92.91000366210938,92.9800033569336,3640300
2014-09-19,50.109954833984375,93.16000366210938,93.19000244140624,93.0199966430664,93.0999984741211,6000600
2014-09-22,50.01848602294922,92.98999786376952,93.23999786376952,92.91000366210938,93.16000366210938,4355300
2014-09-23,49.76567077636719,92.5199966430664,92.91999816894533,92.44000244140624,92.79000091552734,3573100
2014-09-24,49.61508560180664,92.23999786376952,92.5,92.05999755859376,92.5,6342700
2014-09-25,49.27618408203125,91.61000061035156,92.0999984741211,91.5,92.0999984741211,7348000
2014-09-26,49.243934631347656,91.5500030517578,91.7300033569336,90.9499969482422,91.22000122070312,11842500
2014-09-29,49.14169692993164,91.36000061035156,91.37000274658205,90.88999938964844,91.04000091552734,6289400
2014-09-30,49.45906448364258,91.9499969482422,92.02999877929688,91.5500030517578,91.63999938964844,6905400
2014-10-01,49.51363754272461,91.66000366210938,91.9000015258789,91.5199966430664,91.75,9996600
2014-10-02,49.6108512878418,91.83999633789062,91.87999725341795,91.4000015258789,91.62000274658205,6197300
2014-10-03,49.77835464477539,92.1500015258789,92.43000030517578,91.97000122070312,92.0999984741211,6371600
2014-10-06,49.83235168457031,92.25,92.44000244140624,92.13999938964844,92.3000030517578,4213800
2014-10-07,49.64330291748047,91.9000015258789,92.20999908447266,91.80999755859376,92.12999725341795,4994200
2014-10-08,49.880958557128906,92.33999633789062,92.37999725341795,91.7300033569336,91.87999725341795,7589400
2014-10-09,49.35157775878906,91.36000061035156,92.2300033569336,91.2699966430664,92.1500015258789,7177500
2014-10-10,48.95182037353515,90.62000274658205,91.30999755859376,90.51000213623048,91.18000030517578,14239800
2014-10-13,48.7087287902832,90.16999816894533,90.95999908447266,90.1500015258789,90.5500030517578,7908500
2014-10-14,48.87080383300781,90.47000122070312,90.7699966430664,90.22000122070312,90.5,11695300
2014-10-15,48.881614685058594,90.48999786376952,90.48999786376952,89.20999908447266,90.20999908447266,11711300
2014-10-16,49.157127380371094,91.0,91.0999984741211,89.8499984741211,89.98999786376953,12623100
2014-10-17,49.573055267333984,91.7699966430664,92.23999786376952,91.4000015258789,91.73999786376952,13575900
2014-10-20,49.92957305908203,92.43000030517578,92.5,91.7300033569336,91.83000183105467,7331400
2014-10-21,50.334739685058594,93.18000030517578,93.1999969482422,92.62000274658205,92.62000274658205,7453700
2014-10-22,50.00518798828125,92.56999969482422,93.1999969482422,92.4499969482422,93.16000366210938,8363900
2014-10-23,49.983604431152344,92.52999877929688,94.91999816894533,92.51000213623048,92.87000274658205,9482300
2014-10-24,50.124027252197266,92.79000091552734,92.91999816894533,92.4499969482422,92.4499969482422,5764300
2014-10-27,49.91876983642578,92.41000366210938,92.75,92.33999633789062,92.7300033569336,4911400
2014-10-28,49.99979019165039,92.55999755859376,92.70999908447266,92.37999725341795,92.54000091552734,6024200
2014-10-29,49.96198654174805,92.48999786376952,92.68000030517578,92.20999908447266,92.62999725341795,5320700
2014-10-30,49.94039535522461,92.4499969482422,94.9499969482422,92.38999938964844,92.5,3341700
2014-10-31,49.983604431152344,92.52999877929688,92.80999755859376,92.5,92.80999755859376,5065400
2014-11-03,50.088829040527344,92.31999969482422,92.51000213623048,92.18000030517578,92.22000122070312,4936200
2014-11-04,49.931549072265625,92.02999877929688,92.29000091552734,91.95999908447266,92.29000091552734,5886200
2014-11-05,49.92064666748047,92.01000213623048,92.18000030517578,91.91000366210938,92.16000366210938,4399300
2014-11-06,50.050880432128906,92.25,92.2699966430664,92.06999969482422,92.08000183105467,3747700
2014-11-07,50.09969711303711,92.33999633789062,92.37999725341795,92.13999938964844,92.25,3456300
2014-11-10,50.12139892578125,92.37999725341795,92.41999816894533,92.29000091552734,92.30999755859376,2680400
2014-11-11,50.2353515625,92.58999633789062,92.62000274658205,92.25,92.37999725341795,2730700
2014-11-12,50.07256317138672,92.29000091552734,92.51000213623048,92.26000213623048,92.4800033569336,3218900
2014-11-13,49.86639404296875,91.91000366210938,92.37999725341795,91.8000030517578,92.37999725341795,5081300
2014-11-14,49.61680221557617,91.4499969482422,91.94000244140624,91.41000366210938,91.80999755859376,7868000
2014-11-17,49.61142349243164,91.44000244140624,91.66999816894533,91.3499984741211,91.5199966430664,5213700
2014-11-18,49.51374053955078,91.26000213623048,91.55999755859376,91.25,91.41000366210938,5227200
2014-11-19,49.50288772583008,91.23999786376952,91.26000213623048,90.86000061035156,91.0999984741211,7733300
2014-11-20,49.50830078125,91.25,91.3000030517578,90.91999816894533,91.0,3274300
2014-11-21,49.77960586547851,91.75,92.01000213623048,91.52999877929688,91.62000274658205,7983000
2014-11-24,49.7741584777832,91.73999786376952,91.94000244140624,91.62999725341795,91.87000274658205,4569100
2014-11-25,49.85555267333984,91.88999938964844,91.9499969482422,91.66000366210938,91.6999969482422,4878500
2014-11-26,49.92064666748047,92.01000213623048,92.12999725341795,91.9000015258789,91.9499969482422,3055800
2014-11-28,49.44322204589844,91.12999725341795,91.6500015258789,91.04000091552734,91.58999633789062,5290500
2014-12-01,48.945587158203125,89.80000305175781,90.66999816894533,89.73999786376953,90.66999816894533,12432400
2014-12-02,49.2126579284668,90.29000091552734,90.31999969482422,89.87000274658203,90.05000305175781,6821200
2014-12-03,49.29440689086914,90.44000244140624,90.51000213623048,90.1999969482422,90.31999969482422,7627000
2014-12-04,49.26169967651367,90.37999725341795,90.5,90.3000030517578,90.36000061035156,4581600
2014-12-05,49.22355270385742,90.30999755859376,90.38999938964844,90.04000091552734,90.26000213623048,5237400
2014-12-08,48.972843170166016,89.8499984741211,90.1999969482422,89.69999694824219,90.12999725341795,6770800
2014-12-09,48.945587158203125,89.80000305175781,89.87999725341797,89.2300033569336,89.30999755859375,9702100
2014-12-10,48.38418960571289,88.7699966430664,89.5,88.41999816894531,89.37000274658203,15409400
2014-12-11,48.20976638793945,88.44999694824219,88.91000366210938,87.91999816894531,88.62000274658203,12053000
2014-12-12,47.55570983886719,87.25,87.94000244140625,87.0999984741211,87.80000305175781,11563300
2014-12-15,47.5284309387207,87.19999694824219,87.5999984741211,86.45999908447266,87.44000244140625,14114000
2014-12-16,47.3594856262207,86.88999938964844,87.66000366210938,86.12000274658203,86.44000244140625,14875500
2014-12-17,48.324241638183594,88.66000366210938,88.9800033569336,86.88999938964844,86.95999908447266,16864000
2014-12-18,48.7111930847168,89.37000274658203,90.30999755859376,88.72000122070312,90.0,16638700
2014-12-19,49.17996597290039,90.2300033569336,90.30999755859376,89.5199966430664,89.62000274658203,9952800
2014-12-22,49.060062408447266,90.01000213623047,90.3000030517578,89.69999694824219,90.1500015258789,6622400
2014-12-23,49.234474182128906,90.33000183105467,90.41000366210938,89.94999694824219,90.23999786376952,5314400
2014-12-24,49.40195083618164,90.25,90.3000030517578,89.91999816894531,89.9800033569336,2285700
2014-12-26,49.24868392944336,89.97000122070312,90.5,89.9000015258789,90.3499984741211,1815500
2014-12-29,49.27606201171875,90.0199966430664,90.23999786376952,89.7300033569336,90.0199966430664,4717100
2014-12-30,49.17755889892578,89.83999633789062,89.95999908447266,89.66000366210938,89.7699966430664,3624300
2014-12-31,49.04616165161133,89.5999984741211,90.0,89.44000244140625,89.87999725341797,4185400
2015-01-02,49.04616165161133,89.5999984741211,89.93000030517578,89.48999786376953,89.69000244140625,3271900
2015-01-05,48.591819763183594,88.7699966430664,89.23999786376953,88.6500015258789,89.0999984741211,7523100
2015-01-06,48.405723571777344,88.43000030517578,88.95999908447266,88.33999633789062,88.5999984741211,9489700
2015-01-07,48.706790924072266,88.9800033569336,89.27999877929688,88.87000274658203,89.12000274658203,8353100
2015-01-08,49.073543548583984,89.6500015258789,89.83000183105469,88.9800033569336,89.30999755859375,8388600
2015-01-09,49.319854736328125,90.0999984741211,90.13999938964844,89.37000274658203,89.72000122070312,6766700
2015-01-12,49.25965118408203,89.98999786376953,90.16999816894533,89.63999938964844,90.16999816894533,8698500
2015-01-13,49.25965118408203,89.98999786376953,90.2300033569336,89.54000091552734,90.0,7738700
2015-01-14,49.144657135009766,89.77999877929688,89.83999633789062,89.3499984741211,89.51000213623047,7415500
2015-01-15,48.8436164855957,89.2300033569336,89.9800033569336,89.20999908447266,89.9800033569336,7061300
2015-01-16,49.029747009277344,89.56999969482422,89.69999694824219,89.33000183105469,89.33999633789062,7685500
2015-01-20,48.942169189453125,89.41000366210938,89.83999633789062,89.26000213623047,89.83999633789062,5915300
2015-01-21,49.20490264892578,89.88999938964844,89.91000366210938,89.30000305175781,89.36000061035156,6110700
2015-01-22,49.27056121826172,90.01000213623047,90.16999816894533,89.77999877929688,90.0199966430664,6940100
2015-01-23,49.27056121826172,90.01000213623047,90.13999938964844,89.93000030517578,90.01000213623047,5134500
2015-01-26,49.49498748779297,90.41999816894533,90.48999786376952,89.93000030517578,90.06999969482422,8252300
2015-01-27,49.456695556640625,90.3499984741211,90.43000030517578,90.01000213623047,90.08000183105467,8771100
2015-01-28,49.35270309448242,90.16000366210938,90.5,90.01000213623047,90.41000366210938,5622400
2015-01-29,49.52788162231445,90.4800033569336,90.5199966430664,90.1500015258789,90.33999633789062,4923200
2015-01-30,49.39102935791016,90.2300033569336,90.4800033569336,90.19000244140624,90.37999725341795,6383000
2015-02-02,49.580657958984375,90.20999908447266,90.20999908447266,89.87999725341797,90.02999877929688,4120600
2015-02-03,49.86092376708984,90.72000122070312,90.83000183105467,90.3000030517578,90.37999725341795,11682400
2015-02-04,49.65207290649414,90.33999633789062,90.63999938964844,90.3000030517578,90.63999938964844,8333900
2015-02-05,49.94339370727539,90.87000274658205,90.87999725341795,90.4000015258789,90.5500030517578,10172500
2015-02-06,49.98184967041016,90.94000244140624,91.08000183105467,90.77999877929688,91.06999969482422,6076700
2015-02-09,49.86092376708984,90.72000122070312,90.98999786376952,90.6999969482422,90.87999725341795,4672800
2015-02-10,50.03128433227539,91.02999877929688,91.02999877929688,90.88999938964844,90.9000015258789,6846600
2015-02-11,50.01482391357422,91.0,91.02999877929688,90.83000183105467,90.9800033569336,5688000
2015-02-12,50.00932312011719,90.98999786376952,91.13999938964844,90.94000244140624,91.13999938964844,3185400
2015-02-13,50.08076095581055,91.12000274658205,91.19000244140624,90.94000244140624,91.01000213623048,4676600
2015-02-17,50.04782485961914,91.05999755859376,91.27999877929688,91.02999877929688,91.23999786376952,6624200
2015-02-18,50.21819305419922,91.37000274658205,91.38999938964844,91.04000091552734,91.1500015258789,4744400
2015-02-19,50.10274887084961,91.16000366210938,91.31999969482422,91.13999938964844,91.2699966430664,2964800
2015-02-20,50.24016189575195,91.41000366210938,91.41999816894533,91.08000183105467,91.1500015258789,5470600
2015-02-23,50.278663635253906,91.4800033569336,91.4800033569336,91.2699966430664,91.4499969482422,4165700
2015-02-24,50.32809829711914,91.56999969482422,91.5999984741211,91.38999938964844,91.45999908447266,3689300
2015-02-25,50.49299621582031,91.87000274658205,91.9000015258789,91.56999969482422,91.62999725341795,9048500
2015-02-26,50.48198699951172,91.8499984741211,91.97000122070312,91.73999786376952,91.83999633789062,7928200
2015-02-27,50.49299621582031,91.87000274658205,91.9499969482422,91.80999755859376,91.9000015258789,4521800
2015-03-02,50.483612060546875,91.45999908447266,91.5999984741211,91.3000030517578,91.55999755859376,6933000
2015-03-03,50.34008026123047,91.1999969482422,91.4000015258789,91.12000274658205,91.31999969482422,10032000
2015-03-04,50.2462272644043,91.02999877929688,91.16000366210938,90.9800033569336,91.0500030517578,7832800
2015-03-05,50.34008026123047,91.1999969482422,91.1999969482422,91.04000091552734,91.16999816894533,6412500
2015-03-06,50.01994323730469,90.62000274658205,90.97000122070312,90.52999877929688,90.9499969482422,9271900
2015-03-09,49.915077209472656,90.43000030517578,90.73999786376952,90.37999725341795,90.7300033569336,9607500
2015-03-10,49.72188186645508,90.08000183105467,90.33999633789062,89.9000015258789,90.27999877929688,12447300
2015-03-11,49.85987854003906,90.33000183105467,90.45999908447266,90.06999969482422,90.3499984741211,9214800
2015-03-12,49.959224700927734,90.51000213623048,90.63999938964844,90.36000061035156,90.5999984741211,4469900
2015-03-13,49.788124084472656,90.1999969482422,90.4000015258789,89.97000122070312,90.36000061035156,6184500
2015-03-16,49.738433837890625,90.11000061035156,90.33999633789062,90.05000305175781,90.2699966430664,4772600
2015-03-17,49.49003982543945,89.66000366210938,90.0199966430664,89.48999786376953,89.87999725341797,13059600
2015-03-18,49.931636810302734,90.45999908447266,90.47000122070312,89.48999786376953,89.66000366210938,11633900
2015-03-19,49.534210205078125,89.73999786376953,90.36000061035156,89.68000030517578,90.16999816894533,9226000
2015-03-20,49.92058563232422,90.44000244140624,90.4800033569336,89.97000122070312,90.0999984741211,9127300
2015-03-23,49.959224700927734,90.51000213623048,90.54000091552734,90.30999755859376,90.43000030517578,5459200
2015-03-24,50.03649139404297,90.6500015258789,90.72000122070312,90.4499969482422,90.4800033569336,6767200
2015-03-25,49.90403747558594,90.41000366210938,90.83000183105467,90.4000015258789,90.70999908447266,5364600
2015-03-26,49.89851760864258,90.4000015258789,90.52999877929688,90.2300033569336,90.51000213623048,4876400
2015-03-27,49.93716049194336,90.47000122070312,90.55999755859376,90.3499984741211,90.38999938964844,3822000
2015-03-30,50.07513427734375,90.72000122070312,90.79000091552734,90.5,90.51000213623048,4197700
2015-03-31,50.014427185058594,90.61000061035156,90.83999633789062,90.55999755859376,90.69000244140624,4498400
2015-04-01,50.1175537109375,90.38999938964844,90.43000030517578,90.0999984741211,90.3499984741211,9298200
2015-04-02,50.1563720703125,90.45999908447266,90.58999633789062,90.3499984741211,90.45999908447266,4774400
2015-04-06,50.28387069702149,90.69000244140624,90.80999755859376,90.37999725341795,90.37999725341795,5020700
2015-04-07,50.55005645751953,91.16999816894533,91.1999969482422,90.69000244140624,90.7699966430664,8659800
2015-04-08,50.5389518737793,91.1500015258789,91.3000030517578,91.01000213623048,91.20999908447266,7151900
2015-04-09,50.48906707763672,91.05999755859376,91.26000213623048,91.0,91.19000244140624,3415700
2015-04-10,50.6054801940918,91.2699966430664,91.27999877929688,91.0500030517578,91.0500030517578,3012700
2015-04-13,50.511207580566406,91.0999984741211,91.31999969482422,91.08000183105467,91.2699966430664,2866600
2015-04-14,50.53337478637695,91.13999938964844,91.1999969482422,90.93000030517578,91.12999725341795,2830000
2015-04-15,50.73300552368164,91.5,91.55999755859376,91.20999908447266,91.23999786376952,4438300
2015-04-16,50.627655029296875,91.30999755859376,91.44000244140624,91.2699966430664,91.44000244140624,5285400
2015-04-17,50.47238540649414,91.02999877929688,91.23999786376952,91.0,91.23999786376952,3901300
2015-04-20,50.58332061767578,91.2300033569336,91.37999725341795,91.11000061035156,91.23999786376952,3641000
2015-04-21,50.61655044555664,91.29000091552734,91.4800033569336,91.23999786376952,91.4800033569336,3730700
2015-04-22,50.566654205322266,91.1999969482422,91.44000244140624,91.18000030517578,91.43000030517578,4031100
2015-04-23,50.55005645751953,91.16999816894533,91.36000061035156,91.08000183105467,91.26000213623048,4755200
2015-04-24,50.633201599121094,91.31999969482422,91.33999633789062,91.19000244140624,91.19000244140624,4221400
2015-04-27,50.64979934692383,91.3499984741211,91.48999786376952,91.2699966430664,91.4499969482422,5049600
2015-04-28,50.57221984863281,91.20999908447266,91.30999755859376,91.16999816894533,91.27999877929688,4697400
2015-04-29,50.47796249389648,91.04000091552734,91.1999969482422,90.91999816894533,91.0,8152700
2015-04-30,50.45022201538086,90.98999786376952,91.08000183105467,90.80999755859376,91.0,11463800
2015-05-01,50.562713623046875,90.79000091552734,90.80999755859376,90.61000061035156,90.66000366210938,8053700
2015-05-04,50.55157852172851,90.7699966430664,90.97000122070312,90.6500015258789,90.9499969482422,6683700
2015-05-05,50.48476791381836,90.6500015258789,90.77999877929688,90.48999786376952,90.69000244140624,12736900
2015-05-06,50.33438491821289,90.37999725341795,90.69000244140624,90.31999969482422,90.6500015258789,13677500
2015-05-07,50.32882308959961,90.37000274658205,90.58000183105467,90.2699966430664,90.3000030517578,8676400
2015-05-08,50.72425079345703,91.08000183105467,91.08000183105467,90.8000030517578,90.86000061035156,10319600
2015-05-11,50.40678024291992,90.51000213623048,91.05999755859376,90.4800033569336,91.01000213623048,5499200
2015-05-12,50.40122604370117,90.5,90.7300033569336,90.29000091552734,90.36000061035156,6569200
2015-05-13,50.32882308959961,90.37000274658205,90.7699966430664,90.33000183105467,90.62000274658205,4349000
2015-05-14,50.573883056640625,90.80999755859376,90.87000274658205,90.58999633789062,90.58999633789062,5147100
2015-05-15,50.68523788452149,91.01000213623048,91.08000183105467,90.80999755859376,90.9000015258789,8939400
2015-05-18,50.60171127319336,90.86000061035156,91.0,90.75,91.0,2843700
2015-05-19,50.52374267578125,90.72000122070312,90.87999725341795,90.63999938964844,90.87999725341795,4743200
2015-05-20,50.46249771118164,90.61000061035156,90.86000061035156,90.61000061035156,90.7300033569336,2841700
2015-05-21,50.534854888916016,90.73999786376952,90.83000183105467,90.5999984741211,90.5999984741211,3709300
2015-05-22,50.573883056640625,90.80999755859376,90.8499984741211,90.69000244140624,90.7300033569336,3716900
2015-05-26,50.46804428100586,90.62000274658205,90.79000091552734,90.61000061035156,90.66999816894533,3951500
2015-05-27,50.57942962646485,90.81999969482422,90.9000015258789,90.68000030517578,90.77999877929688,3737800
2015-05-28,50.557159423828125,90.77999877929688,90.83000183105467,90.69000244140624,90.80999755859376,5440700
2015-05-29,50.62955093383789,90.91000366210938,90.97000122070312,90.76000213623048,90.76000213623048,4764000
2015-06-01,50.7145881652832,90.66000366210938,90.7699966430664,90.45999908447266,90.6500015258789,9372600
2015-06-02,50.61949157714844,90.48999786376952,90.75,90.33999633789062,90.75,5203700
2015-06-03,50.34537124633789,90.0,90.4499969482422,89.94000244140625,90.38999938964844,9532700
2015-06-04,50.18316650390625,89.70999908447266,90.01000213623047,89.70999908447266,89.93000030517578,11381700
2015-06-05,50.0321044921875,89.44000244140625,89.62999725341797,89.33000183105469,89.48999786376953,7747600
2015-06-08,50.0321044921875,89.44000244140625,89.61000061035156,89.33999633789062,89.5199966430664,6487800
2015-06-09,49.94822692871094,89.29000091552734,89.44000244140625,89.16999816894531,89.41999816894531,11416200
2015-06-10,50.01533889770508,89.41000366210938,89.4800033569336,89.26000213623047,89.30999755859375,5187500
2015-06-11,50.11603164672851,89.58999633789062,89.5999984741211,89.37999725341797,89.47000122070312,5202100
2015-06-12,49.93141174316406,89.26000213623047,89.5199966430664,89.23999786376953,89.41999816894531,5713500
2015-06-15,49.69646835327149,88.83999633789062,89.22000122070312,88.80999755859375,89.06999969482422,12726200
2015-06-16,49.976165771484375,89.33999633789062,89.33999633789062,88.80999755859375,88.80999755859375,5249800
2015-06-17,49.93141174316406,89.26000213623047,89.4000015258789,88.94000244140625,89.19999694824219,5660400
2015-06-18,50.11603164672851,89.58999633789062,89.69000244140625,89.29000091552734,89.29000091552734,6869900
2015-06-19,50.14399719238281,89.63999938964844,89.76000213623047,89.45999908447266,89.76000213623047,12585700
2015-06-22,50.24470901489258,89.81999969482422,89.98999786376953,89.63999938964844,89.88999938964844,5035400
2015-06-23,50.21111679077149,89.76000213623047,89.80000305175781,89.63999938964844,89.7699966430664,3474800
2015-06-24,50.07686996459961,89.5199966430664,89.79000091552734,89.5199966430664,89.69999694824219,2636900
2015-06-25,49.92584609985352,89.25,89.63999938964844,89.25,89.56999969482422,5176700
2015-06-26,49.78041458129883,88.98999786376953,89.31999969482422,88.94999694824219,89.25,6683200
2015-06-29,49.439186096191406,88.37999725341797,88.80000305175781,88.37000274658203,88.6500015258789,10156900
2015-06-30,49.67412185668945,88.80000305175781,88.86000061035156,88.58000183105469,88.76000213623047,4912700
2015-07-01,49.682525634765625,88.41999816894531,88.80999755859375,88.36000061035156,88.80999755859375,13614700
2015-07-02,49.86797332763672,88.75,88.8499984741211,88.5199966430664,88.6500015258789,5586300
2015-07-06,49.70500946044922,88.45999908447266,88.75,88.41000366210938,88.58000183105469,4719100
2015-07-07,49.74435043334961,88.52999877929688,88.62999725341797,88.12999725341797,88.33000183105469,8406300
2015-07-08,49.497100830078125,88.08999633789062,88.41999816894531,88.05999755859375,88.16999816894531,5744800
2015-07-09,49.609500885009766,88.29000091552734,88.7300033569336,88.29000091552734,88.44999694824219,6291000
2015-07-10,49.896053314208984,88.80000305175781,88.87000274658203,88.55999755859375,88.58999633789062,7097900
2015-07-13,49.941009521484375,88.87999725341797,88.94000244140625,88.72000122070312,88.91000366210938,6119200
2015-07-14,49.890480041503906,88.79000091552734,88.83000183105469,88.63999938964844,88.73999786376953,6354100
2015-07-15,49.890480041503906,88.79000091552734,88.9000015258789,88.6500015258789,88.77999877929688,5983300
2015-07-16,49.96908187866211,88.93000030517578,89.02999877929688,88.87999725341797,88.88999938964844,7523600
2015-07-17,49.83424377441406,88.69000244140625,88.98999786376953,88.5999984741211,88.98999786376953,7788400
2015-07-20,49.60388946533203,88.27999877929688,88.66000366210938,88.2699966430664,88.6500015258789,6740400
2015-07-21,49.51396560668945,88.12000274658203,88.31999969482422,88.11000061035156,88.20999908447266,4904800
2015-07-22,49.19367599487305,87.55000305175781,87.93000030517578,87.5199966430664,87.87000274658203,10578500
2015-07-23,49.165565490722656,87.5,87.70999908447266,87.5,87.5199966430664,4918400
2015-07-24,49.025142669677734,87.25,87.55000305175781,87.19999694824219,87.5,4702900
2015-07-27,48.81721115112305,86.87999725341797,87.2699966430664,86.80999755859375,87.01000213623047,11061700
2015-07-28,49.081298828125,87.3499984741211,87.44999694824219,86.93000030517578,86.97000122070312,10471000
2015-07-29,49.367897033691406,87.86000061035156,87.93000030517578,87.3499984741211,87.3499984741211,8839500
2015-07-30,49.51396560668945,88.12000274658203,88.16999816894531,87.80999755859375,87.80999755859375,6127600
2015-07-31,49.42970275878906,87.97000122070312,88.23999786376953,87.94000244140625,88.01000213623047,5936500
2015-08-03,49.33712387084961,87.41000366210938,87.5999984741211,87.37000274658203,87.58999633789062,5416900
2015-08-04,49.36532974243164,87.45999908447266,87.62999725341797,87.44000244140625,87.5,3691400
2015-08-05,49.297603607177734,87.33999633789062,87.7300033569336,87.33000183105469,87.63999938964844,7778300
2015-08-06,49.09440994262695,86.9800033569336,87.33000183105469,86.95999908447266,87.2300033569336,10794800
2015-08-07,48.942047119140625,86.70999908447266,86.88999938964844,86.68000030517578,86.8499984741211,5483500
2015-08-10,49.08308792114258,86.95999908447266,86.97000122070312,86.7300033569336,86.7699966430664,3234500
2015-08-11,48.85736846923828,86.55999755859375,86.69999694824219,86.45999908447266,86.62999725341797,4598600
2015-08-12,48.78961944580078,86.44000244140625,86.4800033569336,86.04000091552734,86.26000213623047,6371900
2015-08-13,48.72753143310547,86.33000183105469,86.44000244140625,86.27999877929688,86.37000274658203,7422100
2015-08-14,48.75574493408203,86.37999725341797,86.51000213623047,86.27999877929688,86.29000091552734,3437900
2015-08-17,48.75574493408203,86.37999725341797,86.51000213623047,86.19999694824219,86.29000091552734,4153600
2015-08-18,48.69366836547851,86.2699966430664,86.4000015258789,86.18000030517578,86.2699966430664,5471300
2015-08-19,48.64849853515625,86.19000244140625,86.44999694824219,86.0199966430664,86.20999908447266,7208500
2015-08-20,48.41143798828125,85.7699966430664,85.97000122070312,85.6500015258789,85.9000015258789,11099100
2015-08-21,48.23648834228515,85.45999908447266,85.75,85.37000274658203,85.52999877929688,13158600
2015-08-24,47.84137725830078,84.76000213623047,85.37999725341797,83.43000030517578,83.80999755859375,19116200
2015-08-25,47.93732452392578,84.93000030517578,85.69000244140625,84.91000366210938,85.55999755859375,18194700
2015-08-26,48.338077545166016,85.63999938964844,85.80000305175781,85.19000244140625,85.26000213623047,10654800
2015-08-27,48.69931411743164,86.27999877929688,86.44999694824219,85.86000061035156,85.86000061035156,12772100
2015-08-28,48.74446487426758,86.36000061035156,86.5,86.05999755859375,86.22000122070312,9100000
2015-08-31,48.67674255371094,86.23999786376953,86.30000305175781,85.7300033569336,86.23999786376953,5408800
2015-09-01,48.519683837890625,85.58000183105469,85.7699966430664,85.44000244140625,85.69999694824219,4739100
2015-09-02,48.71812057495117,85.93000030517578,85.95999908447266,85.68000030517578,85.93000030517578,5259700
2015-09-03,48.7861442565918,86.05000305175781,86.2300033569336,85.86000061035156,86.0,8779000
2015-09-04,48.735130310058594,85.95999908447266,86.06999969482422,85.8499984741211,85.86000061035156,4671000
2015-09-08,49.00162124633789,86.43000030517578,86.44000244140625,86.23999786376953,86.3499984741211,5450300
2015-09-09,48.93921661376953,86.31999969482422,86.62000274658203,86.23999786376953,86.5999984741211,4914800
2015-09-10,49.058292388916016,86.52999877929688,86.5999984741211,86.27999877929688,86.27999877929688,4744100
2015-09-11,49.04130172729492,86.5,86.55000305175781,86.11000061035156,86.1500015258789,4834900
2015-09-14,48.956241607666016,86.3499984741211,86.44000244140625,86.22000122070312,86.36000061035156,4383100
2015-09-15,48.94490814208984,86.33000183105469,86.41000366210938,86.19999694824219,86.25,4247800
2015-09-16,48.76913070678711,86.0199966430664,86.2300033569336,85.94000244140625,86.02999877929688,5026700
2015-09-17,48.808815002441406,86.08999633789062,86.41000366210938,85.8499984741211,86.01000213623047,6576800
2015-09-18,48.67278289794922,85.8499984741211,86.05000305175781,85.69000244140625,85.83999633789062,10827600
2015-09-21,48.58205795288086,85.69000244140625,85.9000015258789,85.61000061035156,85.86000061035156,7579000
2015-09-22,48.23053359985352,85.06999969482422,85.69000244140625,84.95999908447266,85.3499984741211,7366900
2015-09-23,48.14551544189453,84.91999816894531,85.11000061035156,84.86000061035156,85.05000305175781,7686000
2015-09-24,47.90740585327149,84.5,84.75,84.3499984741211,84.75,9167500
2015-09-25,47.663578033447266,84.06999969482422,84.76000213623047,84.04000091552734,84.5999984741211,8384200
2015-09-28,46.93221282958984,82.77999877929688,84.0199966430664,82.72000122070312,83.66999816894531,12416300
2015-09-29,46.92657470703125,82.7699966430664,83.08999633789062,82.62999725341797,82.70999908447266,11417600
2015-09-30,47.221336364746094,83.29000091552734,83.33999633789062,82.83000183105469,83.12999725341797,14539800
2015-10-01,46.91830062866211,82.36000061035156,82.87999725341797,82.31999969482422,82.75,12179800
2015-10-02,46.9638671875,82.44000244140625,82.47000122070312,81.66000366210938,81.88999938964844,14060200
2015-10-05,47.527889251708984,83.43000030517578,83.47000122070312,82.80999755859375,82.87000274658203,13531400
2015-10-06,47.789913177490234,83.88999938964844,83.9800033569336,83.36000061035156,83.4800033569336,13985800
2015-10-07,48.27983093261719,84.75,84.83000183105469,84.19999694824219,84.3499984741211,18000700
2015-10-08,48.47922897338867,85.0999984741211,85.12999725341797,84.45999908447266,84.62000274658203,9466900
2015-10-09,48.48491668701172,85.11000061035156,85.5999984741211,84.9800033569336,85.2300033569336,9900600
2015-10-12,48.39374923706055,84.94999694824219,85.25,84.83000183105469,85.18000030517578,3867000
2015-10-13,48.27983093261719,84.75,84.94999694824219,84.62999725341797,84.79000091552734,7772600
2015-10-14,48.24563217163086,84.69000244140625,84.94999694824219,84.63999938964844,84.76000213623047,7748100
2015-10-15,48.359588623046875,84.88999938964844,84.94999694824219,84.61000061035156,84.81999969482422,8049200
2015-10-16,48.581748962402344,85.27999877929688,85.29000091552734,84.88999938964844,84.91000366210938,5978200
2015-10-19,48.7127799987793,85.51000213623047,85.56999969482422,85.08000183105469,85.1500015258789,10347000
2015-10-20,48.75835418701172,85.58999633789062,85.69000244140625,85.29000091552734,85.37999725341797,10294800
2015-10-21,48.70709228515625,85.5,85.7699966430664,85.26000213623047,85.6500015258789,14332200
2015-10-22,48.72416687011719,85.52999877929688,85.68000030517578,85.41000366210938,85.58000183105469,11805100
2015-10-23,48.89503860473633,85.83000183105469,86.08999633789062,85.58000183105469,85.9000015258789,13201700
2015-10-26,48.84380340576172,85.73999786376953,85.94000244140625,85.68000030517578,85.93000030517578,9354100
2015-10-27,48.68429183959961,85.45999908447266,85.68000030517578,85.33999633789062,85.66999816894531,5585800
2015-10-28,48.8153076171875,85.69000244140625,85.70999908447266,85.30000305175781,85.45999908447266,8637000
2015-10-29,48.689998626708984,85.47000122070312,85.68000030517578,85.43000030517578,85.44999694824219,6064500
2015-10-30,48.74696350097656,85.56999969482422,85.76000213623047,85.38999938964844,85.52999877929688,8803100
2015-11-02,48.89805603027344,85.44000244140625,85.4800033569336,85.11000061035156,85.18000030517578,5476000
2015-11-03,48.94954681396485,85.52999877929688,85.58000183105469,85.36000061035156,85.36000061035156,5873700
2015-11-04,48.80646896362305,85.27999877929688,85.56999969482422,85.23999786376953,85.56999969482422,6082100
2015-11-05,48.617584228515625,84.94999694824219,85.33999633789062,84.94000244140625,85.25,8529600
2015-11-06,48.38298034667969,84.54000091552734,84.69000244140625,84.33999633789062,84.62000274658203,8207700
2015-11-09,48.18265151977539,84.19000244140625,84.44000244140625,84.12999725341797,84.36000061035156,10127900
2015-11-10,48.073917388916016,84.0,84.19000244140625,83.87000274658203,84.0999984741211,9673000
2015-11-11,47.95945358276367,83.80000305175781,84.0999984741211,83.75,84.04000091552734,3943900
2015-11-12,47.63895797729492,83.23999786376953,83.68000030517578,83.22000122070312,83.47000122070312,11570600
2015-11-13,47.50159454345703,83.0,83.36000061035156,82.98999786376953,83.27999877929688,7487900
2015-11-16,47.72481918334961,83.38999938964844,83.44000244140625,82.80999755859375,82.91000366210938,8228200
2015-11-17,47.759159088134766,83.44999694824219,83.73999786376953,83.37000274658203,83.5999984741211,9106400
2015-11-18,47.85072708129883,83.61000061035156,83.66000366210938,83.4000015258789,83.4000015258789,7479000
2015-11-19,47.42149353027344,82.86000061035156,83.48999786376953,82.8499984741211,83.33000183105469,9428300
2015-11-20,47.41006088256836,82.83999633789062,83.20999908447266,82.80999755859375,82.87999725341797,9763700
2015-11-23,47.369991302490234,82.7699966430664,82.88999938964844,82.69000244140625,82.73999786376953,5138900
2015-11-24,47.43292236328125,82.87999725341797,82.91000366210938,82.56999969482422,82.6500015258789,9529200
2015-11-25,47.48444366455078,82.97000122070312,82.98999786376953,82.83999633789062,82.83999633789062,7132500
2015-11-27,47.5588264465332,83.0999984741211,83.1500015258789,82.94000244140625,83.0199966430664,2259900
2015-11-30,47.530235290527344,83.05000305175781,83.1500015258789,82.98999786376953,83.0999984741211,5356300
2015-12-01,47.86836242675781,83.23999786376953,83.27999877929688,82.80000305175781,82.8499984741211,9849200
2015-12-02,47.77061462402344,83.06999969482422,83.44000244140625,83.02999877929688,83.18000030517578,11871300
2015-12-03,47.644081115722656,82.8499984741211,83.12999725341797,82.72000122070312,82.91999816894531,15290200
2015-12-04,47.53483200073242,82.66000366210938,82.93000030517578,82.5,82.80000305175781,14027900
2015-12-07,47.20128631591797,82.08000183105469,82.5,82.0199966430664,82.33000183105469,11989900
2015-12-08,46.61473083496094,81.05999755859375,81.62000274658203,80.95999908447266,81.43000030517578,25199100
2015-12-09,46.856231689453125,81.4800033569336,81.69999694824219,81.05000305175781,81.05999755859375,16703900
2015-12-10,46.66073989868164,81.13999938964844,81.56999969482422,81.0,81.2699966430664,14206800
2015-12-11,45.72913360595703,79.5199966430664,80.54000091552734,78.62000274658203,80.54000091552734,54233300
2015-12-14,45.33230209350586,78.83000183105469,79.51000213623047,78.20999908447266,79.4000015258789,38540500
2015-12-15,46.07415390014648,80.12000274658203,80.44999694824219,79.76000213623047,79.80000305175781,36337800
2015-12-16,46.42498016357422,80.7300033569336,80.88999938964844,80.05999755859375,80.38999938964844,30575300
2015-12-17,45.90739440917969,79.83000183105469,80.80999755859375,79.80000305175781,80.69999694824219,17345300
2015-12-18,45.73486328125,79.52999877929688,79.79000091552734,79.33999633789062,79.55999755859375,23548900
2015-12-21,45.59111785888672,79.27999877929688,79.9000015258789,79.06999969482422,79.69999694824219,14468700
2015-12-22,46.143157958984375,80.23999786376953,80.26000213623047,79.36000061035156,79.4000015258789,12569500
2015-12-23,46.43645858764648,80.75,80.88999938964844,80.41999816894531,80.51000213623047,12824900
2015-12-24,46.53127670288086,80.48999786376953,80.69999694824219,80.2699966430664,80.3499984741211,5284300
2015-12-28,46.253787994384766,80.01000213623047,80.25,79.87999725341797,80.23999786376953,7151600
2015-12-29,46.51969909667969,80.47000122070312,80.52999877929688,80.1500015258789,80.16000366210938,7485500
2015-12-30,46.55438232421875,80.52999877929688,80.63999938964844,80.18000030517578,80.37000274658203,13145300
2015-12-31,46.58328628540039,80.58000183105469,80.87999725341797,80.38999938964844,80.4800033569336,7935200
2016-01-04,46.3057975769043,80.0999984741211,80.16000366210938,79.66999816894531,80.01000213623047,14787700
2016-01-05,46.39250564575195,80.25,80.52999877929688,80.06999969482422,80.33999633789062,11491300
2016-01-06,46.39250564575195,80.25,80.33000183105469,79.93000030517578,79.93000030517578,11320100
2016-01-07,46.09189224243164,79.7300033569336,80.0,79.62000274658203,79.66999816894531,11004700
2016-01-08,45.97050857543945,79.5199966430664,80.22000122070312,79.5,80.04000091552734,17902100
2016-01-11,45.90114212036133,79.4000015258789,79.94999694824219,79.30999755859375,79.86000061035156,16917700
2016-01-12,45.9473876953125,79.4800033569336,79.94999694824219,79.30000305175781,79.88999938964844,15217700
2016-01-13,45.43864822387695,78.5999984741211,79.62000274658203,78.48999786376953,79.54000091552734,20352700
2016-01-14,45.640987396240234,78.94999694824219,79.04000091552734,78.27999877929688,78.66000366210938,18572700
2016-01-15,45.039756774902344,77.91000366210938,78.68000030517578,77.41999816894531,77.66999816894531,27309900
2016-01-19,44.88370895385742,77.63999938964844,78.12999725341797,77.38999938964844,77.94999694824219,15975700
2016-01-20,44.583065032958984,77.12000274658203,77.41999816894531,75.81999969482422,77.02999877929688,25973500
2016-01-21,44.88370895385742,77.63999938964844,77.95999908447266,76.80000305175781,77.12000274658203,20065800
2016-01-22,45.57159423828125,78.83000183105469,78.91999816894531,78.23999786376953,78.4000015258789,17653100
2016-01-25,45.12067794799805,78.05000305175781,78.73999786376953,78.02999877929688,78.58999633789062,16448400
2016-01-26,45.52538299560547,78.75,78.79000091552734,78.18000030517578,78.36000061035156,12010900
2016-01-27,45.45598220825195,78.62999725341797,79.08000183105469,78.37999725341797,78.72000122070312,14563000
2016-01-28,45.687232971191406,79.02999877929688,79.29000091552734,78.73999786376953,79.11000061035156,14622600
2016-01-29,45.83753204345703,79.29000091552734,79.44999694824219,79.12999725341797,79.19999694824219,14218700
2016-02-01,45.56508255004883,78.43000030517578,78.79000091552734,78.30999755859375,78.76000213623047,8865500
2016-02-02,45.23973083496094,77.87000274658203,78.22000122070312,77.83000183105469,78.05000305175781,15442100
2016-02-03,45.46050262451172,78.25,78.4000015258789,77.62999725341797,78.11000061035156,15465200
2016-02-04,45.3152961730957,78.0,78.38999938964844,77.93000030517578,78.22000122070312,8989700
2016-02-05,44.9666748046875,77.4000015258789,77.98999786376953,77.27999877929688,77.98999786376953,14632300
2016-02-08,44.44380187988281,76.5,76.80000305175781,76.27999877929688,76.7699966430664,15649900
2016-02-09,44.27533721923828,76.20999908447266,76.55999755859375,75.87000274658203,76.08999633789062,18685000
2016-02-10,44.21141815185547,76.0999984741211,76.7300033569336,75.94999694824219,76.41000366210938,13086000
2016-02-11,43.91512680053711,75.58999633789062,75.87000274658203,75.08999633789062,75.3499984741211,22158200
2016-02-12,44.57160568237305,76.72000122070312,76.79000091552734,75.7699966430664,75.86000061035156,17751500
2016-02-16,44.612300872802734,76.79000091552734,77.02999877929688,76.69000244140625,76.80999755859375,14106000
2016-02-17,44.97827911376953,77.41999816894531,77.58999633789062,77.11000061035156,77.18000030517578,16353000
2016-02-18,45.01895523071289,77.48999786376953,77.75,77.44000244140625,77.69999694824219,13247300
2016-02-19,45.10612487792969,77.63999938964844,77.68000030517578,77.05000305175781,77.1500015258789,12879900
2016-02-22,45.49534225463867,78.30999755859375,78.3499984741211,77.94999694824219,78.04000091552734,13826600
2016-02-23,45.40241622924805,78.1500015258789,78.27999877929688,77.73999786376953,78.05999755859375,16809700
2016-02-24,45.47789764404297,78.27999877929688,78.37000274658203,77.45999908447266,77.55999755859375,13622100
2016-02-25,45.72193145751953,78.69999694824219,78.7300033569336,78.05999755859375,78.33000183105469,10699100
2016-02-26,46.02986526489258,79.2300033569336,79.30000305175781,78.86000061035156,78.94999694824219,12060200
2016-02-29,46.5236701965332,80.08000183105469,80.12999725341797,79.26000213623047,79.27999877929688,23746800
2016-03-01,47.258934020996094,80.91999816894531,81.01000213623047,79.54000091552734,79.83000183105469,24023200
2016-03-02,46.93772506713867,80.37000274658203,80.61000061035156,80.22000122070312,80.5,14987400
2016-03-03,47.095428466796875,80.63999938964844,80.87000274658203,79.98999786376953,80.2699966430664,12018400
2016-03-04,47.229732513427734,80.87000274658203,81.23999786376953,80.5,80.77999877929688,18029900
2016-03-07,47.28815841674805,80.97000122070312,81.0,80.66999816894531,80.68000030517578,12656200
2016-03-08,46.95525360107422,80.4000015258789,80.8499984741211,80.36000061035156,80.79000091552734,17813700
2016-03-09,47.07204818725586,80.5999984741211,80.69999694824219,80.36000061035156,80.55000305175781,7699600
2016-03-10,47.39912033081055,81.16000366210938,81.19000244140625,80.55000305175781,81.05999755859375,18167000
2016-03-11,47.97144317626953,82.13999938964844,82.26000213623047,81.63999938964844,81.72000122070312,18662700
2016-03-14,47.83711624145508,81.91000366210938,82.05999755859375,81.52999877929688,81.87999725341797,12512400
2016-03-15,47.393280029296875,81.1500015258789,81.4800033569336,81.11000061035156,81.4000015258789,16442600
2016-03-16,47.708641052246094,81.69000244140625,81.98999786376953,80.81999969482422,80.93000030517578,21567100
2016-03-17,48.01234817504883,82.20999908447266,82.3499984741211,81.72000122070312,81.87999725341797,18423000
2016-03-18,48.12328338623047,82.4000015258789,82.61000061035156,82.27999877929688,82.30000305175781,12922000
2016-03-21,48.07072067260742,82.30999755859375,82.45999908447266,82.13999938964844,82.38999938964844,12653600
2016-03-22,47.94222640991211,82.08999633789062,82.25,81.9800033569336,82.13999938964844,8941200
2016-03-23,47.72032165527344,81.70999908447266,82.06999969482422,81.68000030517578,82.06999969482422,11354200
2016-03-24,47.51009750366211,81.3499984741211,81.48999786376953,81.08000183105469,81.12000274658203,13497800
2016-03-28,47.29397964477539,80.9800033569336,81.43000030517578,80.94000244140625,81.26000213623047,11298900
2016-03-29,47.47503280639648,81.29000091552734,81.31999969482422,80.68000030517578,80.73999786376953,11348400
2016-03-30,47.64439392089844,81.58000183105469,81.70999908447266,81.38999938964844,81.44000244140625,11796400
2016-03-31,47.708641052246094,81.69000244140625,81.9000015258789,81.4800033569336,81.48999786376953,9436700
2016-04-01,47.743263244628906,81.37000274658203,81.51000213623047,80.80000305175781,80.9800033569336,10822400
2016-04-04,47.62590026855469,81.16999816894531,81.51000213623047,81.08000183105469,81.26000213623047,9269700
2016-04-05,47.44987487792969,80.87000274658203,81.06999969482422,80.77999877929688,80.81999969482422,13254500
2016-04-06,47.8488655090332,81.55000305175781,81.62000274658203,80.9800033569336,81.01000213623047,13935000
2016-04-07,47.61418533325195,81.1500015258789,81.41000366210938,81.05999755859375,81.22000122070312,11306100
2016-04-08,47.831268310546875,81.5199966430664,81.63999938964844,81.41999816894531,81.58000183105469,7953000
2016-04-11,47.89581680297851,81.62999725341797,81.86000061035156,81.62000274658203,81.6500015258789,8126900
2016-04-12,48.17743682861328,82.11000061035156,82.13999938964844,81.72000122070312,81.7699966430664,11772800
2016-04-13,48.49428176879883,82.6500015258789,82.81999969482422,82.30999755859375,82.30999755859375,13596100
2016-04-14,48.476688385009766,82.62000274658203,82.7300033569336,82.5,82.6500015258789,10758400
2016-04-15,48.400390625,82.48999786376953,82.56999969482422,82.4000015258789,82.47000122070312,7857300
2016-04-18,48.67619705200195,82.95999908447266,82.97000122070312,82.12999725341797,82.16000366210938,9211400
2016-04-19,48.88152694702149,83.30999755859375,83.41000366210938,83.08000183105469,83.1500015258789,11623600
2016-04-20,48.97544479370117,83.47000122070312,83.69999694824219,83.22000122070312,83.37999725341797,10128800
2016-04-21,48.82286834716797,83.20999908447266,83.5999984741211,83.16999816894531,83.56999969482422,13349500
2016-04-22,48.93435287475586,83.4000015258789,83.44999694824219,83.20999908447266,83.27999877929688,10982300
2016-04-25,48.7465705871582,83.08000183105469,83.37000274658203,83.05000305175781,83.25,8972400
2016-04-26,48.91088104248047,83.36000061035156,83.37000274658203,83.16000366210938,83.29000091552734,8291000
2016-04-27,49.19837951660156,83.8499984741211,83.91000366210938,83.41000366210938,83.44000244140625,10505400
2016-04-28,49.116233825683594,83.70999908447266,84.04000091552734,83.6500015258789,83.83000183105469,9229000
2016-04-29,49.19837951660156,83.8499984741211,83.91000366210938,83.3499984741211,83.62999725341797,20284700
2016-05-02,49.217254638671875,83.5,83.52999877929688,83.29000091552734,83.37999725341797,11420700
2016-05-03,48.89896011352539,82.95999908447266,83.22000122070312,82.83999633789062,83.19999694824219,18449200
2016-05-04,48.71623229980469,82.6500015258789,82.86000061035156,82.61000061035156,82.80999755859375,17645200
2016-05-05,48.674949645996094,82.58000183105469,82.91999816894531,82.54000091552734,82.91000366210938,18782100
2016-05-06,48.645484924316406,82.52999877929688,82.70999908447266,82.20999908447266,82.2300033569336,16204400
2016-05-09,48.55706787109375,82.37999725341797,82.58999633789062,82.27999877929688,82.4000015258789,11622800
2016-05-10,48.96967315673828,83.08000183105469,83.0999984741211,82.43000030517578,82.43000030517578,11420700
2016-05-11,48.934329986572266,83.0199966430664,83.36000061035156,82.93000030517578,83.08000183105469,20692000
2016-05-12,49.01093292236328,83.1500015258789,83.23999786376953,82.95999908447266,83.23999786376953,11312400
2016-05-13,48.79286193847656,82.77999877929688,83.18000030517578,82.73999786376953,83.06999969482422,11332400
2016-05-16,49.06398010253906,83.23999786376953,83.27999877929688,82.87000274658203,82.93000030517578,12981700
2016-05-17,48.96378326416016,83.06999969482422,83.31999969482422,83.01000213623047,83.0999984741211,7489900
2016-05-18,48.96967315673828,83.08000183105469,83.33000183105469,82.8499984741211,83.0999984741211,16612500
2016-05-19,48.83411407470703,82.8499984741211,82.91000366210938,82.58999633789062,82.79000091552734,20290200
2016-05-20,49.005035400390625,83.13999938964844,83.16000366210938,82.86000061035156,82.86000061035156,10556700
2016-05-23,49.01683807373047,83.16000366210938,83.5999984741211,82.95999908447266,83.12000274658203,10457400
2016-05-24,49.31154251098633,83.66000366210938,83.66000366210938,83.30999755859375,83.37000274658203,10838400
2016-05-25,49.388160705566406,83.79000091552734,83.91999816894531,83.75,83.83000183105469,15119600
2016-05-26,49.2467041015625,83.55000305175781,83.94000244140625,83.54000091552734,83.94000244140625,12269000
2016-05-27,49.32923126220703,83.69000244140625,83.69000244140625,83.52999877929688,83.58999633789062,6225600
2016-05-31,49.28208923339844,83.61000061035156,83.87000274658203,83.5199966430664,83.75,11994100
2016-06-01,49.36025619506836,83.33999633789062,83.37999725341797,82.9000015258789,82.98999786376953,16488600
2016-06-02,49.37215042114258,83.36000061035156,83.41000366210938,83.11000061035156,83.19999694824219,12118900
2016-06-03,49.4609375,83.51000213623047,83.55999755859375,83.2300033569336,83.44000244140625,13093000
2016-06-06,49.68009948730469,83.87999725341797,83.93000030517578,83.62000274658203,83.77999877929688,16126200
2016-06-07,49.89923858642578,84.25,84.3499984741211,83.93000030517578,83.9800033569336,18423500
2016-06-08,50.08873748779297,84.56999969482422,84.5999984741211,84.3499984741211,84.36000061035156,14652800
2016-06-09,49.893306732177734,84.23999786376953,84.56999969482422,84.13999938964844,84.56999969482422,11188300
2016-06-10,49.65047454833984,83.83000183105469,84.0199966430664,83.66000366210938,83.9000015258789,15259900
2016-06-13,49.31880187988281,83.2699966430664,83.80999755859375,83.2699966430664,83.5,17257900
2016-06-14,49.15297317504883,82.98999786376953,83.23999786376953,82.7699966430664,83.12999725341797,20578800
2016-06-15,49.17664337158203,83.02999877929688,83.37999725341797,82.97000122070312,83.26000213623047,14202800
2016-06-16,49.206260681152344,83.08000183105469,83.1500015258789,82.44999694824219,82.8499984741211,19195500
2016-06-17,49.23588180541992,83.12999725341797,83.33000183105469,83.05999755859375,83.08999633789062,16113800
2016-06-20,49.52609634399414,83.62000274658203,83.97000122070312,83.52999877929688,83.7300033569336,13368400
2016-06-21,49.7155876159668,83.94000244140625,83.9800033569336,83.62999725341797,83.7699966430664,12141800
2016-06-22,49.76300811767578,84.0199966430664,84.12000274658203,83.88999938964844,83.98999786376953,10759500
2016-06-23,50.13019561767578,84.63999938964844,84.63999938964844,84.31999969482422,84.38999938964844,9920200
2016-06-24,49.30694961547851,83.25,84.19999694824219,82.9000015258789,82.98999786376953,31416700
2016-06-27,48.59619903564453,82.05000305175781,83.05999755859375,82.01000213623047,83.0,27244200
2016-06-28,49.206260681152344,83.08000183105469,83.11000061035156,82.69000244140625,82.83000183105469,13910300
2016-06-29,49.82813262939453,84.12999725341797,84.30000305175781,83.54000091552734,83.58000183105469,23604300
2016-06-30,50.16575622558594,84.69999694824219,84.80000305175781,83.94000244140625,84.05999755859375,26304600
2016-07-01,50.26512908935547,84.47000122070312,84.69999694824219,84.25,84.30000305175781,16343000
2016-07-05,49.97950744628906,83.98999786376953,84.30000305175781,83.8499984741211,84.30000305175781,12078200
2016-07-06,50.19967269897461,84.36000061035156,84.37000274658203,83.75,83.87999725341797,9607000
2016-07-07,50.26512908935547,84.47000122070312,84.5999984741211,84.25,84.37999725341797,13058100
2016-07-08,50.93159866333008,85.58999633789062,85.63999938964844,84.79000091552734,84.81999969482422,21395600
2016-07-11,50.96137619018555,85.63999938964844,85.91999816894531,85.5999984741211,85.63999938964844,18313500
2016-07-12,51.10417938232422,85.87999725341797,86.31999969482422,85.86000061035156,86.05999755859375,16074300
2016-07-13,50.95538711547851,85.62999725341797,85.9000015258789,85.51000213623047,85.87000274658203,13040300
2016-07-14,51.05656433105469,85.80000305175781,85.91000366210938,85.5999984741211,85.9000015258789,7764400
2016-07-15,50.95538711547851,85.62999725341797,85.94000244140625,85.5999984741211,85.8499984741211,9163800
2016-07-18,51.127967834472656,85.91999816894531,85.94000244140625,85.62999725341797,85.68000030517578,7447200
2016-07-19,50.991119384765625,85.69000244140625,85.87000274658203,85.54000091552734,85.7300033569336,7349700
2016-07-20,51.12201690673828,85.91000366210938,85.98999786376953,85.6500015258789,85.80999755859375,7247500
2016-07-21,51.05062484741211,85.79000091552734,86.08000183105469,85.73999786376953,85.77999877929688,11265000
2016-07-22,51.276763916015625,86.16999816894531,86.26000213623047,85.7300033569336,85.80999755859375,10523500
2016-07-25,51.03278350830078,85.76000213623047,86.08999633789062,85.68000030517578,86.08999633789062,14768400
2016-07-26,50.836387634277344,85.43000030517578,85.75,85.37999725341797,85.69999694824219,14292600
2016-07-27,50.991119384765625,85.69000244140625,85.72000122070312,85.33999633789062,85.58000183105469,11730800
2016-07-28,50.7768669128418,85.33000183105469,85.51000213623047,85.23999786376953,85.51000213623047,17968100
2016-07-29,50.824501037597656,85.41000366210938,85.43000030517578,84.98999786376953,85.18000030517578,15202400
2016-08-01,50.53936767578125,84.55000305175781,84.9800033569336,84.4800033569336,84.97000122070312,18335300
2016-08-02,50.46762466430664,84.43000030517578,84.61000061035156,84.29000091552734,84.5199966430664,21959800
2016-08-03,50.694786071777344,84.80999755859375,84.88999938964844,84.44999694824219,84.5,13733700
2016-08-04,51.01755905151367,85.3499984741211,85.45999908447266,85.0,85.12000274658203,11832000
2016-08-05,51.131134033203125,85.54000091552734,85.77999877929688,85.51000213623047,85.62999725341797,12314900
2016-08-08,51.340335845947266,85.88999938964844,85.93000030517578,85.5999984741211,85.69999694824219,10800900
2016-08-09,51.519657135009766,86.19000244140625,86.25,85.91999816894531,85.94000244140625,13772300
2016-08-10,51.42401885986328,86.02999877929688,86.25,86.0,86.20999908447266,7250400
2016-08-11,51.54954147338867,86.23999786376953,86.36000061035156,86.0999984741211,86.16999816894531,6732600
2016-08-12,51.59139633178711,86.30999755859375,86.33000183105469,86.12000274658203,86.19000244140625,3996500
2016-08-15,51.74679946899414,86.56999969482422,86.62000274658203,86.33000183105469,86.48999786376953,9396400
2016-08-16,51.63922500610352,86.38999938964844,86.5999984741211,86.3499984741211,86.5999984741211,8104400
2016-08-17,51.71094512939453,86.51000213623047,86.55000305175781,86.31999969482422,86.44999694824219,14139600
2016-08-18,51.9141731262207,86.8499984741211,86.8499984741211,86.5199966430664,86.58000183105469,8582700
2016-08-19,51.75877380371094,86.58999633789062,86.80999755859375,86.55000305175781,86.73999786376953,7474000
2016-08-22,51.67507553100586,86.44999694824219,86.55999755859375,86.30999755859375,86.5,5364700
2016-08-23,51.8484001159668,86.73999786376953,86.81999969482422,86.58999633789062,86.66999816894531,7476400
2016-08-24,51.704986572265625,86.5,86.77999877929688,86.48999786376953,86.7300033569336,6655300
2016-08-25,51.80059814453125,86.66000366210938,86.7699966430664,86.52999877929688,86.55000305175781,7482800
2016-08-26,51.7408332824707,86.55999755859375,87.0199966430664,86.41000366210938,86.61000061035156,10544900
2016-08-29,51.99783706665039,86.98999786376953,87.04000091552734,86.66000366210938,86.69000244140625,10038500
2016-08-30,52.02775573730469,87.04000091552734,87.13999938964844,86.79000091552734,86.98999786376953,16157400
2016-08-31,51.82451629638672,86.69999694824219,87.02999877929688,86.62000274658203,86.97000122070312,16985000
2016-09-01,51.927188873291016,86.5,86.52999877929688,86.12000274658203,86.4000015258789,14952700
2016-09-02,52.167293548583984,86.9000015258789,87.02999877929688,86.62000274658203,86.76000213623047,13540100
2016-09-06,52.22733688354492,87.0,87.01000213623047,86.8499984741211,86.87000274658203,12662000
2016-09-07,52.08322525024414,86.76000213623047,87.01000213623047,86.69999694824219,86.94999694824219,8245100
2016-09-08,51.987178802490234,86.5999984741211,86.81999969482422,86.58999633789062,86.7699966430664,8430700
2016-09-09,51.48890686035156,85.7699966430664,86.55999755859375,85.73999786376953,86.3499984741211,25087600
2016-09-12,51.66903305053711,86.06999969482422,86.2300033569336,85.55000305175781,85.5999984741211,17718300
2016-09-13,51.2728385925293,85.41000366210938,85.97000122070312,85.2699966430664,85.86000061035156,21907200
2016-09-14,51.26081085205078,85.38999938964844,85.80999755859375,85.29000091552734,85.52999877929688,14257700
2016-09-15,51.56096649169922,85.88999938964844,85.93000030517578,85.44000244140625,85.5,9964800
2016-09-16,51.57297897338867,85.91000366210938,85.93000030517578,85.58000183105469,85.77999877929688,8396600
2016-09-19,51.60298538208008,85.95999908447266,86.06999969482422,85.81999969482422,85.97000122070312,9855500
2016-09-20,51.54294204711914,85.86000061035156,86.0999984741211,85.72000122070312,86.0,8705600
2016-09-21,51.96918869018555,86.56999969482422,86.62000274658203,85.87999725341797,85.91000366210938,17484300
2016-09-22,52.14327621459961,86.86000061035156,87.12999725341797,86.70999908447266,86.86000061035156,11813600
2016-09-23,52.08322525024414,86.76000213623047,86.97000122070312,86.69999694824219,86.80000305175781,13122600
2016-09-26,51.85512924194336,86.37999725341797,86.68000030517578,86.30999755859375,86.56999969482422,6590500
2016-09-27,52.00520324707031,86.62999725341797,86.63999938964844,86.12999725341797,86.26000213623047,8516500
2016-09-28,52.353416442871094,87.20999908447266,87.2300033569336,86.47000122070312,86.77999877929688,11149300
2016-09-29,52.15529251098633,86.87999725341797,87.19000244140625,86.55999755859375,87.16999816894531,13425800
2016-09-30,52.38341522216797,87.26000213623047,87.29000091552734,86.9800033569336,87.0,12158000
2016-10-03,52.35087203979492,86.81999969482422,86.91000366210938,86.6500015258789,86.81999969482422,10708800
2016-10-04,52.26041793823242,86.66999816894531,87.0,86.55999755859375,86.94000244140625,11057500
2016-10-05,52.39908599853515,86.9000015258789,86.98999786376953,86.76000213623047,86.97000122070312,9424500
2016-10-06,52.42923355102539,86.94999694824219,86.98999786376953,86.7300033569336,86.97000122070312,9455200
2016-10-07,52.54982376098633,87.1500015258789,87.19000244140625,86.73999786376953,86.98999786376953,10824200
2016-10-10,52.70060348510742,87.4000015258789,87.5,87.1500015258789,87.20999908447266,4182300
2016-10-11,52.40510940551758,86.91000366210938,87.27999877929688,86.7699966430664,87.2699966430664,8855400
2016-10-12,52.38703155517578,86.87999725341797,87.02999877929688,86.7300033569336,86.87000274658203,7915300
2016-10-13,52.254371643066406,86.66000366210938,86.7699966430664,86.43000030517578,86.61000061035156,10614800
2016-10-14,52.374961853027344,86.86000061035156,86.9800033569336,86.73999786376953,86.91000366210938,6766300
2016-10-17,52.302589416503906,86.73999786376953,86.98999786376953,86.70999908447266,86.83999633789062,7790000
2016-10-18,52.51362991333008,87.08999633789062,87.12000274658203,86.81999969482422,87.05000305175781,8404600
2016-10-19,52.66437149047851,87.33999633789062,87.38999938964844,87.13999938964844,87.16000366210938,9874300
2016-10-20,52.67040252685547,87.3499984741211,87.41000366210938,87.18000030517578,87.33999633789062,12558000
2016-10-21,52.68250274658203,87.37000274658203,87.44999694824219,87.06999969482422,87.18000030517578,8332900
2016-10-24,52.71262741088867,87.41999816894531,87.55999755859375,87.27999877929688,87.4800033569336,7200800
2016-10-25,52.68250274658203,87.37000274658203,87.41999816894531,87.2300033569336,87.33000183105469,6906500
2016-10-26,52.47145462036133,87.0199966430664,87.3499984741211,86.98999786376953,87.1500015258789,13813300
2016-10-27,52.27849960327149,86.69999694824219,87.12999725341797,86.55000305175781,87.08999633789062,19333100
2016-10-28,52.02521514892578,86.27999877929688,86.66000366210938,86.20999908447266,86.5999984741211,19745600
2016-10-31,51.86847305297851,86.0199966430664,86.30999755859375,85.93000030517578,86.26000213623047,21174600
2016-11-01,51.66614532470703,85.30000305175781,85.68000030517578,84.97000122070312,85.68000030517578,26184000
2016-11-02,51.43598937988281,84.91999816894531,85.23999786376953,84.81999969482422,85.16000366210938,19593600
2016-11-03,51.448116302490234,84.94000244140625,85.2300033569336,84.87000274658203,85.0999984741211,12699700
2016-11-04,51.47234725952149,84.9800033569336,85.25,84.91000366210938,85.08999633789062,10970400
2016-11-07,52.19314193725586,86.16999816894531,86.22000122070312,85.69000244140625,85.75,14416200
2016-11-08,52.07804107666016,85.9800033569336,86.12999725341797,85.73999786376953,85.7699966430664,20370600
2016-11-09,51.714637756347656,85.37999725341797,86.0,85.30000305175781,85.44999694824219,24858900
2016-11-10,51.03624725341797,84.26000213623047,85.19999694824219,84.20999908447266,85.19999694824219,33213300
2016-11-11,50.5577392578125,83.47000122070312,84.19999694824219,83.25,83.98999786376953,16442900
2016-11-14,50.93326950073242,84.08999633789062,84.19000244140625,83.23999786376953,83.25,21036000
2016-11-15,51.605560302734375,85.19999694824219,85.30999755859375,84.5199966430664,84.5199966430664,17888600
2016-11-16,51.3996467590332,84.86000061035156,85.0,84.7300033569336,84.83999633789062,11965700
2016-11-17,51.26034927368164,84.62999725341797,85.08999633789062,84.62999725341797,84.8499984741211,12017600
2016-11-18,51.26034927368164,84.62999725341797,84.94000244140625,84.4800033569336,84.80999755859375,17781800
2016-11-21,51.67219924926758,85.30999755859375,85.3499984741211,84.83999633789062,84.8499984741211,11581600
2016-11-22,52.05379867553711,85.94000244140625,86.02999877929688,85.41999816894531,85.44999694824219,16648100
2016-11-23,51.8599853515625,85.62000274658203,85.69000244140625,85.27999877929688,85.29000091552734,10662900
2016-11-25,51.926612854003906,85.7300033569336,85.76000213623047,85.5999984741211,85.66999816894531,2009600
2016-11-28,51.92055130004883,85.72000122070312,86.0,85.47000122070312,85.62000274658203,16897400
2016-11-29,51.85396194458008,85.61000061035156,85.69999694824219,85.43000030517578,85.5,9164000
2016-11-30,51.878177642822266,85.6500015258789,85.80000305175781,85.43000030517578,85.69999694824219,15211300
2016-12-01,51.63540267944336,84.87000274658203,85.31999969482422,84.87000274658203,85.27999877929688,18249400
2016-12-02,51.9456901550293,85.37999725341797,85.38999938964844,84.9800033569336,85.06999969482422,9360400
2016-12-05,52.07954025268555,85.5999984741211,85.66999816894531,85.37999725341797,85.41999816894531,9782100
2016-12-06,52.341156005859375,86.02999877929688,86.05999755859375,85.6500015258789,85.7300033569336,16090600
2016-12-07,52.602787017822266,86.45999908447266,86.5999984741211,86.06999969482422,86.13999938964844,20886400
2016-12-08,52.59666442871094,86.44999694824219,86.5,86.12999725341797,86.37000274658203,10782100
2016-12-09,52.62104415893555,86.48999786376953,86.62000274658203,86.36000061035156,86.41000366210938,6463400
2016-12-12,52.5479736328125,86.37000274658203,86.68000030517578,86.27999877929688,86.6500015258789,8457100
2016-12-13,52.675785064697266,86.58000183105469,86.83999633789062,86.55999755859375,86.69000244140625,10739200
2016-12-14,52.28031539916992,85.93000030517578,86.83999633789062,85.8499984741211,86.58000183105469,15672400
2016-12-15,52.304656982421875,85.97000122070312,86.13999938964844,85.75,85.79000091552734,11221700
2016-12-16,52.35333633422851,86.05000305175781,86.26000213623047,86.02999877929688,86.20999908447266,15722200
2016-12-19,52.48714065551758,86.2699966430664,86.37999725341797,86.0999984741211,86.12000274658203,5897900
2016-12-20,52.56016159057617,86.38999938964844,86.4800033569336,86.19000244140625,86.30000305175781,11072400
2016-12-21,52.65143585205078,86.54000091552734,86.62000274658203,86.33000183105469,86.3499984741211,17461400
2016-12-22,52.76496887207031,86.44000244140625,86.44000244140625,86.16999816894531,86.2699966430664,8507600
2016-12-23,52.86267852783203,86.5999984741211,86.61000061035156,86.41000366210938,86.47000122070312,4230500
2016-12-27,52.81381607055664,86.5199966430664,86.66000366210938,86.44999694824219,86.48999786376953,5840600
2016-12-28,52.74058532714844,86.4000015258789,86.63999938964844,86.36000061035156,86.63999938964844,6961200
2016-12-29,52.81381607055664,86.5199966430664,86.55000305175781,86.37999725341797,86.47000122070312,3794300
2016-12-30,52.8321533203125,86.55000305175781,86.69999694824219,86.37999725341797,86.58000183105469,7513400
2017-01-03,53.051883697509766,86.91000366210938,86.94999694824219,86.69999694824219,86.87999725341797,14050100
2017-01-04,53.33879470825195,87.37999725341797,87.38999938964844,87.0,87.0,11912400
2017-01-05,53.259422302246094,87.25,87.41999816894531,87.19999694824219,87.26000213623047,10458600
2017-01-06,53.24721145629883,87.2300033569336,87.27999877929688,87.04000091552734,87.16000366210938,6836400
2017-01-09,53.23500442504883,87.20999908447266,87.27999877929688,87.05000305175781,87.20999908447266,6648800
2017-01-10,53.2411003112793,87.22000122070312,87.43000030517578,87.18000030517578,87.30999755859375,11777000
2017-01-11,53.2716064453125,87.2699966430664,87.31999969482422,87.11000061035156,87.25,11914200
2017-01-12,53.28382110595703,87.29000091552734,87.30000305175781,87.12999725341797,87.25,12512300
2017-01-13,53.30215072631836,87.31999969482422,87.4000015258789,87.0999984741211,87.26000213623047,8861000
2017-01-17,53.24721145629883,87.2300033569336,87.29000091552734,87.1500015258789,87.26000213623047,8633000
2017-01-18,53.296051025390625,87.30999755859375,87.30999755859375,87.0999984741211,87.19999694824219,12715500
2017-01-19,53.12513732910156,87.02999877929688,87.30000305175781,86.94000244140625,87.25,10703200
2017-01-20,53.22890853881836,87.19999694824219,87.22000122070312,86.97000122070312,87.05999755859375,9262000
2017-01-23,53.22890853881836,87.19999694824219,87.22000122070312,87.04000091552734,87.12999725341797,13561300
2017-01-24,53.265525817871094,87.26000213623047,87.31999969482422,87.11000061035156,87.1500015258789,7490500
2017-01-25,53.45475769042969,87.56999969482422,87.56999969482422,87.33999633789062,87.4000015258789,8953900
2017-01-26,53.43032455444336,87.52999877929688,87.58999633789062,87.41000366210938,87.5,7443900
2017-01-27,53.47917938232422,87.61000061035156,87.69000244140625,87.44999694824219,87.45999908447266,7888100
2017-01-30,53.36930847167969,87.43000030517578,87.54000091552734,87.30999755859375,87.4800033569336,7637600
2017-01-31,53.314353942871094,87.33999633789062,87.41999816894531,87.18000030517578,87.38999938964844,12249400
2017-02-01,53.511775970458984,87.27999877929688,87.33000183105469,86.94999694824219,87.19999694824219,12489400
2017-02-02,53.54246520996094,87.33000183105469,87.37000274658203,87.13999938964844,87.2699966430664,10886200
2017-02-03,53.63441467285156,87.4800033569336,87.58000183105469,87.43000030517578,87.5199966430664,12674000
2017-02-06,53.59760665893555,87.41999816894531,87.52999877929688,87.3499984741211,87.5,7004900
2017-02-07,53.517913818359375,87.29000091552734,87.5199966430664,87.27999877929688,87.5199966430664,11170100
2017-02-08,53.554710388183594,87.3499984741211,87.36000061035156,87.12000274658203,87.29000091552734,11107300
2017-02-09,53.62826156616211,87.47000122070312,87.54000091552734,87.3499984741211,87.3499984741211,7292600
2017-02-10,53.665069580078125,87.52999877929688,87.55000305175781,87.4000015258789,87.5199966430664,5471800
2017-02-13,53.7447509765625,87.66000366210938,87.72000122070312,87.58999633789062,87.5999984741211,7477200
2017-02-14,53.78155899047851,87.72000122070312,87.76000213623047,87.47000122070312,87.6500015258789,8785000
2017-02-15,53.799930572509766,87.75,87.7699966430664,87.56999969482422,87.62999725341797,10582800
2017-02-16,53.75701522827149,87.68000030517578,88.08000183105469,87.51000213623047,87.66000366210938,8917800
2017-02-17,53.812217712402344,87.7699966430664,87.79000091552734,87.51000213623047,87.58999633789062,6247300
2017-02-21,53.989990234375,88.05999755859375,88.05999755859375,87.7699966430664,87.7699966430664,10437800
2017-02-22,54.01454162597656,88.0999984741211,88.12000274658203,87.94000244140625,88.01000213623047,10963600
2017-02-23,54.06356430053711,88.18000030517578,88.30000305175781,88.08000183105469,88.29000091552734,8150200
2017-02-24,54.106483459472656,88.25,88.37000274658203,88.05999755859375,88.11000061035156,8390200
2017-02-27,54.173919677734375,88.36000061035156,88.36000061035156,88.19000244140625,88.25,5693300
2017-02-28,54.13101577758789,88.29000091552734,88.37000274658203,88.23999786376953,88.30000305175781,5868400
2017-03-01,54.33053207397461,88.2300033569336,88.30999755859375,88.18000030517578,88.18000030517578,10612100
2017-03-02,54.158103942871094,87.94999694824219,88.25,87.94999694824219,88.25,9193000
2017-03-03,54.18275451660156,87.98999786376953,88.08999633789062,87.81999969482422,88.0199966430664,15059300
2017-03-06,54.01035690307617,87.70999908447266,87.88999938964844,87.69000244140625,87.8499984741211,17066300
2017-03-07,53.65931701660156,87.13999938964844,87.5999984741211,87.12000274658203,87.52999877929688,17023100
2017-03-08,53.302207946777344,86.55999755859375,87.06999969482422,86.55000305175781,86.93000030517578,22433500
2017-03-09,53.160545349121094,86.33000183105469,86.72000122070312,86.19999694824219,86.37999725341797,21260700
2017-03-10,53.14207458496094,86.30000305175781,86.87999725341797,86.08000183105469,86.87999725341797,20643900
2017-03-13,53.185150146484375,86.37000274658203,86.4800033569336,86.12000274658203,86.37999725341797,13512300
2017-03-14,53.02505111694336,86.11000061035156,86.20999908447266,85.98999786376953,86.12000274658203,12808500
2017-03-15,53.75785446166992,87.30000305175781,87.30000305175781,86.31999969482422,86.4000015258789,19654600
2017-03-16,53.60390853881836,87.05000305175781,87.52999877929688,87.02999877929688,87.5,15807500
2017-03-17,53.62236022949219,87.08000183105469,87.25,87.04000091552734,87.25,9984500
2017-03-20,53.51771545410156,86.91000366210938,87.06999969482422,86.91000366210938,87.06999969482422,12220600
2017-03-21,53.13594055175781,86.29000091552734,87.16999816894531,86.27999877929688,87.08000183105469,16918200
2017-03-22,53.26525115966797,86.5,86.56999969482422,86.0199966430664,86.23999786376953,14054600
2017-03-23,53.283695220947266,86.52999877929688,86.75,86.37000274658203,86.43000030517578,10618900
2017-03-24,53.46842956542969,86.83000183105469,86.86000061035156,86.5999984741211,86.5999984741211,8920800
2017-03-27,53.41303253173828,86.73999786376953,86.77999877929688,86.4000015258789,86.5199966430664,7788700
2017-03-28,53.7086067199707,87.22000122070312,87.25,86.69999694824219,86.69999694824219,16871700
2017-03-29,53.81944274902344,87.4000015258789,87.55000305175781,87.22000122070312,87.27999877929688,12266300
2017-03-30,54.07191467285156,87.80999755859375,87.83000183105469,87.47000122070312,87.5999984741211,16367900
2017-03-31,54.053428649902344,87.77999877929688,87.9000015258789,87.69000244140625,87.7300033569336,11778400
2017-04-03,54.02437210083008,87.36000061035156,87.47000122070312,87.2300033569336,87.45999908447266,20664400
2017-04-04,54.042945861816406,87.38999938964844,87.48999786376953,87.29000091552734,87.37000274658203,8473900
2017-04-05,53.9996452331543,87.31999969482422,87.70999908447266,87.2699966430664,87.52999877929688,11102300
2017-04-06,54.067665100097656,87.43000030517578,87.5199966430664,87.30000305175781,87.4000015258789,7234500
2017-04-07,54.042945861816406,87.38999938964844,87.62000274658203,87.38999938964844,87.55000305175781,5457800
2017-04-10,54.11711120605469,87.51000213623047,87.62000274658203,87.44999694824219,87.52999877929688,7996900
2017-04-11,54.011993408203125,87.33999633789062,87.56999969482422,87.23999786376953,87.56999969482422,8005800
2017-04-12,54.0490837097168,87.4000015258789,87.5999984741211,87.31999969482422,87.4000015258789,8723800
2017-04-13,53.93777847290039,87.22000122070312,87.48999786376953,87.16000366210938,87.37000274658203,10446700
2017-04-17,54.09856414794922,87.4800033569336,87.5,87.2300033569336,87.33000183105469,7158700
2017-04-18,54.086212158203125,87.45999908447266,87.55999755859375,87.2300033569336,87.47000122070312,9062800
2017-04-19,54.036720275878906,87.37999725341797,87.69999694824219,87.33000183105469,87.51000213623047,8643200
2017-04-20,54.216094970703125,87.66999816894531,87.69000244140625,87.44000244140625,87.4800033569336,7766000
2017-04-21,54.17278671264648,87.5999984741211,87.70999908447266,87.48999786376953,87.63999938964844,11328200
2017-04-24,54.426326751708984,88.01000213623047,88.0199966430664,87.87999725341797,87.95999908447266,8904700
2017-04-25,54.5252685546875,88.16999816894531,88.19999694824219,88.02999877929688,88.06999969482422,12493400
2017-04-26,54.47579574584961,88.08999633789062,88.2300033569336,88.06999969482422,88.08999633789062,7269000
2017-04-27,54.512901306152344,88.1500015258789,88.16000366210938,88.01000213623047,88.08999633789062,6897900
2017-04-28,54.494354248046875,88.12000274658203,88.23999786376953,88.06999969482422,88.16000366210938,7542800
2017-05-01,54.52228164672851,87.79000091552734,87.8499984741211,87.69999694824219,87.75,10336000
2017-05-02,54.54094314575195,87.81999969482422,87.9000015258789,87.76000213623047,87.88999938964844,10792800
2017-05-03,54.59062957763672,87.9000015258789,87.94999694824219,87.80000305175781,87.88999938964844,7413400
2017-05-04,54.298728942871094,87.43000030517578,87.83999633789062,87.3499984741211,87.83999633789062,20562500
2017-05-05,54.391883850097656,87.58000183105469,87.66000366210938,87.37999725341797,87.43000030517578,14935200
2017-05-08,54.45399475097656,87.68000030517578,87.7300033569336,87.54000091552734,87.61000061035156,8199200
2017-05-09,54.416725158691406,87.62000274658203,87.8499984741211,87.61000061035156,87.80000305175781,10810000
2017-05-10,54.65270233154297,88.0,88.04000091552734,87.7300033569336,87.8499984741211,10824900
2017-05-11,54.65892791748047,88.01000213623047,88.04000091552734,87.83000183105469,87.94000244140625,8461400
2017-05-12,54.64030075073242,87.9800033569336,88.06999969482422,87.91000366210938,88.05999755859375,8929900
2017-05-15,54.764530181884766,88.18000030517578,88.25,88.11000061035156,88.12000274658203,10690200
2017-05-16,54.845237731933594,88.30999755859375,88.3499984741211,88.18000030517578,88.2699966430664,12638900
2017-05-17,54.6030158996582,87.91999816894531,88.0999984741211,87.87000274658203,88.0199966430664,14055700
2017-05-18,54.66514587402344,88.0199966430664,88.16000366210938,87.62999725341797,87.66000366210938,10731800
2017-05-19,54.764530181884766,88.18000030517578,88.30999755859375,88.12999725341797,88.16999816894531,15998800
2017-05-22,54.93221282958984,88.44999694824219,88.44999694824219,88.2699966430664,88.36000061035156,7181800
2017-05-23,54.925987243652344,88.44000244140625,88.48999786376953,88.3499984741211,88.48999786376953,6998400
2017-05-24,55.01911163330078,88.58999633789062,88.61000061035156,88.4000015258789,88.5,8533600
2017-05-25,54.97565841674805,88.5199966430664,88.75,88.48999786376953,88.58999633789062,7985500
2017-05-26,55.00674819946289,88.56999969482422,88.58999633789062,88.5,88.5,2909500
2017-05-30,55.06263732910156,88.66000366210938,88.69999694824219,88.5199966430664,88.55999755859375,5371100
2017-05-31,55.05644989013672,88.6500015258789,88.69999694824219,88.52999877929688,88.66999816894531,13758400
2017-06-01,55.21669006347656,88.52999877929688,88.5999984741211,88.29000091552734,88.36000061035156,19189300
2017-06-02,55.24790573120117,88.58000183105469,88.66000366210938,88.5,88.55000305175781,9491600
2017-06-05,55.198001861572266,88.5,88.63999938964844,88.45999908447266,88.55000305175781,10384400
2017-06-06,55.110652923583984,88.36000061035156,88.51000213623047,88.30999755859375,88.4800033569336,14386500
2017-06-07,54.99839782714844,88.18000030517578,88.44000244140625,88.06999969482422,88.44000244140625,13329000
2017-06-08,55.04204559326172,88.25,88.33999633789062,88.02999877929688,88.19999694824219,14208300
2017-06-09,55.08573532104492,88.31999969482422,88.44999694824219,88.19999694824219,88.33999633789062,10414900
2017-06-12,55.17927932739258,88.47000122070312,88.54000091552734,88.29000091552734,88.3499984741211,9900000
2017-06-13,55.279056549072266,88.62999725341797,88.63999938964844,88.5,88.51000213623047,8640400
2017-06-14,55.28531646728515,88.63999938964844,88.75,88.5199966430664,88.73999786376953,8850700
2017-06-15,55.0732307434082,88.30000305175781,88.44999694824219,88.12000274658203,88.41999816894531,10860500
2017-06-16,54.97969055175781,88.1500015258789,88.37999725341797,88.12999725341797,88.37999725341797,11996100
2017-06-19,55.1480827331543,88.41999816894531,88.44999694824219,88.29000091552734,88.31999969482422,6398400
2017-06-20,54.95476913452149,88.11000061035156,88.22000122070312,88.0999984741211,88.1500015258789,18318500
2017-06-21,54.63663482666016,87.5999984741211,88.16000366210938,87.5199966430664,88.12000274658203,26728100
2017-06-22,54.78633499145508,87.83999633789062,87.87999725341797,87.62999725341797,87.69000244140625,18699400
2017-06-23,55.010860443115234,88.19999694824219,88.22000122070312,87.87000274658203,87.87999725341797,11337700
2017-06-26,55.08573532104492,88.31999969482422,88.36000061035156,88.1500015258789,88.18000030517578,9504500
2017-06-27,54.91108322143555,88.04000091552734,88.33999633789062,87.9800033569336,88.31999969482422,15293300
2017-06-28,55.135597229003906,88.4000015258789,88.44000244140625,88.11000061035156,88.20999908447266,9755500
2017-06-29,54.99839782714844,88.18000030517578,88.38999938964844,88.05999755859375,88.26000213623047,14548400
2017-06-30,55.1293830871582,88.38999938964844,88.4800033569336,88.20999908447266,88.30000305175781,8202000
2017-07-03,55.102439880371094,87.97000122070312,88.25,87.87999725341797,88.01000213623047,13882000
2017-07-05,55.05860137939453,87.9000015258789,88.11000061035156,87.83999633789062,88.02999877929688,16269100
2017-07-06,54.92078399658203,87.68000030517578,87.88999938964844,87.54000091552734,87.87000274658203,15424700
2017-07-07,54.87067413330078,87.5999984741211,87.70999908447266,87.44999694824219,87.61000061035156,15731200
2017-07-10,54.93333053588867,87.69999694824219,87.73999786376953,87.56999969482422,87.5999984741211,12286600
2017-07-11,54.8957405090332,87.63999938964844,87.72000122070312,87.5199966430664,87.69999694824219,9261400
2017-07-12,55.25279998779297,88.20999908447266,88.20999908447266,87.87000274658203,87.98999786376953,17979900
2017-07-13,55.296630859375,88.27999877929688,88.31999969482422,88.12999725341797,88.22000122070312,11744600
2017-07-14,55.45320129394531,88.52999877929688,88.56999969482422,88.25,88.33999633789062,12626700
2017-07-17,55.47201156616211,88.55999755859375,88.58999633789062,88.4800033569336,88.55000305175781,10158100
2017-07-18,55.49706268310547,88.5999984741211,88.63999938964844,88.47000122070312,88.54000091552734,9221100
2017-07-19,55.591033935546875,88.75,88.83000183105469,88.62999725341797,88.69000244140625,8250900
2017-07-20,55.62234878540039,88.80000305175781,88.8499984741211,88.66999816894531,88.83999633789062,11827800
2017-07-21,55.578460693359375,88.7300033569336,88.79000091552734,88.6500015258789,88.77999877929688,8771700
2017-07-24,55.62234878540039,88.80000305175781,88.80000305175781,88.6500015258789,88.70999908447266,4707500
2017-07-25,55.64739227294922,88.83999633789062,88.91000366210938,88.79000091552734,88.87000274658203,7292900
2017-07-26,55.72882843017578,88.97000122070312,89.04000091552734,88.86000061035156,88.97000122070312,7279800
2017-07-27,55.68497085571289,88.9000015258789,89.0,88.80999755859375,88.95999908447266,11624500
2017-07-28,55.69122695922851,88.91000366210938,88.91000366210938,88.7699966430664,88.8499984741211,4945300
2017-07-31,55.69122695922851,88.91000366210938,88.98999786376953,88.79000091552734,88.80000305175781,9779900
2017-08-01,55.746578216552734,88.62999725341797,88.68000030517578,88.56999969482422,88.61000061035156,14946800
2017-08-02,55.759178161621094,88.6500015258789,88.72000122070312,88.58999633789062,88.62999725341797,7422700
2017-08-03,55.65224075317383,88.4800033569336,88.66000366210938,88.41999816894531,88.56999969482422,9548300
2017-08-04,55.66482925415039,88.5,88.5199966430664,88.41000366210938,88.4800033569336,6451600
2017-08-07,55.639678955078125,88.45999908447266,88.5,88.4000015258789,88.5,5204700
2017-08-08,55.400634765625,88.08000183105469,88.5,87.98999786376953,88.41999816894531,18534700
2017-08-09,55.186798095703125,87.73999786376953,87.9800033569336,87.68000030517578,87.9000015258789,15001700
2017-08-10,54.83458709716797,87.18000030517578,87.63999938964844,87.11000061035156,87.55999755859375,24749700
2017-08-11,54.928916931152344,87.33000183105469,87.45999908447266,87.26000213623047,87.37000274658203,17434300
2017-08-14,55.21824264526367,87.79000091552734,87.94000244140625,87.58999633789062,87.58999633789062,12566000
2017-08-15,55.23714065551758,87.81999969482422,87.88999938964844,87.7300033569336,87.80000305175781,6830500
2017-08-16,55.24342346191406,87.83000183105469,87.97000122070312,87.80000305175781,87.88999938964844,11716100
2017-08-17,54.93520736694336,87.33999633789062,87.80000305175781,87.29000091552734,87.72000122070312,14112300
2017-08-18,55.016944885253906,87.47000122070312,87.69000244140625,87.29000091552734,87.48999786376953,14324400
2017-08-21,55.07357025146485,87.55999755859375,87.61000061035156,87.44999694824219,87.58000183105469,7763400
2017-08-22,55.30001449584961,87.91999816894531,88.0,87.58999633789062,87.63999938964844,12982200
2017-08-23,55.30631256103515,87.93000030517578,87.97000122070312,87.70999908447266,87.7699966430664,6449500
2017-08-24,55.388057708740234,88.05999755859375,88.06999969482422,87.87999725341797,87.97000122070312,8480100
2017-08-25,55.48868179321289,88.22000122070312,88.25,88.01000213623047,88.04000091552734,6622800
2017-08-28,55.49500274658203,88.2300033569336,88.2699966430664,88.13999938964844,88.2699966430664,5161700
2017-08-29,55.42580795288086,88.12000274658203,88.1500015258789,87.98999786376953,88.01000213623047,8991600
2017-08-30,55.57674789428711,88.36000061035156,88.4000015258789,88.13999938964844,88.1500015258789,13431100
2017-08-31,55.72772216796875,88.5999984741211,88.61000061035156,88.41999816894531,88.41999816894531,12705200
2017-09-01,55.7845573425293,88.31999969482422,88.3499984741211,88.1500015258789,88.1500015258789,10535700
2017-09-05,55.65824508666992,88.12000274658203,88.26000213623047,87.95999908447266,88.26000213623047,9560500
2017-09-06,55.620330810546875,88.05999755859375,88.27999877929688,88.04000091552734,88.2300033569336,9023300
2017-09-07,55.626670837402344,88.06999969482422,88.19999694824219,88.05999755859375,88.19999694824219,8784000
2017-09-08,55.44978713989258,87.79000091552734,88.05999755859375,87.79000091552734,88.05999755859375,7688700
2017-09-11,55.626670837402344,88.06999969482422,88.19000244140625,87.8499984741211,87.94000244140625,8047600
2017-09-12,55.69615936279297,88.18000030517578,88.19000244140625,88.05000305175781,88.11000061035156,4752800
2017-09-13,55.715110778808594,88.20999908447266,88.2300033569336,88.05000305175781,88.0999984741211,11725900
2017-09-14,55.79086685180664,88.33000183105469,88.37000274658203,88.16000366210938,88.16999816894531,9554600
2017-09-15,55.8414306640625,88.41000366210938,88.43000030517578,88.23999786376953,88.27999877929688,8248000
2017-09-18,55.816158294677734,88.37000274658203,88.41999816894531,88.31999969482422,88.37999725341797,7442200
2017-09-19,55.87302017211914,88.45999908447266,88.47000122070312,88.31999969482422,88.4000015258789,7208300
2017-09-20,55.86666488647461,88.44999694824219,88.52999877929688,88.31999969482422,88.4800033569336,10087200
2017-09-21,55.79720687866211,88.33999633789062,88.48999786376953,88.31999969482422,88.4800033569336,6932300
2017-09-22,55.854026794433594,88.43000030517578,88.43000030517578,88.30000305175781,88.33000183105469,7570500
2017-09-25,55.88563537597656,88.4800033569336,88.5,88.36000061035156,88.4000015258789,4326200
2017-09-26,55.95510482788086,88.58999633789062,88.68000030517578,88.54000091552734,88.55999755859375,8816500
2017-09-27,55.9803352355957,88.62999725341797,88.66000366210938,88.48999786376953,88.58999633789062,7490100
2017-09-28,55.9803352355957,88.62999725341797,88.66999816894531,88.58000183105469,88.62999725341797,5934000
2017-09-29,56.0624885559082,88.76000213623047,88.76000213623047,88.5999984741211,88.69999694824219,8906900
2017-10-02,56.03396224975586,88.3499984741211,88.4000015258789,88.23999786376953,88.26000213623047,13097600
2017-10-03,56.13542938232422,88.51000213623047,88.5199966430664,88.3499984741211,88.3499984741211,5928800
2017-10-04,56.07832717895508,88.41999816894531,88.51000213623047,88.37000274658203,88.4800033569336,5832400
2017-10-05,56.148101806640625,88.52999877929688,88.52999877929688,88.41000366210938,88.41000366210938,5967900
2017-10-06,56.06564712524414,88.4000015258789,88.48999786376953,88.3499984741211,88.44999694824219,5847400
2017-10-09,56.07199478149414,88.41000366210938,88.47000122070312,88.37999725341797,88.44000244140625,3278400
2017-10-10,56.116416931152344,88.4800033569336,88.52999877929688,88.4000015258789,88.52999877929688,8786500
2017-10-11,56.059295654296875,88.38999938964844,88.4800033569336,88.37000274658203,88.4800033569336,7948700
2017-10-12,55.995906829833984,88.29000091552734,88.4000015258789,88.29000091552734,88.4000015258789,6181100
2017-10-13,56.02125549316406,88.33000183105469,88.43000030517578,88.27999877929688,88.41000366210938,3941200
2017-10-16,56.05293655395508,88.37999725341797,88.4000015258789,88.27999877929688,88.38999938964844,6060300
2017-10-17,56.13542938232422,88.51000213623047,88.55999755859375,88.37999725341797,88.37999725341797,7468100
2017-10-18,56.192508697509766,88.5999984741211,88.6500015258789,88.5199966430664,88.54000091552734,7974400
2017-10-19,56.19883346557617,88.61000061035156,88.6500015258789,88.44000244140625,88.4800033569336,7270600
2017-10-20,56.24958419799805,88.69000244140625,88.7300033569336,88.61000061035156,88.66000366210938,7107000
2017-10-23,56.1861457824707,88.58999633789062,88.73999786376953,88.58999633789062,88.69999694824219,7227200
2017-10-24,56.1861457824707,88.58999633789062,88.69000244140625,88.58000183105469,88.62000274658203,7103700
2017-10-25,56.02759552001953,88.33999633789062,88.52999877929688,88.22000122070312,88.52999877929688,16817000
2017-10-26,55.95782852172851,88.2300033569336,88.45999908447266,88.19000244140625,88.43000030517578,10649800
2017-10-27,56.11007308959961,88.47000122070312,88.48999786376953,88.2300033569336,88.30000305175781,13720000
2017-10-30,56.09733200073242,88.44999694824219,88.51000213623047,88.30000305175781,88.30000305175781,5954500
2017-10-31,56.11007308959961,88.47000122070312,88.51000213623047,88.44000244140625,88.48999786376953,7198400
2017-11-01,56.05655288696289,88.0199966430664,88.19999694824219,88.01000213623047,88.18000030517578,9505500
2017-11-02,56.02470779418945,87.97000122070312,88.08000183105469,87.9000015258789,88.01000213623047,6096800
2017-11-03,56.03107070922851,87.9800033569336,88.08000183105469,87.87000274658203,88.0199966430664,7003200
2017-11-06,56.037445068359375,87.98999786376953,88.04000091552734,87.88999938964844,87.93000030517578,12262400
2017-11-07,55.87821578979492,87.73999786376953,87.9800033569336,87.70999908447266,87.97000122070312,11805400
2017-11-08,55.62983703613281,87.3499984741211,87.73999786376953,87.30999755859375,87.73999786376953,18120000
2017-11-09,55.35600280761719,86.91999816894531,87.13999938964844,86.72000122070312,87.13999938964844,38343500
2017-11-10,55.47703552246094,87.11000061035156,87.18000030517578,86.87999725341797,86.94000244140625,24521600
2017-11-13,55.438777923583984,87.05000305175781,87.16000366210938,87.02999877929688,87.04000091552734,16280500
2017-11-14,55.20315170288086,86.68000030517578,86.95999908447266,86.62000274658203,86.91999816894531,13870600
2017-11-15,55.20315170288086,86.68000030517578,86.76000213623047,86.22000122070312,86.45999908447266,25382000
2017-11-16,55.74444580078125,87.52999877929688,87.5999984741211,87.04000091552734,87.12000274658203,30075200
2017-11-17,55.70626449584961,87.47000122070312,87.51000213623047,87.33999633789062,87.36000061035156,15942100
2017-11-20,55.718997955322266,87.48999786376953,87.62999725341797,87.43000030517578,87.5199966430664,8930300
2017-11-21,55.833641052246094,87.66999816894531,87.70999908447266,87.56999969482422,87.56999969482422,10102400
2017-11-22,55.92281723022461,87.80999755859375,87.87000274658203,87.69999694824219,87.72000122070312,9473800
2017-11-24,55.96099090576172,87.87000274658203,87.91999816894531,87.83000183105469,87.87000274658203,3126500
2017-11-27,55.789031982421875,87.5999984741211,87.87000274658203,87.54000091552734,87.87000274658203,10645400
2017-11-28,55.96099090576172,87.87000274658203,87.88999938964844,87.62999725341797,87.63999938964844,10403700
2017-11-29,55.89095687866211,87.76000213623047,87.87999725341797,87.68000030517578,87.81999969482422,11806200
2017-11-30,55.903682708740234,87.77999877929688,87.94999694824219,87.77999877929688,87.79000091552734,17981500
2017-12-01,55.885780334472656,87.37999725341797,87.5,86.9800033569336,87.41999816894531,15485800
2017-12-04,55.8665885925293,87.3499984741211,87.61000061035156,87.31999969482422,87.5,14801700
2017-12-05,55.834625244140625,87.30000305175781,87.44999694824219,87.27999877929688,87.4000015258789,9347600
2017-12-06,55.783477783203125,87.22000122070312,87.41000366210938,87.19999694824219,87.29000091552734,10081700
2017-12-07,55.80905532836914,87.26000213623047,87.30999755859375,87.16999816894531,87.26000213623047,8955900
2017-12-08,55.8665885925293,87.3499984741211,87.37000274658203,87.2699966430664,87.33000183105469,9100400
2017-12-11,55.879398345947266,87.37000274658203,87.38999938964844,87.29000091552734,87.3499984741211,11847900
2017-12-12,55.85380554199219,87.33000183105469,87.44999694824219,87.31999969482422,87.44999694824219,8846700
2017-12-13,55.885780334472656,87.37999725341797,87.44999694824219,87.33000183105469,87.37000274658203,7495000
2017-12-14,55.77068710327149,87.19999694824219,87.4000015258789,87.06999969482422,87.33999633789062,19337000
2017-12-15,55.77707290649414,87.20999908447266,87.33999633789062,87.19999694824219,87.30000305175781,14223900
2017-12-18,55.834625244140625,87.30000305175781,87.38999938964844,87.2300033569336,87.23999786376953,11735200
2017-12-19,55.7194938659668,87.12000274658203,87.3499984741211,87.08999633789062,87.30000305175781,10985000
2017-12-20,55.76430130004883,87.19000244140625,87.26000213623047,87.08999633789062,87.19999694824219,11857400
2017-12-21,55.822715759277344,86.91999816894531,86.98999786376953,86.87000274658203,86.93000030517578,11195700
2017-12-22,55.87409210205078,87.0,87.06999969482422,86.91000366210938,86.97000122070312,11136900
2017-12-26,55.95759201049805,87.12999725341797,87.12999725341797,86.93000030517578,86.94000244140625,5798900
2017-12-27,55.98324966430664,87.16999816894531,87.20999908447266,87.08000183105469,87.08000183105469,5625500
2017-12-28,55.95759201049805,87.12999725341797,87.20999908447266,87.0999984741211,87.19000244140625,6116500
2017-12-29,56.04108428955078,87.26000213623047,87.30999755859375,87.08000183105469,87.13999938964844,5116800
2018-01-02,56.09245300292969,87.33999633789062,87.36000061035156,87.25,87.30000305175781,7223500
2018-01-03,56.362186431884766,87.76000213623047,87.77999877929688,87.33999633789062,87.33999633789062,20557100
2018-01-04,56.45851135253906,87.91000366210938,87.98999786376953,87.7699966430664,87.81999969482422,13610900
2018-01-05,56.49705505371094,87.97000122070312,88.01000213623047,87.87999725341797,87.97000122070312,9851600
2018-01-08,56.45209503173828,87.9000015258789,88.02999877929688,87.86000061035156,87.95999908447266,9804000
2018-01-09,56.2786865234375,87.62999725341797,87.98999786376953,87.61000061035156,87.98999786376953,13550400
2018-01-10,56.15669631958008,87.44000244140625,87.55999755859375,87.2699966430664,87.5,33182000
2018-01-11,56.34294891357422,87.7300033569336,87.73999786376953,87.45999908447266,87.5199966430664,12911500
2018-01-12,56.24658203125,87.58000183105469,87.70999908447266,87.55000305175781,87.58999633789062,12088500
2018-01-16,56.21444320678711,87.52999877929688,87.7300033569336,87.44999694824219,87.63999938964844,18474100
2018-01-17,56.220890045166016,87.54000091552734,87.69000244140625,87.5199966430664,87.55999755859375,16340400
2018-01-18,56.163108825683594,87.44999694824219,87.55999755859375,87.4000015258789,87.5,16134900
2018-01-19,56.220890045166016,87.54000091552734,87.55000305175781,87.38999938964844,87.44000244140625,14401800
2018-01-22,56.272274017333984,87.62000274658203,87.6500015258789,87.48999786376953,87.48999786376953,16674700
2018-01-23,56.43928527832031,87.87999725341797,87.9000015258789,87.62999725341797,87.68000030517578,11600300
2018-01-24,56.35575485229492,87.75,87.87999725341797,87.6500015258789,87.80000305175781,10746300
2018-01-25,56.317237854003906,87.69000244140625,87.9000015258789,87.61000061035156,87.9000015258789,11039300
2018-01-26,56.362186431884766,87.76000213623047,87.83999633789062,87.62999725341797,87.72000122070312,7164100
2018-01-29,56.163108825683594,87.44999694824219,87.68000030517578,87.43000030517578,87.62999725341797,19590800
2018-01-30,55.970462799072266,87.1500015258789,87.45999908447266,87.13999938964844,87.44999694824219,18469300
2018-01-31,56.06676483154297,87.30000305175781,87.41999816894531,87.20999908447266,87.30000305175781,12692800
2018-02-01,55.96102523803711,86.7699966430664,86.98999786376953,86.72000122070312,86.86000061035156,17920000
2018-02-02,55.60631561279297,86.22000122070312,86.62000274658203,86.1500015258789,86.55000305175781,24787000
2018-02-05,55.29669952392578,85.73999786376953,86.51000213623047,85.58000183105469,86.12999725341797,28071300
2018-02-06,55.632083892822266,86.26000213623047,86.36000061035156,85.51000213623047,85.51000213623047,33924300
2018-02-07,55.42570495605469,85.94000244140625,86.62000274658203,85.86000061035156,86.37999725341797,24298100
2018-02-08,54.94197845458984,85.19000244140625,86.0,85.18000030517578,85.91000366210938,25419300
2018-02-09,54.78720474243164,84.94999694824219,85.41999816894531,84.06999969482422,85.27999877929688,47230300
2018-02-12,55.16127395629883,85.52999877929688,85.66000366210938,85.16000366210938,85.19999694824219,23448100
2018-02-13,54.987152099609375,85.26000213623047,85.41999816894531,85.11000061035156,85.31999969482422,14679900
2018-02-14,55.08388137817383,85.41000366210938,85.44000244140625,84.9000015258789,84.98999786376953,19332400
2018-02-15,55.52890396118164,86.0999984741211,86.0999984741211,85.61000061035156,85.61000061035156,21931600
2018-02-16,55.75458908081055,86.44999694824219,86.51000213623047,86.06999969482422,86.08999633789062,29195600
2018-02-20,55.561134338378906,86.1500015258789,86.37999725341797,86.11000061035156,86.19999694824219,22740600
2018-02-21,55.30958938598633,85.76000213623047,86.37999725341797,85.73999786376953,86.23999786376953,15656700
2018-02-22,55.34831619262695,85.81999969482422,86.13999938964844,85.73999786376953,85.80000305175781,14626900
2018-02-23,55.715911865234375,86.38999938964844,86.41999816894531,85.83000183105469,85.88999938964844,15919500
2018-02-26,55.81264877319336,86.54000091552734,86.68000030517578,86.38999938964844,86.44999694824219,10996300
2018-02-27,55.66434860229492,86.30999755859375,86.5,86.19999694824219,86.4800033569336,13840900
2018-02-28,55.58048248291016,86.18000030517578,86.4800033569336,86.12000274658203,86.41000366210938,8751000
2018-03-01,55.21207427978515,85.2699966430664,85.93000030517578,85.2699966430664,85.91000366210938,24974200
2018-03-02,55.5228385925293,85.75,85.79000091552734,85.29000091552734,85.31999969482422,18767600
2018-03-05,55.5228385925293,85.75,85.80999755859375,85.56999969482422,85.56999969482422,9000200
2018-03-06,55.600555419921875,85.87000274658203,85.94999694824219,85.69000244140625,85.83000183105469,14462900
2018-03-07,55.46459197998047,85.66000366210938,85.80999755859375,85.5999984741211,85.7699966430664,8195200
2018-03-08,55.52933883666992,85.76000213623047,85.80000305175781,85.61000061035156,85.76000213623047,10201800
2018-03-09,55.73006057739258,86.06999969482422,86.12999725341797,85.77999877929688,85.86000061035156,8942600
2018-03-12,55.63939666748047,85.93000030517578,86.06999969482422,85.79000091552734,86.0,10126500
2018-03-13,55.46459197998047,85.66000366210938,86.04000091552734,85.61000061035156,85.93000030517578,19020400
2018-03-14,55.399810791015625,85.55999755859375,85.77999877929688,85.5199966430664,85.7300033569336,10802500
2018-03-15,55.43868637084961,85.62000274658203,85.75,85.5,85.55000305175781,8647900
2018-03-16,55.55524826049805,85.80000305175781,85.80999755859375,85.58999633789062,85.63999938964844,11006000
2018-03-19,55.32859420776367,85.44999694824219,85.69000244140625,85.3499984741211,85.66000366210938,14298800
2018-03-20,55.43868637084961,85.62000274658203,85.6500015258789,85.43000030517578,85.43000030517578,14317800
2018-03-21,55.45811080932617,85.6500015258789,85.80999755859375,85.5199966430664,85.58000183105469,8643700
2018-03-22,55.12791061401367,85.13999938964844,85.56999969482422,85.12000274658203,85.44999694824219,15972300
2018-03-23,54.98543930053711,84.91999816894531,85.38999938964844,84.81999969482422,85.29000091552734,21847400
2018-03-26,55.3415641784668,85.47000122070312,85.48999786376953,85.12999725341797,85.3499984741211,12454200
2018-03-27,55.28977966308594,85.38999938964844,85.62999725341797,85.20999908447266,85.4800033569336,12661500
2018-03-28,55.26387023925781,85.3499984741211,85.44000244140625,85.19999694824219,85.36000061035156,14642900
2018-03-29,55.451622009277344,85.63999938964844,85.69999694824219,85.38999938964844,85.48999786376953,10299600
2018-04-02,55.23644256591797,84.95999908447266,85.2699966430664,84.88999938964844,85.12000274658203,18902700
2018-04-03,55.3924560546875,85.19999694824219,85.20999908447266,84.88999938964844,85.11000061035156,12994100
2018-04-04,55.515987396240234,85.38999938964844,85.44000244140625,84.9000015258789,84.9000015258789,9677200
2018-04-05,55.56150817871094,85.45999908447266,85.58000183105469,85.41000366210938,85.43000030517578,10152000
2018-04-06,55.43798828125,85.2699966430664,85.5,85.16999816894531,85.41000366210938,12680800
2018-04-09,55.646026611328125,85.58999633789062,85.61000061035156,85.41000366210938,85.44999694824219,9043200
2018-04-10,55.84756088256836,85.9000015258789,85.94000244140625,85.68000030517578,85.69999694824219,11434100
2018-04-11,55.8670539855957,85.93000030517578,86.0,85.80999755859375,85.87000274658203,7675500
2018-04-12,56.068626403808594,86.23999786376953,86.26000213623047,85.97000122070312,86.02999877929688,23692600
2018-04-13,56.10114288330078,86.29000091552734,86.41000366210938,86.23999786376953,86.30000305175781,16213400
2018-04-16,56.185638427734375,86.41999816894531,86.51000213623047,86.27999877929688,86.38999938964844,10781600
2018-04-17,56.21165084838867,86.45999908447266,86.66000366210938,86.43000030517578,86.55000305175781,15577600
2018-04-18,56.153133392333984,86.37000274658203,86.55000305175781,86.33999633789062,86.5199966430664,13745600
2018-04-19,55.97759246826172,86.0999984741211,86.23999786376953,85.98999786376953,86.20999908447266,19345500
2018-04-20,55.841041564941406,85.88999938964844,86.08999633789062,85.87000274658203,86.05000305175781,17693500
2018-04-23,55.6915283203125,85.66000366210938,85.83999633789062,85.58000183105469,85.83000183105469,15971100
2018-04-24,55.58102035522461,85.48999786376953,85.7699966430664,85.37999725341797,85.69000244140625,17872600
2018-04-25,55.587520599365234,85.5,85.54000091552734,85.23999786376953,85.41000366210938,15078400
2018-04-26,55.78255462646485,85.80000305175781,85.86000061035156,85.5199966430664,85.56999969482422,17479700
2018-04-27,55.75655746459961,85.76000213623047,85.91999816894531,85.61000061035156,85.87000274658203,7014700
2018-04-30,55.71753692626953,85.69999694824219,85.8499984741211,85.69000244140625,85.69999694824219,12473000
2018-05-01,55.75868225097656,85.4000015258789,85.4000015258789,85.18000030517578,85.27999877929688,18707700
2018-05-02,55.73908615112305,85.37000274658203,85.55000305175781,85.31999969482422,85.4000015258789,12057000
2018-05-03,55.732574462890625,85.36000061035156,85.4000015258789,85.22000122070312,85.4000015258789,21626200
2018-05-04,55.77173614501953,85.41999816894531,85.44999694824219,85.16000366210938,85.20999908447266,14862100
2018-05-07,55.823974609375,85.5,85.52999877929688,85.4000015258789,85.43000030517578,23063900
2018-05-08,55.73908615112305,85.37000274658203,85.47000122070312,85.30999755859375,85.44999694824219,13693500
2018-05-09,55.83048629760742,85.51000213623047,85.54000091552734,85.33999633789062,85.3499984741211,10476200
2018-05-10,55.99373245239258,85.76000213623047,85.79000091552734,85.55000305175781,85.56999969482422,13375800
2018-05-11,55.974143981933594,85.7300033569336,85.83999633789062,85.62999725341797,85.76000213623047,8505100
2018-05-14,55.98720932006836,85.75,85.81999969482422,85.56999969482422,85.72000122070312,14695800
2018-05-15,55.71296310424805,85.33000183105469,85.5999984741211,85.2699966430664,85.55999755859375,20008800
2018-05-16,55.78477478027344,85.44000244140625,85.47000122070312,85.29000091552734,85.37000274658203,13028100
2018-05-17,55.81744384765625,85.48999786376953,85.55999755859375,85.33999633789062,85.33999633789062,13198300
2018-05-18,55.75868225097656,85.4000015258789,85.45999908447266,85.33000183105469,85.3499984741211,14241600
2018-05-21,55.83702850341797,85.5199966430664,85.56999969482422,85.38999938964844,85.38999938964844,7000400
2018-05-22,55.876190185546875,85.58000183105469,85.62999725341797,85.51000213623047,85.55999755859375,6220700
2018-05-23,55.92188262939453,85.6500015258789,85.6500015258789,85.38999938964844,85.4800033569336,13053100
2018-05-24,55.95454406738281,85.69999694824219,85.72000122070312,85.5199966430664,85.5199966430664,12468600
2018-05-25,55.86314010620117,85.55999755859375,85.63999938964844,85.45999908447266,85.58000183105469,12895700
2018-05-29,55.62808609008789,85.19999694824219,85.4000015258789,85.16000366210938,85.37000274658203,13519800
2018-05-30,55.7978515625,85.45999908447266,85.48999786376953,85.29000091552734,85.29000091552734,15145000
2018-05-31,55.74560546875,85.37999725341797,85.5,85.36000061035156,85.48999786376953,17391000
2018-06-01,55.87285232543945,85.19000244140625,85.2300033569336,85.0999984741211,85.1500015258789,12891000
2018-06-04,55.990909576416016,85.37000274658203,85.41999816894531,85.2300033569336,85.2699966430664,13830900
2018-06-05,56.05649948120117,85.47000122070312,85.5199966430664,85.30000305175781,85.37000274658203,10614100
2018-06-06,56.1942253112793,85.68000030517578,85.70999908447266,85.37999725341797,85.41000366210938,6920900
2018-06-07,56.213890075683594,85.70999908447266,85.7699966430664,85.55000305175781,85.62999725341797,13764400
2018-06-08,56.18111801147461,85.66000366210938,85.7300033569336,85.56999969482422,85.5999984741211,9784000
2018-06-11,56.28606796264648,85.81999969482422,85.8499984741211,85.69000244140625,85.69999694824219,10429300
2018-06-12,56.33192825317383,85.88999938964844,85.97000122070312,85.7699966430664,85.83000183105469,12432400
2018-06-13,56.35162734985352,85.91999816894531,86.05000305175781,85.83000183105469,85.91000366210938,9958900
2018-06-14,56.51559829711914,86.16999816894531,86.19000244140625,86.02999877929688,86.08000183105469,13954300
2018-06-15,56.48280715942383,86.12000274658203,86.16000366210938,85.98999786376953,86.11000061035156,16303700
2018-06-18,56.47623825073242,86.11000061035156,86.12999725341797,85.9800033569336,86.05000305175781,11512000
2018-06-19,56.39751052856445,85.98999786376953,86.02999877929688,85.87000274658203,85.94000244140625,12543200
2018-06-20,56.456565856933594,86.08000183105469,86.12999725341797,86.02999877929688,86.08000183105469,10422800
2018-06-21,56.33851623535156,85.9000015258789,86.06999969482422,85.87000274658203,86.06999969482422,8132500
2018-06-22,56.345062255859375,85.91000366210938,86.08999633789062,85.87999725341797,86.04000091552734,7385200
2018-06-25,56.213890075683594,85.70999908447266,85.80999755859375,85.62999725341797,85.7699966430664,13975400
2018-06-26,56.207332611083984,85.69999694824219,85.7300033569336,85.5999984741211,85.70999908447266,7503900
2018-06-27,56.08926773071289,85.5199966430664,85.70999908447266,85.47000122070312,85.6500015258789,13119200
2018-06-28,55.93190002441406,85.27999877929688,85.41000366210938,85.16000366210938,85.3499984741211,13829300
2018-06-29,55.80071640014648,85.08000183105469,85.5199966430664,85.05999755859375,85.38999938964844,17450500
2018-07-02,55.85407638549805,84.77999877929688,84.80000305175781,84.5999984741211,84.63999938964844,22438600
2018-07-03,55.860652923583984,84.79000091552734,84.95999908447266,84.73999786376953,84.83999633789062,10098600
2018-07-05,56.07147979736328,85.11000061035156,85.12999725341797,84.88999938964844,84.9000015258789,12729400
2018-07-06,56.21642303466797,85.33000183105469,85.33000183105469,85.12000274658203,85.12999725341797,9640300
2018-07-09,56.30208587646485,85.45999908447266,85.54000091552734,85.36000061035156,85.37000274658203,11517200
2018-07-10,56.30867385864258,85.47000122070312,85.58000183105469,85.45999908447266,85.5,7531700
2018-07-11,56.22299575805664,85.33999633789062,85.44999694824219,85.30000305175781,85.38999938964844,14111200
2018-07-12,56.40089797973633,85.61000061035156,85.6500015258789,85.44000244140625,85.4800033569336,10327300
2018-07-13,56.40089797973633,85.61000061035156,85.72000122070312,85.61000061035156,85.68000030517578,9860300
2018-07-16,56.36135482788086,85.55000305175781,85.62999725341797,85.51000213623047,85.62000274658203,7963100
2018-07-17,56.38111114501953,85.58000183105469,85.6500015258789,85.44999694824219,85.48999786376953,10721000
2018-07-18,56.40743637084961,85.62000274658203,85.68000030517578,85.52999877929688,85.61000061035156,12838600
2018-07-19,56.38111114501953,85.58000183105469,85.63999938964844,85.48999786376953,85.56999969482422,6907300
2018-07-20,56.40743637084961,85.62000274658203,85.69000244140625,85.58000183105469,85.62000274658203,9329000
2018-07-23,56.3877067565918,85.58999633789062,85.69000244140625,85.58999633789062,85.66999816894531,7459200
2018-07-24,56.50627899169922,85.7699966430664,85.83000183105469,85.5999984741211,85.5999984741211,11803700
2018-07-25,56.611671447753906,85.93000030517578,85.94999694824219,85.72000122070312,85.79000091552734,11342300
2018-07-26,56.618289947509766,85.94000244140625,86.01000213623047,85.9000015258789,85.94000244140625,9233600
2018-07-27,56.598514556884766,85.91000366210938,85.9800033569336,85.80999755859375,85.94999694824219,10811200
2018-07-30,56.618289947509766,85.94000244140625,86.01000213623047,85.8499984741211,85.94000244140625,8400500
2018-07-31,56.73687744140625,86.12000274658203,86.1500015258789,86.05000305175781,86.0999984741211,10709500
2018-08-01,56.787837982177734,85.83000183105469,85.87999725341797,85.66999816894531,85.76000213623047,23297900
2018-08-02,56.820899963378906,85.87999725341797,85.88999938964844,85.72000122070312,85.76000213623047,10989200
2018-08-03,56.867210388183594,85.94999694824219,85.98999786376953,85.8499984741211,85.86000061035156,6940500
2018-08-06,56.97308349609375,86.11000061035156,86.11000061035156,85.87000274658203,85.87000274658203,7521900
2018-08-07,56.999534606933594,86.1500015258789,86.2300033569336,85.87000274658203,85.87000274658203,8408200
2018-08-08,56.96646499633789,86.0999984741211,86.16999816894531,86.08000183105469,86.12999725341797,10103600
2018-08-09,56.926761627197266,86.04000091552734,86.13999938964844,86.0,86.11000061035156,6354700
2018-08-10,56.82749938964844,85.88999938964844,86.01000213623047,85.81999969482422,85.9000015258789,9473300
2018-08-13,56.787837982177734,85.83000183105469,85.95999908447266,85.7699966430664,85.95999908447266,10479000
2018-08-14,56.88704681396485,85.9800033569336,86.01000213623047,85.86000061035156,85.87999725341797,9767700
2018-08-15,56.787837982177734,85.83000183105469,85.9000015258789,85.7300033569336,85.87000274658203,14684800
2018-08-16,56.86060333251953,85.94000244140625,85.98999786376953,85.86000061035156,85.91000366210938,14931800
2018-08-17,56.926761627197266,86.04000091552734,86.06999969482422,85.9000015258789,85.9000015258789,15280900
2018-08-20,56.95323944091797,86.08000183105469,86.1500015258789,86.02999877929688,86.08999633789062,8174900
2018-08-21,57.03921890258789,86.20999908447266,86.29000091552734,86.08999633789062,86.11000061035156,9281400
2018-08-22,57.059078216552734,86.23999786376953,86.27999877929688,86.19999694824219,86.19999694824219,8297400
2018-08-23,57.0524787902832,86.2300033569336,86.31999969482422,86.19000244140625,86.23999786376953,7751800
2018-08-24,57.1517219543457,86.37999725341797,86.41000366210938,86.25,86.27999877929688,7458500
2018-08-27,57.17157745361328,86.41000366210938,86.45999908447266,86.37000274658203,86.4000015258789,5581700
2018-08-28,57.14510726928711,86.37000274658203,86.41000366210938,86.31999969482422,86.37000274658203,8175300
2018-08-29,57.11203384399414,86.31999969482422,86.38999938964844,86.27999877929688,86.33999633789062,7403700
2018-08-30,57.06571960449219,86.25,86.3499984741211,86.22000122070312,86.33000183105469,8481700
2018-08-31,57.13851165771485,86.36000061035156,86.41999816894531,86.27999877929688,86.29000091552734,9569300
2018-09-04,57.01954650878906,85.80999755859375,85.93000030517578,85.72000122070312,85.88999938964844,16029000
2018-09-05,56.95974349975586,85.72000122070312,85.83000183105469,85.69000244140625,85.80000305175781,13369200
2018-09-06,57.0062255859375,85.79000091552734,85.83000183105469,85.72000122070312,85.80000305175781,13137500
2018-09-07,56.946434020996094,85.69999694824219,85.7699966430664,85.62999725341797,85.62999725341797,12374700
2018-09-10,57.05940246582031,85.87000274658203,85.88999938964844,85.7699966430664,85.80000305175781,6997900
2018-09-11,57.07270050048828,85.88999938964844,85.9800033569336,85.76000213623047,85.76000213623047,17897800
2018-09-12,57.205604553222656,86.08999633789062,86.1500015258789,85.91999816894531,85.91999816894531,14041900
2018-09-13,57.31191635131836,86.25,86.30999755859375,86.16999816894531,86.16999816894531,10375800
2018-09-14,57.36508560180664,86.33000183105469,86.38999938964844,86.2300033569336,86.23999786376953,12945000
2018-09-17,57.32521057128906,86.2699966430664,86.33000183105469,86.2300033569336,86.30999755859375,13279900
2018-09-18,57.31856918334961,86.26000213623047,86.36000061035156,86.23999786376953,86.29000091552734,19882300
2018-09-19,57.21224212646485,86.0999984741211,86.29000091552734,86.08000183105469,86.23999786376953,14471100
2018-09-20,57.29197692871094,86.22000122070312,86.22000122070312,85.93000030517578,86.12000274658203,15360100
2018-09-21,57.30527877807617,86.23999786376953,86.27999877929688,86.19999694824219,86.22000122070312,10966700
2018-09-24,57.2786865234375,86.19999694824219,86.25,86.08000183105469,86.19999694824219,10229400
2018-09-25,57.232147216796875,86.12999725341797,86.18000030517578,86.08999633789062,86.12999725341797,13240400
2018-09-26,57.29197692871094,86.22000122070312,86.33999633789062,86.16999816894531,86.19000244140625,19504800
2018-09-27,57.39832305908203,86.37999725341797,86.4000015258789,86.2699966430664,86.30999755859375,7996600
2018-09-28,57.43819808959961,86.44000244140625,86.47000122070312,86.27999877929688,86.3499984741211,17085200
2018-10-01,57.604373931884766,86.30000305175781,86.30000305175781,86.13999938964844,86.16000366210938,22566000
2018-10-02,57.557655334472656,86.2300033569336,86.30000305175781,86.18000030517578,86.26000213623047,13577600
2018-10-03,57.40412521362305,86.0,86.30999755859375,85.91000366210938,86.27999877929688,17930600
2018-10-04,57.1905403137207,85.68000030517578,85.9000015258789,85.58000183105469,85.81999969482422,24935100
2018-10-05,56.93690490722656,85.30000305175781,85.66999816894531,85.30000305175781,85.6500015258789,25063300
2018-10-08,56.810062408447266,85.11000061035156,85.36000061035156,85.08000183105469,85.3499984741211,12869500
2018-10-09,56.8968391418457,85.23999786376953,85.30999755859375,85.12000274658203,85.13999938964844,19488500
2018-10-10,56.48965072631836,84.62999725341797,85.11000061035156,84.61000061035156,85.11000061035156,25204700
2018-10-11,56.53641128540039,84.69999694824219,85.0,84.56999969482422,84.83000183105469,37665300
2018-10-12,56.83676528930664,85.1500015258789,85.20999908447266,84.94000244140625,85.11000061035156,31877600
2018-10-15,56.79669189453125,85.08999633789062,85.19000244140625,85.04000091552734,85.08000183105469,16658500
2018-10-16,56.99026870727539,85.37999725341797,85.4000015258789,85.23999786376953,85.25,18955700
2018-10-17,56.87679290771485,85.20999908447266,85.36000061035156,85.13999938964844,85.26000213623047,18739400
2018-10-18,56.63651657104492,84.8499984741211,85.19000244140625,84.8499984741211,85.1500015258789,28653800
2018-10-19,56.66990280151367,84.9000015258789,85.06999969482422,84.8499984741211,85.05000305175781,20606400
2018-10-22,56.69657897949219,84.94000244140625,85.1500015258789,84.87000274658203,85.0999984741211,15049900
2018-10-23,56.64320373535156,84.86000061035156,84.9000015258789,84.55000305175781,84.6500015258789,20873200
2018-10-24,56.36283493041992,84.44000244140625,84.91999816894531,84.41000366210938,84.87999725341797,23827800
2018-10-25,56.47629165649414,84.61000061035156,84.66999816894531,84.43000030517578,84.61000061035156,29513700
2018-10-26,56.222679138183594,84.2300033569336,84.52999877929688,84.16999816894531,84.30999755859375,27424100
2018-10-29,56.16926956176758,84.1500015258789,84.44000244140625,84.04000091552734,84.4000015258789,23379400
2018-10-30,56.302757263183594,84.3499984741211,84.3499984741211,83.98999786376953,84.16999816894531,24105300
2018-10-31,56.302757263183594,84.3499984741211,84.58999633789062,84.3499984741211,84.44999694824219,23047900
2018-11-01,56.561031341552734,84.31999969482422,84.41000366210938,84.0,84.08999633789062,33115700
2018-11-02,56.5274658203125,84.2699966430664,84.52999877929688,84.13999938964844,84.41999816894531,19675800
2018-11-05,56.574432373046875,84.33999633789062,84.44000244140625,84.2300033569336,84.2699966430664,12299600
2018-11-06,56.72200393676758,84.55999755859375,84.55999755859375,84.37999725341797,84.41000366210938,14675500
2018-11-07,57.050682067871094,85.05000305175781,85.06999969482422,84.63999938964844,84.63999938964844,26155500
2018-11-08,56.90985107421875,84.83999633789062,85.08000183105469,84.81999969482422,84.8499984741211,20677500
2018-11-09,56.58787155151367,84.36000061035156,84.68000030517578,84.27999877929688,84.66999816894531,20869300
2018-11-12,56.239036560058594,83.83999633789062,84.41000366210938,83.80999755859375,84.33000183105469,22319600
2018-11-13,56.14513397216797,83.69999694824219,84.0199966430664,83.62999725341797,83.86000061035156,22907600
2018-11-14,56.03780746459961,83.54000091552734,83.98999786376953,83.33999633789062,83.80999755859375,44747700
2018-11-15,56.024383544921875,83.5199966430664,83.5199966430664,82.98999786376953,83.19000244140625,32332600
2018-11-16,55.856689453125,83.2699966430664,83.30000305175781,83.0,83.16000366210938,64912800
2018-11-19,55.68230438232422,83.01000213623047,83.23999786376953,82.9000015258789,83.05000305175781,36567300
2018-11-20,55.50787734985352,82.75,82.97000122070312,82.69999694824219,82.77999877929688,21901900
2018-11-21,55.78962707519531,83.16999816894531,83.33999633789062,83.06999969482422,83.16999816894531,16560400
2018-11-23,55.48102569580078,82.70999908447266,82.9000015258789,82.70999908447266,82.83000183105469,9708100
2018-11-26,55.742645263671875,83.0999984741211,83.13999938964844,82.91000366210938,83.02999877929688,19807100
2018-11-27,55.71582794189453,83.05999755859375,83.06999969482422,82.87000274658203,82.94000244140625,14370700
2018-11-28,56.17868423461914,83.75,83.7699966430664,83.05999755859375,83.11000061035156,23513100
2018-11-29,56.19204330444336,83.7699966430664,83.88999938964844,83.54000091552734,83.58999633789062,17927900
2018-11-30,56.07807540893555,83.5999984741211,83.73999786376953,83.55000305175781,83.55999755859375,15081000
2018-12-03,56.466182708740234,83.80000305175781,83.83000183105469,83.5,83.6500015258789,27052900
2018-12-04,56.11578750610352,83.27999877929688,83.70999908447266,83.19999694824219,83.62999725341797,32066500
2018-12-06,55.92036819458008,82.98999786376953,83.08999633789062,82.72000122070312,82.8499984741211,27661900
2018-12-07,55.81257247924805,82.83000183105469,83.38999938964844,82.83000183105469,83.26000213623047,28901200
2018-12-10,55.85300064086914,82.88999938964844,82.95999908447266,82.55999755859375,82.81999969482422,23434700
2018-12-11,55.954078674316406,83.04000091552734,83.26000213623047,82.97000122070312,83.18000030517578,19243900
2018-12-12,56.13602828979492,83.30999755859375,83.58999633789062,83.29000091552734,83.31999969482422,17571500
2018-12-13,56.27076721191406,83.51000213623047,83.5999984741211,83.43000030517578,83.5,15859200
2018-12-14,56.03492736816406,83.16000366210938,83.4800033569336,83.0999984741211,83.37000274658203,16397600
2018-12-17,55.67107772827149,82.62000274658203,83.16000366210938,82.55000305175781,83.08999633789062,24124900
2018-12-18,55.5701904296875,82.08000183105469,82.43000030517578,81.9000015258789,82.36000061035156,25284300
2018-12-19,55.06919860839844,81.33999633789062,82.26000213623047,81.23999786376953,82.12000274658203,32062700
2018-12-20,54.588504791259766,80.62999725341797,81.19000244140625,80.01000213623047,81.06999969482422,68796100
2018-12-21,54.317718505859375,80.2300033569336,80.93000030517578,80.0999984741211,80.58999633789062,56295000
2018-12-24,53.91147994995117,79.62999725341797,80.3499984741211,79.62999725341797,80.2300033569336,18853600
2018-12-26,54.818695068359375,80.97000122070312,80.97000122070312,79.55000305175781,79.7300033569336,25010300
2018-12-27,54.78482818603515,80.91999816894531,80.97000122070312,80.37999725341797,80.48999786376953,31806100
2018-12-28,54.86608123779297,81.04000091552734,81.31999969482422,80.8499984741211,80.98999786376953,30106400
2018-12-31,54.906700134277344,81.0999984741211,81.33000183105469,81.08999633789062,81.19000244140625,14153600
2019-01-02,54.832244873046875,80.98999786376953,81.11000061035156,80.6500015258789,80.72000122070312,26977400
2019-01-03,54.85930252075195,81.02999877929688,81.16000366210938,80.77999877929688,80.91000366210938,32776600
2019-01-04,55.780086517333984,82.38999938964844,82.5,81.56999969482422,81.66999816894531,38754000
2019-01-07,56.32168197631836,83.19000244140625,83.19000244140625,82.56999969482422,82.58000183105469,38127600
2019-01-08,56.687286376953125,83.7300033569336,83.73999786376953,83.26000213623047,83.38999938964844,30795000
2019-01-09,56.755001068115234,83.83000183105469,84.01000213623047,83.79000091552734,83.8499984741211,40909400
2019-01-10,56.978416442871094,84.16000366210938,84.20999908447266,83.55000305175781,83.66000366210938,50520000
2019-01-11,56.79560470581055,83.88999938964844,83.9800033569336,83.77999877929688,83.81999969482422,19793300
2019-01-14,56.61286544799805,83.62000274658203,83.7699966430664,83.55000305175781,83.66999816894531,20137700
2019-01-15,56.80239486694336,83.9000015258789,83.94000244140625,83.55000305175781,83.62000274658203,24799000
2019-01-16,56.890380859375,84.02999877929688,84.13999938964844,83.95999908447266,84.01000213623047,26508100
2019-01-17,57.04609298706055,84.26000213623047,84.29000091552734,83.88999938964844,83.94000244140625,24574400
2019-01-18,57.20858001708984,84.5,84.66999816894531,84.38999938964844,84.41999816894531,36236400
2019-01-22,56.829463958740234,83.94000244140625,84.33999633789062,83.83000183105469,84.33000183105469,25504200
2019-01-23,56.94455337524414,84.11000061035156,84.2300033569336,83.87000274658203,84.05999755859375,18529400
2019-01-24,57.00547409057617,84.19999694824219,84.22000122070312,83.94000244140625,84.08000183105469,17875500
2019-01-25,57.147647857666016,84.41000366210938,84.48999786376953,84.33999633789062,84.36000061035156,16775200
2019-01-28,57.059627532958984,84.27999877929688,84.33000183105469,84.06999969482422,84.19000244140625,14694100
2019-01-29,57.02578353881836,84.2300033569336,84.3499984741211,84.02999877929688,84.3499984741211,18717000
2019-01-30,57.47940826416016,84.9000015258789,85.02999877929688,84.33000183105469,84.33999633789062,25993500
2019-01-31,57.62158203125,85.11000061035156,85.23999786376953,84.87999725341797,84.87999725341797,27070400
2019-02-01,57.59366989135742,84.68000030517578,84.76000213623047,84.54000091552734,84.66000366210938,24749900
2019-02-04,57.72968673706055,84.87999725341797,84.93000030517578,84.61000061035156,84.69000244140625,15968400
2019-02-05,57.93376541137695,85.18000030517578,85.2699966430664,84.93000030517578,84.94000244140625,33188300
2019-02-06,57.87934875488281,85.0999984741211,85.20999908447266,85.0199966430664,85.11000061035156,25936800
2019-02-07,57.68209457397461,84.80999755859375,84.9000015258789,84.66000366210938,84.83000183105469,27119400
2019-02-08,57.66849899291992,84.79000091552734,84.80999755859375,84.58000183105469,84.70999908447266,16728100
2019-02-11,57.69573211669922,84.83000183105469,84.87000274658203,84.69999694824219,84.7699966430664,10051800
2019-02-12,57.974586486816406,85.23999786376953,85.2699966430664,85.06999969482422,85.08000183105469,20174000
2019-02-13,57.8929328918457,85.12000274658203,85.30999755859375,85.05000305175781,85.29000091552734,25088400
2019-02-14,57.89973449707031,85.12999725341797,85.22000122070312,84.86000061035156,84.9800033569336,19406700
2019-02-15,58.083404541015625,85.4000015258789,85.45999908447266,85.27999877929688,85.27999877929688,24052000
2019-02-19,58.10377502441406,85.43000030517578,85.4800033569336,85.26000213623047,85.30000305175781,11317700
2019-02-20,58.15139389038086,85.5,85.55000305175781,85.33000183105469,85.45999908447266,9925700
2019-02-21,58.09700012207031,85.41999816894531,85.52999877929688,85.3499984741211,85.44999694824219,15479800
2019-02-22,58.21259307861328,85.58999633789062,85.66999816894531,85.48999786376953,85.5199966430664,12330300
2019-02-25,58.26021957397461,85.66000366210938,85.83000183105469,85.62000274658203,85.70999908447266,13698200
2019-02-26,58.33504486083984,85.7699966430664,85.87000274658203,85.66999816894531,85.72000122070312,16049300
2019-02-27,58.355438232421875,85.80000305175781,85.86000061035156,85.7300033569336,85.80000305175781,14818900
2019-02-28,58.321441650390625,85.75,85.83000183105469,85.69999694824219,85.77999877929688,21340600
2019-03-01,58.486778259277344,85.61000061035156,85.66000366210938,85.5,85.55000305175781,26455300
2019-03-04,58.39794158935547,85.4800033569336,85.75,85.33999633789062,85.70999908447266,16034400
2019-03-05,58.370609283447266,85.44000244140625,85.48999786376953,85.36000061035156,85.4800033569336,14510100
2019-03-06,58.27498626708984,85.30000305175781,85.41999816894531,85.26000213623047,85.4000015258789,16806400
2019-03-07,58.23397445678711,85.23999786376953,85.33999633789062,85.08000183105469,85.33000183105469,28101100
2019-03-08,58.13835144042969,85.0999984741211,85.12000274658203,84.80999755859375,84.9800033569336,21043400
2019-03-11,58.32960891723633,85.37999725341797,85.38999938964844,85.05000305175781,85.06999969482422,17922400
2019-03-12,58.43208694458008,85.52999877929688,85.58000183105469,85.29000091552734,85.30999755859375,20180500
2019-03-13,58.5892333984375,85.76000213623047,85.7699966430664,85.55999755859375,85.58000183105469,24524800
2019-03-14,58.54823684692383,85.69999694824219,85.83000183105469,85.68000030517578,85.72000122070312,12342500
2019-03-15,58.60288619995117,85.77999877929688,85.87999725341797,85.75,85.76000213623047,21775300
2019-03-18,58.582401275634766,85.75,85.83000183105469,85.66999816894531,85.79000091552734,10498900
2019-03-19,58.616554260253906,85.80000305175781,85.95999908447266,85.75,85.80999755859375,14067200
2019-03-20,58.86933135986328,86.16999816894531,86.30000305175781,85.6500015258789,85.80999755859375,31184400
2019-03-21,58.85568618774414,86.1500015258789,86.26000213623047,86.04000091552734,86.05999755859375,16400700
2019-03-22,58.64385986328125,85.83999633789062,86.05000305175781,85.75,86.0199966430664,27030400
2019-03-25,58.623409271240234,85.80999755859375,85.91000366210938,85.6500015258789,85.77999877929688,23592100
2019-03-26,58.76687240600586,86.0199966430664,86.1500015258789,85.88999938964844,85.94999694824219,18762700
2019-03-27,58.80786895751953,86.08000183105469,86.23999786376953,85.87999725341797,86.06999969482422,16706700
2019-03-28,58.92400360107422,86.25,86.25,86.04000091552734,86.08999633789062,19706700
2019-03-29,59.07430267333984,86.47000122070312,86.52999877929688,86.30000305175781,86.31999969482422,22358900
2019-04-01,59.05986404418945,86.06999969482422,86.27999877929688,86.05000305175781,86.20999908447266,21353900
2019-04-02,59.08732604980469,86.11000061035156,86.13999938964844,85.94000244140625,86.08999633789062,15129300
2019-04-03,59.10794448852539,86.13999938964844,86.30999755859375,86.0999984741211,86.19999694824219,13746500
2019-04-04,59.19713592529297,86.2699966430664,86.27999877929688,86.12999725341797,86.1500015258789,14435700
2019-04-05,59.30690002441406,86.43000030517578,86.5,86.33999633789062,86.36000061035156,14227000
2019-04-08,59.27259063720703,86.37999725341797,86.41000366210938,86.30999755859375,86.38999938964844,11472100
2019-04-09,59.23143005371094,86.31999969482422,86.41999816894531,86.2699966430664,86.33000183105469,19118700
2019-04-10,59.49217224121094,86.69999694824219,86.69999694824219,86.43000030517578,86.43000030517578,16767000
2019-04-11,59.58140563964844,86.83000183105469,86.86000061035156,86.6500015258789,86.69000244140625,20976100
2019-04-12,59.67055892944336,86.95999908447266,87.01000213623047,86.79000091552734,86.93000030517578,17442800
2019-04-15,59.629398345947266,86.9000015258789,86.94999694824219,86.83000183105469,86.94999694824219,13940000
2019-04-16,59.595115661621094,86.8499984741211,86.97000122070312,86.81999969482422,86.95999908447266,11543800
2019-04-17,59.45100784301758,86.63999938964844,86.94000244140625,86.62999725341797,86.94000244140625,11818600
2019-04-18,59.47845077514648,86.68000030517578,86.79000091552734,86.58000183105469,86.79000091552734,15295500
2019-04-22,59.37553024291992,86.52999877929688,86.66000366210938,86.5199966430664,86.62000274658203,24591400
2019-04-23,59.58140563964844,86.83000183105469,86.87999725341797,86.58999633789062,86.63999938964844,15094100
2019-04-24,59.49901580810547,86.70999908447266,86.8499984741211,86.69999694824219,86.8499984741211,11938800
2019-04-25,59.52649688720703,86.75,86.80999755859375,86.56999969482422,86.69999694824219,14369000
2019-04-26,59.67744064331055,86.97000122070312,86.9800033569336,86.8499984741211,86.8499984741211,11937200
2019-04-29,59.65000534057617,86.93000030517578,87.0,86.93000030517578,86.94999694824219,7601200
2019-04-30,59.656883239746094,86.94000244140625,87.04000091552734,86.91999816894531,86.97000122070312,11168100
2019-05-01,59.4611701965332,86.29000091552734,86.87000274658203,86.27999877929688,86.58999633789062,24574300
2019-05-02,59.50249099731445,86.3499984741211,86.4800033569336,86.18000030517578,86.36000061035156,24936600
2019-05-03,59.654109954833984,86.56999969482422,86.5999984741211,86.47000122070312,86.5199966430664,18522700
2019-05-06,59.68170166015625,86.61000061035156,86.62000274658203,86.0,86.18000030517578,18893700
2019-05-07,59.323360443115234,86.08999633789062,86.44999694824219,85.94999694824219,86.4000015258789,30266300
2019-05-08,59.343990325927734,86.12000274658203,86.30000305175781,86.02999877929688,86.0999984741211,27527500
2019-05-09,59.25444793701172,85.98999786376953,86.05999755859375,85.68000030517578,85.98999786376953,30890400
2019-05-10,59.41983413696289,86.2300033569336,86.30999755859375,85.75,85.95999908447266,33782400
2019-05-13,58.87545394897461,85.44000244140625,85.7699966430664,85.41999816894531,85.68000030517578,34801600
2019-05-14,59.006378173828125,85.62999725341797,85.83000183105469,85.52999877929688,85.61000061035156,18128500
2019-05-15,59.06148147583008,85.70999908447266,85.76000213623047,85.44000244140625,85.48999786376953,19543700
2019-05-16,59.24065780639648,85.97000122070312,86.11000061035156,85.80000305175781,85.83000183105469,29384100
2019-05-17,59.219974517822266,85.94000244140625,86.0999984741211,85.79000091552734,85.79000091552734,27089400
2019-05-20,59.16487121582031,85.86000061035156,86.08000183105469,85.77999877929688,85.91999816894531,15780000
2019-05-21,59.35091018676758,86.12999725341797,86.1500015258789,85.98999786376953,85.98999786376953,15004300
2019-05-22,59.39915084838867,86.19999694824219,86.19999694824219,85.97000122070312,86.08000183105469,14976200
2019-05-23,59.10284423828125,85.7699966430664,85.98999786376953,85.66999816894531,85.95999908447266,18333400
2019-05-24,59.0201530456543,85.6500015258789,85.97000122070312,85.63999938964844,85.87000274658203,17611600
2019-05-28,58.964996337890625,85.56999969482422,85.81999969482422,85.48999786376953,85.75,20544600
2019-05-29,58.806522369384766,85.33999633789062,85.5199966430664,85.25,85.45999908447266,25441900
2019-05-30,58.9305534362793,85.5199966430664,85.6500015258789,85.44000244140625,85.48999786376953,20311900
2019-05-31,58.50334167480469,84.9000015258789,85.33999633789062,84.87999725341797,85.23999786376953,34947400
2019-06-03,58.59747314453125,84.6500015258789,84.77999877929688,84.47000122070312,84.6500015258789,58940600
2019-06-04,59.18587112426758,85.5,85.51000213623047,84.91000366210938,84.91000366210938,34113300
2019-06-05,59.324310302734375,85.69999694824219,85.72000122070312,85.43000030517578,85.58000183105469,28368700
2019-06-06,59.44889450073242,85.87999725341797,85.95999908447266,85.56999969482422,85.68000030517578,23538600
2019-06-07,59.601219177246094,86.0999984741211,86.20999908447266,85.16000366210938,86.0,29934000
2019-06-10,59.69120788574219,86.2300033569336,86.33999633789062,86.18000030517578,86.26000213623047,17482200
2019-06-11,59.774269104003906,86.3499984741211,86.66000366210938,86.22000122070312,86.51000213623047,34293700
2019-06-12,59.63582229614258,86.1500015258789,86.3499984741211,86.12999725341797,86.33000183105469,18195500
2019-06-13,59.774269104003906,86.3499984741211,86.41000366210938,86.25,86.30000305175781,19438500
2019-06-14,59.73274612426758,86.29000091552734,86.36000061035156,86.22000122070312,86.31999969482422,8842000
2019-06-17,59.64274597167969,86.16000366210938,86.29000091552734,86.12000274658203,86.23999786376953,10554000
2019-06-18,60.0580940246582,86.76000213623047,86.7699966430664,86.54000091552734,86.56999969482422,22540400
2019-06-19,60.341888427734375,87.16999816894531,87.19000244140625,86.55000305175781,86.69999694824219,28212600
2019-06-20,60.64646911621094,87.61000061035156,87.6500015258789,87.29000091552734,87.43000030517578,48362000
2019-06-21,60.452667236328125,87.33000183105469,87.44999694824219,87.33000183105469,87.37999725341797,22467800
2019-06-24,60.44572830200195,87.31999969482422,87.37000274658203,87.27999877929688,87.33000183105469,13764100
2019-06-25,60.189605712890625,86.94999694824219,87.30999755859375,86.88999938964844,87.30999755859375,26173600
2019-06-26,60.16192626953125,86.91000366210938,87.16000366210938,86.87999725341797,87.12000274658203,19554600
2019-06-27,60.32807922363281,87.1500015258789,87.19999694824219,87.0199966430664,87.05999755859375,12995100
2019-06-28,60.34881591796875,87.18000030517578,87.25,87.1500015258789,87.19999694824219,14690800
2019-07-01,60.36688995361328,86.81999969482422,87.26000213623047,86.80000305175781,87.12999725341797,26036100
2019-07-02,60.49899673461914,87.01000213623047,87.05999755859375,86.83999633789062,86.87999725341797,20683200
2019-07-03,60.72848892211914,87.33999633789062,87.38999938964844,87.02999877929688,87.05000305175781,16237900
2019-07-05,60.4851188659668,86.98999786376953,87.08999633789062,86.8499984741211,87.08000183105469,17591400
2019-07-08,60.36688995361328,86.81999969482422,86.94999694824219,86.80999755859375,86.94999694824219,16679400
2019-07-09,60.297359466552734,86.72000122070312,86.80000305175781,86.69999694824219,86.76000213623047,19189100
2019-07-10,60.4642448425293,86.95999908447266,87.08000183105469,86.88999938964844,86.93000030517578,24497000
2019-07-11,60.346046447753906,86.79000091552734,87.01000213623047,86.66999816894531,87.01000213623047,19191200
2019-07-12,60.443397521972656,86.93000030517578,86.94000244140625,86.72000122070312,86.79000091552734,21291200
2019-07-15,60.4851188659668,86.98999786376953,87.06999969482422,86.86000061035156,86.91000366210938,10735200
2019-07-16,60.35994338989258,86.80999755859375,86.9800033569336,86.7300033569336,86.9800033569336,20147200
2019-07-17,60.28347396850586,86.69999694824219,86.87999725341797,86.69000244140625,86.87999725341797,9361300
2019-07-18,60.31126403808594,86.73999786376953,86.76000213623047,86.51000213623047,86.70999908447266,17236600
2019-07-19,60.20698547363281,86.58999633789062,86.77999877929688,86.55999755859375,86.73999786376953,14771000
2019-07-22,60.40863800048828,86.87999725341797,86.87999725341797,86.6500015258789,86.69000244140625,12852800
2019-07-23,60.512908935546875,87.02999877929688,87.05999755859375,86.8499984741211,86.94999694824219,14051800
2019-07-24,60.56158828735352,87.0999984741211,87.11000061035156,86.98999786376953,87.01000213623047,12713700
2019-07-25,60.4781379699707,86.9800033569336,87.1500015258789,86.91000366210938,87.1500015258789,14272500
2019-07-26,60.61024475097656,87.16999816894531,87.19000244140625,87.08000183105469,87.12000274658203,8512700
2019-07-29,60.519874572753906,87.04000091552734,87.16000366210938,86.95999908447266,87.1500015258789,14731800
2019-07-30,60.54768753051758,87.08000183105469,87.08999633789062,86.83999633789062,86.9000015258789,13794100
2019-07-31,60.443397521972656,86.93000030517578,87.26000213623047,86.58000183105469,87.1500015258789,23449700
2019-08-01,60.41336441040039,86.5199966430664,86.98999786376953,86.48999786376953,86.55000305175781,28839000
2019-08-02,60.32255935668945,86.38999938964844,86.48999786376953,86.18000030517578,86.48999786376953,23559600
2019-08-05,59.69414520263672,85.48999786376953,85.87000274658203,85.3499984741211,85.87000274658203,47727900
2019-08-06,60.07817840576172,86.04000091552734,86.12000274658203,85.66999816894531,85.87000274658203,28695000
2019-08-07,60.071197509765625,86.02999877929688,86.12999725341797,85.44999694824219,85.69000244140625,38028500
2019-08-08,60.30862808227539,86.37000274658203,86.41999816894531,86.05000305175781,86.05000305175781,27074700
2019-08-09,60.22483444213867,86.25,86.3499984741211,86.08000183105469,86.22000122070312,19090800
2019-08-12,60.01531219482422,85.94999694824219,86.13999938964844,85.87999725341797,86.01000213623047,17466700
2019-08-13,60.28068542480469,86.33000183105469,86.41000366210938,85.87999725341797,85.94000244140625,30078600
2019-08-14,59.743011474609375,85.55999755859375,85.97000122070312,85.5,85.94000244140625,29745300
2019-08-15,59.91762161254883,85.80999755859375,85.9000015258789,85.6500015258789,85.70999908447266,27296500
2019-08-16,60.12010955810547,86.0999984741211,86.12999725341797,85.94000244140625,85.94000244140625,15780200
2019-08-19,60.294639587402344,86.3499984741211,86.36000061035156,86.22000122070312,86.26000213623047,13603000
2019-08-20,60.34356689453125,86.41999816894531,86.47000122070312,86.25,86.38999938964844,16126800
2019-08-21,60.60190963745117,86.79000091552734,86.8499984741211,86.58000183105469,86.63999938964844,18334300
2019-08-22,60.71361541748047,86.94999694824219,87.02999877929688,86.75,86.94000244140625,20677200
2019-08-23,60.4343147277832,86.55000305175781,87.13999938964844,86.4800033569336,86.79000091552734,30340300
2019-08-26,60.734561920166016,86.9800033569336,86.9800033569336,86.73999786376953,86.81999969482422,14187800
2019-08-27,60.70661163330078,86.94000244140625,87.18000030517578,86.79000091552734,87.1500015258789,14722700
2019-08-28,60.8532829284668,87.1500015258789,87.19000244140625,86.88999938964844,86.91999816894531,13576000
2019-08-29,60.91608047485352,87.23999786376953,87.41000366210938,87.19000244140625,87.33999633789062,16271400
2019-08-30,60.86025619506836,87.16000366210938,87.38999938964844,86.97000122070312,87.37999725341797,14413600
2019-09-03,60.68562698364258,86.54000091552734,86.72000122070312,86.38999938964844,86.72000122070312,20561500
2019-09-04,60.81187438964844,86.72000122070312,86.75,86.58999633789062,86.69000244140625,13526700
2019-09-05,61.05028533935547,87.05999755859375,87.12999725341797,86.77999877929688,86.80000305175781,23399100
2019-09-06,61.10641098022461,87.13999938964844,87.30000305175781,87.04000091552734,87.18000030517578,25162700
2019-09-09,61.169490814208984,87.2300033569336,87.26000213623047,87.0199966430664,87.19000244140625,17484200
2019-09-10,61.204566955566406,87.27999877929688,87.30999755859375,87.0999984741211,87.23999786376953,14055800
2019-09-11,61.19753646850586,87.2699966430664,87.30000305175781,87.16999816894531,87.2300033569336,13999200
2019-09-12,61.23263168334961,87.31999969482422,87.43000030517578,87.25,87.33999633789062,23246400
2019-09-13,61.120418548583984,87.16000366210938,87.30999755859375,87.11000061035156,87.16999816894531,34407300
2019-09-16,61.33784103393555,87.47000122070312,87.4800033569336,87.18000030517578,87.30000305175781,23020800
2019-09-17,61.37286376953125,87.5199966430664,87.52999877929688,87.33999633789062,87.5,14626400
2019-09-18,61.33784103393555,87.47000122070312,87.54000091552734,87.19000244140625,87.45999908447266,15913800
2019-09-19,61.26768112182617,87.37000274658203,87.54000091552734,87.33000183105469,87.41999816894531,13327000
2019-09-20,61.34480667114258,87.4800033569336,87.51000213623047,87.33999633789062,87.4000015258789,23298400
2019-09-23,61.316741943359375,87.44000244140625,87.51000213623047,87.38999938964844,87.41000366210938,15456800
2019-09-24,61.23263168334961,87.31999969482422,87.52999877929688,87.20999908447266,87.5199966430664,21934200
2019-09-25,61.169490814208984,87.2300033569336,87.29000091552734,87.02999877929688,87.25,15142100
2019-09-26,61.12739944458008,87.16999816894531,87.26000213623047,87.04000091552734,87.2300033569336,13873100
2019-09-27,61.05728912353515,87.06999969482422,87.2300033569336,87.0,87.16000366210938,13419200
2019-09-30,61.12739944458008,87.16999816894531,87.16999816894531,87.0199966430664,87.05999755859375,21827700
2019-10-01,60.98659133911133,86.62000274658203,86.86000061035156,86.55000305175781,86.83999633789062,27665700
2019-10-02,60.62753677368164,86.11000061035156,86.58000183105469,86.04000091552734,86.56999969482422,33789500
2019-10-03,60.662723541259766,86.16000366210938,86.23999786376953,85.75,86.12000274658203,30387800
2019-10-04,60.85283279418945,86.43000030517578,86.44000244140625,86.19999694824219,86.2699966430664,17588600
2019-10-07,60.80357360839844,86.36000061035156,86.48999786376953,86.25,86.37000274658203,14542500
2019-10-08,60.5782470703125,86.04000091552734,86.31999969482422,86.04000091552734,86.2699966430664,15471500
2019-10-09,60.76130294799805,86.30000305175781,86.37999725341797,86.25,86.2699966430664,11351300
2019-10-10,60.83877182006836,86.41000366210938,86.4800033569336,86.30000305175781,86.31999969482422,11092800
2019-10-11,61.09219741821289,86.7699966430664,86.83000183105469,86.56999969482422,86.63999938964844,18661400
2019-10-14,61.134498596191406,86.83000183105469,86.87000274658203,86.69000244140625,86.7699966430664,9842600
2019-10-15,61.26826858520508,87.0199966430664,87.06999969482422,86.80000305175781,86.83999633789062,26321500
2019-10-16,61.21894836425781,86.94999694824219,87.01000213623047,86.94000244140625,86.98999786376953,11813000
2019-10-17,61.30345153808594,87.06999969482422,87.0999984741211,87.0,87.01000213623047,14814300
2019-10-18,61.317501068115234,87.08999633789062,87.12999725341797,86.95999908447266,87.06999969482422,21363700
2019-10-21,61.338619232177734,87.12000274658203,87.16999816894531,87.11000061035156,87.16000366210938,10090400
2019-10-22,61.35274124145508,87.13999938964844,87.18000030517578,87.08000183105469,87.18000030517578,15464300
2019-10-23,61.40902328491211,87.22000122070312,87.2300033569336,87.08999633789062,87.1500015258789,9097500
2019-10-24,61.47947692871094,87.31999969482422,87.31999969482422,87.16999816894531,87.26000213623047,14832800
2019-10-25,61.52873229980469,87.38999938964844,87.41999816894531,87.30000305175781,87.30000305175781,11593600
2019-10-28,61.521697998046875,87.37999725341797,87.44000244140625,87.36000061035156,87.4000015258789,10646500
2019-10-29,61.40902328491211,87.22000122070312,87.4000015258789,87.19999694824219,87.37000274658203,10655700
2019-10-30,61.33160400390625,87.11000061035156,87.27999877929688,87.0,87.2699966430664,24566400
2019-10-31,61.12040328979492,86.80999755859375,87.0999984741211,86.79000091552734,87.08999633789062,24576400
2019-11-01,61.38267517089844,86.81999969482422,86.91000366210938,86.58000183105469,86.58999633789062,23894100
2019-11-04,61.50994491577149,87.0,87.05000305175781,86.94000244140625,86.9800033569336,14135800
2019-11-05,61.44630813598633,86.91000366210938,87.08000183105469,86.81999969482422,87.06999969482422,21946800
2019-11-06,61.37562942504883,86.80999755859375,86.91000366210938,86.77999877929688,86.91000366210938,8976900
2019-11-07,61.347312927246094,86.7699966430664,86.9800033569336,86.75,86.94000244140625,15077600
2019-11-08,61.40390396118164,86.8499984741211,86.87999725341797,86.63999938964844,86.76000213623047,11692800
2019-11-11,61.36856842041016,86.80000305175781,86.83999633789062,86.68000030517578,86.7699966430664,4933600
2019-11-12,61.38267517089844,86.81999969482422,86.88999938964844,86.7300033569336,86.75,14690200
2019-11-13,61.319068908691406,86.7300033569336,86.7699966430664,86.68000030517578,86.7300033569336,15333600
2019-11-14,61.28370666503906,86.68000030517578,86.80000305175781,86.6500015258789,86.73999786376953,14965100
2019-11-15,61.467529296875,86.94000244140625,86.94999694824219,86.76000213623047,86.7699966430664,12996200
2019-11-18,61.38978576660156,86.83000183105469,86.9000015258789,86.79000091552734,86.87000274658203,13135800
2019-11-19,61.17058181762695,86.5199966430664,86.75,86.5199966430664,86.73999786376953,20175500
2019-11-20,61.04331588745117,86.33999633789062,86.58000183105469,86.33000183105469,86.47000122070312,22566100
2019-11-21,61.05747985839844,86.36000061035156,86.44999694824219,86.2699966430664,86.43000030517578,17853800
2019-11-22,61.290767669677734,86.69000244140625,86.69000244140625,86.4000015258789,86.48999786376953,20394800
2019-11-25,61.453372955322266,86.91999816894531,86.94000244140625,86.70999908447266,86.70999908447266,16885300
2019-11-26,61.52411651611328,87.0199966430664,87.0199966430664,86.9000015258789,86.94999694824219,11469400
2019-11-27,61.60184097290039,87.12999725341797,87.1500015258789,86.94999694824219,86.98999786376953,11814700
2019-11-29,61.467529296875,86.94000244140625,87.11000061035156,86.93000030517578,87.11000061035156,11519500
2019-12-02,61.42563247680664,86.54000091552734,86.62999725341797,86.3499984741211,86.62999725341797,20966400
2019-12-03,61.340457916259766,86.41999816894531,86.47000122070312,86.23999786376953,86.33999633789062,29757200
2019-12-04,61.525020599365234,86.68000030517578,86.70999908447266,86.45999908447266,86.45999908447266,12406800
2019-12-05,61.61730194091797,86.80999755859375,86.80999755859375,86.58000183105469,86.73999786376953,18158900
2019-12-06,61.70245361328125,86.93000030517578,87.01000213623047,86.8499984741211,86.94999694824219,16094700
2019-12-09,61.70245361328125,86.93000030517578,87.0,86.9000015258789,86.9000015258789,18034300
2019-12-10,61.851531982421875,87.13999938964844,87.1500015258789,86.9000015258789,86.93000030517578,15117100
2019-12-11,61.97929000854492,87.31999969482422,87.33999633789062,87.08999633789062,87.16000366210938,14127500
2019-12-12,62.12123489379883,87.5199966430664,87.61000061035156,87.33000183105469,87.36000061035156,18958100
2019-12-13,62.18514251708984,87.61000061035156,87.6500015258789,87.5,87.55000305175781,18088100
2019-12-16,62.30582809448242,87.77999877929688,87.83000183105469,87.69999694824219,87.73999786376953,17517400
2019-12-17,62.497432708740234,88.05000305175781,88.05000305175781,87.79000091552734,87.79000091552734,18650700
2019-12-18,62.61100006103515,88.20999908447266,88.25,88.05999755859375,88.08999633789062,31575700
2019-12-19,62.578216552734375,87.8499984741211,87.93000030517578,87.72000122070312,87.91000366210938,29429300
2019-12-20,62.48565673828125,87.72000122070312,87.98999786376953,87.69999694824219,87.94999694824219,31918800
2019-12-23,62.514129638671875,87.76000213623047,87.80000305175781,87.7300033569336,87.75,9720200
2019-12-24,62.56398391723633,87.83000183105469,87.83000183105469,87.7300033569336,87.77999877929688,4854900
2019-12-26,62.65658187866211,87.95999908447266,87.98999786376953,87.88999938964844,87.94000244140625,11382700
2019-12-27,62.628116607666016,87.91999816894531,88.0199966430664,87.88999938964844,88.0199966430664,11627100
2019-12-30,62.58537292480469,87.86000061035156,88.0199966430664,87.7699966430664,88.0,12524300
2019-12-31,62.64234161376953,87.94000244140625,87.94999694824219,87.80999755859375,87.86000061035156,8310800
2020-01-02,62.905914306640625,88.30999755859375,88.31999969482422,88.05000305175781,88.0999984741211,15756600
2020-01-03,62.84178161621094,88.22000122070312,88.27999877929688,88.04000091552734,88.12000274658203,17342200
2020-01-06,62.77770233154297,88.12999725341797,88.18000030517578,88.05000305175781,88.11000061035156,17936900
2020-01-07,62.72071838378906,88.05000305175781,88.16000366210938,88.04000091552734,88.13999938964844,9640300
2020-01-08,62.77770233154297,88.12999725341797,88.2300033569336,88.0199966430664,88.06999969482422,16088100
2020-01-09,62.941532135009766,88.36000061035156,88.37000274658203,88.16999816894531,88.23999786376953,16649500
2020-01-10,62.962890625,88.38999938964844,88.41000366210938,88.30000305175781,88.37000274658203,16182900
2020-01-13,62.962890625,88.38999938964844,88.44999694824219,88.3499984741211,88.4000015258789,17762400
2020-01-14,62.95577621459961,88.37999725341797,88.48999786376953,88.27999877929688,88.37000274658203,29157100
2020-01-15,62.97001647949219,88.4000015258789,88.52999877929688,88.38999938964844,88.4000015258789,24637900
2020-01-16,62.99136734008789,88.43000030517578,88.52999877929688,88.37999725341797,88.47000122070312,22349200
2020-01-17,62.941532135009766,88.36000061035156,88.51000213623047,88.36000061035156,88.4800033569336,29626700
2020-01-21,62.806209564208984,88.16999816894531,88.43000030517578,88.16999816894531,88.33999633789062,19724900
2020-01-22,62.92013931274414,88.33000183105469,88.37000274658203,88.2300033569336,88.30999755859375,17731800
2020-01-23,62.727840423583984,88.05999755859375,88.19999694824219,88.0199966430664,88.18000030517578,28566200
2020-01-24,62.46429061889648,87.69000244140625,88.06999969482422,87.6500015258789,88.06999969482422,40838300
2020-01-27,62.04399871826172,87.0999984741211,87.37999725341797,86.95999908447266,87.23999786376953,41372700
2020-01-28,62.578216552734375,87.8499984741211,87.95999908447266,87.38999938964844,87.5,32628300
2020-01-29,62.54263687133789,87.80000305175781,88.2300033569336,87.77999877929688,87.97000122070312,17308200
2020-01-30,62.60675430297851,87.88999938964844,87.91000366210938,87.5,87.51000213623047,20103300
2020-01-31,62.35029220581055,87.52999877929688,87.80000305175781,87.38999938964844,87.80000305175781,35659700
2020-02-03,62.34027099609375,87.1500015258789,87.47000122070312,87.12999725341797,87.33000183105469,25754700
2020-02-04,62.71224594116211,87.66999816894531,87.69000244140625,87.4800033569336,87.5,25063800
2020-02-05,62.969757080078125,88.02999877929688,88.05999755859375,87.83999633789062,87.87999725341797,36687700
2020-02-06,63.01981735229492,88.0999984741211,88.1500015258789,87.87000274658203,88.0,18329900
2020-02-07,62.92682647705078,87.97000122070312,88.05000305175781,87.87999725341797,87.98999786376953,12865100
2020-02-10,63.01266098022461,88.08999633789062,88.0999984741211,87.87999725341797,87.94999694824219,14220000
2020-02-11,63.05559539794922,88.1500015258789,88.27999877929688,88.1500015258789,88.2699966430664,16821500
2020-02-12,63.22012710571289,88.37999725341797,88.45999908447266,88.26000213623047,88.31999969482422,26688200
2020-02-13,63.2415657043457,88.41000366210938,88.45999908447266,88.29000091552734,88.30999755859375,13297900
2020-02-14,63.23444366455078,88.4000015258789,88.48999786376953,88.3499984741211,88.44000244140625,11398800
2020-02-18,63.105674743652344,88.22000122070312,88.4000015258789,88.1500015258789,88.3499984741211,26635300
2020-02-19,63.13425827026367,88.26000213623047,88.37000274658203,88.25,88.30999755859375,18547500
2020-02-20,63.2415657043457,88.41000366210938,88.44000244140625,88.05999755859375,88.31999969482422,31277000
2020-02-21,63.184356689453125,88.33000183105469,88.37999725341797,88.16000366210938,88.33999633789062,23027000
2020-02-24,62.50481033325195,87.37999725341797,87.5999984741211,87.19999694824219,87.5,57828300
2020-02-25,62.06846237182617,86.7699966430664,87.80999755859375,86.69000244140625,87.76000213623047,68418000
2020-02-26,62.1328239440918,86.86000061035156,87.25,86.5999984741211,86.93000030517578,69233800
2020-02-27,61.295921325683594,85.69000244140625,86.69000244140625,85.5199966430664,86.12999725341797,72596300
2020-02-28,61.546260833740234,86.04000091552734,86.1500015258789,84.69000244140625,84.69000244140625,97472600
2020-03-02,62.01329803466797,86.30999755859375,86.4000015258789,85.2300033569336,85.63999938964844,72357700
2020-03-03,61.747467041015625,85.94000244140625,87.19000244140625,85.73999786376953,86.37999725341797,58721000
2020-03-04,62.59529113769531,87.12000274658203,87.16000366210938,86.58999633789062,86.66000366210938,52664700
2020-03-05,61.80491256713867,86.0199966430664,86.51000213623047,85.8499984741211,86.36000061035156,62455700
2020-03-06,61.10798263549805,85.05000305175781,85.27999877929688,84.08999633789062,84.52999877929688,69860600
2020-03-09,58.478302001953125,81.38999938964844,83.48999786376953,79.63999938964844,79.63999938964844,73609600
2020-03-10,59.37641143798828,82.63999938964844,82.87000274658203,81.12999725341797,82.62000274658203,57598000
2020-03-11,58.08311462402344,80.83999633789062,81.69000244140625,80.19999694824219,81.25,60006600
2020-03-12,55.762359619140625,77.61000061035156,80.25,76.2300033569336,76.37999725341797,82926400
2020-03-13,57.51552200317383,80.05000305175781,80.27999877929688,78.13999938964844,80.12999725341797,69164600
2020-03-16,54.35416030883789,75.6500015258789,77.6500015258789,74.30000305175781,75.72000122070312,43080100
2020-03-17,54.86428451538086,76.36000061035156,77.69999694824219,74.62999725341797,75.55000305175781,68569400
2020-03-18,52.442928314208984,72.98999786376953,74.75,71.91000366210938,73.8499984741211,54289800
2020-03-19,51.26459884643555,71.3499984741211,72.66999816894531,70.7699966430664,71.86000061035156,45706300
2020-03-20,50.115013122558594,69.75,72.13999938964844,69.41000366210938,71.41000366210938,55796500
2020-03-23,49.31029510498047,68.62999725341797,70.12000274658203,67.5199966430664,70.05000305175781,48862100
2020-03-24,51.343650817871094,71.45999908447266,71.94999694824219,69.9000015258789,70.08999633789062,51304000
2020-03-25,52.78780746459961,73.47000122070312,75.56999969482422,72.08000183105469,72.25,45692600
2020-03-26,55.20198059082031,76.83000183105469,76.83000183105469,73.69999694824219,74.01000213623047,41965200
2020-03-27,55.34564208984375,77.02999877929688,78.37000274658203,75.36000061035156,75.44000244140625,66536800
2020-03-30,55.81987380981445,77.69000244140625,78.04000091552734,76.63999938964844,77.0999984741211,35016900
2020-03-31,55.374393463134766,77.06999969482422,77.70999908447266,76.9800033569336,77.37000274658203,31103400
2020-04-01,53.8543815612793,74.58000183105469,75.2699966430664,74.37000274658203,75.18000030517578,36859100
2020-04-02,54.273193359375,75.16000366210938,76.30000305175781,74.2300033569336,74.37000274658203,31824800
2020-04-03,53.1106071472168,73.55000305175781,75.19999694824219,73.31999969482422,75.0,39986200
2020-04-06,54.40316009521485,75.33999633789062,75.55999755859375,74.80999755859375,75.05999755859375,32347800
2020-04-07,54.40316009521485,75.33999633789062,76.72000122070312,75.23999786376953,76.43000030517578,35120800
2020-04-08,55.81848907470703,77.30000305175781,77.62999725341797,75.69000244140625,75.95999908447266,46291400
2020-04-09,59.47231674194336,82.36000061035156,84.05000305175781,81.48999786376953,81.97000122070312,88846900
2020-04-13,58.62026596069336,81.18000030517578,81.91999816894531,80.41999816894531,81.80999755859375,40390500
2020-04-14,58.86578750610352,81.5199966430664,82.08999633789062,80.97000122070312,81.91000366210938,37632800
2020-04-15,58.31695938110352,80.76000213623047,80.91000366210938,79.95999908447266,80.25,34367500
2020-04-16,58.25921249389648,80.68000030517578,80.75,79.93000030517578,80.55999755859375,25821900
2020-04-17,58.55524063110352,81.08999633789062,81.4000015258789,80.8499984741211,81.31999969482422,38251800
2020-04-20,57.674320220947266,79.87000274658203,80.79000091552734,79.72000122070312,80.29000091552734,24676200
2020-04-21,56.620018005371094,78.41000366210938,79.05999755859375,78.25,78.95999908447266,42335600
2020-04-22,57.118255615234375,79.0999984741211,79.37000274658203,78.83999633789062,79.26000213623047,15720900
2020-04-23,57.08937072753906,79.05999755859375,79.66000366210938,78.7300033569336,79.25,23896700
2020-04-24,56.55501174926758,78.31999969482422,79.2300033569336,78.16000366210938,79.12000274658203,37915200
2020-04-27,56.786109924316406,78.63999938964844,78.93000030517578,78.51000213623047,78.69999694824219,20550700
2020-04-28,56.95941162109375,78.87999725341797,79.12000274658203,78.44000244140625,79.06999969482422,23927600
2020-04-29,57.96316146850586,80.2699966430664,80.36000061035156,79.2699966430664,79.43000030517578,34838300
2020-04-30,58.07868576049805,80.43000030517578,80.55999755859375,79.52999877929688,79.8499984741211,34636000
2020-05-01,57.076866149902344,78.68000030517578,79.54000091552734,78.61000061035156,79.33999633789062,31859400
2020-05-04,56.99705505371094,78.56999969482422,78.87000274658203,78.19999694824219,78.52999877929688,20400900
2020-05-05,57.4903450012207,79.25,79.25,78.81999969482422,78.81999969482422,26484200
2020-05-06,57.16390228271485,78.80000305175781,79.43000030517578,78.7699966430664,79.33000183105469,18823300
2020-05-07,57.308990478515625,79.0,79.70999908447266,78.97000122070312,79.19999694824219,19581700
2020-05-08,57.853057861328125,79.75,79.76000213623047,79.2699966430664,79.33000183105469,21770400
2020-05-11,57.59188461303711,79.38999938964844,79.72000122070312,79.33999633789062,79.58000183105469,14285100
2020-05-12,57.51935195922851,79.29000091552734,80.0,79.29000091552734,79.91000366210938,25332700
2020-05-13,57.21467208862305,78.87000274658203,79.41999816894531,78.73999786376953,79.3499984741211,29962000
2020-05-14,57.01879119873047,78.5999984741211,78.9000015258789,77.9800033569336,78.45999908447266,30429100
2020-05-15,57.098609924316406,78.70999908447266,78.83999633789062,78.16999816894531,78.37000274658203,34133400
2020-05-18,58.10696792602539,80.0999984741211,80.16000366210938,79.66000366210938,79.95999908447266,31900200
2020-05-19,58.179500579833984,80.19999694824219,80.43000030517578,79.88999938964844,80.04000091552734,18536500
2020-05-20,58.79608917236328,81.05000305175781,81.25,80.55000305175781,80.62000274658203,36053700
2020-05-21,58.781620025634766,81.02999877929688,81.2300033569336,80.80000305175781,81.02999877929688,23307300
2020-05-22,58.92669677734375,81.2300033569336,81.33000183105469,80.80999755859375,80.94999694824219,11311900
2020-05-26,59.36920166015625,81.83999633789062,82.16000366210938,81.18000030517578,81.83000183105469,27673800
2020-05-27,59.4925537109375,82.01000213623047,82.44999694824219,81.66000366210938,82.41999816894531,24905000
2020-05-28,59.55057907104492,82.08999633789062,82.55000305175781,81.94000244140625,82.12999725341797,23282500
2020-05-29,59.78995132446289,82.41999816894531,82.62000274658203,81.87999725341797,82.05000305175781,32189000
2020-06-01,60.24220657348633,82.72000122070312,82.75,81.81999969482422,81.94000244140625,46987000
2020-06-02,60.83938980102539,83.54000091552734,83.58000183105469,82.62000274658203,82.8499984741211,35930900
2020-06-03,61.123409271240234,83.93000030517578,84.37999725341797,83.77999877929688,83.87999725341797,35991000
2020-06-04,60.934078216552734,83.66999816894531,83.9800033569336,83.5199966430664,83.83999633789062,36405800
2020-06-05,61.5094108581543,84.45999908447266,85.02999877929688,84.4000015258789,84.56999969482422,35306500
2020-06-08,61.58224105834961,84.55999755859375,84.68000030517578,84.3499984741211,84.66000366210938,20493100
2020-06-09,61.101585388183594,83.9000015258789,84.1500015258789,83.58000183105469,84.11000061035156,28412400
2020-06-10,61.01420974731445,83.77999877929688,84.22000122070312,83.26000213623047,83.79000091552734,36663100
2020-06-11,59.448394775390625,81.62999725341797,82.62000274658203,81.47000122070312,82.58000183105469,48794500
2020-06-12,60.038291931152344,82.44000244140625,82.87000274658203,81.8499984741211,82.73999786376953,36156800
2020-06-15,60.62091064453125,83.23999786376953,83.77999877929688,81.72000122070312,81.9000015258789,39432300
2020-06-16,60.868499755859375,83.58000183105469,84.33000183105469,83.30999755859375,84.25,40976300
2020-06-17,60.58451843261719,83.19000244140625,83.62000274658203,83.1500015258789,83.5199966430664,17066700
2020-06-18,60.562686920166016,83.16000366210938,83.20999908447266,82.83000183105469,82.95999908447266,22223600
2020-06-19,60.358760833740234,82.87999725341797,83.37000274658203,82.70999908447266,83.31999969482422,32037600
2020-06-22,60.3150634765625,82.81999969482422,83.02999877929688,82.69000244140625,82.87000274658203,21536000
2020-06-23,60.40243911743164,82.94000244140625,83.13999938964844,82.88999938964844,83.11000061035156,17438000
2020-06-24,59.78341293334961,82.08999633789062,82.77999877929688,81.54000091552734,82.68000030517578,43720600
2020-06-25,59.805267333984375,82.12000274658203,82.16999816894531,81.48999786376953,81.87000274658203,31159700
2020-06-26,59.237186431884766,81.33999633789062,82.01000213623047,81.2300033569336,82.01000213623047,33705800
2020-06-29,58.902217864990234,80.87999725341797,81.44999694824219,80.4800033569336,81.44000244140625,76540200
2020-06-30,59.441131591796875,81.62000274658203,81.80000305175781,81.08000183105469,81.1500015258789,40554300
2020-07-01,59.62614059448242,81.52999877929688,81.7699966430664,81.41000366210938,81.41000366210938,28799100
2020-07-02,60.0649528503418,82.12999725341797,82.51000213623047,81.97000122070312,82.23999786376953,30623300
2020-07-06,60.4964485168457,82.72000122070312,82.73999786376953,82.41000366210938,82.62000274658203,22888200
2020-07-07,60.09420394897461,82.16999816894531,82.83999633789062,82.12999725341797,82.62999725341797,22408000
2020-07-08,60.25511169433594,82.38999938964844,82.5,82.12000274658203,82.12999725341797,21155700
2020-07-09,60.123443603515625,82.20999908447266,82.45999908447266,81.83000183105469,82.38999938964844,21655600
2020-07-10,60.3282356262207,82.48999786376953,82.54000091552734,81.9800033569336,82.06999969482422,17903400
2020-07-13,59.99912643432617,82.04000091552734,82.91000366210938,82.02999877929688,82.80000305175781,20039400
2020-07-14,60.51107406616211,82.73999786376953,82.77999877929688,82.04000091552734,82.04000091552734,31929700
2020-07-15,60.85480499267578,83.20999908447266,83.30999755859375,82.91000366210938,83.23999786376953,21291300
2020-07-16,60.91331100463867,83.29000091552734,83.30000305175781,83.08000183105469,83.16000366210938,17570400
2020-07-17,61.08152389526367,83.5199966430664,83.55000305175781,83.20999908447266,83.4800033569336,22863700
2020-07-20,61.44719314575195,84.0199966430664,84.05999755859375,83.51000213623047,83.58999633789062,16701600
2020-07-21,61.73240280151367,84.41000366210938,84.58000183105469,84.2699966430664,84.30000305175781,22331600
2020-07-22,61.85673141479492,84.58000183105469,84.62000274658203,84.33999633789062,84.5,15251400
2020-07-23,61.8128547668457,84.5199966430664,84.62000274658203,83.97000122070312,84.56999969482422,28434900
2020-07-24,61.871360778808594,84.5999984741211,84.69999694824219,84.30000305175781,84.33999633789062,14977500
2020-07-27,62.01764678955078,84.80000305175781,84.81999969482422,84.51000213623047,84.7300033569336,12931500
2020-07-28,61.85673141479492,84.58000183105469,84.80000305175781,84.5,84.72000122070312,14862900
2020-07-29,62.20046615600586,85.05000305175781,85.11000061035156,84.69999694824219,84.83999633789062,18012800
2020-07-30,62.33211135864258,85.2300033569336,85.2699966430664,84.73999786376953,84.77999877929688,54812400
2020-07-31,62.449127197265625,85.38999938964844,85.4000015258789,84.9000015258789,85.19999694824219,28623100
2020-08-03,62.46455001831055,85.06999969482422,85.11000061035156,84.8499984741211,85.02999877929688,17480600
2020-08-04,62.44252395629883,85.04000091552734,85.06999969482422,84.80000305175781,84.97000122070312,17120700
2020-08-05,62.552642822265625,85.19000244140625,85.2300033569336,85.01000213623047,85.05999755859375,14566000
2020-08-06,62.69217300415039,85.37999725341797,85.4000015258789,85.0999984741211,85.19000244140625,13258600
2020-08-07,62.53800201416016,85.16999816894531,85.3499984741211,85.05000305175781,85.3499984741211,14289900
2020-08-10,62.567344665527344,85.20999908447266,85.30000305175781,85.01000213623047,85.26000213623047,13708700
2020-08-11,62.001949310302734,84.44000244140625,85.2699966430664,84.4000015258789,85.25,20535400
2020-08-12,62.016605377197266,84.45999908447266,85.0199966430664,84.45999908447266,84.80999755859375,18003400
2020-08-13,61.847747802734375,84.2300033569336,84.80999755859375,84.1500015258789,84.4800033569336,28444900
2020-08-14,61.73763656616211,84.08000183105469,84.30000305175781,83.91999816894531,84.20999908447266,14072300
2020-08-17,62.10474395751953,84.58000183105469,84.62000274658203,84.0999984741211,84.16000366210938,13756500
2020-08-18,62.2001953125,84.70999908447266,84.7699966430664,84.41000366210938,84.62000274658203,24900300
2020-08-19,62.02398681640625,84.47000122070312,84.79000091552734,84.37000274658203,84.66999816894531,18738300
2020-08-20,62.22956466674805,84.75,84.75,84.31999969482422,84.33000183105469,19912800
2020-08-21,62.22221755981445,84.73999786376953,84.80999755859375,84.62999725341797,84.75,17570600
2020-08-24,62.50859069824219,85.12999725341797,85.16999816894531,84.88999938964844,84.9000015258789,16058100
2020-08-25,62.5746955871582,85.22000122070312,85.27999877929688,84.91000366210938,85.13999938964844,24018600
2020-08-26,62.567344665527344,85.20999908447266,85.37000274658203,85.16999816894531,85.2300033569336,16243100
2020-08-27,62.471885681152344,85.08000183105469,85.3499984741211,84.9000015258789,85.31999969482422,19861800
2020-08-28,62.523284912109375,85.1500015258789,85.2699966430664,85.08999633789062,85.12999725341797,14418500
2020-08-31,62.43513488769531,85.02999877929688,85.2300033569336,84.98999786376953,85.12999725341797,21473800
2020-09-01,62.775028228759766,85.1500015258789,85.2300033569336,84.63999938964844,84.70999908447266,22774200
2020-09-02,62.84879302978515,85.25,85.38999938964844,84.94999694824219,85.19999694824219,15878600
2020-09-03,62.45803451538086,84.72000122070312,85.12000274658203,84.37000274658203,85.0999984741211,34169800
2020-09-04,62.28847122192383,84.48999786376953,84.94000244140625,83.9800033569336,84.80000305175781,36087300
2020-09-08,61.94198226928711,84.0199966430664,84.41000366210938,83.91000366210938,84.13999938964844,34967600
2020-09-09,62.42853927612305,84.68000030517578,84.73999786376953,84.25,84.37999725341797,32976800
2020-09-10,62.13363265991211,84.27999877929688,84.83000183105469,84.25,84.80999755859375,32866300
2020-09-11,62.25899887084961,84.44999694824219,84.48999786376953,84.0999984741211,84.33999633789062,20807100
2020-09-14,62.19261932373047,84.36000061035156,84.69999694824219,84.2699966430664,84.62000274658203,28958000
2020-09-15,62.362178802490234,84.58999633789062,84.72000122070312,84.44000244140625,84.55000305175781,22176900
2020-09-16,62.362178802490234,84.58999633789062,84.98999786376953,84.51000213623047,84.6500015258789,26951200
2020-09-17,62.29582977294922,84.5,84.66000366210938,84.2300033569336,84.30999755859375,25752400
2020-09-18,62.14103317260742,84.29000091552734,84.69000244140625,84.25,84.66999816894531,29891800
2020-09-21,61.63971710205078,83.61000061035156,84.02999877929688,83.37999725341797,83.93000030517578,42968900
2020-09-22,61.85350799560547,83.9000015258789,83.94999694824219,83.5199966430664,83.70999908447266,41396800
2020-09-23,61.22685623168945,83.05000305175781,83.9800033569336,82.95999908447266,83.9800033569336,39577800
2020-09-24,61.263702392578125,83.0999984741211,83.33999633789062,82.55999755859375,82.87000274658203,38755800
2020-09-25,61.15312957763672,82.94999694824219,83.16000366210938,82.76000213623047,83.0,36032200
2020-09-28,61.551246643066406,83.48999786376953,83.62000274658203,83.19000244140625,83.37999725341797,20277000
2020-09-29,61.60285568237305,83.55999755859375,83.61000061035156,83.29000091552734,83.55999755859375,20243400
2020-09-30,61.85350799560547,83.9000015258789,84.02999877929688,83.55000305175781,83.55999755859375,28797600
2020-10-01,62.06597900390625,83.83000183105469,83.88999938964844,83.69000244140625,83.80999755859375,31098000
2020-10-02,62.06597900390625,83.83000183105469,83.87000274658203,83.27999877929688,83.27999877929688,26284300
2020-10-05,62.53239059448242,84.45999908447266,84.4800033569336,83.91999816894531,83.98999786376953,27394000
2020-10-06,62.39176559448242,84.2699966430664,84.75,84.22000122070312,84.4800033569336,37848500
2020-10-07,62.61384963989258,84.56999969482422,84.62999725341797,84.47000122070312,84.5199966430664,20968200
2020-10-08,62.75454330444336,84.76000213623047,84.8499984741211,84.63999938964844,84.83999633789062,18738800
2020-10-09,62.895225524902344,84.94999694824219,85.02999877929688,84.76000213623047,84.88999938964844,21287800
2020-10-12,63.21355819702149,85.37999725341797,85.47000122070312,85.12999725341797,85.22000122070312,10503400
2020-10-13,62.9322395324707,85.0,85.26000213623047,84.93000030517578,85.16000366210938,25183100
2020-10-14,62.776756286621094,84.79000091552734,85.0199966430664,84.72000122070312,84.95999908447266,31620600
2020-10-15,62.732322692871094,84.7300033569336,84.77999877929688,84.31999969482422,84.44999694824219,32232100
2020-10-16,62.65827178955078,84.62999725341797,84.94000244140625,84.5199966430664,84.86000061035156,27456900
2020-10-19,62.4361572265625,84.33000183105469,84.86000061035156,84.30000305175781,84.80000305175781,20998100
2020-10-20,62.65827178955078,84.62999725341797,84.7699966430664,84.47000122070312,84.4800033569336,27650700
2020-10-21,62.65088653564453,84.62000274658203,84.80000305175781,84.52999877929688,84.62000274658203,26901600
2020-10-22,62.761966705322266,84.7699966430664,84.83999633789062,84.44999694824219,84.61000061035156,28977800
2020-10-23,62.83597946166992,84.87000274658203,84.91999816894531,84.66999816894531,84.9000015258789,20734700
2020-10-26,62.28071975708008,84.12000274658203,84.62000274658203,84.08999633789062,84.55999755859375,50102400
2020-10-27,62.31029510498047,84.16000366210938,84.33999633789062,84.12000274658203,84.18000030517578,30880900
2020-10-28,61.79202651977539,83.45999908447266,83.72000122070312,83.30999755859375,83.61000061035156,45794300
2020-10-29,61.969730377197266,83.69999694824219,83.73999786376953,83.2699966430664,83.4000015258789,37112600
2020-10-30,62.10298156738281,83.87999725341797,83.91999816894531,83.43000030517578,83.62999725341797,36801700
2020-11-02,62.2509651184082,83.72000122070312,83.8499984741211,83.48999786376953,83.77999877929688,25665400
2020-11-03,62.78632354736328,84.44000244140625,84.44000244140625,83.88999938964844,83.88999938964844,39777600
2020-11-04,63.37373733520508,85.2300033569336,85.41000366210938,84.66000366210938,84.69000244140625,57673400
2020-11-05,63.5968017578125,85.52999877929688,85.87999725341797,85.41999816894531,85.63999938964844,55079000
2020-11-06,63.37373733520508,85.2300033569336,85.58000183105469,85.11000061035156,85.55999755859375,25953400
2020-11-09,63.85704803466797,85.87999725341797,86.9000015258789,85.83999633789062,86.87999725341797,59347100
2020-11-10,63.7678337097168,85.76000213623047,86.05999755859375,83.37999725341797,85.77999877929688,39295700
2020-11-11,63.74549865722656,85.7300033569336,85.93000030517578,85.62999725341797,85.91999816894531,14416200
2020-11-12,63.31428146362305,85.1500015258789,85.6500015258789,85.1500015258789,85.6500015258789,43300100
2020-11-13,63.5299072265625,85.44000244140625,85.52999877929688,85.23999786376953,85.25,20277100
2020-11-16,63.88681411743164,85.91999816894531,85.95999908447266,85.69000244140625,85.9000015258789,28350400
2020-11-17,63.90912628173828,85.94999694824219,86.11000061035156,85.72000122070312,85.77999877929688,23747100
2020-11-18,63.79015350341797,85.79000091552734,86.13999938964844,85.76000213623047,86.04000091552734,22098900
2020-11-19,64.00579071044922,86.08000183105469,86.13999938964844,85.6500015258789,85.70999908447266,21704200
2020-11-20,63.88681411743164,85.91999816894531,86.0199966430664,85.8499984741211,85.91999816894531,48530200
2020-11-23,63.98346710205078,86.05000305175781,86.20999908447266,85.95999908447266,86.13999938964844,23790600
2020-11-24,64.17681884765625,86.30999755859375,86.5199966430664,86.20999908447266,86.31999969482422,26080100
2020-11-25,64.14704895019531,86.2699966430664,86.41999816894531,86.19000244140625,86.30000305175781,26510900
2020-11-27,64.25114440917969,86.41000366210938,86.5,86.38999938964844,86.43000030517578,7338500
2020-11-30,64.18421173095703,86.31999969482422,86.43000030517578,86.1500015258789,86.43000030517578,24256900
2020-12-01,64.3492202758789,86.19999694824219,86.38999938964844,86.18000030517578,86.25,26256700
2020-12-02,64.52836608886719,86.44000244140625,86.55000305175781,86.1500015258789,86.22000122070312,23705000
2020-12-03,64.5656967163086,86.48999786376953,86.69999694824219,86.44000244140625,86.5199966430664,20748400
2020-12-04,64.83441925048828,86.8499984741211,86.9000015258789,86.5199966430664,86.66999816894531,19362000
2020-12-07,64.80458068847656,86.80999755859375,86.83999633789062,86.68000030517578,86.80000305175781,17811300
2020-12-08,64.75232696533203,86.73999786376953,86.8499984741211,86.69999694824219,86.7699966430664,21408300
2020-12-09,64.65528869628906,86.61000061035156,86.8499984741211,86.48999786376953,86.8499984741211,36608500
2020-12-10,64.77471160888672,86.7699966430664,86.87999725341797,86.45999908447266,86.4800033569336,24251500
2020-12-11,64.7075424194336,86.68000030517578,86.86000061035156,86.54000091552734,86.72000122070312,17699600
2020-12-14,64.72244262695312,86.69999694824219,86.87999725341797,86.5999984741211,86.83000183105469,20705200
2020-12-15,64.92401123046875,86.97000122070312,87.0,86.68000030517578,86.8499984741211,25052800
2020-12-16,64.82695007324219,86.83999633789062,86.97000122070312,86.5999984741211,86.94000244140625,42386700
2020-12-17,64.92369079589844,86.61000061035156,86.68000030517578,86.51000213623047,86.58999633789062,23911400
2020-12-18,64.97616577148438,86.68000030517578,86.72000122070312,86.55000305175781,86.6500015258789,26741200
2020-12-21,64.7437744140625,86.37000274658203,86.55000305175781,86.22000122070312,86.37999725341797,30308300
2020-12-22,64.82625579833984,86.4800033569336,86.54000091552734,86.3499984741211,86.43000030517578,21975100
2020-12-23,65.11857604980469,86.87000274658203,86.91000366210938,86.5999984741211,86.62000274658203,15913900
2020-12-24,65.25350189208984,87.05000305175781,87.05000305175781,86.94000244140625,86.94999694824219,7327300
2020-12-28,65.33598327636719,87.16000366210938,87.2300033569336,87.04000091552734,87.18000030517578,22575500
2020-12-29,65.25350189208984,87.05000305175781,87.30999755859375,87.04000091552734,87.30999755859375,22893000
2020-12-30,65.388427734375,87.2300033569336,87.27999877929688,87.08000183105469,87.08000183105469,21080100
2020-12-31,65.44092559814453,87.30000305175781,87.33999633789062,87.16999816894531,87.20999908447266,12059900
2021-01-04,65.30597686767578,87.12000274658203,87.4000015258789,86.87000274658203,87.4000015258789,34528300
2021-01-05,65.32846069335938,87.1500015258789,87.25,86.9800033569336,87.0199966430664,33725500
2021-01-06,65.20853424072266,86.98999786376953,87.33999633789062,86.97000122070312,87.08999633789062,37148100
2021-01-07,65.39595031738281,87.23999786376953,87.37000274658203,87.12999725341797,87.18000030517578,25868200
2021-01-08,65.4933853149414,87.37000274658203,87.37999725341797,87.13999938964844,87.3499984741211,27403600
2021-01-11,65.14108276367188,86.9000015258789,87.16999816894531,86.88999938964844,87.0199966430664,26608000
2021-01-12,65.22351837158203,87.01000213623047,87.06999969482422,86.79000091552734,86.88999938964844,41746100
2021-01-13,65.41840362548828,87.2699966430664,87.30999755859375,86.94999694824219,86.9800033569336,47710300
2021-01-14,65.40343475341797,87.25,87.37999725341797,87.22000122070312,87.2699966430664,25484800
2021-01-15,65.2984848022461,87.11000061035156,87.2699966430664,87.05000305175781,87.13999938964844,48134800
2021-01-19,65.48588562011719,87.36000061035156,87.37999725341797,87.1500015258789,87.3499984741211,24270500
2021-01-20,65.6058349609375,87.5199966430664,87.62000274658203,87.37000274658203,87.62000274658203,24534700
2021-01-21,65.5683364868164,87.47000122070312,87.56999969482422,87.37999725341797,87.47000122070312,20451400
2021-01-22,65.44092559814453,87.30000305175781,87.38999938964844,87.18000030517578,87.27999877929688,26615900
2021-01-25,65.45590209960938,87.31999969482422,87.33999633789062,87.02999877929688,87.30000305175781,28718200
2021-01-26,65.35842895507812,87.19000244140625,87.33000183105469,87.18000030517578,87.29000091552734,39103500
2021-01-27,65.17105865478516,86.94000244140625,87.22000122070312,86.80999755859375,87.0199966430664,46378600
2021-01-28,65.36591339111328,87.19999694824219,87.48999786376953,87.13999938964844,87.16000366210938,38836200
2021-01-29,65.19354248046875,86.97000122070312,87.37000274658203,86.88999938964844,87.12999725341797,46095900
2021-02-01,65.40269470214844,86.93000030517578,86.97000122070312,86.66000366210938,86.80999755859375,35620700
2021-02-02,65.56069946289062,87.13999938964844,87.26000213623047,87.08999633789062,87.1500015258789,29522300
2021-02-03,65.61336517333984,87.20999908447266,87.36000061035156,87.16999816894531,87.19999694824219,31911000
2021-02-04,65.7488021850586,87.38999938964844,87.47000122070312,87.30999755859375,87.3499984741211,21181100
2021-02-05,65.84660339355469,87.5199966430664,87.6500015258789,87.4800033569336,87.62999725341797,21653100
2021-02-08,66.04220581054688,87.77999877929688,87.77999877929688,87.55999755859375,87.58999633789062,16590100
2021-02-09,65.92183685302734,87.62000274658203,87.7300033569336,87.56999969482422,87.6500015258789,14404300
2021-02-10,65.90679168701172,87.5999984741211,87.68000030517578,87.47000122070312,87.62000274658203,20469400
2021-02-11,65.93687438964844,87.63999938964844,87.68000030517578,87.54000091552734,87.63999938964844,17047200
2021-02-12,66.04220581054688,87.77999877929688,87.79000091552734,87.55000305175781,87.55000305175781,17800100
2021-02-16,65.93687438964844,87.63999938964844,87.73999786376953,87.56999969482422,87.7300033569336,22264400
2021-02-17,65.91431427001953,87.61000061035156,87.61000061035156,87.43000030517578,87.45999908447266,20276700
2021-02-18,65.82398986816406,87.48999786376953,87.58999633789062,87.38999938964844,87.47000122070312,26366700
2021-02-19,65.83154296875,87.5,87.62999725341797,87.4800033569336,87.62999725341797,28124800
2021-02-22,65.62841033935547,87.2300033569336,87.45999908447266,87.2300033569336,87.37000274658203,25455400
2021-02-23,65.78639221191406,87.44000244140625,87.51000213623047,87.01000213623047,87.19000244140625,29015900
2021-02-24,65.85411071777344,87.52999877929688,87.52999877929688,87.2300033569336,87.30999755859375,21791800
2021-02-25,65.22966003417969,86.69999694824219,87.41999816894531,86.5999984741211,87.33000183105469,59413400
2021-02-26,65.03402709960938,86.44000244140625,86.91999816894531,86.41000366210938,86.87999725341797,46615300
2021-03-01,65.76415252685547,87.0999984741211,87.16000366210938,86.55999755859375,86.66999816894531,48014200
2021-03-02,65.666015625,86.97000122070312,87.16000366210938,86.93000030517578,87.1500015258789,23988500
2021-03-03,65.45462036132812,86.69000244140625,86.91000366210938,86.66000366210938,86.83999633789062,30197000
2021-03-04,65.20542907714844,86.36000061035156,86.94999694824219,86.08000183105469,86.75,49020300
2021-03-05,65.40176391601562,86.62000274658203,86.72000122070312,86.08999633789062,86.48999786376953,46950100
2021-03-08,64.92605590820312,85.98999786376953,86.63999938964844,85.97000122070312,86.56999969482422,39868700
2021-03-09,65.01669311523438,86.11000061035156,86.44999694824219,86.08000183105469,86.22000122070312,31441100
2021-03-10,65.22054290771484,86.37999725341797,86.5,86.1500015258789,86.22000122070312,23776600
2021-03-11,65.462158203125,86.69999694824219,86.86000061035156,86.58000183105469,86.58000183105469,27728500
2021-03-12,65.28094482421875,86.45999908447266,86.5999984741211,86.37000274658203,86.55999755859375,21842000
2021-03-15,65.28850555419922,86.47000122070312,86.55000305175781,86.30999755859375,86.4000015258789,14719400
2021-03-16,65.13748931884766,86.2699966430664,86.48999786376953,86.18000030517578,86.43000030517578,22931400
2021-03-17,65.22807312011719,86.38999938964844,86.6500015258789,86.04000091552734,86.0999984741211,28345800
2021-03-18,64.7297592163086,85.7300033569336,86.16999816894531,85.70999908447266,86.05999755859375,37150300
2021-03-19,64.97893524169922,86.05999755859375,86.1500015258789,85.6500015258789,85.86000061035156,47467800
2021-03-22,65.2129898071289,86.37000274658203,86.5199966430664,86.1500015258789,86.19999694824219,32979500
2021-03-23,65.28094482421875,86.45999908447266,86.5,86.25,86.3499984741211,24705800
2021-03-24,65.31868743896484,86.51000213623047,86.80000305175781,86.51000213623047,86.54000091552734,31374500
2021-03-25,65.43196105957031,86.66000366210938,86.66000366210938,86.36000061035156,86.44999694824219,24070300
2021-03-26,65.62825775146484,86.91999816894531,86.93000030517578,86.56999969482422,86.76000213623047,25948000
2021-03-29,65.666015625,86.97000122070312,87.0,86.69999694824219,86.86000061035156,17447500
2021-03-30,65.50745391845703,86.76000213623047,86.87999725341797,86.73999786376953,86.83000183105469,19622100
2021-03-31,65.82456970214844,87.18000030517578,87.20999908447266,86.8499984741211,86.86000061035156,41604700
2021-04-01,65.9639663696289,87.06999969482422,87.06999969482422,86.8499984741211,86.97000122070312,30806600
2021-04-05,65.99427795410156,87.11000061035156,87.18000030517578,87.04000091552734,87.08000183105469,20758300
2021-04-06,66.10792541503906,87.26000213623047,87.30000305175781,87.12999725341797,87.12999725341797,15367900
2021-04-07,66.085205078125,87.2300033569336,87.31999969482422,87.16999816894531,87.27999877929688,15645400
2021-04-08,66.10792541503906,87.26000213623047,87.36000061035156,87.23999786376953,87.33000183105469,11052100
2021-04-09,66.06242370605469,87.19999694824219,87.20999908447266,87.0999984741211,87.1500015258789,17413100
2021-04-12,65.99427795410156,87.11000061035156,87.13999938964844,87.0199966430664,87.0999984741211,15464500
2021-04-13,66.03974914550781,87.16999816894531,87.19999694824219,86.91000366210938,87.01000213623047,20643500
2021-04-14,66.0094223022461,87.12999725341797,87.29000091552734,87.08999633789062,87.19000244140625,17992800
2021-04-15,66.27456665039062,87.4800033569336,87.4800033569336,87.2699966430664,87.33000183105469,20944400
2021-04-16,66.13822937011719,87.30000305175781,87.52999877929688,87.30000305175781,87.5,32509300
2021-04-19,66.03214263916016,87.16000366210938,87.29000091552734,87.12000274658203,87.19999694824219,23904900
2021-04-20,65.91852569580078,87.01000213623047,87.13999938964844,86.95999908447266,87.05999755859375,22901000
2021-04-21,66.13822937011719,87.30000305175781,87.30000305175781,86.95999908447266,86.97000122070312,19527000
2021-04-22,66.01700592041016,87.13999938964844,87.33000183105469,87.12000274658203,87.31999969482422,18506500
2021-04-23,66.19125366210938,87.37000274658203,87.44999694824219,87.19000244140625,87.19999694824219,14388700
2021-04-26,66.16096496582031,87.33000183105469,87.4800033569336,87.29000091552734,87.37999725341797,12746100
2021-04-27,66.07003021240234,87.20999908447266,87.37999725341797,87.20999908447266,87.37999725341797,17660600
2021-04-28,66.19883728027344,87.37999725341797,87.44999694824219,87.16999816894531,87.23999786376953,14795000
2021-04-29,66.27456665039062,87.4800033569336,87.55000305175781,87.3499984741211,87.55000305175781,17152900
2021-04-30,66.2442855834961,87.44000244140625,87.48999786376953,87.3499984741211,87.37000274658203,23367500
2021-05-03,66.27012634277344,87.18000030517578,87.33000183105469,87.16999816894531,87.2300033569336,15782400
2021-05-04,66.23211669921875,87.12999725341797,87.1500015258789,86.97000122070312,87.11000061035156,23089700
2021-05-05,66.3613510131836,87.30000305175781,87.31999969482422,87.16999816894531,87.19000244140625,13676300
2021-05-06,66.33853912353516,87.2699966430664,87.33999633789062,87.1500015258789,87.29000091552734,23110100
2021-05-07,66.38417053222656,87.33000183105469,87.41000366210938,87.2300033569336,87.3499984741211,17872700
2021-05-10,66.23211669921875,87.12999725341797,87.37999725341797,87.12999725341797,87.36000061035156,16580800
2021-05-11,66.1636962890625,87.04000091552734,87.08999633789062,86.80999755859375,86.9000015258789,28683600
2021-05-12,65.84442901611328,86.62000274658203,86.9800033569336,86.62000274658203,86.91999816894531,31630100
2021-05-13,66.080078125,86.93000030517578,87.0,86.76000213623047,86.7699966430664,28689600
2021-05-14,66.29292297363281,87.20999908447266,87.20999908447266,87.0199966430664,87.05000305175781,22550800
2021-05-17,66.1712875366211,87.05000305175781,87.20999908447266,86.98999786376953,87.19999694824219,13545000
2021-05-18,66.01168823242188,86.83999633789062,87.16999816894531,86.83000183105469,87.16999816894531,16447500
2021-05-19,65.83685302734375,86.61000061035156,86.83999633789062,86.56999969482422,86.5999984741211,34701000
2021-05-20,66.11809539794922,86.9800033569336,87.33999633789062,86.68000030517578,86.68000030517578,28013700
2021-05-21,66.2169189453125,87.11000061035156,87.12999725341797,86.91999816894531,87.08000183105469,36466200
2021-05-24,66.29292297363281,87.20999908447266,87.30999755859375,87.0999984741211,87.18000030517578,24277800
2021-05-25,66.30050659179688,87.22000122070312,87.27999877929688,87.13999938964844,87.26000213623047,15466600
2021-05-26,66.3233413696289,87.25,87.2699966430664,87.16000366210938,87.16000366210938,14354900
2021-05-27,66.29292297363281,87.20999908447266,87.37999725341797,87.19999694824219,87.37999725341797,12682100
2021-05-28,66.27012634277344,87.18000030517578,87.3499984741211,87.18000030517578,87.30000305175781,15464100
2021-06-01,66.46917724609375,87.1500015258789,87.16000366210938,87.0,87.05999755859375,22655300
2021-06-02,66.5530776977539,87.26000213623047,87.2699966430664,87.12000274658203,87.1500015258789,13698300
2021-06-03,66.41580963134766,87.08000183105469,87.2300033569336,86.98999786376953,87.02999877929688,16701800
2021-06-04,66.56070709228516,87.2699966430664,87.30999755859375,87.16999816894531,87.2300033569336,26829200
2021-06-07,66.5835952758789,87.30000305175781,87.3499984741211,87.26000213623047,87.29000091552734,9189800
2021-06-08,66.62932586669922,87.36000061035156,87.44000244140625,87.30999755859375,87.44000244140625,10983900
2021-06-09,66.68273162841797,87.43000030517578,87.48999786376953,87.4000015258789,87.47000122070312,13232200
2021-06-10,66.80474853515625,87.58999633789062,87.66000366210938,87.45999908447266,87.5,15290000
2021-06-11,66.8276138305664,87.62000274658203,87.69000244140625,87.55000305175781,87.6500015258789,12559600
2021-06-14,66.76665496826172,87.54000091552734,87.58999633789062,87.47000122070312,87.58999633789062,19408600
2021-06-15,66.75902557373047,87.52999877929688,87.56999969482422,87.44000244140625,87.4800033569336,16037000
2021-06-16,66.66746520996094,87.41000366210938,87.56999969482422,87.26000213623047,87.52999877929688,21267200
2021-06-17,66.7132339477539,87.47000122070312,87.5,87.37999725341797,87.45999908447266,21099000
2021-06-18,66.68273162841797,87.43000030517578,87.44999694824219,87.29000091552734,87.33999633789062,35134500
2021-06-21,66.81240844726562,87.5999984741211,87.5999984741211,87.44999694824219,87.5199966430664,21265000
2021-06-22,66.85814666748047,87.66000366210938,87.66000366210938,87.5199966430664,87.56999969482422,14604400
2021-06-23,66.78951263427734,87.56999969482422,87.75,87.56999969482422,87.62999725341797,16583100
2021-06-24,66.99545288085938,87.83999633789062,87.83999633789062,87.69999694824219,87.73999786376953,12722300
2021-06-25,67.06409454345703,87.93000030517578,87.94999694824219,87.83000183105469,87.8499984741211,16175000
2021-06-28,67.05648040771484,87.91999816894531,87.97000122070312,87.86000061035156,87.97000122070312,16019300
2021-06-29,67.14032745361328,88.02999877929688,88.02999877929688,87.93000030517578,87.94000244140625,12728000
2021-06-30,67.14798736572266,88.04000091552734,88.06999969482422,87.95999908447266,87.97000122070312,26093500
2021-07-01,67.27960968017578,87.91999816894531,87.91999816894531,87.80999755859375,87.83000183105469,31932400
2021-07-02,67.3867416381836,88.05999755859375,88.06999969482422,87.91999816894531,87.95999908447266,11464800
2021-07-06,67.34845733642578,88.01000213623047,88.08000183105469,87.94000244140625,88.05999755859375,17784300
2021-07-07,67.3714370727539,88.04000091552734,88.0999984741211,87.93000030517578,88.08999633789062,11463700
2021-07-08,67.22604370117188,87.8499984741211,87.93000030517578,87.7699966430664,87.80999755859375,21936400
2021-07-09,67.34081268310547,88.0,88.0199966430664,87.87000274658203,87.87999725341797,17698100
2021-07-12,67.31785583496094,87.97000122070312,88.0199966430664,87.88999938964844,88.0,17546700
2021-07-13,67.11892700195312,87.70999908447266,87.95999908447266,87.69999694824219,87.91999816894531,26938600
2021-07-14,67.22604370117188,87.8499984741211,87.87999725341797,87.73999786376953,87.80999755859375,16100200
2021-07-15,67.18013763427734,87.79000091552734,87.81999969482422,87.72000122070312,87.7699966430664,16384800
2021-07-16,67.08831024169922,87.66999816894531,87.83999633789062,87.63999938964844,87.83999633789062,17820400
2021-07-19,66.6368179321289,87.08000183105469,87.48999786376953,86.9800033569336,87.45999908447266,54224700
2021-07-20,66.97354125976562,87.5199966430664,87.52999877929688,87.08000183105469,87.16000366210938,26941300
2021-07-21,67.13421630859375,87.7300033569336,87.76000213623047,87.55999755859375,87.58000183105469,18522600
2021-07-22,67.1724624633789,87.77999877929688,87.8499984741211,87.6500015258789,87.73999786376953,17110500
2021-07-23,67.30255126953125,87.94999694824219,87.98999786376953,87.83000183105469,87.87999725341797,19441000
2021-07-26,67.2031021118164,87.81999969482422,87.97000122070312,87.77999877929688,87.91999816894531,15282700
2021-07-27,67.11125183105469,87.69999694824219,87.7699966430664,87.55999755859375,87.69999694824219,19919000
2021-07-28,67.1648178100586,87.7699966430664,87.8499984741211,87.66999816894531,87.80000305175781,15129200
2021-07-29,67.31021881103516,87.95999908447266,88.0,87.83000183105469,87.83000183105469,18675000
2021-07-30,67.21841430664062,87.83999633789062,87.97000122070312,87.83999633789062,87.93000030517578,21062100
2021-08-02,67.0517807006836,87.33999633789062,87.69000244140625,87.33999633789062,87.66999816894531,27274400
2021-08-03,67.12857055664062,87.44000244140625,87.45999908447266,87.27999877929688,87.38999938964844,16058700
2021-08-04,67.00574493408203,87.27999877929688,87.41999816894531,87.27999877929688,87.37000274658203,17113300
2021-08-05,67.15927124023438,87.4800033569336,87.5199966430664,87.33000183105469,87.33000183105469,15465700
2021-08-06,67.08251953125,87.37999725341797,87.5199966430664,87.37000274658203,87.43000030517578,12923200
2021-08-09,66.92897033691406,87.18000030517578,87.36000061035156,87.18000030517578,87.33999633789062,10788700
2021-08-10,66.77539825439453,86.9800033569336,87.19999694824219,86.97000122070312,87.19000244140625,31522900
2021-08-11,66.88288879394531,87.12000274658203,87.16000366210938,87.01000213623047,87.04000091552734,15834400
2021-08-12,66.99805450439453,87.2699966430664,87.29000091552734,87.08999633789062,87.12000274658203,14127800
2021-08-13,67.14391326904297,87.45999908447266,87.45999908447266,87.30000305175781,87.30000305175781,10016800
2021-08-16,67.16696166992188,87.48999786376953,87.48999786376953,87.3499984741211,87.44000244140625,12598100
2021-08-17,67.01342010498047,87.29000091552734,87.4000015258789,87.19999694824219,87.38999938964844,18468400
2021-08-18,66.85985565185547,87.08999633789062,87.38999938964844,87.08999633789062,87.30000305175781,12147600
2021-08-19,66.85218811035156,87.08000183105469,87.19999694824219,86.94999694824219,87.0,20026700
2021-08-20,67.01342010498047,87.29000091552734,87.33000183105469,87.08999633789062,87.0999984741211,16784100
2021-08-23,67.22067260742188,87.55999755859375,87.58999633789062,87.41000366210938,87.41000366210938,21933100
2021-08-24,67.31278991699219,87.68000030517578,87.69999694824219,87.55000305175781,87.58000183105469,20828100
2021-08-25,67.38189697265625,87.7699966430664,87.81999969482422,87.66000366210938,87.69999694824219,19085400
2021-08-26,67.34352111816406,87.72000122070312,87.7699966430664,87.58000183105469,87.76000213623047,17676100
2021-08-27,67.52778625488281,87.95999908447266,87.98999786376953,87.7300033569336,87.75,18519700
2021-08-30,67.61222076416016,88.06999969482422,88.0999984741211,87.95999908447266,87.9800033569336,11640000
2021-08-31,67.6275863647461,88.08999633789062,88.0999984741211,87.97000122070312,88.05999755859375,19163900
2021-09-01,67.68533325195312,87.88999938964844,87.9800033569336,87.81999969482422,87.83999633789062,22973500
2021-09-02,67.77003479003906,88.0,88.0199966430664,87.93000030517578,88.0,16521300
2021-09-03,67.77774047851562,88.01000213623047,88.04000091552734,87.88999938964844,87.95999908447266,6491000
2021-09-07,67.60062408447266,87.77999877929688,87.98999786376953,87.7699966430664,87.98999786376953,11728800
2021-09-08,67.6776351928711,87.87999725341797,87.91000366210938,87.70999908447266,87.79000091552734,13020900
2021-09-09,67.73927307128906,87.95999908447266,87.9800033569336,87.86000061035156,87.87000274658203,23024700
2021-09-10,67.6391372680664,87.83000183105469,88.08999633789062,87.81999969482422,88.08000183105469,16112600
2021-09-13,67.8085708618164,88.05000305175781,88.05999755859375,87.88999938964844,87.94999694824219,17136900
2021-09-14,67.77774047851562,88.01000213623047,88.12000274658203,87.97000122070312,88.08000183105469,20108000
2021-09-15,67.87786865234375,88.13999938964844,88.13999938964844,88.01000213623047,88.0199966430664,17069500
2021-09-16,67.85474395751953,88.11000061035156,88.13999938964844,87.94999694824219,88.11000061035156,13859700
2021-09-17,67.77003479003906,88.0,88.08999633789062,87.97000122070312,88.08000183105469,38948500
2021-09-20,67.53131866455078,87.69000244140625,87.80999755859375,87.55000305175781,87.5999984741211,49641000
2021-09-21,67.64680480957031,87.83999633789062,87.87999725341797,87.68000030517578,87.83000183105469,27304200
2021-09-22,67.77003479003906,88.0,88.08000183105469,87.8499984741211,87.97000122070312,24344800
2021-09-23,67.80087280273438,88.04000091552734,88.16000366210938,87.95999908447266,88.05000305175781,27590300
2021-09-24,67.70073699951172,87.91000366210938,88.0199966430664,87.86000061035156,87.95999908447266,21713200
2021-09-27,67.6391372680664,87.83000183105469,87.88999938964844,87.7300033569336,87.76000213623047,17652900
2021-09-28,67.33110046386719,87.43000030517578,87.69999694824219,87.37999725341797,87.66000366210938,35515900
2021-09-29,67.45429992675781,87.58999633789062,87.70999908447266,87.51000213623047,87.52999877929688,19783400
2021-09-30,67.37727355957031,87.48999786376953,87.68000030517578,87.37999725341797,87.63999938964844,41680700
2021-10-01,67.53878784179688,87.41000366210938,87.4800033569336,87.13999938964844,87.3499984741211,30062800
2021-10-04,67.29924774169922,87.0999984741211,87.37999725341797,87.08000183105469,87.3499984741211,24726400
2021-10-05,67.2683334350586,87.05999755859375,87.22000122070312,87.02999877929688,87.19000244140625,22347700
2021-10-06,67.22972106933594,87.01000213623047,87.04000091552734,86.7699966430664,86.87000274658203,28905900
2021-10-07,67.23741912841797,87.0199966430664,87.30000305175781,86.95999908447266,87.12999725341797,29054000
2021-10-08,67.03655242919922,86.76000213623047,87.05000305175781,86.76000213623047,87.0,28064300
2021-10-11,66.82791900634766,86.48999786376953,86.80999755859375,86.48999786376953,86.76000213623047,16068400
2021-10-12,66.95158386230469,86.6500015258789,86.7699966430664,86.58000183105469,86.5999984741211,32922200
2021-10-13,67.12926483154297,86.87999725341797,86.87999725341797,86.55999755859375,86.69999694824219,29370400
2021-10-14,67.50787353515625,87.37000274658203,87.37999725341797,87.04000091552734,87.05000305175781,26937000
2021-10-15,67.39196014404297,87.22000122070312,87.38999938964844,87.16999816894531,87.38999938964844,29782900
2021-10-18,67.36105346679688,87.18000030517578,87.18000030517578,86.98999786376953,87.0199966430664,20338400
2021-10-19,67.40741729736328,87.23999786376953,87.25,87.12000274658203,87.18000030517578,26103300
2021-10-20,67.43061828613281,87.2699966430664,87.29000091552734,87.19000244140625,87.25,19720100
2021-10-21,67.26060485839844,87.05000305175781,87.29000091552734,86.98999786376953,87.25,19273600
2021-10-22,67.09835815429688,86.83999633789062,87.05999755859375,86.80000305175781,87.0199966430664,20734400
2021-10-25,67.2142562866211,86.98999786376953,87.08000183105469,86.7699966430664,86.94000244140625,20230000
2021-10-26,67.22972106933594,87.01000213623047,87.19999694824219,87.01000213623047,87.12000274658203,19617200
2021-10-27,67.17560577392578,86.94000244140625,87.12999725341797,86.93000030517578,87.0999984741211,18521300
2021-10-28,67.34562683105469,87.16000366210938,87.16000366210938,86.9800033569336,86.9800033569336,16374700
2021-10-29,67.16789245605469,86.93000030517578,87.05000305175781,86.93000030517578,87.0199966430664,26521600
2021-11-01,67.09580993652344,86.55999755859375,86.77999877929688,86.55000305175781,86.7300033569336,29987000
2021-11-02,67.25861358642578,86.7699966430664,86.83999633789062,86.55999755859375,86.55999755859375,26441600
2021-11-03,67.39036560058594,86.94000244140625,86.95999908447266,86.69000244140625,86.70999908447266,22984200
2021-11-04,67.56863403320312,87.16999816894531,87.55999755859375,87.0,87.0199966430664,28989800
2021-11-05,67.8244400024414,87.5,87.5199966430664,87.25,87.30000305175781,27595000
2021-11-08,67.73918914794922,87.38999938964844,87.61000061035156,87.33999633789062,87.58999633789062,11957900
2021-11-09,67.79346466064453,87.45999908447266,87.45999908447266,87.27999877929688,87.38999938964844,13732600
2021-11-10,67.41363525390625,86.97000122070312,87.3499984741211,86.94000244140625,87.3499984741211,30438400
2021-11-11,67.29735565185547,86.81999969482422,87.04000091552734,86.81999969482422,87.02999877929688,10086100
2021-11-12,67.32060241699219,86.8499984741211,87.05000305175781,86.83999633789062,86.91999816894531,26392400
2021-11-15,67.24310302734375,86.75,86.91999816894531,86.7300033569336,86.91000366210938,17057100
2021-11-16,67.27411651611328,86.79000091552734,86.87000274658203,86.73999786376953,86.7699966430664,14302000
2021-11-17,67.20433044433594,86.69999694824219,86.83999633789062,86.69999694824219,86.81999969482422,17919200
2021-11-18,67.15006256103516,86.62999725341797,86.80999755859375,86.62999725341797,86.80999755859375,23421300
2021-11-19,67.09580993652344,86.55999755859375,86.7699966430664,86.55999755859375,86.62999725341797,45282700
2021-11-22,66.84002685546875,86.2300033569336,86.66999816894531,86.22000122070312,86.63999938964844,26266000
2021-11-23,66.74699401855469,86.11000061035156,86.37000274658203,86.02999877929688,86.2300033569336,33967100
2021-11-24,66.73149871826172,86.08999633789062,86.11000061035156,85.76000213623047,86.0,31158800
2021-11-26,66.25088500976562,85.47000122070312,85.62000274658203,85.33999633789062,85.61000061035156,36123400
2021-11-29,66.66175842285156,86.0,86.12999725341797,85.76000213623047,85.80999755859375,31728900
2021-11-30,66.3826675415039,85.63999938964844,86.06999969482422,85.5199966430664,85.95999908447266,35465700
2021-12-01,66.39203643798828,85.37000274658203,85.94000244140625,85.31999969482422,85.7699966430664,41845200
2021-12-02,66.8819808959961,86.0,86.05999755859375,85.41000366210938,85.41999816894531,42383500
2021-12-03,66.8819808959961,86.0,86.0999984741211,85.83000183105469,86.05000305175781,47368800
2021-12-06,67.1774673461914,86.37999725341797,86.4800033569336,86.0,86.02999877929688,28211300
2021-12-07,67.53522491455078,86.83999633789062,87.06999969482422,86.63999938964844,86.70999908447266,42893500
2021-12-08,67.5196762084961,86.81999969482422,86.87000274658203,86.68000030517578,86.77999877929688,26598200
2021-12-09,67.21639251708984,86.43000030517578,86.80000305175781,86.43000030517578,86.80000305175781,24939100
2021-12-10,67.37190246582031,86.62999725341797,86.66000366210938,86.52999877929688,86.55999755859375,20247200
2021-12-13,67.37190246582031,86.62999725341797,86.70999908447266,86.55999755859375,86.62999725341797,17125800
2021-12-14,67.2552719116211,86.4800033569336,86.58999633789062,86.33000183105469,86.5,20310500
2021-12-15,67.51192474365234,86.80999755859375,86.83999633789062,86.33000183105469,86.47000122070312,31699000
2021-12-16,67.46196746826172,86.44999694824219,86.62999725341797,86.38999938964844,86.55000305175781,27374000
2021-12-17,67.39954376220703,86.37000274658203,86.51000213623047,86.20999908447266,86.36000061035156,27248200
2021-12-20,67.28247833251953,86.22000122070312,86.29000091552734,86.08999633789062,86.12999725341797,27560400
2021-12-21,67.64141845703125,86.68000030517578,86.69000244140625,86.33999633789062,86.33999633789062,24390500
2021-12-22,67.82090759277344,86.91000366210938,86.93000030517578,86.63999938964844,86.6500015258789,17433300
2021-12-23,68.01604461669922,87.16000366210938,87.20999908447266,86.94000244140625,86.95999908447266,15612100
2021-12-27,68.08625793457031,87.25,87.31999969482422,87.12999725341797,87.16999816894531,13396700
2021-12-28,68.05503845214844,87.20999908447266,87.23999786376953,87.08000183105469,87.22000122070312,17150700
2021-12-29,67.94581604003906,87.06999969482422,87.18000030517578,87.05000305175781,87.1500015258789,16760300
2021-12-30,67.91456604003906,87.02999877929688,87.0999984741211,86.98999786376953,87.0999984741211,12326100
2021-12-31,67.89895629882812,87.01000213623047,87.12000274658203,86.9800033569336,87.05999755859375,11505300
2022-01-03,67.86774444580078,86.97000122070312,86.97000122070312,86.76000213623047,86.91999816894531,35368400
2022-01-04,67.6960678100586,86.75,87.0,86.66999816894531,87.0,33609900
2022-01-05,67.17322540283203,86.08000183105469,86.77999877929688,86.08000183105469,86.73999786376953,44808500
2022-01-06,67.18102264404297,86.08999633789062,86.31999969482422,86.05000305175781,86.0999984741211,42823200
2022-01-07,67.00935363769531,85.87000274658203,86.0999984741211,85.86000061035156,86.08999633789062,34630100
2022-01-10,67.06395721435547,85.94000244140625,85.95999908447266,85.37000274658203,85.76000213623047,52621800
2022-01-11,67.37611389160156,86.33999633789062,86.33999633789062,85.75,85.98999786376953,32513100
2022-01-12,67.4853744506836,86.4800033569336,86.5199966430664,86.33999633789062,86.47000122070312,24621400
2022-01-13,67.24349975585938,86.16999816894531,86.5,86.13999938964844,86.45999908447266,31699700
2022-01-14,67.18102264404297,86.08999633789062,86.2300033569336,86.0,86.11000061035156,31046200
2022-01-18,66.85328674316406,85.66999816894531,85.8499984741211,85.61000061035156,85.83999633789062,46331500
2022-01-19,66.79081726074219,85.58999633789062,85.95999908447266,85.55999755859375,85.81999969482422,31390200
2022-01-20,66.66597747802734,85.43000030517578,85.97000122070312,85.41000366210938,85.75,38217700
2022-01-21,66.67381286621094,85.44000244140625,85.5999984741211,85.33000183105469,85.43000030517578,57098000
2022-01-24,66.60355377197266,85.3499984741211,85.41000366210938,84.7699966430664,85.19000244140625,79230800
2022-01-25,66.40847778320312,85.0999984741211,85.29000091552734,84.9000015258789,85.08999633789062,43642700
2022-01-26,66.18215942382812,84.80999755859375,85.87000274658203,84.69999694824219,85.47000122070312,63574900
2022-01-27,65.8934326171875,84.44000244140625,85.12000274658203,84.25,85.0199966430664,47351000
2022-01-28,66.08069610595703,84.68000030517578,84.69000244140625,83.94999694824219,84.25,51496700
2022-01-31,66.09630584716797,84.69999694824219,84.83000183105469,84.22000122070312,84.5,78932100
2022-02-01,66.35869598388672,84.7300033569336,84.77999877929688,84.37000274658203,84.6500015258789,42377300
2022-02-02,66.46049499511719,84.86000061035156,84.95999908447266,84.61000061035156,84.9000015258789,29261500
2022-02-03,65.86529541015625,84.0999984741211,84.54000091552734,84.08999633789062,84.47000122070312,44760800
2022-02-04,65.60681915283203,83.7699966430664,83.9000015258789,83.19999694824219,83.76000213623047,65508300
2022-02-07,65.55984497070312,83.70999908447266,83.86000061035156,83.41999816894531,83.54000091552734,37620700
2022-02-08,65.4893569946289,83.62000274658203,83.8499984741211,83.58000183105469,83.77999877929688,39549000
2022-02-09,65.83395385742188,84.05999755859375,84.12000274658203,83.94000244140625,83.94000244140625,37641800
2022-02-10,64.96465301513672,82.94999694824219,83.83000183105469,82.94000244140625,83.54000091552734,57751400
2022-02-11,64.73751068115234,82.66000366210938,83.25,82.44999694824219,83.2300033569336,58997100
2022-02-14,64.62786865234375,82.5199966430664,82.83000183105469,82.22000122070312,82.6500015258789,36550200
2022-02-15,64.73751068115234,82.66000366210938,82.80999755859375,82.55999755859375,82.73999786376953,32724800
2022-02-16,65.09779357910156,83.12000274658203,83.18000030517578,82.54000091552734,82.61000061035156,38996000
2022-02-17,64.82369232177734,82.7699966430664,82.97000122070312,82.70999908447266,82.97000122070312,30755200
2022-02-18,64.91764068603516,82.88999938964844,82.98999786376953,82.62000274658203,82.69000244140625,43848800
2022-02-22,64.76883697509766,82.69999694824219,83.05000305175781,82.58999633789062,82.83999633789062,37004300
2022-02-23,64.65137481689453,82.55000305175781,82.91000366210938,82.52999877929688,82.8499984741211,36545400
2022-02-24,65.1134262084961,83.13999938964844,83.18000030517578,81.83000183105469,81.91000366210938,56132500
2022-02-25,65.48152160644531,83.61000061035156,83.62999725341797,83.22000122070312,83.22000122070312,44118800
2022-02-28,65.52850341796875,83.66999816894531,83.87999725341797,83.22000122070312,83.22000122070312,54006400
2022-03-01,65.34536743164062,83.12999725341797,83.63999938964844,82.94999694824219,83.43000030517578,43268500
2022-03-02,65.50257110595703,83.33000183105469,83.36000061035156,82.94000244140625,83.08000183105469,41489200
2022-03-03,65.30608367919922,83.08000183105469,83.5,82.20999908447266,83.4800033569336,23594200
2022-03-04,64.88159942626953,82.54000091552734,82.94000244140625,82.4800033569336,82.94000244140625,32141100
2022-03-07,64.31562805175781,81.81999969482422,82.41000366210938,81.75,82.38999938964844,43675900
2022-03-08,64.08767700195312,81.52999877929688,82.08999633789062,81.5,81.87999725341797,57474500
2022-03-09,64.62218475341797,82.20999908447266,82.31999969482422,81.8499984741211,82.01000213623047,31143000
2022-03-10,64.07982635498047,81.5199966430664,81.87000274658203,81.41999816894531,81.76000213623047,46408900
2022-03-11,63.61603164672851,80.93000030517578,81.6500015258789,80.86000061035156,81.62999725341797,40097000
2022-03-14,62.86142349243164,79.97000122070312,80.87000274658203,79.87999725341797,80.8499984741211,61536700
2022-03-15,63.33304977416992,80.56999969482422,80.76000213623047,80.0999984741211,80.12999725341797,57385300
2022-03-16,64.22127532958984,81.69999694824219,81.73999786376953,80.55000305175781,80.95999908447266,66254800
2022-03-17,64.66150665283203,82.26000213623047,82.30000305175781,81.75,81.7699966430664,48573700
2022-03-18,64.87376403808594,82.52999877929688,82.54000091552734,81.94999694824219,82.0999984741211,59780500
2022-03-21,64.12698364257812,81.58000183105469,82.44999694824219,81.41999816894531,82.38999938964844,62364300
2022-03-22,64.45710754394531,82.0,82.06999969482422,81.5,81.66000366210938,40148600
2022-03-23,64.2527084350586,81.73999786376953,82.01000213623047,81.58999633789062,81.86000061035156,36294900
2022-03-24,64.38638305664062,81.91000366210938,81.94000244140625,81.5199966430664,81.7300033569336,18435800
2022-03-25,63.9225959777832,81.31999969482422,81.91999816894531,81.26000213623047,81.91999816894531,36497500
2022-03-28,64.32353973388672,81.83000183105469,81.8499984741211,81.26000213623047,81.27999877929688,26886100
2022-03-29,65.11740112304688,82.83999633789062,82.86000061035156,82.1500015258789,82.19999694824219,49781100
2022-03-30,64.9208984375,82.58999633789062,82.69999694824219,82.38999938964844,82.62000274658203,43905200
2022-03-31,64.68506622314453,82.29000091552734,82.7300033569336,82.2699966430664,82.69000244140625,40717600
2022-04-01,64.68033599853516,81.94999694824219,82.02999877929688,81.6500015258789,81.83000183105469,31316100
2022-04-04,65.16969299316406,82.56999969482422,82.58000183105469,82.0,82.0199966430664,32710900
2022-04-05,64.32521057128906,81.5,82.47000122070312,81.47000122070312,82.38999938964844,51886400
2022-04-06,63.82002639770508,80.86000061035156,81.4000015258789,80.69000244140625,80.94000244140625,67118000
2022-04-07,63.71743392944336,80.7300033569336,81.04000091552734,80.72000122070312,80.94000244140625,42831400
2022-04-08,63.33071517944336,80.23999786376953,80.7300033569336,80.2300033569336,80.4800033569336,42177200
2022-04-11,62.896575927734375,79.69000244140625,80.06999969482422,79.58000183105469,79.9800033569336,42293400
2022-04-12,63.37807083129883,80.30000305175781,80.62000274658203,80.06999969482422,80.23999786376953,38031000
2022-04-13,63.756893157958984,80.77999877929688,80.87999725341797,80.37999725341797,80.44000244140625,31635500
2022-04-14,63.33071517944336,80.23999786376953,80.88999938964844,80.02999877929688,80.77999877929688,45130400
2022-04-18,63.22810745239258,80.11000061035156,80.36000061035156,80.0,80.16000366210938,20864100
2022-04-19,63.17285919189453,80.04000091552734,80.19000244140625,79.86000061035156,79.95999908447266,29920800
2022-04-20,63.37016677856445,80.29000091552734,80.44000244140625,80.16000366210938,80.27999877929688,25769700
2022-04-21,62.93605422973633,79.73999786376953,80.54000091552734,79.66999816894531,80.48999786376953,38695100
2022-04-22,62.557247161865234,79.26000213623047,79.66000366210938,79.16999816894531,79.63999938964844,28243000
2022-04-25,63.08604049682617,79.93000030517578,80.0,79.2699966430664,79.4000015258789,35914500
2022-04-26,62.71505355834961,79.45999908447266,79.9000015258789,79.44999694824219,79.9000015258789,31171600
2022-04-27,62.40726852416992,79.06999969482422,79.66999816894531,78.98999786376953,79.47000122070312,37598600
2022-04-28,62.7545280456543,79.51000213623047,79.62999725341797,78.94000244140625,79.23999786376953,30808800
2022-04-29,61.98104095458984,78.52999877929688,79.25,78.4800033569336,79.13999938964844,35697100
2022-05-02,61.98501968383789,78.2300033569336,78.30000305175781,77.83000183105469,78.16000366210938,38674400
2022-05-03,62.30989074707031,78.63999938964844,78.76000213623047,78.3499984741211,78.4000015258789,42665700
2022-05-04,62.943756103515625,79.44000244140625,79.6500015258789,78.08000183105469,78.6500015258789,55154900
2022-05-05,61.82655334472656,78.02999877929688,79.0199966430664,77.80999755859375,78.97000122070312,53807900
2022-05-06,61.4779167175293,77.58999633789062,78.0,77.41000366210938,77.62999725341797,39256900
2022-05-09,60.82821273803711,76.7699966430664,77.30999755859375,76.72000122070312,77.12999725341797,38442700
2022-05-10,61.17683410644531,77.20999908447266,77.52999877929688,76.83999633789062,77.38999938964844,48419700
2022-05-11,60.812347412109375,76.75,77.48999786376953,76.73999786376953,77.0,42473500
2022-05-12,60.78854751586914,76.72000122070312,76.9800033569336,76.4000015258789,76.66000366210938,49069700
2022-05-13,60.85988235473633,76.80999755859375,77.05999755859375,76.43000030517578,76.9800033569336,49084400
2022-05-16,60.772705078125,76.69999694824219,76.95999908447266,76.56999969482422,76.83999633789062,33300100
2022-05-17,60.71726989746094,76.62999725341797,76.87000274658203,76.44000244140625,76.86000061035156,41666500
2022-05-18,60.21810531616211,76.0,76.25,75.91000366210938,76.20999908447266,47647800
2022-05-19,60.62218475341797,76.51000213623047,76.66999816894531,75.87000274658203,75.94999694824219,53929100
2022-05-20,60.58258438110352,76.45999908447266,76.80000305175781,76.2300033569336,76.77999877929688,56691000
2022-05-23,60.82029342651367,76.76000213623047,76.86000061035156,76.58000183105469,76.63999938964844,29917100
2022-05-24,61.18473815917969,77.22000122070312,77.26000213623047,76.55000305175781,76.58000183105469,42246500
2022-05-25,62.11178970336914,78.38999938964844,78.44000244140625,77.2699966430664,77.30999755859375,56661500
2022-05-26,62.97545623779297,79.4800033569336,79.5199966430664,78.47000122070312,78.68000030517578,64773400
2022-05-27,63.53801345825195,80.19000244140625,80.19000244140625,79.61000061035156,79.80000305175781,52813100
2022-05-31,62.99127578735352,79.5,79.86000061035156,79.31999969482422,79.73999786376953,68424700
2022-06-01,62.75823974609375,78.9000015258789,79.44999694824219,78.75,79.2300033569336,87646100
2022-06-02,63.02071762084961,79.2300033569336,79.23999786376953,78.69000244140625,78.91999816894531,34752500
2022-06-03,62.551422119140625,78.63999938964844,78.87000274658203,78.5199966430664,78.87000274658203,36008000
2022-06-06,62.08214569091797,78.05000305175781,78.80000305175781,77.95999908447266,78.77999877929688,35756100
2022-06-07,62.22529602050781,78.2300033569336,78.31999969482422,77.7300033569336,77.79000091552734,31499900
2022-06-08,61.692378997802734,77.55999755859375,78.06999969482422,77.45999908447266,78.04000091552734,25361600
2022-06-09,61.1992073059082,76.94000244140625,77.51000213623047,76.79000091552734,77.26000213623047,49468700
2022-06-10,60.15723419189453,75.62999725341797,76.22000122070312,75.27999877929688,76.19999694824219,59907000
2022-06-13,58.14482498168945,73.0999984741211,74.30999755859375,72.88999938964844,74.25,122714600
2022-06-14,58.52665710449219,73.58000183105469,74.2300033569336,73.05000305175781,73.44999694824219,62818600
2022-06-15,59.6640739440918,75.01000213623047,75.38999938964844,74.04000091552734,74.19999694824219,70628200
2022-06-16,58.7175178527832,73.81999969482422,74.1500015258789,73.22000122070312,73.9000015258789,61583400
2022-06-17,58.900482177734375,74.05000305175781,74.56999969482422,73.80999755859375,73.98999786376953,49281000
2022-06-21,58.86072540283203,74.0,74.66999816894531,73.93000030517578,74.5,45924600
2022-06-22,58.844783782958984,73.9800033569336,74.25,73.80999755859375,73.87000274658203,38204800
2022-06-23,59.266387939453125,74.51000213623047,74.58000183105469,74.08000183105469,74.19000244140625,30961800
2022-06-24,59.68792343139648,75.04000091552734,75.36000061035156,74.58999633789062,74.75,38198600
2022-06-27,59.32205581665039,74.58000183105469,75.0999984741211,74.58000183105469,75.0999984741211,25658200
2022-06-28,58.66981887817383,73.76000213623047,74.79000091552734,73.75,74.69000244140625,39303800
2022-06-29,58.58232116699219,73.6500015258789,73.79000091552734,73.43000030517578,73.72000122070312,36806800
2022-06-30,58.55049133300781,73.61000061035156,73.83000183105469,73.05999755859375,73.33000183105469,45139900
2022-07-01,59.10898971557617,73.9800033569336,74.2300033569336,73.44999694824219,73.5,38849300
2022-07-05,59.053070068359375,73.91000366210938,73.9800033569336,73.02999877929688,73.51000213623047,38316200
2022-07-06,58.829349517822266,73.62999725341797,74.0,73.5199966430664,73.79000091552734,44706000
2022-07-07,59.788116455078125,74.83000183105469,74.87999725341797,74.02999877929688,74.08999633789062,44430400
2022-07-08,59.8360481262207,74.88999938964844,74.95999908447266,74.36000061035156,74.55999755859375,31230300
2022-07-11,59.500484466552734,74.47000122070312,74.91999816894531,74.44999694824219,74.80000305175781,28213700
2022-07-12,59.74019241333008,74.7699966430664,74.9000015258789,74.5,74.55999755859375,24036500
2022-07-13,59.6762580871582,74.69000244140625,74.91999816894531,73.91999816894531,74.0,46874900
2022-07-14,59.56440734863281,74.55000305175781,74.62999725341797,73.61000061035156,74.08000183105469,53953100
2022-07-15,60.323463439941406,75.5,75.5,74.76000213623047,74.7699966430664,48360800
2022-07-18,59.74019241333008,74.7699966430664,75.72000122070312,74.69000244140625,75.69000244140625,33302800
2022-07-19,60.53120040893555,75.76000213623047,75.94000244140625,75.04000091552734,75.04000091552734,31028200
2022-07-20,60.79484176635742,76.08999633789062,76.62000274658203,75.87999725341797,76.05999755859375,82881900
2022-07-21,61.5139274597168,76.98999786376953,77.05999755859375,75.93000030517578,76.0199966430664,52282000
2022-07-22,61.43402862548828,76.88999938964844,77.54000091552734,76.6500015258789,77.11000061035156,51055800
2022-07-25,61.418060302734375,76.87000274658203,77.08999633789062,76.6500015258789,76.94999694824219,26032000
2022-07-26,60.986595153808594,76.33000183105469,76.70999908447266,76.27999877929688,76.62000274658203,24151200
2022-07-27,61.657772064208984,77.16999816894531,77.47000122070312,76.66999816894531,76.66999816894531,35075700
2022-07-28,62.288944244384766,77.95999908447266,78.0199966430664,77.2300033569336,77.54000091552734,42335900
2022-07-29,62.47270202636719,78.19000244140625,78.3499984741211,77.75,77.95999908447266,33606800
2022-08-01,62.49196243286133,77.91000366210938,78.08000183105469,77.51000213623047,77.63999938964844,31595600
2022-08-02,62.20320892333984,77.55000305175781,77.86000061035156,77.5,77.7699966430664,40604400
2022-08-03,62.74861907958984,78.2300033569336,78.25,77.56999969482422,77.77999877929688,35660900
2022-08-04,62.91706466674805,78.44000244140625,78.44999694824219,78.11000061035156,78.33999633789062,24386400
2022-08-05,62.59623336791992,78.04000091552734,78.11000061035156,77.38999938964844,77.5,31006700
2022-08-08,62.652366638183594,78.11000061035156,78.6500015258789,78.05000305175781,78.33999633789062,19465600
2022-08-09,62.18716049194336,77.52999877929688,77.95999908447266,77.5,77.93000030517578,24675700
2022-08-10,63.117645263671875,78.69000244140625,78.7699966430664,78.38999938964844,78.5199966430664,38121800
2022-08-11,62.75665664672851,78.23999786376953,79.31999969482422,78.12999725341797,79.19999694824219,37778700
2022-08-12,63.318145751953125,78.94000244140625,78.97000122070312,78.29000091552734,78.5199966430664,16912300
2022-08-15,63.20585632324219,78.80000305175781,79.0,78.6500015258789,78.81999969482422,18441100
2022-08-16,62.90903854370117,78.43000030517578,78.7300033569336,78.26000213623047,78.7300033569336,22963200
2022-08-17,62.25934982299805,77.62000274658203,78.04000091552734,77.58999633789062,77.87999725341797,28774600
2022-08-18,62.35561752319336,77.73999786376953,77.87999725341797,77.66000366210938,77.80999755859375,19089300
2022-08-19,61.72195053100586,76.94999694824219,77.37000274658203,76.77999877929688,77.33000183105469,45428900
2022-08-22,61.02412033081055,76.08000183105469,76.4000015258789,76.01000213623047,76.36000061035156,42014200
2022-08-23,61.176490783691406,76.2699966430664,76.4000015258789,75.83000183105469,76.0999984741211,33240000
2022-08-24,61.248722076416016,76.36000061035156,76.5,76.16000366210938,76.23999786376953,16917400
2022-08-25,61.82622146606445,77.08000183105469,77.13999938964844,76.44999694824219,76.58000183105469,20080000
2022-08-26,60.80753326416016,75.80999755859375,77.12000274658203,75.73999786376953,77.12000274658203,34460600
2022-08-29,60.574920654296875,75.5199966430664,75.7699966430664,75.26000213623047,75.3499984741211,28020200
2022-08-30,60.109718322753906,74.94000244140625,75.66000366210938,74.69999694824219,75.5999984741211,66233900
2022-08-31,59.78085708618164,74.52999877929688,75.12000274658203,74.51000213623047,74.97000122070312,39161800
2022-09-01,59.93883514404297,74.36000061035156,74.41000366210938,73.61000061035156,73.94999694824219,38499700
2022-09-02,59.89852523803711,74.30999755859375,75.06999969482422,74.2300033569336,75.0,22364500
2022-09-06,59.73731231689453,74.11000061035156,74.38999938964844,73.8499984741211,74.30999755859375,28820900
2022-09-07,60.59980392456055,75.18000030517578,75.19000244140625,74.19000244140625,74.20999908447266,26853200
2022-09-08,60.86579895019531,75.51000213623047,75.55000305175781,74.77999877929688,74.9000015258789,26928000
2022-09-09,61.10761260986328,75.80999755859375,76.16999816894531,75.62999725341797,75.87999725341797,29526800
2022-09-12,61.293025970458984,76.04000091552734,76.2300033569336,75.7699966430664,76.08000183105469,30276100
2022-09-13,59.89852523803711,74.30999755859375,75.16999816894531,74.27999877929688,74.9800033569336,47111300
2022-09-14,59.987205505371094,74.41999816894531,74.91000366210938,74.30999755859375,74.36000061035156,29672400
2022-09-15,59.608360290527344,73.94999694824219,74.44000244140625,73.91000366210938,74.29000091552734,46282300
2022-09-16,59.809871673583984,74.19999694824219,74.19999694824219,73.37000274658203,73.5,56479900
2022-09-19,60.03556442260742,74.4800033569336,74.48999786376953,73.83999633789062,73.91000366210938,26891900
2022-09-20,59.422950744628906,73.72000122070312,74.06999969482422,73.66999816894531,74.0199966430664,32769500
2022-09-21,59.24563217163086,73.5,74.23999786376953,73.16000366210938,73.9000015258789,37851300
2022-09-22,58.89097213745117,73.05999755859375,73.38999938964844,72.80000305175781,73.25,48278100
2022-09-23,58.141319274902344,72.12999725341797,72.7300033569336,71.87999725341797,72.55999755859375,53312000
2022-09-26,57.45613861083984,71.27999877929688,72.18000030517578,71.26000213623047,71.91999816894531,42287400
2022-09-27,57.335235595703125,71.12999725341797,71.91999816894531,70.9000015258789,71.88999938964844,45295500
2022-09-28,58.358978271484375,72.4000015258789,72.48999786376953,71.44000244140625,71.66999816894531,48935800
2022-09-29,57.81081008911133,71.72000122070312,71.97000122070312,71.31999969482422,71.93000030517578,38068800
2022-09-30,57.544830322265625,71.38999938964844,72.27999877929688,71.37999725341797,71.7300033569336,42928700
2022-10-03,58.298980712890625,71.97000122070312,72.12999725341797,71.45999908447266,71.5999984741211,48967900
2022-10-04,59.55457305908203,73.5199966430664,73.52999877929688,72.7699966430664,72.9000015258789,45901300
2022-10-05,59.31965255737305,73.2300033569336,73.4000015258789,72.61000061035156,72.91999816894531,47833500
2022-10-06,59.14142608642578,73.01000213623047,73.45999908447266,72.9000015258789,73.1500015258789,37196000
2022-10-07,58.42049407958984,72.12000274658203,72.7699966430664,72.0999984741211,72.56999969482422,33983000
2022-10-10,57.70766067504883,71.23999786376953,72.11000061035156,70.91999816894531,72.06999969482422,37759700
2022-10-11,57.8858528137207,71.45999908447266,72.0199966430664,71.29000091552734,71.37999725341797,46344600
2022-10-12,57.98307037353515,71.58000183105469,71.8499984741211,71.41000366210938,71.41000366210938,32784800
2022-10-13,58.112667083740234,71.73999786376953,71.91000366210938,70.4000015258789,70.47000122070312,48832500
2022-10-14,57.92637252807617,71.51000213623047,72.37000274658203,71.33000183105469,72.19000244140625,37152100
2022-10-17,58.63923263549805,72.38999938964844,72.5999984741211,72.13999938964844,72.1500015258789,33820000
2022-10-18,59.05231475830078,72.9000015258789,73.30999755859375,72.58000183105469,73.12999725341797,37648400
2022-10-19,58.485294342041016,72.19999694824219,72.63999938964844,71.9800033569336,72.4000015258789,33194000
2022-10-20,58.16130065917969,71.80000305175781,72.75,71.7300033569336,72.20999908447266,47281100
2022-10-21,58.720218658447266,72.48999786376953,72.58000183105469,71.55999755859375,71.58999633789062,60211200
2022-10-24,58.76070022583008,72.54000091552734,72.7300033569336,72.16000366210938,72.55999755859375,29551200
2022-10-25,59.327762603759766,73.23999786376953,73.25,72.69999694824219,72.72000122070312,37459200
2022-10-26,59.48975372314453,73.44000244140625,73.70999908447266,72.94999694824219,73.05999755859375,50552100
2022-10-27,59.92719268798828,73.9800033569336,74.13999938964844,73.36000061035156,73.62000274658203,49481500
2022-10-28,60.3889045715332,74.55000305175781,74.69000244140625,74.12000274658203,74.25,123446800
2022-10-31,59.48164749145508,73.43000030517578,74.18000030517578,73.41999816894531,74.16999816894531,60269700
2022-11-01,59.83943939208984,73.58999633789062,73.94999694824219,73.20999908447266,73.94000244140625,39586700
2022-11-02,59.294620513916016,72.91999816894531,74.29000091552734,72.87999725341797,73.55999755859375,50659500
2022-11-03,58.87179946899414,72.4000015258789,72.63999938964844,71.88999938964844,72.16999816894531,37507100
2022-11-04,59.27836227416992,72.9000015258789,73.20999908447266,72.4000015258789,72.87000274658203,39849100
2022-11-07,59.27023696899414,72.88999938964844,73.11000061035156,72.68000030517578,73.05000305175781,24913000
2022-11-08,59.21331787109375,72.81999969482422,73.06999969482422,72.58999633789062,72.94999694824219,39489200
2022-11-09,58.50587463378906,71.94999694824219,72.73999786376953,71.81999969482422,72.5999984741211,45728900
2022-11-10,60.327335357666016,74.19000244140625,74.2699966430664,73.45999908447266,73.9800033569336,67165700
2022-11-11,60.53873062133789,74.44999694824219,74.69000244140625,73.93000030517578,74.22000122070312,20934800
2022-11-14,60.09151840209961,73.9000015258789,74.29000091552734,73.87000274658203,74.25,37932800
2022-11-15,60.620079040527344,74.55000305175781,74.69999694824219,74.06999969482422,74.63999938964844,50673700
2022-11-16,60.48994827270508,74.38999938964844,74.56999969482422,74.30999755859375,74.48999786376953,31124900
2022-11-17,60.22976303100586,74.06999969482422,74.16999816894531,73.7300033569336,73.80999755859375,34338000
2022-11-18,60.35986328125,74.2300033569336,74.45999908447266,74.0199966430664,74.45999908447266,31663800
2022-11-21,60.335445404052734,74.19999694824219,74.3499984741211,74.0199966430664,74.1500015258789,19070500
2022-11-22,60.774559020996094,74.73999786376953,74.79000091552734,74.26000213623047,74.33999633789062,24572500
2022-11-23,61.116085052490234,75.16000366210938,75.30000305175781,74.66000366210938,74.68000030517578,30316300
2022-11-25,60.99409484863281,75.01000213623047,75.18000030517578,74.9000015258789,75.1500015258789,9465900
2022-11-28,60.35173034667969,74.22000122070312,74.93000030517578,74.19000244140625,74.80000305175781,31668900
2022-11-29,60.61191940307617,74.54000091552734,74.5999984741211,74.08000183105469,74.22000122070312,27162300
2022-11-30,61.52265167236328,75.66000366210938,75.69000244140625,74.38999938964844,74.5999984741211,41702100
2022-12-01,61.750484466552734,75.62000274658203,75.66000366210938,75.18000030517578,75.56999969482422,42134200
2022-12-02,61.70148468017578,75.55999755859375,75.58999633789062,74.98999786376953,74.98999786376953,27535800
2022-12-05,61.11353302001953,74.83999633789062,75.30000305175781,74.69000244140625,75.27999877929688,29736500
2022-12-06,60.893043518066406,74.56999969482422,75.0,74.43000030517578,74.87000274658203,24976800
2022-12-07,61.227874755859375,74.9800033569336,75.06999969482422,74.55000305175781,74.55000305175781,24614200
2022-12-08,61.276859283447266,75.04000091552734,75.13999938964844,74.80000305175781,75.06999969482422,23839500
2022-12-09,61.276859283447266,75.04000091552734,75.31999969482422,74.81999969482422,74.81999969482422,20687300
2022-12-12,61.51365661621094,75.33000183105469,75.4000015258789,75.0999984741211,75.22000122070312,22415700
2022-12-13,62.15061569213867,76.11000061035156,76.69999694824219,75.69000244140625,76.61000061035156,45923300
2022-12-14,61.79946517944336,75.68000030517578,76.20999908447266,75.22000122070312,76.01000213623047,57177300
2022-12-15,61.56633758544922,75.0,75.11000061035156,74.62999725341797,74.91000366210938,41666500
2022-12-16,61.23799133300781,74.5999984741211,74.80999755859375,74.41000366210938,74.56999969482422,38197100
2022-12-19,60.926048278808594,74.22000122070312,74.45999908447266,74.05999755859375,74.30999755859375,24135100
2022-12-20,60.77008438110352,74.02999877929688,74.19000244140625,73.69000244140625,73.8499984741211,32917800
2022-12-21,61.287235260009766,74.66000366210938,74.80000305175781,74.33999633789062,74.4000015258789,23211500
2022-12-22,60.90961837768555,74.19999694824219,74.48999786376953,73.91999816894531,74.37000274658203,26893700
2022-12-23,61.06561279296875,74.38999938964844,74.44999694824219,73.94999694824219,74.08000183105469,13196500
2022-12-27,60.43351745605469,73.62000274658203,74.37000274658203,73.58000183105469,74.31999969482422,22108000
2022-12-28,59.62082290649414,72.62999725341797,73.83000183105469,72.58999633789062,73.73999786376953,41064800
2022-12-29,60.39247131347656,73.56999969482422,73.62000274658203,72.75,72.91999816894531,33378900
2022-12-30,60.44173049926758,73.62999725341797,73.66999816894531,73.27999877929688,73.31999969482422,15170300
2023-01-03,60.55663299560547,73.7699966430664,74.19000244140625,73.66000366210938,74.11000061035156,28787700
2023-01-04,61.25441360473633,74.62000274658203,74.66000366210938,73.98999786376953,74.26000213623047,37120100
2023-01-05,61.13126754760742,74.47000122070312,74.54000091552734,74.18000030517578,74.36000061035156,35142000
2023-01-06,62.00142288208008,75.52999877929688,75.77999877929688,74.69999694824219,74.87000274658203,60041200
2023-01-09,62.22303771972656,75.80000305175781,75.95999908447266,75.63999938964844,75.75,35806900
2023-01-10,62.14918899536133,75.70999908447266,75.87000274658203,75.52999877929688,75.76000213623047,35695500
2023-01-11,62.55961990356445,76.20999908447266,76.25,75.8499984741211,76.0,31826700
2023-01-12,62.912620544433594,76.63999938964844,76.69999694824219,76.05000305175781,76.4000015258789,29404900
2023-01-13,62.912620544433594,76.63999938964844,76.7699966430664,76.22000122070312,76.26000213623047,26301500
2023-01-17,62.69916534423828,76.37999725341797,76.55000305175781,76.29000091552734,76.5199966430664,30961200
2023-01-18,62.77303314208984,76.47000122070312,77.08000183105469,76.44999694824219,76.8499984741211,52989700
2023-01-19,62.40364456176758,76.0199966430664,76.33000183105469,75.94999694824219,76.20999908447266,50070900
2023-01-20,62.52677536010742,76.16999816894531,76.16999816894531,75.7300033569336,76.0,36625400
2023-01-23,62.5185661315918,76.16000366210938,76.37000274658203,75.97000122070312,76.0999984741211,26764800
2023-01-24,62.55961990356445,76.20999908447266,76.25,75.87999725341797,76.01000213623047,27774500
2023-01-25,62.55142593383789,76.19999694824219,76.27999877929688,75.87999725341797,75.95999908447266,25857700
2023-01-26,62.70737838745117,76.38999938964844,76.47000122070312,76.08999633789062,76.36000061035156,25512400
2023-01-27,62.5185661315918,76.16000366210938,76.37000274658203,76.05000305175781,76.2699966430664,35813400
2023-01-30,62.173805236816406,75.73999786376953,76.02999877929688,75.72000122070312,75.87999725341797,32002000
2023-01-31,62.65813827514648,76.33000183105469,76.36000061035156,75.91999816894531,75.94000244140625,41006600
2023-02-01,63.31637954711914,76.76000213623047,76.9800033569336,75.77999877929688,75.9800033569336,46900900
2023-02-02,63.67928314208984,77.19999694824219,77.33999633789062,77.06999969482422,77.31999969482422,56399900
2023-02-03,63.01117706298828,76.38999938964844,76.86000061035156,76.33000183105469,76.5999984741211,39682300
2023-02-06,62.60696792602539,75.9000015258789,76.0999984741211,75.79000091552734,76.05999755859375,40944200
2023-02-07,62.829689025878906,76.16999816894531,76.36000061035156,75.77999877929688,75.83000183105469,37101300
2023-02-08,62.56573486328125,75.8499984741211,76.16000366210938,75.69000244140625,76.05999755859375,34066600
2023-02-09,62.16156768798828,75.36000061035156,76.11000061035156,75.29000091552734,76.11000061035156,42581900
2023-02-10,61.683135986328125,74.77999877929688,75.25,74.69000244140625,75.02999877929688,65905000
2023-02-13,61.8398551940918,74.97000122070312,75.22000122070312,74.75,74.83000183105469,38741300
2023-02-14,61.85635757446289,74.98999786376953,75.19000244140625,74.51000213623047,74.83000183105469,54193600
2023-02-15,61.75736999511719,74.87000274658203,74.87999725341797,74.58000183105469,74.72000122070312,44897600
2023-02-16,61.262451171875,74.2699966430664,74.58999633789062,74.2300033569336,74.54000091552734,89945400
2023-02-17,61.501670837402344,74.55999755859375,74.68000030517578,73.87000274658203,74.1500015258789,75910300
2023-02-21,60.55309295654297,73.41000366210938,74.02999877929688,73.11000061035156,73.8499984741211,98782400
2023-02-22,60.94900131225586,73.88999938964844,74.19000244140625,73.5999984741211,73.5999984741211,70093300
2023-02-23,61.551143646240234,74.62000274658203,74.7300033569336,74.12999725341797,74.2300033569336,47908100
2023-02-24,61.17998123168945,74.16999816894531,74.31999969482422,73.91999816894531,74.0,47576500
2023-02-27,61.59241485595703,74.66999816894531,74.7699966430664,74.37999725341797,74.5199966430664,40292000
2023-02-28,61.476905822753906,74.52999877929688,74.63999938964844,74.41999816894531,74.63999938964844,32999000
2023-03-01,61.30263137817383,73.87000274658203,74.0999984741211,73.69000244140625,74.08000183105469,45341400
2023-03-02,61.37732696533203,73.95999908447266,74.05000305175781,73.4800033569336,73.4800033569336,37886100
2023-03-03,62.00804138183594,74.72000122070312,74.80999755859375,74.16999816894531,74.29000091552734,50123300
2023-03-06,62.00804138183594,74.72000122070312,74.98999786376953,74.66000366210938,74.88999938964844,33430800
2023-03-07,61.568206787109375,74.19000244140625,74.7699966430664,74.18000030517578,74.7300033569336,40222100
2023-03-08,61.27774810791016,73.83999633789062,74.36000061035156,73.69000244140625,74.23999786376953,54303900
2023-03-09,60.93749237060547,73.43000030517578,74.22000122070312,73.3499984741211,73.91000366210938,52669500
2023-03-10,60.94580078125,73.44000244140625,73.94999694824219,73.16999816894531,73.4800033569336,81516000
2023-03-13,60.61387634277344,73.04000091552734,73.9800033569336,72.83000183105469,73.19000244140625,78478100
2023-03-14,61.053680419921875,73.56999969482422,73.91000366210938,73.2699966430664,73.69000244140625,66395600
2023-03-15,60.854515075683594,73.33000183105469,73.4000015258789,72.61000061035156,72.80999755859375,81454700
2023-03-16,61.25284957885742,73.80999755859375,73.94999694824219,73.0199966430664,73.12999725341797,63386700
2023-03-17,60.8877067565918,73.37000274658203,73.77999877929688,73.23999786376953,73.44000244140625,55132200
2023-03-20,60.72172546386719,73.16999816894531,73.55999755859375,73.06999969482422,73.2300033569336,38540800
2023-03-21,61.38562774658203,73.97000122070312,74.08000183105469,73.5,73.6500015258789,38203400
2023-03-22,61.4437255859375,74.04000091552734,74.79000091552734,73.70999908447266,73.9800033569336,55263500
2023-03-23,61.203067779541016,73.75,74.37000274658203,73.5199966430664,74.02999877929688,54660900
2023-03-24,61.07859420776367,73.5999984741211,73.69000244140625,73.38999938964844,73.44999694824219,44225600
2023-03-27,60.92920684814453,73.41999816894531,73.86000061035156,73.41999816894531,73.75,30905100
2023-03-28,60.89601135253906,73.37999725341797,73.47000122070312,73.13999938964844,73.27999877929688,38277200
2023-03-29,61.65950393676758,74.30000305175781,74.30999755859375,73.6500015258789,73.6500015258789,44457300
2023-03-30,62.024635314941406,74.73999786376953,74.75,74.2699966430664,74.47000122070312,37130200
2023-03-31,62.696834564208984,75.55000305175781,75.6500015258789,74.94999694824219,74.97000122070312,54218900
2023-04-03,62.64847946166992,75.1500015258789,75.30000305175781,74.97000122070312,75.13999938964844,43302900
2023-04-04,62.46508026123047,74.93000030517578,75.26000213623047,74.8499984741211,75.1500015258789,46144300
2023-04-05,62.11494064331055,74.51000213623047,74.94999694824219,74.41999816894531,74.87999725341797,37633900
2023-04-06,62.390045166015625,74.83999633789062,74.95999908447266,74.29000091552734,74.38999938964844,35719600
2023-04-10,62.33169937133789,74.7699966430664,74.80999755859375,74.41000366210938,74.58000183105469,29083900
2023-04-11,62.46508026123047,74.93000030517578,75.0999984741211,74.70999908447266,74.7699966430664,28875100
2023-04-12,62.44840240478515,74.91000366210938,75.37999725341797,74.8499984741211,75.30999755859375,41457600
2023-04-13,62.87356185913086,75.41999816894531,75.62000274658203,75.04000091552734,75.04000091552734,95864000
2023-04-14,62.75686264038086,75.27999877929688,75.55000305175781,75.08000183105469,75.4000015258789,43767600
2023-04-17,62.590118408203125,75.08000183105469,75.16000366210938,74.80999755859375,75.06999969482422,26391100
2023-04-18,62.63179397583008,75.12999725341797,75.36000061035156,74.9800033569336,75.26000213623047,28030700
2023-04-19,62.381717681884766,74.83000183105469,74.98999786376953,74.77999877929688,74.83000183105469,26979400
2023-04-20,62.3233757019043,74.76000213623047,74.87999725341797,74.55000305175781,74.6500015258789,30203900
2023-04-21,62.51510238647461,74.98999786376953,75.02999877929688,74.69000244140625,74.87999725341797,33061800
2023-04-24,62.69015884399414,75.19999694824219,75.26000213623047,74.94999694824219,75.02999877929688,24661600
2023-04-25,62.590118408203125,75.08000183105469,75.30000305175781,75.01000213623047,75.16000366210938,34575300
2023-04-26,62.348358154296875,74.79000091552734,75.11000061035156,74.68000030517578,75.05999755859375,33762700
2023-04-27,62.5567626953125,75.04000091552734,75.25,74.80000305175781,74.93000030517578,39687600
2023-04-28,62.82356643676758,75.36000061035156,75.4800033569336,75.05999755859375,75.05999755859375,33821100
2023-05-01,62.5355224609375,74.69000244140625,75.0,74.52999877929688,74.93000030517578,37748300
2023-05-02,62.4769287109375,74.62000274658203,74.73999786376953,74.37000274658203,74.69000244140625,39045300
2023-05-03,62.44344711303711,74.58000183105469,75.04000091552734,74.55999755859375,74.69999694824219,33178300
2023-05-04,62.259220123291016,74.36000061035156,74.41000366210938,74.08999633789062,74.37999725341797,45207600
2023-05-05,62.59415435791016,74.76000213623047,74.86000061035156,74.4800033569336,74.58000183105469,31591500
2023-05-08,62.41831970214844,74.55000305175781,74.69999694824219,74.37999725341797,74.69999694824219,18367400
2023-05-09,62.259220123291016,74.36000061035156,74.4800033569336,74.2699966430664,74.3499984741211,21732900
2023-05-10,62.63601303100586,74.80999755859375,74.91999816894531,74.52999877929688,74.7699966430664,35392700
2023-05-11,62.5355224609375,74.69000244140625,74.7699966430664,74.61000061035156,74.73999786376953,25265500
2023-05-12,62.30948257446289,74.41999816894531,74.79000091552734,74.27999877929688,74.68000030517578,27553200
2023-05-15,62.29273223876953,74.4000015258789,74.48999786376953,74.30000305175781,74.43000030517578,19764500
2023-05-16,61.85734558105469,73.87999725341797,74.27999877929688,73.80999755859375,74.26000213623047,40998700
2023-05-17,62.0247917175293,74.08000183105469,74.33999633789062,73.93000030517578,73.95999908447266,38534100
2023-05-18,62.05828094482422,74.12000274658203,74.19000244140625,73.80999755859375,73.86000061035156,29129200
2023-05-19,62.125247955322266,74.19999694824219,74.36000061035156,74.06999969482422,74.19000244140625,36044900
2023-05-22,62.40154647827149,74.52999877929688,74.66999816894531,74.22000122070312,74.22000122070312,34897700
2023-05-23,62.07501983642578,74.13999938964844,74.4800033569336,74.06999969482422,74.38999938964844,32415500
2023-05-24,61.63967514038086,73.62000274658203,74.0199966430664,73.47000122070312,73.93000030517578,38083200
2023-05-25,61.597782135009766,73.56999969482422,73.91000366210938,73.55000305175781,73.88999938964844,21457900
2023-05-26,61.97454833984375,74.0199966430664,74.11000061035156,73.62000274658203,73.6500015258789,23547600
2023-05-30,62.24250030517578,74.33999633789062,74.3499984741211,74.08999633789062,74.3499984741211,27482600
2023-05-31,62.0499267578125,74.11000061035156,74.25,73.94999694824219,74.13999938964844,43393600
2023-06-01,62.4225959777832,74.19999694824219,74.30999755859375,73.77999877929688,73.80000305175781,42425700
2023-06-02,62.74228286743164,74.58000183105469,74.7699966430664,74.30000305175781,74.45999908447266,49950900
2023-06-05,62.69179916381836,74.5199966430664,74.55000305175781,74.33999633789062,74.5199966430664,24080200
2023-06-06,62.792747497558594,74.63999938964844,74.66000366210938,74.31999969482422,74.44999694824219,23006600
2023-06-07,62.44781875610352,74.2300033569336,74.79000091552734,74.13999938964844,74.69999694824219,32340900
2023-06-08,62.84324645996094,74.69999694824219,74.73999786376953,74.2300033569336,74.2300033569336,33987800
2023-06-09,62.86005783081055,74.72000122070312,74.86000061035156,74.69000244140625,74.76000213623047,27016700
2023-06-12,62.792747497558594,74.63999938964844,74.80000305175781,74.4800033569336,74.79000091552734,30629500
2023-06-13,62.86848449707031,74.7300033569336,74.94000244140625,74.62000274658203,74.83000183105469,39425900
2023-06-14,62.89372253417969,74.76000213623047,74.98999786376953,74.41000366210938,74.80000305175781,32864600
2023-06-15,63.196556091308594,75.12000274658203,75.1500015258789,74.81999969482422,74.86000061035156,42412300
2023-06-16,63.0367431640625,74.93000030517578,75.11000061035156,74.9000015258789,75.08999633789062,47560800
2023-06-20,62.86848449707031,74.7300033569336,74.93000030517578,74.7300033569336,74.80999755859375,31930500
2023-06-21,62.70864486694336,74.54000091552734,74.69999694824219,74.38999938964844,74.58000183105469,39751900
2023-06-22,62.52355194091797,74.31999969482422,74.4800033569336,74.30000305175781,74.37000274658203,31504700
2023-06-23,62.414188385009766,74.19000244140625,74.26000213623047,74.0,74.20999908447266,33811100
2023-06-26,62.44781875610352,74.2300033569336,74.33000183105469,74.08999633789062,74.19999694824219,36111900
2023-06-27,62.65816879272461,74.4800033569336,74.55000305175781,74.29000091552734,74.30999755859375,31707600
2023-06-28,63.019901275634766,74.91000366210938,74.91000366210938,74.41999816894531,74.47000122070312,35679600
2023-06-29,62.85163879394531,74.70999908447266,74.72000122070312,74.43000030517578,74.63999938964844,41712000
2023-06-30,63.15452575683594,75.06999969482422,75.23999786376953,74.88999938964844,74.95999908447266,35842000
2023-07-03,63.05554962158203,74.55000305175781,74.69000244140625,74.5199966430664,74.68000030517578,13046500
2023-07-05,62.86100769042969,74.31999969482422,74.54000091552734,74.19999694824219,74.5199966430664,37947100
2023-07-06,62.40425491333008,73.77999877929688,73.86000061035156,73.58000183105469,73.77999877929688,52251100
2023-07-07,62.463504791259766,73.8499984741211,74.33000183105469,73.7300033569336,73.76000213623047,42269100
2023-07-10,62.776390075683594,74.22000122070312,74.30000305175781,73.91000366210938,73.91999816894531,45752200
2023-07-11,63.11476516723633,74.62000274658203,74.62000274658203,74.29000091552734,74.41000366210938,32000700
2023-07-12,63.60533142089844,75.19999694824219,75.30999755859375,75.0199966430664,75.08999633789062,42820700
2023-07-13,63.98594665527344,75.6500015258789,75.7300033569336,75.41000366210938,75.5,33954200
2023-07-14,63.520748138427734,75.0999984741211,75.62999725341797,75.05000305175781,75.56999969482422,36081800
2023-07-17,63.63914108276367,75.23999786376953,75.36000061035156,75.0,75.05999755859375,28836600
2023-07-18,63.816768646240234,75.44999694824219,75.55000305175781,75.2699966430664,75.30000305175781,25990800
2023-07-19,63.86751174926758,75.51000213623047,75.6500015258789,75.45999908447266,75.58999633789062,26794800
2023-07-20,63.588409423828125,75.18000030517578,75.30000305175781,74.9800033569336,75.20999908447266,27028500
2023-07-21,63.74911880493164,75.37000274658203,75.48999786376953,75.19999694824219,75.19999694824219,37447800
2023-07-24,63.63914108276367,75.23999786376953,75.54000091552734,75.22000122070312,75.43000030517578,20925500
2023-07-25,63.59685516357422,75.19000244140625,75.2699966430664,75.05999755859375,75.16000366210938,30067600
2023-07-26,63.850589752197266,75.48999786376953,75.55999755859375,75.12000274658203,75.16000366210938,33068400
2023-07-27,63.343116760253906,74.88999938964844,75.69000244140625,74.7300033569336,75.62999725341797,48675800
2023-07-28,63.70684051513672,75.31999969482422,75.37999725341797,75.1500015258789,75.20999908447266,27588400
2023-07-31,63.85907745361328,75.5,75.5999984741211,75.37999725341797,75.41999816894531,30744800
2023-08-01,63.54292297363281,74.7699966430664,74.95999908447266,74.68000030517578,74.95999908447266,34529700
2023-08-02,63.270999908447266,74.44999694824219,74.5199966430664,74.26000213623047,74.44999694824219,37500500
2023-08-03,63.067020416259766,74.20999908447266,74.36000061035156,74.08999633789062,74.20999908447266,30348000
2023-08-04,63.4409294128418,74.6500015258789,74.94000244140625,74.56999969482422,74.6500015258789,37411900
2023-08-07,63.55991744995117,74.79000091552734,74.83000183105469,74.5999984741211,74.79000091552734,19412600
2023-08-08,63.6959114074707,74.94999694824219,75.0,74.66000366210938,74.73999786376953,32545600
2023-08-09,63.70439529418945,74.95999908447266,75.05000305175781,74.80000305175781,74.95999908447266,27569200
2023-08-10,63.6873779296875,74.94000244140625,75.3499984741211,74.73999786376953,75.01000213623047,43697200
2023-08-11,63.59389877319336,74.83000183105469,74.86000061035156,74.58000183105469,74.68000030517578,23329000
2023-08-14,63.5854377746582,74.81999969482422,74.93000030517578,74.56999969482422,74.69999694824219,28545100
2023-08-15,63.381473541259766,74.58000183105469,74.79000091552734,74.55000305175781,74.62000274658203,32968600
2023-08-16,63.185977935791016,74.3499984741211,74.75,74.3499984741211,74.55000305175781,31759400
2023-08-17,62.92254638671875,74.04000091552734,74.41999816894531,73.86000061035156,74.38999938964844,38546600
2023-08-18,62.96501922607422,74.08999633789062,74.31999969482422,73.86000061035156,73.88999938964844,44130500
2023-08-21,62.94804000854492,74.06999969482422,74.13999938964844,73.83999633789062,74.08000183105469,30768700
2023-08-22,62.982032775878906,74.11000061035156,74.26000213623047,74.05000305175781,74.2300033569336,18135400
2023-08-23,63.491939544677734,74.70999908447266,74.81999969482422,74.4000015258789,74.4000015258789,33378000
2023-08-24,63.14350128173828,74.30000305175781,74.72000122070312,74.22000122070312,74.72000122070312,34336100
2023-08-25,63.40694046020508,74.61000061035156,74.69999694824219,74.26000213623047,74.31999969482422,31149300
2023-08-28,63.64490509033203,74.88999938964844,74.93000030517578,74.69000244140625,74.9000015258789,21461600
2023-08-29,64.04435729980469,75.36000061035156,75.36000061035156,74.77999877929688,74.80999755859375,42178200
2023-08-30,64.01885986328125,75.33000183105469,75.4800033569336,75.26000213623047,75.36000061035156,29458200
2023-08-31,63.97634506225586,75.27999877929688,75.37999725341797,75.16000366210938,75.2699966430664,30824500
2023-09-01,64.09674835205078,75.06999969482422,75.23999786376953,74.8499984741211,75.19000244140625,33213100
2023-09-05,63.678375244140625,74.58000183105469,74.95999908447266,74.5199966430664,74.95999908447266,29500600
2023-09-06,63.52466583251953,74.4000015258789,74.55000305175781,74.25,74.51000213623047,30797500
2023-09-07,63.73813247680664,74.6500015258789,74.69000244140625,74.27999877929688,74.27999877929688,28757400
2023-09-08,63.712528228759766,74.62000274658203,74.87999725341797,74.55999755859375,74.80000305175781,26389100
2023-09-11,63.823524475097656,74.75,74.75,74.56999969482422,74.72000122070312,29159400
2023-09-12,63.72104263305664,74.62999725341797,74.76000213623047,74.55999755859375,74.55999755859375,21668500
2023-09-13,63.89181137084961,74.83000183105469,74.91000366210938,74.5999984741211,74.5999984741211,27498900
2023-09-14,63.96866607666016,74.91999816894531,75.0,74.83000183105469,74.91000366210938,29575900
2023-09-15,63.729591369628906,74.63999938964844,74.8499984741211,74.63999938964844,74.69999694824219,41636900
2023-09-18,63.77226257324219,74.69000244140625,74.7699966430664,74.55000305175781,74.55000305175781,19549700
2023-09-19,63.57591247558594,74.45999908447266,74.63999938964844,74.41000366210938,74.52999877929688,33937200
2023-09-20,63.52466583251953,74.4000015258789,74.76000213623047,74.38999938964844,74.62999725341797,26715100
2023-09-21,63.07215881347656,73.87000274658203,74.16000366210938,73.87000274658203,74.0999984741211,43327300
2023-09-22,63.18315505981445,74.0,74.2699966430664,73.98999786376953,74.0199966430664,36657300
2023-09-25,63.097774505615234,73.9000015258789,74.02999877929688,73.7300033569336,73.80999755859375,30197500
2023-09-26,62.82454299926758,73.58000183105469,73.88999938964844,73.52999877929688,73.83999633789062,39193000
2023-09-27,62.73917007446289,73.4800033569336,73.8499984741211,73.3499984741211,73.79000091552734,45532200
2023-09-28,63.03799819946289,73.83000183105469,73.86000061035156,73.30999755859375,73.3499984741211,45776600
2023-09-29,62.94406509399414,73.72000122070312,74.20999908447266,73.70999908447266,74.13999938964844,51698300
2023-10-02,62.56209945678711,72.88999938964844,73.23999786376953,72.80000305175781,73.0999984741211,69255900
2023-10-03,61.92696762084961,72.1500015258789,72.80000305175781,72.12000274658203,72.5999984741211,77754200
2023-10-04,62.24454879760742,72.5199966430664,72.62999725341797,72.12000274658203,72.31999969482422,138971500
2023-10-05,62.30462646484375,72.58999633789062,72.68000030517578,72.4000015258789,72.47000122070312,56138500
2023-10-06,62.39046096801758,72.69000244140625,72.81999969482422,72.0999984741211,72.30000305175781,52741500
2023-10-09,62.85395431518555,73.2300033569336,73.23999786376953,72.69999694824219,72.69999694824219,27277200
2023-10-10,62.83677673339844,73.20999908447266,73.44000244140625,72.94999694824219,73.04000091552734,50761600
2023-10-11,62.828182220458984,73.19999694824219,73.44000244140625,72.87999725341797,73.3499984741211,53330500
2023-10-12,62.49345779418945,72.80999755859375,73.16999816894531,72.58999633789062,73.16999816894531,60368000
2023-10-13,62.44192886352539,72.75,73.23999786376953,72.68000030517578,73.01000213623047,54191200
2023-10-16,62.424774169921875,72.7300033569336,72.91000366210938,72.66999816894531,72.72000122070312,39352900
2023-10-17,62.13297653198242,72.38999938964844,72.61000061035156,72.29000091552734,72.41999816894531,50948700
2023-10-18,61.83256912231445,72.04000091552734,72.45999908447266,71.98999786376953,72.30999755859375,58306500
2023-10-19,61.60939407348633,71.77999877929688,72.4000015258789,71.77999877929688,72.04000091552734,70971900
2023-10-20,61.738155364990234,71.93000030517578,72.08999633789062,71.81999969482422,71.86000061035156,64845500
2023-10-23,61.987060546875,72.22000122070312,72.41999816894531,71.68000030517578,71.7699966430664,47508700
2023-10-24,62.30462646484375,72.58999633789062,72.62000274658203,72.33000183105469,72.41000366210938,46427900
2023-10-25,61.96989822387695,72.19999694824219,72.47000122070312,72.12000274658203,72.41000366210938,42518300
2023-10-26,62.1844596862793,72.44999694824219,72.58000183105469,72.0999984741211,72.20999908447266,45233400
2023-10-27,62.107215881347656,72.36000061035156,72.61000061035156,72.2300033569336,72.5199966430664,35621800
2023-10-30,62.124385833740234,72.37999725341797,72.5,72.2699966430664,72.3499984741211,29094000
2023-10-31,62.28746795654297,72.56999969482422,72.80000305175781,72.37999725341797,72.41000366210938,42185900
2023-11-01,62.88114929199219,72.87000274658203,72.87000274658203,72.27999877929688,72.27999877929688,59313100
2023-11-02,63.588748931884766,73.69000244140625,73.79000091552734,73.31999969482422,73.33000183105469,68930600
2023-11-03,64.2100601196289,74.41000366210938,74.45999908447266,74.0,74.1500015258789,88763600
2023-11-06,63.951175689697266,74.11000061035156,74.38999938964844,74.04000091552734,74.23999786376953,93899100
2023-11-07,63.95980453491211,74.12000274658203,74.20999908447266,73.9000015258789,74.05999755859375,50458200
2023-11-08,63.99433898925781,74.16000366210938,74.2300033569336,74.05999755859375,74.0999984741211,41143500
2023-11-09,63.59739303588867,73.69999694824219,74.19000244140625,73.68000030517578,74.05000305175781,62856100
2023-11-10,63.90803527832031,74.05999755859375,74.0999984741211,73.87000274658203,73.91000366210938,35563300
2023-11-13,63.847633361816406,73.98999786376953,74.05999755859375,73.79000091552734,73.79000091552734,37530100
2023-11-14,64.49483489990234,74.73999786376953,74.93000030517578,74.62000274658203,74.62000274658203,68210800
2023-11-15,64.2877197265625,74.5,74.70999908447266,74.43000030517578,74.61000061035156,44022800
2023-11-16,64.3740005493164,74.5999984741211,74.66999816894531,74.44999694824219,74.52999877929688,52928200
2023-11-17,64.52070617675781,74.7699966430664,74.7699966430664,74.4800033569336,74.61000061035156,44272100
2023-11-20,64.5897445678711,74.8499984741211,74.94999694824219,74.6500015258789,74.6500015258789,30846200
2023-11-21,64.676025390625,74.94999694824219,74.97000122070312,74.80000305175781,74.80000305175781,29493900
2023-11-22,64.7882080078125,75.08000183105469,75.16000366210938,74.87999725341797,75.05000305175781,40866800
2023-11-24,64.71916961669922,75.0,75.02999877929688,74.94999694824219,75.0199966430664,8536200
2023-11-27,64.8141098022461,75.11000061035156,75.19999694824219,74.93000030517578,75.0,31007400
2023-11-28,65.0988540649414,75.44000244140625,75.47000122070312,75.05000305175781,75.0999984741211,44031100
2023-11-29,65.45266723632812,75.8499984741211,76.04000091552734,75.70999908447266,75.73999786376953,48815500
2023-11-30,65.33184814453125,75.70999908447266,75.86000061035156,75.4800033569336,75.81999969482422,55047100
2023-12-01,65.8727798461914,75.98999786376953,76.01000213623047,75.19999694824219,75.29000091552734,60321100
2023-12-04,65.70806121826172,75.80000305175781,75.8499984741211,75.55000305175781,75.55000305175781,33105700
2023-12-05,65.76875305175781,75.87000274658203,75.95999908447266,75.66999816894531,75.66999816894531,32466500
2023-12-06,65.77743530273438,75.87999725341797,76.02999877929688,75.83000183105469,75.95999908447266,21297200
2023-12-07,65.8901138305664,76.01000213623047,76.13999938964844,75.91999816894531,75.98999786376953,27779300
2023-12-08,65.76010131835938,75.86000061035156,75.91000366210938,75.66999816894531,75.80999755859375,30123200
2023-12-11,65.71673583984375,75.80999755859375,75.81999969482422,75.56999969482422,75.80000305175781,30141700
2023-12-12,65.8641128540039,75.9800033569336,76.01000213623047,75.5999984741211,75.7699966430664,29203400
2023-12-13,66.86967468261719,77.13999938964844,77.1500015258789,76.05999755859375,76.0999984741211,64201300
2023-12-14,67.16498565673828,77.0999984741211,77.37999725341797,76.94999694824219,77.12999725341797,67220400
2023-12-15,67.01688385009766,76.93000030517578,77.3499984741211,76.75,77.02999877929688,36336400
2023-12-18,67.06046295166016,76.9800033569336,77.08000183105469,76.7300033569336,77.08000183105469,34793600
2023-12-19,67.25209045410156,77.19999694824219,77.29000091552734,77.04000091552734,77.06999969482422,25269400
2023-12-20,67.26080322265625,77.20999908447266,77.54000091552734,77.16999816894531,77.29000091552734,38376400
2023-12-21,67.56571197509766,77.55999755859375,77.62999725341797,77.31999969482422,77.51000213623047,22861400
2023-12-22,67.48731231689453,77.47000122070312,77.75,77.41999816894531,77.69000244140625,18048400
2023-12-26,67.61795806884766,77.62000274658203,77.62999725341797,77.4800033569336,77.5,12374700
2023-12-27,67.8967514038086,77.94000244140625,78.08000183105469,77.61000061035156,77.66999816894531,22835300
2023-12-28,67.678955078125,77.69000244140625,77.91000366210938,77.54000091552734,77.9000015258789,22648100
2023-12-29,67.41763305664062,77.38999938964844,77.86000061035156,77.38999938964844,77.66999816894531,36993900
2024-01-02,67.19111633300781,77.12999725341797,77.23999786376953,77.04000091552734,77.12999725341797,41547100
2024-01-03,67.00817108154297,76.91999816894531,77.08000183105469,76.55000305175781,76.72000122070312,39495500
2024-01-04,66.74684143066406,76.62000274658203,76.9000015258789,76.5999984741211,76.80999755859375,32856100
2024-01-05,66.79911041259766,76.68000030517578,77.0,76.55000305175781,76.5999984741211,31158500
2024-01-08,67.17369842529297,77.11000061035156,77.16999816894531,76.69999694824219,76.69999694824219,33479100
2024-01-09,67.27825164794922,77.2300033569336,77.31999969482422,76.95999908447266,77.01000213623047,25593500
2024-01-10,67.40020751953125,77.37000274658203,77.48999786376953,77.27999877929688,77.41000366210938,35702800
2024-01-11,67.61795806884766,77.62000274658203,77.62999725341797,77.16999816894531,77.3499984741211,35947100
2024-01-12,67.68766021728516,77.69999694824219,77.91999816894531,77.62999725341797,77.68000030517578,31155500
2024-01-16,67.26080322265625,77.20999908447266,77.55000305175781,77.12999725341797,77.55000305175781,43669900
2024-01-17,66.97334289550781,76.87999725341797,77.08000183105469,76.7300033569336,77.08000183105469,54160800
2024-01-18,67.11270904541016,77.04000091552734,77.05000305175781,76.8499984741211,76.98999786376953,34837600
2024-01-19,67.22596740722656,77.16999816894531,77.16999816894531,76.77999877929688,77.06999969482422,44359700
2024-01-22,67.27825164794922,77.2300033569336,77.43000030517578,77.18000030517578,77.18000030517578,36758900
2024-01-23,67.19982147216797,77.13999938964844,77.25,77.02999877929688,77.19000244140625,24561500
2024-01-24,67.16498565673828,77.0999984741211,77.43000030517578,77.02999877929688,77.4000015258789,27623300
2024-01-25,67.678955078125,77.69000244140625,77.69000244140625,77.30000305175781,77.37000274658203,48268800
2024-01-26,67.6266860961914,77.62999725341797,77.7699966430664,77.58999633789062,77.6500015258789,26232800
2024-01-29,67.77478790283203,77.80000305175781,77.83000183105469,77.56999969482422,77.66000366210938,25924900
2024-01-30,67.68766021728516,77.69999694824219,77.83000183105469,77.52999877929688,77.80000305175781,32486600
2024-01-31,67.49604034423828,77.4800033569336,77.9000015258789,77.43000030517578,77.69999694824219,55548900
2024-02-01,67.88473510742188,77.54000091552734,77.61000061035156,77.11000061035156,77.33000183105469,48019300
2024-02-02,67.57831573486328,77.19000244140625,77.29000091552734,77.04000091552734,77.05000305175781,42727400
2024-02-05,67.26313781738281,76.83000183105469,77.01000213623047,76.66000366210938,76.94999694824219,51908600
2024-02-06,67.5082778930664,77.11000061035156,77.22000122070312,76.87000274658203,76.87000274658203,32948200
2024-02-07,67.62208557128906,77.23999786376953,77.30000305175781,77.0199966430664,77.2699966430664,42954100
2024-02-08,67.58705139160156,77.19999694824219,77.30000305175781,77.12000274658203,77.18000030517578,25548400
2024-02-09,67.72713470458984,77.36000061035156,77.41000366210938,77.13999938964844,77.25,33951400
2024-02-12,67.57831573486328,77.19000244140625,77.45999908447266,77.16999816894531,77.33000183105469,36249100
2024-02-13,67.03551483154297,76.56999969482422,76.80000305175781,76.44000244140625,76.66999816894531,69904200
2024-02-14,67.29817199707031,76.87000274658203,76.98999786376953,76.7300033569336,76.79000091552734,38603100
2024-02-15,67.53453826904297,77.13999938964844,77.2300033569336,76.94000244140625,77.0,44319900
2024-02-16,67.33317565917969,76.91000366210938,77.01000213623047,76.81999969482422,76.93000030517578,50322900
2024-02-20,67.47325134277344,77.06999969482422,77.12999725341797,76.81999969482422,76.88999938964844,31994100
2024-02-21,67.3506851196289,76.93000030517578,77.12000274658203,76.81999969482422,77.05999755859375,38674100
2024-02-22,67.67460632324219,77.30000305175781,77.30999755859375,77.0999984741211,77.1500015258789,45450200
2024-02-23,67.7183837890625,77.3499984741211,77.45999908447266,77.29000091552734,77.37000274658203,24686900
2024-02-26,67.49951934814453,77.0999984741211,77.3499984741211,77.08000183105469,77.31999969482422,32795300
2024-02-27,67.58705139160156,77.19999694824219,77.19999694824219,77.05000305175781,77.1500015258789,30926600
2024-02-28,67.57831573486328,77.19000244140625,77.27999877929688,77.0999984741211,77.1500015258789,24667600
2024-02-29,67.70088958740234,77.33000183105469,77.47000122070312,77.23999786376953,77.30000305175781,43322400
2024-03-01,67.95443725585938,77.18000030517578,77.20999908447266,76.77999877929688,76.93000030517578,39342900
2024-03-04,67.93684387207031,77.16000366210938,77.2300033569336,77.02999877929688,77.12000274658203,21607300
2024-03-05,67.8840103149414,77.0999984741211,77.3499984741211,77.05999755859375,77.16000366210938,38076900
2024-03-06,68.05131530761719,77.29000091552734,77.41000366210938,77.18000030517578,77.30000305175781,34335200
2024-03-07,68.13053131103516,77.37999725341797,77.51000213623047,77.31999969482422,77.48999786376953,30393000
2024-03-08,68.14816284179688,77.4000015258789,77.7300033569336,77.38999938964844,77.48999786376953,38317900
2024-03-11,68.13934326171875,77.38999938964844,77.43000030517578,77.30000305175781,77.33999633789062,27177600
2024-03-12,68.20100402832031,77.45999908447266,77.51000213623047,77.26000213623047,77.51000213623047,33351700
2024-03-13,68.22740173339844,77.48999786376953,77.68000030517578,77.4000015258789,77.4000015258789,28482200
2024-03-14,67.9016342163086,77.12000274658203,77.51000213623047,77.02999877929688,77.47000122070312,46677200
2024-03-15,67.85759735107422,77.06999969482422,77.23999786376953,76.95999908447266,77.08000183105469,53985300
2024-03-18,68.01607513427734,77.25,77.31999969482422,77.18000030517578,77.2699966430664,34649300
2024-03-19,68.2890396118164,77.55999755859375,77.58000183105469,77.22000122070312,77.2300033569336,41841500
2024-03-20,68.51795196533203,77.81999969482422,77.8499984741211,77.47000122070312,77.54000091552734,36886700
2024-03-21,68.48272705078125,77.77999877929688,77.95999908447266,77.68000030517578,77.94999694824219,34693300
2024-03-22,68.41232299804688,77.69999694824219,77.88999938964844,77.66000366210938,77.80999755859375,26955700
2024-03-25,68.30663299560547,77.58000183105469,77.66999816894531,77.54000091552734,77.55999755859375,29373100
2024-03-26,68.22740173339844,77.48999786376953,77.68000030517578,77.47000122070312,77.66999816894531,28522200
2024-03-27,68.58841705322266,77.9000015258789,77.9000015258789,77.5999984741211,77.68000030517578,28891100
2024-03-28,68.438720703125,77.7300033569336,77.91999816894531,77.72000122070312,77.80000305175781,31546700
2024-04-01,68.15995025634766,77.0199966430664,77.3499984741211,76.98999786376953,77.3499984741211,47857400
2024-04-02,68.04489135742188,76.88999938964844,76.91000366210938,76.72000122070312,76.76000213623047,45551200
2024-04-03,68.0979995727539,76.94999694824219,76.98999786376953,76.70999908447266,76.77999877929688,29542300
2024-04-04,68.04489135742188,76.88999938964844,77.22000122070312,76.77999877929688,77.11000061035156,36056400
2024-04-05,67.98296356201172,76.81999969482422,76.93000030517578,76.79000091552734,76.83000183105469,30857300
2024-04-08,68.14224243164062,77.0,77.04000091552734,76.77999877929688,76.83000183105469,31067800
2024-04-09,68.28384399414062,77.16000366210938,77.2300033569336,77.0199966430664,77.12000274658203,32219100
2024-04-10,67.68209075927734,76.4800033569336,76.76000213623047,76.30000305175781,76.6500015258789,76623900
2024-04-11,67.62012481689453,76.41000366210938,76.55999755859375,76.20999908447266,76.51000213623047,50836000
2024-04-12,67.58473205566406,76.37000274658203,76.41999816894531,76.25,76.37999725341797,41441700
2024-04-15,67.19534301757812,75.93000030517578,76.44999694824219,75.83999633789062,76.44999694824219,55560400
2024-04-16,66.9740982055664,75.68000030517578,75.91000366210938,75.58999633789062,75.91000366210938,55746100
2024-04-17,67.06259155273438,75.77999877929688,76.04000091552734,75.70999908447266,75.88999938964844,48158800
2024-04-18,67.11569213867188,75.83999633789062,75.88999938964844,75.63999938964844,75.77999877929688,40291400
2024-04-19,67.23958587646484,75.9800033569336,76.08000183105469,75.9000015258789,75.91000366210938,54739500
2024-04-22,67.61127471923828,76.4000015258789,76.43000030517578,76.11000061035156,76.13999938964844,40772500
2024-04-23,67.8855972290039,76.70999908447266,76.76000213623047,76.37999725341797,76.47000122070312,43554400
2024-04-24,67.73517608642578,76.54000091552734,76.69999694824219,76.37000274658203,76.66999816894531,40496500
2024-04-25,67.59358215332031,76.37999725341797,76.4000015258789,75.91000366210938,76.08000183105469,46371600
2024-04-26,67.80596160888672,76.62000274658203,76.66000366210938,76.37000274658203,76.37000274658203,34500800
2024-04-29,68.0094985961914,76.8499984741211,76.8499984741211,76.66999816894531,76.72000122070312,33157800
2024-04-30,67.513916015625,76.29000091552734,76.76000213623047,76.29000091552734,76.5999984741211,49937500
2024-05-01,67.8697509765625,76.29000091552734,76.62999725341797,75.93000030517578,75.94999694824219,71484700
2024-05-02,68.28790283203125,76.76000213623047,76.77999877929688,76.33000183105469,76.4800033569336,41497900
2024-05-03,68.57257843017578,77.08000183105469,77.38999938964844,76.94000244140625,77.1500015258789,44204400
2024-05-06,68.65264129638672,77.16999816894531,77.2300033569336,77.12000274658203,77.16999816894531,29547100
2024-05-07,68.66152954101562,77.18000030517578,77.27999877929688,77.02999877929688,77.26000213623047,34064000
2024-05-08,68.50141143798828,77.0,77.05999755859375,76.94999694824219,76.98999786376953,22959500
2024-05-09,68.51921081542969,77.0199966430664,77.05999755859375,76.86000061035156,76.95999908447266,24590900
2024-05-10,68.41246795654297,76.9000015258789,77.02999877929688,76.80999755859375,77.01000213623047,24633800
2024-05-13,68.39466094970703,76.87999725341797,77.05999755859375,76.8499984741211,77.05999755859375,22109800
2024-05-14,68.50141143798828,77.0,77.02999877929688,76.9000015258789,76.91999816894531,27298700
2024-05-15,68.90174102783203,77.44999694824219,77.45999908447266,77.19000244140625,77.25,56544400
2024-05-16,68.74160766601562,77.2699966430664,77.45999908447266,77.26000213623047,77.45999908447266,31749800
2024-05-17,68.75050354003906,77.27999877929688,77.30999755859375,77.16000366210938,77.22000122070312,31550300
2024-05-20,68.78607177734375,77.31999969482422,77.31999969482422,77.19999694824219,77.2300033569336,18665000
2024-05-21,68.73269653320312,77.26000213623047,77.4000015258789,77.25,77.2699966430664,20295900
2024-05-22,68.58147430419922,77.08999633789062,77.19000244140625,77.0199966430664,77.1500015258789,31110700
2024-05-23,68.34126281738281,76.81999969482422,77.22000122070312,76.79000091552734,77.16999816894531,36464700
2024-05-24,68.58147430419922,77.08999633789062,77.11000061035156,76.83999633789062,76.94000244140625,20488500
2024-05-28,68.30569458007812,76.77999877929688,77.19000244140625,76.76000213623047,77.16999816894531,27771700
2024-05-29,68.10108947753906,76.55000305175781,76.6500015258789,76.5199966430664,76.54000091552734,38800000
2024-05-30,68.37686920166016,76.86000061035156,76.87999725341797,76.62999725341797,76.62999725341797,44210200
2024-05-31,68.61705017089844,77.12999725341797,77.1500015258789,76.91999816894531,76.91999816894531,45381900
2024-06-03,68.82978820800781,77.01000213623047,77.01000213623047,76.83999633789062,76.87000274658203,36791300
2024-06-04,68.7940444946289,76.97000122070312,77.0999984741211,76.91000366210938,76.91999816894531,39230600
2024-06-05,69.0174789428711,77.22000122070312,77.22000122070312,76.95999908447266,77.12000274658203,29793700
2024-06-06,68.90127563476562,77.08999633789062,77.18000030517578,77.04000091552734,77.18000030517578,24398300
2024-06-07,68.7225112915039,76.88999938964844,76.94000244140625,76.75,76.79000091552734,32498800
2024-06-10,68.78510284423828,76.95999908447266,76.97000122070312,76.76000213623047,76.80999755859375,24875700
2024-06-11,68.87446594238281,77.05999755859375,77.06999969482422,76.8499984741211,76.91999816894531,25339600
2024-06-12,69.15155029296875,77.37000274658203,77.63999938964844,77.3499984741211,77.58999633789062,51775700
2024-06-13,69.1426010131836,77.36000061035156,77.55000305175781,77.26000213623047,77.55000305175781,38532000
2024-06-14,68.87446594238281,77.05999755859375,77.18000030517578,76.94999694824219,77.11000061035156,52953300
2024-06-17,68.91915893554688,77.11000061035156,77.19000244140625,76.83999633789062,76.94000244140625,33165000
2024-06-18,69.13367462158203,77.3499984741211,77.41000366210938,77.18000030517578,77.19999694824219,46845500
2024-06-20,69.08898162841797,77.30000305175781,77.33999633789062,77.13999938964844,77.31999969482422,26989000
2024-06-21,69.16940307617188,77.38999938964844,77.41000366210938,77.20999908447266,77.29000091552734,26857600
2024-06-24,69.0979232788086,77.30999755859375,77.51000213623047,77.30999755859375,77.36000061035156,28766200
2024-06-25,69.18729400634766,77.41000366210938,77.41999816894531,77.27999877929688,77.36000061035156,26111600
2024-06-26,69.03534698486328,77.23999786376953,77.2699966430664,77.16999816894531,77.26000213623047,29282000
2024-06-27,69.11579895019531,77.33000183105469,77.33000183105469,77.18000030517578,77.19999694824219,29404500
2024-06-28,68.94596862792969,77.13999938964844,77.5199966430664,77.13999938964844,77.37999725341797,34952000
2024-07-01,68.93250274658203,76.72000122070312,76.91999816894531,76.69000244140625,76.87000274658203,31113100
2024-07-02,69.12118530273438,76.93000030517578,76.94999694824219,76.69000244140625,76.7300033569336,30418400
2024-07-03,69.36375427246094,77.19999694824219,77.19999694824219,76.91999816894531,76.91999816894531,22067300
2024-07-05,69.57044982910156,77.43000030517578,77.44999694824219,77.23999786376953,77.27999877929688,25941500
2024-07-08,69.5524673461914,77.41000366210938,77.4800033569336,77.30999755859375,77.41000366210938,26962000
2024-07-09,69.47158813476562,77.31999969482422,77.41000366210938,77.2300033569336,77.41000366210938,19108500
2024-07-10,69.63333129882812,77.5,77.5199966430664,77.37000274658203,77.41000366210938,25361900
2024-07-11,69.88490295410156,77.77999877929688,77.83999633789062,77.70999908447266,77.76000213623047,44932500
2024-07-12,70.0645980834961,77.9800033569336,78.0199966430664,77.79000091552734,77.79000091552734,31688100
2024-07-15,70.07359313964844,77.98999786376953,78.06999969482422,77.9000015258789,78.04000091552734,23235600
2024-07-16,70.34312438964844,78.29000091552734,78.33000183105469,78.0,78.06999969482422,41375400
2024-07-17,70.26226806640625,78.19999694824219,78.25,78.02999877929688,78.05999755859375,32750400
2024-07-18,70.1185073852539,78.04000091552734,78.2699966430664,77.97000122070312,78.23999786376953,42513000
2024-07-19,70.0645980834961,77.9800033569336,78.12999725341797,77.87999725341797,78.12000274658203,36125700
2024-07-22,70.32515716552734,78.2699966430664,78.27999877929688,78.11000061035156,78.16999816894531,32378800
2024-07-23,70.33413696289062,78.27999877929688,78.41999816894531,78.2300033569336,78.26000213623047,28826900
2024-07-24,70.10953521728516,78.02999877929688,78.30999755859375,78.01000213623047,78.19999694824219,37612800
2024-07-25,70.1185073852539,78.04000091552734,78.33000183105469,78.04000091552734,78.08000183105469,35409000
2024-07-26,70.34312438964844,78.29000091552734,78.37000274658203,78.20999908447266,78.37000274658203,23683700
2024-07-29,70.28021240234375,78.22000122070312,78.44000244140625,78.13999938964844,78.4000015258789,28468400
2024-07-30,70.3161849975586,78.26000213623047,78.3499984741211,78.12000274658203,78.33000183105469,33652100
2024-07-31,70.5677490234375,78.54000091552734,78.5999984741211,78.36000061035156,78.47000122070312,50714800
2024-08-01,70.41331481933594,77.95999908447266,78.30000305175781,77.94000244140625,78.19000244140625,51319800
2024-08-02,70.17847442626953,77.69999694824219,77.97000122070312,77.61000061035156,77.80999755859375,71578700
2024-08-05,69.74494934082031,77.22000122070312,77.37999725341797,76.58000183105469,76.63999938964844,104456100
2024-08-06,70.00687408447266,77.51000213623047,77.80999755859375,77.16999816894531,77.4800033569336,60113400
2024-08-07,70.14234924316406,77.66000366210938,78.01000213623047,77.61000061035156,77.9800033569336,56107800
2024-08-08,70.43136596679688,77.9800033569336,78.0199966430664,77.79000091552734,77.9000015258789,31528100
2024-08-09,70.42234802246094,77.97000122070312,78.08999633789062,77.83000183105469,78.0199966430664,29759900
2024-08-12,70.46751403808594,78.0199966430664,78.04000091552734,77.87000274658203,78.04000091552734,33878400
2024-08-13,70.79267120361328,78.37999725341797,78.38999938964844,78.08999633789062,78.11000061035156,37310200
2024-08-14,70.91910552978516,78.5199966430664,78.55000305175781,78.30000305175781,78.36000061035156,36086900
2024-08-15,70.9823226928711,78.58999633789062,78.62000274658203,78.44999694824219,78.55999755859375,39411300
2024-08-16,71.20812225341797,78.83999633789062,78.87999725341797,78.54000091552734,78.55000305175781,33682600
2024-08-19,71.32554626464844,78.97000122070312,79.0,78.75,78.80999755859375,29604300
2024-08-20,71.26234436035156,78.9000015258789,79.02999877929688,78.7699966430664,79.01000213623047,33189300
2024-08-21,71.42489624023438,79.08000183105469,79.11000061035156,78.91000366210938,78.9800033569336,34266700
2024-08-22,71.3345718383789,78.9800033569336,79.08999633789062,78.88999938964844,79.08000183105469,29292100
2024-08-23,71.71392059326172,79.4000015258789,79.4000015258789,79.08000183105469,79.18000030517578,32590900
2024-08-26,71.56939697265625,79.23999786376953,79.43000030517578,79.2300033569336,79.38999938964844,20460100
2024-08-27,71.61455535888672,79.29000091552734,79.37000274658203,79.11000061035156,79.1500015258789,22784300
2024-08-28,71.57843017578125,79.25,79.31999969482422,79.18000030517578,79.30999755859375,22351600
2024-08-29,71.65068817138672,79.33000183105469,79.36000061035156,79.2300033569336,79.33000183105469,18353000
2024-08-30,71.65972137451172,79.33999633789062,79.41999816894531,79.23999786376953,79.41999816894531,27633300
2024-09-03,71.40562438964844,78.68000030517578,78.95999908447266,78.6500015258789,78.87999725341797,31596800
2024-09-04,71.6688003540039,78.97000122070312,79.05000305175781,78.66000366210938,78.66000366210938,32371800
2024-09-05,71.91383361816406,79.23999786376953,79.27999877929688,79.05000305175781,79.11000061035156,44675300
2024-09-06,71.82308197021484,79.13999938964844,79.37999725341797,78.98999786376953,79.2699966430664,49888900
2024-09-09,71.99551391601562,79.33000183105469,79.37999725341797,79.16000366210938,79.2699966430664,24823800
2024-09-10,71.859375,79.18000030517578,79.37000274658203,79.0999984741211,79.33999633789062,38347600
2024-09-11,71.96830749511719,79.30000305175781,79.30999755859375,78.97000122070312,79.08999633789062,42342700
2024-09-12,72.068115234375,79.41000366210938,79.48999786376953,79.20999908447266,79.25,28515000
2024-09-13,72.26777648925781,79.62999725341797,79.68000030517578,79.5,79.5199966430664,31806800
2024-09-16,72.44928741455078,79.83000183105469,79.9000015258789,79.63999938964844,79.66000366210938,31402400
2024-09-17,72.46743774414062,79.8499984741211,79.94000244140625,79.80000305175781,79.9000015258789,27423900
2024-09-18,72.53097534179688,79.91999816894531,80.27999877929688,79.79000091552734,79.87999725341797,39546900
2024-09-19,72.748779296875,80.16000366210938,80.33000183105469,80.08999633789062,80.29000091552734,48785900
2024-09-20,72.83953094482422,80.26000213623047,80.26000213623047,80.0,80.16000366210938,43626300
2024-09-23,72.7033920288086,80.11000061035156,80.20999908447266,80.08000183105469,80.19000244140625,29049400
2024-09-24,72.71247863769531,80.12000274658203,80.18000030517578,80.0,80.12000274658203,28674500
2024-09-25,72.63079071044922,80.02999877929688,80.11000061035156,80.0199966430664,80.08000183105469,28899100
2024-09-26,72.748779296875,80.16000366210938,80.19000244140625,80.0199966430664,80.19000244140625,32732300
2024-09-27,72.9302749633789,80.36000061035156,80.37000274658203,80.19999694824219,80.22000122070312,36712700
2024-09-30,72.87583923339844,80.30000305175781,80.37000274658203,80.19000244140625,80.33000183105469,31551500
2024-10-01,72.83934783935547,79.87000274658203,80.0,79.80000305175781,79.98999786376953,45992200
2024-10-02,72.84846496582031,79.87999725341797,79.87999725341797,79.69000244140625,79.77999877929688,41214300
2024-10-03,72.67520141601562,79.69000244140625,79.80999755859375,79.62999725341797,79.77999877929688,31147700
2024-10-04,72.5931167602539,79.5999984741211,79.70999908447266,79.54000091552734,79.68000030517578,40122800
2024-10-07,72.28305053710938,79.26000213623047,79.54000091552734,79.25,79.54000091552734,69202500
2024-10-08,72.4563217163086,79.44999694824219,79.45999908447266,79.30000305175781,79.37000274658203,40947200
2024-10-09,72.41072845458984,79.4000015258789,79.4800033569336,79.33999633789062,79.44000244140625,42426500
2024-10-10,72.37425231933594,79.36000061035156,79.41000366210938,79.25,79.4000015258789,30091700
2024-10-11,72.56576538085938,79.56999969482422,79.58999633789062,79.33999633789062,79.33999633789062,26970800
2024-10-14,72.60222625732422,79.61000061035156,79.62999725341797,79.4000015258789,79.62000274658203,12065800
2024-10-15,72.58399963378906,79.58999633789062,79.72000122070312,79.58000183105469,79.5999984741211,31134400
2024-10-16,72.71167755126953,79.7300033569336,79.80999755859375,79.66000366210938,79.69999694824219,31626300
2024-10-17,72.60222625732422,79.61000061035156,79.80000305175781,79.4800033569336,79.7699966430664,46599300
2024-10-18,72.77552795410156,79.80000305175781,79.80000305175781,79.6500015258789,79.69999694824219,28905600
2024-10-21,72.48371124267578,79.4800033569336,79.70999908447266,79.4000015258789,79.66000366210938,36341500
2024-10-22,72.38337707519531,79.37000274658203,79.45999908447266,79.27999877929688,79.43000030517578,35466600
2024-10-23,72.16449737548828,79.12999725341797,79.30000305175781,79.06999969482422,79.26000213623047,39761500
2024-10-24,72.37425231933594,79.36000061035156,79.41999816894531,79.22000122070312,79.30000305175781,30163900
2024-10-25,72.3012924194336,79.27999877929688,79.55000305175781,79.25,79.45999908447266,35590200
2024-10-28,72.48371124267578,79.4800033569336,79.5199966430664,79.37999725341797,79.41999816894531,31854500
2024-10-29,72.5019302368164,79.5,79.5199966430664,79.2300033569336,79.25,42992200
2024-10-30,72.37425231933594,79.36000061035156,79.6500015258789,79.33000183105469,79.48999786376953,28728700
2024-10-31,72.1736068725586,79.13999938964844,79.37999725341797,79.13999938964844,79.37999725341797,43194600
2024-11-01,72.1781997680664,78.75,79.08000183105469,78.7300033569336,79.02999877929688,44045700
2024-11-04,72.37984466552734,78.97000122070312,79.0999984741211,78.88999938964844,79.05000305175781,27291200
2024-11-05,72.58147430419922,79.19000244140625,79.19999694824219,78.94000244140625,78.94000244140625,31611900
2024-11-06,72.70980072021484,79.33000183105469,79.36000061035156,79.08000183105469,79.22000122070312,43173100
2024-11-07,73.02142333984375,79.66999816894531,79.69999694824219,79.25,79.30000305175781,51325800
2024-11-08,73.1406021118164,79.80000305175781,79.83000183105469,79.66999816894531,79.77999877929688,30543400
2024-11-11,73.0580825805664,79.70999908447266,79.81999969482422,79.70999908447266,79.79000091552734,11008700
2024-11-12,72.76480102539062,79.38999938964844,79.69999694824219,79.33000183105469,79.61000061035156,44594900
2024-11-13,72.78311920166016,79.41000366210938,79.5999984741211,79.37999725341797,79.58999633789062,33873600
2024-11-14,72.6272964477539,79.23999786376953,79.52999877929688,79.23999786376953,79.45999908447266,32749300
2024-11-15,72.6181411743164,79.2300033569336,79.27999877929688,79.05000305175781,79.19000244140625,33709500
2024-11-18,72.75562286376953,79.37999725341797,79.38999938964844,79.19000244140625,79.2699966430664,27780900
2024-11-19,72.86560821533203,79.5,79.56999969482422,79.30000305175781,79.31999969482422,34523200
2024-11-20,72.84728240966797,79.4800033569336,79.5,79.38999938964844,79.48999786376953,19934000
2024-11-21,72.874755859375,79.51000213623047,79.63999938964844,79.47000122070312,79.54000091552734,28040000
2024-11-22,72.8564453125,79.48999786376953,79.58999633789062,79.44999694824219,79.5,29564900
2024-11-25,73.13140869140625,79.79000091552734,79.8499984741211,79.72000122070312,79.72000122070312,35003000
2024-11-26,72.99394226074219,79.63999938964844,79.80000305175781,79.58000183105469,79.80000305175781,41103500
2024-11-27,73.21389770507812,79.87999725341797,79.87999725341797,79.69000244140625,79.70999908447266,30239600
2024-11-29,73.36054229736328,80.04000091552734,80.06999969482422,79.88999938964844,80.01000213623047,25037800
2024-12-02,73.33384704589844,79.6500015258789,79.93000030517578,79.52999877929688,79.93000030517578,32387400
2024-12-03,73.33384704589844,79.6500015258789,79.73999786376953,79.61000061035156,79.72000122070312,24868500
2024-12-04,73.50878143310547,79.83999633789062,79.83999633789062,79.63999938964844,79.70999908447266,22733500
2024-12-05,73.4443359375,79.7699966430664,79.81999969482422,79.70999908447266,79.79000091552734,23106300
2024-12-06,73.56402587890625,79.9000015258789,80.0,79.8499984741211,79.88999938964844,29931300
2024-12-09,73.47197723388672,79.80000305175781,79.94000244140625,79.77999877929688,79.9000015258789,22095100
2024-12-10,73.50878143310547,79.83999633789062,79.94000244140625,79.73999786376953,79.94000244140625,27195200
2024-12-11,73.52718353271484,79.86000061035156,79.94999694824219,79.83000183105469,79.94000244140625,24730000
2024-12-12,73.32464599609375,79.63999938964844,79.98999786376953,79.62999725341797,79.80999755859375,29081600
2024-12-13,73.11286926269531,79.41000366210938,79.70999908447266,79.37999725341797,79.70999908447266,34201100
2024-12-16,73.25099182128906,79.55999755859375,79.62000274658203,79.4800033569336,79.55000305175781,22269000
2024-12-17,73.09446716308594,79.38999938964844,79.5,79.38999938964844,79.41000366210938,29039500
2024-12-18,72.34390258789062,78.16999816894531,79.13999938964844,78.1500015258789,79.13999938964844,80034500
2024-12-19,72.2698745727539,78.08999633789062,78.51000213623047,78.08999633789062,78.44999694824219,69005700
2024-12-20,72.72335052490234,78.58000183105469,78.66999816894531,78.0,78.0,63276200
2024-12-23,72.52900695800781,78.37000274658203,78.69000244140625,78.37000274658203,78.6500015258789,29239400
2024-12-24,72.7603759765625,78.62000274658203,78.63999938964844,78.3499984741211,78.4000015258789,11926100
2024-12-26,72.94546508789062,78.81999969482422,78.81999969482422,78.47000122070312,78.51000213623047,18384900
2024-12-27,72.69559478759766,78.55000305175781,78.76000213623047,78.52999877929688,78.73999786376953,20631800
2024-12-30,72.7973861694336,78.66000366210938,78.73999786376953,78.5,78.58000183105469,20659200
2024-12-31,72.78813171386719,78.6500015258789,78.83999633789062,78.55000305175781,78.77999877929688,18664900
2025-01-02,72.96397399902344,78.83999633789062,78.94999694824219,78.72000122070312,78.87999725341797,30415400
2025-01-03,73.07501983642578,78.95999908447266,79.02999877929688,78.93000030517578,78.98999786376953,32611000
2025-01-06,73.20460510253906,79.0999984741211,79.19000244140625,79.0199966430664,79.1500015258789,32110000
2025-01-07,72.96397399902344,78.83999633789062,79.22000122070312,78.81999969482422,79.13999938964844,43790200
2025-01-08,73.05652618408203,78.94000244140625,78.98999786376953,78.76000213623047,78.8499984741211,35304900
2025-01-10,72.67707824707031,78.52999877929688,78.80000305175781,78.5,78.80000305175781,37417300
2025-01-13,72.65856170654297,78.51000213623047,78.55999755859375,78.37000274658203,78.48999786376953,39180700
2025-01-14,72.7511215209961,78.61000061035156,78.7300033569336,78.55000305175781,78.69000244140625,29581100
2025-01-15,73.38968658447266,79.30000305175781,79.30999755859375,79.05999755859375,79.16000366210938,53574900
2025-01-16,73.47298431396484,79.38999938964844,79.41000366210938,79.12000274658203,79.20999908447266,32363000
2025-01-17,73.53777313232422,79.45999908447266,79.5199966430664,79.38999938964844,79.48999786376953,29546400
2025-01-21,73.73210144042969,79.66999816894531,79.69999694824219,79.5999984741211,79.61000061035156,32962700
2025-01-22,73.63032531738281,79.55999755859375,79.72000122070312,79.5199966430664,79.69999694824219,25028500
2025-01-23,73.72286224365234,79.66000366210938,79.66999816894531,79.44000244140625,79.5199966430664,27434800
2025-01-24,73.8061294555664,79.75,79.83000183105469,79.66000366210938,79.69999694824219,23648600
2025-01-27,73.86167907714844,79.80999755859375,79.86000061035156,79.61000061035156,79.66999816894531,28540600
2025-01-28,73.83390808105469,79.77999877929688,79.80999755859375,79.66999816894531,79.7699966430664,30439900
2025-01-29,73.78765106201172,79.7300033569336,79.83000183105469,79.62000274658203,79.76000213623047,20072100
2025-01-30,73.92647552490234,79.87999725341797,79.94000244140625,79.79000091552734,79.94000244140625,34495300
2025-01-31,73.77839660644531,79.72000122070312,79.97000122070312,79.66999816894531,79.9000015258789,37101100
2025-02-03,73.68543243408203,79.26000213623047,79.37000274658203,79.04000091552734,79.16999816894531,29965100
2025-02-04,73.9178237915039,79.51000213623047,79.51000213623047,79.2300033569336,79.30000305175781,28938600
2025-02-05,74.1130599975586,79.72000122070312,79.7699966430664,79.54000091552734,79.54000091552734,31834000
2025-02-06,74.00151062011719,79.5999984741211,79.79000091552734,79.58000183105469,79.72000122070312,24224100
2025-02-07,73.76908874511719,79.3499984741211,79.58000183105469,79.33999633789062,79.55999755859375,28778200
2025-02-10,73.9178237915039,79.51000213623047,79.58999633789062,79.47000122070312,79.54000091552734,23382600
2025-02-11,73.88994598388672,79.4800033569336,79.52999877929688,79.4000015258789,79.52999877929688,24410000
2025-02-12,73.73189544677734,79.30999755859375,79.43000030517578,79.1500015258789,79.20999908447266,34362700
2025-02-13,74.06658935546875,79.66999816894531,79.69999694824219,79.37999725341797,79.43000030517578,36149900
2025-02-14,74.1502456665039,79.76000213623047,79.88999938964844,79.72000122070312,79.79000091552734,26668300
2025-02-18,74.08517456054688,79.69000244140625,79.80999755859375,79.63999938964844,79.75,23274200
2025-02-19,74.14095306396484,79.75,79.76000213623047,79.55999755859375,79.63999938964844,38958600
2025-02-20,74.18745422363281,79.80000305175781,79.81999969482422,79.68000030517578,79.73999786376953,25789000
2025-02-21,74.04798126220703,79.6500015258789,79.86000061035156,79.6500015258789,79.7699966430664,32016500
2025-02-24,74.14095306396484,79.75,79.83999633789062,79.63999938964844,79.66999816894531,21029200
2025-02-25,74.32688903808594,79.94999694824219,79.9800033569336,79.83999633789062,79.94999694824219,30604400
2025-02-26,74.42916107177734,80.05999755859375,80.08000183105469,79.97000122070312,80.0,21777500
2025-02-27,74.28971099853516,79.91000366210938,80.08000183105469,79.87000274658203,80.05000305175781,40521800
2025-02-28,74.49423217773438,80.12999725341797,80.12999725341797,79.93000030517578,79.98999786376953,44321200
2025-03-03,74.33915710449219,79.58999633789062,79.75,79.51000213623047,79.69000244140625,40729100
2025-03-04,74.32984924316406,79.58000183105469,79.63999938964844,79.30999755859375,79.51000213623047,66274600
2025-03-05,74.36720275878906,79.62000274658203,79.68000030517578,79.44000244140625,79.44999694824219,32302200
2025-03-06,74.08699035644531,79.31999969482422,79.5,79.27999877929688,79.43000030517578,50431500
2025-03-07,74.20841217041016,79.44999694824219,79.51000213623047,79.33000183105469,79.3499984741211,52828900
2025-03-10,73.92819213867188,79.1500015258789,79.37999725341797,79.13999938964844,79.30000305175781,57602100
2025-03-11,73.66669464111328,78.87000274658203,79.26000213623047,78.80000305175781,79.20999908447266,75826700
2025-03-12,73.75074005126953,78.95999908447266,79.11000061035156,78.87999725341797,79.05999755859375,53763000
2025-03-13,73.33976745605469,78.5199966430664,78.87000274658203,78.48999786376953,78.86000061035156,81223200
2025-03-14,73.676025390625,78.87999725341797,78.97000122070312,78.70999908447266,78.83000183105469,51469800
2025-03-17,73.8534927368164,79.06999969482422,79.0999984741211,78.87000274658203,78.88999938964844,33954200
2025-03-18,73.72272491455078,78.93000030517578,79.06999969482422,78.93000030517578,79.01000213623047,40195900
2025-03-19,74.20841217041016,79.44999694824219,79.54000091552734,78.95999908447266,78.95999908447266,45212700
2025-03-20,74.10568237304688,79.33999633789062,79.5,79.26000213623047,79.38999938964844,42977600
2025-03-21,73.99359130859375,79.22000122070312,79.30999755859375,79.06999969482422,79.2699966430664,35124000
2025-03-24,74.20841217041016,79.44999694824219,79.5,79.3499984741211,79.41999816894531,36393500
2025-03-25,74.17105102539062,79.41000366210938,79.58000183105469,79.37999725341797,79.5,29075500
2025-03-26,73.87217712402344,79.08999633789062,79.41999816894531,78.97000122070312,79.4000015258789,51236100
2025-03-27,73.73206329345703,78.94000244140625,79.13999938964844,78.93000030517578,79.05000305175781,38493100
2025-03-28,73.60130310058594,78.80000305175781,79.0,78.66000366210938,78.98999786376953,58896900
2025-03-31,73.68536376953125,78.88999938964844,78.91999816894531,78.5199966430664,78.5199966430664,47853500
2025-04-01,73.8561782836914,78.69000244140625,78.72000122070312,78.43000030517578,78.68000030517578,54256000
2025-04-02,74.00635528564453,78.8499984741211,78.86000061035156,78.54000091552734,78.54000091552734,49072400
2025-04-03,73.08655548095703,77.87000274658203,78.27999877929688,77.73999786376953,78.0999984741211,116401400
2025-04-04,72.04474639892578,76.76000213623047,77.33000183105469,76.54000091552734,76.80000305175781,181273300
2025-04-07,71.42529296875,76.0999984741211,77.5999984741211,75.62999725341797,75.87000274658203,193374800
2025-04-08,71.09677124023438,75.75,77.12999725341797,75.41999816894531,77.0199966430664,106007700
2025-04-09,73.0020751953125,77.77999877929688,77.83999633789062,75.08000183105469,75.0999984741211,152382200
2025-04-10,71.81011199951172,76.51000213623047,77.18000030517578,76.13999938964844,77.06999969482422,93884100
2025-04-11,72.02594757080078,76.73999786376953,77.16999816894531,76.0,76.2699966430664,71884000
2025-04-14,72.38262939453125,77.12000274658203,77.45999908447266,76.94000244140625,77.27999877929688,50011400
2025-04-15,72.57971954345703,77.33000183105469,77.5,77.18000030517578,77.23999786376953,39790500
2025-04-16,72.57034301757812,77.31999969482422,77.5199966430664,77.11000061035156,77.3499984741211,52028800
2025-04-17,72.9926986694336,77.7699966430664,77.79000091552734,77.52999877929688,77.62000274658203,37355500
2025-04-21,72.56095886230469,77.30999755859375,77.51000213623047,77.1500015258789,77.48999786376953,36078000
2025-04-22,72.842529296875,77.61000061035156,77.80999755859375,77.51000213623047,77.58000183105469,33941100
2025-04-23,73.20856475830078,78.0,78.73999786376953,77.97000122070312,78.5999984741211,63723400
2025-04-24,73.86554718017578,78.69999694824219,78.73999786376953,78.18000030517578,78.27999877929688,49007800
2025-04-25,73.93125915527344,78.7699966430664,78.94000244140625,78.54000091552734,78.58999633789062,47981700
2025-04-28,73.96880340576172,78.80999755859375,78.87000274658203,78.55000305175781,78.77999877929688,42220700
2025-04-29,74.1659164428711,79.0199966430664,79.05000305175781,78.6500015258789,78.6500015258789,51198600
2025-04-30,73.77172088623047,78.5999984741211,78.70999908447266,78.45999908447266,78.62999725341797,69994200
2025-05-01,73.86699676513672,78.30000305175781,78.48999786376953,78.22000122070312,78.4000015258789,50848600
2025-05-02,74.09339904785156,78.54000091552734,78.61000061035156,78.36000061035156,78.5,41354100
2025-05-05,74.06510162353516,78.51000213623047,78.63999938964844,78.4000015258789,78.47000122070312,39815300
2025-05-06,74.00849914550781,78.44999694824219,78.5199966430664,78.33000183105469,78.41000366210938,36292600
2025-05-07,74.07453918457031,78.5199966430664,78.62000274658203,78.36000061035156,78.55999755859375,32676200
2025-05-08,74.0556640625,78.5,78.7699966430664,78.44999694824219,78.66999816894531,32684900
2025-05-09,74.10283660888672,78.55000305175781,78.69999694824219,78.54000091552734,78.58999633789062,23971200
2025-05-12,74.83869934082031,79.33000183105469,79.38999938964844,79.02999877929688,79.23999786376953,70558600
2025-05-13,74.97074890136719,79.47000122070312,79.58000183105469,79.31999969482422,79.37999725341797,52141900
2025-05-14,74.6971664428711,79.18000030517578,79.43000030517578,79.13999938964844,79.4000015258789,45406500
2025-05-15,74.83869934082031,79.33000183105469,79.33000183105469,79.05999755859375,79.05999755859375,49301300
2025-05-16,74.923583984375,79.41999816894531,79.43000030517578,79.2699966430664,79.37999725341797,30657200
2025-05-19,74.8858413696289,79.37999725341797,79.38999938964844,79.05000305175781,79.05999755859375,26228800
2025-05-20,74.84811401367188,79.33999633789062,79.37999725341797,79.20999908447266,79.2699966430664,25933700
2025-05-21,74.34810638427734,78.80999755859375,79.22000122070312,78.80000305175781,79.08000183105469,54737300
2025-05-22,74.49906158447266,78.97000122070312,79.05000305175781,78.75,78.80999755859375,43242700
2025-05-23,74.48019409179688,78.94999694824219,78.9800033569336,78.73999786376953,78.76000213623047,29598900
2025-05-27,74.9330062866211,79.43000030517578,79.44000244140625,79.16999816894531,79.27999877929688,33524700
2025-05-28,74.8858413696289,79.37999725341797,79.44000244140625,79.25,79.41999816894531,27012900
2025-05-29,74.9990463256836,79.5,79.56999969482422,79.41000366210938,79.55999755859375,28616300
2025-05-30,75.06510925292969,79.56999969482422,79.58000183105469,79.4000015258789,79.44999694824219,28930300
2025-06-02,75.05181121826172,79.18000030517578,79.19000244140625,78.9800033569336,79.12999725341797,45527200
2025-06-03,75.19400787353516,79.33000183105469,79.3499984741211,79.16999816894531,79.23999786376953,28458700
2025-06-04,75.336181640625,79.4800033569336,79.51000213623047,79.33999633789062,79.33999633789062,41403600
2025-06-05,75.17503356933594,79.30999755859375,79.48999786376953,79.2699966430664,79.47000122070312,44563900
2025-06-06,75.16555786132812,79.30000305175781,79.38999938964844,79.25,79.37999725341797,41300100
2025-06-09,75.20348358154297,79.33999633789062,79.43000030517578,79.27999877929688,79.27999877929688,30169000
2025-06-10,75.38357543945312,79.52999877929688,79.55000305175781,79.33000183105469,79.41000366210938,24234400
2025-06-11,75.36461639404297,79.51000213623047,79.63999938964844,79.48999786376953,79.58999633789062,30114400
2025-06-12,75.4499282836914,79.5999984741211,79.5999984741211,79.47000122070312,79.51000213623047,28373200
2025-06-13,75.22244262695312,79.36000061035156,79.5,79.30000305175781,79.41999816894531,35271000
2025-06-16,75.37409210205078,79.5199966430664,79.5999984741211,79.48999786376953,79.5199966430664,26225100
2025-06-17,75.28878021240234,79.43000030517578,79.63999938964844,79.37000274658203,79.5199966430664,27747200
2025-06-18,75.40254211425781,79.55000305175781,79.70999908447266,79.43000030517578,79.48999786376953,32833500
2025-06-20,75.6395034790039,79.80000305175781,79.80999755859375,79.58999633789062,79.62000274658203,45845800
2025-06-23,75.78166961669922,79.94999694824219,79.94999694824219,79.70999908447266,79.7699966430664,32361400
2025-06-24,75.99018859863281,80.16999816894531,80.20999908447266,80.0,80.05000305175781,50893200
2025-06-25,75.97124481201172,80.1500015258789,80.22000122070312,80.08000183105469,80.18000030517578,24156100
2025-06-26,76.18926239013672,80.37999725341797,80.38999938964844,80.19999694824219,80.2699966430664,28889100
2025-06-27,76.1513442993164,80.33999633789062,80.47000122070312,80.30000305175781,80.4000015258789,47849500
2025-06-30,76.44518280029297,80.6500015258789,80.66999816894531,80.44999694824219,80.52999877929688,52885900
2025-07-01,76.34898376464844,80.16999816894531,80.2699966430664,80.0999984741211,80.19999694824219,45411000
2025-07-02,76.4918441772461,80.31999969482422,80.31999969482422,80.08000183105469,80.16999816894531,32359500
2025-07-03,76.53946685791016,80.37000274658203,80.38999938964844,80.26000213623047,80.30000305175781,19750000
2025-07-07,76.28233337402344,80.0999984741211,80.33999633789062,80.05999755859375,80.33000183105469,37027200
2025-07-08,76.17755889892578,79.98999786376953,80.12000274658203,79.94000244140625,80.08999633789062,31358900
2025-07-09,76.38706970214844,80.20999908447266,80.22000122070312,80.08000183105469,80.13999938964844,30277500
2025-07-10,76.3109130859375,80.12999725341797,80.22000122070312,80.12999725341797,80.20999908447266,28776200
2025-07-11,76.21566009521484,80.02999877929688,80.05000305175781,79.93000030517578,80.04000091552734,30482200
2025-07-14,76.27279663085938,80.08999633789062,80.0999984741211,79.97000122070312,80.01000213623047,23716200
2025-07-15,76.04424285888672,79.8499984741211,80.16999816894531,79.8499984741211,80.16000366210938,37039500
2025-07-16,76.24423217773438,80.05999755859375,80.08000183105469,79.75,79.94999694824219,39780100
2025-07-17,76.32041931152344,80.13999938964844,80.18000030517578,80.0,80.04000091552734,25703200
2025-07-18,76.4251708984375,80.25,80.31999969482422,80.18000030517578,80.26000213623047,27686400
2025-07-21,76.5299301147461,80.36000061035156,80.44999694824219,80.31999969482422,80.31999969482422,28483300
2025-07-22,76.66327667236328,80.5,80.5199966430664,80.33999633789062,80.44000244140625,26017700
2025-07-23,76.70135498046875,80.54000091552734,80.55000305175781,80.44000244140625,80.5199966430664,26025000
2025-07-24,76.60612487792969,80.44000244140625,80.51000213623047,80.41000366210938,80.44000244140625,27013700
2025-07-25,76.65373992919922,80.48999786376953,80.58000183105469,80.41000366210938,80.5,30123100
2025-07-28,76.61564636230469,80.44999694824219,80.5199966430664,80.44000244140625,80.5199966430664,22093800
2025-07-29,76.66327667236328,80.5,80.55000305175781,80.44999694824219,80.48999786376953,21371800
2025-07-30,76.5013656616211,80.33000183105469,80.5199966430664,80.25,80.44999694824219,38392400
2025-07-31,76.54899597167969,80.37999725341797,80.4800033569336,80.33000183105469,80.4000015258789,41501300
2025-08-01,76.55282592773438,79.9800033569336,80.08999633789062,79.80000305175781,80.04000091552734,68963100
2025-08-04,76.81123352050781,80.25,80.25,80.05999755859375,80.08999633789062,37539200
2025-08-05,76.77294158935547,80.20999908447266,80.23999786376953,80.0999984741211,80.20999908447266,29656300
2025-08-06,76.84953308105469,80.29000091552734,80.30000305175781,80.13999938964844,80.20999908447266,30512900
2025-08-07,76.77294158935547,80.20999908447266,80.36000061035156,80.16000366210938,80.30999755859375,29405000
2025-08-08,76.78252410888672,80.22000122070312,80.25,80.16000366210938,80.19999694824219,24679000
2025-08-11,76.78252410888672,80.22000122070312,80.29000091552734,80.16999816894531,80.22000122070312,30159800
2025-08-12,76.9548110961914,80.4000015258789,80.4000015258789,80.20999908447266,80.2699966430664,40846200
2025-08-13,77.15581512451172,80.61000061035156,80.61000061035156,80.45999908447266,80.45999908447266,35039600
2025-08-14,76.9548110961914,80.4000015258789,80.48999786376953,80.3499984741211,80.48999786376953,36559900
2025-08-15,77.01223754882812,80.45999908447266,80.47000122070312,80.37000274658203,80.47000122070312,22754000
2025-08-18,76.9548110961914,80.4000015258789,80.48999786376953,80.37999725341797,80.44000244140625,25400800
2025-08-19,76.93568420410156,80.37999725341797,80.4800033569336,80.36000061035156,80.44999694824219,21700500
2025-08-20,76.9069595336914,80.3499984741211,80.43000030517578,80.30999755859375,80.41000366210938,29704900
2025-08-21,76.76337432861328,80.19999694824219,80.30000305175781,80.19000244140625,80.26000213623047,35825900
2025-08-22,77.38553619384766,80.8499984741211,80.86000061035156,80.30000305175781,80.31999969482422,59541500
2025-08-25,77.23238372802734,80.69000244140625,80.80999755859375,80.69000244140625,80.77999877929688,32714800
2025-08-26,77.4046859741211,80.87000274658203,80.9000015258789,80.73999786376953,80.79000091552734,33659900
2025-08-27,77.50038146972656,80.97000122070312,80.98999786376953,80.81999969482422,80.81999969482422,24335000
2025-08-28,77.53866577148438,81.01000213623047,81.01000213623047,80.9000015258789,80.97000122070312,24203800
2025-08-29,77.39510345458984,80.86000061035156,80.98999786376953,80.86000061035156,80.98999786376953,35070300
2025-09-02,77.31143188476562,80.38999938964844,80.43000030517578,80.19999694824219,80.2699966430664,51804000
2025-09-03,77.52301025390625,80.61000061035156,80.61000061035156,80.41000366210938,80.41000366210938,34283100
2025-09-04,77.7345962524414,80.83000183105469,80.83999633789062,80.62999725341797,80.66000366210938,37999700
2025-09-05,77.7730712890625,80.87000274658203,81.0999984741211,80.83999633789062,80.9800033569336,39147800
2025-09-08,77.7730712890625,80.87000274658203,80.97000122070312,80.8499984741211,80.94999694824219,27003400
2025-09-09,77.68650817871094,80.77999877929688,80.87999725341797,80.66999816894531,80.8499984741211,36704500
2025-09-10,77.74420166015625,80.83999633789062,80.94000244140625,80.79000091552734,80.83999633789062,38106100
2025-09-11,77.93653869628906,81.04000091552734,81.0999984741211,80.91000366210938,80.91000366210938,34221500
2025-09-12,77.85960388183594,80.95999908447266,81.02999877929688,80.94000244140625,81.02999877929688,25702800
2025-09-15,78.08080291748047,81.19000244140625,81.19999694824219,81.06999969482422,81.08000183105469,27248800
2025-09-16,78.0230941772461,81.12999725341797,81.2300033569336,81.0999984741211,81.20999908447266,33075600
2025-09-17,77.94615936279297,81.05000305175781,81.23999786376953,80.91000366210938,81.19000244140625,35955700
2025-09-18,78.1192626953125,81.2300033569336,81.2699966430664,81.06999969482422,81.13999938964844,43250000
2025-09-19,78.14811706542969,81.26000213623047,81.29000091552734,81.1500015258789,81.25,32042900
2025-09-22,78.20582580566406,81.31999969482422,81.33000183105469,81.18000030517578,81.19000244140625,26670200
2025-09-23,78.14811706542969,81.26000213623047,81.36000061035156,81.19999694824219,81.33999633789062,37088500
2025-09-24,78.0423355102539,81.1500015258789,81.25,81.12000274658203,81.25,28124300
2025-09-25,77.82113647460938,80.91999816894531,81.01000213623047,80.88999938964844,81.0,33509900
2025-09-26,77.97501373291016,81.08000183105469,81.11000061035156,80.95999908447266,81.04000091552734,31046800
2025-09-29,78.10964965820312,81.22000122070312,81.23999786376953,81.12999725341797,81.16000366210938,28558500
2025-09-30,78.08080291748047,81.19000244140625,81.20999908447266,81.0999984741211,81.16999816894531,54970300
2025-10-01,78.22669982910156,80.95999908447266,81.0,80.77999877929688,80.80999755859375,58042600
2025-10-02,78.19770812988281,80.93000030517578,80.97000122070312,80.83999633789062,80.94000244140625,33348900
2025-10-03,78.11075592041016,80.83999633789062,80.94000244140625,80.81999969482422,80.91999816894531,35109200
2025-10-06,78.13007354736328,80.86000061035156,80.91000366210938,80.83000183105469,80.88999938964844,29485100
2025-10-07,78.04310607910156,80.7699966430664,80.88999938964844,80.76000213623047,80.88999938964844,27672300
2025-10-08,77.92716979980469,80.6500015258789,80.83999633789062,80.63999938964844,80.81999969482422,34932200
2025-10-09,77.70491790771484,80.41999816894531,80.6500015258789,80.30999755859375,80.63999938964844,65586700
2025-10-10,77.25079345703125,79.94999694824219,80.48999786376953,79.94999694824219,80.47000122070312,83840400
2025-10-13,77.7339096069336,80.44999694824219,80.44999694824219,80.16999816894531,80.2300033569336,31926800
2025-10-14,77.82088470458984,80.54000091552734,80.63999938964844,80.11000061035156,80.18000030517578,63860100
2025-10-15,78.07210540771484,80.80000305175781,80.83000183105469,80.5999984741211,80.72000122070312,59802200
2025-10-16,77.7918930053711,80.51000213623047,80.81999969482422,80.45999908447266,80.80000305175781,75725200
2025-10-17,77.99480438232422,80.72000122070312,80.7300033569336,80.43000030517578,80.44000244140625,70044200
2025-10-20,78.14939880371094,80.87999725341797,80.91000366210938,80.7699966430664,80.7699966430664,43762300
2025-10-21,78.03345489501953,80.76000213623047,80.94000244140625,80.76000213623047,80.87999725341797,45418100
2025-10-22,77.95614624023438,80.68000030517578,80.80999755859375,80.5999984741211,80.76000213623047,50698600
2025-10-23,78.13007354736328,80.86000061035156,80.86000061035156,80.69999694824219,80.69999694824219,37962400
2025-10-24,78.3426513671875,81.08000183105469,81.08999633789062,80.97000122070312,81.02999877929688,39905600
2025-10-27,78.53589630126953,81.27999877929688,81.33000183105469,81.12999725341797,81.16999816894531,36495000
2025-10-28,78.45858764648438,81.19999694824219,81.27999877929688,81.16999816894531,81.27999877929688,31591400
2025-10-29,78.21703338623047,80.94999694824219,81.2300033569336,80.9000015258789,81.19999694824219,51827100
2025-10-30,78.07210540771484,80.80000305175781,80.94000244140625,80.76000213623047,80.79000091552734,39967300
2025-10-31,78.07210540771484,80.80000305175781,80.95999908447266,80.75,80.88999938964844,45044600
2025-11-03,77.82930755615234,80.13999938964844,80.4000015258789,80.12999725341797,80.38999938964844,54615100
2025-11-04,77.8390121459961,80.1500015258789,80.22000122070312,79.95999908447266,79.9800033569336,49705000
2025-11-05,77.91670989990234,80.2300033569336,80.27999877929688,80.16999816894531,80.19000244140625,42273700
2025-11-06,77.94586181640625,80.26000213623047,80.33000183105469,80.12999725341797,80.30999755859375,46629200
2025-11-07,78.01382446289062,80.33000183105469,80.3499984741211,80.08999633789062,80.25,47233800
2025-11-10,78.27604675292969,80.5999984741211,80.6500015258789,80.43000030517578,80.44999694824219,51875200
2025-11-11,78.36344909667969,80.69000244140625,80.7300033569336,80.61000061035156,80.61000061035156,17001100
2025-11-12,78.20806884765625,80.52999877929688,80.69999694824219,80.48999786376953,80.69000244140625,43962900
2025-11-13,77.8875732421875,80.19999694824219,80.41999816894531,80.1500015258789,80.41999816894531,53631300
2025-11-14,77.9070053100586,80.22000122070312,80.4000015258789,80.08000183105469,80.08000183105469,40853500
2025-11-17,77.78074645996094,80.08999633789062,80.2699966430664,80.04000091552734,80.19000244140625,42954200
2025-11-18,77.8001708984375,80.11000061035156,80.19000244140625,79.98999786376953,80.0199966430664,44098700
2025-11-19,77.8390121459961,80.1500015258789,80.30000305175781,80.08999633789062,80.13999938964844,33510100
2025-11-20,77.79046630859375,80.0999984741211,80.48999786376953,80.0999984741211,80.41000366210938,65471200
2025-11-21,78.05268096923828,80.37000274658203,80.41000366210938,80.12999725341797,80.26000213623047,62331700
2025-11-24,78.2663345336914,80.58999633789062,80.5999984741211,80.4000015258789,80.41999816894531,38964900
2025-11-25,78.53827667236328,80.87000274658203,80.9000015258789,80.54000091552734,80.56999969482422,56524800
2025-11-26,78.61595153808594,80.94999694824219,80.9800033569336,80.79000091552734,80.83000183105469,27454800
2025-11-28,78.65480041503906,80.98999786376953,81.06999969482422,80.94000244140625,81.0,29430800
2025-12-01,78.5133285522461,80.47000122070312,80.54000091552734,80.37999725341797,80.4000015258789,45274800
2025-12-02,78.65968322753906,80.62000274658203,80.63999938964844,80.4800033569336,80.54000091552734,38842600
2025-12-03,78.72797393798828,80.69000244140625,80.79000091552734,80.56999969482422,80.61000061035156,35019100
2025-12-04,78.78651428222656,80.75,80.7699966430664,80.56999969482422,80.69999694824219,34777400
2025-12-05,78.78651428222656,80.75,80.80999755859375,80.66999816894531,80.7300033569336,30486800
2025-12-08,78.59138488769531,80.55000305175781,80.73999786376953,80.48999786376953,80.72000122070312,43160800
2025-12-09,78.5035629272461,80.45999908447266,80.61000061035156,80.44000244140625,80.55000305175781,30558800
2025-12-10,78.76700592041016,80.7300033569336,80.79000091552734,80.41999816894531,80.43000030517578,53052100
2025-12-11,78.75724792480469,80.72000122070312,80.76000213623047,80.66000366210938,80.73999786376953,44546400
2025-12-12,78.61089324951172,80.56999969482422,80.70999908447266,80.52999877929688,80.69000244140625,45566100
2025-12-15,78.64991760253906,80.61000061035156,80.69999694824219,80.56999969482422,80.66999816894531,28983600
2025-12-16,78.69869995117188,80.66000366210938,80.66999816894531,80.55999755859375,80.61000061035156,27908000
2025-12-17,78.60113525390625,80.55999755859375,80.66999816894531,80.51000213623047,80.6500015258789,36999700
2025-12-18,78.81578826904297,80.77999877929688,80.80000305175781,80.66999816894531,80.77999877929688,52680500
2025-12-19,78.77755737304688,80.36000061035156,80.47000122070312,80.33000183105469,80.43000030517578,34413300
2025-12-22,78.84617614746094,80.43000030517578,80.45999908447266,80.29000091552734,80.45999908447266,37203900
2025-12-23,78.90499114990234,80.48999786376953,80.48999786376953,80.3499984741211,80.37000274658203,24341800
2025-12-24,79.05204010009766,80.63999938964844,80.63999938964844,80.47000122070312,80.51000213623047,10533500
2025-12-26,79.01282501220703,80.5999984741211,80.69999694824219,80.58999633789062,80.63999938964844,10922900
2025-12-29,79.042236328125,80.62999725341797,80.66000366210938,80.55000305175781,80.55999755859375,22012700
2025-12-30,79.12066650390625,80.70999908447266,80.75,80.61000061035156,80.63999938964844,20146700
2025-12-31,79.042236328125,80.62999725341797,80.75,80.62999725341797,80.72000122070312,17457100
2026-01-02,79.08145141601562,80.66999816894531,80.72000122070312,80.58999633789062,80.72000122070312,28403300
2026-01-05,79.28730773925781,80.87999725341797,80.91000366210938,80.69999694824219,80.73999786376953,38563200
2026-01-06,79.30692291259766,80.9000015258789,80.94000244140625,80.81999969482422,80.9000015258789,31721500
2026-01-07,79.28730773925781,80.87999725341797,81.0,80.83999633789062,80.95999908447266,27022700
2026-01-08,79.34613037109375,80.94000244140625,80.94999694824219,80.80000305175781,80.83999633789062,33516900
2026-01-09,79.40495300292969,81.0,81.02999877929688,80.94999694824219,80.94999694824219,31849200
2026-01-12,79.44416046142578,81.04000091552734,81.05000305175781,80.9000015258789,80.91000366210938,23983600
2026-01-13,79.44416046142578,81.04000091552734,81.08000183105469,80.97000122070312,81.06999969482422,27607400
2026-01-14,79.44416046142578,81.04000091552734,81.05000305175781,80.93000030517578,81.0,42994000
2026-01-15,79.44416046142578,81.04000091552734,81.11000061035156,81.0,81.0999984741211,30412400
2026-01-16,79.49317169189453,81.08999633789062,81.0999984741211,80.98999786376953,81.08000183105469,52466300
2026-01-20,79.28730773925781,80.87999725341797,80.94999694824219,80.66999816894531,80.75,38653400
2026-01-21,79.52259063720703,81.12000274658203,81.16000366210938,80.95999908447266,80.9800033569336,42023500
2026-01-22,79.58141326904297,81.18000030517578,81.23999786376953,81.12999725341797,81.19000244140625,35231900
2026-01-23,79.54219055175781,81.13999938964844,81.19999694824219,81.04000091552734,81.18000030517578,38360500
2026-01-26,79.58141326904297,81.18000030517578,81.22000122070312,81.12000274658203,81.19000244140625,27027500
2026-01-27,79.57160186767578,81.16999816894531,81.22000122070312,81.13999938964844,81.18000030517578,22961500
2026-01-28,79.44416046142578,81.04000091552734,81.18000030517578,81.02999877929688,81.16999816894531,35559200
2026-01-29,79.43435668945312,81.02999877929688,81.06999969482422,80.9000015258789,81.05000305175781,38201600
2026-01-30,79.52259063720703,81.12000274658203,81.12999725341797,80.91999816894531,80.91999816894531,59848000
2026-02-02,79.57086181640625,80.7699966430664,80.80999755859375,80.63999938964844,80.66999816894531,42890700
2026-02-03,79.52161407470703,80.72000122070312,80.80999755859375,80.52999877929688,80.76000213623047,49372700
2026-02-04,79.423095703125,80.62000274658203,80.72000122070312,80.54000091552734,80.69999694824219,42829400
2026-02-05,79.33442687988281,80.52999877929688,80.62000274658203,80.44999694824219,80.55999755859375,75554200
2026-02-06,79.61027526855469,80.80999755859375,80.80999755859375,80.62000274658203,80.66999816894531,40915900
2026-02-09,79.71863555908203,80.91999816894531,80.91999816894531,80.76000213623047,80.76000213623047,33716900
2026-02-10,79.63982391357422,80.83999633789062,81.01000213623047,80.83999633789062,80.94999694824219,37886100
2026-02-11,79.62997436523438,80.83000183105469,80.93000030517578,80.72000122070312,80.9000015258789,27272300
2026-02-12,79.59056091308594,80.79000091552734,80.97000122070312,80.75,80.91000366210938,48457000
2026-02-13,79.64966583251953,80.8499984741211,80.94000244140625,80.81999969482422,80.83000183105469,36612400
2026-02-17,79.61027526855469,80.80999755859375,80.86000061035156,80.73999786376953,80.81999969482422,35682000
2026-02-18,79.70878601074219,80.91000366210938,80.9800033569336,80.80999755859375,80.83999633789062,33943100
2026-02-19,79.73833465576172,80.94000244140625,80.94000244140625,80.83000183105469,80.87999725341797,29531000
2026-02-20,79.79743957519531,81.0,81.0,80.87000274658203,80.93000030517578,37959800
2026-02-23,79.66938781738281,80.87000274658203,81.01000213623047,80.83999633789062,80.95999908447266,33666000
2026-02-24,79.61027526855469,80.80999755859375,80.87000274658203,80.6500015258789,80.8499984741211,54979900
2026-02-25,79.71863555908203,80.91999816894531,80.93000030517578,80.81999969482422,80.81999969482422,29428200
2026-02-26,79.64966583251953,80.8499984741211,80.94000244140625,80.76000213623047,80.88999938964844,54533600
2026-02-27,79.52161407470703,80.72000122070312,80.80000305175781,80.6500015258789,80.75,62450000
2026-03-02,79.47606658935547,80.27999877929688,80.41000366210938,80.02999877929688,80.05999755859375,74327000
2026-03-03,79.31767272949219,80.12000274658203,80.30999755859375,79.83999633789062,79.94000244140625,118126800
2026-03-04,79.59486389160156,80.4000015258789,80.44999694824219,80.19999694824219,80.2300033569336,58694100
2026-03-05,79.27806854248047,80.08000183105469,80.30999755859375,80.0199966430664,80.2699966430664,79841000
2026-03-06,78.89197540283203,79.69000244140625,80.0,79.6500015258789,79.75,82125600
2026-03-09,79.3671646118164,80.16999816894531,80.18000030517578,79.54000091552734,79.58999633789062,88695000
2026-03-10,79.23847198486328,80.04000091552734,80.37999725341797,80.02999877929688,80.05000305175781,67499600
2026-03-11,79.0602798461914,79.86000061035156,80.04000091552734,79.80999755859375,79.98999786376953,59983500
2026-03-12,78.55537414550781,79.3499984741211,79.75,79.31999969482422,79.75,68674300
2026-03-13,78.40687561035156,79.19999694824219,79.68000030517578,79.12000274658203,79.52999877929688,68652900
2026-03-16,78.65437316894531,79.44999694824219,79.66999816894531,79.44999694824219,79.51000213623047,57535600
2026-03-17,79.01077270507812,79.80999755859375,79.81999969482422,79.56999969482422,79.61000061035156,47967800
2026-03-18,78.6048812866211,79.4000015258789,79.75,79.38999938964844,79.69000244140625,50281900
2026-03-19,78.8622817993164,79.66000366210938,79.69999694824219,78.98999786376953,79.02999877929688,103981600
2026-03-20,78.12968444824219,78.91999816894531,79.52999877929688,78.8499984741211,79.5,109084800
2026-03-23,78.64447784423828,79.44000244140625,79.69999694824219,79.16999816894531,79.30000305175781,79015800
2026-03-24,78.37718200683594,79.16999816894531,79.41000366210938,79.05999755859375,79.23999786376953,71941600
2026-03-25,78.62467956542969,79.41999816894531,79.58000183105469,79.3499984741211,79.44999694824219,49917700
2026-03-26,78.12968444824219,78.91999816894531,79.33000183105469,78.80000305175781,79.25,74979300
2026-03-27,77.93169403076172,78.72000122070312,78.83999633789062,78.56999969482422,78.83999633789062,68174300
2026-03-30,78.02079010009766,78.80999755859375,79.0999984741211,78.76000213623047,79.0199966430664,55210700
2026-03-31,78.76327514648438,79.55999755859375,79.61000061035156,79.12000274658203,79.16000366210938,101521300
2026-04-01,78.95626831054688,79.37000274658203,79.45999908447266,79.23999786376953,79.3499984741211,69789200
2026-04-02,79.14527130126953,79.55999755859375,79.62999725341797,79.08000183105469,79.08000183105469,53828200
2026-04-06,79.2845458984375,79.69999694824219,79.70999908447266,79.5,79.51000213623047,37098300
2026-04-07,79.304443359375,79.72000122070312,79.73999786376953,79.31999969482422,79.66999816894531,47264100
2026-04-08,79.7719955444336,80.19000244140625,80.5199966430664,80.02999877929688,80.47000122070312,58556400
2026-04-09,79.86151885986328,80.27999877929688,80.38999938964844,80.0,80.1500015258789,45207500
2026-04-10,79.5431900024414,79.95999908447266,80.33999633789062,79.94999694824219,80.33999633789062,33005600
2026-04-13,79.84162902832031,80.26000213623047,80.2699966430664,79.87999725341797,79.87999725341797,38561400
2026-04-14,80.08037567138672,80.5,80.55999755859375,80.29000091552734,80.33999633789062,42038000
2026-04-15,80.04058074951172,80.45999908447266,80.48999786376953,80.3499984741211,80.44999694824219,47834900
2026-04-16,79.93115234375,80.3499984741211,80.52999877929688,80.26000213623047,80.52999877929688,37743400
2026-04-17,80.22959899902344,80.6500015258789,80.76000213623047,80.55999755859375,80.5999984741211,61651600
2026-04-20,80.15995788574219,80.58000183105469,80.66999816894531,80.5,80.62999725341797,21104400
2026-04-21,79.95105743408203,80.37000274658203,80.58000183105469,80.30999755859375,80.55000305175781,58623500
2026-04-22,80.08037567138672,80.5,80.56999969482422,80.41999816894531,80.5,28004500
2026-04-23,79.95105743408203,80.37000274658203,80.55000305175781,80.16000366210938,80.45999908447266,49921700
2026-04-24,80.06048583984375,80.4800033569336,80.52999877929688,80.30000305175781,80.44000244140625,33626300
2026-04-27,80.09032440185547,80.51000213623047,80.54000091552734,80.41999816894531,80.44000244140625,24643700
2026-04-28,79.98089599609375,80.4000015258789,80.43000030517578,80.33000183105469,80.3499984741211,36382400
2026-04-29,79.7123031616211,80.12999725341797,80.33999633789062,79.9800033569336,80.31999969482422,56809400
2026-04-30,79.96099853515625,80.37999725341797,80.41999816894531,80.16999816894531,80.18000030517578,51626100
2026-05-01,80.05999755859375,80.05999755859375,80.2300033569336,80.02999877929688,80.05999755859375,43740400
2026-05-04,79.80000305175781,79.80000305175781,80.0199966430664,79.69000244140625,80.0199966430664,35069300
2026-05-05,79.91999816894531,79.91999816894531,80.0199966430664,79.88999938964844,79.88999938964844,26357900
2026-05-06,80.16000366210938,80.16000366210938,80.23999786376953,80.08000183105469,80.08999633789062,38323100
2026-05-07,79.86000061035156,79.86000061035156,80.23999786376953,79.86000061035156,80.22000122070312,44772900
2026-05-08,80.13999938964844,80.13999938964844,80.1500015258789,80.0,80.01000213623047,29715200
2026-05-11,79.9800033569336,79.9800033569336,80.1500015258789,79.9800033569336,80.08000183105469,34366600
2026-05-12,79.87000274658203,79.87000274658203,79.88999938964844,79.69999694824219,79.81999969482422,37418900
2026-05-13,79.91000366210938,79.91000366210938,79.94999694824219,79.79000091552734,79.83999633789062,33257100
2026-05-14,79.8499984741211,79.8499984741211,80.05000305175781,79.8499984741211,79.97000122070312,27235600
2026-05-15,79.45999908447266,79.45999908447266,79.69000244140625,79.45999908447266,79.63999938964844,53847496
2026-05-18,79.54000091552734,79.54000091552734,79.69999694824219,79.44000244140625,79.62999725341797,38595100
2026-05-19,79.3949966430664,79.3949966430664,79.44999694824219,79.2300033569336,79.41000366210938,35679453
2026-05-20,79.76499938964844,79.76499938964844,79.8499984741211,79.4000015258789,79.5,32417795
2026-05-21,79.91000366210938,79.91000366210938,79.98999786376953,79.6449966430664,79.75,34376893
2026-05-22,79.91500091552734,79.91500091552734,80.0199966430664,79.84500122070312,80.01000213623047,17950374
2026-05-26,80.18000030517578,80.18000030517578,80.19000244140625,80.04000091552734,80.13999938964844,25959568
2026-05-27,80.13500213623047,80.13500213623047,80.20999908447266,80.08000183105469,80.16999816894531,18590709
2026-05-28,80.19999694824219,80.19999694824219,80.26499938964844,80.04000091552734,80.08000183105469,30693779
2026-05-29,80.33499908447266,80.33499908447266,80.36000061035156,80.20500183105469,80.26000213623047,33705453
2026-06-01,79.81999969482422,79.81999969482422,79.87999725341797,79.63999938964844,79.79000091552734,30843912
2026-06-02,79.9000015258789,79.9000015258789,79.9000015258789,79.79000091552734,79.83999633789062,23925390
2026-06-03,79.68000030517578,79.68000030517578,79.7750015258789,79.62999725341797,79.75,24734284
2026-06-04,79.81999969482422,79.81999969482422,79.8499984741211,79.75,79.75,21419605
2026-06-05,79.44499969482422,79.44499969482422,79.70999908447266,79.3499984741211,79.69999694824219,41788572
2026-06-08,79.5250015258789,79.5250015258789,79.6500015258789,79.4800033569336,79.5999984741211,23918838
2026-06-09,79.62000274658203,79.62000274658203,79.79000091552734,79.41999816894531,79.62000274658203,33722806
2026-06-10,79.4749984741211,79.4749984741211,79.63990020751953,79.44499969482422,79.55999755859375,28644707
2026-06-11,79.93000030517578,79.93000030517578,79.96499633789062,79.5199966430664,79.56999969482422,49506113
2026-06-12,79.93499755859375,79.93499755859375,79.99500274658203,79.80000305175781,79.94000244140625,27628545
2026-06-15,80.04000091552734,80.04000091552734,80.16999816894531,80.02999877929688,80.13999938964844,32019600
2026-06-16,80.02999877929688,80.02999877929688,80.11000061035156,79.95999908447266,80.02999877929688,24471900
2026-06-17,79.7300033569336,79.7300033569336,80.06999969482422,79.70999908447266,79.98999786376953,47164600
2026-06-18,79.98500061035156,79.98500061035156,80.03500366210938,79.91999816894531,80.02999877929688,16907848
2026-06-22,79.93000030517578,79.93000030517578,79.9800033569336,79.87000274658203,79.94000244140625,25933399
2026-06-23,79.87000274658203,79.87000274658203,79.96499633789062,79.83000183105469,79.83000183105469,29173163
2026-06-24,79.8499984741211,79.8499984741211,79.98999786376953,79.83999633789062,79.94000244140625,36814196
2026-06-25,79.91000366210938,79.91000366210938,79.9800033569336,79.81999969482422,79.91999816894531,27568561
2026-06-26,79.83000183105469,79.83000183105469,79.94999694824219,79.80999755859375,79.81999969482422,24472201
2026-06-29,80.0,80.0,80.02999877929688,79.84770202636719,79.94999694824219,30683798
2026-06-30,79.98999786376953,79.98999786376953,80.05000305175781,79.94000244140625,80.0,35719873
2026-07-01,79.61000061035156,79.61000061035156,79.66000366210938,79.51499938964844,79.55999755859375,35755755
2026-07-02,79.70999908447266,79.70999908447266,79.79000091552734,79.66999816894531,79.7300033569336,25638675
2026-07-06,79.86499786376953,79.86499786376953,79.91000366210938,79.73999786376953,79.7300033569336,24131016
2026-07-07,79.76000213623047,79.76000213623047,79.875,79.71499633789062,79.8499984741211,26977115
2026-07-08,79.66000366210938,79.66000366210938,79.67990112304688,79.53500366210938,79.61000061035156,29362533
2026-07-09,79.75499725341797,79.75499725341797,79.86000061035156,79.66500091552734,79.7300033569336,20841803
