Price,Adj Close,Close,High,Low,Open,Volume
Ticker,SMH,SMH,SMH,SMH,SMH,SMH
Date,,,,,,
2000-06-05,41.9011116027832,49.34375,50.25,48.15625,48.75,296800
2000-06-06,40.17624282836914,47.3125,50.125,47.3125,49.25,445600
2000-06-07,40.839656829833984,48.09375,48.5,46.59375,47.875,431000
2000-06-08,41.02540969848633,48.3125,49.4375,47.90625,49.40625,390400
2000-06-09,41.87458419799805,49.3125,49.5,48.53125,49.125,195000
2000-06-12,40.25585174560547,47.40625,49.625,47.3125,49.625,112400
2000-06-13,41.95419692993164,49.40625,49.40625,46.65625,47.5,389000
2000-06-14,40.14971160888672,47.28125,49.4375,47.28125,49.40625,195000
2000-06-15,40.494686126708984,47.6875,48.34375,46.625,47.375,217800
2000-06-16,40.76004409790039,48.0,48.46875,47.28125,47.75,173800
2000-06-19,43.51984405517578,51.25,51.25,47.8125,48.1875,436400
2000-06-20,44.156715393066406,52.0,52.875,51.5,51.75,497000
2000-06-21,44.342472076416016,52.21875,52.59375,51.25,51.3125,371600
2000-06-22,42.139949798583984,49.625,51.75,49.5,51.75,782800
2000-06-23,41.396915435791016,48.75,50.09375,48.625,49.6875,685800
2000-06-26,41.396915435791016,48.75,49.6875,48.1875,49.1875,308000
2000-06-27,40.070091247558594,47.1875,49.21875,47.1875,49.125,472200
2000-06-28,40.28239059448242,47.4375,48.5625,47.3125,47.3125,457000
2000-06-29,39.35361862182617,46.34375,47.1875,45.625,46.875,563600
2000-06-30,39.910884857177734,47.0,47.40625,46.15625,46.5,916000
2000-07-03,40.8131217956543,48.0625,48.125,46.875,46.9375,105200
2000-07-05,37.62874221801758,44.3125,45.78125,44.0625,45.25,2724400
2000-07-06,39.16786193847656,46.125,46.375,44.0625,44.96875,2786800
2000-07-07,40.44160079956055,47.625,48.375,46.90625,47.125,359800
2000-07-10,40.38854217529297,47.5625,48.34375,47.25,47.75,187200
2000-07-11,39.75165557861328,46.8125,48.5625,46.28125,47.5,446400
2000-07-12,40.73350524902344,47.96875,48.59375,47.21875,47.9375,229200
2000-07-13,41.76844024658203,49.1875,49.96875,48.71875,49.0,288200
2000-07-14,43.04218673706055,50.6875,50.6875,49.375,50.125,272800
2000-07-17,43.70560073852539,51.46875,51.5625,50.0,50.6875,331000
2000-07-18,41.79496765136719,49.21875,50.65625,49.0,50.5,434800
2000-07-19,40.30892562866211,47.46875,49.15625,46.875,49.15625,745000
2000-07-20,39.67204666137695,46.71875,48.65625,46.34375,47.71875,544400
2000-07-21,38.05332946777344,44.8125,46.25,44.375,46.03125,1251400
2000-07-24,37.89411163330078,44.625,46.375,44.25,44.5,2472800
2000-07-25,39.406681060791016,46.40625,46.46875,45.15625,46.3125,548600
2000-07-26,37.68181991577149,44.375,45.0625,43.28125,44.625,1001600
2000-07-27,35.1077766418457,41.34375,42.6875,41.0,42.6875,1052800
2000-07-28,34.78934097290039,40.96875,42.5,40.125,41.9375,2704800
2000-07-31,35.9304084777832,42.3125,42.6875,40.46875,41.40625,429600
2000-08-01,34.73625946044922,40.90625,42.1875,40.6875,42.1875,1313600
2000-08-02,34.39129638671875,40.5,42.25,40.1875,40.90625,604000
2000-08-03,34.33820724487305,40.4375,40.4375,37.625,37.625,2842000
2000-08-04,33.4094352722168,39.34375,41.4375,38.75,41.4375,1529600
2000-08-07,34.39129638671875,40.5,40.8125,38.84375,39.25,550800
2000-08-08,34.41783142089844,40.53125,41.0625,40.25,40.625,412600
2000-08-09,35.426212310791016,41.71875,42.5625,41.5625,42.125,719800
2000-08-10,34.57704544067383,40.71875,41.96875,40.5625,41.5625,1133200
2000-08-11,35.1077766418457,41.34375,41.53125,39.40625,40.6875,632200
2000-08-14,37.25722885131836,43.875,44.0,41.5,42.1875,1006000
2000-08-15,38.477909088134766,45.3125,45.75,44.25,44.25,1997200
2000-08-16,39.59244155883789,46.625,47.0,46.03125,46.25,1496800
2000-08-17,40.36199951171875,47.53125,47.875,46.15625,46.5,745200
2000-08-18,41.37038803100586,48.71875,49.40625,48.1875,48.75,1050600
2000-08-21,40.3354606628418,47.5,49.375,47.125,49.09375,1581200
2000-08-22,40.73350524902344,47.96875,48.6875,47.59375,48.0,936600
2000-08-23,42.352237701416016,49.875,49.875,47.125,47.5,889400
2000-08-24,42.139949798583984,49.625,49.96875,49.03125,49.5625,2990800
2000-08-25,41.60921859741211,49.0,49.9375,48.59375,49.5,602600
2000-08-28,41.821502685546875,49.25,49.78125,48.71875,48.875,424400
2000-08-29,41.50306701660156,48.875,49.28125,48.625,49.0625,1217200
2000-08-30,41.10502243041992,48.40625,48.84375,47.875,48.84375,500200
2000-08-31,41.9011116027832,49.34375,49.8125,48.3125,48.6875,1105800
2000-09-01,41.55615234375,48.9375,50.34375,48.625,50.1875,1638600
2000-09-05,40.38854217529297,47.5625,48.5,47.34375,48.3125,708800
2000-09-06,37.81449508666992,44.53125,46.4375,44.53125,46.375,952800
2000-09-07,39.06171798706055,46.0,46.375,44.8125,45.125,685000
2000-09-08,37.204158782958984,43.8125,45.75,43.8125,45.75,649400
2000-09-11,36.620357513427734,43.125,44.71875,42.625,43.5,681200
2000-09-12,35.74465560913086,42.09375,44.21875,42.0,43.625,853800
2000-09-13,36.03655624389648,42.4375,42.46875,41.1875,41.1875,1732800
2000-09-14,36.010013580322266,42.40625,43.75,42.3125,43.5,473200
2000-09-15,35.134307861328125,41.375,42.4375,40.9375,41.75,632200
2000-09-18,34.39129638671875,40.5,42.6875,40.25,41.75,300000
2000-09-19,36.96533203125,43.53125,43.5625,40.59375,41.25,1573600
2000-09-20,37.25722885131836,43.875,44.28125,42.1875,43.375,1064800
2000-09-21,35.77118682861328,42.125,43.59375,41.96875,43.46875,598600
2000-09-22,33.17061233520508,39.0625,39.1875,37.53125,37.5625,2000600
2000-09-25,31.423450469970703,37.005001068115234,40.125,36.849998474121094,40.125,599200
2000-09-26,31.10076332092285,36.625,37.875,36.224998474121094,37.150001525878906,665800
2000-09-27,30.78232765197754,36.25,37.724998474121094,35.779998779296875,37.599998474121094,1632600
2000-09-28,31.737638473510746,37.375,37.599998474121094,36.275001525878906,36.625,1122200
2000-09-29,30.187908172607425,35.54999923706055,36.900001525878906,35.400001525878906,36.900001525878906,711600
2000-10-02,29.50857734680176,34.75,36.349998474121094,34.505001068115234,36.244998931884766,714000
2000-10-03,29.062761306762695,34.224998474121094,35.869998931884766,33.935001373291016,35.25,1486000
2000-10-04,30.57003593444824,36.0,36.099998474121094,34.125,34.42499923706055,1545200
2000-10-05,29.8057804107666,35.099998474121094,36.0,34.625,35.25,1233000
2000-10-06,28.74432945251465,33.849998474121094,35.619998931884766,33.125,35.125,1237400
2000-10-09,28.23482131958008,33.25,33.875,31.649999618530273,33.599998474121094,1370000
2000-10-10,25.619386672973633,30.170000076293945,32.0,29.655000686645508,31.799999237060547,2466400
2000-10-11,25.45380210876465,29.975000381469727,31.350000381469727,28.875,28.875,3080800
2000-10-12,24.880611419677734,29.299999237060547,31.5,29.1200008392334,31.375,2130400
2000-10-13,27.491804122924805,32.375,32.474998474121094,29.375,29.44499969482422,1336000
2000-10-16,25.92084312438965,30.524999618530273,32.095001220703125,30.25,32.095001220703125,1334000
2000-10-17,24.51122283935547,28.864999771118164,30.299999237060547,28.0049991607666,30.25,2259400
2000-10-18,24.031444549560547,28.299999237060547,30.25,26.875,27.524999618530273,2096800
2000-10-19,27.916383743286133,32.875,32.994998931884766,30.55500030517578,32.0,2875600
2000-10-20,28.340974807739254,33.375,34.25,32.10499954223633,32.494998931884766,3007600
2000-10-23,28.99907875061035,34.150001525878906,35.17499923706055,33.275001525878906,33.900001525878906,985000
2000-10-24,27.067216873168945,31.875,33.625,31.5049991607666,33.625,1131800
2000-10-25,24.96128273010254,29.395000457763672,30.75,29.0049991607666,29.75,1765400
2000-10-26,26.260509490966797,30.924999237060547,31.0,28.655000686645508,29.399999618530273,1894800
2000-10-27,26.196821212768555,30.850000381469727,31.9950008392334,30.0,31.9950008392334,1690800
2000-10-30,26.379392623901367,31.065000534057617,31.75,30.1299991607666,30.875,1611400
2000-10-31,27.916383743286133,32.875,33.494998931884766,31.950000762939453,31.9950008392334,1395800
2000-11-01,26.918611526489254,31.700000762939453,32.529998779296875,31.075000762939453,31.69499969482422,956200
2000-11-02,27.597949981689453,32.5,33.13999938964844,32.099998474121094,32.92499923706055,865000
2000-11-03,27.381410598754883,32.244998931884766,32.75,31.899999618530273,32.459999084472656,309800
2000-11-06,27.385658264160156,32.25,32.79999923706055,32.25,32.70000076293945,340600
2000-11-07,26.10765838623047,30.7450008392334,31.43000030517578,30.3799991607666,31.299999237060547,692400
2000-11-08,24.05267333984375,28.325000762939453,30.700000762939453,28.155000686645508,30.549999237060547,1678400
2000-11-09,23.988988876342773,28.25,28.600000381469727,26.774999618530273,27.0049991607666,769800
2000-11-10,22.50294303894043,26.5,27.399999618530273,26.30500030517578,27.399999618530273,1135200
2000-11-13,23.479488372802734,27.649999618530273,28.549999237060547,25.600000381469727,25.600000381469727,2118000
2000-11-14,24.81692886352539,29.225000381469727,29.469999313354492,28.0,29.125,1358400
2000-11-15,25.94207000732422,30.549999237060547,31.219999313354492,29.5,29.5,1043800
2000-11-16,24.540945053100582,28.899999618530273,30.350000381469727,28.8799991607666,30.1200008392334,1256200
2000-11-17,24.47726058959961,28.825000762939453,29.799999237060547,27.655000686645508,28.899999618530273,528000
2000-11-20,24.158824920654297,28.450000762939453,29.469999313354492,27.600000381469727,27.799999237060547,2001400
2000-11-21,23.64507293701172,27.844999313354492,28.799999237060547,27.559999465942383,28.5,1045800
2000-11-22,23.13981819152832,27.25,28.799999237060547,27.049999237060547,28.25,3145000
2000-11-24,24.833908081054688,29.2450008392334,29.2450008392334,27.704999923706055,28.375,747800
2000-11-27,23.479488372802734,27.649999618530273,29.950000762939453,27.5049991607666,29.950000762939453,2604800
2000-11-28,21.86606788635254,25.75,27.959999084472656,25.6299991607666,27.5049991607666,2545200
2000-11-29,22.11656951904297,26.045000076293945,26.68000030517578,25.100000381469727,26.049999237060547,2353400
2000-11-30,20.380022048950195,24.0,24.579999923706055,23.13999938964844,24.149999618530273,4068600
2000-12-01,20.21868133544922,23.809999465942383,25.049999237060547,23.25,24.375,1524400
2000-12-04,20.363040924072266,23.979999542236328,24.78499984741211,23.1299991607666,24.25,994800
2000-12-05,22.49869728088379,26.4950008392334,26.4950008392334,24.75,24.75,3228200
2000-12-06,21.5688533782959,25.399999618530273,26.979999542236328,25.15999984741211,26.114999771118164,1331200
2000-12-07,21.13578414916992,24.88999938964844,25.25,24.295000076293945,24.614999771118164,847000
2000-12-08,23.4582576751709,27.625,27.739999771118164,26.25,27.25,1542800
2000-12-11,25.13536262512207,29.600000381469727,29.940000534057617,27.149999618530273,27.625,2652800
2000-12-12,24.28619384765625,28.600000381469727,29.145000457763672,28.325000762939453,28.98500061035156,1477200
2000-12-13,22.651546478271484,26.674999237060547,29.0,26.625,29.0,1555400
2000-12-14,22.38405990600586,26.36000061035156,27.5,26.28499984741211,27.149999618530273,980200
2000-12-15,21.781147003173828,25.649999618530273,26.420000076293945,25.125,25.375,1680600
2000-12-18,21.75992202758789,25.625,26.575000762939453,25.315000534057617,26.375,1199200
2000-12-19,21.48394203186035,25.299999237060547,27.61000061035156,25.270000457763672,26.0,2960800
2000-12-20,20.210187911987305,23.799999237060547,25.200000762939453,23.61000061035156,24.5,1229400
2000-12-21,20.1677303314209,23.75,25.204999923706055,23.125,24.375,2863200
2000-12-22,21.54762840270996,25.375,25.4950008392334,24.23500061035156,24.700000762939453,1924800
2000-12-26,21.314109802246097,25.100000381469727,25.799999237060547,24.5,25.75,875600
2000-12-27,22.354339599609375,26.325000762939453,26.450000762939453,24.75,25.0,1077200
2000-12-28,21.768413543701172,25.635000228881836,26.375,25.125,25.75,1441600
2000-12-29,20.804609298706055,24.5,25.934999465942383,24.25,25.934999465942383,1852000
2001-01-02,20.507396697998047,24.149999618530273,25.184999465942383,23.6299991607666,24.875,4358800
2001-01-03,23.882841110229492,28.125,28.219999313354492,23.100000381469727,24.149999618530273,4023200
2001-01-04,23.144067764282227,27.2549991607666,28.649999618530273,26.924999237060547,28.0,3143200
2001-01-05,21.75992202758789,25.625,27.350000381469727,25.38999938964844,27.0049991607666,3702400
2001-01-08,22.074113845825195,25.9950008392334,26.1299991607666,24.5049991607666,25.25,1833800
2001-01-09,21.696229934692383,25.549999237060547,26.450000762939453,25.325000762939453,26.450000762939453,1824000
2001-01-10,22.63031578063965,26.649999618530273,26.98500061035156,24.774999618530273,24.795000076293945,3756200
2001-01-11,23.87010383605957,28.11000061035156,28.440000534057617,26.05500030517578,26.395000457763672,3164400
2001-01-12,23.543174743652344,27.725000381469727,28.795000076293945,27.030000686645508,28.25,2275400
2001-01-16,22.715232849121097,26.75,27.3700008392334,26.25,27.2549991607666,1289800
2001-01-17,23.908313751220703,28.155000686645508,29.450000762939453,27.875,28.875,3379200
2001-01-18,25.262739181518555,29.75,29.93000030517578,27.415000915527344,27.600000381469727,3050200
2001-01-19,25.351898193359375,29.854999542236328,30.46500015258789,29.299999237060547,29.899999618530273,1746000
2001-01-22,24.732006072998047,29.125,29.920000076293945,28.75,29.299999237060547,816000
2001-01-23,24.90184211730957,29.325000762939453,29.549999237060547,28.25,28.625,1693200
2001-01-24,24.85938262939453,29.274999618530273,30.065000534057617,28.950000762939453,29.450000762939453,1155200
2001-01-25,23.9465274810791,28.200000762939453,29.299999237060547,27.8799991607666,28.799999237060547,2980600
2001-01-26,24.05267333984375,28.325000762939453,28.36000061035156,27.149999618530273,27.2549991607666,2968200
2001-01-29,24.68954849243164,29.075000762939453,29.219999313354492,27.375,27.975000381469727,821600
2001-01-30,25.13536262512207,29.600000381469727,30.059999465942383,29.05500030517578,29.434999465942383,1775600
2001-01-31,25.054691314697266,29.5049991607666,30.93000030517578,29.454999923706055,29.799999237060547,3378000
2001-02-01,24.90184211730957,29.325000762939453,29.9950008392334,28.809999465942383,29.25,1296000
2001-02-02,23.81915283203125,28.049999237060547,30.0,27.899999618530273,29.65999984741211,1830200
2001-02-05,22.88081741333008,26.94499969482422,27.364999771118164,26.26499938964844,27.155000686645508,2121200
2001-02-06,22.931772232055664,27.0049991607666,27.844999313354492,26.809999465942383,26.809999465942383,1716200
2001-02-07,22.184505462646484,26.125,27.174999237060547,25.450000762939453,26.71500015258789,1684000
2001-02-08,21.87880516052246,25.76499938964844,26.969999313354492,25.76499938964844,26.19499969482422,1128800
2001-02-09,21.611312866210938,25.450000762939453,26.34000015258789,25.135000228881836,25.895000457763672,2994600
2001-02-12,22.05288314819336,25.969999313354492,26.44499969482422,25.145000457763672,25.30500030517578,1808400
2001-02-13,21.47545051574707,25.290000915527344,26.649999618530273,25.21500015258789,26.049999237060547,1668800
2001-02-14,22.931772232055664,27.0049991607666,27.25,25.135000228881836,25.5,2181600
2001-02-15,23.77669334411621,28.0,28.739999771118164,27.604999542236328,28.125,4371400
2001-02-16,22.34160041809082,26.309999465942383,27.385000228881836,25.8799991607666,26.5049991607666,2338800
2001-02-20,20.677230834960938,24.350000381469727,26.424999237060547,24.25,26.424999237060547,1800400
2001-02-21,20.46493911743164,24.100000381469727,25.5,23.940000534057617,24.125,3874800
2001-02-22,20.1677303314209,23.75,24.94499969482422,23.200000762939453,24.350000381469727,2580600
2001-02-23,20.12527656555176,23.700000762939453,23.700000762939453,22.165000915527344,23.5,2866000
2001-02-26,19.530858993530273,23.0,23.799999237060547,22.3799991607666,23.649999618530273,2520400
2001-02-27,18.715656280517575,22.040000915527344,23.350000381469727,22.0,22.75,3024800
2001-02-28,17.768831253051758,20.924999237060547,22.329999923706055,20.75,21.950000762939453,2909600
2001-03-01,18.93643569946289,22.299999237060547,22.399999618530273,20.225000381469727,20.524999618530273,5134000
2001-03-02,19.250629425048828,22.670000076293945,24.260000228881836,21.55500030517578,21.649999618530273,5401200
2001-03-05,19.959686279296875,23.5049991607666,23.950000762939453,23.125,23.25,2389800
2001-03-06,21.055112838745117,24.795000076293945,25.6200008392334,24.774999618530273,25.075000762939453,16730800
2001-03-07,20.889524459838867,24.600000381469727,24.850000381469727,24.26499938964844,24.799999237060547,2566800
2001-03-08,20.889524459838867,24.600000381469727,24.899999618530273,24.219999313354492,24.799999237060547,1757400
2001-03-09,19.526609420776367,22.9950008392334,23.725000381469727,22.665000915527344,23.375,2593600
2001-03-12,18.7666072845459,22.100000381469727,23.34000015258789,21.780000686645508,21.875,6071400
2001-03-13,19.70069122314453,23.200000762939453,23.450000762939453,22.024999618530273,22.100000381469727,4716200
2001-03-14,19.488401412963867,22.950000762939453,23.795000076293945,22.125,22.625,4647800
2001-03-15,18.95342254638672,22.31999969482422,23.875,22.204999923706055,23.875,5641800
2001-03-16,18.367496490478516,21.6299991607666,22.5,21.3799991607666,22.049999237060547,3460400
2001-03-19,19.10626983642578,22.5,22.625,21.2549991607666,21.850000381469727,5732800
2001-03-20,17.93866729736328,21.125,23.03499984741211,20.959999084472656,22.825000762939453,4161000
2001-03-21,18.550067901611328,21.844999313354492,22.56999969482422,21.0049991607666,21.100000381469727,3990600
2001-03-22,20.469188690185547,24.104999542236328,24.350000381469727,22.299999237060547,22.625,5041200
2001-03-23,20.931983947753903,24.649999618530273,25.2450008392334,23.5,24.9950008392334,5615600
2001-03-26,20.184717178344727,23.770000457763672,24.799999237060547,23.0,24.799999237060547,3329800
2001-03-27,20.29510498046875,23.899999618530273,24.5,23.100000381469727,23.25,2847800
2001-03-28,18.809064865112305,22.149999618530273,23.844999313354492,21.924999237060547,23.649999618530273,3430400
2001-03-29,18.384475708007812,21.649999618530273,22.75,21.100000381469727,21.725000381469727,4366200
2001-03-30,17.615983963012695,20.7450008392334,21.25,20.2549991607666,21.200000762939453,4833000
2001-04-02,16.4313907623291,19.350000381469727,21.19499969482422,18.899999618530273,20.5,5228000
2001-04-03,15.964357376098633,18.799999237060547,19.65999984741211,18.600000381469727,19.149999618530273,4251000
2001-04-04,14.987807273864746,17.649999618530273,19.040000915527344,17.405000686645508,18.405000686645508,4815000
2001-04-05,17.02581214904785,20.049999237060547,20.334999084472656,18.725000381469727,18.950000762939453,4108600
2001-04-06,15.862454414367676,18.68000030517578,19.575000762939453,18.354999542236328,19.5,3519400
2001-04-09,15.454851150512695,18.200000762939453,19.049999237060547,17.5049991607666,18.674999237060547,3448000
2001-04-10,16.855981826782227,19.850000381469727,20.25,18.325000762939453,18.325000762939453,3418000
2001-04-11,18.677446365356445,21.9950008392334,23.5,21.625,23.5,9280400
2001-04-12,19.679460525512695,23.174999237060547,23.434999465942383,21.049999237060547,21.575000762939453,6870400
2001-04-16,18.677446365356445,21.9950008392334,22.545000076293945,21.475000381469727,22.149999618530273,3574200
2001-04-17,18.660459518432617,21.975000381469727,22.649999618530273,21.024999618530273,21.375,4550400
2001-04-18,21.059356689453125,24.799999237060547,27.0,23.5,23.5,7028000
2001-04-19,22.50294303894043,26.5,26.6200008392334,24.450000762939453,24.725000381469727,4568400
2001-04-20,22.01466941833496,25.924999237060547,26.920000076293945,25.440000534057617,26.170000076293945,5971200
2001-04-23,20.74091529846191,24.424999237060547,25.100000381469727,24.024999618530273,24.875,4101400
2001-04-24,20.210187911987305,23.799999237060547,25.4950008392334,23.549999237060547,24.325000762939453,4200600
2001-04-25,20.59231758117676,24.25,24.600000381469727,23.315000534057617,23.875,2973400
2001-04-26,20.019126892089844,23.575000762939453,24.68000030517578,23.399999618530273,24.4950008392334,2565800
2001-04-27,21.01689910888672,24.75,24.850000381469727,24.100000381469727,24.350000381469727,2673200
2001-04-30,21.781147003173828,25.649999618530273,26.350000381469727,24.9950008392334,25.19499969482422,2824400
2001-05-01,22.05712890625,25.975000381469727,25.989999771118164,24.924999237060547,25.350000381469727,3393400
2001-05-02,22.418025970458984,26.399999618530273,26.924999237060547,26.075000762939453,26.450000762939453,3009400
2001-05-03,21.42874526977539,25.23500061035156,25.6299991607666,24.950000762939453,25.575000762939453,2748200
2001-05-04,21.462711334228516,25.274999618530273,25.450000762939453,24.225000381469727,24.399999618530273,3432400
2001-05-07,21.35656356811523,25.149999618530273,25.80500030517578,24.899999618530273,25.475000381469727,1783200
2001-05-08,21.65802001953125,25.5049991607666,25.7450008392334,25.09000015258789,25.145000457763672,2246200
2001-05-09,20.847064971923828,24.549999237060547,25.05500030517578,24.25,24.674999237060547,6997600
2001-05-10,20.762147903442383,24.450000762939453,25.59000015258789,24.354999542236328,25.59000015258789,3366400
2001-05-11,20.44371032714844,24.075000762939453,24.950000762939453,23.920000076293945,24.450000762939453,2026400
2001-05-14,19.976667404174805,23.524999618530273,24.020000457763672,23.125,23.924999237060547,2794000
2001-05-15,20.08281517028809,23.649999618530273,24.450000762939453,23.38999938964844,23.600000381469727,4454400
2001-05-16,21.18673324584961,24.950000762939453,25.049999237060547,23.200000762939453,23.200000762939453,6721000
2001-05-17,21.52640151977539,25.350000381469727,25.674999237060547,24.8700008392334,24.9950008392334,4303200
2001-05-18,21.632543563842773,25.475000381469727,25.670000076293945,24.924999237060547,25.184999465942383,2009600
2001-05-21,23.097362518310547,27.200000762939453,27.200000762939453,25.350000381469727,25.375,7223600
2001-05-22,22.63031578063965,26.649999618530273,27.450000762939453,26.600000381469727,27.325000762939453,3235800
2001-05-23,21.611312866210938,25.450000762939453,26.23500061035156,25.399999618530273,26.149999618530273,3432200
2001-05-24,21.590087890625,25.424999237060547,25.61000061035156,24.700000762939453,25.350000381469727,7104000
2001-05-25,21.420257568359375,25.225000381469727,25.75,25.100000381469727,25.649999618530273,3616400
2001-05-29,20.45220184326172,24.084999084472656,24.8700008392334,23.969999313354492,24.774999618530273,3124800
2001-05-30,19.127498626708984,22.524999618530273,23.75,22.274999618530273,23.75,5665000
2001-05-31,19.530858993530273,23.0,23.5,22.600000381469727,22.7450008392334,3288600
2001-06-01,20.210187911987305,23.799999237060547,24.049999237060547,22.670000076293945,23.625,8287600
2001-06-04,19.938457489013672,23.479999542236328,24.020000457763672,23.225000381469727,23.75,2569200
2001-06-05,21.18673324584961,24.950000762939453,25.2450008392334,24.0,24.024999618530273,3382400
2001-06-06,21.038129806518555,24.774999618530273,25.225000381469727,24.325000762939453,24.75,3234400
2001-06-07,22.64729881286621,26.670000076293945,26.684999465942383,24.700000762939453,24.700000762939453,9018200
2001-06-08,21.917016983032227,25.809999465942383,26.649999618530273,25.549999237060547,26.350000381469727,3701400
2001-06-11,21.19947052001953,24.96500015258789,25.450000762939453,24.674999237060547,25.450000762939453,3718800
2001-06-12,21.1612606048584,24.920000076293945,25.200000762939453,23.549999237060547,23.850000381469727,4293200
2001-06-13,20.541364669799805,24.190000534057617,25.344999313354492,24.104999542236328,24.975000381469727,4515400
2001-06-14,19.382247924804688,22.825000762939453,24.18000030517578,22.53499984741211,24.18000030517578,2861400
2001-06-15,19.382247924804688,22.825000762939453,23.280000686645508,22.0,22.475000381469727,4640600
2001-06-18,19.140239715576172,22.540000915527344,23.424999237060547,22.450000762939453,23.1299991607666,2341800
2001-06-19,18.681686401367188,22.0,23.59000015258789,21.61000061035156,23.424999237060547,5312600
2001-06-20,18.74537467956543,22.075000762939453,22.100000381469727,21.100000381469727,21.5,5687000
2001-06-21,18.70291519165039,22.024999618530273,22.325000762939453,21.475000381469727,22.0,4964400
2001-06-22,18.664705276489254,21.979999542236328,22.645000457763672,21.53499984741211,21.799999237060547,4388600
2001-06-25,19.195432662963867,22.604999542236328,22.6200008392334,22.0,22.549999237060547,1543800
2001-06-26,19.322811126708984,22.7549991607666,22.9950008392334,21.950000762939453,21.950000762939453,2418800
2001-06-27,19.085044860839844,22.475000381469727,22.799999237060547,22.200000762939453,22.625,1510000
2001-06-28,19.87052345275879,23.399999618530273,23.875,23.024999618530273,23.100000381469727,7251000
2001-06-29,20.46493911743164,24.100000381469727,24.690000534057617,23.43000030517578,23.43000030517578,3740800
2001-07-02,20.333316802978516,23.94499969482422,24.334999084472656,23.399999618530273,23.600000381469727,4513600
2001-07-03,20.39700698852539,24.020000457763672,24.125,23.5049991607666,23.5049991607666,1271600
2001-07-05,19.78560256958008,23.299999237060547,23.86000061035156,23.18000030517578,23.75,2664200
2001-07-06,18.2613468170166,21.5049991607666,22.600000381469727,21.5049991607666,22.5,4382200
2001-07-09,18.397214889526367,21.665000915527344,21.854999542236328,21.334999084472656,21.5049991607666,1794200
2001-07-10,17.666934967041016,20.80500030517578,22.0,20.709999084472656,21.9950008392334,4706800
2001-07-11,18.214645385742188,21.450000762939453,21.565000534057617,20.700000762939453,20.899999618530273,4387400
2001-07-12,19.649742126464844,23.13999938964844,23.25,21.98500061035156,21.98500061035156,6630400
2001-07-13,19.382247924804688,22.825000762939453,23.434999465942383,22.399999618530273,22.920000076293945,3418800
2001-07-16,18.32503890991211,21.579999923706055,22.975000381469727,21.459999084472656,22.864999771118164,4740800
2001-07-17,19.06381607055664,22.450000762939453,22.450000762939453,20.899999618530273,21.049999237060547,8150000
2001-07-18,18.31654930114746,21.56999969482422,22.834999084472656,21.385000228881836,22.834999084472656,3527600
2001-07-19,19.246383666992188,22.665000915527344,23.09000015258789,22.25,22.25,3283000
2001-07-20,18.93643569946289,22.299999237060547,22.424999237060547,21.78499984741211,22.1299991607666,2143200
2001-07-23,18.34202003479004,21.600000381469727,22.524999618530273,21.5049991607666,22.4950008392334,2278800
2001-07-24,18.05330467224121,21.260000228881836,22.0,21.05500030517578,21.5,4098800
2001-07-25,18.35475730895996,21.614999771118164,21.614999771118164,20.61000061035156,21.450000762939453,3419800
2001-07-26,19.43320083618164,22.885000228881836,23.0,21.375,21.375,5015200
2001-07-27,19.65822982788086,23.149999618530273,23.450000762939453,22.774999618530273,22.979999542236328,3411200
2001-07-30,19.687952041625977,23.184999465942383,23.635000228881836,23.010000228881836,23.4950008392334,3097200
2001-07-31,19.78985023498535,23.30500030517578,23.954999923706055,23.0049991607666,23.204999923706055,4367600
2001-08-01,20.889524459838867,24.600000381469727,24.940000534057617,24.25,24.399999618530273,8189400
2001-08-02,21.590087890625,25.424999237060547,25.450000762939453,24.885000228881836,24.954999923706055,9092000
2001-08-03,21.13578414916992,24.88999938964844,25.174999237060547,24.68000030517578,25.174999237060547,3333400
2001-08-06,20.728179931640625,24.40999984741211,24.524999618530273,24.149999618530273,24.204999923706055,2428400
2001-08-07,20.28661346435547,23.88999938964844,24.399999618530273,23.510000228881836,23.850000381469727,3733400
2001-08-08,19.33979034423828,22.774999618530273,24.309999465942383,22.649999618530273,23.885000228881836,6499600
2001-08-09,19.42470932006836,22.875,23.149999618530273,22.459999084472656,22.575000762939453,3651800
2001-08-10,19.611526489257812,23.094999313354492,23.239999771118164,22.190000534057617,22.9950008392334,5276200
2001-08-13,19.989404678344727,23.540000915527344,23.61000061035156,23.05500030517578,23.549999237060547,2668000
2001-08-14,19.683706283569336,23.18000030517578,23.799999237060547,23.149999618530273,23.700000762939453,2923000
2001-08-15,19.08928871154785,22.479999542236328,23.469999313354492,22.424999237060547,23.274999618530273,1397800
2001-08-16,19.42470932006836,22.875,22.924999237060547,21.809999465942383,22.1299991607666,5649600
2001-08-17,18.494873046875,21.780000686645508,22.475000381469727,21.674999237060547,22.200000762939453,3267800
2001-08-20,18.732637405395508,22.059999465942383,22.25,21.719999313354492,21.719999313354492,2078200
2001-08-21,17.83251953125,21.0,22.174999237060547,21.0,22.149999618530273,3732000
2001-08-22,18.660459518432617,21.975000381469727,22.075000762939453,21.135000228881836,21.5,5888600
2001-08-23,18.613754272460938,21.920000076293945,22.375,21.850000381469727,21.969999313354492,3618600
2001-08-24,19.620019912719727,23.104999542236328,23.18000030517578,22.149999618530273,22.350000381469727,4956600
2001-08-27,19.921472549438477,23.459999084472656,23.84000015258789,22.959999084472656,23.100000381469727,3547800
2001-08-28,19.386499404907227,22.829999923706055,23.75,22.829999923706055,23.75,4719000
2001-08-29,18.7878360748291,22.125,23.149999618530273,21.915000915527344,23.125,4114600
2001-08-30,18.31654930114746,21.56999969482422,22.114999771118164,21.299999237060547,21.774999618530273,4030400
2001-08-31,18.596771240234375,21.899999618530273,22.09000015258789,21.25,21.25,3470600
2001-09-04,17.900453567504883,21.079999923706055,22.219999313354492,21.06999969482422,21.549999237060547,5781800
2001-09-05,17.828277587890625,20.9950008392334,21.424999237060547,20.100000381469727,21.075000762939453,8726600
2001-09-06,16.945140838623047,19.954999923706055,20.844999313354492,19.8799991607666,20.600000381469727,7081600
2001-09-07,16.885704040527344,19.885000228881836,20.7450008392334,19.65999984741211,20.0,6735000
2001-09-10,16.800785064697266,19.78499984741211,20.34000015258789,19.510000228881836,19.850000381469727,4317600
2001-09-17,15.242560386657717,17.950000762939453,18.760000228881836,17.875,18.299999237060547,4544200
2001-09-18,14.23629665374756,16.764999389648438,18.3700008392334,16.674999237060547,18.100000381469727,3632400
2001-09-19,13.67159938812256,16.100000381469727,17.100000381469727,14.824999809265137,16.825000762939453,7587400
2001-09-20,12.76298999786377,15.029999732971191,16.2450008392334,14.949999809265137,15.795000076293944,4841800
2001-09-21,12.448798179626465,14.65999984741211,15.045000076293944,13.904999732971191,14.100000381469728,5362000
2001-09-24,13.225787162780762,15.574999809265137,15.949999809265137,15.005000114440918,15.399999618530272,4876200
2001-09-25,13.395621299743652,15.774999618530272,16.225000381469727,15.050000190734863,15.675000190734863,6075600
2001-09-26,12.516729354858398,14.739999771118164,15.850000381469728,14.654999732971191,15.850000381469728,4057800
2001-09-27,12.244997024536133,14.420000076293944,14.675000190734863,13.654999732971191,14.670000076293944,6456000
2001-09-28,12.55069637298584,14.779999732971191,15.09000015258789,14.359999656677246,14.725000381469728,7476600
2001-10-01,12.29594612121582,14.479999542236328,15.0,14.274999618530272,14.779999732971191,3761200
2001-10-02,11.964773178100586,14.09000015258789,14.704999923706056,13.9350004196167,14.300000190734863,4968400
2001-10-03,13.119640350341797,15.449999809265137,15.8100004196167,13.80500030517578,13.850000381469728,11575200
2001-10-04,13.735286712646484,16.174999237060547,16.860000610351562,15.454999923706056,15.875,11761200
2001-10-05,13.858416557312012,16.31999969482422,16.565000534057617,15.31999969482422,15.850000381469728,7429200
2001-10-08,14.42735767364502,16.989999771118164,17.145000457763672,15.899999618530272,16.0,6286400
2001-10-09,13.714056968688965,16.149999618530273,17.0,16.075000762939453,17.0,6777400
2001-10-10,14.605684280395508,17.200000762939453,17.200000762939453,15.920000076293944,15.994999885559082,6140200
2001-10-11,15.989826202392578,18.829999923706055,18.899999618530273,17.799999237060547,17.799999237060547,7765000
2001-10-12,16.023792266845703,18.8700008392334,18.940000534057617,17.799999237060547,18.325000762939453,7369000
2001-10-15,15.32323169708252,18.045000076293945,18.25,17.6200008392334,18.149999618530273,4522600
2001-10-16,15.692618370056152,18.479999542236328,18.575000762939453,17.760000228881836,17.9950008392334,6255800
2001-10-17,14.771272659301758,17.395000457763672,19.125,17.395000457763672,19.0,9193600
2001-10-18,14.2405424118042,16.770000457763672,17.329999923706055,16.524999618530273,17.25,5731800
2001-10-19,14.4358491897583,17.0,17.239999771118164,16.3799991607666,16.649999618530273,4140200
2001-10-22,15.242560386657717,17.950000762939453,18.030000686645508,16.700000762939453,17.0,7748200
2001-10-23,15.106695175170898,17.790000915527344,18.524999618530273,17.524999618530273,18.0,5015000
2001-10-24,15.667147636413574,18.450000762939453,18.645000457763672,17.799999237060547,17.850000381469727,4106000
2001-10-25,16.456871032714844,19.3799991607666,19.450000762939453,17.725000381469727,17.950000762939453,7949000
2001-10-26,16.371952056884766,19.280000686645508,19.674999237060547,19.06999969482422,19.25,6475200
2001-10-29,15.157642364501951,17.850000381469727,19.094999313354492,17.850000381469727,19.0,4840200
2001-10-30,14.529258728027344,17.110000610351562,17.774999618530273,16.950000762939453,17.75,5244200
2001-10-31,15.166131973266602,17.860000610351562,18.530000686645508,17.625,17.625,7504400
2001-11-01,16.134187698364258,19.0,19.049999237060547,17.790000915527344,18.274999618530273,7567200
2001-11-02,16.473852157592773,19.399999618530273,19.5,18.774999618530273,19.0,8044000
2001-11-05,16.91117286682129,19.915000915527344,20.094999313354492,19.540000915527344,19.825000762939453,4794800
2001-11-06,17.594757080078125,20.719999313354492,20.774999618530273,19.625,19.625,6826000
2001-11-07,17.620227813720703,20.75,21.674999237060547,20.354999542236328,20.450000762939453,8559600
2001-11-08,17.301788330078125,20.375,21.78499984741211,20.225000381469727,21.0049991607666,12440800
2001-11-09,17.229612350463867,20.290000915527344,20.700000762939453,20.100000381469727,20.274999618530273,7300400
2001-11-12,17.662687301635742,20.799999237060547,21.049999237060547,19.549999237060547,19.549999237060547,8589000
2001-11-13,18.70291519165039,22.024999618530273,22.024999618530273,21.299999237060547,22.0,8974200
2001-11-14,18.55856132507324,21.854999542236328,22.350000381469727,21.299999237060547,22.024999618530273,10263600
2001-11-15,18.295318603515625,21.545000076293945,22.0,21.0,21.700000762939453,8651800
2001-11-16,18.112743377685547,21.329999923706055,21.739999771118164,21.1299991607666,21.5,5440400
2001-11-19,18.150959014892575,21.375,21.65999984741211,20.809999465942383,21.329999923706055,7319800
2001-11-20,17.123464584350586,20.165000915527344,21.1200008392334,20.040000915527344,21.024999618530273,7511000
2001-11-21,17.41642951965332,20.510000228881836,20.575000762939453,19.875,20.149999618530273,6806400
2001-11-23,17.683917999267578,20.825000762939453,20.93000030517578,20.149999618530273,20.4950008392334,2067000
2001-11-26,18.35900497436523,21.6200008392334,21.790000915527344,21.0,21.09000015258789,10230000
2001-11-27,18.537328720092773,21.829999923706055,22.3799991607666,20.940000534057617,21.5,10838600
2001-11-28,17.71363639831543,20.86000061035156,21.770000457763672,20.80500030517578,21.5,9193200
2001-11-29,18.392969131469727,21.65999984741211,21.670000076293945,20.719999313354492,21.125,13647000
2001-11-30,18.100011825561523,21.315000534057617,21.549999237060547,20.969999313354492,21.260000228881836,6360800
2001-12-03,17.790061950683594,20.950000762939453,21.549999237060547,20.885000228881836,21.149999618530273,6093400
2001-12-04,18.711410522460938,22.03499984741211,22.079999923706055,21.170000076293945,21.25,6602400
2001-12-05,20.05733871459961,23.6200008392334,23.834999084472656,22.0,22.5,10550200
2001-12-06,19.989404678344727,23.540000915527344,23.885000228881836,23.084999084472656,23.084999084472656,8619400
2001-12-07,19.505382537841797,22.969999313354492,23.674999237060547,22.575000762939453,23.545000076293945,9596400
2001-12-10,19.025598526000977,22.405000686645508,23.19499969482422,22.375,22.719999313354492,5174200
2001-12-11,19.127498626708984,22.524999618530273,23.200000762939453,22.450000762939453,22.795000076293945,6054200
2001-12-12,19.56482315063477,23.040000915527344,23.100000381469727,22.399999618530273,22.5,7548000
2001-12-13,18.303810119628903,21.55500030517578,22.40999984741211,21.55500030517578,22.350000381469727,7962200
2001-12-14,18.72414779663086,22.049999237060547,22.3700008392334,21.5,21.549999237060547,5922800
2001-12-17,19.059568405151367,22.44499969482422,22.684999465942383,22.174999237060547,22.299999237060547,7672800
2001-12-18,19.161470413208008,22.565000534057617,22.950000762939453,22.329999923706055,22.69499969482422,3443200
2001-12-19,18.252859115600582,21.4950008392334,22.170000076293945,21.475000381469727,21.825000762939453,7449200
2001-12-20,17.335758209228516,20.415000915527344,21.5,20.299999237060547,21.5,9744600
2001-12-21,17.790061950683594,20.950000762939453,21.075000762939453,20.420000076293945,20.420000076293945,6356600
2001-12-24,17.63721466064453,20.770000457763672,21.0,20.700000762939453,21.0,662000
2001-12-26,17.7943058013916,20.954999923706055,21.469999313354492,20.825000762939453,20.825000762939453,1541600
2001-12-27,18.1042537689209,21.31999969482422,21.479999542236328,21.15999984741211,21.31999969482422,1211800
2001-12-28,18.32928466796875,21.584999084472656,21.899999618530273,21.43000030517578,21.7450008392334,3294800
2001-12-31,17.768831253051758,20.924999237060547,21.579999923706055,20.850000381469727,21.575000762939453,4856400
2002-01-02,18.51185607910156,21.799999237060547,22.350000381469727,20.93000030517578,20.93000030517578,4525600
2002-01-03,20.023374557495117,23.579999923706055,23.7450008392334,22.174999237060547,22.375,9934200
2002-01-04,20.01063537597656,23.565000534057617,24.049999237060547,23.100000381469727,23.98500061035156,8863200
2002-01-07,19.64124870300293,23.1299991607666,23.895000457763672,22.924999237060547,23.8799991607666,10625600
2002-01-08,19.75164222717285,23.260000228881836,23.674999237060547,22.875,23.5,8912200
2002-01-09,19.7601318359375,23.270000457763672,24.225000381469727,23.05500030517578,23.26499938964844,9223800
2002-01-10,19.382247924804688,22.825000762939453,23.225000381469727,22.725000381469727,23.11000061035156,8157000
2002-01-11,19.233646392822266,22.649999618530273,23.315000534057617,22.510000228881836,23.0,4332600
2002-01-14,19.10626983642578,22.5,22.924999237060547,22.200000762939453,22.899999618530273,6640000
2002-01-15,19.042585372924805,22.424999237060547,22.774999618530273,22.125,22.5,4381200
2002-01-16,18.40146255493164,21.670000076293945,22.114999771118164,21.25,21.7549991607666,7518200
2002-01-17,18.660459518432617,21.975000381469727,22.0,21.350000381469727,22.0,5847600
2002-01-18,18.180681228637695,21.40999984741211,21.729999542236328,21.125,21.125,7768200
2002-01-22,17.28905487060547,20.36000061035156,21.549999237060547,20.309999465942383,21.5,8345400
2002-01-23,17.841012954711914,21.010000228881836,21.209999084472656,20.40999984741211,20.875,5906200
2002-01-24,18.10849952697754,21.325000762939453,21.700000762939453,21.0,21.0,6281800
2002-01-25,18.426939010620117,21.700000762939453,21.795000076293945,21.079999923706055,21.125,4466600
2002-01-28,18.70291519165039,22.024999618530273,22.200000762939453,21.59000015258789,22.0,3987400
2002-01-29,18.3207950592041,21.575000762939453,22.5,21.40999984741211,22.2549991607666,10455000
2002-01-30,19.042585372924805,22.424999237060547,22.424999237060547,21.30500030517578,21.475000381469727,7876200
2002-01-31,19.233646392822266,22.649999618530273,22.809999465942383,22.2549991607666,22.75,6951200
2002-02-01,19.0213565826416,22.399999618530273,22.84000015258789,22.15999984741211,22.63999938964844,5182200
2002-02-04,18.74537467956543,22.075000762939453,22.700000762939453,21.96500015258789,22.649999618530273,6421600
2002-02-05,18.681686401367188,22.0,22.469999313354492,21.649999618530273,22.049999237060547,6846000
2002-02-06,18.592527389526367,21.895000457763672,22.125,21.454999923706055,22.125,11288600
2002-02-07,17.853750228881836,21.024999618530273,22.049999237060547,21.0,22.049999237060547,9182400
2002-02-08,18.2231388092041,21.459999084472656,21.489999771118164,20.809999465942383,21.299999237060547,12888000
2002-02-11,18.97040557861328,22.34000015258789,22.38999938964844,21.559999465942383,21.65999984741211,5279000
2002-02-12,18.80057144165039,22.13999938964844,22.549999237060547,21.815000534057617,22.100000381469727,4519400
2002-02-13,19.41621780395508,22.864999771118164,22.864999771118164,22.225000381469727,22.5,6554000
2002-02-14,19.233646392822266,22.649999618530273,23.350000381469727,22.55500030517578,22.854999542236328,7275000
2002-02-15,18.893978118896484,22.25,22.924999237060547,22.125,22.575000762939453,8731000
2002-02-19,18.15519905090332,21.3799991607666,22.040000915527344,21.309999465942383,21.905000686645508,5210000
2002-02-20,18.367496490478516,21.6299991607666,21.68000030517578,20.674999237060547,21.5,11004200
2002-02-21,17.182907104492188,20.23500061035156,21.270000457763672,20.184999465942383,21.209999084472656,9152000
2002-02-22,17.23810386657715,20.299999237060547,20.729999542236328,19.950000762939453,20.354999542236328,8590800
2002-02-25,18.189170837402344,21.420000076293945,21.645000457763672,20.600000381469727,20.75,7747200
2002-02-26,17.951400756835938,21.13999938964844,21.614999771118164,20.75,21.450000762939453,7540600
2002-02-27,17.71788215637207,20.864999771118164,21.700000762939453,20.479999542236328,21.649999618530273,9612600
2002-02-28,17.136201858520508,20.18000030517578,21.125,20.135000228881836,21.0,8565000
2002-03-01,18.80057144165039,22.13999938964844,22.149999618530273,20.385000228881836,20.385000228881836,10518400
2002-03-04,19.92996597290039,23.469999313354492,23.549999237060547,22.174999237060547,22.295000076293945,13509600
2002-03-05,20.30359649658203,23.90999984741211,24.170000076293945,23.399999618530273,23.43000030517578,10701000
2002-03-06,20.210187911987305,23.799999237060547,23.954999923706055,23.190000534057617,23.649999618530273,13160000
2002-03-07,20.337566375732425,23.950000762939453,24.3700008392334,23.545000076293945,23.80500030517578,10481800
2002-03-08,21.144271850585938,24.899999618530273,25.094999313354492,23.954999923706055,23.954999923706055,14412800
2002-03-11,20.634775161743164,24.299999237060547,24.75,23.899999618530273,24.584999084472656,11168000
2002-03-12,19.99365234375,23.545000076293945,23.729999542236328,23.190000534057617,23.5049991607666,10002000
2002-03-13,19.335548400878903,22.770000457763672,23.190000534057617,22.510000228881836,22.975000381469727,16028000
2002-03-14,19.246383666992188,22.665000915527344,23.13999938964844,22.625,22.8799991607666,11523600
2002-03-15,19.80259132385254,23.31999969482422,23.3700008392334,22.674999237060547,22.674999237060547,10113400
2002-03-18,19.92996597290039,23.469999313354492,24.0,23.209999084472656,23.625,13614600
2002-03-19,20.138010025024418,23.71500015258789,23.979999542236328,23.334999084472656,23.575000762939453,5143400
2002-03-20,19.428955078125,22.8799991607666,23.399999618530273,22.875,23.399999618530273,8806600
2002-03-21,19.972421646118164,23.520000457763672,23.579999923706055,22.815000534057617,22.915000915527344,7488000
2002-03-22,19.637001037597656,23.125,23.6299991607666,23.094999313354492,23.53499984741211,9457600
2002-03-25,19.127498626708984,22.524999618530273,23.4950008392334,22.475000381469727,23.299999237060547,9542000
2002-03-26,19.594545364379883,23.075000762939453,23.329999923706055,22.399999618530273,22.475000381469727,7380400
2002-03-27,19.42470932006836,22.875,23.09000015258789,22.614999771118164,23.084999084472656,3586400
2002-03-28,19.755882263183594,23.26499938964844,23.645000457763672,23.200000762939453,23.274999618530273,4927000
2002-04-01,20.273876190185547,23.875,24.094999313354492,22.875,23.049999237060547,9501400
2002-04-02,19.628509521484375,23.114999771118164,23.594999313354492,23.079999923706055,23.424999237060547,8045400
2002-04-03,19.233646392822266,22.649999618530273,23.34000015258789,22.3700008392334,23.145000457763672,10371000
2002-04-04,19.492645263671875,22.954999923706055,23.190000534057617,22.5,22.549999237060547,6493200
2002-04-05,19.212417602539062,22.625,23.26499938964844,22.575000762939453,23.125,6820800
2002-04-08,19.276107788085938,22.700000762939453,22.825000762939453,21.80500030517578,22.0049991607666,8963800
2002-04-09,18.605262756347656,21.90999984741211,23.059999465942383,21.825000762939453,22.649999618530273,14191200
2002-04-10,18.84303092956543,22.190000534057617,22.299999237060547,21.399999618530273,21.96500015258789,12115600
2002-04-11,18.418447494506836,21.690000534057617,22.290000915527344,21.59000015258789,21.950000762939453,7984200
2002-04-12,18.5543155670166,21.850000381469727,21.989999771118164,21.475000381469727,21.875,6233600
2002-04-15,18.830293655395508,22.174999237060547,22.270000457763672,21.6299991607666,21.834999084472656,10977000
2002-04-16,19.77711296081543,23.290000915527344,23.420000076293945,23.024999618530273,23.065000534057617,14709000
2002-04-17,20.12102699279785,23.69499969482422,24.049999237060547,23.375,23.75,14244600
2002-04-18,19.611526489257812,23.094999313354492,23.575000762939453,22.700000762939453,23.36000061035156,14039200
2002-04-19,19.271862030029297,22.69499969482422,23.405000686645508,22.61000061035156,23.149999618530273,7623400
2002-04-22,19.076549530029297,22.46500015258789,22.625,22.13999938964844,22.625,3895600
2002-04-23,18.681686401367188,22.0,22.709999084472656,21.920000076293945,22.575000762939453,7027400
2002-04-24,18.095762252807617,21.309999465942383,22.299999237060547,21.18000030517578,22.100000381469727,9241400
2002-04-25,18.121238708496097,21.34000015258789,21.475000381469727,20.780000686645508,21.149999618530273,12456200
2002-04-26,17.38670539855957,20.475000381469727,21.635000228881836,20.34000015258789,21.56999969482422,15445600
2002-04-29,17.361234664916992,20.44499969482422,20.975000381469727,20.049999237060547,20.520000457763672,14037800
2002-04-30,17.607492446899414,20.73500061035156,21.399999618530273,20.350000381469727,20.424999237060547,11723400
2002-05-01,17.683917999267578,20.825000762939453,21.1200008392334,20.079999923706055,20.760000228881836,9807400
2002-05-02,16.940895080566406,19.950000762939453,21.25,19.850000381469727,20.825000762939453,18895200
2002-05-03,16.176645278930664,19.049999237060547,19.950000762939453,18.899999618530273,19.924999237060547,20783600
2002-05-06,15.828486442565918,18.63999938964844,19.5,18.59000015258789,19.049999237060547,9506800
2002-05-07,15.86669921875,18.684999465942383,19.094999313354492,18.225000381469727,18.895000457763672,12207600
2002-05-08,17.70514678955078,20.850000381469727,21.020000457763672,19.530000686645508,19.645000457763672,19284000
2002-05-09,17.170169830322266,20.219999313354492,20.924999237060547,20.1299991607666,20.524999618530273,10616200
2002-05-10,16.46535873413086,19.38999938964844,20.450000762939453,19.229999542236328,20.3700008392334,9991000
2002-05-13,17.395200729370117,20.48500061035156,20.524999618530273,19.55500030517578,19.594999313354492,10636800
2002-05-14,18.44816780090332,21.725000381469727,21.905000686645508,21.350000381469727,21.5,14262600
2002-05-15,18.34202003479004,21.600000381469727,22.399999618530273,21.0,21.475000381469727,10379200
2002-05-16,18.6307373046875,21.940000534057617,21.940000534057617,20.975000381469727,21.375,13786800
2002-05-17,18.72414779663086,22.049999237060547,22.26499938964844,21.600000381469727,22.049999237060547,16441400
2002-05-20,18.3207950592041,21.575000762939453,21.899999618530273,21.450000762939453,21.75,4079600
2002-05-21,17.87497901916504,21.049999237060547,21.899999618530273,20.84000015258789,21.725000381469727,7961400
2002-05-22,17.896209716796875,21.075000762939453,21.375,20.43000030517578,20.94499969482422,18249000
2002-05-23,17.747604370117188,20.899999618530273,21.145000457763672,20.100000381469727,21.049999237060547,8973200
2002-05-24,17.14044952392578,20.184999465942383,20.4950008392334,20.024999618530273,20.4950008392334,6819600
2002-05-28,17.064022064208984,20.094999313354492,20.325000762939453,19.674999237060547,20.315000534057617,7169000
2002-05-29,16.49508285522461,19.424999237060547,19.700000762939453,19.375,19.655000686645508,9268400
2002-05-30,16.452621459960938,19.375,19.475000381469727,18.725000381469727,19.225000381469727,14878000
2002-05-31,16.32524871826172,19.225000381469727,19.864999771118164,19.200000762939453,19.579999923706055,8683400
2002-06-03,15.603455543518066,18.375,19.225000381469727,18.309999465942383,19.225000381469727,8570600
2002-06-04,16.04926872253418,18.899999618530273,19.049999237060547,18.149999618530273,18.260000228881836,14630800
2002-06-05,16.16815185546875,19.040000915527344,19.174999237060547,18.5049991607666,19.0,10995000
2002-06-06,15.624685287475586,18.399999618530273,18.850000381469727,18.18000030517578,18.850000381469727,15391200
2002-06-07,14.733057975769045,17.350000381469727,17.575000762939453,16.700000762939453,17.125,17149800
2002-06-10,14.478306770324709,17.049999237060547,17.625,17.0049991607666,17.399999618530273,4425000
2002-06-11,13.930597305297852,16.405000686645508,17.399999618530273,16.364999771118164,17.25,7987800
2002-06-12,14.478306770324709,17.049999237060547,17.100000381469727,16.200000762939453,16.299999237060547,12734000
2002-06-13,14.18959140777588,16.709999084472656,17.350000381469727,16.5,17.0,11993800
2002-06-14,14.198080062866213,16.719999313354492,16.854999542236328,15.625,16.325000762939453,7002600
2002-06-17,14.941102027893066,17.594999313354492,17.684999465942383,16.924999237060547,16.924999237060547,6433800
2002-06-18,14.669371604919434,17.274999618530273,18.100000381469727,17.2549991607666,17.424999237060547,7046800
2002-06-19,13.692829132080078,16.125,16.899999618530273,16.024999618530273,16.799999237060547,11260800
2002-06-20,13.09416675567627,15.420000076293944,16.420000076293945,15.279999732971191,16.325000762939453,13054000
2002-06-21,12.631369590759276,14.875,15.55500030517578,14.699999809265137,15.399999618530272,12900000
2002-06-24,13.170587539672852,15.510000228881836,15.824999809265137,14.649999618530272,14.649999618530272,21691800
2002-06-25,12.631369590759276,14.875,15.975000381469728,14.774999618530272,15.704999923706056,14393000
2002-06-26,12.741761207580566,15.005000114440918,15.164999961853027,14.125,14.149999618530272,12720400
2002-06-27,13.132378578186035,15.46500015258789,15.699999809265137,14.875,15.625,18381800
2002-06-28,12.886119842529297,15.175000190734863,15.899999618530272,15.06999969482422,15.46500015258789,7975600
2002-07-01,12.304438591003418,14.489999771118164,15.375,14.399999618530272,15.050000190734863,8136600
2002-07-02,11.67605686187744,13.75,14.350000381469728,13.645000457763672,14.350000381469728,15534400
2002-07-03,12.266226768493652,14.44499969482422,14.449999809265137,13.550000190734863,13.550000190734863,14631200
2002-07-05,13.412602424621582,15.795000076293944,15.795000076293944,14.970000267028809,14.975000381469728,6111600
2002-07-08,12.758745193481444,15.024999618530272,15.899999618530272,14.850000381469728,15.649999618530272,10951800
2002-07-09,12.291702270507812,14.475000381469728,14.845000267028809,14.28499984741211,14.71500015258789,8122800
2002-07-10,11.71426773071289,13.795000076293944,14.625,13.755000114440918,14.625,8584400
2002-07-11,12.495500564575195,14.71500015258789,14.789999961853027,13.524999618530272,13.725000381469728,26312800
2002-07-12,12.614386558532717,14.854999542236328,15.199999809265137,14.5,15.020000457763672,17762600
2002-07-15,13.23427677154541,15.585000038146973,15.649999618530272,14.375,14.75,22122600
2002-07-16,12.894610404968262,15.1850004196167,16.094999313354492,15.029999732971191,15.375,24519400
2002-07-17,12.983773231506348,15.289999961853027,16.204999923706055,14.899999618530272,15.994999885559082,16215400
2002-07-18,12.588912010192873,14.824999809265137,15.460000038146973,14.824999809265137,15.255000114440918,12875800
2002-07-19,12.317177772521973,14.505000114440918,15.149999618530272,14.425000190734863,14.449999809265137,12777800
2002-07-22,11.986001014709473,14.114999771118164,14.895000457763672,13.9399995803833,14.5,14204200
2002-07-23,11.548681259155272,13.600000381469728,14.425000190734863,13.550000190734863,14.149999618530272,14867600
2002-07-24,12.058181762695312,14.199999809265137,14.270000457763672,13.050000190734863,13.149999618530272,26470000
2002-07-25,10.91180419921875,12.850000381469728,13.800000190734863,12.350000381469728,13.600000381469728,25344800
2002-07-26,10.903313636779783,12.84000015258789,13.175000190734863,12.364999771118164,12.824999809265137,11728800
2002-07-29,11.56990909576416,13.625,13.75,12.925000190734863,13.239999771118164,17119600
2002-07-30,11.8458890914917,13.949999809265137,14.09000015258789,13.300000190734863,13.324999809265137,15428400
2002-07-31,11.378846168518066,13.399999618530272,13.755000114440918,13.154999732971191,13.710000038146973,16096000
2002-08-01,10.652807235717772,12.545000076293944,13.550000190734863,12.505000114440918,13.399999618530272,11770400
2002-08-02,10.253698348999023,12.074999809265137,12.5,11.80500030517578,12.5,12167200
2002-08-05,9.638053894042969,11.350000381469728,12.15999984741211,11.100000381469728,12.024999618530272,5834800
2002-08-06,10.190011024475098,12.0,12.4399995803833,11.505000114440918,11.505000114440918,9894800
2002-08-07,10.402304649353027,12.25,12.725000381469728,11.630000114440918,12.524999618530272,14855400
2002-08-08,10.869345664978027,12.800000190734863,12.899999618530272,11.899999618530272,12.234999656677246,11799800
2002-08-09,10.741971015930176,12.649999618530272,12.899999618530272,12.265000343322754,12.475000381469728,6638400
2002-08-12,10.572135925292969,12.449999809265137,12.524999618530272,12.164999961853027,12.399999618530272,4401800
2002-08-13,10.168783187866213,11.975000381469728,12.875,11.899999618530272,12.300000190734863,15139200
2002-08-14,10.88633155822754,12.81999969482422,12.81999969482422,11.75,11.989999771118164,8688600
2002-08-15,11.060409545898438,13.024999618530272,13.449999809265137,12.600000381469728,12.984999656677246,9990600
2002-08-16,11.61661434173584,13.68000030517578,13.925000190734863,12.699999809265137,12.75,18815200
2002-08-19,12.06242561340332,14.204999923706056,14.46500015258789,13.550000190734863,13.6850004196167,9277400
2002-08-20,11.67605686187744,13.75,14.30500030517578,13.604999542236328,14.024999618530272,24751400
2002-08-21,12.160080909729004,14.31999969482422,14.479999542236328,13.75,13.949999809265137,11271800
2002-08-22,12.113377571105955,14.265000343322754,14.600000381469728,13.975000381469728,14.324999809265137,12766400
2002-08-23,11.361863136291504,13.380000114440918,14.220000267028809,13.135000228881836,13.850000381469728,10901400
2002-08-26,11.412813186645508,13.4399995803833,13.550000190734863,13.015000343322754,13.399999618530272,9093000
2002-08-27,10.767446517944336,12.68000030517578,13.5,12.625,13.5,9680200
2002-08-28,10.381073951721191,12.225000381469728,12.600000381469728,12.140000343322754,12.380000114440918,8015600
2002-08-29,10.37258243560791,12.21500015258789,12.449999809265137,11.8100004196167,11.90999984741211,11363600
2002-08-30,10.23246955871582,12.050000190734863,12.399999618530272,11.979999542236328,12.114999771118164,11244200
2002-09-03,9.786653518676758,11.524999618530272,11.899999618530272,11.460000038146973,11.854999542236328,9138400
2002-09-04,9.867327690124512,11.619999885559082,11.774999618530272,11.149999618530272,11.574999809265137,18191200
2002-09-05,9.45972728729248,11.140000343322754,11.40999984741211,11.010000228881836,11.40999984741211,13915400
2002-09-06,9.931015014648438,11.69499969482422,11.875,11.59000015258789,11.6899995803833,8806600
2002-09-09,9.90129566192627,11.65999984741211,11.774999618530272,11.0,11.574999809265137,9488400
2002-09-10,10.26219081878662,12.085000038146973,12.25,11.675000190734863,11.675000190734863,8979600
2002-09-11,10.406548500061035,12.255000114440918,12.625,11.600000381469728,11.600000381469728,8831400
2002-09-12,9.722968101501465,11.449999809265137,12.0,11.43000030517578,12.0,4524200
2002-09-13,9.672019958496094,11.390000343322754,11.69499969482422,11.255000114440918,11.399999618530272,4781000
2002-09-16,9.36207389831543,11.024999618530272,11.470000267028809,10.94499969482422,11.300000190734863,7587800
2002-09-17,9.17101001739502,10.800000190734863,11.449999809265137,10.774999618530272,11.375,8717800
2002-09-18,9.047881126403809,10.654999732971191,10.875,10.46500015258789,10.675000190734863,12697600
2002-09-19,8.767656326293945,10.324999809265137,10.744999885559082,10.3100004196167,10.5649995803833,11969000
2002-09-20,8.572349548339844,10.095000267028809,10.449999809265137,10.03499984741211,10.375,17159800
2002-09-23,8.130779266357422,9.574999809265137,10.024999618530272,9.5,10.024999618530272,10635200
2002-09-24,8.228435516357422,9.6899995803833,10.0649995803833,9.300000190734863,9.375,16041600
2002-09-25,8.805868148803711,10.369999885559082,10.574999809265137,9.81999969482422,9.975000381469728,14097800
2002-09-26,8.648772239685059,10.1850004196167,10.595000267028809,9.9350004196167,10.399999618530272,18902800
2002-09-27,8.49167537689209,10.0,10.5,9.850000381469728,9.954999923706056,9822200
2002-09-30,8.168993949890137,9.619999885559082,9.875,9.15999984741211,9.779999732971191,11033000
2002-10-01,8.610560417175293,10.140000343322754,10.375,9.539999961853027,9.75,13855000
2002-10-02,8.623298645019531,10.154999732971191,10.71500015258789,10.024999618530272,10.050000190734863,22960200
2002-10-03,8.147764205932617,9.595000267028809,10.164999961853027,9.56999969482422,10.050000190734863,14372800
2002-10-04,7.943962574005127,9.354999542236328,9.744999885559082,9.229999542236328,9.739999771118164,7535200
2002-10-07,7.748656272888184,9.125,9.470000267028809,9.029999732971191,9.390000343322754,7424600
2002-10-08,7.536362648010254,8.875,9.300000190734863,8.65999984741211,9.175000190734863,22586600
2002-10-09,7.502397537231445,8.835000038146973,9.220000267028809,8.694999694824219,8.699999809265137,21641000
2002-10-10,7.952454566955566,9.364999771118164,9.529999732971191,8.75,8.859999656677246,23787200
2002-10-11,8.644527435302734,10.18000030517578,10.364999771118164,9.625,9.649999618530272,26844800
2002-10-14,8.66150951385498,10.199999809265137,10.244999885559082,9.885000228881836,10.050000190734863,9294800
2002-10-15,9.48520278930664,11.170000076293944,11.175000190734863,10.80500030517578,10.960000038146973,23119800
2002-10-16,8.576591491699219,10.100000381469728,10.369999885559082,10.024999618530272,10.34000015258789,18907000
2002-10-17,9.15827465057373,10.78499984741211,10.979999542236328,10.600000381469728,10.899999618530272,20851400
2002-10-18,9.319616317749023,10.975000381469728,11.024999618530272,10.335000038146973,10.635000228881836,8080200
2002-10-21,9.773921012878418,11.510000228881836,11.600000381469728,10.654999732971191,10.875,16711600
2002-10-22,9.0818452835083,10.69499969482422,11.114999771118164,10.604999542236328,10.75,15800400
2002-10-23,9.773921012878418,11.510000228881836,11.55500030517578,10.635000228881836,10.6850004196167,25692800
2002-10-24,9.502184867858888,11.1899995803833,12.039999961853027,11.149999618530272,11.550000190734863,23422600
2002-10-25,10.054143905639648,11.84000015258789,11.84000015258789,11.175000190734863,11.199999809265137,13448400
2002-10-28,10.01168727874756,11.789999961853027,12.25,11.760000228881836,12.074999809265137,12329400
2002-10-29,9.735706329345703,11.46500015258789,11.875,11.03499984741211,11.774999618530272,12932000
2002-10-30,10.253698348999023,12.074999809265137,12.239999771118164,11.475000381469728,11.56999969482422,18877600
2002-10-31,10.181520462036133,11.989999771118164,12.345000267028809,11.8149995803833,12.09000015258789,19697200
2002-11-01,10.720742225646973,12.625,12.699999809265137,11.765000343322754,11.925000190734863,15349200
2002-11-04,11.128341674804688,13.104999542236328,13.59000015258789,12.925000190734863,13.050000190734863,20404000
2002-11-05,10.856608390808104,12.78499984741211,13.095000267028809,12.335000038146973,12.949999809265137,23718600
2002-11-06,11.230241775512695,13.225000381469728,13.25,12.21500015258789,12.875,16721400
2002-11-07,10.482975006103516,12.345000267028809,12.975000381469728,12.229999542236328,12.975000381469728,18308800
2002-11-08,10.359846115112305,12.199999809265137,12.600000381469728,11.880000114440918,12.225000381469728,25388800
2002-11-11,9.799396514892578,11.539999961853027,12.050000190734863,11.449999809265137,12.024999618530272,15048200
2002-11-12,10.143306732177734,11.94499969482422,12.25,11.574999809265137,11.574999809265137,16933400
2002-11-13,10.168783187866213,11.975000381469728,12.19499969482422,11.649999618530272,11.760000228881836,11355400
2002-11-14,10.869345664978027,12.800000190734863,12.84000015258789,11.979999542236328,11.979999542236328,17709600
2002-11-15,10.877838134765623,12.8100004196167,12.829999923706056,12.324999809265137,12.524999618530272,9643000
2002-11-18,10.805656433105469,12.725000381469728,13.225000381469728,12.725000381469728,12.8149995803833,11275200
2002-11-19,10.635825157165527,12.524999618530272,12.864999771118164,12.395000457763672,12.649999618530272,10924000
2002-11-20,11.336386680603027,13.350000381469728,13.399999618530272,12.600000381469728,12.614999771118164,15402800
2002-11-21,12.058181762695312,14.199999809265137,14.375,13.600000381469728,13.600000381469728,28648600
2002-11-22,12.058181762695312,14.199999809265137,14.479999542236328,13.975000381469728,14.050000190734863,16340800
2002-11-25,12.444551467895508,14.654999732971191,14.789999961853027,14.204999923706056,14.21500015258789,12255800
2002-11-26,11.994494438171388,14.125,14.609999656677246,14.029999732971191,14.609999656677246,12537200
2002-11-27,12.652597427368164,14.899999618530272,15.03499984741211,14.350000381469728,14.449999809265137,15283600
2002-11-29,12.440305709838867,14.649999618530272,15.149999618530272,14.625,14.904999732971191,6670000
2002-12-02,12.436060905456545,14.645000457763672,15.5,14.524999618530272,15.375,20104600
2002-12-03,11.88410186767578,13.994999885559082,14.619999885559082,13.949999809265137,14.619999885559082,10736600
2002-12-04,11.29392910003662,13.300000190734863,13.520000457763672,13.029999732971191,13.364999771118164,29938400
2002-12-05,11.124095916748049,13.100000381469728,13.6850004196167,12.93000030517578,13.619999885559082,14107600
2002-12-06,11.077390670776367,13.045000076293944,13.244999885559082,12.699999809265137,12.725000381469728,10737800
2002-12-09,10.351354598999023,12.1899995803833,12.850000381469728,12.149999618530272,12.800000190734863,15084400
2002-12-10,10.775938034057615,12.6899995803833,12.845000267028809,12.21500015258789,12.279999732971191,17759200
2002-12-11,10.78442668914795,12.699999809265137,12.989999771118164,12.375,12.404999732971191,16463600
2002-12-12,10.737725257873535,12.645000457763672,13.0,12.510000228881836,12.875,9108600
2002-12-13,10.308897018432615,12.140000343322754,12.43000030517578,12.125,12.43000030517578,15506400
2002-12-16,10.733477592468262,12.640000343322754,12.6850004196167,12.0600004196167,12.15999984741211,11364400
2002-12-17,10.644314765930176,12.53499984741211,12.875,12.425000190734863,12.59000015258789,26729800
2002-12-18,9.931015014648438,11.69499969482422,12.199999809265137,11.604999542236328,12.199999809265137,17792000
2002-12-19,9.871574401855469,11.625,11.949999809265137,11.350000381469728,11.69499969482422,24743200
2002-12-20,9.89280128479004,11.649999618530272,11.925000190734863,11.524999618530272,11.774999618530272,10114800
2002-12-23,10.075373649597168,11.864999771118164,12.0,11.595000267028809,11.595000267028809,6007400
2002-12-24,9.973472595214844,11.744999885559082,11.9350004196167,11.699999809265137,11.824999809265137,3725600
2002-12-26,9.914033889770508,11.675000190734863,12.06999969482422,11.609999656677246,11.84000015258789,6701000
2002-12-27,9.756936073303224,11.489999771118164,11.75,11.414999961853027,11.609999656677246,4347000
2002-12-30,9.48095703125,11.164999961853027,11.675000190734863,11.125,11.675000190734863,6787200
2002-12-31,9.404532432556152,11.074999809265137,11.364999771118164,11.005000114440918,11.164999961853027,7963400
2003-01-02,10.07112979888916,11.859999656677246,11.90999984741211,11.125,11.350000381469728,12366600
2003-01-03,10.2112398147583,12.024999618530272,12.149999618530272,11.710000038146973,11.774999618530272,12478600
2003-01-06,10.741971015930176,12.649999618530272,12.824999809265137,12.199999809265137,12.199999809265137,11513600
2003-01-07,10.7462158203125,12.654999732971191,13.050000190734863,12.5,12.5,16541800
2003-01-08,10.37682819366455,12.220000267028809,12.600000381469728,12.130000114440918,12.524999618530272,12760000
2003-01-09,10.5806303024292,12.460000038146973,12.789999961853027,12.385000228881836,12.5,12201800
2003-01-10,10.8438720703125,12.770000457763672,12.949999809265137,12.170000076293944,12.279999732971191,19328200
2003-01-13,10.720742225646973,12.625,13.220000267028809,12.5600004196167,13.0649995803833,10353400
2003-01-14,10.805656433105469,12.725000381469728,12.96500015258789,12.529999732971191,12.600000381469728,11224800
2003-01-15,10.521187782287598,12.390000343322754,12.774999618530272,12.274999618530272,12.774999618530272,12839600
2003-01-16,10.215486526489258,12.029999732971191,12.4399995803833,11.9399995803833,12.425000190734863,12530800
2003-01-17,9.672019958496094,11.390000343322754,11.699999809265137,11.300000190734863,11.6899995803833,11761400
2003-01-21,9.570119857788086,11.270000457763672,11.539999961853027,11.204999923706056,11.425000190734863,9794200
2003-01-22,9.53190803527832,11.225000381469728,11.475000381469728,11.149999618530272,11.199999809265137,16631000
2003-01-23,9.841853141784668,11.59000015258789,11.699999809265137,11.25,11.550000190734863,15228600
2003-01-24,9.425762176513672,11.100000381469728,11.524999618530272,11.050000190734863,11.524999618530272,12289600
2003-01-27,9.311123847961426,10.96500015258789,11.239999771118164,10.850000381469728,10.989999771118164,11609600
2003-01-28,9.434252738952637,11.109999656677246,11.239999771118164,10.880000114440918,11.045000076293944,10305200
2003-01-29,9.727214813232422,11.454999923706056,11.515000343322754,10.904999732971191,11.074999809265137,22504600
2003-01-30,9.221960067749023,10.859999656677246,11.494999885559082,10.8149995803833,11.479999542236328,16081200
2003-01-31,9.128551483154297,10.75,10.864999771118164,10.220000267028809,10.399999618530272,13051400
2003-02-03,9.086094856262209,10.699999809265137,10.925000190734863,10.649999618530272,10.729999542236328,6533200
2003-02-04,9.056371688842772,10.664999961853027,10.734999656677246,10.5,10.550000190734863,10003000
2003-02-05,9.043636322021484,10.649999618530272,11.095000267028809,10.609999656677246,10.699999809265137,14682000
2003-02-06,8.907768249511719,10.489999771118164,10.75,10.395000457763672,10.604999542236328,11522000
2003-02-07,8.763409614562988,10.31999969482422,10.635000228881836,10.225000381469728,10.5649995803833,6628600
2003-02-10,8.873802185058594,10.449999809265137,10.56999969482422,10.18000030517578,10.354999542236328,8252200
2003-02-11,8.94173526763916,10.529999732971191,10.725000381469728,10.404999732971191,10.619999885559082,11226400
2003-02-12,8.873802185058594,10.449999809265137,10.69499969482422,10.420000076293944,10.43000030517578,5877200
2003-02-13,8.85257339477539,10.425000190734863,10.520000457763672,10.204999923706056,10.470000267028809,9545600
2003-02-14,9.34508991241455,11.005000114440918,11.010000228881836,10.425000190734863,10.449999809265137,14278800
2003-02-18,9.756936073303224,11.489999771118164,11.494999885559082,11.104999542236328,11.204999923706056,11033000
2003-02-19,9.663527488708496,11.380000114440918,11.619999885559082,11.199999809265137,11.524999618530272,10190400
2003-02-20,9.765429496765137,11.5,11.625,11.425000190734863,11.5600004196167,9377000
2003-02-21,9.782411575317385,11.520000457763672,11.614999771118164,11.225000381469728,11.550000190734863,11118000
2003-02-24,9.663527488708496,11.380000114440918,11.649999618530272,11.335000038146973,11.43000030517578,11132000
2003-02-25,9.693249702453612,11.414999961853027,11.46500015258789,11.0,11.225000381469728,12124400
2003-02-26,9.434252738952637,11.109999656677246,11.515000343322754,11.050000190734863,11.300000190734863,10582200
2003-02-27,9.659283638000488,11.375,11.460000038146973,11.109999656677246,11.260000228881836,16643400
2003-02-28,9.994702339172363,11.770000457763672,11.800000190734863,11.425000190734863,11.4350004196167,15909400
2003-03-03,9.650790214538574,11.364999771118164,11.94499969482422,11.28499984741211,11.800000190734863,16419400
2003-03-04,9.544644355773926,11.239999771118164,11.4350004196167,11.210000038146973,11.404999732971191,11740000
2003-03-05,9.689003944396973,11.40999984741211,11.520000457763672,11.229999542236328,11.239999771118164,10884600
2003-03-06,9.638053894042969,11.350000381469728,11.470000267028809,11.21500015258789,11.324999809265137,10382200
2003-03-07,9.514923095703123,11.204999923706056,11.274999618530272,10.899999618530272,10.949999809265137,11418000
2003-03-10,9.328104972839355,10.984999656677246,11.175000190734863,10.949999809265137,11.104999542236328,5565600
2003-03-11,9.353580474853516,11.015000343322754,11.140000343322754,10.925000190734863,11.024999618530272,5275000
2003-03-12,9.582858085632324,11.28499984741211,11.300000190734863,10.914999961853027,11.06999969482422,12952200
2003-03-13,10.338615417480469,12.175000190734863,12.210000038146973,11.039999961853027,11.494999885559082,23261800
2003-03-14,10.181520462036133,11.989999771118164,12.324999809265137,11.854999542236328,12.274999618530272,13681200
2003-03-17,10.50844955444336,12.375,12.84000015258789,11.829999923706056,11.954999923706056,18205000
2003-03-18,10.877838134765623,12.8100004196167,12.835000038146973,12.425000190734863,12.604999542236328,13591200
2003-03-19,10.848114967346191,12.774999618530272,12.875,12.43000030517578,12.75,13144800
2003-03-20,10.93303394317627,12.875,13.074999809265137,12.524999618530272,12.725000381469728,12436000
2003-03-21,11.19202995300293,13.18000030517578,13.25,12.975000381469728,13.050000190734863,13357400
2003-03-24,10.614596366882324,12.5,12.824999809265137,12.454999923706056,12.574999809265137,16662800
2003-03-25,10.703758239746094,12.604999542236328,12.760000228881836,12.380000114440918,12.510000228881836,15853200
2003-03-26,10.657054901123049,12.550000190734863,12.75,12.489999771118164,12.600000381469728,7932200
2003-03-27,10.56789207458496,12.44499969482422,12.55500030517578,12.279999732971191,12.404999732971191,11060400
2003-03-28,10.355598449707031,12.19499969482422,12.489999771118164,12.125,12.329999923706056,9137400
2003-03-31,9.803641319274902,11.545000076293944,11.960000038146973,11.545000076293944,11.954999923706056,18818200
2003-04-01,9.897047996520996,11.654999732971191,11.824999809265137,11.579999923706056,11.640000343322754,8526200
2003-04-02,10.576383590698242,12.454999923706056,12.520000457763672,12.0649995803833,12.0649995803833,14498200
2003-04-03,10.623086929321287,12.510000228881836,12.744999885559082,12.364999771118164,12.579999923706056,8222000
2003-04-04,10.355598449707031,12.19499969482422,12.53499984741211,12.0649995803833,12.53499984741211,10264800
2003-04-07,10.521187782287598,12.390000343322754,13.255000114440918,12.354999542236328,12.864999771118164,10179800
2003-04-08,10.143306732177734,11.94499969482422,12.380000114440918,11.880000114440918,12.350000381469728,15988200
2003-04-09,9.973472595214844,11.744999885559082,12.130000114440918,11.710000038146973,11.960000038146973,12162000
2003-04-10,10.066882133483888,11.854999542236328,11.9399995803833,11.649999618530272,11.80500030517578,10778600
2003-04-11,9.95649242401123,11.725000381469728,12.199999809265137,11.640000343322754,11.975000381469728,8952800
2003-04-14,10.23246955871582,12.050000190734863,12.06999969482422,11.649999618530272,11.739999771118164,8965200
2003-04-15,10.313139915466309,12.145000457763672,12.279999732971191,11.774999618530272,11.949999809265137,12309400
2003-04-16,10.831132888793944,12.755000114440918,12.975000381469728,12.475000381469728,12.475000381469728,27909800
2003-04-17,11.221750259399414,13.21500015258789,13.31999969482422,12.6899995803833,12.739999771118164,14298000
2003-04-21,11.315157890319824,13.324999809265137,13.4399995803833,13.0,13.255000114440918,9449800
2003-04-22,11.67605686187744,13.75,13.774999618530272,13.125,13.234999656677246,11477000
2003-04-23,11.727006912231444,13.8100004196167,13.890000343322754,13.585000038146973,13.734999656677246,11394600
2003-04-24,11.544434547424316,13.595000267028809,13.725000381469728,13.454999923706056,13.55500030517578,13339800
2003-04-25,10.988229751586914,12.9399995803833,13.350000381469728,12.84000015258789,13.324999809265137,14709400
2003-04-28,11.23873233795166,13.234999656677246,13.375,12.880000114440918,12.949999809265137,12411600
2003-04-29,11.463763236999512,13.5,13.699999809265137,13.3149995803833,13.350000381469728,16091800
2003-04-30,11.204767227172852,13.19499969482422,13.425000190734863,13.170000076293944,13.335000038146973,12400600
2003-05-01,11.242980003356934,13.239999771118164,13.380000114440918,12.960000038146973,13.1899995803833,13130600
2003-05-02,11.56990909576416,13.625,13.649999618530272,13.229999542236328,13.229999542236328,11524400
2003-05-05,11.663317680358888,13.734999656677246,14.100000381469728,13.640000343322754,13.675000190734863,15696200
2003-05-06,11.956281661987305,14.079999923706056,14.21500015258789,13.649999618530272,13.800000190734863,23855400
2003-05-07,11.654825210571287,13.725000381469728,14.020000457763672,13.604999542236328,13.90999984741211,11365200
2003-05-08,11.404322624206545,13.43000030517578,13.649999618530272,13.399999618530272,13.5,13885800
2003-05-09,11.85862636566162,13.96500015258789,13.994999885559082,13.640000343322754,13.725000381469728,11745800
2003-05-12,12.121869087219238,14.274999618530272,14.46500015258789,13.875,13.949999809265137,11375000
2003-05-13,12.007231712341309,14.140000343322754,14.289999961853027,14.0,14.130000114440918,13909800
2003-05-14,11.86711883544922,13.975000381469728,14.25,13.75,14.145000457763672,18731200
2003-05-15,12.019967079162598,14.154999732971191,14.225000381469728,13.93000030517578,14.100000381469728,12913400
2003-05-16,11.807676315307615,13.904999732971191,14.100000381469728,13.800000190734863,14.015000343322754,10931200
2003-05-19,11.302422523498535,13.3100004196167,13.850000381469728,13.279999732971191,13.725000381469728,19790000
2003-05-20,11.310911178588867,13.31999969482422,13.460000038146973,13.154999732971191,13.300000190734863,13374000
2003-05-21,11.336386680603027,13.350000381469728,14.100000381469728,13.130000114440918,13.329999923706056,9388400
2003-05-22,11.442533493041992,13.475000381469728,13.595000267028809,13.255000114440918,13.375,11951000
2003-05-23,11.514713287353516,13.5600004196167,13.75,13.425000190734863,13.460000038146973,6677600
2003-05-27,12.121869087219238,14.274999618530272,14.300000190734863,13.454999923706056,13.494999885559082,18971600
2003-05-28,12.206787109375,14.375,14.574999809265137,14.114999771118164,14.350000381469728,12572400
2003-05-29,12.537960052490234,14.765000343322754,15.03499984741211,14.100000381469728,14.4399995803833,17570800
2003-05-30,12.716286659240724,14.975000381469728,15.100000381469728,14.800000190734863,14.800000190734863,15945400
2003-06-02,12.38935661315918,14.59000015258789,15.225000381469728,14.524999618530272,15.125,19884200
2003-06-03,12.716286659240724,14.975000381469728,15.0,14.300000190734863,14.550000190734863,15771000
2003-06-04,13.16209888458252,15.5,15.5,14.859999656677246,14.949999809265137,25029600
2003-06-05,13.140869140625,15.475000381469728,15.53499984741211,15.0,15.125,20033200
2003-06-06,12.949806213378906,15.25,16.235000610351562,15.25,15.800000190734863,25546000
2003-06-09,12.686564445495604,14.9399995803833,15.170000076293944,14.675000190734863,15.140000343322754,15043400
2003-06-10,12.809693336486816,15.085000038146973,15.119999885559082,14.69499969482422,14.949999809265137,18038400
2003-06-11,12.64835262298584,14.895000457763672,14.975000381469728,14.404999732971191,14.824999809265137,19649800
2003-06-12,12.52097511291504,14.744999885559082,15.024999618530272,14.579999923706056,14.979999542236328,11462000
2003-06-13,12.100638389587402,14.25,14.880000114440918,14.140000343322754,14.71500015258789,16403400
2003-06-16,12.397849082946776,14.600000381469728,14.635000228881836,14.100000381469728,14.324999809265137,17887400
2003-06-17,12.317177772521973,14.505000114440918,14.699999809265137,14.354999542236328,14.649999618530272,16361000
2003-06-18,12.576170921325684,14.8100004196167,14.920000076293944,14.255000114440918,14.359999656677246,14544800
2003-06-19,12.436060905456545,14.645000457763672,15.020000457763672,14.609999656677246,14.84000015258789,18349400
2003-06-20,12.270472526550291,14.449999809265137,14.760000228881836,14.3149995803833,14.75,14144200
2003-06-23,11.986001014709473,14.114999771118164,14.44499969482422,13.954999923706056,14.25,21036600
2003-06-24,11.82465934753418,13.925000190734863,14.100000381469728,13.744999885559082,13.895000457763672,17312200
2003-06-25,11.731249809265137,13.8149995803833,14.234999656677246,13.80500030517578,13.925000190734863,16238000
2003-06-26,12.100638389587402,14.25,14.300000190734863,13.890000343322754,13.925000190734863,12627400
2003-06-27,12.03695297241211,14.175000190734863,14.449999809265137,14.100000381469728,14.350000381469728,12705600
2003-06-30,11.986001014709473,14.114999771118164,14.725000381469728,14.114999771118164,14.425000190734863,6863800
2003-07-01,12.287456512451172,14.470000267028809,14.484999656677246,13.824999809265137,14.03499984741211,18541800
2003-07-02,12.58466625213623,14.81999969482422,14.81999969482422,14.475000381469728,14.625,10796400
2003-07-03,12.414830207824709,14.619999885559082,14.895000457763672,14.56999969482422,14.640000343322754,5573400
2003-07-07,13.187573432922363,15.529999732971191,15.585000038146973,14.875,15.045000076293944,13166000
2003-07-08,13.395621299743652,15.774999618530272,15.81999969482422,15.34000015258789,15.5,14615200
2003-07-09,13.501764297485352,15.899999618530272,16.149999618530273,15.640000343322754,15.824999809265137,14974800
2003-07-10,13.16209888458252,15.5,15.699999809265137,15.364999771118164,15.699999809265137,15438000
2003-07-11,13.238524436950684,15.59000015258789,15.675000190734863,15.390000343322754,15.625,9706400
2003-07-14,13.590927124023438,16.0049991607666,16.25,15.960000038146973,16.0049991607666,10402600
2003-07-15,13.692829132080078,16.125,16.360000610351562,15.904999732971191,16.174999237060547,13180600
2003-07-16,13.803218841552734,16.2549991607666,16.475000381469727,15.949999809265137,16.450000762939453,13354000
2003-07-17,13.314949989318848,15.68000030517578,16.075000762939453,15.53499984741211,16.0,15538400
2003-07-18,13.353161811828612,15.725000381469728,15.829999923706056,15.289999961853027,15.75,13590800
2003-07-21,13.07718276977539,15.399999618530272,15.774999618530272,15.300000190734863,15.774999618530272,12675600
2003-07-22,13.501764297485352,15.899999618530272,15.994999885559082,15.675000190734863,15.81999969482422,13914000
2003-07-23,13.777745246887209,16.225000381469727,16.25,15.829999923706056,15.899999618530272,9506200
2003-07-24,13.476290702819824,15.869999885559082,16.420000076293945,15.829999923706056,16.325000762939453,11485200
2003-07-25,13.731040000915527,16.170000076293945,16.200000762939453,15.545000076293944,15.875,14488800
2003-07-28,13.862662315368652,16.325000762939453,16.434999465942383,16.049999237060547,16.149999618530273,12584600
2003-07-29,13.67159938812256,16.100000381469727,16.399999618530273,15.96500015258789,16.28499984741211,13591600
2003-07-30,13.501764297485352,15.899999618530272,16.1200008392334,15.899999618530272,16.059999465942383,7124600
2003-07-31,13.798974990844728,16.25,16.594999313354492,16.149999618530273,16.219999313354492,15521800
2003-08-01,13.905120849609377,16.375,16.389999389648438,16.049999237060547,16.200000762939453,11394000
2003-08-04,13.947576522827148,16.424999237060547,16.5049991607666,16.010000228881836,16.315000534057617,7890000
2003-08-05,13.501764297485352,15.899999618530272,16.389999389648438,15.864999771118164,16.385000228881836,13377200
2003-08-06,13.374390602111816,15.75,16.049999237060547,15.579999923706056,15.864999771118164,14263800
2003-08-07,13.323440551757812,15.6899995803833,15.859999656677246,15.585000038146973,15.675000190734863,6964200
2003-08-08,12.949806213378906,15.25,15.8149995803833,15.09000015258789,15.710000038146973,27683000
2003-08-11,13.20455837249756,15.550000190734863,15.595000267028809,15.220000267028809,15.225000381469728,18491600
2003-08-12,13.412602424621582,15.795000076293944,15.84000015258789,15.460000038146973,15.600000381469728,10218600
2003-08-13,13.67159938812256,16.100000381469727,16.364999771118164,15.789999961853027,15.84000015258789,24452000
2003-08-14,13.858416557312012,16.31999969482422,16.354999542236328,16.024999618530273,16.149999618530273,9862600
2003-08-15,13.798974990844728,16.25,16.344999313354492,16.075000762939453,16.28499984741211,3880400
2003-08-18,14.499539375305176,17.075000762939453,17.094999313354492,16.299999237060547,16.299999237060547,20189800
2003-08-19,14.76278018951416,17.385000228881836,17.395000457763672,17.05500030517578,17.190000534057617,20323200
2003-08-20,14.682110786437988,17.290000915527344,17.514999389648438,17.125,17.19499969482422,11800400
2003-08-21,15.093954086303713,17.774999618530273,17.815000534057617,17.3700008392334,17.4950008392334,20723800
2003-08-22,15.386916160583496,18.1200008392334,18.93000030517578,18.1200008392334,18.625,29187800
2003-08-25,15.302001953125,18.020000457763672,18.260000228881836,17.899999618530273,18.19499969482422,14524600
2003-08-26,15.29775333404541,18.01499938964844,18.25,17.524999618530273,17.829999923706055,13825600
2003-08-27,15.688372611999512,18.475000381469727,18.520000457763672,17.9950008392334,17.9950008392334,13870400
2003-08-28,15.794517517089844,18.600000381469727,18.674999237060547,18.274999618530273,18.540000915527344,9687400
2003-08-29,15.875187873840332,18.69499969482422,18.780000686645508,18.350000381469727,18.350000381469727,7860400
2003-09-02,15.921892166137695,18.75,18.975000381469727,18.405000686645508,18.975000381469727,24850400
2003-09-03,15.582225799560549,18.350000381469727,18.864999771118164,18.2450008392334,18.809999465942383,22336600
2003-09-04,15.875187873840332,18.69499969482422,18.795000076293945,18.280000686645508,18.450000762939453,20249800
2003-09-05,16.05351448059082,18.905000686645508,19.25,18.59000015258789,18.6299991607666,28927000
2003-09-08,16.473852157592773,19.399999618530273,19.424999237060547,18.950000762939453,18.950000762939453,20118200
2003-09-09,16.236087799072266,19.1200008392334,19.395000457763672,19.059999465942383,19.2549991607666,20678200
2003-09-10,15.357196807861328,18.084999084472656,18.81999969482422,18.049999237060547,18.81999969482422,43798000
2003-09-11,15.590718269348145,18.36000061035156,18.559999465942383,17.69499969482422,18.125,41328400
2003-09-12,15.692618370056152,18.479999542236328,18.489999771118164,18.049999237060547,18.174999237060547,21607000
2003-09-15,15.484570503234863,18.23500061035156,18.670000076293945,18.135000228881836,18.575000762939453,14571600
2003-09-16,16.019548416137695,18.864999771118164,18.899999618530273,18.274999618530273,18.299999237060547,21657400
2003-09-17,15.90066623687744,18.725000381469727,19.075000762939453,18.709999084472656,18.825000762939453,21760600
2003-09-18,16.006811141967773,18.850000381469727,18.924999237060547,18.350000381469727,18.55500030517578,22193000
2003-09-19,15.947367668151855,18.780000686645508,18.96500015258789,18.649999618530273,18.88999938964844,14071000
2003-09-22,15.497312545776367,18.25,18.549999237060547,18.1299991607666,18.375,27526600
2003-09-23,15.747812271118164,18.545000076293945,18.56999969482422,18.155000686645508,18.350000381469727,24504400
2003-09-24,15.00479507446289,17.670000076293945,18.61000061035156,17.645000457763672,18.530000686645508,22759400
2003-09-25,14.864681243896484,17.5049991607666,18.100000381469727,17.5049991607666,17.825000762939453,26159600
2003-09-26,14.69060230255127,17.299999237060547,17.7450008392334,17.28499984741211,17.469999313354492,27385800
2003-09-29,15.030269622802734,17.700000762939453,17.80500030517578,17.334999084472656,17.524999618530273,22067200
2003-09-30,14.605684280395508,17.200000762939453,17.600000381469727,17.149999618530273,17.545000076293945,21652000
2003-10-01,14.9028902053833,17.549999237060547,17.655000686645508,17.25,17.385000228881836,26544800
2003-10-02,15.009037971496582,17.674999237060547,17.969999313354492,17.489999771118164,17.520000457763672,18323800
2003-10-03,15.67563533782959,18.459999084472656,18.73500061035156,18.149999618530273,18.200000762939453,26129600
2003-10-06,15.67563533782959,18.459999084472656,18.594999313354492,18.344999313354492,18.5,12099800
2003-10-07,15.985580444335938,18.825000762939453,18.825000762939453,18.25,18.30500030517578,19408800
2003-10-08,15.86669921875,18.684999465942383,18.875,18.290000915527344,18.875,17558000
2003-10-09,16.0025634765625,18.844999313354492,19.190000534057617,18.649999618530273,18.9950008392334,33273400
2003-10-10,16.28278923034668,19.174999237060547,19.174999237060547,18.954999923706055,19.0,16340200
2003-10-13,16.363462448120117,19.270000457763672,19.475000381469727,19.049999237060547,19.28499984741211,16569400
2003-10-14,16.507823944091797,19.440000534057617,19.625,19.0,19.075000762939453,22708000
2003-10-15,16.6267032623291,19.579999923706055,20.209999084472656,19.459999084472656,20.1299991607666,32585400
2003-10-16,16.805030822753906,19.790000915527344,19.799999237060547,19.424999237060547,19.5049991607666,21001800
2003-10-17,16.363462448120117,19.270000457763672,19.864999771118164,19.204999923706055,19.850000381469727,17874400
2003-10-20,16.664915084838867,19.625,19.649999618530273,19.040000915527344,19.040000915527344,21832400
2003-10-21,17.008825302124023,20.030000686645508,20.100000381469727,19.774999618530273,19.774999618530273,21899400
2003-10-22,16.613964080810547,19.565000534057617,19.774999618530273,19.450000762939453,19.700000762939453,14832200
2003-10-23,16.337987899780273,19.239999771118164,19.424999237060547,18.875,18.96500015258789,20239000
2003-10-24,16.367708206176758,19.274999618530273,19.295000076293945,18.829999923706055,19.135000228881836,22425200
2003-10-27,16.55452537536621,19.4950008392334,19.594999313354492,19.229999542236328,19.364999771118164,13635000
2003-10-28,17.458887100219727,20.559999465942383,20.61000061035156,19.700000762939453,19.700000762939453,27956600
2003-10-29,17.615983963012695,20.7450008392334,20.815000534057617,20.424999237060547,20.44499969482422,17902000
2003-10-30,17.768831253051758,20.924999237060547,21.174999237060547,20.770000457763672,21.075000762939453,19736800
2003-10-31,17.683917999267578,20.825000762939453,21.0,20.674999237060547,20.975000381469727,13688800
2003-11-03,18.312299728393555,21.565000534057617,21.649999618530273,20.96500015258789,21.075000762939453,21821400
2003-11-04,18.32928466796875,21.584999084472656,21.795000076293945,21.405000686645508,21.48500061035156,16344800
2003-11-05,18.660459518432617,21.975000381469727,21.975000381469727,21.309999465942383,21.579999923706055,14844800
2003-11-06,18.770851135253903,22.104999542236328,22.149999618530273,21.63999938964844,22.0,16211600
2003-11-07,18.677446365356445,21.9950008392334,22.350000381469727,21.969999313354492,22.325000762939453,19648600
2003-11-10,18.443920135498047,21.719999313354492,22.049999237060547,21.229999542236328,22.049999237060547,24596800
2003-11-11,18.299562454223633,21.549999237060547,21.575000762939453,21.2549991607666,21.364999771118164,19311800
2003-11-12,18.957672119140625,22.325000762939453,22.325000762939453,21.645000457763672,21.65999984741211,20809800
2003-11-13,18.592527389526367,21.895000457763672,22.174999237060547,21.575000762939453,22.155000686645508,27369400
2003-11-14,17.964139938354492,21.155000686645508,21.98500061035156,21.049999237060547,21.799999237060547,32794800
2003-11-17,17.790061950683594,20.950000762939453,21.145000457763672,20.61000061035156,21.0,32381600
2003-11-18,17.492856979370117,20.600000381469727,21.315000534057617,20.59000015258789,21.170000076293945,28064000
2003-11-19,17.815536499023438,20.979999542236328,21.01499938964844,20.549999237060547,20.655000686645508,28189200
2003-11-20,17.450393676757812,20.549999237060547,21.19499969482422,20.5049991607666,20.700000762939453,29867400
2003-11-21,17.71363639831543,20.86000061035156,20.959999084472656,20.530000686645508,20.71500015258789,21063000
2003-11-24,18.303810119628903,21.55500030517578,21.600000381469727,21.094999313354492,21.125,20424800
2003-11-25,18.363252639770508,21.625,21.905000686645508,21.524999618530273,21.61000061035156,22045800
2003-11-26,18.40146255493164,21.670000076293945,21.920000076293945,21.309999465942383,21.780000686645508,19885400
2003-11-28,18.596771240234375,21.899999618530273,21.950000762939453,21.614999771118164,21.614999771118164,4894600
2003-12-01,18.711410522460938,22.03499984741211,22.19499969482422,21.729999542236328,22.149999618530273,21751000
2003-12-02,18.575538635253903,21.875,22.145000457763672,21.834999084472656,22.03499984741211,22886400
2003-12-03,18.235876083374023,21.475000381469727,22.165000915527344,21.459999084472656,22.0,22071000
2003-12-04,18.129732131958008,21.350000381469727,21.674999237060547,20.875,21.649999618530273,30830000
2003-12-05,17.47162437438965,20.575000762939453,21.114999771118164,20.4950008392334,20.950000762939453,26162800
2003-12-08,17.463134765625,20.565000534057617,20.799999237060547,20.274999618530273,20.649999618530273,20424000
2003-12-09,16.728605270385742,19.700000762939453,20.76499938964844,19.63999938964844,20.739999771118164,31606000
2003-12-10,16.940895080566406,19.950000762939453,19.975000381469727,19.549999237060547,19.844999313354492,36794600
2003-12-11,17.38670539855957,20.475000381469727,20.524999618530273,19.850000381469727,19.899999618530273,32625600
2003-12-12,17.36972427368164,20.454999923706055,20.670000076293945,20.200000762939453,20.520000457763672,22836600
2003-12-15,16.82625961303711,19.815000534057617,20.94499969482422,19.80500030517578,20.924999237060547,38606200
2003-12-16,16.698881149291992,19.665000915527344,19.969999313354492,19.204999923706055,19.885000228881836,37120800
2003-12-17,16.57575035095215,19.520000457763672,19.844999313354492,19.274999618530273,19.674999237060547,29826400
2003-12-18,17.195648193359375,20.25,20.329999923706055,19.604999542236328,19.61000061035156,32755200
2003-12-19,17.072511672973633,20.104999542236328,20.350000381469727,19.959999084472656,20.229999542236328,30327800
2003-12-22,17.08525276184082,20.1200008392334,20.28499984741211,19.899999618530273,19.975000381469727,12843400
2003-12-23,17.41642951965332,20.510000228881836,20.524999618530273,20.1299991607666,20.149999618530273,11867600
2003-12-24,17.37396812438965,20.459999084472656,20.645000457763672,20.38999938964844,20.5,6416400
2003-12-26,17.37396812438965,20.459999084472656,20.6299991607666,20.440000534057617,20.53499984741211,3185000
2003-12-29,17.747604370117188,20.899999618530273,20.975000381469727,20.61000061035156,20.645000457763672,11514200
2003-12-30,17.71788215637207,20.864999771118164,21.049999237060547,20.75,20.96500015258789,12810800
2003-12-31,17.615983963012695,20.7450008392334,20.9950008392334,20.625,20.899999618530273,16994200
2004-01-02,17.577770233154297,20.700000762939453,21.049999237060547,20.665000915527344,20.954999923706055,19936200
2004-01-05,18.214645385742188,21.450000762939453,21.489999771118164,20.959999084472656,20.975000381469727,19671400
2004-01-06,18.3207950592041,21.575000762939453,21.704999923706055,21.270000457763672,21.420000076293945,17586800
2004-01-07,18.537328720092773,21.829999923706055,21.850000381469727,21.475000381469727,21.625,20000000
2004-01-08,19.02984619140625,22.40999984741211,22.48500061035156,21.844999313354492,22.0,24871800
2004-01-09,19.0001277923584,22.375,22.71500015258789,22.049999237060547,22.049999237060547,24481800
2004-01-12,19.420467376708984,22.8700008392334,22.875,22.280000686645508,22.48500061035156,23099000
2004-01-13,18.93643569946289,22.299999237060547,22.88999938964844,22.1200008392334,22.850000381469727,28372000
2004-01-14,18.893978118896484,22.25,22.469999313354492,22.030000686645508,22.3799991607666,22815600
2004-01-15,19.157224655151367,22.559999465942383,22.700000762939453,22.049999237060547,22.049999237060547,31844200
2004-01-16,19.242137908935547,22.65999984741211,22.725000381469727,22.399999618530273,22.674999237060547,28600800
2004-01-20,19.195432662963867,22.604999542236328,22.7549991607666,22.405000686645508,22.700000762939453,21688800
2004-01-21,18.74537467956543,22.075000762939453,22.375,21.8700008392334,22.364999771118164,31318200
2004-01-22,18.45666122436523,21.73500061035156,22.415000915527344,21.700000762939453,22.260000228881836,24163000
2004-01-23,18.23163414001465,21.469999313354492,21.850000381469727,21.290000915527344,21.825000762939453,32759000
2004-01-26,18.575538635253903,21.875,21.975000381469727,21.450000762939453,21.450000762939453,18997000
2004-01-27,17.981124877929688,21.174999237060547,21.774999618530273,21.114999771118164,21.69499969482422,27144800
2004-01-28,17.83251953125,21.0,21.63999938964844,20.8799991607666,21.334999084472656,39124200
2004-01-29,17.751850128173828,20.905000686645508,21.225000381469727,20.524999618530273,21.174999237060547,42138200
2004-01-30,17.815536499023438,20.979999542236328,21.1200008392334,20.774999618530273,20.950000762939453,25718000
2004-02-02,17.58201789855957,20.704999923706055,21.219999313354492,20.655000686645508,21.149999618530273,21882800
2004-02-03,17.73486328125,20.885000228881836,20.940000534057617,20.565000534057617,20.645000457763672,17574800
2004-02-04,17.229612350463867,20.290000915527344,20.63999938964844,20.274999618530273,20.63999938964844,27431000
2004-02-05,17.280563354492188,20.350000381469727,20.55500030517578,20.200000762939453,20.450000762939453,25292000
2004-02-06,18.044809341430664,21.25,21.280000686645508,20.489999771118164,20.489999771118164,34102600
2004-02-09,17.870737075805664,21.045000076293945,21.424999237060547,21.03499984741211,21.424999237060547,18106400
2004-02-10,17.930173873901367,21.114999771118164,21.270000457763672,20.969999313354492,21.100000381469727,15611400
2004-02-11,18.235876083374023,21.475000381469727,21.540000915527344,21.165000915527344,21.19499969482422,25772200
2004-02-12,18.00659942626953,21.204999923706055,21.674999237060547,21.19499969482422,21.43000030517578,20491400
2004-02-13,17.76458740234375,20.920000076293945,21.510000228881836,20.700000762939453,21.395000457763672,29656600
2004-02-17,18.05330467224121,21.260000228881836,21.30500030517578,20.975000381469727,21.125,16401200
2004-02-18,18.138221740722656,21.36000061035156,21.549999237060547,21.21500015258789,21.350000381469727,20207800
2004-02-19,17.781572341918945,20.940000534057617,21.90999984741211,20.924999237060547,21.850000381469727,47438200
2004-02-20,17.641460418701172,20.774999618530273,21.010000228881836,20.559999465942383,21.010000228881836,37520800
2004-02-23,17.174415588378906,20.225000381469727,20.924999237060547,19.98500061035156,20.864999771118164,43648000
2004-02-24,17.267824172973633,20.334999084472656,20.4950008392334,20.030000686645508,20.049999237060547,32640400
2004-02-25,17.560787200927734,20.68000030517578,20.75,20.424999237060547,20.424999237060547,28548400
2004-02-26,17.63721466064453,20.770000457763672,20.975000381469727,20.469999313354492,20.645000457763672,24665800
2004-02-27,17.365480422973633,20.450000762939453,20.899999618530273,20.354999542236328,20.88999938964844,41812600
2004-03-01,17.768831253051758,20.924999237060547,20.924999237060547,20.30500030517578,20.43000030517578,27582200
2004-03-02,17.72637939453125,20.875,21.274999618530273,20.844999313354492,21.030000686645508,33033000
2004-03-03,17.399444580078125,20.489999771118164,20.875,20.364999771118164,20.774999618530273,34474200
2004-03-04,17.68816566467285,20.829999923706055,20.86000061035156,20.524999618530273,20.524999618530273,18824200
2004-03-05,17.514080047607422,20.625,20.920000076293945,20.34000015258789,20.36000061035156,25849200
2004-03-08,16.800785064697266,19.78499984741211,20.84000015258789,19.774999618530273,20.704999923706055,36017000
2004-03-09,16.915420532226562,19.920000076293945,19.989999771118164,19.524999618530273,19.809999465942383,52655400
2004-03-10,16.57150650024414,19.51499938964844,20.084999084472656,19.399999618530273,19.934999465942383,48344800
2004-03-11,16.456871032714844,19.3799991607666,19.93000030517578,19.34000015258789,19.399999618530273,49505400
2004-03-12,16.82201385498047,19.809999465942383,19.825000762939453,19.549999237060547,19.579999923706055,42677000
2004-03-15,16.37619972229004,19.28499984741211,19.700000762939453,19.28499984741211,19.674999237060547,35024400
2004-03-16,16.558773040771484,19.5,19.61000061035156,19.165000915527344,19.489999771118164,38373200
2004-03-17,16.82201385498047,19.809999465942383,19.88999938964844,19.645000457763672,19.670000076293945,24961200
2004-03-18,16.57575035095215,19.520000457763672,19.905000686645508,19.399999618530273,19.75,38167400
2004-03-19,15.977088928222656,18.815000534057617,19.524999618530273,18.815000534057617,19.520000457763672,27925400
2004-03-22,15.86669921875,18.684999465942383,18.834999084472656,18.424999237060547,18.649999618530273,49540600
2004-03-23,15.81574821472168,18.625,18.959999084472656,18.43000030517578,18.850000381469727,46970400
2004-03-24,16.117202758789062,18.979999542236328,19.21500015258789,18.6200008392334,18.68000030517578,45560800
2004-03-25,16.783798217773438,19.76499938964844,19.829999923706055,19.184999465942383,19.200000762939453,48350600
2004-03-26,16.63519287109375,19.59000015258789,19.915000915527344,19.549999237060547,19.760000228881836,27938400
2004-03-29,16.775306701660156,19.7549991607666,20.030000686645508,19.690000534057617,19.774999618530273,29039200
2004-03-30,16.79229164123535,19.774999618530273,19.799999237060547,19.415000915527344,19.709999084472656,35680200
2004-03-31,16.77106285095215,19.75,19.950000762939453,19.545000076293945,19.795000076293945,34046400
2004-04-01,17.038551330566406,20.065000534057617,20.2450008392334,19.565000534057617,19.834999084472656,36526400
2004-04-02,17.58201789855957,20.704999923706055,20.75,20.43000030517578,20.649999618530273,41223000
2004-04-05,17.798555374145508,20.959999084472656,20.98500061035156,20.594999313354492,20.68000030517578,26102600
2004-04-06,17.399444580078125,20.489999771118164,20.700000762939453,20.274999618530273,20.674999237060547,29265800
2004-04-07,17.356985092163086,20.440000534057617,20.600000381469727,20.13999938964844,20.43000030517578,31646200
2004-04-08,17.42916488647461,20.524999618530273,20.780000686645508,20.354999542236328,20.774999618530273,19940000
2004-04-12,17.552295684814453,20.670000076293945,20.71500015258789,20.364999771118164,20.649999618530273,18534000
2004-04-13,17.335758209228516,20.415000915527344,20.799999237060547,20.274999618530273,20.790000915527344,24535800
2004-04-14,17.195648193359375,20.25,20.53499984741211,20.104999542236328,20.204999923706055,29399000
2004-04-15,16.63094711303711,19.584999084472656,20.299999237060547,19.434999465942383,20.2549991607666,63596800
2004-04-16,16.414409637451172,19.329999923706055,19.524999618530273,19.01499938964844,19.510000228881836,60131000
2004-04-19,16.673404693603516,19.635000228881836,19.645000457763672,19.23500061035156,19.325000762939453,31892400
2004-04-20,16.062007904052734,18.915000915527344,19.7549991607666,18.899999618530273,19.600000381469727,46790000
2004-04-21,16.210609436035156,19.09000015258789,19.25,18.709999084472656,19.149999618530273,55358000
2004-04-22,16.231836318969727,19.114999771118164,19.424999237060547,18.6299991607666,18.799999237060547,55585600
2004-04-23,16.47809600830078,19.405000686645508,19.46500015258789,19.125,19.225000381469727,26800800
2004-04-26,16.100217819213867,18.959999084472656,19.5,18.834999084472656,19.475000381469727,23752000
2004-04-27,15.904909133911133,18.729999542236328,19.125,18.635000228881836,19.0,27420600
2004-04-28,15.658651351928713,18.440000534057617,18.920000076293945,18.3799991607666,18.625,38139400
2004-04-29,15.251049041748049,17.959999084472656,18.549999237060547,17.645000457763672,18.424999237060547,59643000
2004-04-30,14.987807273864746,17.649999618530273,18.09000015258789,17.614999771118164,18.0,36670600
2004-05-03,14.92836570739746,17.579999923706055,18.100000381469727,17.25,17.764999389648438,45796800
2004-05-04,15.191609382629396,17.889999389648438,18.114999771118164,17.635000228881836,17.684999465942383,55561600
2004-05-05,15.242560386657717,17.950000762939453,18.100000381469727,17.729999542236328,17.90999984741211,34282000
2004-05-06,15.28501796722412,18.0,18.084999084472656,17.690000534057617,17.75,37750800
2004-05-07,15.476083755493164,18.225000381469727,18.559999465942383,18.010000228881836,18.010000228881836,61427400
2004-05-10,15.62893009185791,18.405000686645508,18.565000534057617,18.075000762939453,18.104999542236328,71094000
2004-05-11,16.04926872253418,18.899999618530273,18.940000534057617,18.56999969482422,18.594999313354492,50238600
2004-05-12,15.832731246948242,18.645000457763672,18.7450008392334,18.09000015258789,18.7450008392334,80798000
2004-05-13,15.658651351928713,18.440000534057617,18.69499969482422,18.334999084472656,18.559999465942383,49626400
2004-05-14,15.450606346130373,18.19499969482422,18.645000457763672,18.15999984741211,18.59000015258789,38920600
2004-05-17,15.276525497436523,17.989999771118164,18.219999313354492,17.75,17.829999923706055,41755000
2004-05-18,15.544013023376465,18.30500030517578,18.450000762939453,18.200000762939453,18.209999084472656,33750800
2004-05-19,15.603455543518066,18.375,18.924999237060547,18.375,18.614999771118164,47861000
2004-05-20,15.522788047790527,18.280000686645508,18.53499984741211,18.149999618530273,18.450000762939453,29665800
2004-05-21,15.577977180480955,18.344999313354492,18.475000381469727,18.155000686645508,18.40999984741211,30776200
2004-05-24,15.667147636413574,18.450000762939453,18.59000015258789,18.350000381469727,18.549999237060547,30143400
2004-05-25,16.083234786987305,18.940000534057617,19.010000228881836,18.19499969482422,18.40999984741211,47911000
2004-05-26,16.155414581298828,19.024999618530273,19.1200008392334,18.770000457763672,18.8700008392334,34870800
2004-05-27,16.24032974243164,19.125,19.329999923706055,19.024999618530273,19.09000015258789,47342800
2004-05-28,16.52480125427246,19.459999084472656,19.510000228881836,19.21500015258789,19.334999084472656,23976800
2004-06-01,16.32524871826172,19.225000381469727,19.489999771118164,19.104999542236328,19.309999465942383,25103800
2004-06-02,16.0025634765625,18.844999313354492,19.209999084472656,18.7450008392334,19.209999084472656,50641800
2004-06-03,15.603455543518066,18.375,18.7549991607666,18.34000015258789,18.7549991607666,49907000
2004-06-04,15.921892166137695,18.75,18.93000030517578,18.665000915527344,18.774999618530273,27557400
2004-06-07,16.418655395507812,19.334999084472656,19.405000686645508,18.875,18.875,27032000
2004-06-08,16.435638427734375,19.354999542236328,19.415000915527344,19.11000061035156,19.15999984741211,20093600
2004-06-09,15.951615333557127,18.78499984741211,19.270000457763672,18.770000457763672,19.174999237060547,35029400
2004-06-10,16.011056900024414,18.854999542236328,19.045000076293945,18.665000915527344,18.915000915527344,29246600
2004-06-14,15.709600448608398,18.5,18.704999923706055,18.3700008392334,18.649999618530273,23306600
2004-06-15,15.921892166137695,18.75,18.8799991607666,18.625,18.690000534057617,22463400
2004-06-16,15.726582527160645,18.520000457763672,18.770000457763672,18.5,18.770000457763672,20910000
2004-06-17,15.259539604187012,17.969999313354492,18.405000686645508,17.950000762939453,18.385000228881836,40211400
2004-06-18,15.2340669631958,17.940000534057617,18.270000457763672,17.815000534057617,17.829999923706055,40161600
2004-06-21,15.166131973266602,17.860000610351562,18.260000228881836,17.834999084472656,18.100000381469727,27370600
2004-06-22,15.624685287475586,18.399999618530273,18.44499969482422,17.854999542236328,17.860000610351562,50974200
2004-06-23,15.964357376098633,18.799999237060547,18.815000534057617,18.334999084472656,18.364999771118164,41903400
2004-06-24,15.739323616027832,18.53499984741211,18.895000457763672,18.475000381469727,18.709999084472656,36369600
2004-06-25,15.81574821472168,18.625,18.78499984741211,18.5,18.5,34061000
2004-06-28,15.65440273284912,18.434999465942383,18.850000381469727,18.354999542236328,18.774999618530273,29424400
2004-06-29,15.938876152038574,18.770000457763672,18.790000915527344,18.350000381469727,18.454999923706055,26940600
2004-06-30,16.062007904052734,18.915000915527344,19.024999618530273,18.700000762939453,18.8700008392334,35481000
2004-07-01,15.459096908569336,18.204999923706055,18.725000381469727,18.05500030517578,18.71500015258789,48334000
2004-07-02,15.132168769836426,17.81999969482422,18.100000381469727,17.764999389648438,18.030000686645508,30076000
2004-07-06,14.682110786437988,17.290000915527344,17.655000686645508,17.104999542236328,17.600000381469727,51508600
2004-07-07,14.805237770080566,17.434999465942383,17.594999313354492,17.274999618530273,17.334999084472656,36959800
2004-07-08,14.74155044555664,17.360000610351562,17.610000610351562,17.299999237060547,17.299999237060547,45325000
2004-07-09,15.01752758026123,17.684999465942383,17.790000915527344,17.524999618530273,17.524999618530273,30628800
2004-07-12,14.72032070159912,17.334999084472656,17.364999771118164,17.049999237060547,17.290000915527344,39458600
2004-07-13,14.724568367004396,17.34000015258789,17.4950008392334,17.170000076293945,17.43000030517578,40991800
2004-07-14,13.943331718444824,16.420000076293945,16.725000381469727,16.264999389648438,16.719999313354492,59775200
2004-07-15,13.87539768218994,16.34000015258789,16.625,16.264999389648438,16.53499984741211,33790400
2004-07-16,13.586682319641112,16.0,16.530000686645508,15.979999542236328,16.524999618530273,33356000
2004-07-19,13.66310691833496,16.09000015258789,16.229999542236328,15.880000114440918,16.05500030517578,44998600
2004-07-20,13.968810081481934,16.450000762939453,16.5,16.114999771118164,16.219999313354492,49944800
2004-07-21,13.489027976989746,15.885000228881836,16.809999465942383,15.850000381469728,16.719999313354492,55537400
2004-07-22,13.909366607666016,16.3799991607666,16.4950008392334,15.84000015258789,15.854999542236328,53386200
2004-07-23,13.489027976989746,15.885000228881836,16.31999969482422,15.875,16.149999618530273,33322400
2004-07-26,13.395621299743652,15.774999618530272,16.020000457763672,15.600000381469728,15.904999732971191,46883800
2004-07-27,13.446571350097656,15.835000038146973,15.970000267028809,15.510000228881836,15.84000015258789,63418800
2004-07-28,13.33193016052246,15.699999809265137,15.850000381469728,15.380000114440918,15.725000381469728,66324600
2004-07-29,13.781991958618164,16.229999542236328,16.364999771118164,15.899999618530272,15.904999732971191,75355600
2004-07-30,13.968810081481934,16.450000762939453,16.530000686645508,16.1299991607666,16.155000686645508,39564800
2004-08-02,14.074953079223633,16.575000762939453,16.604999542236328,16.209999084472656,16.225000381469727,31470800
2004-08-03,13.531486511230469,15.9350004196167,16.5,15.920000076293944,16.40999984741211,37812200
2004-08-04,13.62489414215088,16.045000076293945,16.190000534057617,15.75,15.850000381469728,46278600
2004-08-05,13.467798233032228,15.859999656677246,16.274999618530273,15.704999923706056,16.110000610351562,53975600
2004-08-06,13.013493537902832,15.324999809265137,15.739999771118164,15.225000381469728,15.550000190734863,44506400
2004-08-09,12.966789245605469,15.270000457763672,15.494999885559082,15.19499969482422,15.425000190734863,27240800
2004-08-10,13.10265827178955,15.43000030517578,15.46500015258789,15.229999542236328,15.375,33815200
2004-08-11,12.563434600830078,14.795000076293944,14.989999771118164,14.539999961853027,14.949999809265137,53124600
2004-08-12,12.219522476196287,14.390000343322754,14.789999961853027,14.34000015258789,14.625,50991800
2004-08-13,12.291702270507812,14.475000381469728,14.489999771118164,14.149999618530272,14.425000190734863,40194000
2004-08-16,12.359634399414062,14.55500030517578,14.739999771118164,14.484999656677246,14.484999656677246,36431000
2004-08-17,12.516729354858398,14.739999771118164,14.93000030517578,14.729999542236328,14.760000228881836,49934800
2004-08-18,12.890365600585938,15.18000030517578,15.25,14.645000457763672,14.664999961853027,44776800
2004-08-19,12.8394136428833,15.119999885559082,15.354999542236328,15.0,15.15999984741211,50413600
2004-08-20,12.860645294189451,15.145000457763672,15.234999656677246,14.979999542236328,15.074999809265137,31503600
2004-08-23,12.992265701293944,15.300000190734863,15.494999885559082,15.164999961853027,15.19499969482422,37603400
2004-08-24,12.686564445495604,14.9399995803833,15.43000030517578,14.854999542236328,15.399999618530272,52414000
2004-08-25,12.83516788482666,15.114999771118164,15.210000038146973,14.734999656677246,14.875,47008000
2004-08-26,12.695055961608888,14.949999809265137,15.095000267028809,14.880000114440918,14.970000267028809,24032000
2004-08-27,12.805449485778809,15.079999923706056,15.225000381469728,14.994999885559082,15.095000267028809,22034400
2004-08-30,12.55919075012207,14.789999961853027,15.104999542236328,14.765000343322754,15.03499984741211,20431400
2004-08-31,12.453044891357422,14.664999961853027,14.779999732971191,14.31999969482422,14.75,35362000
2004-09-01,12.546451568603516,14.774999618530272,15.020000457763672,14.55500030517578,14.614999771118164,30815600
2004-09-02,12.737515449523926,15.0,15.010000228881836,14.649999618530272,14.670000076293944,30644400
2004-09-03,12.015722274780272,14.149999618530272,14.524999618530272,14.114999771118164,14.449999809265137,44172800
2004-09-07,11.88410186767578,13.994999885559082,14.375,13.890000343322754,14.295000076293944,46998200
2004-09-08,11.9053316116333,14.020000457763672,14.239999771118164,13.93000030517578,13.93000030517578,49419200
2004-09-09,12.465780258178713,14.68000030517578,14.84000015258789,14.164999961853027,14.234999656677246,79727800
2004-09-10,12.890365600585938,15.18000030517578,15.279999732971191,14.640000343322754,14.710000038146973,67943400
2004-09-13,13.123887062072754,15.454999923706056,15.729999542236328,15.239999771118164,15.399999618530272,76457600
2004-09-14,13.191819190979004,15.53499984741211,15.585000038146973,15.3149995803833,15.395000457763672,56298800
2004-09-15,12.796957015991213,15.06999969482422,15.345000267028809,15.050000190734863,15.274999618530272,43933000
2004-09-16,12.771482467651367,15.039999961853027,15.300000190734863,15.015000343322754,15.149999618530272,43689800
2004-09-17,13.047460556030272,15.364999771118164,15.385000228881836,15.03499984741211,15.149999618530272,41838200
2004-09-20,13.450817108154297,15.84000015258789,16.0,15.210000038146973,15.21500015258789,65961800
2004-09-21,13.484782218933104,15.880000114440918,16.09000015258789,15.8149995803833,15.880000114440918,59913000
2004-09-22,13.18332862854004,15.524999618530272,15.81999969482422,15.44499969482422,15.774999618530272,42384600
2004-09-23,13.20455837249756,15.550000190734863,15.664999961853027,15.31999969482422,15.46500015258789,46610000
2004-09-24,12.809693336486816,15.085000038146973,15.69499969482422,15.03499984741211,15.595000267028809,89542000
2004-09-27,12.652597427368164,14.899999618530272,15.154999732971191,14.824999809265137,14.84000015258789,42416600
2004-09-28,12.525222778320312,14.75,14.960000038146973,14.614999771118164,14.9350004196167,40451200
2004-09-29,12.779973030090332,15.050000190734863,15.145000457763672,14.770000457763672,14.835000038146973,40794400
2004-09-30,12.8394136428833,15.119999885559082,15.380000114440918,15.045000076293944,15.050000190734863,62161200
2004-10-01,13.45506191253662,15.845000267028809,15.845000267028809,15.359999656677246,15.369999885559082,55768400
2004-10-04,13.54422378540039,15.949999809265137,16.2549991607666,15.904999732971191,16.065000534057617,46458400
2004-10-05,13.548469543457031,15.954999923706056,16.084999084472656,15.734999656677246,15.899999618530272,49509600
2004-10-06,13.586682319641112,16.0,16.0,15.704999923706056,15.899999618530272,42421800
2004-10-07,13.531486511230469,15.9350004196167,16.155000686645508,15.875,15.925000190734863,43544800
2004-10-08,12.988019943237305,15.295000076293944,15.734999656677246,15.204999923706056,15.699999809265137,56435200
2004-10-11,13.026232719421388,15.34000015258789,15.399999618530272,15.039999961853027,15.260000228881836,46233600
2004-10-12,12.822433471679688,15.100000381469728,15.289999961853027,14.904999732971191,15.100000381469728,62679600
2004-10-13,13.05170726776123,15.369999885559082,15.68000030517578,15.300000190734863,15.5649995803833,64927000
2004-10-14,12.631369590759276,14.875,15.31999969482422,14.835000038146973,15.25,48712800
2004-10-15,12.635616302490234,14.880000114440918,15.074999809265137,14.8100004196167,14.975000381469728,40456600
2004-10-18,12.703547477722168,14.960000038146973,14.975000381469728,14.625,14.774999618530272,43134000
2004-10-19,12.9073486328125,15.199999809265137,15.489999771118164,15.170000076293944,15.28499984741211,59594600
2004-10-20,13.18332862854004,15.524999618530272,15.585000038146973,15.045000076293944,15.0600004196167,84996600
2004-10-21,13.548469543457031,15.954999923706056,16.084999084472656,15.529999732971191,15.675000190734863,80697200
2004-10-22,13.14511489868164,15.479999542236328,16.045000076293945,15.4399995803833,16.040000915527344,53245800
2004-10-25,13.217294692993164,15.5649995803833,15.75,15.489999771118164,15.494999885559082,74732800
2004-10-26,13.179083824157717,15.520000457763672,15.675000190734863,15.395000457763672,15.579999923706056,41143400
2004-10-27,13.675844192504885,16.104999542236328,16.125,15.524999618530272,15.600000381469728,60295600
2004-10-28,13.756515502929688,16.200000762939453,16.389999389648438,16.014999389648438,16.079999923706055,62335800
2004-10-29,13.735286712646484,16.174999237060547,16.31999969482422,16.05500030517578,16.170000076293945,38340800
2004-11-01,13.828696250915527,16.28499984741211,16.344999313354492,16.1200008392334,16.165000915527344,28937000
2004-11-02,13.790483474731444,16.239999771118164,16.44499969482422,15.739999771118164,16.084999084472656,45903000
2004-11-03,13.650371551513672,16.075000762939453,16.790000915527344,16.010000228881836,16.78499984741211,62968800
2004-11-04,13.752269744873049,16.19499969482422,16.299999237060547,15.895000457763672,15.949999809265137,43808600
2004-11-05,13.96031665802002,16.440000534057617,16.600000381469727,16.31999969482422,16.459999084472656,60321800
2004-11-08,13.977299690246582,16.459999084472656,16.56999969482422,16.360000610351562,16.424999237060547,27273400
2004-11-09,13.900874137878418,16.3700008392334,16.5,16.260000228881836,16.434999465942383,35045600
2004-11-10,13.531486511230469,15.9350004196167,16.274999618530273,15.904999732971191,16.260000228881836,57794600
2004-11-11,13.781991958618164,16.229999542236328,16.290000915527344,16.030000686645508,16.049999237060547,36186800
2004-11-12,14.028249740600586,16.520000457763672,16.540000915527344,16.084999084472656,16.280000686645508,31933200
2004-11-15,14.278754234313965,16.815000534057617,16.895000457763672,16.405000686645508,16.475000381469727,40193400
2004-11-16,14.23629665374756,16.764999389648438,16.844999313354492,16.549999237060547,16.700000762939453,36067800
2004-11-17,14.56322193145752,17.149999618530273,17.360000610351562,16.905000686645508,16.975000381469727,50284600
2004-11-18,14.775520324707031,17.399999618530273,17.424999237060547,16.90999984741211,16.94499969482422,50409600
2004-11-19,14.338194847106934,16.885000228881836,17.350000381469727,16.860000610351562,17.274999618530273,43113200
2004-11-22,14.329707145690918,16.875,16.8799991607666,16.639999389648438,16.790000915527344,32856400
2004-11-23,14.125904083251951,16.635000228881836,16.940000534057617,16.530000686645508,16.78499984741211,31643400
2004-11-24,14.227803230285645,16.7549991607666,16.860000610351562,16.655000686645508,16.729999542236328,24994400
2004-11-26,14.11741065979004,16.625,16.81999969482422,16.6200008392334,16.780000686645508,8707000
2004-11-29,14.024003982543944,16.514999389648438,16.905000686645508,16.459999084472656,16.790000915527344,30053200
2004-11-30,13.794730186462402,16.2450008392334,16.59000015258789,16.229999542236328,16.549999237060547,34995000
2004-12-01,14.321210861206056,16.864999771118164,16.885000228881836,16.344999313354492,16.450000762939453,38818000
2004-12-02,14.22355842590332,16.75,17.165000915527344,16.729999542236328,16.80500030517578,63766000
2004-12-03,14.550490379333496,17.135000228881836,17.475000381469727,17.1299991607666,17.315000534057617,67866200
2004-12-06,14.626912117004396,17.225000381469727,17.334999084472656,16.954999923706055,17.100000381469727,44141600
2004-12-07,14.321210861206056,16.864999771118164,17.40999984741211,16.850000381469727,17.274999618530273,60974000
2004-12-08,14.024003982543944,16.514999389648438,16.81999969482422,16.450000762939453,16.81999969482422,62244600
2004-12-09,13.832942008972168,16.290000915527344,16.514999389648438,15.94499969482422,16.135000228881836,106899600
2004-12-10,13.752269744873049,16.19499969482422,16.405000686645508,16.15999984741211,16.229999542236328,52463400
2004-12-13,13.832942008972168,16.290000915527344,16.434999465942383,16.18000030517578,16.3700008392334,39284000
2004-12-14,14.159870147705078,16.674999237060547,16.709999084472656,16.399999618530273,16.399999618530273,53823200
2004-12-15,14.15562629699707,16.670000076293945,16.795000076293945,16.540000915527344,16.700000762939453,40861800
2004-12-16,13.917855262756348,16.389999389648438,16.780000686645508,16.309999465942383,16.604999542236328,50189800
2004-12-17,13.781991958618164,16.229999542236328,16.649999618530273,16.165000915527344,16.274999618530273,51246600
2004-12-20,13.675844192504885,16.104999542236328,16.40999984741211,16.030000686645508,16.295000076293945,43598400
2004-12-21,13.905120849609377,16.375,16.399999618530273,16.149999618530273,16.225000381469727,32725800
2004-12-22,13.951824188232422,16.43000030517578,16.540000915527344,16.299999237060547,16.385000228881836,23734200
2004-12-23,14.002774238586426,16.489999771118164,16.549999237060547,16.360000610351562,16.375,16152200
2004-12-27,13.87539768218994,16.34000015258789,16.575000762939453,16.295000076293945,16.56999969482422,20602800
2004-12-28,13.926349639892578,16.399999618530273,16.489999771118164,16.25,16.30500030517578,23040600
2004-12-29,14.074953079223633,16.575000762939453,16.68000030517578,16.375,16.395000457763672,32529400
2004-12-30,14.108920097351074,16.614999771118164,16.71500015258789,16.59000015258789,16.59000015258789,26362200
2004-12-31,14.168360710144045,16.684999465942383,16.739999771118164,16.600000381469727,16.6299991607666,21830600
2005-01-03,13.88813591003418,16.354999542236328,16.885000228881836,16.329999923706055,16.799999237060547,56177200
2005-01-04,13.54422378540039,15.949999809265137,16.46500015258789,15.6850004196167,16.424999237060547,83162200
2005-01-05,13.31070327758789,15.675000190734863,15.994999885559082,15.609999656677246,15.84000015258789,71996200
2005-01-06,13.24701690673828,15.600000381469728,15.854999542236328,15.579999923706056,15.75,58229400
2005-01-07,13.36589813232422,15.739999771118164,15.960000038146973,15.5600004196167,15.729999542236328,86079000
2005-01-10,13.340425491333008,15.710000038146973,15.90999984741211,15.640000343322754,15.734999656677246,56861800
2005-01-11,13.060197830200195,15.380000114440918,15.579999923706056,15.30500030517578,15.5,64608800
2005-01-12,13.344670295715332,15.71500015258789,15.779999732971191,15.425000190734863,15.664999961853027,76603200
2005-01-13,13.128131866455078,15.460000038146973,15.664999961853027,15.380000114440918,15.654999732971191,58375600
2005-01-14,13.31070327758789,15.675000190734863,15.774999618530272,15.505000114440918,15.520000457763672,37254600
2005-01-18,13.374390602111816,15.75,15.760000228881836,15.545000076293944,15.619999885559082,40783400
2005-01-19,13.060197830200195,15.380000114440918,15.770000457763672,15.380000114440918,15.75,46660000
2005-01-20,13.013493537902832,15.324999809265137,15.5649995803833,15.260000228881836,15.270000457763672,51685600
2005-01-21,12.830923080444336,15.109999656677246,15.460000038146973,15.100000381469728,15.40999984741211,54640400
2005-01-24,12.605895042419434,14.845000267028809,15.234999656677246,14.835000038146973,15.164999961853027,64025200
2005-01-25,12.83516788482666,15.114999771118164,15.19499969482422,14.979999542236328,15.015000343322754,64726600
2005-01-26,13.14511489868164,15.479999542236328,15.5600004196167,15.265000343322754,15.3149995803833,51731600
2005-01-27,13.230032920837402,15.579999923706056,15.640000343322754,15.375,15.414999961853027,67564200
2005-01-28,13.196063995361328,15.539999961853027,15.774999618530272,15.414999961853027,15.675000190734863,58163000
2005-01-31,13.251262664794922,15.604999542236328,15.78499984741211,15.56999969482422,15.710000038146973,35747200
2005-02-01,13.459305763244627,15.850000381469728,15.920000076293944,15.670000076293944,15.675000190734863,41978400
2005-02-02,13.378637313842772,15.755000114440918,15.920000076293944,15.704999923706056,15.895000457763672,37896600
2005-02-03,13.268244743347168,15.625,15.789999961853027,15.479999542236328,15.670000076293944,44371200
2005-02-04,13.892383575439451,16.360000610351562,16.360000610351562,15.6850004196167,15.720000267028809,60231000
2005-02-07,13.862662315368652,16.325000762939453,16.46500015258789,16.184999465942383,16.290000915527344,45027400
2005-02-08,14.09193515777588,16.594999313354492,16.725000381469727,16.2549991607666,16.2549991607666,63758800
2005-02-09,13.811710357666016,16.264999389648438,16.575000762939453,16.209999084472656,16.56999969482422,55522400
2005-02-10,13.917855262756348,16.389999389648438,16.549999237060547,16.190000534057617,16.40999984741211,77300000
2005-02-11,14.406128883361816,16.96500015258789,17.079999923706055,16.280000686645508,16.315000534057617,89435400
2005-02-14,14.401884078979492,16.959999084472656,17.0049991607666,16.795000076293945,16.94499969482422,45037200
2005-02-15,14.478306770324709,17.049999237060547,17.270000457763672,16.885000228881836,16.950000762939453,76605200
2005-02-16,14.33395004272461,16.8799991607666,17.135000228881836,16.799999237060547,16.969999313354492,55852400
2005-02-17,14.11741065979004,16.625,17.094999313354492,16.625,16.9950008392334,58998800
2005-02-18,14.159870147705078,16.674999237060547,16.774999618530273,16.549999237060547,16.549999237060547,38963000
2005-02-22,14.138641357421877,16.649999618530273,17.079999923706055,16.5,16.520000457763672,79927400
2005-02-23,14.036742210388184,16.530000686645508,16.825000762939453,16.329999923706055,16.78499984741211,73487600
2005-02-24,14.33395004272461,16.8799991607666,16.889999389648438,16.434999465942383,16.5,71478600
2005-02-25,14.62266445159912,17.219999313354492,17.239999771118164,16.815000534057617,16.885000228881836,56530400
2005-02-28,14.43160343170166,16.9950008392334,17.475000381469727,16.90999984741211,17.235000610351562,70426800
2005-03-01,14.771272659301758,17.395000457763672,17.43000030517578,17.149999618530273,17.174999237060547,63819200
2005-03-02,14.56322193145752,17.149999618530273,17.43000030517578,17.049999237060547,17.18000030517578,83406400
2005-03-03,14.406128883361816,16.96500015258789,17.25,16.815000534057617,17.235000610351562,70188000
2005-03-04,14.440095901489258,17.0049991607666,17.229999542236328,16.885000228881836,17.139999389648438,76921600
2005-03-07,14.70333766937256,17.315000534057617,17.454999923706055,16.989999771118164,17.040000915527344,50965000
2005-03-08,14.42735767364502,16.989999771118164,17.405000686645508,16.975000381469727,17.170000076293945,51603600
2005-03-09,14.461326599121094,17.030000686645508,17.25,16.979999542236328,17.049999237060547,50904200
2005-03-10,14.626912117004396,17.225000381469727,17.25,16.854999542236328,17.09000015258789,74234200
2005-03-11,14.244787216186523,16.774999618530273,17.329999923706055,16.704999923706055,17.295000076293945,96152600
2005-03-14,14.278754234313965,16.815000534057617,16.875,16.69499969482422,16.829999923706055,35310200
2005-03-15,14.04098892211914,16.53499984741211,16.905000686645508,16.4950008392334,16.825000762939453,53277800
2005-03-16,13.879645347595217,16.344999313354492,16.690000534057617,16.295000076293945,16.424999237060547,61153000
2005-03-17,13.892383575439451,16.360000610351562,16.485000610351562,16.28499984741211,16.329999923706055,48773400
2005-03-18,13.773497581481934,16.219999313354492,16.454999923706055,16.174999237060547,16.385000228881836,57227400
2005-03-21,13.790483474731444,16.239999771118164,16.389999389648438,16.059999465942383,16.274999618530273,64334200
2005-03-22,13.603666305541992,16.020000457763672,16.43000030517578,16.010000228881836,16.385000228881836,54908400
2005-03-23,13.803218841552734,16.2549991607666,16.3700008392334,16.030000686645508,16.040000915527344,71579200
2005-03-24,13.862662315368652,16.325000762939453,16.450000762939453,16.274999618530273,16.424999237060547,45829000
2005-03-28,13.82445240020752,16.280000686645508,16.549999237060547,16.270000457763672,16.364999771118164,37012800
2005-03-29,13.658862113952637,16.084999084472656,16.360000610351562,16.030000686645508,16.25,57694200
2005-03-30,13.964563369750977,16.44499969482422,16.450000762939453,16.110000610351562,16.165000915527344,51779600
2005-03-31,13.811710357666016,16.264999389648438,16.424999237060547,16.219999313354492,16.424999237060547,54897000
2005-04-01,13.620649337768556,16.040000915527344,16.424999237060547,15.979999542236328,16.364999771118164,61409600
2005-04-04,13.612159729003906,16.030000686645508,16.125,15.869999885559082,16.110000610351562,48371000
2005-04-05,13.62489414215088,16.045000076293945,16.209999084472656,15.975000381469728,16.030000686645508,60899000
2005-04-06,13.63338565826416,16.05500030517578,16.264999389648438,16.024999618530273,16.149999618530273,49071000
2005-04-07,13.871152877807615,16.334999084472656,16.350000381469727,15.979999542236328,15.989999771118164,44553200
2005-04-08,13.794730186462402,16.2450008392334,16.43000030517578,16.229999542236328,16.299999237060547,40046800
2005-04-11,13.675844192504885,16.104999542236328,16.30500030517578,16.084999084472656,16.209999084472656,29716400
2005-04-12,13.620649337768556,16.040000915527344,16.079999923706055,15.630000114440918,16.065000534057617,76172000
2005-04-13,13.33193016052246,15.699999809265137,15.960000038146973,15.609999656677246,15.920000076293944,54980000
2005-04-14,13.119640350341797,15.449999809265137,15.69499969482422,15.43000030517578,15.65999984741211,55621800
2005-04-15,12.699304580688477,14.954999923706056,15.289999961853027,14.9399995803833,15.270000457763672,66713200
2005-04-18,12.860645294189451,15.145000457763672,15.28499984741211,14.954999923706056,14.960000038146973,78276800
2005-04-19,13.140869140625,15.475000381469728,15.545000076293944,15.3100004196167,15.449999809265137,55329200
2005-04-20,12.915839195251465,15.210000038146973,15.75,15.1850004196167,15.75,78222600
2005-04-21,13.28522777557373,15.645000457763672,15.670000076293944,15.354999542236328,15.425000190734863,53631600
2005-04-22,13.013493537902832,15.324999809265137,15.619999885559082,15.050000190734863,15.619999885559082,47233600
2005-04-25,13.089919090270996,15.414999961853027,15.520000457763672,15.335000038146973,15.425000190734863,33460800
2005-04-26,13.064443588256836,15.385000228881836,15.779999732971191,15.300000190734863,15.375,59960400
2005-04-27,13.136624336242676,15.470000267028809,15.550000190734863,15.199999809265137,15.225000381469728,54239200
2005-04-28,13.06869125366211,15.390000343322754,15.609999656677246,15.31999969482422,15.40999984741211,70954800
2005-04-29,13.08567237854004,15.40999984741211,15.529999732971191,15.125,15.454999923706056,60446800
2005-05-02,13.140869140625,15.475000381469728,15.5649995803833,15.40999984741211,15.454999923706056,28843800
2005-05-03,13.174838066101074,15.515000343322754,15.635000228881836,15.399999618530272,15.399999618530272,40153800
2005-05-04,13.433832168579102,15.81999969482422,15.895000457763672,15.550000190734863,15.579999923706056,46965600
2005-05-05,13.501764297485352,15.899999618530272,16.030000686645508,15.789999961853027,15.789999961853027,54973600
2005-05-06,13.595174789428713,16.010000228881836,16.065000534057617,15.869999885559082,15.979999542236328,35180600
2005-05-09,13.692829132080078,16.125,16.135000228881836,15.890000343322754,16.0,33452200
2005-05-10,13.53997802734375,15.94499969482422,16.084999084472656,15.880000114440918,16.05500030517578,37481600
2005-05-11,13.582436561584473,15.994999885559082,16.045000076293945,15.720000267028809,16.020000457763672,47570400
2005-05-12,13.603666305541992,16.020000457763672,16.209999084472656,15.925000190734863,16.0,58343000
2005-05-13,13.93908977508545,16.415000915527344,16.53499984741211,16.125,16.19499969482422,73257000
2005-05-16,13.994281768798828,16.479999542236328,16.549999237060547,16.30500030517578,16.399999618530273,39651000
2005-05-17,14.11741065979004,16.625,16.649999618530273,16.385000228881836,16.399999618530273,50683800
2005-05-18,14.219313621520996,16.7450008392334,16.80500030517578,16.469999313354492,16.625,47226000
2005-05-19,14.22355842590332,16.75,16.950000762939453,16.6299991607666,16.7549991607666,57899200
2005-05-20,14.36791706085205,16.920000076293945,16.940000534057617,16.649999618530273,16.75,38995800
2005-05-23,14.338194847106934,16.885000228881836,17.020000457763672,16.7549991607666,16.979999542236328,49301400
2005-05-24,14.56322193145752,17.149999618530273,17.15999984741211,16.80500030517578,16.825000762939453,57639000
2005-05-25,14.491046905517578,17.065000534057617,17.125,16.899999618530273,17.125,49193400
2005-05-26,14.74579620361328,17.364999771118164,17.395000457763672,17.149999618530273,17.165000915527344,44039800
2005-05-27,14.660879135131836,17.264999389648438,17.31999969482422,17.079999923706055,17.290000915527344,42283400
2005-05-31,14.605684280395508,17.200000762939453,17.350000381469727,17.155000686645508,17.30500030517578,47677800
2005-06-01,14.69484806060791,17.30500030517578,17.434999465942383,17.09000015258789,17.135000228881836,71504000
2005-06-02,14.90713882446289,17.55500030517578,17.56999969482422,17.229999542236328,17.239999771118164,52112200
2005-06-03,14.784008026123049,17.40999984741211,17.614999771118164,17.389999389648438,17.559999465942383,49386200
2005-06-06,14.724568367004396,17.34000015258789,17.385000228881836,17.174999237060547,17.350000381469727,32492400
2005-06-07,14.5335054397583,17.114999771118164,17.565000534057617,17.06999969482422,17.364999771118164,55253800
2005-06-08,14.677863121032717,17.28499984741211,17.389999389648438,17.165000915527344,17.260000228881836,54727000
2005-06-09,14.987807273864746,17.649999618530273,17.655000686645508,17.149999618530273,17.264999389648438,68773200
2005-06-10,14.69060230255127,17.299999237060547,17.600000381469727,17.21500015258789,17.584999084472656,49350200
2005-06-13,14.66512680053711,17.270000457763672,17.44499969482422,17.190000534057617,17.21500015258789,37391000
2005-06-14,14.512277603149414,17.09000015258789,17.350000381469727,17.049999237060547,17.25,44885400
2005-06-15,14.541996955871582,17.125,17.225000381469727,16.825000762939453,17.184999465942383,71048600
2005-06-16,14.626912117004396,17.225000381469727,17.350000381469727,17.110000610351562,17.184999465942383,51763600
2005-06-17,14.62266445159912,17.219999313354492,17.354999542236328,17.15999984741211,17.350000381469727,30409800
2005-06-20,14.558981895446776,17.145000457763672,17.260000228881836,17.014999389648438,17.05500030517578,37645000
2005-06-21,14.648140907287598,17.25,17.299999237060547,17.139999389648438,17.200000762939453,33709800
2005-06-22,14.750041961669922,17.3700008392334,17.399999618530273,17.229999542236328,17.350000381469727,37761400
2005-06-23,14.699090003967283,17.309999465942383,17.809999465942383,17.309999465942383,17.40999984741211,99079600
2005-06-24,14.478306770324709,17.049999237060547,17.34000015258789,17.030000686645508,17.264999389648438,46093000
2005-06-27,14.274507522583008,16.809999465942383,17.045000076293945,16.75,17.030000686645508,48713400
2005-06-28,14.465572357177734,17.03499984741211,17.075000762939453,16.760000228881836,16.760000228881836,41782200
2005-06-29,14.372164726257324,16.924999237060547,17.125,16.885000228881836,17.065000534057617,32177400
2005-06-30,14.295735359191896,16.834999084472656,17.040000915527344,16.815000534057617,16.96500015258789,31051800
2005-07-01,14.346689224243164,16.895000457763672,16.969999313354492,16.809999465942383,16.850000381469727,20931200
2005-07-05,14.584454536437988,17.174999237060547,17.225000381469727,16.809999465942383,16.825000762939453,42808400
2005-07-06,14.660879135131836,17.264999389648438,17.46500015258789,17.170000076293945,17.225000381469727,42403800
2005-07-07,14.839203834533691,17.475000381469727,17.475000381469727,17.110000610351562,17.165000915527344,50448000
2005-07-08,15.085461616516112,17.764999389648438,17.80500030517578,17.424999237060547,17.485000610351562,47264800
2005-07-11,15.454851150512695,18.200000762939453,18.204999923706055,17.90999984741211,17.959999084472656,50795400
2005-07-12,15.484570503234863,18.23500061035156,18.350000381469727,18.100000381469727,18.190000534057617,34481800
2005-07-13,15.505799293518066,18.260000228881836,18.295000076293945,18.094999313354492,18.209999084472656,35082400
2005-07-14,15.662894248962402,18.44499969482422,18.600000381469727,18.290000915527344,18.440000534057617,56267800
2005-07-15,15.701109886169434,18.489999771118164,18.524999618530273,18.260000228881836,18.440000534057617,28421400
2005-07-18,15.667147636413574,18.450000762939453,18.475000381469727,18.309999465942383,18.375,23908600
2005-07-19,15.921892166137695,18.75,18.780000686645508,18.5,18.600000381469727,41053000
2005-07-20,16.011056900024414,18.854999542236328,18.875,18.274999618530273,18.34000015258789,62996600
2005-07-21,15.756307601928713,18.55500030517578,18.829999923706055,18.469999313354492,18.774999618530273,45406600
2005-07-22,15.803011894226074,18.61000061035156,18.834999084472656,18.5,18.71500015258789,35495800
2005-07-25,15.701109886169434,18.489999771118164,18.7450008392334,18.459999084472656,18.674999237060547,26635600
2005-07-26,16.019548416137695,18.864999771118164,18.864999771118164,18.604999542236328,18.674999237060547,35231200
2005-07-27,15.832731246948242,18.645000457763672,18.739999771118164,18.440000534057617,18.73500061035156,56265000
2005-07-28,15.86669921875,18.684999465942383,18.729999542236328,18.53499984741211,18.690000534057617,34971800
2005-07-29,15.862454414367676,18.68000030517578,18.774999618530273,18.549999237060547,18.7450008392334,43803400
2005-08-01,15.81574821472168,18.625,18.790000915527344,18.575000762939453,18.71500015258789,23169200
2005-08-02,16.261558532714844,19.149999618530273,19.15999984741211,18.75,18.780000686645508,40794200
2005-08-03,16.10870933532715,18.969999313354492,19.075000762939453,18.924999237060547,18.954999923706055,30753000
2005-08-04,15.777533531188965,18.579999923706055,18.875,18.565000534057617,18.850000381469727,36713400
2005-08-05,15.667147636413574,18.450000762939453,18.6200008392334,18.354999542236328,18.5049991607666,36640000
2005-08-08,15.577977180480955,18.344999313354492,18.584999084472656,18.299999237060547,18.5,36517400
2005-08-09,15.726582527160645,18.520000457763672,18.69499969482422,18.420000076293945,18.434999465942383,29624000
2005-08-10,15.624685287475586,18.399999618530273,18.774999618530273,18.329999923706055,18.5,47256800
2005-08-11,15.718095779418944,18.510000228881836,18.545000076293945,18.225000381469727,18.299999237060547,49307400
2005-08-12,15.429373741149902,18.170000076293945,18.364999771118164,17.934999465942383,18.354999542236328,39641200
2005-08-15,15.582225799560549,18.350000381469727,18.475000381469727,18.125,18.19499969482422,31517600
2005-08-16,15.357196807861328,18.084999084472656,18.229999542236328,18.01499938964844,18.225000381469727,32834800
2005-08-17,15.531278610229492,18.290000915527344,18.385000228881836,18.184999465942383,18.204999923706055,31861200
2005-08-18,15.395407676696776,18.1299991607666,18.270000457763672,18.125,18.239999771118164,27252400
2005-08-19,15.386916160583496,18.1200008392334,18.280000686645508,18.079999923706055,18.19499969482422,21537200
2005-08-22,15.611946105957031,18.385000228881836,18.43000030517578,18.165000915527344,18.18000030517578,36902800
2005-08-23,15.5355224609375,18.295000076293945,18.46500015258789,18.209999084472656,18.36000061035156,34979600
2005-08-24,15.442110061645508,18.184999465942383,18.559999465942383,18.149999618530273,18.184999465942383,55701800
2005-08-25,15.510047912597656,18.26499938964844,18.385000228881836,18.200000762939453,18.274999618530273,28753800
2005-08-26,15.408147811889648,18.145000457763672,18.26499938964844,18.049999237060547,18.239999771118164,33775800
2005-08-29,15.620440483093262,18.395000457763672,18.450000762939453,18.075000762939453,18.079999923706055,31592000
2005-08-30,15.560999870300291,18.325000762939453,18.3700008392334,18.125,18.334999084472656,38724800
2005-08-31,15.701109886169434,18.489999771118164,18.51499938964844,18.200000762939453,18.239999771118164,41803400
2005-09-01,15.527029991149902,18.28499984741211,18.475000381469727,18.25,18.415000915527344,36390600
2005-09-02,15.480321884155272,18.229999542236328,18.405000686645508,18.155000686645508,18.3700008392334,17316800
2005-09-06,15.709600448608398,18.5,18.55500030517578,18.299999237060547,18.315000534057617,30109000
2005-09-07,15.69686508178711,18.48500061035156,18.545000076293945,18.28499984741211,18.44499969482422,26060400
2005-09-08,15.951615333557127,18.78499984741211,18.829999923706055,18.420000076293945,18.420000076293945,47748200
2005-09-09,15.85820770263672,18.674999237060547,18.864999771118164,18.540000915527344,18.854999542236328,42435000
2005-09-12,15.790268898010254,18.594999313354492,18.73500061035156,18.53499984741211,18.700000762939453,20733400
2005-09-13,15.879434585571287,18.700000762939453,18.86000061035156,18.59000015258789,18.59000015258789,30984800
2005-09-14,15.77329158782959,18.575000762939453,18.84000015258789,18.565000534057617,18.774999618530273,38184000
2005-09-15,15.667147636413574,18.450000762939453,18.684999465942383,18.3700008392334,18.655000686645508,34650600
2005-09-16,15.662894248962402,18.44499969482422,18.575000762939453,18.31999969482422,18.51499938964844,37074200
2005-09-19,15.514291763305664,18.270000457763672,18.459999084472656,18.125,18.405000686645508,30709000
2005-09-20,15.39965534210205,18.135000228881836,18.48500061035156,18.1299991607666,18.299999237060547,38331800
2005-09-21,15.18311595916748,17.8799991607666,18.174999237060547,17.850000381469727,18.084999084472656,34533200
2005-09-22,15.255295753479004,17.96500015258789,18.200000762939453,17.760000228881836,17.850000381469727,46656800
2005-09-23,15.369935989379885,18.100000381469727,18.15999984741211,17.81999969482422,17.90999984741211,25472800
2005-09-26,15.361441612243652,18.09000015258789,18.28499984741211,18.0049991607666,18.28499984741211,31498400
2005-09-27,15.11518096923828,17.799999237060547,18.125,17.700000762939453,18.059999465942383,41896200
2005-09-28,15.153395652770996,17.844999313354492,18.059999465942383,17.71500015258789,17.850000381469727,32517200
2005-09-29,15.42088508605957,18.15999984741211,18.219999313354492,17.69499969482422,17.825000762939453,31338600
2005-09-30,15.684123992919922,18.469999313354492,18.540000915527344,18.174999237060547,18.174999237060547,40908400
2005-10-03,15.752060890197754,18.549999237060547,18.799999237060547,18.545000076293945,18.575000762939453,33096200
2005-10-04,15.501556396484377,18.2549991607666,18.625,18.225000381469727,18.53499984741211,36712800
2005-10-05,15.251049041748049,17.959999084472656,18.30500030517578,17.93000030517578,18.225000381469727,44578800
2005-10-06,14.979318618774414,17.639999389648438,17.979999542236328,17.475000381469727,17.979999542236328,48615200
2005-10-07,15.05149745941162,17.725000381469727,17.850000381469727,17.65999984741211,17.825000762939453,23812800
2005-10-10,14.66512680053711,17.270000457763672,17.639999389648438,17.239999771118164,17.600000381469727,47434400
2005-10-11,14.482553482055664,17.05500030517578,17.3799991607666,16.94499969482422,17.274999618530273,52258400
2005-10-12,14.48680019378662,17.059999465942383,17.155000686645508,16.825000762939453,16.915000915527344,81817800
2005-10-13,14.74155044555664,17.360000610351562,17.424999237060547,17.0,17.139999389648438,60904400
2005-10-14,14.631159782409668,17.229999542236328,17.46500015258789,17.06999969482422,17.385000228881836,47324800
2005-10-17,14.639650344848633,17.239999771118164,17.34000015258789,17.1200008392334,17.184999465942383,30458000
2005-10-18,14.597193717956545,17.190000534057617,17.28499984741211,17.1200008392334,17.184999465942383,30864800
2005-10-19,14.558981895446776,17.145000457763672,17.145000457763672,16.665000915527344,16.875,76170200
2005-10-20,14.588700294494627,17.18000030517578,17.415000915527344,17.104999542236328,17.239999771118164,49886000
2005-10-21,14.74579620361328,17.364999771118164,17.489999771118164,17.270000457763672,17.469999313354492,43888600
2005-10-24,14.839203834533691,17.475000381469727,17.475000381469727,17.149999618530273,17.40999984741211,43270800
2005-10-25,14.512277603149414,17.09000015258789,17.260000228881836,17.0,17.21500015258789,26576000
2005-10-26,14.42735767364502,16.989999771118164,17.25,16.954999923706055,17.049999237060547,31369200
2005-10-27,14.172607421875,16.690000534057617,16.989999771118164,16.655000686645508,16.985000610351562,38158200
2005-10-28,14.142888069152832,16.655000686645508,16.665000915527344,16.28499984741211,16.475000381469727,53044200
2005-10-31,14.244787216186523,16.774999618530273,16.969999313354492,16.704999923706055,16.725000381469727,33345000
2005-11-01,14.142888069152832,16.655000686645508,16.770000457763672,16.559999465942383,16.7450008392334,31386600
2005-11-02,14.567471504211426,17.155000686645508,17.21500015258789,16.600000381469727,16.600000381469727,42339400
2005-11-03,14.90713882446289,17.55500030517578,17.670000076293945,17.30500030517578,17.479999542236328,47851200
2005-11-04,14.983564376831056,17.645000457763672,17.690000534057617,17.44499969482422,17.614999771118164,24318000
2005-11-07,15.047246932983398,17.719999313354492,17.829999923706055,17.5049991607666,17.700000762939453,28131000
2005-11-08,15.05149745941162,17.725000381469727,17.895000457763672,17.565000534057617,17.670000076293945,32170200
2005-11-09,15.16188621520996,17.854999542236328,17.924999237060547,17.584999084472656,17.674999237060547,40355000
2005-11-10,15.35295295715332,18.079999923706055,18.170000076293945,17.780000686645508,17.954999923706055,41163800
2005-11-11,15.276525497436523,17.989999771118164,18.260000228881836,17.979999542236328,18.155000686645508,32270600
2005-11-14,15.425132751464844,18.165000915527344,18.209999084472656,17.989999771118164,18.01499938964844,23664600
2005-11-15,15.29351043701172,18.010000228881836,18.479999542236328,17.934999465942383,18.079999923706055,26676400
2005-11-16,15.263790130615234,17.975000381469727,18.05500030517578,17.844999313354492,17.969999313354492,25993600
2005-11-17,15.3317232131958,18.05500030517578,18.09000015258789,17.825000762939453,17.94499969482422,30224400
2005-11-18,15.488816261291504,18.239999771118164,18.415000915527344,18.075000762939453,18.25,41478400
2005-11-21,15.42088508605957,18.15999984741211,18.315000534057617,18.094999313354492,18.2549991607666,28961200
2005-11-22,15.709600448608398,18.5,18.674999237060547,18.135000228881836,18.149999618530273,45127000
2005-11-23,15.777533531188965,18.579999923706055,18.799999237060547,18.524999618530273,18.649999618530273,28110400
2005-11-25,15.904909133911133,18.729999542236328,18.80500030517578,18.579999923706055,18.579999923706055,10952600
2005-11-28,15.807254791259766,18.614999771118164,18.81999969482422,18.545000076293945,18.774999618530273,22045600
2005-11-29,15.752060890197754,18.549999237060547,18.8799991607666,18.51499938964844,18.665000915527344,29834800
2005-11-30,15.875187873840332,18.69499969482422,18.790000915527344,18.5,18.5049991607666,30163800
2005-12-01,16.46535873413086,19.38999938964844,19.38999938964844,18.864999771118164,18.920000076293945,46535600
2005-12-02,16.5290470123291,19.46500015258789,19.575000762939453,19.30500030517578,19.344999313354492,32200400
2005-12-05,16.248825073242188,19.135000228881836,19.450000762939453,19.020000457763672,19.450000762939453,25275400
2005-12-06,16.320999145507812,19.219999313354492,19.565000534057617,19.21500015258789,19.309999465942383,33236800
2005-12-07,16.236087799072266,19.1200008392334,19.309999465942383,19.040000915527344,19.270000457763672,30139800
2005-12-08,15.887925148010254,18.709999084472656,19.225000381469727,18.5,19.200000762939453,63654400
2005-12-09,16.10870933532715,18.969999313354492,18.98500061035156,18.540000915527344,18.63999938964844,41907200
2005-12-12,16.304019927978516,19.200000762939453,19.21500015258789,19.03499984741211,19.049999237060547,23033600
2005-12-13,16.367708206176758,19.274999618530273,19.399999618530273,19.010000228881836,19.149999618530273,30970200
2005-12-14,16.28278923034668,19.174999237060547,19.350000381469727,19.09000015258789,19.174999237060547,22335200
2005-12-15,16.270050048828125,19.15999984741211,19.315000534057617,19.094999313354492,19.239999771118164,20894200
2005-12-16,16.151166915893555,19.020000457763672,19.28499984741211,19.020000457763672,19.28499984741211,16636400
2005-12-19,15.760553359985352,18.559999465942383,19.149999618530273,18.559999465942383,19.149999618530273,28510200
2005-12-20,15.828486442565918,18.63999938964844,18.834999084472656,18.454999923706055,18.6200008392334,33392400
2005-12-21,15.807254791259766,18.614999771118164,18.825000762939453,18.575000762939453,18.649999618530273,18636600
2005-12-22,16.006811141967773,18.850000381469727,18.885000228881836,18.645000457763672,18.649999618530273,18653400
2005-12-23,16.057762145996094,18.90999984741211,19.075000762939453,18.84000015258789,18.915000915527344,13849600
2005-12-27,15.832731246948242,18.645000457763672,19.049999237060547,18.61000061035156,18.940000534057617,17508000
2005-12-28,15.892169952392578,18.71500015258789,18.760000228881836,18.530000686645508,18.649999618530273,17776600
2005-12-29,15.67563533782959,18.459999084472656,18.76499938964844,18.450000762939453,18.71500015258789,15162200
2005-12-30,15.55675220489502,18.31999969482422,18.469999313354492,18.2549991607666,18.469999313354492,16847800
2006-01-03,16.100217819213867,18.959999084472656,18.975000381469727,18.229999542236328,18.469999313354492,44154200
2006-01-04,16.219100952148438,19.100000381469727,19.15999984741211,18.950000762939453,18.989999771118164,25861400
2006-01-05,16.541784286499023,19.479999542236328,19.565000534057617,19.155000686645508,19.200000762939453,37796800
2006-01-06,16.834753036499023,19.825000762939453,19.8700008392334,19.475000381469727,19.674999237060547,39329800
2006-01-09,16.923908233642578,19.93000030517578,19.979999542236328,19.73500061035156,19.875,25613000
2006-01-10,16.8984375,19.899999618530273,19.94499969482422,19.7549991607666,19.825000762939453,23982400
2006-01-11,17.068269729614258,20.100000381469727,20.174999237060547,19.825000762939453,19.9950008392334,44112200
2006-01-12,17.00033950805664,20.020000457763672,20.31999969482422,19.924999237060547,20.079999923706055,51951000
2006-01-13,16.758323669433594,19.73500061035156,19.93000030517578,19.584999084472656,19.850000381469727,42613000
2006-01-17,16.48659324645996,19.415000915527344,19.53499984741211,19.30500030517578,19.510000228881836,43907600
2006-01-18,16.117202758789062,18.979999542236328,19.11000061035156,18.815000534057617,18.854999542236328,76083600
2006-01-19,16.456871032714844,19.3799991607666,19.5049991607666,19.274999618530273,19.434999465942383,39940600
2006-01-20,15.879434585571287,18.700000762939453,19.270000457763672,18.6200008392334,19.19499969482422,65155600
2006-01-23,15.853958129882812,18.670000076293945,18.799999237060547,18.5,18.725000381469727,47815600
2006-01-24,15.853958129882812,18.670000076293945,19.065000534057617,18.61000061035156,18.725000381469727,48484600
2006-01-25,15.807254791259766,18.614999771118164,18.809999465942383,18.415000915527344,18.80500030517578,52651200
2006-01-26,16.176645278930664,19.049999237060547,19.094999313354492,18.649999618530273,18.829999923706055,47252400
2006-01-27,16.231836318969727,19.114999771118164,19.44499969482422,19.030000686645508,19.325000762939453,41603400
2006-01-30,16.278547286987305,19.170000076293945,19.350000381469727,19.100000381469727,19.200000762939453,19334600
2006-01-31,15.836976051330566,18.649999618530273,19.165000915527344,18.649999618530273,19.149999618530273,35964400
2006-02-01,16.219100952148438,19.100000381469727,19.1299991607666,18.665000915527344,18.75,32457400
2006-02-02,15.95586109161377,18.790000915527344,19.239999771118164,18.73500061035156,19.174999237060547,34029400
2006-02-03,15.752060890197754,18.549999237060547,18.809999465942383,18.549999237060547,18.719999313354492,35198000
2006-02-06,16.040775299072266,18.88999938964844,18.915000915527344,18.600000381469727,18.600000381469727,21951000
2006-02-07,16.155414581298828,19.024999618530273,19.024999618530273,18.7549991607666,18.875,26943000
2006-02-08,16.38893699645996,19.299999237060547,19.299999237060547,18.96500015258789,19.125,30821600
2006-02-09,16.34223175048828,19.2450008392334,19.530000686645508,19.190000534057617,19.325000762939453,34723400
2006-02-10,16.180889129638672,19.05500030517578,19.19499969482422,18.829999923706055,19.145000457763672,52256800
2006-02-13,16.028038024902344,18.875,19.030000686645508,18.799999237060547,18.979999542236328,29417800
2006-02-14,16.24032974243164,19.125,19.125,18.795000076293945,18.920000076293945,37462000
2006-02-15,16.219100952148438,19.100000381469727,19.200000762939453,18.94499969482422,19.065000534057617,30491200
2006-02-16,16.4313907623291,19.350000381469727,19.3799991607666,19.104999542236328,19.309999465942383,27719200
2006-02-17,16.087480545043945,18.94499969482422,19.25,18.940000534057617,19.190000534057617,22479600
2006-02-21,15.811503410339355,18.6200008392334,19.024999618530273,18.549999237060547,19.020000457763672,32639000
2006-02-22,15.943123817443848,18.774999618530273,18.864999771118164,18.405000686645508,18.549999237060547,40459000
2006-02-23,15.709600448608398,18.5,18.795000076293945,18.5,18.729999542236328,27567800
2006-02-24,15.688372611999512,18.475000381469727,18.655000686645508,18.434999465942383,18.5,41133400
2006-02-27,15.811503410339355,18.6200008392334,18.68000030517578,18.475000381469727,18.489999771118164,28188400
2006-02-28,15.718095779418944,18.510000228881836,18.739999771118164,18.450000762939453,18.6200008392334,34929400
2006-03-01,16.359214782714844,19.26499938964844,19.309999465942383,18.61000061035156,18.684999465942383,42372800
2006-03-02,16.34647560119629,19.25,19.44499969482422,19.09000015258789,19.155000686645508,43393800
2006-03-03,16.10870933532715,18.969999313354492,19.309999465942383,18.969999313354492,19.059999465942383,40658000
2006-03-06,15.90066623687744,18.725000381469727,19.174999237060547,18.725000381469727,19.125,34458200
2006-03-07,15.590718269348145,18.36000061035156,18.59000015258789,18.325000762939453,18.524999618530273,35890200
2006-03-08,15.493060111999512,18.2450008392334,18.405000686645508,18.049999237060547,18.34000015258789,43455200
2006-03-09,15.251049041748049,17.959999084472656,18.450000762939453,17.959999084472656,18.36000061035156,41558400
2006-03-10,15.255295753479004,17.96500015258789,18.23500061035156,17.8799991607666,18.049999237060547,71899600
2006-03-13,15.242560386657717,17.950000762939453,18.19499969482422,17.940000534057617,18.05500030517578,27568600
2006-03-14,15.505799293518066,18.260000228881836,18.299999237060547,17.905000686645508,17.950000762939453,33642600
2006-03-15,15.641671180725098,18.420000076293945,18.48500061035156,18.184999465942383,18.299999237060547,44002000
2006-03-16,15.123677253723145,17.809999465942383,18.450000762939453,17.809999465942383,18.375,44255200
2006-03-17,15.093954086303713,17.774999618530273,17.940000534057617,17.594999313354492,17.875,39710200
2006-03-20,15.106695175170898,17.790000915527344,17.975000381469727,17.764999389648438,17.864999771118164,28762400
2006-03-21,15.16188621520996,17.854999542236328,18.30500030517578,17.774999618530273,17.860000610351562,57577200
2006-03-22,15.217084884643556,17.920000076293945,17.969999313354492,17.709999084472656,17.774999618530273,51907800
2006-03-23,15.212841033935549,17.915000915527344,18.1299991607666,17.415000915527344,17.905000686645508,48923600
2006-03-24,15.369935989379885,18.100000381469727,18.125,17.815000534057617,17.954999923706055,33064000
2006-03-27,15.42088508605957,18.15999984741211,18.295000076293945,18.11000061035156,18.165000915527344,44594000
2006-03-28,15.119431495666504,17.80500030517578,18.23500061035156,17.80500030517578,18.125,38155400
2006-03-29,15.573736190795898,18.34000015258789,18.375,17.860000610351562,17.8799991607666,40051600
2006-03-30,15.599210739135742,18.3700008392334,18.645000457763672,17.90999984741211,18.43000030517578,49822800
2006-03-31,15.42088508605957,18.15999984741211,18.5,18.075000762939453,18.38999938964844,32221000
2006-04-03,15.510047912597656,18.26499938964844,18.53499984741211,18.13999938964844,18.225000381469727,35692400
2006-04-04,15.446358680725098,18.190000534057617,18.399999618530273,18.125,18.325000762939453,34783000
2006-04-05,15.862454414367676,18.68000030517578,18.7450008392334,18.209999084472656,18.239999771118164,45240200
2006-04-06,16.0025634765625,18.844999313354492,18.950000762939453,18.665000915527344,18.69499969482422,35896400
2006-04-07,15.662894248962402,18.44499969482422,18.969999313354492,18.44499969482422,18.924999237060547,53567000
2006-04-10,15.539767265319824,18.299999237060547,18.475000381469727,18.23500061035156,18.424999237060547,32056200
2006-04-11,15.488816261291504,18.239999771118164,18.549999237060547,18.100000381469727,18.399999618530273,35610800
2006-04-12,15.548259735107422,18.309999465942383,18.415000915527344,18.204999923706055,18.2450008392334,23339400
2006-04-13,15.624685287475586,18.399999618530273,18.545000076293945,18.260000228881836,18.309999465942383,24076400
2006-04-17,15.34870433807373,18.075000762939453,18.53499984741211,17.96500015258789,18.375,46220800
2006-04-18,15.870946884155272,18.690000534057617,18.75,18.149999618530273,18.200000762939453,53318600
2006-04-19,16.078990936279297,18.934999465942383,18.9950008392334,18.645000457763672,18.75,43018200
2006-04-20,16.24032974243164,19.125,19.405000686645508,18.75,18.850000381469727,46905400
2006-04-21,15.887925148010254,18.709999084472656,19.125,18.579999923706055,19.040000915527344,46077600
2006-04-24,15.777533531188965,18.579999923706055,18.6299991607666,18.40999984741211,18.59000015258789,32718800
2006-04-25,15.91340160369873,18.739999771118164,18.739999771118164,18.395000457763672,18.600000381469727,29217000
2006-04-26,15.849717140197754,18.665000915527344,18.829999923706055,18.510000228881836,18.719999313354492,35105000
2006-04-27,16.134187698364258,19.0,19.100000381469727,18.399999618530273,18.520000457763672,48275800
2006-04-28,15.985580444335938,18.825000762939453,19.075000762939453,18.774999618530273,18.850000381469727,22968200
2006-05-01,15.777533531188965,18.579999923706055,18.885000228881836,18.4950008392334,18.81999969482422,22657200
2006-05-02,15.819992065429688,18.6299991607666,18.69499969482422,18.5,18.684999465942383,25331800
2006-05-03,15.926136016845703,18.7549991607666,18.7549991607666,18.454999923706055,18.56999969482422,29466200
2006-05-04,16.028038024902344,18.875,19.0049991607666,18.7549991607666,18.790000915527344,24628400
2006-05-05,16.1596622467041,19.030000686645508,19.075000762939453,18.8799991607666,18.9950008392334,27113600
2006-05-08,16.146923065185547,19.01499938964844,19.239999771118164,18.98500061035156,19.1200008392334,16521200
2006-05-09,15.989826202392578,18.829999923706055,18.979999542236328,18.774999618530273,18.969999313354492,18957800
2006-05-10,15.624685287475586,18.399999618530273,18.825000762939453,18.329999923706055,18.799999237060547,31184400
2006-05-11,15.369935989379885,18.100000381469727,18.489999771118164,18.010000228881836,18.489999771118164,36970600
2006-05-12,15.259539604187012,17.969999313354492,18.280000686645508,17.950000762939453,18.09000015258789,31000400
2006-05-15,15.157642364501951,17.850000381469727,18.13999938964844,17.635000228881836,17.96500015258789,35749600
2006-05-16,15.144905090332031,17.834999084472656,18.024999618530273,17.635000228881836,17.920000076293945,43219200
2006-05-17,14.864681243896484,17.5049991607666,17.920000076293945,17.475000381469727,17.729999542236328,46306000
2006-05-18,14.728812217712402,17.344999313354492,17.68000030517578,17.34000015258789,17.600000381469727,28608000
2006-05-19,14.93685817718506,17.59000015258789,17.604999542236328,17.299999237060547,17.424999237060547,40356400
2006-05-22,14.5335054397583,17.114999771118164,17.450000762939453,16.959999084472656,17.405000686645508,47849400
2006-05-23,14.266014099121094,16.799999237060547,17.415000915527344,16.770000457763672,17.325000762939453,45848200
2006-05-24,14.4358491897583,17.0,17.145000457763672,16.704999923706055,16.885000228881836,52915000
2006-05-25,14.4358491897583,17.0,17.200000762939453,16.8799991607666,17.200000762939453,32045400
2006-05-26,14.52076530456543,17.100000381469727,17.2549991607666,17.014999389648438,17.110000610351562,20683000
2006-05-30,14.278754234313965,16.815000534057617,17.139999389648438,16.799999237060547,17.0,20700400
2006-05-31,14.448589324951172,17.014999389648438,17.139999389648438,16.829999923706055,16.93000030517578,31448600
2006-06-01,14.699090003967283,17.309999465942383,17.31999969482422,17.0,17.0,33951200
2006-06-02,14.69060230255127,17.299999237060547,17.450000762939453,17.104999542236328,17.424999237060547,29645000
2006-06-05,14.278754234313965,16.815000534057617,17.325000762939453,16.815000534057617,17.290000915527344,27324200
2006-06-06,14.282999038696287,16.81999969482422,16.924999237060547,16.71500015258789,16.80500030517578,37132600
2006-06-07,13.973052024841309,16.454999923706055,16.905000686645508,16.434999465942383,16.899999618530273,36002600
2006-06-08,13.905120849609377,16.375,16.559999465942383,16.065000534057617,16.399999618530273,61628000
2006-06-09,13.828696250915527,16.28499984741211,16.725000381469727,16.19499969482422,16.639999389648438,40853600
2006-06-12,13.53997802734375,15.94499969482422,16.3799991607666,15.925000190734863,16.334999084472656,35042000
2006-06-13,13.51450252532959,15.914999961853027,16.184999465942383,15.869999885559082,15.989999771118164,41006000
2006-06-14,13.697073936462402,16.1299991607666,16.235000610351562,15.920000076293944,16.110000610351562,37018800
2006-06-15,14.138641357421877,16.649999618530273,16.719999313354492,16.229999542236328,16.270000457763672,34060200
2006-06-16,14.01126766204834,16.5,16.75,16.420000076293945,16.510000228881836,21210600
2006-06-19,13.934842109680176,16.40999984741211,16.709999084472656,16.350000381469727,16.639999389648438,21105200
2006-06-20,13.89662742614746,16.364999771118164,16.545000076293945,16.2549991607666,16.475000381469727,25058600
2006-06-21,14.13015079498291,16.639999389648438,16.825000762939453,16.329999923706055,16.329999923706055,30490600
2006-06-22,13.951824188232422,16.43000030517578,16.665000915527344,16.315000534057617,16.575000762939453,30365400
2006-06-23,13.777745246887209,16.225000381469727,16.454999923706055,16.135000228881836,16.454999923706055,23239200
2006-06-26,13.892383575439451,16.360000610351562,16.40999984741211,16.204999923706055,16.270000457763672,13625600
2006-06-27,13.62489414215088,16.045000076293945,16.450000762939453,16.040000915527344,16.329999923706055,20803000
2006-06-28,13.66310691833496,16.09000015258789,16.094999313354492,15.75,16.049999237060547,23634800
2006-06-29,14.04098892211914,16.53499984741211,16.645000457763672,16.045000076293945,16.125,45742200
2006-06-30,13.973052024841309,16.454999923706055,16.649999618530273,16.3799991607666,16.565000534057617,19377400
2006-07-03,14.15562629699707,16.670000076293945,16.71500015258789,16.485000610351562,16.59000015258789,6463200
2006-07-05,13.765007972717283,16.209999084472656,16.514999389648438,16.18000030517578,16.5,14758400
2006-07-06,13.72255039215088,16.15999984741211,16.325000762939453,16.079999923706055,16.219999313354492,20817200
2006-07-07,13.501764297485352,15.899999618530272,16.09000015258789,15.78499984741211,16.06999969482422,27342800
2006-07-10,13.200310707092283,15.545000076293944,16.049999237060547,15.449999809265137,15.970000267028809,24089000
2006-07-11,13.590927124023438,16.0049991607666,16.05500030517578,15.454999923706056,15.479999542236328,46025600
2006-07-12,13.225787162780762,15.574999809265137,16.024999618530273,15.5649995803833,15.9399995803833,34087600
2006-07-13,13.021985054016112,15.335000038146973,15.770000457763672,15.31999969482422,15.414999961853027,51488000
2006-07-14,13.043214797973633,15.359999656677246,15.515000343322754,15.21500015258789,15.375,38259600
2006-07-17,12.979528427124023,15.28499984741211,15.574999809265137,15.255000114440918,15.4350004196167,30559400
2006-07-18,13.047460556030272,15.364999771118164,15.420000076293944,14.9399995803833,15.31999969482422,52982200
2006-07-19,13.16209888458252,15.5,15.755000114440918,15.335000038146973,15.399999618530272,51030000
2006-07-20,12.771482467651367,15.039999961853027,15.625,15.0,15.600000381469728,36665600
2006-07-21,12.38935661315918,14.59000015258789,14.899999618530272,14.510000228881836,14.899999618530272,46972000
2006-07-24,12.635616302490234,14.880000114440918,14.984999656677246,14.65999984741211,14.699999809265137,35154800
2006-07-25,12.856399536132812,15.140000343322754,15.28499984741211,14.925000190734863,15.039999961853027,36243600
2006-07-26,12.9073486328125,15.199999809265137,15.395000457763672,14.869999885559082,15.024999618530272,43743000
2006-07-27,12.975282669067385,15.279999732971191,15.585000038146973,15.265000343322754,15.265000343322754,44325200
2006-07-28,13.340425491333008,15.710000038146973,15.729999542236328,15.350000381469728,15.375,38393000
2006-07-31,13.382882118225098,15.760000228881836,15.824999809265137,15.579999923706056,15.739999771118164,21784400
2006-08-01,13.017742156982422,15.329999923706056,15.625,15.265000343322754,15.600000381469728,30157800
2006-08-02,13.200310707092283,15.545000076293944,15.65999984741211,15.399999618530272,15.449999809265137,21456000
2006-08-03,13.314949989318848,15.68000030517578,15.850000381469728,15.324999809265137,15.375,23515800
2006-08-04,13.280981063842772,15.640000343322754,16.079999923706055,15.46500015258789,15.864999771118164,31246800
2006-08-07,13.20455837249756,15.550000190734863,15.725000381469728,15.4399995803833,15.5,17639400
2006-08-08,13.174838066101074,15.515000343322754,15.725000381469728,15.364999771118164,15.6899995803833,26814000
2006-08-09,13.18332862854004,15.524999618530272,15.970000267028809,15.510000228881836,15.78499984741211,39281600
2006-08-10,13.476290702819824,15.869999885559082,15.869999885559082,15.449999809265137,15.449999809265137,27856800
2006-08-11,13.005002975463867,15.3149995803833,15.725000381469728,15.265000343322754,15.645000457763672,38155400
2006-08-14,13.242770195007324,15.595000267028809,15.75,15.420000076293944,15.460000038146973,27774000
2006-08-15,13.569700241088867,15.979999542236328,16.040000915527344,15.720000267028809,15.84000015258789,41708200
2006-08-16,13.990036964416504,16.475000381469727,16.55500030517578,15.975000381469728,16.149999618530273,53691000
2006-08-17,14.002774238586426,16.489999771118164,16.725000381469727,16.40999984741211,16.450000762939453,45759800
2006-08-18,14.074953079223633,16.575000762939453,16.575000762939453,16.225000381469727,16.450000762939453,29459200
2006-08-21,13.84143352508545,16.299999237060547,16.415000915527344,16.165000915527344,16.399999618530273,23915200
2006-08-22,13.786235809326172,16.235000610351562,16.459999084472656,16.174999237060547,16.295000076293945,23080800
2006-08-23,13.756515502929688,16.200000762939453,16.5,16.104999542236328,16.31999969482422,27750600
2006-08-24,13.892383575439451,16.360000610351562,16.360000610351562,16.104999542236328,16.225000381469727,23980600
2006-08-25,13.913613319396973,16.385000228881836,16.549999237060547,16.270000457763672,16.350000381469727,23013200
2006-08-28,14.113166809082031,16.6200008392334,16.625,16.395000457763672,16.44499969482422,19301200
2006-08-29,14.393392562866213,16.950000762939453,16.950000762939453,16.53499984741211,16.6299991607666,43501600
2006-08-30,14.584454536437988,17.174999237060547,17.219999313354492,16.825000762939453,16.950000762939453,43982600
2006-08-31,14.4740629196167,17.045000076293945,17.25,16.975000381469727,17.204999923706055,24590400
2006-09-01,14.36791706085205,16.920000076293945,17.174999237060547,16.790000915527344,17.075000762939453,25397400
2006-09-05,14.49528980255127,17.06999969482422,17.09000015258789,16.760000228881836,16.924999237060547,31156800
2006-09-06,14.04098892211914,16.53499984741211,16.885000228881836,16.53499984741211,16.850000381469727,41013800
2006-09-07,13.930597305297852,16.405000686645508,16.719999313354492,16.325000762939453,16.485000610351562,53504400
2006-09-08,14.142888069152832,16.655000686645508,16.670000076293945,16.415000915527344,16.459999084472656,26628600
2006-09-11,14.278754234313965,16.815000534057617,16.934999465942383,16.475000381469727,16.549999237060547,37802000
2006-09-12,14.677863121032717,17.28499984741211,17.43000030517578,16.854999542236328,16.950000762939453,58369800
2006-09-13,14.62266445159912,17.219999313354492,17.440000534057617,17.104999542236328,17.28499984741211,49014600
2006-09-14,14.609929084777832,17.204999923706055,17.280000686645508,17.05500030517578,17.165000915527344,30184200
2006-09-15,14.584454536437988,17.174999237060547,17.55500030517578,17.145000457763672,17.334999084472656,39464800
2006-09-18,14.71182918548584,17.325000762939453,17.514999389648438,17.135000228881836,17.139999389648438,37117400
2006-09-19,14.43160343170166,16.9950008392334,17.28499984741211,16.770000457763672,17.229999542236328,60233000
2006-09-20,14.571718215942385,17.15999984741211,17.225000381469727,17.014999389648438,17.09000015258789,35864200
2006-09-21,14.198080062866213,16.719999313354492,17.200000762939453,16.719999313354492,17.084999084472656,76835400
2006-09-22,14.159870147705078,16.674999237060547,16.905000686645508,16.59000015258789,16.75,39943000
2006-09-25,14.529258728027344,17.110000610351562,17.110000610351562,16.530000686645508,16.725000381469727,52144200
2006-09-26,14.597193717956545,17.190000534057617,17.190000534057617,16.854999542236328,17.059999465942383,60477000
2006-09-27,14.503783226013184,17.079999923706055,17.440000534057617,17.065000534057617,17.200000762939453,51654800
2006-09-28,14.71182918548584,17.325000762939453,17.334999084472656,17.094999313354492,17.100000381469727,26567600
2006-09-29,14.558981895446776,17.145000457763672,17.30500030517578,17.06999969482422,17.299999237060547,20081800
2006-10-02,14.478306770324709,17.049999237060547,17.309999465942383,17.0,17.049999237060547,25189600
2006-10-03,14.372164726257324,16.924999237060547,17.024999618530273,16.700000762939453,16.829999923706055,31071200
2006-10-04,14.626912117004396,17.225000381469727,17.290000915527344,16.829999923706055,16.864999771118164,49259400
2006-10-05,14.516518592834473,17.094999313354492,17.239999771118164,17.0049991607666,17.229999542236328,24401800
2006-10-06,14.423113822937012,16.985000610351562,17.045000076293945,16.864999771118164,16.924999237060547,20958400
2006-10-09,14.567471504211426,17.155000686645508,17.28499984741211,16.924999237060547,16.969999313354492,24889600
2006-10-10,14.512277603149414,17.09000015258789,17.21500015258789,17.059999465942383,17.114999771118164,21354800
2006-10-11,14.70333766937256,17.315000534057617,17.5,16.899999618530273,17.010000228881836,48480400
2006-10-12,14.970824241638184,17.6299991607666,17.6299991607666,17.235000610351562,17.354999542236328,46661000
2006-10-13,15.072725296020508,17.75,17.854999542236328,17.479999542236328,17.575000762939453,40994200
2006-10-16,15.166131973266602,17.860000610351562,17.975000381469727,17.795000076293945,17.899999618530273,24787600
2006-10-17,14.81797695159912,17.450000762939453,17.700000762939453,17.325000762939453,17.69499969482422,44253200
2006-10-18,14.461326599121094,17.030000686645508,17.479999542236328,16.915000915527344,17.454999923706055,53433800
2006-10-19,14.38065242767334,16.934999465942383,17.094999313354492,16.780000686645508,16.895000457763672,33841000
2006-10-20,14.274507522583008,16.809999465942383,16.975000381469727,16.719999313354492,16.975000381469727,19537200
2006-10-23,14.372164726257324,16.924999237060547,17.03499984741211,16.700000762939453,16.75,33554200
2006-10-24,14.159870147705078,16.674999237060547,17.030000686645508,16.649999618530273,16.924999237060547,26646000
2006-10-25,14.45283317565918,17.020000457763672,17.09000015258789,16.6299991607666,16.684999465942383,38717000
2006-10-26,14.60143756866455,17.19499969482422,17.219999313354492,16.850000381469727,17.065000534057617,26908800
2006-10-27,14.244787216186523,16.774999618530273,17.135000228881836,16.635000228881836,17.135000228881836,57508800
2006-10-30,14.338194847106934,16.885000228881836,17.024999618530273,16.725000381469727,16.739999771118164,33856200
2006-10-31,14.4358491897583,17.0,17.045000076293945,16.854999542236328,16.924999237060547,22920400
2006-11-01,14.13015079498291,16.639999389648438,17.065000534057617,16.6200008392334,17.03499984741211,39316400
2006-11-02,14.032493591308594,16.524999618530273,16.690000534057617,16.5049991607666,16.549999237060547,25384000
2006-11-03,13.994281768798828,16.479999542236328,16.645000457763672,16.375,16.579999923706055,30959000
2006-11-06,14.261771202087402,16.795000076293945,16.864999771118164,16.434999465942383,16.524999618530273,27944400
2006-11-07,14.41461944580078,16.975000381469727,17.209999084472656,16.799999237060547,16.799999237060547,29061400
2006-11-08,14.376410484313965,16.93000030517578,17.065000534057617,16.770000457763672,16.864999771118164,29742800
2006-11-09,14.096183776855469,16.600000381469727,17.114999771118164,16.600000381469727,17.100000381469727,48357400
2006-11-10,14.261771202087402,16.795000076293945,16.799999237060547,16.5049991607666,16.635000228881836,15571000
2006-11-13,14.529258728027344,17.110000610351562,17.114999771118164,16.684999465942383,16.780000686645508,28775800
2006-11-14,14.975074768066406,17.635000228881836,17.635000228881836,16.985000610351562,17.135000228881836,44347000
2006-11-15,15.06423282623291,17.739999771118164,17.854999542236328,17.53499984741211,17.68000030517578,44825600
2006-11-16,15.05149745941162,17.725000381469727,17.80500030517578,17.475000381469727,17.729999542236328,24408200
2006-11-17,14.979318618774414,17.639999389648438,17.700000762939453,17.5,17.610000610351562,23250800
2006-11-20,15.123677253723145,17.809999465942383,17.834999084472656,17.5,17.594999313354492,26544600
2006-11-21,14.881661415100098,17.524999618530273,17.81999969482422,17.475000381469727,17.760000228881836,28548600
2006-11-22,15.06423282623291,17.739999771118164,17.760000228881836,17.53499984741211,17.604999542236328,14467800
2006-11-24,15.00479507446289,17.670000076293945,17.764999389648438,17.549999237060547,17.700000762939453,5114200
2006-11-27,14.707581520080566,17.31999969482422,17.71500015258789,17.174999237060547,17.610000610351562,22781800
2006-11-28,14.631159782409668,17.229999542236328,17.229999542236328,17.024999618530273,17.149999618530273,21850000
2006-11-29,14.546242713928224,17.1299991607666,17.40999984741211,17.024999618530273,17.3799991607666,24558800
2006-11-30,14.669371604919434,17.274999618530273,17.389999389648438,17.014999389648438,17.125,21769000
2006-12-01,14.444343566894531,17.010000228881836,17.315000534057617,16.7450008392334,17.225000381469727,51601200
2006-12-04,14.71182918548584,17.325000762939453,17.4950008392334,16.975000381469727,17.0,36364000
2006-12-05,14.775520324707031,17.399999618530273,17.565000534057617,17.315000534057617,17.389999389648438,21227800
2006-12-06,14.775520324707031,17.399999618530273,17.540000915527344,17.2549991607666,17.3700008392334,20257600
2006-12-07,14.597193717956545,17.190000534057617,17.625,17.174999237060547,17.459999084472656,26279800
2006-12-08,14.516518592834473,17.094999313354492,17.219999313354492,16.940000534057617,17.030000686645508,36861000
2006-12-11,14.465572357177734,17.03499984741211,17.25,17.014999389648438,17.1299991607666,11723600
2006-12-12,14.406128883361816,16.96500015258789,17.145000457763672,16.834999084472656,17.049999237060547,29013000
2006-12-13,14.287248611450195,16.825000762939453,17.145000457763672,16.774999618530273,17.1200008392334,22271400
2006-12-14,14.503783226013184,17.079999923706055,17.204999923706055,16.81999969482422,16.875,40237000
2006-12-15,14.546242713928224,17.1299991607666,17.264999389648438,17.059999465942383,17.25,20040200
2006-12-18,14.52501106262207,17.104999542236328,17.34000015258789,17.024999618530273,17.149999618530273,21250000
2006-12-19,14.312721252441406,16.854999542236328,16.975000381469727,16.739999771118164,16.899999618530273,25336800
2006-12-20,14.397638320922852,16.954999923706055,17.110000610351562,16.860000610351562,16.885000228881836,15932600
2006-12-21,14.227803230285645,16.7549991607666,17.010000228881836,16.670000076293945,16.96500015258789,19373400
2006-12-22,14.13439655303955,16.645000457763672,16.864999771118164,16.625,16.799999237060547,17532600
2006-12-26,14.227803230285645,16.7549991607666,16.829999923706055,16.604999542236328,16.635000228881836,7199200
2006-12-27,14.33395004272461,16.8799991607666,16.954999923706055,16.799999237060547,16.860000610351562,10658600
2006-12-28,14.33395004272461,16.8799991607666,16.9950008392334,16.81999969482422,16.875,10767400
2006-12-29,14.287248611450195,16.825000762939453,17.0049991607666,16.780000686645508,16.875,6917600
2007-01-03,14.253278732299805,16.78499984741211,17.110000610351562,16.565000534057617,16.924999237060547,26994000
2007-01-04,14.516518592834473,17.094999313354492,17.18000030517578,16.75,16.7549991607666,28808200
2007-01-05,14.372164726257324,16.924999237060547,17.024999618530273,16.809999465942383,16.950000762939453,33599800
2007-01-08,14.461326599121094,17.030000686645508,17.184999465942383,16.8799991607666,17.0,23105400
2007-01-09,14.575963973999023,17.165000915527344,17.21500015258789,16.954999923706055,17.079999923706055,21958200
2007-01-10,14.75428867340088,17.375,17.5,17.0,17.114999771118164,35479400
2007-01-11,14.851940155029297,17.489999771118164,17.709999084472656,17.350000381469727,17.375,50899000
2007-01-12,14.898645401000977,17.545000076293945,17.579999923706055,17.325000762939453,17.424999237060547,21841800
2007-01-16,14.74155044555664,17.360000610351562,17.59000015258789,17.295000076293945,17.59000015258789,21065000
2007-01-17,14.62266445159912,17.219999313354492,17.360000610351562,17.075000762939453,17.155000686645508,29655800
2007-01-18,14.079200744628906,16.579999923706055,16.954999923706055,16.545000076293945,16.954999923706055,49867200
2007-01-19,14.18110179901123,16.700000762939453,16.825000762939453,16.520000457763672,16.625,28899800
2007-01-22,14.083446502685549,16.584999084472656,16.764999389648438,16.469999313354492,16.764999389648438,29533200
2007-01-23,14.066460609436035,16.565000534057617,16.81999969482422,16.549999237060547,16.700000762939453,25254000
2007-01-24,14.261771202087402,16.795000076293945,16.825000762939453,16.604999542236328,16.639999389648438,18385600
2007-01-25,14.244787216186523,16.774999618530273,17.135000228881836,16.729999542236328,16.895000457763672,31495200
2007-01-26,14.359426498413086,16.90999984741211,17.06999969482422,16.684999465942383,16.80500030517578,32778000
2007-01-29,14.329707145690918,16.875,17.059999465942383,16.84000015258789,16.969999313354492,25664800
2007-01-30,14.346689224243164,16.895000457763672,16.989999771118164,16.809999465942383,16.920000076293945,13228000
2007-01-31,14.363669395446776,16.915000915527344,16.975000381469727,16.665000915527344,16.885000228881836,34284600
2007-02-01,14.478306770324709,17.049999237060547,17.165000915527344,16.915000915527344,17.049999237060547,23636600
2007-02-02,14.571718215942385,17.15999984741211,17.25,17.065000534057617,17.145000457763672,18756400
2007-02-05,14.626912117004396,17.225000381469727,17.385000228881836,17.075000762939453,17.209999084472656,23336800
2007-02-06,14.529258728027344,17.110000610351562,17.239999771118164,16.950000762939453,17.209999084472656,23701600
2007-02-07,14.648140907287598,17.25,17.354999542236328,17.084999084472656,17.15999984741211,26142000
2007-02-08,14.588700294494627,17.18000030517578,17.235000610351562,17.040000915527344,17.165000915527344,16277800
2007-02-09,14.410371780395508,16.969999313354492,17.440000534057617,16.915000915527344,17.299999237060547,40220600
2007-02-12,14.261771202087402,16.795000076293945,16.959999084472656,16.735000610351562,16.959999084472656,22983800
2007-02-13,14.321210861206056,16.864999771118164,16.93000030517578,16.729999542236328,16.864999771118164,21963800
2007-02-14,14.635403633117676,17.235000610351562,17.299999237060547,16.969999313354492,17.0,33972800
2007-02-15,14.648140907287598,17.25,17.364999771118164,17.174999237060547,17.190000534057617,18218800
2007-02-16,14.631159782409668,17.229999542236328,17.295000076293945,17.200000762939453,17.229999542236328,15610800
2007-02-20,14.652385711669922,17.2549991607666,17.274999618530273,16.969999313354492,17.149999618530273,18024000
2007-02-21,14.639650344848633,17.239999771118164,17.239999771118164,17.06999969482422,17.174999237060547,15662000
2007-02-22,15.030269622802734,17.700000762939453,17.80500030517578,17.5,17.530000686645508,66851800
2007-02-23,15.0982027053833,17.780000686645508,17.93000030517578,17.75,17.764999389648438,27545600
2007-02-26,15.076973915100098,17.7549991607666,17.905000686645508,17.635000228881836,17.875,21236800
2007-02-27,14.626912117004396,17.225000381469727,17.645000457763672,17.024999618530273,17.4950008392334,60876400
2007-02-28,14.618420600891112,17.21500015258789,17.395000457763672,17.079999923706055,17.219999313354492,34864600
2007-03-01,14.48680019378662,17.059999465942383,17.225000381469727,16.780000686645508,16.940000534057617,42702400
2007-03-02,14.291489601135254,16.829999923706055,17.06999969482422,16.774999618530273,16.989999771118164,37727400
2007-03-05,14.159870147705078,16.674999237060547,16.989999771118164,16.614999771118164,16.665000915527344,39323400
2007-03-06,14.389142990112305,16.94499969482422,17.0,16.875,16.924999237060547,18403600
2007-03-07,14.338194847106934,16.885000228881836,17.030000686645508,16.795000076293945,16.969999313354492,16239600
2007-03-08,14.448589324951172,17.014999389648438,17.209999084472656,16.90999984741211,17.075000762939453,23476800
2007-03-09,14.69484806060791,17.30500030517578,17.459999084472656,17.1299991607666,17.360000610351562,25699200
2007-03-12,14.750041961669922,17.3700008392334,17.5049991607666,17.235000610351562,17.25,18435800
2007-03-13,14.580209732055664,17.170000076293945,17.364999771118164,17.075000762939453,17.274999618530273,27649000
2007-03-14,14.550490379333496,17.135000228881836,17.190000534057617,16.885000228881836,17.170000076293945,27355800
2007-03-15,14.580209732055664,17.170000076293945,17.174999237060547,17.065000534057617,17.100000381469727,22234400
2007-03-16,14.4740629196167,17.045000076293945,17.174999237060547,16.96500015258789,17.165000915527344,14862800
2007-03-19,14.410371780395508,16.969999313354492,17.174999237060547,16.915000915527344,17.104999542236328,23122600
2007-03-20,14.503783226013184,17.079999923706055,17.145000457763672,16.90999984741211,17.0049991607666,13455000
2007-03-21,14.69060230255127,17.299999237060547,17.575000762939453,17.014999389648438,17.104999542236328,20829400
2007-03-22,14.584454536437988,17.174999237060547,17.385000228881836,17.079999923706055,17.309999465942383,22190200
2007-03-23,14.588700294494627,17.18000030517578,17.325000762939453,17.1200008392334,17.15999984741211,14385400
2007-03-26,14.546242713928224,17.1299991607666,17.28499984741211,16.96500015258789,17.235000610351562,15808400
2007-03-27,14.537749290466309,17.1200008392334,17.209999084472656,17.09000015258789,17.200000762939453,11157000
2007-03-28,14.33395004272461,16.8799991607666,17.030000686645508,16.84000015258789,16.979999542236328,18213600
2007-03-29,14.257526397705078,16.790000915527344,17.030000686645508,16.575000762939453,16.975000381469727,35443000
2007-03-30,14.17685317993164,16.69499969482422,16.875,16.65999984741211,16.809999465942383,18326400
2007-04-02,14.202327728271484,16.725000381469727,16.844999313354492,16.584999084472656,16.780000686645508,21261000
2007-04-03,14.253278732299805,16.78499984741211,16.954999923706055,16.7450008392334,16.795000076293945,22528600
2007-04-04,14.45283317565918,17.020000457763672,17.030000686645508,16.75,16.834999084472656,20261800
2007-04-05,14.537749290466309,17.1200008392334,17.15999984741211,17.010000228881836,17.05500030517578,13894200
2007-04-09,14.558981895446776,17.145000457763672,17.235000610351562,17.010000228881836,17.19499969482422,13346800
2007-04-10,14.788256645202637,17.415000915527344,17.415000915527344,17.104999542236328,17.114999771118164,18244000
2007-04-11,14.635403633117676,17.235000610351562,17.399999618530273,17.145000457763672,17.3799991607666,22787600
2007-04-12,14.707581520080566,17.31999969482422,17.334999084472656,17.100000381469727,17.15999984741211,19830200
2007-04-13,14.635403633117676,17.235000610351562,17.2450008392334,17.040000915527344,17.2450008392334,23910000
2007-04-16,14.728812217712402,17.344999313354492,17.420000076293945,17.174999237060547,17.270000457763672,25346400
2007-04-17,14.699090003967283,17.309999465942383,17.399999618530273,17.209999084472656,17.389999389648438,13597000
2007-04-18,15.106695175170898,17.790000915527344,17.950000762939453,17.5049991607666,17.5049991607666,47209200
2007-04-19,15.29351043701172,18.010000228881836,18.1200008392334,17.670000076293945,17.799999237060547,39158800
2007-04-20,15.382671356201172,18.114999771118164,18.260000228881836,17.920000076293945,18.149999618530273,26905600
2007-04-23,15.2722806930542,17.985000610351562,18.100000381469727,17.940000534057617,18.030000686645508,18007200
2007-04-24,15.769041061401367,18.56999969482422,18.709999084472656,18.350000381469727,18.46500015258789,72541200
2007-04-25,16.006811141967773,18.850000381469727,18.850000381469727,18.524999618530273,18.655000686645508,36923000
2007-04-26,15.93038558959961,18.760000228881836,18.829999923706055,18.575000762939453,18.829999923706055,26863400
2007-04-27,15.739323616027832,18.53499984741211,18.7549991607666,18.450000762939453,18.584999084472656,27279400
2007-04-30,15.544013023376465,18.30500030517578,18.53499984741211,18.274999618530273,18.479999542236328,20226400
2007-05-01,15.65440273284912,18.434999465942383,18.459999084472656,18.155000686645508,18.30500030517578,27019800
2007-05-02,15.756307601928713,18.55500030517578,18.645000457763672,18.415000915527344,18.44499969482422,22080600
2007-05-03,15.739323616027832,18.53499984741211,18.71500015258789,18.524999618530273,18.53499984741211,15535600
2007-05-04,15.93038558959961,18.760000228881836,18.780000686645508,18.56999969482422,18.65999984741211,21741800
2007-05-07,15.909156799316406,18.73500061035156,18.774999618530273,18.674999237060547,18.739999771118164,9571200
2007-05-08,15.832731246948242,18.645000457763672,18.674999237060547,18.48500061035156,18.6200008392334,12783200
2007-05-09,16.176645278930664,19.049999237060547,19.1200008392334,18.575000762939453,18.594999313354492,32806200
2007-05-10,15.93038558959961,18.760000228881836,19.114999771118164,18.670000076293945,18.96500015258789,28972600
2007-05-11,16.12569236755371,18.989999771118164,19.040000915527344,18.78499984741211,18.864999771118164,25374200
2007-05-14,16.1596622467041,19.030000686645508,19.174999237060547,18.940000534057617,19.079999923706055,21862000
2007-05-15,15.947367668151855,18.780000686645508,19.049999237060547,18.73500061035156,19.024999618530273,32079000
2007-05-16,15.90066623687744,18.725000381469727,18.7549991607666,18.530000686645508,18.674999237060547,34105400
2007-05-17,15.752060890197754,18.549999237060547,18.739999771118164,18.434999465942383,18.68000030517578,30323400
2007-05-18,15.77329158782959,18.575000762939453,18.700000762939453,18.405000686645508,18.68000030517578,25530200
2007-05-21,15.752060890197754,18.549999237060547,18.815000534057617,18.48500061035156,18.575000762939453,33222400
2007-05-22,15.832731246948242,18.645000457763672,18.78499984741211,18.46500015258789,18.63999938964844,25403600
2007-05-23,15.548259735107422,18.309999465942383,18.665000915527344,18.309999465942383,18.489999771118164,31356600
2007-05-24,15.314738273620604,18.03499984741211,18.385000228881836,17.94499969482422,18.2549991607666,50677600
2007-05-25,15.395407676696776,18.1299991607666,18.225000381469727,18.01499938964844,18.094999313354492,21357200
2007-05-29,15.463340759277344,18.209999084472656,18.295000076293945,18.135000228881836,18.184999465942383,19112800
2007-05-30,15.357196807861328,18.084999084472656,18.165000915527344,17.94499969482422,18.104999542236328,30480000
2007-05-31,15.58647346496582,18.354999542236328,18.3799991607666,18.155000686645508,18.165000915527344,22519400
2007-06-01,15.701109886169434,18.489999771118164,18.625,18.434999465942383,18.48500061035156,29855200
2007-06-04,15.662894248962402,18.44499969482422,18.604999542236328,18.399999618530273,18.440000534057617,14813000
2007-06-05,15.552507400512695,18.315000534057617,18.459999084472656,18.13999938964844,18.40999984741211,34272200
2007-06-06,15.369935989379885,18.100000381469727,18.385000228881836,18.094999313354492,18.25,32267000
2007-06-07,15.153395652770996,17.844999313354492,18.204999923706055,17.770000457763672,18.075000762939453,45551000
2007-06-08,15.590718269348145,18.36000061035156,18.36000061035156,17.920000076293945,17.989999771118164,40105800
2007-06-11,15.5355224609375,18.295000076293945,18.424999237060547,18.2450008392334,18.364999771118164,20090000
2007-06-12,15.416641235351562,18.155000686645508,18.3700008392334,18.059999465942383,18.084999084472656,23537400
2007-06-13,15.752060890197754,18.549999237060547,18.549999237060547,18.209999084472656,18.23500061035156,21668200
2007-06-14,15.90066623687744,18.725000381469727,18.8799991607666,18.469999313354492,18.51499938964844,22932000
2007-06-15,16.219100952148438,19.100000381469727,19.1299991607666,18.94499969482422,19.0,23084000
2007-06-18,16.24032974243164,19.125,19.280000686645508,19.0,19.1299991607666,12113200
2007-06-19,16.138429641723633,19.0049991607666,19.059999465942383,18.885000228881836,19.0,20167600
2007-06-20,16.040775299072266,18.88999938964844,19.15999984741211,18.8700008392334,19.045000076293945,28654800
2007-06-21,16.49508285522461,19.424999237060547,19.424999237060547,18.850000381469727,18.950000762939453,36080000
2007-06-22,16.25306510925293,19.13999938964844,19.3799991607666,19.05500030517578,19.299999237060547,25784800
2007-06-25,16.066255569458008,18.920000076293945,19.200000762939453,18.829999923706055,19.149999618530273,31991400
2007-06-26,16.028038024902344,18.875,18.9950008392334,18.7450008392334,18.96500015258789,22195800
2007-06-27,16.384687423706055,19.295000076293945,19.315000534057617,18.7549991607666,18.809999465942383,48905400
2007-06-28,16.278547286987305,19.170000076293945,19.315000534057617,19.13999938964844,19.270000457763672,22773800
2007-06-29,16.155414581298828,19.024999618530273,19.30500030517578,18.950000762939453,19.200000762939453,18684200
2007-07-02,16.38893699645996,19.299999237060547,19.299999237060547,19.100000381469727,19.100000381469727,15304600
2007-07-03,16.456871032714844,19.3799991607666,19.3799991607666,19.280000686645508,19.329999923706055,9486000
2007-07-05,16.512065887451172,19.44499969482422,19.454999923706055,19.155000686645508,19.350000381469727,11887200
2007-07-06,16.65642547607422,19.614999771118164,19.614999771118164,19.364999771118164,19.424999237060547,12907000
2007-07-09,16.73284912109375,19.704999923706055,19.815000534057617,19.59000015258789,19.604999542236328,20077600
2007-07-10,16.609722137451172,19.559999465942383,19.729999542236328,19.5,19.6200008392334,17421600
2007-07-11,16.579998016357422,19.524999618530273,19.61000061035156,19.344999313354492,19.575000762939453,23483200
2007-07-12,17.076763153076172,20.11000061035156,20.125,19.524999618530273,19.56999969482422,35419800
2007-07-13,17.064022064208984,20.094999313354492,20.229999542236328,20.030000686645508,20.229999542236328,29776600
2007-07-16,17.1107234954834,20.149999618530273,20.18000030517578,20.030000686645508,20.11000061035156,13311200
2007-07-17,17.42916488647461,20.524999618530273,20.704999923706055,20.170000076293945,20.170000076293945,41295600
2007-07-18,17.1107234954834,20.149999618530273,20.299999237060547,19.924999237060547,20.149999618530273,31028400
2007-07-19,17.161678314208984,20.209999084472656,20.334999084472656,20.065000534057617,20.28499984741211,20256200
2007-07-20,16.932403564453125,19.940000534057617,20.315000534057617,19.875,20.174999237060547,31002200
2007-07-23,16.91966438293457,19.924999237060547,20.135000228881836,19.8799991607666,19.9950008392334,20891200
2007-07-24,16.57150650024414,19.51499938964844,19.799999237060547,19.43000030517578,19.614999771118164,32540800
2007-07-25,16.618209838867188,19.56999969482422,19.7450008392334,19.48500061035156,19.690000534057617,27098000
2007-07-26,16.312509536743164,19.209999084472656,19.549999237060547,18.899999618530273,19.36000061035156,34758000
2007-07-27,16.019548416137695,18.864999771118164,19.2549991607666,18.834999084472656,19.174999237060547,32520600
2007-07-30,16.261558532714844,19.149999618530273,19.28499984741211,18.8799991607666,18.940000534057617,24711200
2007-07-31,16.036531448364258,18.885000228881836,19.325000762939453,18.825000762939453,19.299999237060547,29506000
2007-08-01,16.100217819213867,18.959999084472656,19.03499984741211,18.559999465942383,18.875,42847800
2007-08-02,16.09597396850586,18.954999923706055,19.024999618530273,18.75,19.024999618530273,23504600
2007-08-03,15.747812271118164,18.545000076293945,18.9950008392334,18.524999618530273,18.940000534057617,25491200
2007-08-06,15.921892166137695,18.75,18.875,18.479999542236328,18.655000686645508,40598800
2007-08-07,15.896418571472168,18.719999313354492,18.975000381469727,18.475000381469727,18.725000381469727,23738400
2007-08-08,16.219100952148438,19.100000381469727,19.225000381469727,18.850000381469727,18.850000381469727,36286200
2007-08-09,15.964357376098633,18.799999237060547,19.200000762939453,18.69499969482422,18.7450008392334,37280000
2007-08-10,16.006811141967773,18.850000381469727,19.075000762939453,18.565000534057617,18.655000686645508,37286800
2007-08-13,15.904909133911133,18.729999542236328,19.045000076293945,18.719999313354492,19.01499938964844,17864000
2007-08-14,15.701109886169434,18.489999771118164,18.905000686645508,18.459999084472656,18.795000076293945,20952400
2007-08-15,15.327478408813477,18.049999237060547,18.424999237060547,17.954999923706055,18.309999465942383,30875400
2007-08-16,15.28501796722412,18.0,18.170000076293945,17.4950008392334,17.950000762939453,46285400
2007-08-17,15.518539428710938,18.274999618530273,18.655000686645508,18.100000381469727,18.475000381469727,36573000
2007-08-20,15.709600448608398,18.5,18.6299991607666,18.290000915527344,18.36000061035156,23055400
2007-08-21,15.777533531188965,18.579999923706055,18.65999984741211,18.46500015258789,18.479999542236328,18159400
2007-08-22,15.849717140197754,18.665000915527344,18.719999313354492,18.524999618530273,18.649999618530273,20066800
2007-08-23,15.807254791259766,18.614999771118164,18.700000762939453,18.420000076293945,18.700000762939453,26994200
2007-08-24,15.998316764831545,18.84000015258789,18.854999542236328,18.510000228881836,18.579999923706055,14509400
2007-08-27,15.807254791259766,18.614999771118164,18.774999618530273,18.59000015258789,18.774999618530273,14320800
2007-08-28,15.412394523620604,18.149999618530273,18.545000076293945,18.125,18.5,25098800
2007-08-29,15.85820770263672,18.674999237060547,18.725000381469727,18.274999618530273,18.274999618530273,18946200
2007-08-30,15.879434585571287,18.700000762939453,18.920000076293945,18.549999237060547,18.575000762939453,26827200
2007-08-31,16.087480545043945,18.94499969482422,19.020000457763672,18.795000076293945,18.8700008392334,20448200
2007-09-04,16.507823944091797,19.440000534057617,19.549999237060547,19.010000228881836,19.010000228881836,23563600
2007-09-05,16.295528411865234,19.190000534057617,19.364999771118164,19.05500030517578,19.28499984741211,19393400
2007-09-06,16.43988800048828,19.36000061035156,19.3799991607666,19.094999313354492,19.23500061035156,14352400
2007-09-07,16.05351448059082,18.905000686645508,19.075000762939453,18.690000534057617,19.049999237060547,25443600
2007-09-10,16.045024871826172,18.895000457763672,19.149999618530273,18.75,19.075000762939453,21717400
2007-09-11,16.231836318969727,19.114999771118164,19.25,18.915000915527344,19.0,20132400
2007-09-12,15.95586109161377,18.790000915527344,19.09000015258789,18.739999771118164,18.96500015258789,19320400
2007-09-13,15.892169952392578,18.71500015258789,18.885000228881836,18.655000686645508,18.885000228881836,19669400
2007-09-14,15.769041061401367,18.56999969482422,18.635000228881836,18.479999542236328,18.524999618530273,12131800
2007-09-17,15.730834007263184,18.524999618530273,18.579999923706055,18.399999618530273,18.510000228881836,10125800
2007-09-18,16.036531448364258,18.885000228881836,18.954999923706055,18.540000915527344,18.635000228881836,17530800
2007-09-19,16.197874069213867,19.075000762939453,19.63999938964844,18.940000534057617,19.01499938964844,18245600
2007-09-20,16.25731658935547,19.145000457763672,19.219999313354492,18.950000762939453,18.975000381469727,14040000
2007-09-21,16.38044548034668,19.290000915527344,19.405000686645508,19.25,19.315000534057617,8601600
2007-09-24,16.29128074645996,19.184999465942383,19.36000061035156,19.049999237060547,19.325000762939453,13718600
2007-09-25,16.261558532714844,19.149999618530273,19.225000381469727,18.979999542236328,18.98500061035156,13339800
2007-09-26,16.210609436035156,19.09000015258789,19.36000061035156,19.049999237060547,19.260000228881836,14736600
2007-09-27,16.28703498840332,19.18000030517578,19.280000686645508,19.15999984741211,19.174999237060547,12898400
2007-09-28,16.261558532714844,19.149999618530273,19.334999084472656,19.1299991607666,19.170000076293945,16506600
2007-10-01,16.5290470123291,19.46500015258789,19.559999465942383,19.225000381469727,19.225000381469727,18960200
2007-10-02,16.541784286499023,19.479999542236328,19.524999618530273,19.325000762939453,19.46500015258789,11891400
2007-10-03,16.202116012573242,19.079999923706055,19.260000228881836,18.899999618530273,19.260000228881836,26509800
2007-10-04,16.12144660949707,18.98500061035156,19.11000061035156,18.899999618530273,19.11000061035156,13697600
2007-10-05,16.32524871826172,19.225000381469727,19.334999084472656,19.020000457763672,19.125,16470400
2007-10-08,16.34647560119629,19.25,19.309999465942383,19.1299991607666,19.2549991607666,7356200
2007-10-09,16.28278923034668,19.174999237060547,19.290000915527344,18.934999465942383,19.21500015258789,14250000
2007-10-10,16.172395706176758,19.045000076293945,19.1299991607666,18.885000228881836,19.104999542236328,18766200
2007-10-11,15.88368034362793,18.704999923706055,19.209999084472656,18.549999237060547,19.114999771118164,31375000
2007-10-12,15.429373741149902,18.170000076293945,18.295000076293945,18.03499984741211,18.135000228881836,13912400
2007-10-15,15.412394523620604,18.149999618530273,18.274999618530273,18.020000457763672,18.190000534057617,15376800
2007-10-16,15.35295295715332,18.079999923706055,18.239999771118164,18.0049991607666,18.045000076293945,23271400
2007-10-17,15.624685287475586,18.399999618530273,18.584999084472656,18.25,18.549999237060547,27334000
2007-10-18,15.590718269348145,18.36000061035156,18.395000457763672,18.135000228881836,18.290000915527344,16024400
2007-10-19,15.127923965454102,17.815000534057617,18.34000015258789,17.7549991607666,18.34000015258789,17556400
2007-10-22,15.28501796722412,18.0,18.0,17.610000610351562,17.65999984741211,15290400
2007-10-23,15.043004989624023,17.71500015258789,17.850000381469727,17.389999389648438,17.809999465942383,33628800
2007-10-24,14.626912117004396,17.225000381469727,17.375,16.850000381469727,17.3700008392334,39520400
2007-10-25,14.372164726257324,16.924999237060547,17.280000686645508,16.684999465942383,17.2549991607666,36550400
2007-10-26,14.346689224243164,16.895000457763672,17.114999771118164,16.739999771118164,17.075000762939453,23933200
2007-10-29,14.499539375305176,17.075000762939453,17.110000610351562,16.934999465942383,16.934999465942383,15071200
2007-10-30,14.529258728027344,17.110000610351562,17.18000030517578,16.975000381469727,16.975000381469727,16643000
2007-10-31,14.699090003967283,17.309999465942383,17.350000381469727,17.06999969482422,17.149999618530273,20678600
2007-11-01,14.465572357177734,17.03499984741211,17.25,16.975000381469727,17.184999465942383,22910200
2007-11-02,14.541996955871582,17.125,17.145000457763672,16.889999389648438,17.06999969482422,16528800
2007-11-05,14.457080841064451,17.024999618530273,17.18000030517578,16.8799991607666,16.90999984741211,16576800
2007-11-06,14.609929084777832,17.204999923706055,17.239999771118164,16.94499969482422,17.075000762939453,16282000
2007-11-07,14.287248611450195,16.825000762939453,17.149999618530273,16.7549991607666,17.024999618530273,20108600
2007-11-08,14.032493591308594,16.524999618530273,16.815000534057617,16.235000610351562,16.75,30099600
2007-11-09,13.98578929901123,16.469999313354492,16.670000076293945,16.25,16.309999465942383,25290600
2007-11-12,13.849924087524414,16.309999465942383,16.579999923706055,16.28499984741211,16.485000610351562,21190200
2007-11-13,14.096183776855469,16.600000381469727,16.75,16.375,16.395000457763672,15277400
2007-11-14,13.973052024841309,16.454999923706055,16.774999618530273,16.375,16.75,19020400
2007-11-15,13.883893013000488,16.350000381469727,16.55500030517578,16.19499969482422,16.299999237060547,21651600
2007-11-16,13.92210292816162,16.395000457763672,16.434999465942383,16.135000228881836,16.350000381469727,19621000
2007-11-19,13.680091857910156,16.110000610351562,16.34000015258789,16.024999618530273,16.34000015258789,18388600
2007-11-20,13.60791301727295,16.024999618530273,16.28499984741211,15.6850004196167,16.174999237060547,21221800
2007-11-21,13.344670295715332,15.71500015258789,16.010000228881836,15.55500030517578,15.800000190734863,20491600
2007-11-23,13.497520446777344,15.895000457763672,15.94499969482422,15.710000038146973,15.765000343322754,8111200
2007-11-26,13.20455837249756,15.550000190734863,16.024999618530273,15.5,15.914999961853027,16513000
2007-11-27,13.408357620239258,15.789999961853027,15.859999656677246,15.515000343322754,15.69499969482422,22698400
2007-11-28,14.01126766204834,16.5,16.514999389648438,16.0,16.0,29250400
2007-11-29,13.862662315368652,16.325000762939453,16.475000381469727,16.2549991607666,16.334999084472656,15292800
2007-11-30,13.72255039215088,16.15999984741211,16.649999618530273,16.065000534057617,16.649999618530273,17042200
2007-12-03,13.718306541442873,16.155000686645508,16.329999923706055,16.145000457763672,16.190000534057617,9633000
2007-12-04,13.65461540222168,16.079999923706055,16.235000610351562,16.020000457763672,16.030000686645508,11894000
2007-12-05,14.04098892211914,16.53499984741211,16.614999771118164,16.299999237060547,16.389999389648438,18378600
2007-12-06,14.2405424118042,16.770000457763672,16.770000457763672,16.5049991607666,16.5049991607666,11343800
2007-12-07,14.18959140777588,16.709999084472656,16.795000076293945,16.655000686645508,16.725000381469727,12063800
2007-12-10,14.304227828979492,16.844999313354492,16.860000610351562,16.59000015258789,16.75,15719200
2007-12-11,14.032493591308594,16.524999618530273,17.045000076293945,16.520000457763672,16.989999771118164,20939600
2007-12-12,14.232051849365234,16.760000228881836,16.989999771118164,16.510000228881836,16.80500030517578,19764800
2007-12-13,14.083446502685549,16.584999084472656,16.815000534057617,16.434999465942383,16.59000015258789,13145400
2007-12-14,13.871152877807615,16.334999084472656,16.489999771118164,16.315000534057617,16.469999313354492,11258600
2007-12-17,13.65461540222168,16.079999923706055,16.28499984741211,16.065000534057617,16.280000686645508,15038600
2007-12-18,13.714056968688965,16.149999618530273,16.25,15.979999542236328,16.25,14592600
2007-12-19,13.73953342437744,16.18000030517578,16.25,16.045000076293945,16.125,12649200
2007-12-20,13.934842109680176,16.40999984741211,16.40999984741211,16.200000762939453,16.280000686645508,12838000
2007-12-21,14.062214851379396,16.559999465942383,16.604999542236328,16.415000915527344,16.524999618530273,9565600
2007-12-24,14.17685317993164,16.69499969482422,16.69499969482422,16.510000228881836,16.520000457763672,4666800
2007-12-26,14.15562629699707,16.670000076293945,16.700000762939453,16.594999313354492,16.600000381469727,6775200
2007-12-27,13.900874137878418,16.3700008392334,16.690000534057617,16.344999313354492,16.649999618530273,10122200
2007-12-28,13.854170799255373,16.315000534057617,16.485000610351562,16.264999389648438,16.44499969482422,8220000
2007-12-31,13.781991958618164,16.229999542236328,16.3700008392334,16.225000381469727,16.235000610351562,5733800
2008-01-02,13.314949989318848,15.68000030517578,16.209999084472656,15.539999961853027,16.155000686645508,31793200
2008-01-03,13.081426620483398,15.404999732971191,15.699999809265137,15.345000267028809,15.68000030517578,18172200
2008-01-04,12.419075965881348,14.625,15.220000267028809,14.595000267028809,15.220000267028809,41385800
2008-01-07,12.487011909484863,14.704999923706056,14.875,14.489999771118164,14.725000381469728,29755600
2008-01-08,12.257735252380373,14.4350004196167,14.9350004196167,14.335000038146973,14.699999809265137,27070000
2008-01-09,12.278964042663574,14.460000038146973,14.600000381469728,14.18000030517578,14.43000030517578,40027200
2008-01-10,12.236505508422852,14.40999984741211,14.520000457763672,14.25,14.364999771118164,36409000
2008-01-11,11.97326374053955,14.100000381469728,14.335000038146973,14.050000190734863,14.335000038146973,31661000
2008-01-14,12.380864143371582,14.579999923706056,14.579999923706056,14.295000076293944,14.399999618530272,25345400
2008-01-15,12.070918083190918,14.21500015258789,14.53499984741211,14.164999961853027,14.385000228881836,35274800
2008-01-16,11.85013484954834,13.954999923706056,14.25,13.604999542236328,13.699999809265137,55250800
2008-01-17,11.688794136047363,13.765000343322754,14.220000267028809,13.765000343322754,14.095000267028809,27817200
2008-01-18,11.85013484954834,13.954999923706056,14.140000343322754,13.875,13.920000076293944,23749600
2008-01-22,11.637843132019045,13.704999923706056,13.914999961853027,13.270000457763672,13.44499969482422,24449800
2008-01-23,12.053936004638672,14.19499969482422,14.21500015258789,13.354999542236328,13.479999542236328,31050000
2008-01-24,12.266226768493652,14.44499969482422,14.470000267028809,14.125,14.225000381469728,29089800
2008-01-25,11.896839141845703,14.010000228881836,14.720000267028809,14.0,14.71500015258789,26436800
2008-01-28,12.168572425842283,14.329999923706056,14.329999923706056,13.850000381469728,13.979999542236328,14640400
2008-01-29,12.121869087219238,14.274999618530272,14.43000030517578,14.119999885559082,14.43000030517578,12424000
2008-01-30,12.232259750366213,14.404999732971191,14.579999923706056,14.1850004196167,14.199999809265137,39771800
2008-01-31,11.952034950256348,14.074999809265137,14.579999923706056,14.074999809265137,14.270000457763672,17865600
2008-02-01,12.8394136428833,15.119999885559082,15.119999885559082,14.5,14.53499984741211,41618400
2008-02-04,12.525222778320312,14.75,15.09000015258789,14.75,15.050000190734863,21083400
2008-02-05,12.06667423248291,14.210000038146973,14.604999542236328,14.204999923706056,14.399999618530272,20418600
2008-02-06,11.8458890914917,13.949999809265137,14.375,13.890000343322754,14.345000267028809,25977200
2008-02-07,11.892593383789062,14.005000114440918,14.164999961853027,13.604999542236328,13.68000030517578,22637200
2008-02-08,11.952034950256348,14.074999809265137,14.1850004196167,13.925000190734863,14.0,20816600
2008-02-11,12.18555736541748,14.350000381469728,14.520000457763672,14.100000381469728,14.100000381469728,23200600
2008-02-12,12.18555736541748,14.350000381469728,14.56999969482422,14.279999732971191,14.494999885559082,17059000
2008-02-13,12.576170921325684,14.8100004196167,14.850000381469728,14.55500030517578,14.604999542236328,17580200
2008-02-14,12.287456512451172,14.470000267028809,14.8100004196167,14.414999961853027,14.800000190734863,16798800
2008-02-15,12.134605407714844,14.289999961853027,14.479999542236328,14.1899995803833,14.354999542236328,15277000
2008-02-19,12.01147747039795,14.145000457763672,14.44499969482422,14.050000190734863,14.399999618530272,15121400
2008-02-20,12.249241828918455,14.425000190734863,14.5600004196167,14.06999969482422,14.114999771118164,17215000
2008-02-21,12.232259750366213,14.404999732971191,14.824999809265137,14.329999923706056,14.625,26152000
2008-02-22,12.223769187927246,14.395000457763672,14.505000114440918,14.140000343322754,14.505000114440918,15390400
2008-02-25,12.30868434906006,14.494999885559082,14.609999656677246,14.204999923706056,14.380000114440918,22593000
2008-02-26,12.53371524810791,14.760000228881836,14.9399995803833,14.4350004196167,14.4350004196167,32365600
2008-02-27,12.682317733764648,14.9350004196167,15.029999732971191,14.65999984741211,14.65999984741211,22100600
2008-02-28,12.50399398803711,14.725000381469728,14.90999984741211,14.5600004196167,14.890000343322754,24024600
2008-02-29,12.121869087219238,14.274999618530272,14.604999542236328,14.210000038146973,14.574999809265137,31810200
2008-03-03,12.058181762695312,14.199999809265137,14.329999923706056,14.05500030517578,14.289999961853027,20387600
2008-03-04,12.155834197998049,14.3149995803833,14.364999771118164,13.914999961853027,14.145000457763672,24717200
2008-03-05,12.291702270507812,14.475000381469728,14.600000381469728,14.329999923706056,14.350000381469728,20113400
2008-03-06,12.075161933898926,14.220000267028809,14.479999542236328,14.140000343322754,14.40999984741211,14098200
2008-03-07,12.155834197998049,14.3149995803833,14.625,14.130000114440918,14.149999618530272,26662600
2008-03-10,12.18131160736084,14.345000267028809,14.550000190734863,14.274999618530272,14.274999618530272,23712400
2008-03-11,12.427571296691896,14.635000228881836,14.710000038146973,14.25,14.425000190734863,23767000
2008-03-12,12.359634399414062,14.55500030517578,14.75,14.5,14.59000015258789,17740400
2008-03-13,12.444551467895508,14.654999732971191,14.80500030517578,14.30500030517578,14.345000267028809,26049600
2008-03-14,12.177063941955566,14.34000015258789,14.8100004196167,14.175000190734863,14.8100004196167,26668800
2008-03-17,12.198291778564451,14.364999771118164,14.5,13.954999923706056,13.954999923706056,33877200
2008-03-18,12.622876167297363,14.864999771118164,14.904999732971191,14.5,14.53499984741211,23404200
2008-03-19,12.189800262451172,14.354999542236328,14.920000076293944,14.3100004196167,14.920000076293944,38428000
2008-03-20,12.35114288330078,14.545000076293944,14.609999656677246,14.279999732971191,14.359999656677246,22025800
2008-03-24,12.652597427368164,14.899999618530272,15.145000457763672,14.640000343322754,14.640000343322754,37871600
2008-03-25,12.678072929382324,14.93000030517578,15.074999809265137,14.800000190734863,14.975000381469728,15388000
2008-03-26,12.487011909484863,14.704999923706056,14.845000267028809,14.529999732971191,14.8149995803833,13282000
2008-03-27,12.270472526550291,14.449999809265137,14.779999732971191,14.425000190734863,14.779999732971191,12400400
2008-03-28,12.113377571105955,14.265000343322754,14.71500015258789,14.210000038146973,14.5,12505600
2008-03-31,12.194046974182127,14.359999656677246,14.454999923706056,14.204999923706056,14.300000190734863,9593800
2008-04-01,12.622876167297363,14.864999771118164,14.93000030517578,14.470000267028809,14.550000190734863,24901600
2008-04-02,12.724776268005373,14.984999656677246,15.199999809265137,14.899999618530272,15.015000343322754,17264200
2008-04-03,12.983773231506348,15.289999961853027,15.385000228881836,14.875,14.890000343322754,25494000
2008-04-04,12.924330711364746,15.220000267028809,15.354999542236328,15.050000190734863,15.289999961853027,16289200
2008-04-07,12.860645294189451,15.145000457763672,15.354999542236328,15.0600004196167,15.274999618530272,19461000
2008-04-08,12.508238792419434,14.729999542236328,14.94499969482422,14.670000076293944,14.875,24032400
2008-04-09,12.652597427368164,14.899999618530272,14.925000190734863,14.630000114440918,14.645000457763672,23277800
2008-04-10,12.945560455322266,15.244999885559082,15.4350004196167,14.975000381469728,14.975000381469728,32350200
2008-04-11,12.546451568603516,14.774999618530272,15.135000228881836,14.664999961853027,15.135000228881836,32370200
2008-04-14,12.270472526550291,14.449999809265137,14.720000267028809,14.404999732971191,14.654999732971191,23211000
2008-04-15,12.253491401672363,14.43000030517578,14.5,14.164999961853027,14.484999656677246,23663800
2008-04-16,12.758745193481444,15.024999618530272,15.15999984741211,14.850000381469728,14.890000343322754,26748600
2008-04-17,12.779973030090332,15.050000190734863,15.100000381469728,14.770000457763672,15.039999961853027,19876800
2008-04-18,12.9073486328125,15.199999809265137,15.385000228881836,15.05500030517578,15.31999969482422,34252400
2008-04-21,13.136624336242676,15.470000267028809,15.470000267028809,15.15999984741211,15.170000076293944,25566000
2008-04-22,12.758745193481444,15.024999618530272,15.19499969482422,14.8100004196167,15.19499969482422,29701600
2008-04-23,12.992265701293944,15.300000190734863,15.520000457763672,15.005000114440918,15.050000190734863,41160600
2008-04-24,13.119640350341797,15.449999809265137,15.6899995803833,15.140000343322754,15.260000228881836,18321600
2008-04-25,13.14511489868164,15.479999542236328,15.579999923706056,15.199999809265137,15.55500030517578,15077200
2008-04-28,13.128131866455078,15.460000038146973,15.539999961853027,15.359999656677246,15.454999923706056,9459200
2008-04-29,13.16634464263916,15.505000114440918,15.614999771118164,15.4350004196167,15.475000381469728,10547000
2008-04-30,12.979528427124023,15.28499984741211,15.59000015258789,15.145000457763672,15.574999809265137,24176800
2008-05-01,13.429585456848145,15.8149995803833,15.954999923706056,15.25,15.300000190734863,29443200
2008-05-02,13.497520446777344,15.895000457763672,16.110000610351562,15.645000457763672,16.0,17311800
2008-05-05,13.404111862182615,15.78499984741211,15.989999771118164,15.640000343322754,15.8149995803833,13419000
2008-05-06,13.501764297485352,15.899999618530272,16.014999389648438,15.609999656677246,15.69499969482422,11527400
2008-05-07,13.429585456848145,15.8149995803833,16.139999389648438,15.744999885559082,15.904999732971191,15872400
2008-05-08,13.484782218933104,15.880000114440918,16.03499984741211,15.704999923706056,15.80500030517578,12098200
2008-05-09,13.476290702819824,15.869999885559082,15.975000381469728,15.649999618530272,15.765000343322754,9586000
2008-05-12,13.620649337768556,16.040000915527344,16.06999969482422,15.779999732971191,15.9399995803833,8662200
2008-05-13,13.637633323669434,16.059999465942383,16.145000457763672,15.989999771118164,16.024999618530273,10290800
2008-05-14,13.790483474731444,16.239999771118164,16.5049991607666,16.09000015258789,16.09000015258789,34613400
2008-05-15,14.074953079223633,16.575000762939453,16.69499969482422,16.219999313354492,16.274999618530273,24292400
2008-05-16,14.13015079498291,16.639999389648438,16.670000076293945,16.344999313354492,16.635000228881836,19141000
2008-05-19,14.138641357421877,16.649999618530273,17.014999389648438,16.625,16.760000228881836,20853200
2008-05-20,13.87539768218994,16.34000015258789,16.55500030517578,16.190000534057617,16.485000610351562,25717600
2008-05-21,13.709814071655272,16.145000457763672,16.364999771118164,16.03499984741211,16.2549991607666,20957000
2008-05-22,13.714056968688965,16.149999618530273,16.31999969482422,16.079999923706055,16.1299991607666,12669800
2008-05-23,13.620649337768556,16.040000915527344,16.135000228881836,15.789999961853027,16.06999969482422,17713800
2008-05-27,13.832942008972168,16.290000915527344,16.360000610351562,15.984999656677246,15.984999656677246,17921400
2008-05-28,13.87539768218994,16.34000015258789,16.415000915527344,16.145000457763672,16.395000457763672,14327400
2008-05-29,13.871152877807615,16.334999084472656,16.424999237060547,16.235000610351562,16.299999237060547,18103800
2008-05-30,13.862662315368652,16.325000762939453,16.520000457763672,16.325000762939453,16.469999313354492,13826600
2008-06-02,13.82020378112793,16.274999618530273,16.420000076293945,16.049999237060547,16.389999389648438,14397200
2008-06-03,13.67159938812256,16.100000381469727,16.364999771118164,15.9350004196167,16.270000457763672,33783600
2008-06-04,13.926349639892578,16.399999618530273,16.459999084472656,16.03499984741211,16.075000762939453,25808200
2008-06-05,13.968810081481934,16.450000762939453,16.594999313354492,16.274999618530273,16.46500015258789,29999200
2008-06-06,13.63338565826416,16.05500030517578,16.55500030517578,15.895000457763672,16.405000686645508,27998400
2008-06-09,13.60791301727295,16.024999618530273,16.165000915527344,15.640000343322754,16.065000534057617,38346200
2008-06-10,13.416847229003906,15.800000190734863,15.954999923706056,15.640000343322754,15.80500030517578,33508800
2008-06-11,13.034723281860352,15.350000381469728,15.760000228881836,15.255000114440918,15.6899995803833,54197200
2008-06-12,13.055952072143556,15.375,15.65999984741211,15.274999618530272,15.350000381469728,35066800
2008-06-13,13.489027976989746,15.885000228881836,15.885000228881836,15.40999984741211,15.40999984741211,23373600
2008-06-16,13.586682319641112,16.0,16.155000686645508,15.725000381469728,15.760000228881836,30811600
2008-06-17,13.459305763244627,15.850000381469728,16.1200008392334,15.800000190734863,16.09000015258789,18398200
2008-06-18,13.200310707092283,15.545000076293944,15.765000343322754,15.454999923706056,15.75,26034600
2008-06-19,13.450817108154297,15.84000015258789,16.05500030517578,15.395000457763672,15.460000038146973,38100600
2008-06-20,13.20455837249756,15.550000190734863,15.774999618530272,15.454999923706056,15.704999923706056,32380400
2008-06-23,13.013493537902832,15.324999809265137,15.704999923706056,15.300000190734863,15.625,21071000
2008-06-24,13.089919090270996,15.414999961853027,15.6899995803833,15.260000228881836,15.295000076293944,21132200
2008-06-25,13.280981063842772,15.640000343322754,15.875,15.520000457763672,15.520000457763672,26970200
2008-06-26,12.737515449523926,15.0,15.46500015258789,14.895000457763672,15.420000076293944,41437000
2008-06-27,12.690810203552246,14.94499969482422,15.045000076293944,14.654999732971191,14.9350004196167,22515800
2008-06-30,12.588912010192873,14.824999809265137,15.045000076293944,14.744999885559082,14.800000190734863,24839400
2008-07-01,12.482765197753906,14.699999809265137,14.78499984741211,14.369999885559082,14.600000381469728,34337600
2008-07-02,12.261980056762695,14.4399995803833,14.890000343322754,14.345000267028809,14.75,36841800
2008-07-03,12.18555736541748,14.350000381469728,14.4399995803833,14.085000038146973,14.40999984741211,17383000
2008-07-07,12.164326667785645,14.324999809265137,14.739999771118164,14.175000190734863,14.470000267028809,26167200
2008-07-08,12.270472526550291,14.449999809265137,14.539999961853027,14.175000190734863,14.3100004196167,41041200
2008-07-09,11.782200813293455,13.875,14.454999923706056,13.71500015258789,14.399999618530272,36954800
2008-07-10,11.994494438171388,14.125,14.1899995803833,13.779999732971191,13.93000030517578,36796200
2008-07-11,11.96901798248291,14.095000267028809,14.359999656677246,13.779999732971191,13.914999961853027,32570200
2008-07-14,11.888346672058104,14.0,14.354999542236328,13.850000381469728,14.289999961853027,16007000
2008-07-15,12.032705307006836,14.170000076293944,14.390000343322754,13.8100004196167,13.84000015258789,35979000
2008-07-16,12.291702270507812,14.475000381469728,14.625,14.074999809265137,14.3149995803833,25862800
2008-07-17,12.652597427368164,14.899999618530272,15.010000228881836,14.4399995803833,14.725000381469728,32808000
2008-07-18,12.618629455566406,14.859999656677246,14.904999732971191,14.524999618530272,14.795000076293944,18688800
2008-07-21,12.495500564575195,14.71500015258789,14.954999923706056,14.614999771118164,14.914999961853027,17461600
2008-07-22,11.930805206298828,14.050000190734863,14.104999542236328,13.744999885559082,14.074999809265137,30449400
2008-07-23,12.032705307006836,14.170000076293944,14.335000038146973,13.975000381469728,14.050000190734863,23545600
2008-07-24,11.67605686187744,13.75,14.03499984741211,13.664999961853027,14.024999618530272,20686600
2008-07-25,11.680299758911133,13.755000114440918,13.81999969482422,13.600000381469728,13.770000457763672,21742600
2008-07-28,11.557169914245604,13.609999656677246,13.795000076293944,13.545000076293944,13.734999656677246,16948000
2008-07-29,11.760972023010254,13.850000381469728,13.920000076293944,13.585000038146973,13.59000015258789,21598800
2008-07-30,11.8458890914917,13.949999809265137,14.125,13.81999969482422,13.989999771118164,21233400
2008-07-31,11.85013484954834,13.954999923706056,14.244999885559082,13.829999923706056,13.925000190734863,20445200
2008-08-01,11.828903198242188,13.93000030517578,14.114999771118164,13.69499969482422,13.925000190734863,19336600
2008-08-04,11.92231559753418,14.039999961853027,14.130000114440918,13.885000228881836,13.975000381469728,13833800
2008-08-05,12.18555736541748,14.350000381469728,14.399999618530272,14.0600004196167,14.125,16833600
2008-08-06,12.228015899658203,14.399999618530272,14.515000343322754,14.09000015258789,14.420000076293944,17593800
2008-08-07,12.461533546447754,14.675000190734863,14.970000267028809,14.279999732971191,14.31999969482422,32653800
2008-08-08,12.729022979736328,14.989999771118164,15.045000076293944,14.609999656677246,14.729999542236328,16904400
2008-08-11,12.87338161468506,15.15999984741211,15.420000076293944,14.954999923706056,14.96500015258789,20704000
2008-08-12,12.9073486328125,15.199999809265137,15.300000190734863,15.114999771118164,15.145000457763672,14667400
2008-08-13,12.9073486328125,15.199999809265137,15.449999809265137,15.09000015258789,15.289999961853027,20552000
2008-08-14,12.92857837677002,15.225000381469728,15.31999969482422,15.029999732971191,15.079999923706056,20554200
2008-08-15,12.9073486328125,15.199999809265137,15.34000015258789,15.079999923706056,15.270000457763672,15114400
2008-08-18,12.758745193481444,15.024999618530272,15.295000076293944,14.835000038146973,15.239999771118164,25615000
2008-08-19,12.461533546447754,14.675000190734863,14.94499969482422,14.645000457763672,14.904999732971191,20515000
2008-08-20,12.33415985107422,14.524999618530272,14.78499984741211,14.460000038146973,14.78499984741211,20803400
2008-08-21,12.219522476196287,14.390000343322754,14.524999618530272,14.345000267028809,14.40999984741211,11527000
2008-08-22,12.37661838531494,14.574999809265137,14.640000343322754,14.475000381469728,14.5,9603600
2008-08-25,12.219522476196287,14.390000343322754,14.59000015258789,14.345000267028809,14.515000343322754,16520600
2008-08-26,12.177063941955566,14.34000015258789,14.364999771118164,14.1850004196167,14.30500030517578,8501400
2008-08-27,12.228015899658203,14.399999618530272,14.529999732971191,14.265000343322754,14.279999732971191,8856400
2008-08-28,12.380864143371582,14.579999923706056,14.609999656677246,14.44499969482422,14.479999542236328,11113800
2008-08-29,12.100638389587402,14.25,14.470000267028809,14.154999732971191,14.4399995803833,18377000
2008-09-02,11.952034950256348,14.074999809265137,14.585000038146973,14.0,14.475000381469728,23561200
2008-09-03,11.476502418518066,13.515000343322754,14.085000038146973,13.454999923706056,13.994999885559082,34133800
2008-09-04,11.102866172790527,13.074999809265137,13.475000381469728,13.010000228881836,13.369999885559082,28942600
2008-09-05,11.251471519470217,13.25,13.350000381469728,12.9350004196167,12.954999923706056,41342600
2008-09-08,11.272700309753418,13.274999618530272,13.604999542236328,13.039999961853027,13.604999542236328,33904800
2008-09-09,10.924541473388672,12.864999771118164,13.234999656677246,12.8100004196167,13.210000038146973,29275400
2008-09-10,10.93303394317627,12.875,13.119999885559082,12.824999809265137,13.119999885559082,23295000
2008-09-11,10.979737281799316,12.93000030517578,12.975000381469728,12.625,12.725000381469728,39337200
2008-09-12,10.93303394317627,12.875,12.9399995803833,12.600000381469728,12.829999923706056,24720200
2008-09-15,10.724987983703612,12.630000114440918,12.949999809265137,12.5,12.5,28372800
2008-09-16,10.890573501586914,12.824999809265137,12.954999923706056,12.329999923706056,12.364999771118164,53559200
2008-09-17,10.406548500061035,12.255000114440918,12.914999961853027,12.255000114440918,12.654999732971191,44182200
2008-09-18,10.975494384765623,12.925000190734863,13.020000457763672,12.074999809265137,12.520000457763672,58368000
2008-09-19,11.251471519470217,13.25,13.78499984741211,12.864999771118164,13.489999771118164,42444000
2008-09-22,10.606104850769045,12.489999771118164,13.079999923706056,12.489999771118164,13.074999809265137,17642000
2008-09-23,10.550909042358398,12.425000190734863,12.774999618530272,12.31999969482422,12.524999618530272,23533400
2008-09-24,10.50844955444336,12.375,12.635000228881836,12.375,12.5,14432200
2008-09-25,10.78442668914795,12.699999809265137,12.845000267028809,12.4350004196167,12.5600004196167,20242800
2008-09-26,10.975494384765623,12.925000190734863,12.925000190734863,12.364999771118164,12.364999771118164,21762800
2008-09-29,9.95649242401123,11.725000381469728,12.68000030517578,11.725000381469728,12.670000076293944,26120400
2008-09-30,10.487218856811523,12.350000381469728,12.350000381469728,11.954999923706056,12.095000267028809,13085200
2008-10-01,10.29615879058838,12.125,12.28499984741211,11.970000267028809,12.229999542236328,22982600
2008-10-02,9.807884216308594,11.550000190734863,12.039999961853027,11.550000190734863,12.039999961853027,21980600
2008-10-03,9.722968101501465,11.449999809265137,12.045000076293944,11.449999809265137,11.710000038146973,23978400
2008-10-06,9.527661323547363,11.220000267028809,11.414999961853027,10.6850004196167,11.244999885559082,36145600
2008-10-07,8.895030975341797,10.475000381469728,11.40999984741211,10.475000381469728,11.324999809265137,28852400
2008-10-08,8.950226783752441,10.539999961853027,11.03499984741211,10.21500015258789,10.220000267028809,43463200
2008-10-09,8.712459564208984,10.260000228881836,10.960000038146973,10.210000038146973,10.765000343322754,36364400
2008-10-10,8.619051933288574,10.149999618530272,10.729999542236328,9.635000228881836,9.850000381469728,62730600
2008-10-13,9.446989059448242,11.125,11.125,10.375,10.670000076293944,28986400
2008-10-14,8.703968048095703,10.25,11.385000228881836,10.25,11.385000228881836,38196400
2008-10-15,8.109550476074219,9.550000190734863,10.505000114440918,9.550000190734863,10.3100004196167,45473800
2008-10-16,8.483184814453125,9.989999771118164,10.05500030517578,9.199999809265137,9.649999618530272,35877600
2008-10-17,8.343071937561035,9.824999809265137,10.260000228881836,9.765000343322754,9.80500030517578,28701200
2008-10-20,8.576591491699219,10.100000381469728,10.154999732971191,9.9399995803833,9.9399995803833,25435200
2008-10-21,8.21569538116455,9.675000190734863,9.96500015258789,9.675000190734863,9.774999618530272,21279400
2008-10-22,7.833573818206787,9.225000381469728,9.755000114440918,9.100000381469728,9.619999885559082,24581000
2008-10-23,7.791112899780273,9.175000190734863,9.46500015258789,8.845000267028809,9.229999542236328,39992200
2008-10-24,7.791112899780273,9.175000190734863,9.420000076293944,8.510000228881836,8.510000228881836,37358200
2008-10-27,7.761394023895264,9.140000343322754,9.550000190734863,8.895000457763672,9.015000343322754,46195800
2008-10-28,8.585084915161133,10.109999656677246,10.125,9.19499969482422,9.425000190734863,49783400
2008-10-29,8.19022274017334,9.645000457763672,9.994999885559082,9.600000381469728,9.975000381469728,29904000
2008-10-30,8.6530179977417,10.1899995803833,10.204999923706056,9.774999618530272,9.94499969482422,26029200
2008-10-31,8.810113906860352,10.375,10.510000228881836,9.9399995803833,10.0649995803833,24088600
2008-11-03,8.576591491699219,10.100000381469728,10.4399995803833,10.100000381469728,10.364999771118164,13615600
2008-11-04,8.93748950958252,10.524999618530272,10.550000190734863,10.25,10.390000343322754,19855800
2008-11-05,8.394021034240723,9.885000228881836,10.399999618530272,9.885000228881836,10.399999618530272,26675200
2008-11-06,7.621280193328857,8.975000381469727,9.880000114440918,8.975000381469727,9.704999923706056,27506200
2008-11-07,8.003405570983887,9.425000190734863,9.4350004196167,9.19499969482422,9.265000343322754,17009400
2008-11-10,7.684967994689941,9.050000190734863,9.585000038146973,9.045000076293944,9.574999809265137,16324200
2008-11-11,7.60004997253418,8.949999809265137,9.18000030517578,8.829999923706055,8.954999923706055,19222400
2008-11-12,7.28161096572876,8.574999809265137,8.970000267028809,8.574999809265137,8.805000305175781,18613800
2008-11-13,7.960946083068848,9.375,9.375,8.3100004196167,8.484999656677246,47844200
2008-11-14,7.260382652282715,8.550000190734863,9.09000015258789,8.119999885559082,9.0649995803833,28392200
2008-11-17,7.11177921295166,8.375,8.6850004196167,8.375,8.470000267028809,29528200
2008-11-18,6.984405040740967,8.225000381469727,8.524999618530273,7.985000133514404,8.475000381469727,25064800
2008-11-19,6.487641334533691,7.639999866485596,8.329999923706055,7.539999961853027,8.239999771118164,22805400
2008-11-20,6.241382598876953,7.349999904632568,8.015000343322754,7.349999904632568,7.59499979019165,47475000
2008-11-21,6.474903106689453,7.625,7.739999771118164,7.224999904632568,7.494999885559082,34344400
2008-11-24,6.984405040740967,8.225000381469727,8.225000381469727,7.755000114440918,7.840000152587891,23310400
2008-11-25,6.789095401763916,7.994999885559082,8.274999618530273,7.760000228881836,8.199999809265137,20999800
2008-11-26,7.1966962814331055,8.475000381469727,8.475000381469727,7.78000020980835,7.784999847412109,21043200
2008-11-28,7.060827732086182,8.3149995803833,8.489999771118164,8.25,8.305000305175781,4973000
2008-12-01,6.593786716461182,7.764999866485596,8.15999984741211,7.699999809265137,8.125,15443400
2008-12-02,6.708423614501953,7.900000095367432,7.920000076293945,7.599999904632568,7.800000190734863,1077400
2008-12-03,7.00563383102417,8.25,8.305000305175781,7.650000095367432,7.744999885559082,19802000
2008-12-04,6.712671279907227,7.90500020980835,8.3149995803833,7.78000020980835,8.149999618530273,19693600
2008-12-05,6.882503986358643,8.104999542236328,8.149999618530273,7.534999847412109,7.78000020980835,24748600
2008-12-08,7.0947957038879395,8.354999542236328,8.375,8.119999885559082,8.244999885559082,15516000
2008-12-09,7.400496482849121,8.71500015258789,8.96500015258789,8.069999694824219,8.095000267028809,62488200
2008-12-10,7.3665289878845215,8.675000190734863,9.05500030517578,8.524999618530273,8.725000381469727,32148400
2008-12-11,7.260382652282715,8.550000190734863,8.869999885559082,8.484999656677246,8.670000076293945,19999400
2008-12-12,7.727425575256348,9.100000381469728,9.100000381469728,8.295000076293945,8.34000015258789,19642800
2008-12-15,7.44295597076416,8.765000343322754,9.005000114440918,8.604999542236328,8.96500015258789,15436000
2008-12-16,7.897258758544922,9.300000190734863,9.404999732971191,8.8149995803833,9.300000190734863,31328800
2008-12-17,7.833573818206787,9.225000381469728,9.350000381469728,8.960000038146973,9.104999542236328,20624400
2008-12-18,7.336808204650879,8.640000343322754,9.18000030517578,8.550000190734863,9.135000228881836,32024600
2008-12-19,7.468429088592529,8.795000076293945,8.970000267028809,8.675000190734863,8.675000190734863,21068600
2008-12-22,7.298596858978272,8.595000267028809,8.765000343322754,8.40999984741211,8.739999771118164,11652600
2008-12-23,7.043846130371094,8.295000076293945,8.654999732971191,8.295000076293945,8.59000015258789,10857800
2008-12-24,7.158483505249023,8.430000305175781,8.470000267028809,8.350000381469727,8.375,2861000
2008-12-26,7.0947957038879395,8.354999542236328,8.46500015258789,8.34000015258789,8.425000190734863,2205000
2008-12-29,7.154236316680908,8.425000190734863,8.4399995803833,8.265000343322754,8.375,6285600
2008-12-30,7.434463024139404,8.755000114440918,8.805000305175781,8.4399995803833,8.4399995803833,17290000
2008-12-31,7.476920604705811,8.805000305175781,8.960000038146973,8.729999542236328,8.734999656677246,14382600
2009-01-02,7.803849220275879,9.1899995803833,9.244999885559082,8.75,8.760000228881836,15632600
2009-01-05,7.761394023895264,9.140000343322754,9.28499984741211,9.050000190734863,9.130000114440918,14448200
2009-01-06,8.135025024414062,9.579999923706056,9.6850004196167,9.234999656677246,9.244999885559082,23516400
2009-01-07,7.672228813171387,9.03499984741211,9.324999809265137,8.979999542236328,9.3149995803833,29285400
2009-01-08,7.667981624603272,9.029999732971191,9.074999809265137,8.84000015258789,9.005000114440918,15354800
2009-01-09,7.438709259033203,8.760000228881836,9.0649995803833,8.734999656677246,9.05500030517578,17703000
2009-01-12,7.2434000968933105,8.529999732971191,8.78499984741211,8.454999923706055,8.774999618530273,13634000
2009-01-13,7.31133222579956,8.609999656677246,8.875,8.460000038146973,8.46500015258789,36611800
2009-01-14,6.992894649505615,8.234999656677246,8.510000228881836,8.1850004196167,8.449999809265137,19421400
2009-01-15,7.1499924659729,8.420000076293945,8.53499984741211,8.104999542236328,8.164999961853027,31179600
2009-01-16,7.476920604705811,8.805000305175781,8.850000381469727,8.399999618530273,8.6850004196167,40424600
2009-01-20,6.975912094116211,8.21500015258789,8.739999771118164,8.199999809265137,8.725000381469727,29407600
2009-01-21,7.137253761291504,8.404999732971191,8.40999984741211,8.0,8.350000381469727,25032800
2009-01-22,6.946191787719727,8.180000305175781,8.354999542236328,7.985000133514404,8.229999542236328,22711400
2009-01-23,7.247644901275635,8.53499984741211,8.694999694824219,8.010000228881836,8.010000228881836,45337800
2009-01-26,7.277366638183594,8.569999694824219,8.789999961853027,8.454999923706055,8.510000228881836,27910600
2009-01-27,7.54910135269165,8.890000343322754,8.960000038146973,8.675000190734863,8.675000190734863,36047000
2009-01-28,7.710442543029785,9.079999923706056,9.164999961853027,8.9350004196167,9.03499984741211,30989400
2009-01-29,7.31133222579956,8.609999656677246,8.979999542236328,8.585000038146973,8.914999961853027,23167000
2009-01-30,7.183958530426025,8.460000038146973,8.770000457763672,8.420000076293945,8.6899995803833,15277400
2009-02-02,7.392004013061523,8.704999923706055,8.770000457763672,8.289999961853027,8.345000267028809,35252400
2009-02-03,7.455692768096924,8.779999732971191,8.835000038146973,8.489999771118164,8.6899995803833,22515600
2009-02-04,7.587313652038574,8.9350004196167,9.279999732971191,8.770000457763672,8.835000038146973,56850000
2009-02-05,7.863291263580322,9.260000228881836,9.380000114440918,8.789999961853027,8.819999694824219,44036200
2009-02-06,8.020387649536133,9.44499969482422,9.585000038146973,9.234999656677246,9.295000076293944,28463000
2009-02-09,8.050108909606934,9.479999542236328,9.574999809265137,9.345000267028809,9.479999542236328,26076600
2009-02-10,7.684967994689941,9.050000190734863,9.609999656677246,8.979999542236328,9.385000228881836,29443800
2009-02-11,7.570329189300537,8.914999961853027,9.06999969482422,8.75,9.05500030517578,27585800
2009-02-12,7.6170334815979,8.970000267028809,9.015000343322754,8.680000305175781,8.755000114440918,44014400
2009-02-13,7.689213275909424,9.05500030517578,9.244999885559082,8.914999961853027,8.9399995803833,30826400
2009-02-17,7.188205242156982,8.46500015258789,8.805000305175781,8.449999809265137,8.779999732971191,28040400
2009-02-18,7.192450046539307,8.470000267028809,8.720000267028809,8.364999771118164,8.539999961853027,21584600
2009-02-19,6.848536968231201,8.0649995803833,8.59000015258789,8.0649995803833,8.5649995803833,34996000
2009-02-20,6.920716762542725,8.149999618530273,8.319999694824219,7.934999942779541,7.994999885559082,40437200
2009-02-23,6.648983478546143,7.829999923706055,8.265000343322754,7.824999809265137,8.265000343322754,24879600
2009-02-24,6.967421054840088,8.204999923706055,8.279999732971191,7.909999847412109,7.914999961853027,25764200
2009-02-25,7.209433555603027,8.489999771118164,8.720000267028809,8.119999885559082,8.199999809265137,46581200
2009-02-26,7.0990400314331055,8.359999656677246,8.854999542236328,8.3100004196167,8.569999694824219,47904800
2009-02-27,6.992894649505615,8.234999656677246,8.420000076293945,8.145000457763672,8.1899995803833,39081600
2009-03-02,6.682949066162109,7.869999885559082,8.265000343322754,7.824999809265137,8.079999923706055,48440800
2009-03-03,6.763620376586914,7.965000152587891,8.119999885559082,7.820000171661377,7.994999885559082,39496600
2009-03-04,7.052338123321533,8.305000305175781,8.4399995803833,8.069999694824219,8.079999923706055,37401600
2009-03-05,6.967421054840088,8.204999923706055,8.46500015258789,8.164999961853027,8.220000267028809,57472400
2009-03-06,6.844292163848877,8.0600004196167,8.420000076293945,7.829999923706055,8.295000076293945,63099600
2009-03-09,6.755129337310791,7.954999923706055,8.324999809265137,7.945000171661377,8.03499984741211,27059000
2009-03-10,7.319825172424316,8.619999885559082,8.619999885559082,8.0649995803833,8.095000267028809,35240400
2009-03-11,7.434463024139404,8.755000114440918,8.789999961853027,8.574999809265137,8.6850004196167,33650400
2009-03-12,7.684967994689941,9.050000190734863,9.06999969482422,8.635000228881836,8.760000228881836,36225400
2009-03-13,7.799605369567871,9.1850004196167,9.1850004196167,8.90999984741211,9.039999961853027,26095800
2009-03-16,7.544854640960693,8.885000228881836,9.255000114440918,8.84000015258789,9.210000038146973,31116600
2009-03-17,7.842061996459961,9.234999656677246,9.244999885559082,8.824999809265137,8.930000305175781,34333600
2009-03-18,8.075583457946777,9.510000228881836,9.585000038146973,9.170000076293944,9.229999542236328,43894600
2009-03-19,7.982178688049316,9.399999618530272,9.630000114440918,9.300000190734863,9.619999885559082,46637600
2009-03-20,7.701950550079346,9.06999969482422,9.545000076293944,8.949999809265137,9.40999984741211,52250800
2009-03-23,8.181731224060059,9.635000228881836,9.664999961853027,9.234999656677246,9.244999885559082,28243000
2009-03-24,7.973683834075928,9.390000343322754,9.579999923706056,9.31999969482422,9.524999618530272,27216400
2009-03-25,7.990666389465332,9.40999984741211,9.75,9.19499969482422,9.399999618530272,47303600
2009-03-26,8.415250778198242,9.90999984741211,9.90999984741211,9.545000076293944,9.574999809265137,44200000
2009-03-27,8.224188804626465,9.6850004196167,9.864999771118164,9.635000228881836,9.800000190734863,22140000
2009-03-30,7.859047889709473,9.255000114440918,9.529999732971191,9.1850004196167,9.529999732971191,23418600
2009-03-31,7.9397172927856445,9.350000381469728,9.545000076293944,9.3100004196167,9.395000457763672,24355800
2009-04-01,7.956700801849365,9.369999885559082,9.420000076293944,9.125,9.1899995803833,29480200
2009-04-02,8.279386520385742,9.75,9.925000190734863,9.515000343322754,9.585000038146973,25596800
2009-04-03,8.49167537689209,10.0,10.0,9.604999542236328,9.78499984741211,35069000
2009-04-06,8.317596435546875,9.795000076293944,9.859999656677246,9.630000114440918,9.835000038146973,28150200
2009-04-07,8.058601379394531,9.489999771118164,9.739999771118164,9.420000076293944,9.619999885559082,30129800
2009-04-08,8.168993949890137,9.619999885559082,9.699999809265137,9.420000076293944,9.550000190734863,27715800
2009-04-09,8.54262638092041,10.0600004196167,10.085000038146973,9.789999961853027,9.864999771118164,34734800
2009-04-13,8.512906074523926,10.024999618530272,10.06999969482422,9.765000343322754,9.975000381469728,24057800
2009-04-14,8.546871185302734,10.0649995803833,10.25,9.895000457763672,9.9399995803833,38555600
2009-04-15,8.37279224395752,9.859999656677246,9.885000228881836,9.664999961853027,9.81999969482422,43175800
2009-04-16,8.695477485656738,10.239999771118164,10.260000228881836,9.885000228881836,10.029999732971191,29979200
2009-04-17,8.674248695373535,10.21500015258789,10.265000343322754,10.015000343322754,10.154999732971191,28793600
2009-04-20,8.275138854980469,9.744999885559082,10.0600004196167,9.68000030517578,10.0600004196167,44780800
2009-04-21,8.287875175476074,9.760000228881836,9.96500015258789,9.539999961853027,9.71500015258789,59533800
2009-04-22,8.5553617477417,10.074999809265137,10.359999656677246,9.574999809265137,9.630000114440918,49759000
2009-04-23,8.478939056396484,9.984999656677246,10.154999732971191,9.649999618530272,10.149999618530272,41775800
2009-04-24,8.597824096679688,10.125,10.18000030517578,9.789999961853027,10.029999732971191,35295000
2009-04-27,8.436480522155762,9.9350004196167,10.175000190734863,9.875,9.94499969482422,20187800
2009-04-28,8.334580421447754,9.8149995803833,9.970000267028809,9.71500015258789,9.864999771118164,27508200
2009-04-29,8.44921875,9.949999809265137,10.109999656677246,9.770000457763672,9.864999771118164,22311600
2009-04-30,8.691230773925781,10.234999656677246,10.505000114440918,10.024999618530272,10.09000015258789,31923800
2009-05-01,8.657262802124023,10.19499969482422,10.30500030517578,10.015000343322754,10.225000381469728,17987400
2009-05-04,9.073357582092283,10.6850004196167,10.699999809265137,10.335000038146973,10.390000343322754,26991600
2009-05-05,8.895030975341797,10.475000381469728,10.6899995803833,10.31999969482422,10.675000190734863,32847400
2009-05-06,8.984193801879883,10.579999923706056,10.65999984741211,10.324999809265137,10.600000381469728,38355200
2009-05-07,8.551118850708008,10.06999969482422,10.71500015258789,9.925000190734863,10.704999923706056,50045000
2009-05-08,8.377038955688477,9.864999771118164,10.18000030517578,9.704999923706056,10.149999618530272,60841600
2009-05-11,8.406759262084961,9.899999618530272,10.05500030517578,9.630000114440918,9.725000381469728,37787400
2009-05-12,8.23267936706543,9.69499969482422,9.989999771118164,9.510000228881836,9.989999771118164,46850800
2009-05-13,8.088322639465332,9.524999618530272,9.71500015258789,9.449999809265137,9.604999542236328,35392000
2009-05-14,8.296368598937988,9.770000457763672,9.859999656677246,9.574999809265137,9.595000267028809,28459400
2009-05-15,8.14351749420166,9.59000015258789,9.824999809265137,9.5600004196167,9.765000343322754,37957400
2009-05-18,8.364302635192871,9.850000381469728,9.875,9.645000457763672,9.734999656677246,24711600
2009-05-19,8.512906074523926,10.024999618530272,10.164999961853027,9.734999656677246,9.835000038146973,25944000
2009-05-20,8.619051933288574,10.149999618530272,10.470000267028809,10.104999542236328,10.199999809265137,34605400
2009-05-21,8.411006927490234,9.904999732971191,10.104999542236328,9.755000114440918,10.024999618530272,27575200
2009-05-22,8.478939056396484,9.984999656677246,10.0600004196167,9.789999961853027,9.989999771118164,13989000
2009-05-26,8.703968048095703,10.25,10.28499984741211,9.81999969482422,9.81999969482422,29428000
2009-05-27,8.759162902832031,10.3149995803833,10.56999969482422,10.18000030517578,10.21500015258789,24795000
2009-05-28,8.954473495483398,10.545000076293944,10.56999969482422,10.125,10.380000114440918,43824200
2009-05-29,8.958720207214355,10.550000190734863,10.5649995803833,10.270000457763672,10.5600004196167,37974800
2009-06-01,9.413023948669434,11.085000038146973,11.145000457763672,10.699999809265137,10.71500015258789,43256200
2009-06-02,9.120060920715332,10.739999771118164,11.039999961853027,10.710000038146973,10.975000381469728,37826800
2009-06-03,9.064866065979004,10.675000190734863,10.675000190734863,10.5,10.545000076293944,32028400
2009-06-04,9.175257682800291,10.80500030517578,10.890000343322754,10.619999885559082,10.729999542236328,17148200
2009-06-05,8.962965965270996,10.55500030517578,10.899999618530272,10.489999771118164,10.875,25841600
2009-06-08,9.001176834106445,10.600000381469728,10.6899995803833,10.404999732971191,10.55500030517578,16279000
2009-06-09,9.349336624145508,11.010000228881836,11.135000228881836,10.80500030517578,10.880000114440918,34393800
2009-06-10,9.340843200683594,11.0,11.109999656677246,10.800000190734863,11.100000381469728,34757800
2009-06-11,9.33659839630127,10.994999885559082,11.135000228881836,10.895000457763672,11.024999618530272,33347800
2009-06-12,9.183748245239258,10.8149995803833,10.9399995803833,10.649999618530272,10.9399995803833,26090000
2009-06-15,9.107322692871094,10.725000381469728,10.78499984741211,10.5,10.729999542236328,32610600
2009-06-16,8.933243751525879,10.520000457763672,10.789999961853027,10.489999771118164,10.760000228881836,20866600
2009-06-17,9.120060920715332,10.739999771118164,10.824999809265137,10.44499969482422,10.585000038146973,38541000
2009-06-18,8.94173526763916,10.529999732971191,10.760000228881836,10.515000343322754,10.71500015258789,24288800
2009-06-19,9.0818452835083,10.69499969482422,10.744999885559082,10.585000038146973,10.640000343322754,23479200
2009-06-22,8.810113906860352,10.375,10.739999771118164,10.335000038146973,10.654999732971191,29491400
2009-06-23,8.746428489685059,10.300000190734863,10.399999618530272,10.164999961853027,10.345000267028809,27945600
2009-06-24,8.924752235412598,10.510000228881836,10.614999771118164,10.364999771118164,10.364999771118164,17367600
2009-06-25,9.05212688446045,10.65999984741211,10.699999809265137,10.395000457763672,10.4399995803833,17863000
2009-06-26,9.069110870361328,10.68000030517578,10.829999923706056,10.59000015258789,10.609999656677246,20186400
2009-06-29,9.073357582092283,10.6850004196167,10.8100004196167,10.630000114440918,10.725000381469728,13662400
2009-06-30,9.107322692871094,10.725000381469728,10.869999885559082,10.56999969482422,10.725000381469728,13931200
2009-07-01,9.23894500732422,10.880000114440918,11.0649995803833,10.75,10.789999961853027,23690800
2009-07-02,9.15827465057373,10.78499984741211,10.850000381469728,10.6899995803833,10.755000114440918,15612600
2009-07-06,9.098831176757812,10.71500015258789,10.875,10.539999961853027,10.739999771118164,23740400
2009-07-07,8.86530876159668,10.4399995803833,10.875,10.399999618530272,10.75,25648600
2009-07-08,8.720953941345215,10.270000457763672,10.475000381469728,10.140000343322754,10.454999923706056,32130200
2009-07-09,8.856818199157715,10.43000030517578,10.56999969482422,10.359999656677246,10.359999656677246,19194200
2009-07-10,8.903523445129395,10.484999656677246,10.600000381469728,10.335000038146973,10.414999961853027,20050000
2009-07-13,9.107322692871094,10.725000381469728,10.744999885559082,10.345000267028809,10.520000457763672,26699800
2009-07-14,9.268664360046388,10.914999961853027,10.914999961853027,10.725000381469728,10.755000114440918,26494600
2009-07-15,9.722968101501465,11.449999809265137,11.470000267028809,11.279999732971191,11.324999809265137,36004800
2009-07-16,9.935261726379396,11.699999809265137,11.729999542236328,11.31999969482422,11.324999809265137,26977800
2009-07-17,10.04990005493164,11.835000038146973,11.869999885559082,11.520000457763672,11.71500015258789,21501600
2009-07-20,10.177273750305176,11.984999656677246,11.989999771118164,11.779999732971191,11.9350004196167,23668000
2009-07-21,10.10934066772461,11.904999732971191,11.9399995803833,11.670000076293944,11.93000030517578,30495000
2009-07-22,10.351354598999023,12.1899995803833,12.25,11.890000343322754,11.904999732971191,30900800
2009-07-23,10.525433540344238,12.395000457763672,12.460000038146973,12.0600004196167,12.149999618530272,25524600
2009-07-24,10.529678344726562,12.399999618530272,12.399999618530272,12.079999923706056,12.1850004196167,19405800
2009-07-27,10.529678344726562,12.399999618530272,12.43000030517578,12.18000030517578,12.3100004196167,24411400
2009-07-28,10.618842124938965,12.505000114440918,12.505000114440918,12.220000267028809,12.345000267028809,23191600
2009-07-29,10.5424165725708,12.414999961853027,12.454999923706056,12.255000114440918,12.375,24381800
2009-07-30,10.53392505645752,12.404999732971191,12.779999732971191,12.404999732971191,12.579999923706056,43065000
2009-07-31,10.593366622924805,12.475000381469728,12.604999542236328,12.390000343322754,12.390000343322754,19922000
2009-08-03,10.72923469543457,12.635000228881836,12.69499969482422,12.460000038146973,12.614999771118164,17454000
2009-08-04,10.724987983703612,12.630000114440918,12.699999809265137,12.484999656677246,12.539999961853027,16209000
2009-08-05,10.623086929321287,12.510000228881836,12.710000038146973,12.40999984741211,12.630000114440918,18188200
2009-08-06,10.482975006103516,12.345000267028809,12.649999618530272,12.265000343322754,12.5,30449600
2009-08-07,10.457500457763672,12.3149995803833,12.515000343322754,12.204999923706056,12.489999771118164,29376400
2009-08-10,10.389567375183104,12.234999656677246,12.359999656677246,12.114999771118164,12.30500030517578,26667200
2009-08-11,10.291911125183104,12.119999885559082,12.300000190734863,12.0600004196167,12.210000038146973,16927400
2009-08-12,10.381073951721191,12.225000381469728,12.395000457763672,12.119999885559082,12.119999885559082,34986200
2009-08-13,10.623086929321287,12.510000228881836,12.55500030517578,12.25,12.385000228881836,16304800
2009-08-14,10.423532485961914,12.274999618530272,12.479999542236328,12.154999732971191,12.44499969482422,32636800
2009-08-17,10.173028945922852,11.979999542236328,12.09000015258789,11.920000076293944,12.045000076293944,21503800
2009-08-18,10.32587718963623,12.15999984741211,12.229999542236328,11.994999885559082,11.994999885559082,18305600
2009-08-19,10.423532485961914,12.274999618530272,12.295000076293944,11.984999656677246,12.0,17137600
2009-08-20,10.436270713806152,12.289999961853027,12.335000038146973,12.18000030517578,12.210000038146973,12367200
2009-08-21,10.62733268737793,12.515000343322754,12.539999961853027,12.210000038146973,12.364999771118164,24348800
2009-08-24,10.538168907165527,12.40999984741211,12.68000030517578,12.34000015258789,12.5649995803833,23736000
2009-08-25,10.576383590698242,12.454999923706056,12.5600004196167,12.329999923706056,12.43000030517578,22255400
2009-08-26,10.686776161193848,12.585000038146973,12.609999656677246,12.449999809265137,12.494999885559082,18417600
2009-08-27,10.699511528015137,12.600000381469728,12.609999656677246,12.364999771118164,12.574999809265137,18558200
2009-08-28,10.907559394836426,12.845000267028809,13.085000038146973,12.734999656677246,12.93000030517578,30906200
2009-08-31,10.805656433105469,12.725000381469728,12.765000343322754,12.595000267028809,12.71500015258789,13561800
2009-09-01,10.546661376953123,12.420000076293944,12.960000038146973,12.385000228881836,12.6899995803833,31047200
2009-09-02,10.495713233947754,12.359999656677246,12.524999618530272,12.300000190734863,12.345000267028809,12435600
2009-09-03,10.584875106811523,12.46500015258789,12.489999771118164,12.300000190734863,12.404999732971191,16278200
2009-09-04,10.839625358581545,12.765000343322754,12.765000343322754,12.5,12.520000457763672,14343800
2009-09-08,11.000967979431152,12.954999923706056,12.979999542236328,12.734999656677246,12.90999984741211,19417000
2009-09-09,11.094374656677246,13.0649995803833,13.114999771118164,12.835000038146973,12.949999809265137,21590000
2009-09-10,11.102866172790527,13.074999809265137,13.15999984741211,12.975000381469728,13.0649995803833,24393600
2009-09-11,10.93303394317627,12.875,13.114999771118164,12.795000076293944,13.100000381469728,26933200
2009-09-14,10.928789138793944,12.869999885559082,12.90999984741211,12.739999771118164,12.739999771118164,16038200
2009-09-15,10.996721267700195,12.949999809265137,13.039999961853027,12.869999885559082,12.989999771118164,19644000
2009-09-16,10.954262733459473,12.899999618530272,13.024999618530272,12.8149995803833,13.005000114440918,26905800
2009-09-17,10.750463485717772,12.65999984741211,12.914999961853027,12.579999923706056,12.8149995803833,38522000
2009-09-18,10.856608390808104,12.78499984741211,12.854999542236328,12.635000228881836,12.69499969482422,20022200
2009-09-21,10.809903144836426,12.729999542236328,12.81999969482422,12.645000457763672,12.71500015258789,16666800
2009-09-22,10.890573501586914,12.824999809265137,12.904999732971191,12.68000030517578,12.800000190734863,22352800
2009-09-23,11.00946044921875,12.96500015258789,13.21500015258789,12.9399995803833,12.9399995803833,33952600
2009-09-24,10.805656433105469,12.725000381469728,13.05500030517578,12.614999771118164,13.05500030517578,32058200
2009-09-25,10.780183792114258,12.69499969482422,12.795000076293944,12.5649995803833,12.625,21955000
2009-09-28,10.996721267700195,12.949999809265137,13.05500030517578,12.75,12.760000228881836,12311800
2009-09-29,10.83538055419922,12.760000228881836,13.050000190734863,12.729999542236328,12.975000381469728,21381800
2009-09-30,10.877838134765623,12.8100004196167,12.989999771118164,12.630000114440918,12.850000381469728,35737600
2009-10-01,10.444762229919434,12.300000190734863,12.859999656677246,12.274999618530272,12.80500030517578,52995000
2009-10-02,10.368337631225586,12.210000038146973,12.385000228881836,12.154999732971191,12.225000381469728,42066400
2009-10-05,10.482975006103516,12.345000267028809,12.414999961853027,12.18000030517578,12.279999732971191,19721000
2009-10-06,10.720742225646973,12.625,12.71500015258789,12.460000038146973,12.460000038146973,28985000
2009-10-07,10.699511528015137,12.600000381469728,12.670000076293944,12.5,12.595000267028809,22741800
2009-10-08,10.652807235717772,12.545000076293944,12.649999618530272,12.375,12.609999656677246,41665800
2009-10-09,10.992474555969238,12.94499969482422,12.979999542236328,12.489999771118164,12.489999771118164,55574600
2009-10-12,11.158063888549805,13.140000343322754,13.3149995803833,13.0,13.0,40653000
2009-10-13,11.119850158691406,13.095000267028809,13.255000114440918,13.06999969482422,13.15999984741211,39016600
2009-10-14,11.281192779541016,13.28499984741211,13.460000038146973,13.140000343322754,13.449999809265137,49173400
2009-10-15,11.111358642578123,13.085000038146973,13.239999771118164,13.045000076293944,13.234999656677246,26289000
2009-10-16,10.894819259643556,12.829999923706056,13.005000114440918,12.704999923706056,12.9399995803833,40016000
2009-10-19,11.081639289855955,13.050000190734863,13.100000381469728,12.8149995803833,12.904999732971191,28961200
2009-10-20,11.022194862365724,12.979999542236328,13.220000267028809,12.949999809265137,13.175000190734863,32623600
2009-10-21,10.805656433105469,12.725000381469728,13.140000343322754,12.670000076293944,13.0,37519600
2009-10-22,11.005212783813477,12.960000038146973,12.984999656677246,12.585000038146973,12.75,32351000
2009-10-23,10.724987983703612,12.630000114440918,13.039999961853027,12.609999656677246,13.03499984741211,36106400
2009-10-26,10.775938034057615,12.6899995803833,12.899999618530272,12.550000190734863,12.640000343322754,36108400
2009-10-27,10.614596366882324,12.5,12.899999618530272,12.489999771118164,12.75,35075400
2009-10-28,10.334370613098145,12.170000076293944,12.614999771118164,12.164999961853027,12.454999923706056,39977200
2009-10-29,10.546661376953123,12.420000076293944,12.470000267028809,12.265000343322754,12.265000343322754,22196200
2009-10-30,10.270682334899902,12.095000267028809,12.454999923706056,12.029999732971191,12.44499969482422,33922800
2009-11-02,10.26219081878662,12.085000038146973,12.21500015258789,11.9399995803833,12.085000038146973,28154400
2009-11-03,10.147552490234377,11.949999809265137,11.970000267028809,11.770000457763672,11.885000228881836,41797600
2009-11-04,10.190011024475098,12.0,12.204999923706056,11.979999542236328,12.09000015258789,36448400
2009-11-05,10.432024002075195,12.28499984741211,12.385000228881836,12.085000038146973,12.164999961853027,32918600
2009-11-06,10.406548500061035,12.255000114440918,12.454999923706056,12.1899995803833,12.234999656677246,23773200
2009-11-09,10.72923469543457,12.635000228881836,12.68000030517578,12.364999771118164,12.404999732971191,25257000
2009-11-10,10.818395614624023,12.739999771118164,12.81999969482422,12.609999656677246,12.645000457763672,24358000
2009-11-11,10.950016975402832,12.895000457763672,13.03499984741211,12.8149995803833,12.850000381469728,43789400
2009-11-12,10.860855102539062,12.789999961853027,13.09000015258789,12.78499984741211,12.864999771118164,20168400
2009-11-13,10.907559394836426,12.845000267028809,12.954999923706056,12.739999771118164,12.829999923706056,18497600
2009-11-16,11.179290771484377,13.164999961853027,13.1850004196167,12.9350004196167,12.94499969482422,19216200
2009-11-17,11.17504596710205,13.15999984741211,13.175000190734863,12.989999771118164,13.114999771118164,16100200
2009-11-18,11.068900108337402,13.03499984741211,13.145000457763672,12.970000267028809,13.119999885559082,18121200
2009-11-19,10.699511528015137,12.600000381469728,12.75,12.470000267028809,12.734999656677246,43611600
2009-11-20,10.648561477661133,12.539999961853027,12.574999809265137,12.449999809265137,12.484999656677246,20278400
2009-11-23,10.763200759887695,12.675000190734863,12.789999961853027,12.625,12.675000190734863,15615400
2009-11-24,10.83538055419922,12.760000228881836,12.84000015258789,12.6899995803833,12.725000381469728,23344600
2009-11-25,10.890573501586914,12.824999809265137,12.869999885559082,12.774999618530272,12.795000076293944,12492600
2009-11-27,10.78442668914795,12.699999809265137,12.765000343322754,12.4399995803833,12.470000267028809,10993000
2009-11-30,10.809903144836426,12.729999542236328,12.744999885559082,12.5600004196167,12.710000038146973,26368800
2009-12-01,11.124095916748049,13.100000381469728,13.125,12.725000381469728,12.880000114440918,23635000
2009-12-02,11.209012985229492,13.199999809265137,13.30500030517578,13.079999923706056,13.125,26485600
2009-12-03,11.361863136291504,13.380000114440918,13.489999771118164,13.229999542236328,13.274999618530272,23884600
2009-12-04,11.518959045410156,13.5649995803833,13.699999809265137,13.335000038146973,13.53499984741211,30973400
2009-12-07,11.51046657562256,13.55500030517578,13.699999809265137,13.489999771118164,13.53499984741211,22073400
2009-12-08,11.434041976928713,13.46500015258789,13.574999809265137,13.364999771118164,13.53499984741211,20797600
2009-12-09,11.476502418518066,13.515000343322754,13.53499984741211,13.324999809265137,13.414999961853027,26758800
2009-12-10,11.442533493041992,13.475000381469728,13.630000114440918,13.470000267028809,13.545000076293944,22768400
2009-12-11,11.357616424560549,13.375,13.5600004196167,13.30500030517578,13.5,25238200
2009-12-14,11.51046657562256,13.55500030517578,13.5600004196167,13.390000343322754,13.505000114440918,31644800
2009-12-15,11.404322624206545,13.43000030517578,13.604999542236328,13.385000228881836,13.489999771118164,22172600
2009-12-16,11.480748176574709,13.520000457763672,13.670000076293944,13.399999618530272,13.449999809265137,21628400
2009-12-17,11.28543758392334,13.289999961853027,13.489999771118164,13.279999732971191,13.40999984741211,25048400
2009-12-18,11.493483543395996,13.53499984741211,13.550000190734863,13.30500030517578,13.359999656677246,30130000
2009-12-21,11.727006912231444,13.8100004196167,13.835000038146973,13.609999656677246,13.609999656677246,20616600
2009-12-22,11.752480506896973,13.84000015258789,13.93000030517578,13.8100004196167,13.854999542236328,8122200
2009-12-23,11.739744186401367,13.824999809265137,13.90999984741211,13.774999618530272,13.845000267028809,18635000
2009-12-24,11.91806697845459,14.03499984741211,14.03499984741211,13.864999771118164,13.869999885559082,7530600
2009-12-28,11.799186706542969,13.895000457763672,14.06999969482422,13.80500030517578,14.06999969482422,19352800
2009-12-29,11.748236656188965,13.835000038146973,13.93000030517578,13.770000457763672,13.93000030517578,15658200
2009-12-30,11.952034950256348,14.074999809265137,14.074999809265137,13.80500030517578,13.80500030517578,8442800
2009-12-31,11.854379653930664,13.960000038146973,14.164999961853027,13.960000038146973,14.100000381469728,10967000
2010-01-04,12.06242561340332,14.204999923706056,14.329999923706056,14.149999618530272,14.175000190734863,18905400
2010-01-05,11.994494438171388,14.125,14.270000457763672,14.039999961853027,14.225000381469728,29157800
2010-01-06,11.964773178100586,14.09000015258789,14.225000381469728,14.039999961853027,14.104999542236328,21329000
2010-01-07,11.871362686157228,13.979999542236328,14.079999923706056,13.880000114440918,14.045000076293944,28677800
2010-01-08,12.109131813049316,14.260000228881836,14.274999618530272,13.9350004196167,13.970000267028809,41759000
2010-01-11,12.06667423248291,14.210000038146973,14.359999656677246,14.050000190734863,14.300000190734863,31523400
2010-01-12,11.637843132019045,13.704999923706056,14.09000015258789,13.609999656677246,14.06999969482422,37312800
2010-01-13,11.786446571350098,13.880000114440918,13.93000030517578,13.545000076293944,13.8100004196167,32893600
2010-01-14,11.803428649902344,13.899999618530272,13.90999984741211,13.720000267028809,13.895000457763672,52052200
2010-01-15,11.434041976928713,13.46500015258789,13.859999656677246,13.454999923706056,13.84000015258789,44643800
2010-01-19,11.599627494812012,13.65999984741211,13.699999809265137,13.5,13.505000114440918,30379200
2010-01-20,11.535943031311035,13.585000038146973,13.595000267028809,13.399999618530272,13.579999923706056,43078800
2010-01-21,11.468008995056152,13.505000114440918,13.789999961853027,13.399999618530272,13.609999656677246,48359000
2010-01-22,10.899065971374512,12.835000038146973,13.40999984741211,12.765000343322754,13.385000228881836,73004400
2010-01-25,11.0476713180542,13.010000228881836,13.100000381469728,12.90999984741211,12.920000076293944,40163600
2010-01-26,10.954262733459473,12.899999618530272,13.119999885559082,12.885000228881836,12.949999809265137,29294600
2010-01-27,11.111358642578123,13.085000038146973,13.140000343322754,12.845000267028809,12.93000030517578,45973000
2010-01-28,10.8438720703125,12.770000457763672,13.109999656677246,12.550000190734863,13.074999809265137,60518400
2010-01-29,10.5126953125,12.380000114440918,12.925000190734863,12.265000343322754,12.84000015258789,55877600
2010-02-01,10.741971015930176,12.649999618530272,12.699999809265137,12.43000030517578,12.4350004196167,26750800
2010-02-02,10.865100860595703,12.795000076293944,12.859999656677246,12.640000343322754,12.71500015258789,29452600
2010-02-03,10.826887130737305,12.75,12.80500030517578,12.619999885559082,12.710000038146973,26919600
2010-02-04,10.406548500061035,12.255000114440918,12.640000343322754,12.220000267028809,12.630000114440918,47878800
2010-02-05,10.661300659179688,12.55500030517578,12.579999923706056,12.210000038146973,12.274999618530272,58818200
2010-02-08,10.618842124938965,12.505000114440918,12.75,12.395000457763672,12.539999961853027,37975800
2010-02-09,10.72923469543457,12.635000228881836,12.8100004196167,12.5600004196167,12.710000038146973,27880400
2010-02-10,10.758953094482422,12.670000076293944,12.755000114440918,12.515000343322754,12.59000015258789,24377000
2010-02-11,10.950016975402832,12.895000457763672,12.994999885559082,12.574999809265137,12.649999618530272,31574000
2010-02-12,11.064652442932127,13.029999732971191,13.18000030517578,12.6850004196167,12.81999969482422,41159600
2010-02-16,11.310911178588867,13.31999969482422,13.385000228881836,13.03499984741211,13.19499969482422,53848400
2010-02-17,11.31940460205078,13.329999923706056,13.449999809265137,13.18000030517578,13.399999618530272,35746600
2010-02-18,11.383090019226074,13.404999732971191,13.420000076293944,13.1899995803833,13.279999732971191,39493400
2010-02-19,11.395832061767578,13.420000076293944,13.510000228881836,13.260000228881836,13.335000038146973,22433800
2010-02-22,11.361863136291504,13.380000114440918,13.494999885559082,13.289999961853027,13.489999771118164,21475000
2010-02-23,11.085885047912598,13.05500030517578,13.345000267028809,12.96500015258789,13.300000190734863,35881600
2010-02-24,11.281192779541016,13.28499984741211,13.399999618530272,13.09000015258789,13.130000114440918,30822400
2010-02-25,11.264209747314451,13.265000343322754,13.279999732971191,12.960000038146973,13.0600004196167,28511200
2010-02-26,11.200522422790527,13.1899995803833,13.31999969482422,13.09000015258789,13.31999969482422,27008800
2010-03-01,11.47225570678711,13.510000228881836,13.529999732971191,13.300000190734863,13.31999969482422,22606400
2010-03-02,11.412813186645508,13.4399995803833,13.645000457763672,13.359999656677246,13.56999969482422,24307400
2010-03-03,11.332141876220703,13.345000267028809,13.550000190734863,13.30500030517578,13.449999809265137,19777800
2010-03-04,11.349126815795898,13.364999771118164,13.40999984741211,13.164999961853027,13.335000038146973,37219800
2010-03-05,11.476502418518066,13.515000343322754,13.56999969482422,13.324999809265137,13.4399995803833,29943800
2010-03-08,11.438287734985352,13.470000267028809,13.574999809265137,13.46500015258789,13.529999732971191,11412400
2010-03-09,11.378846168518066,13.399999618530272,13.53499984741211,13.3100004196167,13.375,40839000
2010-03-10,11.61661434173584,13.68000030517578,13.729999542236328,13.43000030517578,13.44499969482422,28505400
2010-03-11,11.50622272491455,13.550000190734863,13.649999618530272,13.414999961853027,13.609999656677246,33573600
2010-03-12,11.468008995056152,13.505000114440918,13.619999885559082,13.475000381469728,13.600000381469728,23718200
2010-03-15,11.391584396362305,13.414999961853027,13.489999771118164,13.324999809265137,13.46500015258789,11841000
2010-03-16,11.743988037109377,13.829999923706056,13.869999885559082,13.460000038146973,13.460000038146973,44997400
2010-03-17,11.909576416015623,14.024999618530272,14.06999969482422,13.850000381469728,13.850000381469728,36218000
2010-03-18,11.82465934753418,13.925000190734863,14.265000343322754,13.824999809265137,13.994999885559082,25713800
2010-03-19,11.671809196472168,13.744999885559082,13.954999923706056,13.645000457763672,13.744999885559082,28400800
2010-03-22,11.88410186767578,13.994999885559082,14.03499984741211,13.645000457763672,13.670000076293944,22261800
2010-03-23,12.147342681884766,14.30500030517578,14.3149995803833,14.039999961853027,14.050000190734863,31856000
2010-03-24,11.871362686157228,13.979999542236328,14.225000381469728,13.925000190734863,14.225000381469728,33556400
2010-03-25,11.85013484954834,13.954999923706056,14.1850004196167,13.9399995803833,14.125,23512200
2010-03-26,11.803428649902344,13.899999618530272,14.09000015258789,13.774999618530272,13.989999771118164,21642400
2010-03-29,11.86711883544922,13.975000381469728,14.0649995803833,13.94499969482422,14.0,7788000
2010-03-30,11.9053316116333,14.020000457763672,14.100000381469728,13.880000114440918,14.020000457763672,12877000
2010-03-31,11.833151817321776,13.9350004196167,14.125,13.914999961853027,13.989999771118164,21651000
2010-04-01,11.854379653930664,13.960000038146973,14.239999771118164,13.845000267028809,14.05500030517578,23391600
2010-04-05,12.134605407714844,14.289999961853027,14.30500030517578,14.0,14.029999732971191,15572600
2010-04-06,12.03695297241211,14.175000190734863,14.234999656677246,14.100000381469728,14.225000381469728,13436400
2010-04-07,12.100638389587402,14.25,14.354999542236328,14.0600004196167,14.125,31919400
2010-04-08,11.91806697845459,14.03499984741211,14.15999984741211,13.975000381469728,14.135000228881836,24015200
2010-04-09,12.049687385559082,14.1899995803833,14.19499969482422,14.029999732971191,14.114999771118164,12488200
2010-04-12,12.206787109375,14.375,14.479999542236328,14.210000038146973,14.210000038146973,25507000
2010-04-13,12.304438591003418,14.489999771118164,14.510000228881836,14.30500030517578,14.380000114440918,29828800
2010-04-14,12.805449485778809,15.079999923706056,15.125,14.470000267028809,14.854999542236328,45824000
2010-04-15,12.92857837677002,15.225000381469728,15.270000457763672,15.0600004196167,15.119999885559082,28930000
2010-04-16,12.754497528076172,15.020000457763672,15.135000228881836,14.864999771118164,15.114999771118164,35223600
2010-04-19,12.699304580688477,14.954999923706056,15.0649995803833,14.649999618530272,14.979999542236328,48883600
2010-04-20,12.8394136428833,15.119999885559082,15.145000457763672,14.93000030517578,15.050000190734863,18165800
2010-04-21,12.669581413269045,14.920000076293944,15.239999771118164,14.739999771118164,15.1850004196167,31515200
2010-04-22,12.8394136428833,15.119999885559082,15.149999618530272,14.55500030517578,14.779999732971191,50699000
2010-04-23,12.877629280090332,15.164999961853027,15.1899995803833,14.914999961853027,15.114999771118164,17335000
2010-04-26,12.9073486328125,15.199999809265137,15.335000038146973,15.125,15.210000038146973,22065800
2010-04-27,12.516729354858398,14.739999771118164,15.170000076293944,14.720000267028809,15.09000015258789,28606600
2010-04-28,12.571927070617676,14.80500030517578,14.925000190734863,14.5600004196167,14.829999923706056,23470800
2010-04-29,12.758745193481444,15.024999618530272,15.029999732971191,14.765000343322754,14.824999809265137,31349400
2010-04-30,12.30868434906006,14.494999885559082,14.989999771118164,14.460000038146973,14.975000381469728,39849000
2010-05-03,12.567681312561035,14.800000190734863,14.890000343322754,14.55500030517578,14.609999656677246,23741200
2010-05-04,12.121869087219238,14.274999618530272,14.585000038146973,14.095000267028809,14.585000038146973,40046400
2010-05-05,12.041196823120115,14.18000030517578,14.329999923706056,13.890000343322754,14.100000381469728,36719200
2010-05-06,11.629349708557127,13.69499969482422,14.28499984741211,12.774999618530272,14.114999771118164,47236800
2010-05-07,11.463763236999512,13.5,13.78499984741211,13.005000114440918,13.59000015258789,58108800
2010-05-10,12.053936004638672,14.19499969482422,14.229999542236328,13.960000038146973,14.154999732971191,37209200
2010-05-11,11.97750759124756,14.104999542236328,14.395000457763672,13.895000457763672,13.994999885559082,47203400
2010-05-12,12.329914093017578,14.520000457763672,14.520000457763672,14.164999961853027,14.234999656677246,28938200
2010-05-13,11.956281661987305,14.079999923706056,14.5,14.024999618530272,14.395000457763672,32558200
2010-05-14,11.654825210571287,13.725000381469728,13.94499969482422,13.484999656677246,13.9399995803833,53452200
2010-05-17,11.85013484954834,13.954999923706056,13.989999771118164,13.515000343322754,13.6899995803833,48438000
2010-05-18,11.527453422546388,13.574999809265137,14.109999656677246,13.494999885559082,14.074999809265137,56795000
2010-05-19,11.620859146118164,13.6850004196167,13.795000076293944,13.345000267028809,13.5649995803833,54490800
2010-05-20,11.32789707183838,13.34000015258789,13.595000267028809,13.09000015258789,13.324999809265137,78553600
2010-05-21,11.438287734985352,13.470000267028809,13.670000076293944,13.0,13.020000457763672,48432400
2010-05-24,11.268455505371094,13.270000457763672,13.539999961853027,13.270000457763672,13.46500015258789,33303600
2010-05-25,11.395832061767578,13.420000076293944,13.420000076293944,12.81999969482422,12.949999809265137,39770400
2010-05-26,11.315157890319824,13.324999809265137,13.725000381469728,13.28499984741211,13.529999732971191,36317600
2010-05-27,11.833151817321776,13.9350004196167,13.949999809265137,13.600000381469728,13.600000381469728,48504200
2010-05-28,11.642087936401367,13.710000038146973,13.9399995803833,13.5600004196167,13.9399995803833,42030200
2010-06-01,11.446779251098633,13.479999542236328,13.875,13.470000267028809,13.635000228881836,51194200
2010-06-02,11.786446571350098,13.880000114440918,13.880000114440918,13.470000267028809,13.585000038146973,42011200
2010-06-03,11.935051918029783,14.05500030517578,14.085000038146973,13.8100004196167,13.96500015258789,36640000
2010-06-04,11.45527172088623,13.489999771118164,13.949999809265137,13.40999984741211,13.75,33887600
2010-06-07,11.090128898620604,13.0600004196167,13.630000114440918,13.03499984741211,13.5649995803833,31633800
2010-06-08,11.119850158691406,13.095000267028809,13.114999771118164,12.720000267028809,13.095000267028809,64355200
2010-06-09,11.013705253601074,12.970000267028809,13.425000190734863,12.914999961853027,13.244999885559082,41651200
2010-06-10,11.383090019226074,13.404999732971191,13.4350004196167,13.15999984741211,13.204999923706056,37514600
2010-06-11,11.497729301452637,13.539999961853027,13.579999923706056,13.25,13.255000114440918,26172800
2010-06-14,11.548681259155272,13.600000381469728,13.835000038146973,13.579999923706056,13.699999809265137,25988600
2010-06-15,12.079412460327148,14.225000381469728,14.265000343322754,13.649999618530272,13.729999542236328,41270200
2010-06-16,12.113377571105955,14.265000343322754,14.34000015258789,14.005000114440918,14.140000343322754,37272800
2010-06-17,12.121869087219238,14.274999618530272,14.380000114440918,14.050000190734863,14.354999542236328,23117800
2010-06-18,12.083654403686523,14.229999542236328,14.369999885559082,14.154999732971191,14.265000343322754,19586600
2010-06-21,11.97326374053955,14.100000381469728,14.449999809265137,14.029999732971191,14.43000030517578,23204000
2010-06-22,11.807676315307615,13.904999732971191,14.3149995803833,13.854999542236328,14.1850004196167,29163400
2010-06-23,11.833151817321776,13.9350004196167,14.109999656677246,13.729999542236328,13.90999984741211,39758600
2010-06-24,11.561418533325195,13.614999771118164,13.890000343322754,13.550000190734863,13.864999771118164,29677600
2010-06-25,11.535943031311035,13.585000038146973,13.675000190734863,13.359999656677246,13.664999961853027,27765400
2010-06-28,11.620859146118164,13.6850004196167,13.80500030517578,13.515000343322754,13.595000267028809,24580200
2010-06-29,11.19202995300293,13.18000030517578,13.43000030517578,13.095000267028809,13.425000190734863,37537200
2010-06-30,11.005212783813477,12.960000038146973,13.34000015258789,12.914999961853027,13.164999961853027,22933400
2010-07-01,10.962754249572754,12.90999984741211,13.074999809265137,12.604999542236328,12.9399995803833,51407800
2010-07-02,10.903313636779783,12.84000015258789,12.989999771118164,12.635000228881836,12.9399995803833,31987600
2010-07-06,10.945771217346191,12.890000343322754,13.154999732971191,12.760000228881836,13.085000038146973,22603800
2010-07-07,11.47225570678711,13.510000228881836,13.524999618530272,12.869999885559082,12.90999984741211,35105800
2010-07-08,11.442533493041992,13.475000381469728,13.625,13.265000343322754,13.625,29529400
2010-07-09,11.591139793395996,13.649999618530272,13.649999618530272,13.420000076293944,13.479999542236328,10880400
2010-07-12,11.71426773071289,13.795000076293944,13.835000038146973,13.614999771118164,13.640000343322754,23955000
2010-07-13,11.96901798248291,14.095000267028809,14.175000190734863,13.904999732971191,14.0,26561400
2010-07-14,11.930805206298828,14.050000190734863,14.449999809265137,13.970000267028809,14.369999885559082,33569800
2010-07-15,11.939297676086426,14.0600004196167,14.125,13.8100004196167,14.029999732971191,25489000
2010-07-16,11.654825210571287,13.725000381469728,14.050000190734863,13.699999809265137,13.984999656677246,22169000
2010-07-19,11.956281661987305,14.079999923706056,14.100000381469728,13.774999618530272,13.774999618530272,29684000
2010-07-20,11.88410186767578,13.994999885559082,14.029999732971191,13.545000076293944,13.640000343322754,33948800
2010-07-21,11.667563438415527,13.739999771118164,14.074999809265137,13.710000038146973,14.074999809265137,37267000
2010-07-22,12.032705307006836,14.170000076293944,14.255000114440918,13.850000381469728,13.869999885559082,37345400
2010-07-23,12.075161933898926,14.220000267028809,14.25,13.96500015258789,14.100000381469728,35739400
2010-07-26,12.17281723022461,14.335000038146973,14.350000381469728,14.045000076293944,14.239999771118164,27281000
2010-07-27,12.126112937927246,14.279999732971191,14.414999961853027,14.21500015258789,14.399999618530272,33636400
2010-07-28,11.92231559753418,14.039999961853027,14.345000267028809,14.005000114440918,14.210000038146973,36438800
2010-07-29,11.735496520996094,13.81999969482422,14.18000030517578,13.649999618530272,14.130000114440918,46972200
2010-07-30,11.629349708557127,13.69499969482422,13.779999732971191,13.475000381469728,13.69499969482422,43101800
2010-08-02,11.837397575378418,13.9399995803833,14.015000343322754,13.69499969482422,13.81999969482422,18216600
2010-08-03,11.67605686187744,13.75,13.869999885559082,13.664999961853027,13.850000381469728,28439000
2010-08-04,11.773710250854492,13.864999771118164,13.880000114440918,13.630000114440918,13.774999618530272,28540600
2010-08-05,11.790693283081056,13.885000228881836,14.010000228881836,13.795000076293944,13.824999809265137,30183000
2010-08-06,11.782200813293455,13.875,13.96500015258789,13.704999923706056,13.725000381469728,35051600
2010-08-09,11.833151817321776,13.9350004196167,14.0,13.774999618530272,13.920000076293944,14345800
2010-08-10,11.544434547424316,13.595000267028809,13.725000381469728,13.46500015258789,13.710000038146973,48453800
2010-08-11,11.255719184875488,13.255000114440918,13.375,13.119999885559082,13.369999885559082,38117600
2010-08-12,11.051916122436523,13.015000343322754,13.095000267028809,12.8100004196167,12.9350004196167,42101000
2010-08-13,10.91180419921875,12.850000381469728,13.119999885559082,12.850000381469728,12.984999656677246,13724200
2010-08-16,11.017950057983398,12.975000381469728,13.0600004196167,12.739999771118164,12.835000038146973,16104200
2010-08-17,11.149571418762209,13.130000114440918,13.260000228881836,13.045000076293944,13.114999771118164,17275600
2010-08-18,11.268455505371094,13.270000457763672,13.375,13.0649995803833,13.130000114440918,17016800
2010-08-19,11.043426513671877,13.005000114440918,13.270000457763672,12.975000381469728,13.154999732971191,20031600
2010-08-20,11.030688285827637,12.989999771118164,13.130000114440918,12.899999618530272,12.975000381469728,25147800
2010-08-23,10.928789138793944,12.869999885559082,13.100000381469728,12.845000267028809,13.05500030517578,15321200
2010-08-24,10.754709243774414,12.664999961853027,12.824999809265137,12.579999923706056,12.725000381469728,27160600
2010-08-25,10.809903144836426,12.729999542236328,12.779999732971191,12.44499969482422,12.5600004196167,28785200
2010-08-26,10.593366622924805,12.475000381469728,12.795000076293944,12.43000030517578,12.770000457763672,24078400
2010-08-27,10.7462158203125,12.654999732971191,12.71500015258789,12.1899995803833,12.550000190734863,49486200
2010-08-30,10.457500457763672,12.3149995803833,12.579999923706056,12.30500030517578,12.579999923706056,24262400
2010-08-31,10.30465030670166,12.135000228881836,12.390000343322754,12.06999969482422,12.255000114440918,31162800
2010-09-01,10.618842124938965,12.505000114440918,12.635000228881836,12.30500030517578,12.3100004196167,34132000
2010-09-02,10.809903144836426,12.729999542236328,12.75,12.505000114440918,12.545000076293944,16808000
2010-09-03,10.979737281799316,12.93000030517578,13.020000457763672,12.710000038146973,12.880000114440918,24213800
2010-09-07,10.7462158203125,12.654999732971191,12.875,12.585000038146973,12.864999771118164,20065200
2010-09-08,10.724987983703612,12.630000114440918,12.65999984741211,12.454999923706056,12.654999732971191,34937000
2010-09-09,10.788674354553224,12.704999923706056,12.81999969482422,12.654999732971191,12.774999618530272,21508800
2010-09-10,10.657054901123049,12.550000190734863,12.704999923706056,12.359999656677246,12.625,25902800
2010-09-13,10.992474555969238,12.94499969482422,12.954999923706056,12.68000030517578,12.68000030517578,26229400
2010-09-14,11.158063888549805,13.140000343322754,13.225000381469728,12.795000076293944,12.899999618530272,33093400
2010-09-15,11.128341674804688,13.104999542236328,13.140000343322754,12.9350004196167,13.095000267028809,28011800
2010-09-16,11.272700309753418,13.274999618530272,13.279999732971191,13.015000343322754,13.074999809265137,28241200
2010-09-17,11.306669235229492,13.3149995803833,13.385000228881836,13.19499969482422,13.354999542236328,33939600
2010-09-20,11.361863136291504,13.380000114440918,13.399999618530272,13.18000030517578,13.34000015258789,34216000
2010-09-21,11.34488010406494,13.359999656677246,13.460000038146973,13.289999961853027,13.390000343322754,30589600
2010-09-22,11.162309646606444,13.145000457763672,13.369999885559082,13.085000038146973,13.244999885559082,32161800
2010-09-23,11.264209747314451,13.265000343322754,13.470000267028809,12.960000038146973,13.039999961853027,46574800
2010-09-24,11.693039894104004,13.770000457763672,13.78499984741211,13.425000190734863,13.43000030517578,27875600
2010-09-27,11.603876113891602,13.664999961853027,13.795000076293944,13.635000228881836,13.744999885559082,14757200
2010-09-28,11.828903198242188,13.93000030517578,13.949999809265137,13.5600004196167,13.6899995803833,40465800
2010-09-29,11.786446571350098,13.880000114440918,14.010000228881836,13.81999969482422,13.864999771118164,25762400
2010-09-30,11.765216827392578,13.854999542236328,14.079999923706056,13.704999923706056,13.975000381469728,37816200
2010-10-01,11.765216827392578,13.854999542236328,14.020000457763672,13.6899995803833,13.954999923706056,25358000
2010-10-04,11.625103950500488,13.6899995803833,13.869999885559082,13.545000076293944,13.789999961853027,20708400
2010-10-05,11.930805206298828,14.050000190734863,14.104999542236328,13.800000190734863,13.800000190734863,21544600
2010-10-06,11.837397575378418,13.9399995803833,14.06999969482422,13.789999961853027,14.010000228881836,20001600
2010-10-07,11.896839141845703,14.010000228881836,14.03499984741211,13.84000015258789,13.994999885559082,22350200
2010-10-08,12.02845859527588,14.164999961853027,14.199999809265137,13.800000190734863,13.960000038146973,40063600
2010-10-11,12.096393585205078,14.244999885559082,14.354999542236328,14.149999618530272,14.175000190734863,21805400
2010-10-12,12.17281723022461,14.335000038146973,14.395000457763672,14.109999656677246,14.210000038146973,30984800
2010-10-13,12.002984046936035,14.135000228881836,14.3100004196167,14.104999542236328,14.295000076293944,34055800
2010-10-14,11.97750759124756,14.104999542236328,14.25,14.039999961853027,14.145000457763672,22450200
2010-10-15,12.079412460327148,14.225000381469728,14.25,14.029999732971191,14.204999923706056,27467600
2010-10-18,12.007231712341309,14.140000343322754,14.204999923706056,13.970000267028809,14.164999961853027,18450000
2010-10-19,11.862872123718262,13.970000267028809,14.204999923706056,13.774999618530272,13.949999809265137,33418000
2010-10-20,11.96901798248291,14.095000267028809,14.164999961853027,13.949999809265137,13.994999885559082,21394000
2010-10-21,11.947790145874023,14.06999969482422,14.149999618530272,13.93000030517578,14.145000457763672,17738600
2010-10-22,12.100638389587402,14.25,14.279999732971191,14.06999969482422,14.085000038146973,13103800
2010-10-25,12.198291778564451,14.364999771118164,14.470000267028809,14.324999809265137,14.324999809265137,15741000
2010-10-26,12.177063941955566,14.34000015258789,14.380000114440918,14.15999984741211,14.270000457763672,19946600
2010-10-27,12.444551467895508,14.654999732971191,14.68000030517578,14.270000457763672,14.3149995803833,23145800
2010-10-28,12.474273681640623,14.6899995803833,14.720000267028809,14.494999885559082,14.619999885559082,32394200
2010-10-29,12.52946949005127,14.755000114440918,14.890000343322754,14.640000343322754,14.640000343322754,19630000
2010-11-01,12.554943084716797,14.78499984741211,14.914999961853027,14.675000190734863,14.850000381469728,22715400
2010-11-02,12.605895042419434,14.845000267028809,14.9350004196167,14.8100004196167,14.895000457763672,17152200
2010-11-03,12.733268737792969,14.994999885559082,14.994999885559082,14.75,14.850000381469728,24184400
2010-11-04,13.05170726776123,15.369999885559082,15.395000457763672,15.085000038146973,15.114999771118164,18423200
2010-11-05,13.242770195007324,15.595000267028809,15.600000381469728,15.369999885559082,15.404999732971191,16477600
2010-11-08,13.230032920837402,15.579999923706056,15.664999961853027,15.520000457763672,15.539999961853027,14859600
2010-11-09,13.10690212249756,15.4350004196167,15.630000114440918,15.375,15.604999542236328,19269400
2010-11-10,13.10690212249756,15.4350004196167,15.460000038146973,15.244999885559082,15.4350004196167,22285600
2010-11-11,12.96254539489746,15.265000343322754,15.270000457763672,14.869999885559082,14.989999771118164,33374200
2010-11-12,12.958300590515137,15.260000228881836,15.489999771118164,15.125,15.28499984741211,37645000
2010-11-15,12.87338161468506,15.15999984741211,15.375,15.145000457763672,15.289999961853027,11667600
2010-11-16,12.737515449523926,15.0,15.1899995803833,14.90999984741211,15.050000190734863,28323800
2010-11-17,12.779973030090332,15.050000190734863,15.164999961853027,14.920000076293944,14.989999771118164,15300200
2010-11-18,12.97103500366211,15.274999618530272,15.30500030517578,15.125,15.149999618530272,18641800
2010-11-19,13.09416675567627,15.420000076293944,15.4399995803833,15.234999656677246,15.234999656677246,9613200
2010-11-22,13.255505561828612,15.609999656677246,15.635000228881836,15.34000015258789,15.350000381469728,18459600
2010-11-23,13.170587539672852,15.510000228881836,15.574999809265137,15.40999984741211,15.449999809265137,17384400
2010-11-24,13.450817108154297,15.84000015258789,15.895000457763672,15.609999656677246,15.625,8700200
2010-11-26,13.37014389038086,15.744999885559082,15.845000267028809,15.710000038146973,15.755000114440918,3303600
2010-11-29,13.348917007446287,15.720000267028809,15.770000457763672,15.5649995803833,15.625,12717400
2010-11-30,13.187573432922363,15.529999732971191,15.609999656677246,15.449999809265137,15.545000076293944,22712000
2010-12-01,13.531486511230469,15.9350004196167,16.040000915527344,15.800000190734863,15.8100004196167,22004600
2010-12-02,13.773497581481934,16.219999313354492,16.2450008392334,15.960000038146973,15.994999885559082,20553000
2010-12-03,13.862662315368652,16.325000762939453,16.354999542236328,16.149999618530273,16.15999984741211,8924600
2010-12-06,13.845677375793455,16.30500030517578,16.354999542236328,16.174999237060547,16.325000762939453,9273800
2010-12-07,13.86690902709961,16.329999923706055,16.524999618530273,16.325000762939453,16.440000534057617,18136400
2010-12-08,13.998530387878418,16.485000610351562,16.520000457763672,16.309999465942383,16.325000762939453,17206400
2010-12-09,14.01126766204834,16.5,16.6299991607666,16.485000610351562,16.625,15579200
2010-12-10,13.951824188232422,16.43000030517578,16.549999237060547,16.415000915527344,16.5,14069600
2010-12-13,13.832942008972168,16.290000915527344,16.520000457763672,16.28499984741211,16.520000457763672,12032600
2010-12-14,13.837186813354492,16.295000076293945,16.3700008392334,16.229999542236328,16.290000915527344,11290200
2010-12-15,13.726795196533203,16.165000915527344,16.295000076293945,16.110000610351562,16.239999771118164,14849800
2010-12-16,13.807466506958008,16.260000228881836,16.260000228881836,16.100000381469727,16.200000762939453,6977600
2010-12-17,13.862662315368652,16.325000762939453,16.375,16.239999771118164,16.260000228881836,5412800
2010-12-20,13.74802303314209,16.190000534057617,16.354999542236328,16.184999465942383,16.344999313354492,9582600
2010-12-21,13.862662315368652,16.325000762939453,16.350000381469727,16.264999389648438,16.280000686645508,5500000
2010-12-22,13.803218841552734,16.2549991607666,16.280000686645508,16.094999313354492,16.15999984741211,10002600
2010-12-23,13.798974990844728,16.25,16.299999237060547,16.19499969482422,16.2450008392334,4998800
2010-12-27,13.845677375793455,16.30500030517578,16.309999465942383,16.065000534057617,16.165000915527344,6186400
2010-12-28,13.773497581481934,16.219999313354492,16.329999923706055,16.165000915527344,16.28499984741211,4851400
2010-12-29,13.828696250915527,16.28499984741211,16.30500030517578,16.200000762939453,16.274999618530273,8440400
2010-12-30,13.84143352508545,16.299999237060547,16.354999542236328,16.229999542236328,16.270000457763672,5702200
2010-12-31,13.811710357666016,16.264999389648438,16.334999084472656,16.204999923706055,16.290000915527344,4669600
2011-01-03,13.879645347595217,16.344999313354492,16.5,16.21500015258789,16.329999923706055,10818800
2011-01-04,13.88813591003418,16.354999542236328,16.454999923706055,16.235000610351562,16.40999984741211,9662800
2011-01-05,13.862662315368652,16.325000762939453,16.385000228881836,16.139999389648438,16.280000686645508,9751400
2011-01-06,13.964563369750977,16.44499969482422,16.469999313354492,16.28499984741211,16.30500030517578,8518200
2011-01-07,13.93908977508545,16.415000915527344,16.540000915527344,16.19499969482422,16.5,10859000
2011-01-10,13.977299690246582,16.459999084472656,16.5,16.280000686645508,16.354999542236328,8858000
2011-01-11,14.083446502685549,16.584999084472656,16.614999771118164,16.46500015258789,16.520000457763672,10941400
2011-01-12,14.232051849365234,16.760000228881836,16.764999389648438,16.584999084472656,16.674999237060547,5653400
2011-01-13,14.23629665374756,16.764999389648438,16.799999237060547,16.670000076293945,16.75,10056200
2011-01-14,14.609929084777832,17.204999923706055,17.209999084472656,16.80500030517578,16.854999542236328,20137800
2011-01-18,14.686355590820312,17.295000076293945,17.31999969482422,17.170000076293945,17.190000534057617,9064200
2011-01-19,14.49528980255127,17.06999969482422,17.264999389648438,17.020000457763672,17.170000076293945,14848200
2011-01-20,14.38065242767334,16.934999465942383,17.0049991607666,16.68000030517578,16.969999313354492,15183400
2011-01-21,14.32546043395996,16.8700008392334,17.079999923706055,16.84000015258789,17.079999923706055,12410800
2011-01-24,14.626912117004396,17.225000381469727,17.225000381469727,16.889999389648438,16.950000762939453,9270200
2011-01-25,14.541996955871582,17.125,17.219999313354492,16.985000610351562,17.155000686645508,13042400
2011-01-26,14.631159782409668,17.229999542236328,17.264999389648438,17.049999237060547,17.19499969482422,12768800
2011-01-27,14.915631294250488,17.565000534057617,17.635000228881836,17.270000457763672,17.290000915527344,26684200
2011-01-28,14.605684280395508,17.200000762939453,17.65999984741211,17.084999084472656,17.645000457763672,21423000
2011-01-31,14.609929084777832,17.204999923706055,17.30500030517578,16.959999084472656,17.235000610351562,16680000
2011-02-01,14.979318618774414,17.639999389648438,17.690000534057617,17.329999923706055,17.329999923706055,18583600
2011-02-02,15.01328468322754,17.68000030517578,17.790000915527344,17.565000534057617,17.56999969482422,13972000
2011-02-03,14.962334632873535,17.6200008392334,17.68000030517578,17.475000381469727,17.645000457763672,6702400
2011-02-04,15.204345703125,17.905000686645508,17.920000076293945,17.614999771118164,17.65999984741211,15109200
2011-02-07,15.149152755737305,17.84000015258789,18.084999084472656,17.790000915527344,17.969999313354492,14203000
2011-02-08,15.136414527893066,17.825000762939453,17.895000457763672,17.674999237060547,17.895000457763672,13233400
2011-02-09,15.106695175170898,17.790000915527344,17.875,17.725000381469727,17.815000534057617,11405800
2011-02-10,15.18311595916748,17.8799991607666,17.90999984741211,17.559999465942383,17.645000457763672,12395200
2011-02-11,15.28501796722412,18.0,18.059999465942383,17.7450008392334,17.84000015258789,8554600
2011-02-14,15.365689277648926,18.094999313354492,18.204999923706055,18.010000228881836,18.024999618530273,9649600
2011-02-15,15.29351043701172,18.010000228881836,18.075000762939453,17.8700008392334,18.075000762939453,15023800
2011-02-16,15.408147811889648,18.145000457763672,18.204999923706055,18.030000686645508,18.059999465942383,18447800
2011-02-17,15.5355224609375,18.295000076293945,18.334999084472656,18.075000762939453,18.100000381469727,9784400
2011-02-18,15.522788047790527,18.280000686645508,18.334999084472656,18.209999084472656,18.334999084472656,8839000
2011-02-22,15.072725296020508,17.75,18.1200008392334,17.709999084472656,18.049999237060547,14818200
2011-02-23,14.851940155029297,17.489999771118164,17.7450008392334,17.229999542236328,17.71500015258789,24327000
2011-02-24,14.970824241638184,17.6299991607666,17.69499969482422,17.360000610351562,17.530000686645508,19943000
2011-02-25,15.29351043701172,18.010000228881836,18.024999618530273,17.75,17.790000915527344,11401800
2011-02-28,15.191609382629396,17.889999389648438,18.1299991607666,17.684999465942383,18.065000534057617,32202000
2011-03-01,14.945350646972656,17.600000381469727,18.03499984741211,17.579999923706055,17.959999084472656,27735200
2011-03-02,15.263790130615234,17.975000381469727,18.149999618530273,17.649999618530273,17.674999237060547,30945600
2011-03-03,15.577977180480955,18.344999313354492,18.38999938964844,18.11000061035156,18.11000061035156,16535200
2011-03-04,15.463340759277344,18.209999084472656,18.375,18.075000762939453,18.31999969482422,12435200
2011-03-07,15.030269622802734,17.700000762939453,18.25,17.4950008392334,18.209999084472656,38667000
2011-03-08,15.043004989624023,17.71500015258789,17.829999923706055,17.5049991607666,17.700000762939453,19709800
2011-03-09,14.597193717956545,17.190000534057617,17.565000534057617,17.104999542236328,17.530000686645508,40352600
2011-03-10,14.32546043395996,16.8700008392334,17.079999923706055,16.770000457763672,16.934999465942383,52298400
2011-03-11,14.41461944580078,16.975000381469727,17.09000015258789,16.7549991607666,16.774999618530273,35367200
2011-03-14,14.389142990112305,16.94499969482422,17.114999771118164,16.815000534057617,16.920000076293945,35196000
2011-03-15,14.159870147705078,16.674999237060547,16.78499984741211,16.25,16.375,35992000
2011-03-16,13.82020378112793,16.274999618530273,16.829999923706055,16.15999984741211,16.55500030517578,47055800
2011-03-17,14.002774238586426,16.489999771118164,16.684999465942383,16.415000915527344,16.524999618530273,28283000
2011-03-18,14.032493591308594,16.524999618530273,16.704999923706055,16.440000534057617,16.69499969482422,23505000
2011-03-21,14.308472633361816,16.850000381469727,16.979999542236328,16.645000457763672,16.670000076293945,13171800
2011-03-22,14.227803230285645,16.7549991607666,16.915000915527344,16.709999084472656,16.81999969482422,17491400
2011-03-23,14.401884078979492,16.959999084472656,17.0049991607666,16.645000457763672,16.704999923706055,21799800
2011-03-24,14.66512680053711,17.270000457763672,17.329999923706055,17.03499984741211,17.135000228881836,22674200
2011-03-25,14.677863121032717,17.28499984741211,17.46500015258789,17.25,17.290000915527344,18218600
2011-03-28,14.635403633117676,17.235000610351562,17.454999923706055,17.209999084472656,17.295000076293945,16525800
2011-03-29,14.750041961669922,17.3700008392334,17.415000915527344,17.03499984741211,17.209999084472656,15213000
2011-03-30,14.75428867340088,17.375,17.545000076293945,17.2450008392334,17.5,18875800
2011-03-31,14.686355590820312,17.295000076293945,17.440000534057617,17.174999237060547,17.334999084472656,20311600
2011-04-01,14.469818115234377,17.040000915527344,17.46500015258789,16.959999084472656,17.44499969482422,26017600
2011-04-04,14.359426498413086,16.90999984741211,17.114999771118164,16.764999389648438,17.110000610351562,25229200
2011-04-05,14.699090003967283,17.309999465942383,17.5049991607666,17.200000762939453,17.239999771118164,39703400
2011-04-06,14.88591194152832,17.530000686645508,17.565000534057617,17.389999389648438,17.469999313354492,21918600
2011-04-07,14.864681243896484,17.5049991607666,17.56999969482422,17.299999237060547,17.514999389648438,23701200
2011-04-08,14.809483528137209,17.440000534057617,17.6299991607666,17.34000015258789,17.565000534057617,12701200
2011-04-11,14.70333766937256,17.315000534057617,17.46500015258789,17.235000610351562,17.44499969482422,18038000
2011-04-12,14.41461944580078,16.975000381469727,17.184999465942383,16.8799991607666,17.149999618530273,20798400
2011-04-13,14.45283317565918,17.020000457763672,17.1299991607666,16.915000915527344,17.075000762939453,22294600
2011-04-14,14.465572357177734,17.03499984741211,17.049999237060547,16.815000534057617,16.915000915527344,17417000
2011-04-15,14.588700294494627,17.18000030517578,17.209999084472656,16.905000686645508,17.030000686645508,17889400
2011-04-18,14.393392562866213,16.950000762939453,17.030000686645508,16.829999923706055,17.030000686645508,17981600
2011-04-19,14.457080841064451,17.024999618530273,17.084999084472656,16.899999618530273,16.940000534057617,19231600
2011-04-20,15.136414527893066,17.825000762939453,17.834999084472656,17.545000076293945,17.549999237060547,41975000
2011-04-21,15.187365531921388,17.885000228881836,17.940000534057617,17.75,17.885000228881836,14670400
2011-04-25,15.242560386657717,17.950000762939453,17.985000610351562,17.84000015258789,17.915000915527344,11137800
2011-04-26,15.501556396484377,18.2549991607666,18.290000915527344,17.93000030517578,17.954999923706055,16800000
2011-04-27,15.603455543518066,18.375,18.405000686645508,18.18000030517578,18.204999923706055,26249600
2011-04-28,15.5355224609375,18.295000076293945,18.385000228881836,18.15999984741211,18.2450008392334,20235600
2011-04-29,15.577977180480955,18.344999313354492,18.38999938964844,18.239999771118164,18.299999237060547,6827400
2011-05-02,15.408147811889648,18.145000457763672,18.364999771118164,18.084999084472656,18.34000015258789,17345400
2011-05-03,15.335963249206545,18.059999465942383,18.13999938964844,17.915000915527344,18.13999938964844,15023200
2011-05-04,15.386916160583496,18.1200008392334,18.25,17.834999084472656,18.1200008392334,26745400
2011-05-05,15.446358680725098,18.190000534057617,18.399999618530273,17.989999771118164,18.01499938964844,28786200
2011-05-06,15.514291763305664,18.270000457763672,18.4950008392334,18.184999465942383,18.364999771118164,29313000
2011-05-09,15.429373741149902,18.170000076293945,18.280000686645508,18.065000534057617,18.229999542236328,12043000
2011-05-10,15.501556396484377,18.2549991607666,18.325000762939453,18.19499969482422,18.26499938964844,14483800
2011-05-11,15.446358680725098,18.190000534057617,18.405000686645508,18.045000076293945,18.25,19951600
2011-05-12,15.603455543518066,18.375,18.48500061035156,18.024999618530273,18.049999237060547,23765400
2011-05-13,15.488816261291504,18.239999771118164,18.46500015258789,18.219999313354492,18.354999542236328,16083800
2011-05-16,15.340214729309082,18.065000534057617,18.424999237060547,18.03499984741211,18.155000686645508,21736000
2011-05-17,15.140658378601074,17.829999923706055,17.959999084472656,17.6200008392334,17.959999084472656,26705600
2011-05-18,15.471835136413574,18.219999313354492,18.274999618530273,17.905000686645508,17.920000076293945,18837200
2011-05-19,15.340214729309082,18.065000534057617,18.219999313354492,17.864999771118164,18.065000534057617,25019600
2011-05-20,15.242560386657717,17.950000762939453,18.079999923706055,17.854999542236328,18.010000228881836,15254600
2011-05-23,14.945350646972656,17.600000381469727,17.735000610351562,17.56999969482422,17.719999313354492,20904000
2011-05-24,14.834957122802734,17.469999313354492,17.684999465942383,17.44499969482422,17.670000076293945,17544600
2011-05-25,14.92412281036377,17.575000762939453,17.645000457763672,17.34000015258789,17.364999771118164,18439000
2011-05-26,14.95384120941162,17.610000610351562,17.649999618530273,17.440000534057617,17.53499984741211,11808200
2011-05-27,15.000548362731934,17.665000915527344,17.739999771118164,17.614999771118164,17.625,10818200
2011-05-31,15.23831558227539,17.94499969482422,17.950000762939453,17.799999237060547,17.84000015258789,11181600
2011-06-01,14.76278018951416,17.385000228881836,17.899999618530273,17.360000610351562,17.864999771118164,20447400
2011-06-02,14.809483528137209,17.440000534057617,17.59000015258789,17.334999084472656,17.43000030517578,16506200
2011-06-03,14.503783226013184,17.079999923706055,17.364999771118164,17.049999237060547,17.239999771118164,16711800
2011-06-06,14.45283317565918,17.020000457763672,17.15999984741211,17.0049991607666,17.045000076293945,17116000
2011-06-07,14.550490379333496,17.135000228881836,17.309999465942383,17.104999542236328,17.165000915527344,13511600
2011-06-08,14.244787216186523,16.774999618530273,17.065000534057617,16.739999771118164,17.065000534057617,17654400
2011-06-09,14.287248611450195,16.825000762939453,16.959999084472656,16.709999084472656,16.81999969482422,11535000
2011-06-10,14.057971954345703,16.55500030517578,16.78499984741211,16.420000076293945,16.760000228881836,19834800
2011-06-13,13.947576522827148,16.424999237060547,16.665000915527344,16.350000381469727,16.6200008392334,13839400
2011-06-14,14.198080062866213,16.719999313354492,16.795000076293945,16.579999923706055,16.604999542236328,16109600
2011-06-15,13.943331718444824,16.420000076293945,16.709999084472656,16.395000457763672,16.53499984741211,21409800
2011-06-16,13.807466506958008,16.260000228881836,16.479999542236328,16.145000457763672,16.420000076293945,20231800
2011-06-17,13.72255039215088,16.15999984741211,16.44499969482422,16.075000762939453,16.434999465942383,33523600
2011-06-20,13.769253730773926,16.21500015258789,16.28499984741211,16.09000015258789,16.135000228881836,14359200
2011-06-21,14.070708274841309,16.56999969482422,16.614999771118164,16.184999465942383,16.31999969482422,19488000
2011-06-22,13.981545448303224,16.46500015258789,16.610000610351562,16.434999465942383,16.479999542236328,13990200
2011-06-23,14.18110179901123,16.700000762939453,16.725000381469727,16.184999465942383,16.235000610351562,38595400
2011-06-24,13.86690902709961,16.329999923706055,16.635000228881836,16.299999237060547,16.635000228881836,15990200
2011-06-27,14.01126766204834,16.5,16.575000762939453,16.190000534057617,16.299999237060547,15355200
2011-06-28,14.121655464172363,16.6299991607666,16.645000457763672,16.440000534057617,16.53499984741211,24851600
2011-06-29,14.096183776855469,16.600000381469727,16.729999542236328,16.514999389648438,16.68000030517578,30545800
2011-06-30,14.469818115234377,17.040000915527344,17.100000381469727,16.614999771118164,16.614999771118164,27329200
2011-07-01,14.76278018951416,17.385000228881836,17.420000076293945,16.899999618530273,17.045000076293945,21799600
2011-07-05,14.609929084777832,17.204999923706055,17.424999237060547,17.139999389648438,17.3700008392334,20287200
2011-07-06,14.597193717956545,17.190000534057617,17.270000457763672,17.030000686645508,17.155000686645508,18643200
2011-07-07,14.932613372802734,17.584999084472656,17.68000030517578,17.315000534057617,17.344999313354492,22846000
2011-07-08,14.71182918548584,17.325000762939453,17.40999984741211,17.139999389648438,17.3799991607666,22177800
2011-07-11,14.503783226013184,17.079999923706055,17.395000457763672,17.014999389648438,17.110000610351562,16598800
2011-07-12,14.053725242614746,16.549999237060547,16.81999969482422,16.43000030517578,16.81999969482422,40332000
2011-07-13,13.96031665802002,16.440000534057617,16.690000534057617,16.364999771118164,16.625,20363200
2011-07-14,13.781991958618164,16.229999542236328,16.649999618530273,16.18000030517578,16.475000381469727,33734800
2011-07-15,13.832942008972168,16.290000915527344,16.34000015258789,16.100000381469727,16.295000076293945,21437000
2011-07-18,13.709814071655272,16.145000457763672,16.315000534057617,16.014999389648438,16.204999923706055,14041200
2011-07-19,14.104676246643066,16.610000610351562,16.645000457763672,16.290000915527344,16.290000915527344,23746600
2011-07-20,14.002774238586426,16.489999771118164,16.65999984741211,16.395000457763672,16.625,19838400
2011-07-21,14.108920097351074,16.614999771118164,16.65999984741211,16.190000534057617,16.350000381469727,21743800
2011-07-22,14.346689224243164,16.895000457763672,16.96500015258789,16.6299991607666,16.670000076293945,20856200
2011-07-25,14.210822105407717,16.735000610351562,16.860000610351562,16.625,16.75,17331400
2011-07-26,14.257526397705078,16.790000915527344,16.9950008392334,16.760000228881836,16.815000534057617,23342000
2011-07-27,13.790483474731444,16.239999771118164,16.56999969482422,16.135000228881836,16.56999969482422,45204400
2011-07-28,13.714056968688965,16.149999618530273,16.450000762939453,16.05500030517578,16.174999237060547,25434000
2011-07-29,13.612159729003906,16.030000686645508,16.2450008392334,15.90999984741211,15.984999656677246,21546600
2011-08-01,13.616403579711914,16.03499984741211,16.290000915527344,15.8100004196167,16.229999542236328,22425600
2011-08-02,13.238524436950684,15.59000015258789,15.954999923706056,15.56999969482422,15.864999771118164,27557000
2011-08-03,13.36589813232422,15.739999771118164,15.78499984741211,15.31999969482422,15.524999618530272,26631800
2011-08-04,12.63986110687256,14.885000228881836,15.59000015258789,14.885000228881836,15.475000381469728,32301400
2011-08-05,12.482765197753906,14.699999809265137,15.18000030517578,14.3149995803833,15.0600004196167,41106800
2011-08-08,12.007231712341309,14.140000343322754,14.585000038146973,14.06999969482422,14.274999618530272,40542600
2011-08-09,12.38935661315918,14.59000015258789,14.59000015258789,13.78499984741211,14.335000038146973,31683000
2011-08-10,12.092147827148438,14.239999771118164,14.65999984741211,14.050000190734863,14.300000190734863,37206600
2011-08-11,12.546451568603516,14.774999618530272,14.970000267028809,14.300000190734863,14.40999984741211,36179000
2011-08-12,12.516729354858398,14.739999771118164,14.970000267028809,14.619999885559082,14.914999961853027,29320800
2011-08-15,12.712039947509766,14.970000267028809,14.984999656677246,14.770000457763672,14.829999923706056,13063600
2011-08-16,12.50399398803711,14.725000381469728,14.960000038146973,14.56999969482422,14.81999969482422,24753600
2011-08-17,12.465780258178713,14.68000030517578,14.984999656677246,14.529999732971191,14.670000076293944,26661600
2011-08-18,11.85013484954834,13.954999923706056,14.274999618530272,13.829999923706056,14.274999618530272,24096400
2011-08-19,11.6123685836792,13.675000190734863,14.175000190734863,13.645000457763672,13.835000038146973,21710000
2011-08-22,11.743988037109377,13.829999923706056,14.015000343322754,13.744999885559082,13.970000267028809,20562200
2011-08-23,12.198291778564451,14.364999771118164,14.380000114440918,13.8100004196167,13.845000267028809,20065200
2011-08-24,12.155834197998049,14.3149995803833,14.380000114440918,14.06999969482422,14.335000038146973,13715600
2011-08-25,11.8458890914917,13.949999809265137,14.359999656677246,13.93000030517578,14.234999656677246,23832600
2011-08-26,12.08790111541748,14.234999656677246,14.3149995803833,13.739999771118164,13.925000190734863,23547000
2011-08-29,12.470026969909668,14.6850004196167,14.6850004196167,14.34000015258789,14.404999732971191,11312000
2011-08-30,12.453044891357422,14.664999961853027,14.744999885559082,14.4350004196167,14.545000076293944,16491000
2011-08-31,12.380864143371582,14.579999923706056,14.829999923706056,14.479999542236328,14.725000381469728,27338400
2011-09-01,12.206787109375,14.375,14.710000038146973,14.359999656677246,14.649999618530272,13688600
2011-09-02,11.91806697845459,14.03499984741211,14.199999809265137,13.975000381469728,14.125,13875200
2011-09-06,11.875608444213867,13.984999656677246,13.989999771118164,13.640000343322754,13.675000190734863,18093600
2011-09-07,12.244997024536133,14.420000076293944,14.4350004196167,14.210000038146973,14.255000114440918,19520200
2011-09-08,12.18131160736084,14.345000267028809,14.69499969482422,14.274999618530272,14.369999885559082,17474000
2011-09-09,12.109131813049316,14.260000228881836,14.56999969482422,14.18000030517578,14.21500015258789,29163200
2011-09-12,12.368128776550291,14.5649995803833,14.56999969482422,14.119999885559082,14.119999885559082,22675400
2011-09-13,12.580418586730955,14.8149995803833,14.880000114440918,14.5600004196167,14.640000343322754,25765800
2011-09-14,12.87338161468506,15.15999984741211,15.345000267028809,14.81999969482422,14.914999961853027,50249800
2011-09-15,13.060197830200195,15.380000114440918,15.43000030517578,15.175000190734863,15.354999542236328,31016200
2011-09-16,13.132378578186035,15.46500015258789,15.619999885559082,15.390000343322754,15.420000076293944,26303000
2011-09-19,13.038969039916992,15.354999542236328,15.425000190734863,15.130000114440918,15.260000228881836,25131800
2011-09-20,12.937067031860352,15.234999656677246,15.545000076293944,15.229999542236328,15.354999542236328,23456800
2011-09-21,12.699304580688477,14.954999923706056,15.399999618530272,14.93000030517578,15.274999618530272,34420400
2011-09-22,12.36388111114502,14.5600004196167,14.704999923706056,14.324999809265137,14.600000381469728,52712000
2011-09-23,12.618629455566406,14.859999656677246,14.949999809265137,14.404999732971191,14.44499969482422,35505000
2011-09-26,12.652597427368164,14.899999618530272,14.970000267028809,14.53499984741211,14.9350004196167,37136400
2011-09-27,12.915839195251465,15.210000038146973,15.449999809265137,15.05500030517578,15.149999618530272,20794800
2011-09-28,12.571927070617676,14.80500030517578,15.270000457763672,14.78499984741211,15.25,30627000
2011-09-29,12.474273681640623,14.6899995803833,15.050000190734863,14.425000190734863,14.94499969482422,22067400
2011-09-30,12.075161933898926,14.220000267028809,14.630000114440918,14.220000267028809,14.44499969482422,17557400
2011-10-03,11.752480506896973,13.84000015258789,14.375,13.824999809265137,14.220000267028809,20802600
2011-10-04,11.535943031311035,13.585000038146973,13.619999885559082,12.960000038146973,12.960000038146973,33400000
2011-10-05,11.896839141845703,14.010000228881836,14.0649995803833,13.454999923706056,13.630000114440918,25274000
2011-10-06,12.049687385559082,14.1899995803833,14.19499969482422,13.81999969482422,14.0,27017400
2011-10-07,12.143096923828123,14.300000190734863,14.475000381469728,14.09000015258789,14.1899995803833,23563400
2011-10-10,12.487011909484863,14.704999923706056,14.80500030517578,14.475000381469728,14.475000381469728,11931000
2011-10-11,12.491255760192873,14.710000038146973,14.78499984741211,14.604999542236328,14.614999771118164,12086400
2011-10-12,12.59740161895752,14.835000038146973,15.024999618530272,14.800000190734863,14.800000190734863,18552600
2011-10-13,12.87338161468506,15.15999984741211,15.234999656677246,14.704999923706056,14.739999771118164,26121800
2011-10-14,12.99651050567627,15.30500030517578,15.3149995803833,15.0600004196167,15.3149995803833,19097600
2011-10-17,12.737515449523926,15.0,15.260000228881836,14.9350004196167,15.210000038146973,15474000
2011-10-18,12.949806213378906,15.25,15.31999969482422,14.80500030517578,14.960000038146973,20185600
2011-10-19,12.8394136428833,15.119999885559082,15.390000343322754,15.079999923706056,15.255000114440918,18126000
2011-10-20,12.665334701538086,14.914999961853027,15.0600004196167,14.640000343322754,15.050000190734863,17688800
2011-10-21,13.013493537902832,15.324999809265137,15.550000190734863,15.114999771118164,15.114999771118164,22345200
2011-10-24,13.425342559814451,15.8100004196167,15.895000457763672,15.404999732971191,15.425000190734863,17508000
2011-10-25,13.293720245361328,15.654999732971191,15.904999732971191,15.5600004196167,15.654999732971191,15232600
2011-10-26,13.348917007446287,15.720000267028809,15.854999542236328,15.395000457763672,15.8149995803833,14314600
2011-10-27,13.803218841552734,16.2549991607666,16.3700008392334,16.0,16.110000610351562,14771000
2011-10-28,13.815958976745604,16.270000457763672,16.28499984741211,16.125,16.1299991607666,15047800
2011-10-31,13.476290702819824,15.869999885559082,16.1299991607666,15.854999542236328,16.059999465942383,7824800
2011-11-01,13.089919090270996,15.414999961853027,15.59000015258789,15.3149995803833,15.494999885559082,18059200
2011-11-02,13.081426620483398,15.404999732971191,15.585000038146973,15.28499984741211,15.524999618530272,15587800
2011-11-03,13.442322731018066,15.829999923706056,15.875,15.270000457763672,15.539999961853027,14215200
2011-11-04,13.552715301513672,15.960000038146973,16.030000686645508,15.68000030517578,15.729999542236328,17270000
2011-11-07,13.56120777130127,15.970000267028809,15.989999771118164,15.675000190734863,15.90999984741211,10252600
2011-11-08,13.650371551513672,16.075000762939453,16.165000915527344,15.84000015258789,16.06999969482422,17538400
2011-11-09,13.055952072143556,15.375,15.725000381469728,15.350000381469728,15.6899995803833,13070400
2011-11-10,13.174838066101074,15.515000343322754,15.625,15.300000190734863,15.574999809265137,9346000
2011-11-11,13.590927124023438,16.0049991607666,16.09000015258789,15.699999809265137,15.734999656677246,9815800
2011-11-14,13.459305763244627,15.850000381469728,16.114999771118164,15.739999771118164,15.954999923706056,11016600
2011-11-15,13.646121978759766,16.06999969482422,16.18000030517578,15.774999618530272,15.774999618530272,12799800
2011-11-16,13.556962013244627,15.96500015258789,16.309999465942383,15.885000228881836,15.890000343322754,26273200
2011-11-17,13.081426620483398,15.404999732971191,15.904999732971191,15.170000076293944,15.904999732971191,21296400
2011-11-18,12.941312789916992,15.239999771118164,15.4399995803833,15.170000076293944,15.399999618530272,9298400
2011-11-21,12.635616302490234,14.880000114440918,15.079999923706056,14.720000267028809,15.029999732971191,12416000
2011-11-22,12.444551467895508,14.654999732971191,14.90999984741211,14.539999961853027,14.78499984741211,15171000
2011-11-23,12.08790111541748,14.234999656677246,14.5,14.234999656677246,14.460000038146973,9508600
2011-11-25,11.994494438171388,14.125,14.40999984741211,14.125,14.164999961853027,3578400
2011-11-28,12.359634399414062,14.55500030517578,14.6899995803833,14.4350004196167,14.55500030517578,12677400
2011-11-29,12.33415985107422,14.524999618530272,14.765000343322754,14.489999771118164,14.56999969482422,10363800
2011-11-30,13.021985054016112,15.335000038146973,15.359999656677246,14.914999961853027,14.93000030517578,11655200
2011-12-01,13.07718276977539,15.399999618530272,15.43000030517578,15.170000076293944,15.239999771118164,10656800
2011-12-02,12.992265701293944,15.300000190734863,15.59000015258789,15.295000076293944,15.5,7953200
2011-12-05,13.18332862854004,15.524999618530272,15.654999732971191,15.385000228881836,15.529999732971191,13146400
2011-12-06,13.20455837249756,15.550000190734863,15.664999961853027,15.475000381469728,15.5600004196167,10511600
2011-12-07,13.31070327758789,15.675000190734863,15.744999885559082,15.364999771118164,15.5,16233000
2011-12-08,12.949806213378906,15.25,15.729999542236328,15.199999809265137,15.55500030517578,10239400
2011-12-09,13.10690212249756,15.4350004196167,15.460000038146973,14.904999732971191,14.975000381469728,19113800
2011-12-12,12.695055961608888,14.949999809265137,15.140000343322754,14.80500030517578,15.095000267028809,14737200
2011-12-13,12.470026969909668,14.6850004196167,15.100000381469728,14.619999885559082,15.010000228881836,15853600
2011-12-14,12.253491401672363,14.43000030517578,14.734999656677246,14.43000030517578,14.59000015258789,16297200
2011-12-15,12.36388111114502,14.5600004196167,14.779999732971191,14.475000381469728,14.720000267028809,5654600
2011-12-16,12.36388111114502,14.5600004196167,14.875,14.5600004196167,14.600000381469728,5694800
2011-12-19,12.266226768493652,14.44499969482422,14.795000076293944,14.345000267028809,14.585000038146973,3109600
2011-12-20,12.750251770019531,15.015000343322754,15.335000038146973,14.635000228881836,14.635000228881836,1939600
2011-12-21,12.60164737701416,14.84000015258789,15.050000190734863,14.604999542236328,15.050000190734863,1304800
2011-12-22,12.920087814331056,15.21500015258789,15.274999618530272,14.890000343322754,14.914999961853027,2530200
2011-12-23,13.013493537902832,15.324999809265137,15.324999809265137,15.140000343322754,15.274999618530272,621400
2011-12-27,13.013493537902832,15.324999809265137,15.4350004196167,15.255000114440918,15.3100004196167,912400
2011-12-28,12.856399536132812,15.140000343322754,15.335000038146973,15.119999885559082,15.289999961853027,1074800
2011-12-29,12.97103500366211,15.274999618530272,15.3149995803833,15.140000343322754,15.1850004196167,963200
2011-12-30,12.920087814331056,15.21500015258789,15.354999542236328,15.204999923706056,15.255000114440918,1264400
2012-01-03,13.098410606384276,15.425000190734863,15.65999984741211,15.364999771118164,15.520000457763672,1443200
2012-01-04,13.10690212249756,15.4350004196167,15.46500015258789,15.260000228881836,15.34000015258789,2378200
2012-01-05,13.268244743347168,15.625,15.640000343322754,15.390000343322754,15.420000076293944,2825800
2012-01-06,13.251262664794922,15.604999542236328,15.649999618530272,15.46500015258789,15.5649995803833,2795400
2012-01-09,13.467798233032228,15.859999656677246,15.895000457763672,15.670000076293944,15.720000267028809,4355600
2012-01-10,13.565454483032228,15.975000381469728,16.045000076293945,15.904999732971191,16.045000076293945,2083000
2012-01-11,13.548469543457031,15.954999923706056,15.989999771118164,15.854999542236328,15.9399995803833,1687400
2012-01-12,13.667353630065918,16.094999313354492,16.125,15.925000190734863,16.030000686645508,2576600
2012-01-13,13.412602424621582,15.795000076293944,15.970000267028809,15.765000343322754,15.970000267028809,3208000
2012-01-17,13.429585456848145,15.8149995803833,15.975000381469728,15.78499984741211,15.93000030517578,2917600
2012-01-18,13.964563369750977,16.44499969482422,16.489999771118164,16.075000762939453,16.084999084472656,7090600
2012-01-19,14.19383716583252,16.71500015258789,16.75,16.549999237060547,16.56999969482422,6564600
2012-01-20,14.295735359191896,16.834999084472656,16.84000015258789,16.65999984741211,16.764999389648438,3256400
2012-01-23,14.295735359191896,16.834999084472656,16.950000762939453,16.75,16.844999313354492,4182200
2012-01-24,14.350934028625488,16.899999618530273,16.950000762939453,16.774999618530273,16.790000915527344,2353800
2012-01-25,14.393392562866213,16.950000762939453,16.9950008392334,16.71500015258789,16.899999618530273,3164400
2012-01-26,14.321210861206056,16.864999771118164,17.18000030517578,16.790000915527344,16.989999771118164,3280000
2012-01-27,14.33395004272461,16.8799991607666,16.94499969482422,16.770000457763672,16.799999237060547,3316000
2012-01-30,14.23629665374756,16.764999389648438,16.81999969482422,16.584999084472656,16.7549991607666,2951400
2012-01-31,14.232051849365234,16.760000228881836,16.94499969482422,16.68000030517578,16.93000030517578,2584600
2012-02-01,14.465572357177734,17.03499984741211,17.149999618530273,16.899999618530273,16.905000686645508,3986400
2012-02-02,14.469818115234377,17.040000915527344,17.18000030517578,16.989999771118164,17.059999465942383,1344400
2012-02-03,14.699090003967283,17.309999465942383,17.375,17.170000076293945,17.21500015258789,1839200
2012-02-06,14.546242713928224,17.1299991607666,17.239999771118164,17.049999237060547,17.239999771118164,1286600
2012-02-07,14.588700294494627,17.18000030517578,17.21500015258789,16.9950008392334,17.09000015258789,4194800
2012-02-08,14.72032070159912,17.334999084472656,17.469999313354492,17.204999923706055,17.204999923706055,1477800
2012-02-09,14.771272659301758,17.395000457763672,17.440000534057617,17.274999618530273,17.43000030517578,1938200
2012-02-10,14.508028030395508,17.084999084472656,17.260000228881836,17.020000457763672,17.2450008392334,2451200
2012-02-13,14.558981895446776,17.145000457763672,17.270000457763672,16.94499969482422,17.25,4599400
2012-02-14,14.605684280395508,17.200000762939453,17.209999084472656,17.049999237060547,17.075000762939453,3046400
2012-02-15,14.64389705657959,17.2450008392334,17.43000030517578,17.219999313354492,17.270000457763672,5356800
2012-02-16,14.941102027893066,17.594999313354492,17.655000686645508,17.209999084472656,17.209999084472656,4707400
2012-02-17,14.915631294250488,17.565000534057617,17.7450008392334,17.510000228881836,17.735000610351562,5350400
2012-02-21,14.74155044555664,17.360000610351562,17.594999313354492,17.290000915527344,17.579999923706055,2769000
2012-02-22,14.656635284423828,17.260000228881836,17.440000534057617,17.209999084472656,17.315000534057617,5228000
2012-02-23,14.62266445159912,17.219999313354492,17.280000686645508,17.059999465942383,17.200000762939453,3498200
2012-02-24,14.605684280395508,17.200000762939453,17.329999923706055,17.184999465942383,17.290000915527344,1231200
2012-02-27,14.66512680053711,17.270000457763672,17.3700008392334,17.0,17.114999771118164,4542800
2012-02-28,14.877418518066406,17.520000457763672,17.59000015258789,17.280000686645508,17.280000686645508,2212400
2012-02-29,14.648140907287598,17.25,17.540000915527344,17.229999542236328,17.540000915527344,3979000
2012-03-01,14.648140907287598,17.25,17.399999618530273,17.190000534057617,17.299999237060547,3732200
2012-03-02,14.5335054397583,17.114999771118164,17.329999923706055,17.079999923706055,17.274999618530273,3175800
2012-03-05,14.22355842590332,16.75,17.05500030517578,16.690000534057617,17.040000915527344,8525000
2012-03-06,14.172607421875,16.690000534057617,16.704999923706055,16.4950008392334,16.600000381469727,4924200
2012-03-07,14.36791706085205,16.920000076293945,16.969999313354492,16.709999084472656,16.725000381469727,4833800
2012-03-08,14.499539375305176,17.075000762939453,17.1200008392334,16.969999313354492,17.06999969482422,2986600
2012-03-09,14.614174842834473,17.209999084472656,17.225000381469727,17.05500030517578,17.065000534057617,2328800
2012-03-12,14.482553482055664,17.05500030517578,17.200000762939453,17.020000457763672,17.165000915527344,2328000
2012-03-13,14.81797695159912,17.450000762939453,17.450000762939453,17.170000076293945,17.170000076293945,2471600
2012-03-14,14.737303733825684,17.354999542236328,17.635000228881836,17.329999923706055,17.450000762939453,3301600
2012-03-15,14.983564376831056,17.645000457763672,17.674999237060547,17.405000686645508,17.440000534057617,3369200
2012-03-16,14.979318618774414,17.639999389648438,17.725000381469727,17.614999771118164,17.71500015258789,1858000
2012-03-19,15.132168769836426,17.81999969482422,17.8700008392334,17.610000610351562,17.655000686645508,2747000
2012-03-20,15.038758277893066,17.709999084472656,17.780000686645508,17.575000762939453,17.68000030517578,2724400
2012-03-21,15.110939025878906,17.795000076293945,17.8799991607666,17.71500015258789,17.795000076293945,1639400
2012-03-22,15.02602195739746,17.69499969482422,17.760000228881836,17.594999313354492,17.69499969482422,2416600
2012-03-23,15.043004989624023,17.71500015258789,17.729999542236328,17.565000534057617,17.690000534057617,2213400
2012-03-26,15.276525497436523,17.989999771118164,17.989999771118164,17.780000686645508,17.80500030517578,3000400
2012-03-27,15.268035888671877,17.979999542236328,18.084999084472656,17.969999313354492,18.020000457763672,1810400
2012-03-28,15.085461616516112,17.764999389648438,18.0049991607666,17.665000915527344,17.959999084472656,2706200
2012-03-29,15.11518096923828,17.799999237060547,17.829999923706055,17.584999084472656,17.649999618530273,1434400
2012-03-30,15.20009994506836,17.899999618530273,18.0,17.770000457763672,17.905000686645508,2013800
2012-04-02,15.24680233001709,17.954999923706055,18.01499938964844,17.725000381469727,17.84000015258789,2229000
2012-04-03,15.034513473510742,17.704999923706055,17.934999465942383,17.635000228881836,17.920000076293945,3063000
2012-04-04,14.767024993896484,17.389999389648438,17.520000457763672,17.235000610351562,17.520000457763672,4719800
2012-04-05,14.839203834533691,17.475000381469727,17.4950008392334,17.31999969482422,17.360000610351562,2054600
2012-04-09,14.618420600891112,17.21500015258789,17.28499984741211,17.139999389648438,17.239999771118164,1822200
2012-04-10,14.384900093078612,16.940000534057617,17.309999465942383,16.90999984741211,17.149999618530273,6636600
2012-04-11,14.605684280395508,17.200000762939453,17.309999465942383,17.084999084472656,17.09000015258789,2729000
2012-04-12,14.868926048278809,17.510000228881836,17.56999969482422,17.2450008392334,17.270000457763672,4787800
2012-04-13,14.66512680053711,17.270000457763672,17.524999618530273,17.270000457763672,17.4950008392334,6673600
2012-04-16,14.72032070159912,17.334999084472656,17.489999771118164,17.200000762939453,17.3799991607666,3849200
2012-04-17,14.898645401000977,17.545000076293945,17.6200008392334,17.420000076293945,17.44499969482422,3705600
2012-04-18,14.800992965698242,17.43000030517578,17.510000228881836,17.219999313354492,17.295000076293945,4244400
2012-04-19,14.707581520080566,17.31999969482422,17.665000915527344,17.19499969482422,17.43000030517578,11568200
2012-04-20,14.45283317565918,17.020000457763672,17.360000610351562,16.9950008392334,17.360000610351562,5839000
2012-04-23,14.249032974243164,16.780000686645508,16.795000076293945,16.655000686645508,16.760000228881836,3330000
2012-04-24,14.083446502685549,16.584999084472656,16.84000015258789,16.540000915527344,16.815000534057617,2696800
2012-04-25,14.38065242767334,16.934999465942383,16.959999084472656,16.774999618530273,16.844999313354492,4502000
2012-04-26,14.707581520080566,17.31999969482422,17.375,16.9950008392334,17.010000228881836,4001200
2012-04-27,14.784008026123049,17.40999984741211,17.434999465942383,17.260000228881836,17.325000762939453,3040600
2012-04-30,14.686355590820312,17.295000076293945,17.40999984741211,17.295000076293945,17.364999771118164,1161000
2012-05-01,14.750041961669922,17.3700008392334,17.475000381469727,17.260000228881836,17.260000228881836,2866600
2012-05-02,14.830716133117676,17.46500015258789,17.5049991607666,17.235000610351562,17.280000686645508,1903400
2012-05-03,14.49528980255127,17.06999969482422,17.5049991607666,17.05500030517578,17.489999771118164,4111600
2012-05-04,14.16411590576172,16.68000030517578,17.024999618530273,16.68000030517578,16.959999084472656,4112400
2012-05-07,14.138641357421877,16.649999618530273,16.760000228881836,16.614999771118164,16.635000228881836,2402000
2012-05-08,13.98578929901123,16.469999313354492,16.520000457763672,16.190000534057617,16.479999542236328,8079800
2012-05-09,13.930597305297852,16.405000686645508,16.475000381469727,16.104999542236328,16.225000381469727,7507800
2012-05-10,13.956071853637695,16.434999465942383,16.530000686645508,16.280000686645508,16.514999389648438,6998800
2012-05-11,14.032493591308594,16.524999618530273,16.735000610351562,16.385000228881836,16.415000915527344,4738400
2012-05-14,13.832942008972168,16.290000915527344,16.399999618530273,16.2549991607666,16.350000381469727,1681800
2012-05-15,13.718306541442873,16.155000686645508,16.424999237060547,16.139999389648438,16.295000076293945,3744600
2012-05-16,13.595174789428713,16.010000228881836,16.290000915527344,15.994999885559082,16.190000534057617,7378000
2012-05-17,13.340425491333008,15.710000038146973,16.045000076293945,15.710000038146973,15.979999542236328,3182600
2012-05-18,13.10690212249756,15.4350004196167,15.8149995803833,15.425000190734863,15.78499984741211,3914200
2012-05-21,13.382882118225098,15.760000228881836,15.770000457763672,15.420000076293944,15.479999542236328,4805400
2012-05-22,13.31070327758789,15.675000190734863,15.765000343322754,15.585000038146973,15.765000343322754,5573600
2012-05-23,13.255505561828612,15.609999656677246,15.625,15.289999961853027,15.43000030517578,6043800
2012-05-24,13.170587539672852,15.510000228881836,15.65999984741211,15.404999732971191,15.65999984741211,2448400
2012-05-25,13.259750366210938,15.614999771118164,15.6850004196167,15.46500015258789,15.475000381469728,1486000
2012-05-29,13.497520446777344,15.895000457763672,15.96500015258789,15.739999771118164,15.84000015258789,2183000
2012-05-30,13.297966957092283,15.65999984741211,15.744999885559082,15.604999542236328,15.71500015258789,3378800
2012-05-31,13.191819190979004,15.53499984741211,15.65999984741211,15.375,15.614999771118164,1360200
2012-06-01,12.699304580688477,14.954999923706056,15.30500030517578,14.9399995803833,15.199999809265137,4593000
2012-06-04,12.690810203552246,14.94499969482422,15.109999656677246,14.78499984741211,15.010000228881836,3403400
2012-06-05,12.937067031860352,15.234999656677246,15.260000228881836,14.925000190734863,14.94499969482422,4357000
2012-06-06,13.32768440246582,15.69499969482422,15.720000267028809,15.31999969482422,15.345000267028809,3027200
2012-06-07,13.217294692993164,15.5649995803833,15.925000190734863,15.529999732971191,15.920000076293944,5466200
2012-06-08,13.35740566253662,15.729999542236328,15.765000343322754,15.460000038146973,15.460000038146973,3694000
2012-06-11,13.136624336242676,15.470000267028809,15.94499969482422,15.454999923706056,15.94499969482422,3430800
2012-06-12,13.438077926635742,15.824999809265137,15.824999809265137,15.524999618530272,15.53499984741211,5289400
2012-06-13,13.336177825927734,15.704999923706056,15.899999618530272,15.649999618530272,15.8149995803833,2370200
2012-06-14,13.293720245361328,15.654999732971191,15.75,15.515000343322754,15.704999923706056,2658000
2012-06-15,13.506011962890623,15.904999732971191,15.920000076293944,15.675000190734863,15.68000030517578,2004800
2012-06-18,13.637633323669434,16.059999465942383,16.1299991607666,15.81999969482422,15.845000267028809,1862600
2012-06-19,13.773497581481934,16.219999313354492,16.290000915527344,16.09000015258789,16.170000076293945,1726200
2012-06-20,13.87539768218994,16.34000015258789,16.420000076293945,16.204999923706055,16.274999618530273,2357800
2012-06-21,13.408357620239258,15.789999961853027,16.334999084472656,15.744999885559082,16.30500030517578,6024400
2012-06-22,13.548469543457031,15.954999923706056,15.975000381469728,15.8149995803833,15.850000381469728,3750400
2012-06-25,13.08567237854004,15.40999984741211,15.755000114440918,15.380000114440918,15.755000114440918,5522200
2012-06-26,13.08567237854004,15.40999984741211,15.505000114440918,15.234999656677246,15.4399995803833,8068000
2012-06-27,13.255505561828612,15.609999656677246,15.670000076293944,15.449999809265137,15.46500015258789,2596600
2012-06-28,13.16634464263916,15.505000114440918,15.539999961853027,15.300000190734863,15.460000038146973,2727800
2012-06-29,13.684337615966797,16.114999771118164,16.395000457763672,15.800000190734863,15.885000228881836,6599600
2012-07-02,13.667353630065918,16.094999313354492,16.209999084472656,15.984999656677246,16.209999084472656,2686200
2012-07-03,13.82020378112793,16.274999618530273,16.28499984741211,16.114999771118164,16.114999771118164,2606200
2012-07-05,13.684337615966797,16.114999771118164,16.225000381469727,15.975000381469728,16.21500015258789,2610400
2012-07-06,13.36589813232422,15.739999771118164,16.020000457763672,15.595000267028809,16.0049991607666,5125000
2012-07-09,13.221539497375488,15.56999969482422,15.71500015258789,15.470000267028809,15.664999961853027,2345400
2012-07-10,13.043214797973633,15.359999656677246,15.71500015258789,15.289999961853027,15.46500015258789,5388600
2012-07-11,12.949806213378906,15.25,15.420000076293944,15.1850004196167,15.385000228881836,3663000
2012-07-12,12.758745193481444,15.024999618530272,15.119999885559082,14.895000457763672,15.109999656677246,4513800
2012-07-13,12.915839195251465,15.210000038146973,15.239999771118164,15.020000457763672,15.020000457763672,2723000
2012-07-16,12.784218788146973,15.05500030517578,15.140000343322754,14.96500015258789,15.104999542236328,1760600
2012-07-17,12.76298999786377,15.029999732971191,15.140000343322754,14.779999732971191,15.140000343322754,4475200
2012-07-18,13.213047981262209,15.5600004196167,15.649999618530272,14.949999809265137,14.96500015258789,8982200
2012-07-19,13.323440551757812,15.6899995803833,15.824999809265137,15.664999961853027,15.75,4929000
2012-07-20,13.10265827178955,15.43000030517578,15.670000076293944,15.404999732971191,15.630000114440918,3560200
2012-07-23,12.966789245605469,15.270000457763672,15.31999969482422,14.9350004196167,15.06999969482422,3742600
2012-07-24,12.87338161468506,15.15999984741211,15.25,15.029999732971191,15.229999542236328,2696800
2012-07-25,13.14511489868164,15.479999542236328,15.670000076293944,15.31999969482422,15.31999969482422,5934000
2012-07-26,13.412602424621582,15.795000076293944,15.90999984741211,15.65999984741211,15.774999618530272,5888000
2012-07-27,13.735286712646484,16.174999237060547,16.2450008392334,15.854999542236328,15.920000076293944,4051200
2012-07-30,13.63338565826416,16.05500030517578,16.264999389648438,15.960000038146973,16.19499969482422,5474600
2012-07-31,13.688584327697754,16.1200008392334,16.315000534057617,16.094999313354492,16.100000381469727,4774400
2012-08-01,13.688584327697754,16.1200008392334,16.264999389648438,16.040000915527344,16.239999771118164,1020200
2012-08-02,13.586682319641112,16.0,16.290000915527344,15.885000228881836,16.0049991607666,7191400
2012-08-03,13.943331718444824,16.420000076293945,16.469999313354492,16.219999313354492,16.309999465942383,3702800
2012-08-06,13.93908977508545,16.415000915527344,16.540000915527344,16.415000915527344,16.520000457763672,4985200
2012-08-07,14.125904083251951,16.635000228881836,16.81999969482422,16.549999237060547,16.59000015258789,6421400
2012-08-08,14.185348510742188,16.704999923706055,16.7549991607666,16.610000610351562,16.65999984741211,1862200
2012-08-09,14.291489601135254,16.829999923706055,16.885000228881836,16.729999542236328,16.739999771118164,1477200
2012-08-10,14.393392562866213,16.950000762939453,16.950000762939453,16.780000686645508,16.80500030517578,3183800
2012-08-13,14.282999038696287,16.81999969482422,16.8700008392334,16.65999984741211,16.844999313354492,5276400
2012-08-14,14.198080062866213,16.719999313354492,16.93000030517578,16.665000915527344,16.8799991607666,1407200
2012-08-15,14.22355842590332,16.75,16.860000610351562,16.69499969482422,16.700000762939453,3765200
2012-08-16,14.393392562866213,16.950000762939453,16.979999542236328,16.75,16.80500030517578,1925400
2012-08-17,14.274507522583008,16.809999465942383,16.90999984741211,16.774999618530273,16.90999984741211,1629600
2012-08-20,14.2405424118042,16.770000457763672,16.80500030517578,16.649999618530273,16.770000457763672,2552600
2012-08-21,14.266014099121094,16.799999237060547,16.950000762939453,16.739999771118164,16.80500030517578,3928000
2012-08-22,14.142888069152832,16.655000686645508,16.7549991607666,16.56999969482422,16.709999084472656,2326200
2012-08-23,13.994281768798828,16.479999542236328,16.594999313354492,16.40999984741211,16.549999237060547,5525400
2012-08-24,14.036742210388184,16.530000686645508,16.584999084472656,16.354999542236328,16.475000381469727,3838400
2012-08-27,13.968810081481934,16.450000762939453,16.55500030517578,16.389999389648438,16.55500030517578,4490600
2012-08-28,13.947576522827148,16.424999237060547,16.485000610351562,16.315000534057617,16.3700008392334,3666800
2012-08-29,13.973052024841309,16.454999923706055,16.514999389648438,16.325000762939453,16.420000076293945,967200
2012-08-30,13.773497581481934,16.219999313354492,16.360000610351562,16.184999465942383,16.344999313354492,4521800
2012-08-31,13.998530387878418,16.485000610351562,16.549999237060547,16.239999771118164,16.344999313354492,5788200
2012-09-04,13.781991958618164,16.229999542236328,16.46500015258789,16.094999313354492,16.46500015258789,5802200
2012-09-05,13.684337615966797,16.114999771118164,16.309999465942383,16.079999923706055,16.19499969482422,3733400
2012-09-06,14.121655464172363,16.6299991607666,16.639999389648438,16.204999923706055,16.204999923706055,6081400
2012-09-07,13.98578929901123,16.469999313354492,16.5049991607666,16.3700008392334,16.43000030517578,3364600
2012-09-10,13.760762214660645,16.204999923706055,16.424999237060547,16.204999923706055,16.375,4159200
2012-09-11,13.828696250915527,16.28499984741211,16.40999984741211,16.209999084472656,16.270000457763672,2915600
2012-09-12,13.828696250915527,16.28499984741211,16.440000534057617,16.219999313354492,16.334999084472656,2059400
2012-09-13,13.934842109680176,16.40999984741211,16.469999313354492,16.174999237060547,16.25,3676600
2012-09-14,14.147132873535156,16.65999984741211,16.78499984741211,16.520000457763672,16.520000457763672,4352400
2012-09-17,14.007020950317385,16.4950008392334,16.649999618530273,16.434999465942383,16.584999084472656,1594800
2012-09-18,13.994281768798828,16.479999542236328,16.5,16.385000228881836,16.434999465942383,1785600
2012-09-19,13.854170799255373,16.315000534057617,16.43000030517578,16.299999237060547,16.43000030517578,2572800
2012-09-20,13.697073936462402,16.1299991607666,16.239999771118164,16.045000076293945,16.184999465942383,5383400
2012-09-21,13.709814071655272,16.145000457763672,16.274999618530273,16.1299991607666,16.204999923706055,3387800
2012-09-24,13.518750190734863,15.920000076293944,16.030000686645508,15.859999656677246,15.979999542236328,2814400
2012-09-25,13.293720245361328,15.654999732971191,16.045000076293945,15.649999618530272,16.030000686645508,4760200
2012-09-26,13.251262664794922,15.604999542236328,15.625,15.43000030517578,15.619999885559082,3571200
2012-09-27,13.53997802734375,15.94499969482422,15.979999542236328,15.649999618530272,15.739999771118164,6098800
2012-09-28,13.433832168579102,15.81999969482422,15.914999961853027,15.774999618530272,15.864999771118164,4141200
2012-10-01,13.429585456848145,15.8149995803833,16.0049991607666,15.760000228881836,15.829999923706056,4067800
2012-10-02,13.493273735046388,15.890000343322754,15.949999809265137,15.78499984741211,15.9350004196167,6739800
2012-10-03,13.446571350097656,15.835000038146973,15.954999923706056,15.795000076293944,15.954999923706056,5290800
2012-10-04,13.518750190734863,15.920000076293944,15.949999809265137,15.765000343322754,15.899999618530272,4790600
2012-10-05,13.569700241088867,15.979999542236328,16.170000076293945,15.94499969482422,15.989999771118164,4601800
2012-10-08,13.391374588012695,15.770000457763672,15.869999885559082,15.725000381469728,15.869999885559082,2944000
2012-10-09,13.179083824157717,15.520000457763672,15.6850004196167,15.449999809265137,15.6850004196167,5121600
2012-10-10,12.992265701293944,15.300000190734863,15.505000114440918,15.279999732971191,15.484999656677246,3169800
2012-10-11,12.992265701293944,15.300000190734863,15.425000190734863,15.274999618530272,15.385000228881836,4894800
2012-10-12,12.949806213378906,15.25,15.380000114440918,15.229999542236328,15.300000190734863,4464000
2012-10-15,13.09416675567627,15.420000076293944,15.44499969482422,15.279999732971191,15.30500030517578,4240600
2012-10-16,13.374390602111816,15.75,15.789999961853027,15.494999885559082,15.494999885559082,6906600
2012-10-17,13.28522777557373,15.645000457763672,15.755000114440918,15.505000114440918,15.56999969482422,3449200
2012-10-18,13.251262664794922,15.604999542236328,15.710000038146973,15.520000457763672,15.649999618530272,3364200
2012-10-19,12.945560455322266,15.244999885559082,15.550000190734863,15.210000038146973,15.545000076293944,6849800
2012-10-22,13.009246826171877,15.31999969482422,15.420000076293944,15.239999771118164,15.28499984741211,2919400
2012-10-23,13.089919090270996,15.414999961853027,15.460000038146973,15.170000076293944,15.170000076293944,3202800
2012-10-24,12.96254539489746,15.265000343322754,15.614999771118164,15.244999885559082,15.53499984741211,2811800
2012-10-25,13.09416675567627,15.420000076293944,15.484999656677246,15.31999969482422,15.4350004196167,3091000
2012-10-26,13.251262664794922,15.604999542236328,15.614999771118164,15.404999732971191,15.454999923706056,3628600
2012-10-31,13.200310707092283,15.545000076293944,15.725000381469728,15.489999771118164,15.6899995803833,2395000
2012-11-01,13.599417686462402,16.014999389648438,16.040000915527344,15.59000015258789,15.65999984741211,6386200
2012-11-02,13.323440551757812,15.6899995803833,16.075000762939453,15.6899995803833,16.0,4326000
2012-11-05,13.556962013244627,15.96500015258789,16.0049991607666,15.69499969482422,15.710000038146973,3447400
2012-11-06,13.72255039215088,16.15999984741211,16.21500015258789,15.9350004196167,15.989999771118164,2566800
2012-11-07,13.374390602111816,15.75,15.96500015258789,15.68000030517578,15.94499969482422,3717200
2012-11-08,13.272491455078123,15.630000114440918,15.845000267028809,15.619999885559082,15.789999961853027,2291400
2012-11-09,13.306455612182615,15.670000076293944,15.864999771118164,15.609999656677246,15.609999656677246,4467000
2012-11-12,13.32768440246582,15.69499969482422,15.755000114440918,15.614999771118164,15.670000076293944,1131400
2012-11-13,13.196063995361328,15.539999961853027,15.710000038146973,15.5,15.529999732971191,2455600
2012-11-14,13.013493537902832,15.324999809265137,15.6850004196167,15.30500030517578,15.68000030517578,4286000
2012-11-15,12.937067031860352,15.234999656677246,15.414999961853027,15.1899995803833,15.375,3171200
2012-11-16,12.954052925109863,15.255000114440918,15.3100004196167,15.0,15.300000190734863,4139000
2012-11-19,13.179083824157717,15.520000457763672,15.524999618530272,15.300000190734863,15.375,2602000
2012-11-20,13.055952072143556,15.375,15.4350004196167,15.25,15.40999984741211,2159800
2012-11-21,13.07718276977539,15.399999618530272,15.56999969482422,15.335000038146973,15.375,1253200
2012-11-23,13.348917007446287,15.720000267028809,15.774999618530272,15.55500030517578,15.55500030517578,1732800
2012-11-26,13.374390602111816,15.75,15.8100004196167,15.585000038146973,15.704999923706056,1875800
2012-11-27,13.412602424621582,15.795000076293944,15.925000190734863,15.53499984741211,15.635000228881836,3444600
2012-11-28,13.595174789428713,16.010000228881836,16.010000228881836,15.53499984741211,15.614999771118164,2366400
2012-11-29,13.57394313812256,15.984999656677246,16.1200008392334,15.90999984741211,15.96500015258789,2143800
2012-11-30,13.603666305541992,16.020000457763672,16.094999313354492,15.989999771118164,15.989999771118164,1912600
2012-12-03,13.53997802734375,15.94499969482422,16.149999618530273,15.920000076293944,16.1299991607666,2084400
2012-12-04,13.590927124023438,16.0049991607666,16.05500030517578,15.885000228881836,15.960000038146973,2423200
2012-12-05,13.569700241088867,15.979999542236328,16.059999465942383,15.904999732971191,16.045000076293945,1619600
2012-12-06,13.72255039215088,16.15999984741211,16.174999237060547,16.014999389648438,16.020000457763672,1529200
2012-12-07,13.765007972717283,16.209999084472656,16.34000015258789,16.104999542236328,16.270000457763672,1685800
2012-12-10,13.790483474731444,16.239999771118164,16.290000915527344,16.15999984741211,16.184999465942383,2785200
2012-12-11,14.045232772827148,16.540000915527344,16.584999084472656,16.329999923706055,16.375,3139400
2012-12-12,14.015512466430664,16.5049991607666,16.649999618530273,16.459999084472656,16.545000076293945,2025000
2012-12-13,13.871152877807615,16.334999084472656,16.625,16.295000076293945,16.489999771118164,2503000
2012-12-14,13.815958976745604,16.270000457763672,16.3700008392334,16.190000534057617,16.260000228881836,1412000
2012-12-17,13.87539768218994,16.34000015258789,16.385000228881836,16.190000534057617,16.229999542236328,1980600
2012-12-18,14.062214851379396,16.559999465942383,16.604999542236328,16.360000610351562,16.415000915527344,2801800
2012-12-19,14.142888069152832,16.655000686645508,16.764999389648438,16.635000228881836,16.645000457763672,2140200
2012-12-20,14.13439655303955,16.645000457763672,16.690000534057617,16.510000228881836,16.665000915527344,2132000
2012-12-21,13.990036964416504,16.475000381469727,16.485000610351562,16.235000610351562,16.354999542236328,2988200
2012-12-24,13.942317008972168,16.06999969482422,16.110000610351562,15.954999923706056,16.110000610351562,1713600
2012-12-26,13.87291145324707,15.989999771118164,16.204999923706055,15.989999771118164,16.110000610351562,1029200
2012-12-27,13.85555934906006,15.970000267028809,16.045000076293945,15.789999961853027,16.010000228881836,2325800
2012-12-28,13.760123252868652,15.859999656677246,16.014999389648438,15.845000267028809,15.880000114440918,1812800
2012-12-31,14.024741172790527,16.165000915527344,16.165000915527344,15.81999969482422,15.845000267028809,1636600
2013-01-02,14.580005645751951,16.80500030517578,16.80500030517578,16.4950008392334,16.575000762939453,6109400
2013-01-03,14.506256103515623,16.719999313354492,16.81999969482422,16.65999984741211,16.75,3236200
2013-01-04,14.419499397277832,16.6200008392334,16.739999771118164,16.579999923706055,16.739999771118164,2777800
2013-01-07,14.380455017089844,16.575000762939453,16.65999984741211,16.5,16.545000076293945,2463600
2013-01-08,14.237302780151367,16.40999984741211,16.614999771118164,16.405000686645508,16.579999923706055,2440400
2013-01-09,14.068120956420898,16.21500015258789,16.575000762939453,16.21500015258789,16.485000610351562,4923000
2013-01-10,14.632058143615724,16.864999771118164,16.864999771118164,16.690000534057617,16.690000534057617,5043600
2013-01-11,14.701465606689451,16.94499969482422,16.959999084472656,16.81999969482422,16.854999542236328,3502000
2013-01-14,14.63640022277832,16.8700008392334,16.94499969482422,16.7549991607666,16.84000015258789,2327800
2013-01-15,14.484567642211914,16.69499969482422,16.75,16.549999237060547,16.549999237060547,1673200
2013-01-16,14.645073890686035,16.8799991607666,16.924999237060547,16.649999618530273,16.719999313354492,2524400
2013-01-17,15.000792503356934,17.290000915527344,17.344999313354492,16.959999084472656,16.969999313354492,9574000
2013-01-18,14.822930335998535,17.084999084472656,17.155000686645508,16.989999771118164,17.155000686645508,4436800
2013-01-22,14.792564392089844,17.049999237060547,17.049999237060547,16.940000534057617,17.024999618530273,2981800
2013-01-23,14.848960876464844,17.114999771118164,17.200000762939453,17.0,17.200000762939453,5578200
2013-01-24,14.736173629760742,16.985000610351562,17.110000610351562,16.915000915527344,16.9950008392334,5934800
2013-01-25,14.861974716186523,17.1299991607666,17.204999923706055,17.079999923706055,17.1200008392334,1893600
2013-01-28,14.892341613769531,17.165000915527344,17.25,17.15999984741211,17.174999237060547,2331800
2013-01-29,14.918367385864258,17.19499969482422,17.204999923706055,17.09000015258789,17.200000762939453,1145800
2013-01-30,14.944395065307615,17.225000381469727,17.299999237060547,17.010000228881836,17.145000457763672,1875600
2013-01-31,14.87932300567627,17.149999618530273,17.309999465942383,17.125,17.25,2845600
2013-02-01,15.174307823181152,17.489999771118164,17.514999389648438,17.295000076293945,17.360000610351562,3446400
2013-02-04,14.987775802612305,17.274999618530273,17.510000228881836,17.264999389648438,17.395000457763672,2991600
2013-02-05,15.217691421508787,17.540000915527344,17.584999084472656,17.34000015258789,17.34000015258789,2673400
2013-02-06,15.182985305786133,17.5,17.540000915527344,17.405000686645508,17.43000030517578,2776000
2013-02-07,15.100565910339355,17.405000686645508,17.469999313354492,17.260000228881836,17.434999465942383,2370200
2013-02-08,15.300114631652832,17.635000228881836,17.674999237060547,17.44499969482422,17.44499969482422,2498400
2013-02-11,15.326141357421877,17.665000915527344,17.68000030517578,17.56999969482422,17.65999984741211,1652600
2013-02-12,15.38687229156494,17.735000610351562,17.739999771118164,17.604999542236328,17.614999771118164,2694600
2013-02-13,15.38687229156494,17.735000610351562,17.81999969482422,17.645000457763672,17.809999465942383,4159400
2013-02-14,15.52134895324707,17.889999389648438,17.90999984741211,17.639999389648438,17.639999389648438,1792000
2013-02-15,15.39120864868164,17.739999771118164,17.940000534057617,17.68000030517578,17.940000534057617,2686800
2013-02-19,15.603771209716797,17.985000610351562,17.989999771118164,17.770000457763672,17.770000457763672,2017400
2013-02-20,15.27408218383789,17.604999542236328,17.9950008392334,17.594999313354492,17.959999084472656,4074200
2013-02-21,14.987775802612305,17.274999618530273,17.55500030517578,17.15999984741211,17.514999389648438,3666000
2013-02-22,15.226364135742188,17.549999237060547,17.604999542236328,17.344999313354492,17.395000457763672,5392000
2013-02-25,14.914031982421877,17.190000534057617,17.690000534057617,17.190000534057617,17.645000457763672,2968800
2013-02-26,15.018139839172363,17.309999465942383,17.360000610351562,17.19499969482422,17.34000015258789,4776600
2013-02-27,15.252392768859863,17.579999923706055,17.665000915527344,17.274999618530273,17.274999618530273,2481600
2013-02-28,15.235042572021484,17.559999465942383,17.709999084472656,17.540000915527344,17.540000915527344,2916800
2013-03-01,15.235042572021484,17.559999465942383,17.6299991607666,17.295000076293945,17.520000457763672,3763000
2013-03-04,15.213353157043455,17.53499984741211,17.549999237060547,17.399999618530273,17.475000381469727,1773000
2013-03-05,15.456281661987305,17.815000534057617,17.81999969482422,17.625,17.625,3365000
2013-03-06,15.460618019104004,17.81999969482422,17.920000076293945,17.770000457763672,17.770000457763672,1671600
2013-03-07,15.456281661987305,17.815000534057617,17.94499969482422,17.78499984741211,17.81999969482422,2591200
2013-03-08,15.399884223937988,17.75,17.915000915527344,17.670000076293945,17.864999771118164,3575000
2013-03-11,15.44760513305664,17.80500030517578,17.829999923706055,17.649999618530273,17.725000381469727,948400
2013-03-12,15.456281661987305,17.815000534057617,17.864999771118164,17.709999084472656,17.770000457763672,2123200
2013-03-13,15.499658584594728,17.864999771118164,17.934999465942383,17.7450008392334,17.80500030517578,4089600
2013-03-14,15.621122360229492,18.0049991607666,18.09000015258789,17.954999923706055,18.0,1287000
2013-03-15,15.352167129516602,17.69499969482422,18.01499938964844,17.594999313354492,18.01499938964844,3453200
2013-03-18,15.165632247924805,17.479999542236328,17.6299991607666,17.424999237060547,17.545000076293945,2501400
2013-03-19,15.135266304016112,17.44499969482422,17.559999465942383,17.260000228881836,17.485000610351562,4890000
2013-03-20,15.235042572021484,17.559999465942383,17.610000610351562,17.485000610351562,17.575000762939453,2215800
2013-03-21,15.022480010986328,17.315000534057617,17.459999084472656,17.264999389648438,17.34000015258789,5907000
2013-03-22,15.139607429504396,17.450000762939453,17.53499984741211,17.350000381469727,17.395000457763672,2657800
2013-03-25,15.117913246154783,17.424999237060547,17.600000381469727,17.34000015258789,17.575000762939453,3810200
2013-03-26,15.291434288024902,17.625,17.649999618530273,17.46500015258789,17.46500015258789,3083600
2013-03-27,15.321802139282228,17.65999984741211,17.68000030517578,17.43000030517578,17.454999923706055,2050000
2013-03-28,15.412897109985352,17.764999389648438,17.80500030517578,17.600000381469727,17.600000381469727,1354400
2013-04-01,15.169971466064451,17.485000610351562,17.799999237060547,17.40999984741211,17.799999237060547,4961600
2013-04-02,15.048507690429688,17.344999313354492,17.520000457763672,17.290000915527344,17.4950008392334,4374200
2013-04-03,14.7665376663208,17.020000457763672,17.420000076293945,16.96500015258789,17.40999984741211,8800800
2013-04-04,14.861974716186523,17.1299991607666,17.15999984741211,16.96500015258789,16.96500015258789,3558800
2013-04-05,14.848960876464844,17.114999771118164,17.114999771118164,16.764999389648438,16.905000686645508,5900400
2013-04-08,14.93138027191162,17.209999084472656,17.235000610351562,16.94499969482422,17.020000457763672,2200400
2013-04-09,15.074536323547363,17.375,17.514999389648438,17.174999237060547,17.270000457763672,7251200
2013-04-10,15.399884223937988,17.75,17.795000076293945,17.415000915527344,17.415000915527344,6352200
2013-04-11,15.39120864868164,17.739999771118164,17.809999465942383,17.600000381469727,17.639999389648438,4625800
2013-04-12,15.334815979003906,17.674999237060547,17.69499969482422,17.450000762939453,17.584999084472656,2900000
2013-04-15,15.000792503356934,17.290000915527344,17.59000015258789,17.264999389648438,17.5,5953600
2013-04-16,15.256731986999512,17.584999084472656,17.614999771118164,17.354999542236328,17.360000610351562,3709800
2013-04-17,14.93571949005127,17.21500015258789,17.450000762939453,17.079999923706055,17.450000762939453,11366200
2013-04-18,14.97042179107666,17.2549991607666,17.565000534057617,17.229999542236328,17.440000534057617,8411200
2013-04-19,15.143943786621094,17.454999923706055,17.5049991607666,17.21500015258789,17.364999771118164,6675200
2013-04-22,15.26540470123291,17.594999313354492,17.655000686645508,17.28499984741211,17.454999923706055,3695400
2013-04-23,15.595096588134766,17.975000381469727,18.020000457763672,17.725000381469727,17.739999771118164,7362400
2013-04-24,15.75560188293457,18.15999984741211,18.21500015258789,17.934999465942383,18.040000915527344,3719200
2013-04-25,15.881402015686035,18.30500030517578,18.420000076293945,18.21500015258789,18.2450008392334,4474000
2013-04-26,15.733911514282228,18.135000228881836,18.290000915527344,18.049999237060547,18.2549991607666,4070600
2013-04-29,15.91610336303711,18.344999313354492,18.3700008392334,18.165000915527344,18.174999237060547,1984000
2013-04-30,16.07227897644043,18.524999618530273,18.530000686645508,18.28499984741211,18.325000762939453,4710600
2013-05-01,16.0072078704834,18.450000762939453,18.604999542236328,18.440000534057617,18.489999771118164,5560200
2013-05-02,16.211091995239258,18.684999465942383,18.719999313354492,18.48500061035156,18.489999771118164,3644800
2013-05-03,16.33689308166504,18.829999923706055,18.954999923706055,18.809999465942383,18.875,8124600
2013-05-06,16.41497802734375,18.920000076293945,19.024999618530273,18.86000061035156,18.8799991607666,4342200
2013-05-07,16.44968032836914,18.959999084472656,19.01499938964844,18.854999542236328,18.979999542236328,4350400
2013-05-08,16.649229049682617,19.190000534057617,19.209999084472656,18.954999923706055,19.020000457763672,3623800
2013-05-09,16.701282501220703,19.25,19.344999313354492,19.155000686645508,19.15999984741211,2292600
2013-05-10,16.81407356262207,19.3799991607666,19.385000228881836,19.25,19.26499938964844,1678600
2013-05-13,16.610187530517578,19.145000457763672,19.344999313354492,19.135000228881836,19.344999313354492,2939600
2013-05-14,16.636213302612305,19.174999237060547,19.225000381469727,19.11000061035156,19.200000762939453,3127000
2013-05-15,16.779367446899414,19.34000015258789,19.375,19.13999938964844,19.19499969482422,2476200
2013-05-16,16.631877899169922,19.170000076293945,19.434999465942383,19.170000076293945,19.274999618530273,3117600
2013-05-17,16.81841278076172,19.385000228881836,19.385000228881836,19.23500061035156,19.270000457763672,1526800
2013-05-20,16.766357421875,19.325000762939453,19.440000534057617,19.30500030517578,19.3799991607666,3004800
2013-05-21,16.727313995361328,19.280000686645508,19.395000457763672,19.260000228881836,19.329999923706055,1574000
2013-05-22,16.488719940185547,19.0049991607666,19.434999465942383,18.90999984741211,19.270000457763672,4833400
2013-05-23,16.45401954650879,18.96500015258789,18.989999771118164,18.725000381469727,18.834999084472656,3223000
2013-05-24,16.44968032836914,18.959999084472656,18.969999313354492,18.76499938964844,18.934999465942383,1608600
2013-05-28,16.597169876098633,19.1299991607666,19.30500030517578,19.09000015258789,19.145000457763672,1940800
2013-05-29,16.65790367126465,19.200000762939453,19.260000228881836,19.0049991607666,19.040000915527344,2303400
2013-05-30,16.81841278076172,19.385000228881836,19.5,19.200000762939453,19.23500061035156,6741400
2013-05-31,16.610187530517578,19.145000457763672,19.450000762939453,18.98500061035156,19.280000686645508,4706200
2013-06-03,16.74032211303711,19.295000076293945,19.434999465942383,19.155000686645508,19.25,4004400
2013-06-04,16.81841278076172,19.385000228881836,19.63999938964844,19.334999084472656,19.424999237060547,10307000
2013-06-05,16.51041603088379,19.030000686645508,19.325000762939453,19.010000228881836,19.290000915527344,4897800
2013-06-06,16.462696075439453,18.975000381469727,19.165000915527344,18.799999237060547,19.049999237060547,3816200
2013-06-07,16.618864059448242,19.155000686645508,19.190000534057617,18.90999984741211,19.079999923706055,2858800
2013-06-10,16.7099609375,19.260000228881836,19.31999969482422,19.1299991607666,19.190000534057617,3146200
2013-06-11,16.40196418762207,18.905000686645508,19.149999618530273,18.8799991607666,19.040000915527344,5023800
2013-06-12,16.206754684448242,18.68000030517578,19.219999313354492,18.645000457763672,19.1200008392334,4313400
2013-06-13,16.493061065673828,19.010000228881836,19.05500030517578,18.584999084472656,18.674999237060547,3889600
2013-06-14,16.432329177856445,18.940000534057617,19.114999771118164,18.88999938964844,19.024999618530273,1603000
2013-06-17,16.571144104003906,19.100000381469727,19.23500061035156,19.0049991607666,19.11000061035156,1986600
2013-06-18,16.80973243713379,19.375,19.420000076293945,19.15999984741211,19.15999984741211,3791400
2013-06-19,16.575485229492188,19.104999542236328,19.475000381469727,19.104999542236328,19.375,3071000
2013-06-20,16.067934036254883,18.520000457763672,18.875,18.469999313354492,18.815000534057617,5170800
2013-06-21,16.05058479309082,18.5,18.684999465942383,18.36000061035156,18.63999938964844,4243000
2013-06-24,15.75560188293457,18.15999984741211,18.3700008392334,18.040000915527344,18.309999465942383,5695400
2013-06-25,16.08528709411621,18.540000915527344,18.584999084472656,18.28499984741211,18.44499969482422,2286800
2013-06-26,16.180723190307617,18.649999618530273,18.760000228881836,18.540000915527344,18.71500015258789,2582200
2013-06-27,16.267484664916992,18.75,18.915000915527344,18.739999771118164,18.774999618530273,2283600
2013-06-28,16.34990692138672,18.844999313354492,18.934999465942383,18.61000061035156,18.71500015258789,1667400
2013-07-01,16.306528091430664,18.795000076293945,19.030000686645508,18.770000457763672,18.864999771118164,1784000
2013-07-02,16.302188873291016,18.790000915527344,19.0,18.69499969482422,18.799999237060547,2210000
2013-07-03,16.40630340576172,18.90999984741211,18.989999771118164,18.709999084472656,18.795000076293945,2929000
2013-07-05,16.627540588378906,19.165000915527344,19.165000915527344,18.94499969482422,19.065000534057617,5768000
2013-07-08,16.271818161010742,18.7549991607666,19.145000457763672,18.69499969482422,19.125,3450000
2013-07-09,16.40196418762207,18.905000686645508,18.959999084472656,18.829999923706055,18.875,3129800
2013-07-10,16.52776527404785,19.049999237060547,19.104999542236328,18.885000228881836,18.899999618530273,1813400
2013-07-11,16.96590232849121,19.55500030517578,19.565000534057617,19.334999084472656,19.364999771118164,3069600
2013-07-12,17.02663230895996,19.625,19.68000030517578,19.51499938964844,19.600000381469727,1988400
2013-07-15,17.03097152709961,19.6299991607666,19.655000686645508,19.575000762939453,19.655000686645508,1033000
2013-07-16,17.135086059570312,19.75,19.780000686645508,19.635000228881836,19.635000228881836,1659600
2013-07-17,17.161109924316406,19.780000686645508,19.86000061035156,19.719999313354492,19.84000015258789,3174800
2013-07-18,16.801057815551758,19.364999771118164,19.614999771118164,19.325000762939453,19.614999771118164,5689000
2013-07-19,16.735990524291992,19.290000915527344,19.290000915527344,19.104999542236328,19.2549991607666,5896200
2013-07-22,16.70562171936035,19.2549991607666,19.385000228881836,19.174999237060547,19.260000228881836,6192800
2013-07-23,16.718639373779297,19.270000457763672,19.479999542236328,19.23500061035156,19.375,2134200
2013-07-24,16.514753341674805,19.03499984741211,19.420000076293945,19.0,19.420000076293945,3823600
2013-07-25,16.631877899169922,19.170000076293945,19.170000076293945,18.969999313354492,19.03499984741211,5375400
2013-07-26,16.536441802978516,19.059999465942383,19.06999969482422,18.94499969482422,19.049999237060547,5354200
2013-07-29,16.484386444091797,19.0,19.125,18.93000030517578,19.084999084472656,1376200
2013-07-30,16.649229049682617,19.190000534057617,19.2549991607666,19.100000381469727,19.100000381469727,1298000
2013-07-31,16.727313995361328,19.280000686645508,19.395000457763672,19.174999237060547,19.190000534057617,5623000
2013-08-01,16.93553352355957,19.520000457763672,19.579999923706055,19.309999465942383,19.309999465942383,2659800
2013-08-02,16.84444236755371,19.415000915527344,19.459999084472656,19.290000915527344,19.459999084472656,2077000
2013-08-05,16.83576011657715,19.405000686645508,19.405000686645508,19.30500030517578,19.325000762939453,564000
2013-08-06,16.727313995361328,19.280000686645508,19.399999618530273,19.225000381469727,19.38999938964844,918400
2013-08-07,16.575485229492188,19.104999542236328,19.204999923706055,19.030000686645508,19.19499969482422,2107000
2013-08-08,16.579822540283203,19.11000061035156,19.239999771118164,19.0049991607666,19.239999771118164,1321600
2013-08-09,16.536441802978516,19.059999465942383,19.1200008392334,18.9950008392334,19.079999923706055,3587400
2013-08-12,16.566804885864258,19.094999313354492,19.165000915527344,18.98500061035156,19.010000228881836,1981400
2013-08-13,16.744665145874023,19.299999237060547,19.309999465942383,19.03499984741211,19.23500061035156,2291600
2013-08-14,16.579822540283203,19.11000061035156,19.25,19.065000534057617,19.135000228881836,2213200
2013-08-15,16.21543312072754,18.690000534057617,18.854999542236328,18.670000076293945,18.84000015258789,4745000
2013-08-16,16.232778549194336,18.709999084472656,18.8799991607666,18.68000030517578,18.68000030517578,3545400
2013-08-19,16.211091995239258,18.684999465942383,18.88999938964844,18.674999237060547,18.71500015258789,1254800
2013-08-20,16.28917694091797,18.774999618530273,18.86000061035156,18.704999923706055,18.739999771118164,2219200
2013-08-21,16.15469741821289,18.6200008392334,18.760000228881836,18.53499984741211,18.684999465942383,3164400
2013-08-22,16.254470825195312,18.73500061035156,18.825000762939453,18.65999984741211,18.65999984741211,806000
2013-08-23,16.306528091430664,18.795000076293945,18.850000381469727,18.725000381469727,18.795000076293945,810400
2013-08-26,16.276161193847656,18.760000228881836,18.899999618530273,18.73500061035156,18.780000686645508,937200
2013-08-27,15.950809478759766,18.385000228881836,18.56999969482422,18.34000015258789,18.545000076293945,2103000
2013-08-28,16.07227897644043,18.524999618530273,18.6299991607666,18.40999984741211,18.440000534057617,2614400
2013-08-29,16.206754684448242,18.68000030517578,18.790000915527344,18.53499984741211,18.53499984741211,3225600
2013-08-30,16.11131477355957,18.56999969482422,18.7450008392334,18.5,18.725000381469727,1665200
2013-09-03,16.267484664916992,18.75,18.94499969482422,18.665000915527344,18.825000762939453,1464000
2013-09-04,16.592832565307617,19.125,19.190000534057617,18.81999969482422,18.885000228881836,1260600
2013-09-05,16.718639373779297,19.270000457763672,19.299999237060547,19.174999237060547,19.200000762939453,3082200
2013-09-06,16.653568267822266,19.19499969482422,19.354999542236328,19.05500030517578,19.350000381469727,1090800
2013-09-09,16.866132736206055,19.440000534057617,19.5,19.25,19.25,923800
2013-09-10,17.169790267944336,19.790000915527344,19.790000915527344,19.59000015258789,19.6299991607666,2283800
2013-09-11,17.117733001708984,19.729999542236328,19.78499984741211,19.61000061035156,19.69499969482422,2985600
2013-09-12,17.078689575195312,19.684999465942383,19.829999923706055,19.625,19.69499969482422,1586400
2013-09-13,17.182802200317383,19.80500030517578,19.815000534057617,19.645000457763672,19.739999771118164,1623000
2013-09-16,17.269563674926758,19.905000686645508,20.079999923706055,19.88999938964844,20.059999465942383,2542400
2013-09-17,17.40837860107422,20.065000534057617,20.11000061035156,19.9950008392334,20.045000076293945,2005400
2013-09-18,17.564546585083008,20.2450008392334,20.26499938964844,19.979999542236328,20.05500030517578,3043600
2013-09-19,17.56020736694336,20.239999771118164,20.354999542236328,20.15999984741211,20.315000534057617,1754000
2013-09-20,17.443078994750977,20.104999542236328,20.299999237060547,20.06999969482422,20.28499984741211,1702200
2013-09-23,17.40403938293457,20.059999465942383,20.2549991607666,19.98500061035156,20.25,2047000
2013-09-24,17.51249122619629,20.184999465942383,20.274999618530273,20.049999237060547,20.155000686645508,2912800
2013-09-25,17.477781295776367,20.145000457763672,20.25,20.040000915527344,20.125,2018000
2013-09-26,17.473447799682617,20.13999938964844,20.23500061035156,20.03499984741211,20.23500061035156,1319000
2013-09-27,17.31728172302246,19.959999084472656,20.059999465942383,19.905000686645508,20.059999465942383,2092200
2013-09-30,17.299928665161133,19.940000534057617,20.045000076293945,19.684999465942383,19.78499984741211,3345000
2013-10-01,17.469112396240234,20.135000228881836,20.200000762939453,19.975000381469727,20.010000228881836,2296200
2013-10-02,17.45609474182129,20.1200008392334,20.13999938964844,19.954999923706055,19.989999771118164,1505400
2013-10-03,17.4127140045166,20.06999969482422,20.229999542236328,19.885000228881836,20.165000915527344,2886400
2013-10-04,17.51249122619629,20.184999465942383,20.229999542236328,20.03499984741211,20.03499984741211,1484000
2013-10-07,17.44742202758789,20.11000061035156,20.2549991607666,19.969999313354492,20.05500030517578,1572000
2013-10-08,17.174123764038086,19.795000076293945,20.190000534057617,19.7549991607666,20.170000076293945,4612600
2013-10-09,17.117733001708984,19.729999542236328,19.86000061035156,19.549999237060547,19.844999313354492,2482400
2013-10-10,17.508150100708008,20.18000030517578,20.21500015258789,19.94499969482422,19.94499969482422,2315400
2013-10-11,17.564546585083008,20.2450008392334,20.295000076293945,20.05500030517578,20.125,1445800
2013-10-14,17.677331924438477,20.375,20.405000686645508,20.05500030517578,20.104999542236328,1660600
2013-10-15,17.568885803222656,20.25,20.440000534057617,20.219999313354492,20.395000457763672,2476000
2013-10-16,17.720712661743164,20.424999237060547,20.450000762939453,20.2450008392334,20.260000228881836,2076400
2013-10-17,17.811809539794922,20.530000686645508,20.559999465942383,20.219999313354492,20.25,4278800
2013-10-18,17.88555335998535,20.614999771118164,20.635000228881836,20.43000030517578,20.565000534057617,1776000
2013-10-21,17.95062828063965,20.690000534057617,20.709999084472656,20.55500030517578,20.55500030517578,814000
2013-10-22,17.928939819335938,20.665000915527344,20.719999313354492,20.575000762939453,20.6299991607666,2707200
2013-10-23,17.378007888793945,20.030000686645508,20.309999465942383,19.94499969482422,20.309999465942383,4109400
2013-10-24,17.46043586730957,20.125,20.200000762939453,20.06999969482422,20.100000381469727,1759800
2013-10-25,17.5341796875,20.209999084472656,20.23500061035156,20.125,20.125,3313400
2013-10-28,17.616600036621094,20.30500030517578,20.350000381469727,20.174999237060547,20.200000762939453,2946800
2013-10-29,17.88555335998535,20.614999771118164,20.6299991607666,20.364999771118164,20.364999771118164,2318800
2013-10-30,17.78144645690918,20.4950008392334,20.690000534057617,20.415000915527344,20.68000030517578,2016600
2013-10-31,17.859527587890625,20.584999084472656,20.71500015258789,20.5,20.5,1673000
2013-11-01,17.759756088256836,20.469999313354492,20.665000915527344,20.415000915527344,20.635000228881836,1324600
2013-11-04,17.720712661743164,20.424999237060547,20.565000534057617,20.375,20.565000534057617,1422800
2013-11-05,17.681669235229492,20.3799991607666,20.44499969482422,20.19499969482422,20.329999923706055,1693600
2013-11-06,17.7684326171875,20.479999542236328,20.5049991607666,20.350000381469727,20.475000381469727,1092800
2013-11-07,17.490802764892578,20.15999984741211,20.53499984741211,20.1299991607666,20.48500061035156,4300600
2013-11-08,17.61226463317871,20.299999237060547,20.31999969482422,20.040000915527344,20.18000030517578,1434600
2013-11-11,17.577556610107422,20.260000228881836,20.309999465942383,20.184999465942383,20.19499969482422,3077600
2013-11-12,17.668655395507812,20.364999771118164,20.395000457763672,20.1200008392334,20.1200008392334,1058800
2013-11-13,17.790119171142578,20.5049991607666,20.530000686645508,20.190000534057617,20.190000534057617,2476800
2013-11-14,17.681669235229492,20.3799991607666,20.48500061035156,20.344999313354492,20.415000915527344,3754600
2013-11-15,17.80313491821289,20.520000457763672,20.55500030517578,20.28499984741211,20.424999237060547,3850600
2013-11-18,17.694684982299805,20.395000457763672,20.594999313354492,20.36000061035156,20.575000762939453,2315400
2013-11-19,17.54719352722168,20.225000381469727,20.48500061035156,20.19499969482422,20.48500061035156,2364800
2013-11-20,17.490802764892578,20.15999984741211,20.325000762939453,20.094999313354492,20.28499984741211,2278200
2013-11-21,17.759756088256836,20.469999313354492,20.4950008392334,20.18000030517578,20.239999771118164,2029200
2013-11-22,17.677331924438477,20.375,20.38999938964844,20.290000915527344,20.354999542236328,1954000
2013-11-25,17.681669235229492,20.3799991607666,20.475000381469727,20.2549991607666,20.475000381469727,1886000
2013-11-26,17.759756088256836,20.469999313354492,20.530000686645508,20.385000228881836,20.424999237060547,1266800
2013-11-27,17.850852966308594,20.575000762939453,20.594999313354492,20.315000534057617,20.315000534057617,1688400
2013-11-29,17.863868713378906,20.59000015258789,20.700000762939453,20.575000762939453,20.63999938964844,705200
2013-12-02,17.794458389282227,20.510000228881836,20.63999938964844,20.5,20.63999938964844,2097000
2013-12-03,17.859527587890625,20.584999084472656,20.700000762939453,20.48500061035156,20.545000076293945,1926000
2013-12-04,17.798797607421875,20.51499938964844,20.649999618530273,20.364999771118164,20.475000381469727,5985800
2013-12-05,17.85519027709961,20.579999923706055,20.665000915527344,20.51499938964844,20.565000534057617,3379000
2013-12-06,18.063417434692383,20.81999969482422,20.920000076293945,20.790000915527344,20.86000061035156,3880000
2013-12-09,18.145837783813477,20.915000915527344,21.0,20.885000228881836,20.950000762939453,3563000
2013-12-10,18.07642936706543,20.834999084472656,20.94499969482422,20.790000915527344,20.94499969482422,2066400
2013-12-11,17.954965591430664,20.69499969482422,20.920000076293945,20.63999938964844,20.864999771118164,4757200
2013-12-12,17.759756088256836,20.469999313354492,20.739999771118164,20.459999084472656,20.68000030517578,2228600
2013-12-13,17.72939109802246,20.434999465942383,20.579999923706055,20.375,20.549999237060547,1072400
2013-12-16,17.82916259765625,20.549999237060547,20.700000762939453,20.549999237060547,20.604999542236328,1412000
2013-12-17,17.976659774780273,20.719999313354492,20.799999237060547,20.565000534057617,20.6200008392334,1591600
2013-12-18,18.154510498046875,20.924999237060547,20.96500015258789,20.239999771118164,20.709999084472656,3392800
2013-12-19,18.106794357299805,20.8700008392334,20.940000534057617,20.7549991607666,20.940000534057617,3010600
2013-12-20,18.241273880004883,21.024999618530273,21.100000381469727,20.864999771118164,20.899999618530273,2852200
2013-12-23,18.39948844909668,20.875,20.899999618530273,20.774999618530273,20.844999313354492,2389800
2013-12-24,18.447967529296875,20.93000030517578,20.9950008392334,20.815000534057617,20.815000534057617,1823200
2013-12-26,18.52288246154785,21.01499938964844,21.05500030517578,20.954999923706055,21.03499984741211,749000
2013-12-27,18.52288246154785,21.01499938964844,21.100000381469727,20.9950008392334,21.040000915527344,1093800
2013-12-30,18.615434646606445,21.1200008392334,21.149999618530273,21.020000457763672,21.020000457763672,1012200
2013-12-31,18.69916725158691,21.21500015258789,21.274999618530273,21.149999618530273,21.184999465942383,1698400
2014-01-02,18.5052547454834,20.9950008392334,21.059999465942383,20.88999938964844,21.03499984741211,1548400
2014-01-03,18.447967529296875,20.93000030517578,21.0049991607666,20.84000015258789,20.969999313354492,1441000
2014-01-06,18.3289737701416,20.795000076293945,20.950000762939453,20.760000228881836,20.950000762939453,1171200
2014-01-07,18.390670776367188,20.864999771118164,20.924999237060547,20.780000686645508,20.78499984741211,1500200
2014-01-08,18.588991165161133,21.09000015258789,21.1200008392334,20.950000762939453,20.969999313354492,2913400
2014-01-09,18.42593002319336,20.905000686645508,21.09000015258789,20.795000076293945,21.040000915527344,2149800
2014-01-10,18.500852584838867,20.989999771118164,21.045000076293945,20.905000686645508,20.979999542236328,798000
2014-01-13,18.315750122070312,20.780000686645508,21.094999313354492,20.739999771118164,20.954999923706055,1596600
2014-01-14,18.804935455322266,21.334999084472656,21.364999771118164,20.8799991607666,20.915000915527344,5084800
2014-01-15,18.928333282470703,21.475000381469727,21.565000534057617,21.395000457763672,21.395000457763672,2163400
2014-01-16,18.866636276245117,21.405000686645508,21.51499938964844,21.325000762939453,21.510000228881836,2281400
2014-01-17,18.637470245361328,21.145000457763672,21.274999618530273,21.075000762939453,21.15999984741211,2675000
2014-01-21,18.721202850341797,21.239999771118164,21.270000457763672,21.09000015258789,21.23500061035156,1396800
2014-01-22,18.932741165161133,21.479999542236328,21.5,21.204999923706055,21.280000686645508,1606000
2014-01-23,18.690353393554688,21.204999923706055,21.3700008392334,21.079999923706055,21.3700008392334,2355000
2014-01-24,18.33778953552246,20.80500030517578,21.1299991607666,20.76499938964844,21.040000915527344,3948400
2014-01-27,18.174726486206055,20.6200008392334,20.84000015258789,20.510000228881836,20.81999969482422,3689600
2014-01-28,18.25846290588379,20.71500015258789,20.76499938964844,20.5049991607666,20.604999542236328,4592600
2014-01-29,18.143877029418945,20.584999084472656,20.7450008392334,20.524999618530273,20.524999618530273,3849000
2014-01-30,18.29371452331543,20.7549991607666,20.825000762939453,20.6299991607666,20.670000076293945,1657200
2014-01-31,18.143877029418945,20.584999084472656,20.71500015258789,20.450000762939453,20.48500061035156,2135800
2014-02-03,17.830976486206055,20.229999542236328,20.594999313354492,20.135000228881836,20.5049991607666,4971600
2014-02-04,17.76487159729004,20.155000686645508,20.190000534057617,20.010000228881836,20.135000228881836,3396200
2014-02-05,17.760459899902344,20.149999618530273,20.2549991607666,19.950000762939453,20.049999237060547,1858800
2014-02-06,18.024887084960938,20.450000762939453,20.489999771118164,20.170000076293945,20.170000076293945,2766600
2014-02-07,18.267276763916016,20.725000381469727,20.7549991607666,20.469999313354492,20.524999618530273,2483400
2014-02-10,18.368635177612305,20.84000015258789,20.86000061035156,20.704999923706055,20.704999923706055,2218400
2014-02-11,18.59339904785156,21.094999313354492,21.165000915527344,20.86000061035156,20.86000061035156,2457000
2014-02-12,18.694759368896484,21.209999084472656,21.290000915527344,21.1299991607666,21.135000228881836,2764600
2014-02-13,18.893077850341797,21.434999465942383,21.459999084472656,21.1200008392334,21.149999618530273,3227600
2014-02-14,19.034103393554688,21.594999313354492,21.6299991607666,21.375,21.48500061035156,2418000
2014-02-18,19.073766708374023,21.63999938964844,21.655000686645508,21.479999542236328,21.565000534057617,2022000
2014-02-19,19.02969741821289,21.59000015258789,21.700000762939453,21.524999618530273,21.56999969482422,2780000
2014-02-20,19.15750312805176,21.73500061035156,21.75,21.530000686645508,21.549999237060547,3122400
2014-02-21,19.05173110961914,21.614999771118164,21.834999084472656,21.584999084472656,21.774999618530273,2512400
2014-02-24,19.166316986083984,21.7450008392334,21.895000457763672,21.69499969482422,21.760000228881836,1941200
2014-02-25,19.060546875,21.625,21.780000686645508,21.520000457763672,21.704999923706055,4097000
2014-02-26,19.21479606628418,21.799999237060547,21.934999465942383,21.690000534057617,21.690000534057617,1398800
2014-02-27,19.223608016967773,21.809999465942383,21.825000762939453,21.63999938964844,21.799999237060547,2505600
2014-02-28,19.23682975769043,21.825000762939453,21.905000686645508,21.68000030517578,21.81999969482422,4448600
2014-03-03,19.113433837890625,21.684999465942383,21.725000381469727,21.48500061035156,21.649999618530273,3193000
2014-03-04,19.36463165283203,21.969999313354492,22.01499938964844,21.875,21.915000915527344,3212400
2014-03-05,19.38667106628418,21.9950008392334,22.084999084472656,21.954999923706055,22.040000915527344,3634000
2014-03-06,19.593799591064453,22.229999542236328,22.23500061035156,22.059999465942383,22.094999313354492,2289000
2014-03-07,19.593799591064453,22.229999542236328,22.334999084472656,22.15999984741211,22.299999237060547,2186800
2014-03-10,19.593799591064453,22.229999542236328,22.28499984741211,22.094999313354492,22.149999618530273,3817800
2014-03-11,19.45277404785156,22.06999969482422,22.309999465942383,22.01499938964844,22.2450008392334,3758200
2014-03-12,19.66872215270996,22.315000534057617,22.315000534057617,21.940000534057617,21.98500061035156,1355600
2014-03-13,19.399890899658203,22.010000228881836,22.420000076293945,21.864999771118164,22.31999969482422,4712800
2014-03-14,19.241233825683594,21.829999923706055,22.045000076293945,21.81999969482422,21.875,1934600
2014-03-17,19.45277404785156,22.06999969482422,22.125,21.924999237060547,21.924999237060547,1747600
2014-03-18,19.681941986083984,22.329999923706055,22.34000015258789,22.01499938964844,22.11000061035156,1424800
2014-03-19,19.659908294677734,22.30500030517578,22.459999084472656,22.155000686645508,22.239999771118164,1958200
2014-03-20,19.99043655395508,22.68000030517578,22.68000030517578,22.18000030517578,22.2450008392334,2511800
2014-03-21,19.783306121826172,22.44499969482422,22.7450008392334,22.405000686645508,22.674999237060547,2460200
2014-03-24,19.717199325561523,22.3700008392334,22.575000762939453,22.204999923706055,22.475000381469727,4688400
2014-03-25,19.928735733032227,22.61000061035156,22.700000762939453,22.3799991607666,22.3799991607666,3284600
2014-03-26,19.726015090942383,22.3799991607666,22.850000381469727,22.3700008392334,22.799999237060547,4402400
2014-03-27,19.615835189819336,22.2549991607666,22.5,22.204999923706055,22.344999313354492,3715000
2014-03-28,19.76127052307129,22.420000076293945,22.604999542236328,22.295000076293945,22.295000076293945,1869600
2014-03-31,20.10061264038086,22.80500030517578,22.8700008392334,22.53499984741211,22.55500030517578,3114600
2014-04-01,20.400293350219727,23.145000457763672,23.145000457763672,22.80500030517578,22.80500030517578,5397000
2014-04-02,20.298933029174805,23.030000686645508,23.165000915527344,22.920000076293945,23.15999984741211,4034200
2014-04-03,20.35181999206543,23.09000015258789,23.280000686645508,22.98500061035156,23.065000534057617,3454400
2014-04-04,19.849409103393555,22.520000457763672,23.295000076293945,22.489999771118164,23.295000076293945,8198000
2014-04-07,19.73923683166504,22.395000457763672,22.674999237060547,22.26499938964844,22.46500015258789,7552200
2014-04-08,20.021286010742188,22.71500015258789,22.7450008392334,22.40999984741211,22.40999984741211,4932600
2014-04-09,20.259267807006836,22.98500061035156,22.9950008392334,22.725000381469727,22.834999084472656,2779800
2014-04-10,19.65109062194824,22.295000076293945,23.01499938964844,22.274999618530273,22.90999984741211,6204400
2014-04-11,19.369041442871097,21.975000381469727,22.334999084472656,21.93000030517578,22.104999542236328,4861400
2014-04-14,19.540916442871097,22.170000076293945,22.295000076293945,21.96500015258789,22.280000686645508,3061200
2014-04-15,19.67753791809082,22.325000762939453,22.344999313354492,21.905000686645508,22.170000076293945,4984000
2014-04-16,19.633464813232425,22.274999618530273,22.325000762939453,21.93000030517578,22.325000762939453,7136200
2014-04-17,19.875852584838867,22.549999237060547,22.655000686645508,22.2549991607666,22.2549991607666,5449800
2014-04-21,19.98603057861328,22.674999237060547,22.704999923706055,22.395000457763672,22.68000030517578,3166000
2014-04-22,20.127058029174805,22.834999084472656,22.8700008392334,22.584999084472656,22.584999084472656,2773000
2014-04-23,20.060949325561523,22.760000228881836,22.864999771118164,22.709999084472656,22.78499984741211,2282600
2014-04-24,20.210786819458008,22.93000030517578,23.0049991607666,22.684999465942383,22.9950008392334,3656600
2014-04-25,19.571767807006836,22.204999923706055,22.684999465942383,22.170000076293945,22.684999465942383,4586400
2014-04-28,19.518878936767575,22.145000457763672,22.385000228881836,21.844999313354492,22.30500030517578,6263600
2014-04-29,19.602615356445312,22.239999771118164,22.34000015258789,22.11000061035156,22.25,2077200
2014-04-30,19.68634796142578,22.334999084472656,22.350000381469727,22.094999313354492,22.125,2303800
2014-05-01,19.540916442871097,22.170000076293945,22.454999923706055,22.145000457763672,22.299999237060547,3033600
2014-05-02,19.571767807006836,22.204999923706055,22.325000762939453,22.1299991607666,22.165000915527344,2125400
2014-05-05,19.576173782348633,22.209999084472656,22.260000228881836,21.950000762939453,21.950000762939453,2139000
2014-05-06,19.54532241821289,22.174999237060547,22.3799991607666,22.170000076293945,22.21500015258789,2477400
2014-05-07,19.62024307250977,22.260000228881836,22.28499984741211,22.075000762939453,22.204999923706055,4673800
2014-05-08,19.748048782348633,22.405000686645508,22.674999237060547,22.184999465942383,22.229999542236328,3539000
2014-05-09,19.659908294677734,22.30500030517578,22.399999618530273,22.209999084472656,22.375,2723000
2014-05-12,19.98603057861328,22.674999237060547,22.690000534057617,22.40999984741211,22.46500015258789,1849000
2014-05-13,19.840595245361328,22.510000228881836,22.725000381469727,22.5049991607666,22.674999237060547,1380800
2014-05-14,19.67753791809082,22.325000762939453,22.51499938964844,22.31999969482422,22.454999923706055,1023000
2014-05-15,19.483623504638672,22.104999542236328,22.334999084472656,21.969999313354492,22.325000762939453,2128200
2014-05-16,19.63787078857422,22.280000686645508,22.31999969482422,22.049999237060547,22.125,1545600
2014-05-19,19.80974769592285,22.475000381469727,22.520000457763672,22.26499938964844,22.270000457763672,1553000
2014-05-20,19.712793350219727,22.364999771118164,22.520000457763672,22.25,22.434999465942383,3525600
2014-05-21,19.827373504638672,22.4950008392334,22.545000076293945,22.3700008392334,22.479999542236328,4119200
2014-05-22,19.897890090942383,22.575000762939453,22.649999618530273,22.51499938964844,22.56999969482422,1254200
2014-05-23,20.05213737487793,22.75,22.760000228881836,22.540000915527344,22.600000381469727,2154000
2014-05-27,20.338598251342773,23.075000762939453,23.075000762939453,22.825000762939453,22.90999984741211,1778800
2014-05-28,20.36944580078125,23.11000061035156,23.155000686645508,22.989999771118164,23.049999237060547,2758200
2014-05-29,20.373849868774418,23.114999771118164,23.19499969482422,23.06999969482422,23.19499969482422,1320800
2014-05-30,20.42232894897461,23.170000076293945,23.209999084472656,23.075000762939453,23.114999771118164,1689000
2014-06-02,20.536911010742188,23.299999237060547,23.40999984741211,23.125,23.40999984741211,2676000
2014-06-03,20.79252052307129,23.59000015258789,23.604999542236328,23.21500015258789,23.21500015258789,3596800
2014-06-04,20.858631134033203,23.665000915527344,23.709999084472656,23.5049991607666,23.56999969482422,2212600
2014-06-05,20.94236183166504,23.760000228881836,23.78499984741211,23.575000762939453,23.69499969482422,2657600
2014-06-06,21.05253791809082,23.885000228881836,23.915000915527344,23.809999465942383,23.850000381469727,2241000
2014-06-09,21.096607208251953,23.934999465942383,24.094999313354492,23.90999984741211,23.90999984741211,5460600
2014-06-10,21.202377319335938,24.05500030517578,24.100000381469727,23.875,23.969999313354492,2922800
2014-06-11,21.237634658813477,24.094999313354492,24.174999237060547,24.020000457763672,24.065000534057617,2735200
2014-06-12,21.18915748596191,24.040000915527344,24.184999465942383,23.950000762939453,23.954999923706055,3768200
2014-06-13,21.53290557861328,24.43000030517578,24.489999771118164,24.270000457763672,24.440000534057617,2248600
2014-06-16,21.621047973632812,24.530000686645508,24.59000015258789,24.3700008392334,24.385000228881836,1812400
2014-06-17,21.713603973388672,24.635000228881836,24.674999237060547,24.489999771118164,24.530000686645508,2244200
2014-06-18,21.67393684387207,24.59000015258789,24.670000076293945,24.405000686645508,24.614999771118164,5132600
2014-06-19,21.753257751464844,24.68000030517578,24.684999465942383,24.520000457763672,24.524999618530273,3119800
2014-06-20,21.753257751464844,24.68000030517578,24.704999923706055,24.59000015258789,24.690000534057617,3325200
2014-06-23,21.682748794555664,24.600000381469727,24.69499969482422,24.549999237060547,24.69499969482422,1236200
2014-06-24,21.541719436645508,24.440000534057617,24.76499938964844,24.395000457763672,24.61000061035156,5262600
2014-06-25,21.687156677246097,24.604999542236328,24.6299991607666,24.350000381469727,24.399999618530273,2965400
2014-06-26,21.58138656616211,24.48500061035156,24.594999313354492,24.31999969482422,24.545000076293945,2352400
2014-06-27,21.651899337768555,24.565000534057617,24.575000762939453,24.43000030517578,24.520000457763672,2106200
2014-06-30,21.810556411743164,24.7450008392334,24.780000686645508,24.545000076293945,24.545000076293945,2116600
2014-07-01,22.16312026977539,25.145000457763672,25.209999084472656,24.834999084472656,24.9950008392334,4388000
2014-07-02,22.229225158691406,25.219999313354492,25.2549991607666,25.104999542236328,25.145000457763672,4776400
2014-07-03,22.445173263549805,25.46500015258789,25.5,25.344999313354492,25.420000076293945,1517000
2014-07-07,22.27770233154297,25.274999618530273,25.475000381469727,25.26499938964844,25.44499969482422,2632200
2014-07-08,22.16752243041992,25.149999618530273,25.309999465942383,24.989999771118164,25.21500015258789,3786000
2014-07-09,22.238039016723633,25.229999542236328,25.2549991607666,25.024999618530273,25.200000762939453,2231800
2014-07-10,22.25126075744629,25.2450008392334,25.30500030517578,24.81999969482422,24.829999923706055,4436800
2014-07-11,22.202777862548828,25.190000534057617,25.309999465942383,25.09000015258789,25.295000076293945,2049200
2014-07-14,22.33499336242676,25.34000015258789,25.38999938964844,25.239999771118164,25.334999084472656,3938800
2014-07-15,22.2821102142334,25.280000686645508,25.399999618530273,25.020000457763672,25.350000381469727,3973000
2014-07-16,22.52890396118164,25.559999465942383,25.575000762939453,25.395000457763672,25.5049991607666,4134800
2014-07-17,21.973613739013672,24.93000030517578,25.43000030517578,24.88999938964844,25.399999618530273,7024400
2014-07-18,22.233633041381836,25.225000381469727,25.23500061035156,24.989999771118164,25.010000228881836,3812200
2014-07-21,22.3217716217041,25.325000762939453,25.350000381469727,25.165000915527344,25.19499969482422,1648600
2014-07-22,22.53330993652344,25.565000534057617,25.584999084472656,25.424999237060547,25.43000030517578,4009600
2014-07-23,22.066162109375,25.03499984741211,25.44499969482422,25.03499984741211,25.38999938964844,6675800
2014-07-24,22.044130325317383,25.010000228881836,25.15999984741211,24.969999313354492,25.06999969482422,3406800
2014-07-25,21.629863739013672,24.540000915527344,24.854999542236328,24.46500015258789,24.854999542236328,8413000
2014-07-28,21.621047973632812,24.530000686645508,24.579999923706055,24.23500061035156,24.579999923706055,6873600
2014-07-29,21.61223793029785,24.520000457763672,24.73500061035156,24.51499938964844,24.559999465942383,6010800
2014-07-30,21.90310287475586,24.850000381469727,24.924999237060547,24.684999465942383,24.73500061035156,7673200
2014-07-31,21.488840103149418,24.3799991607666,24.625,24.274999618530273,24.530000686645508,6727400
2014-08-01,21.563764572143555,24.46500015258789,24.59000015258789,24.270000457763672,24.325000762939453,6201800
2014-08-04,21.65630531311035,24.56999969482422,24.635000228881836,24.350000381469727,24.625,3195600
2014-08-05,21.299335479736328,24.165000915527344,24.43000030517578,24.079999923706055,24.405000686645508,5683000
2014-08-06,21.418325424194336,24.299999237060547,24.459999084472656,24.065000534057617,24.065000534057617,5377200
2014-08-07,21.180343627929688,24.030000686645508,24.48500061035156,23.969999313354492,24.459999084472656,5383600
2014-08-08,21.343402862548828,24.21500015258789,24.2450008392334,24.040000915527344,24.11000061035156,2408600
2014-08-11,21.563764572143555,24.46500015258789,24.575000762939453,24.34000015258789,24.344999313354492,4201000
2014-08-12,21.546127319335938,24.44499969482422,24.510000228881836,24.23500061035156,24.399999618530273,2876000
2014-08-13,21.810556411743164,24.7450008392334,24.770000457763672,24.520000457763672,24.545000076293945,5289800
2014-08-14,21.885475158691406,24.829999923706055,24.850000381469727,24.7549991607666,24.80500030517578,3519200
2014-08-15,22.066162109375,25.03499984741211,25.094999313354492,24.7450008392334,24.98500061035156,8560600
2014-08-18,22.16312026977539,25.145000457763672,25.149999618530273,24.954999923706055,25.079999923706055,3421600
2014-08-19,22.304141998291016,25.30500030517578,25.344999313354492,25.219999313354492,25.239999771118164,1638800
2014-08-20,22.427539825439453,25.44499969482422,25.475000381469727,25.299999237060547,25.299999237060547,3172800
2014-08-21,22.524497985839844,25.55500030517578,25.575000762939453,25.399999618530273,25.450000762939453,2690600
2014-08-22,22.55534553527832,25.59000015258789,25.690000534057617,25.524999618530273,25.59000015258789,1894000
2014-08-25,22.47161293029785,25.4950008392334,25.78499984741211,25.44499969482422,25.78499984741211,2058800
2014-08-26,22.47601890563965,25.5,25.604999542236328,25.475000381469727,25.520000457763672,3628200
2014-08-27,22.52008628845215,25.549999237060547,25.604999542236328,25.395000457763672,25.56999969482422,2613200
2014-08-28,22.59942054748535,25.63999938964844,25.665000915527344,25.3799991607666,25.459999084472656,618400
2014-08-29,22.775699615478516,25.84000015258789,25.885000228881836,25.719999313354492,25.834999084472656,5463000
2014-09-02,22.77129173278809,25.834999084472656,25.975000381469727,25.7450008392334,25.954999923706055,2620600
2014-09-03,22.837400436401367,25.90999984741211,26.040000915527344,25.850000381469727,25.94499969482422,2708200
2014-09-04,22.885875701904297,25.96500015258789,26.1299991607666,25.88999938964844,25.950000762939453,3002400
2014-09-05,22.99605178833008,26.09000015258789,26.09000015258789,25.905000686645508,25.94499969482422,1806600
2014-09-08,23.013681411743164,26.11000061035156,26.274999618530273,26.030000686645508,26.040000915527344,2863600
2014-09-09,22.841808319091797,25.915000915527344,26.149999618530273,25.8700008392334,26.06999969482422,2074400
2014-09-10,22.837400436401367,25.90999984741211,25.969999313354492,25.739999771118164,25.844999313354492,2678200
2014-09-11,22.87265396118164,25.950000762939453,25.959999084472656,25.684999465942383,25.790000915527344,1919200
2014-09-12,22.564163208007812,25.600000381469727,25.899999618530273,25.53499984741211,25.88999938964844,8679000
2014-09-15,22.370248794555664,25.3799991607666,25.719999313354492,25.354999542236328,25.649999618530273,3602200
2014-09-16,22.700780868530273,25.7549991607666,25.815000534057617,25.309999465942383,25.309999465942383,4435800
2014-09-17,22.85061836242676,25.924999237060547,26.075000762939453,25.795000076293945,25.834999084472656,3271600
2014-09-18,23.159114837646484,26.274999618530273,26.280000686645508,25.959999084472656,25.98500061035156,3235000
2014-09-19,22.885875701904297,25.96500015258789,26.34000015258789,25.920000076293945,26.325000762939453,3728800
2014-09-22,22.630266189575195,25.674999237060547,25.934999465942383,25.6299991607666,25.899999618530273,4460000
2014-09-23,22.52890396118164,25.559999465942383,25.75,25.475000381469727,25.565000534057617,4588000
2014-09-24,22.79333114624023,25.86000061035156,25.899999618530273,25.635000228881836,25.709999084472656,3200000
2014-09-25,22.401098251342773,25.415000915527344,25.829999923706055,25.309999465942383,25.829999923706055,4351200
2014-09-26,22.608230590820312,25.649999618530273,25.709999084472656,25.440000534057617,25.584999084472656,1956400
2014-09-29,22.643489837646484,25.690000534057617,25.76499938964844,25.34000015258789,25.434999465942383,3627600
2014-09-30,22.515684127807617,25.545000076293945,25.725000381469727,25.415000915527344,25.725000381469727,3749800
2014-10-01,22.0220947265625,24.98500061035156,25.5,24.920000076293945,25.459999084472656,6784400
2014-10-02,21.916322708129883,24.864999771118164,24.989999771118164,24.450000762939453,24.98500061035156,13885800
2014-10-03,22.092605590820312,25.065000534057617,25.200000762939453,24.895000457763672,25.065000534057617,5266200
2014-10-06,21.99124336242676,24.950000762939453,25.23500061035156,24.815000534057617,25.174999237060547,9177800
2014-10-07,21.563764572143555,24.46500015258789,24.905000686645508,24.46500015258789,24.834999084472656,7972600
2014-10-08,22.0220947265625,24.98500061035156,25.020000457763672,24.25,24.475000381469727,15607000
2014-10-09,21.50646591186523,24.399999618530273,24.979999542236328,24.38999938964844,24.950000762939453,7601200
2014-10-10,20.082983016967773,22.78499984741211,23.780000686645508,22.6299991607666,23.71500015258789,33935000
2014-10-13,19.796525955200195,22.459999084472656,23.174999237060547,22.459999084472656,22.920000076293945,12968000
2014-10-14,20.219602584838867,22.940000534057617,23.334999084472656,22.719999313354492,22.829999923706055,19158200
2014-10-15,20.21519470214844,22.934999465942383,23.094999313354492,22.21500015258789,22.295000076293945,9758400
2014-10-16,20.45758628845215,23.209999084472656,23.450000762939453,22.540000915527344,22.545000076293945,8788400
2014-10-17,20.67353248596191,23.454999923706055,23.739999771118164,23.375,23.545000076293945,7657000
2014-10-20,20.87184715270996,23.68000030517578,23.725000381469727,23.23500061035156,23.329999923706055,7086600
2014-10-21,21.515281677246097,24.40999984741211,24.43000030517578,23.739999771118164,23.829999923706055,8816400
2014-10-22,21.25967025756836,24.1200008392334,24.684999465942383,24.11000061035156,24.53499984741211,9969200
2014-10-23,21.53290557861328,24.43000030517578,24.559999465942383,24.329999923706055,24.420000076293945,7180600
2014-10-24,21.713603973388672,24.635000228881836,24.704999923706055,24.364999771118164,24.46500015258789,4837200
2014-10-27,22.079383850097656,25.049999237060547,25.049999237060547,24.385000228881836,24.469999313354492,4476000
2014-10-28,22.13667869567871,25.114999771118164,25.1200008392334,24.80500030517578,24.81999969482422,5966400
2014-10-29,22.1498966217041,25.1299991607666,25.200000762939453,24.875,25.06999969482422,6005800
2014-10-30,21.792924880981445,24.725000381469727,25.030000686645508,24.479999542236328,24.969999313354492,16089000
2014-10-31,22.661113739013672,25.709999084472656,25.774999618530273,25.48500061035156,25.51499938964844,10286600
2014-11-03,22.78892517089844,25.854999542236328,25.954999923706055,25.674999237060547,25.725000381469727,4579800
2014-11-04,22.780107498168945,25.844999313354492,25.975000381469727,25.655000686645508,25.84000015258789,2231600
2014-11-05,22.934354782104492,26.020000457763672,26.075000762939453,25.75,25.940000534057617,5689200
2014-11-06,22.90791130065918,25.989999771118164,26.1299991607666,25.829999923706055,26.03499984741211,5161600
2014-11-07,22.73162841796875,25.790000915527344,26.030000686645508,25.575000762939453,26.0,6357000
2014-11-10,22.903505325317383,25.98500061035156,26.03499984741211,25.780000686645508,25.834999084472656,3241400
2014-11-11,22.837400436401367,25.90999984741211,26.125,25.834999084472656,26.125,1553600
2014-11-12,22.78892517089844,25.854999542236328,25.885000228881836,25.719999313354492,25.799999237060547,1404400
2014-11-13,22.85061836242676,25.924999237060547,26.145000457763672,25.834999084472656,25.94499969482422,3285600
2014-11-14,23.048938751220703,26.149999618530273,26.15999984741211,25.760000228881836,25.924999237060547,3680200
2014-11-17,22.934354782104492,26.020000457763672,26.114999771118164,25.81999969482422,26.065000534057617,3198800
2014-11-18,23.22962760925293,26.354999542236328,26.44499969482422,26.0049991607666,26.06999969482422,4960600
2014-11-19,23.189960479736328,26.309999465942383,26.5,26.19499969482422,26.424999237060547,2541200
2014-11-20,23.538124084472656,26.704999923706055,26.725000381469727,26.114999771118164,26.200000762939453,3801600
2014-11-21,23.674741744995117,26.86000061035156,27.01499938964844,26.684999465942383,26.9950008392334,4203600
2014-11-24,23.85542869567871,27.065000534057617,27.11000061035156,26.834999084472656,26.93000030517578,3578000
2014-11-25,23.837799072265625,27.045000076293945,27.18000030517578,27.020000457763672,27.11000061035156,4766000
2014-11-26,24.31817054748535,27.59000015258789,27.604999542236328,27.075000762939453,27.075000762939453,3226800
2014-11-28,24.48123359680176,27.774999618530273,27.875,27.575000762939453,27.684999465942383,3432000
2014-12-01,24.199182510375977,27.454999923706055,27.809999465942383,27.364999771118164,27.739999771118164,6547000
2014-12-02,24.25647354125977,27.520000457763672,27.530000686645508,27.290000915527344,27.399999618530273,3597200
2014-12-03,24.67073631286621,27.989999771118164,28.084999084472656,27.614999771118164,27.68000030517578,6918200
2014-12-04,24.705995559692383,28.030000686645508,28.125,27.864999771118164,28.104999542236328,6425200
2014-12-05,24.91312599182129,28.26499938964844,28.270000457763672,28.045000076293945,28.065000534057617,3575800
2014-12-08,24.57378196716309,27.8799991607666,28.31999969482422,27.704999923706055,28.219999313354492,5439800
2014-12-09,24.52971076965332,27.829999923706055,27.93000030517578,27.450000762939453,27.565000534057617,10729800
2014-12-10,24.150705337524418,27.399999618530273,27.844999313354492,27.34000015258789,27.790000915527344,6291200
2014-12-11,24.252063751220703,27.51499938964844,27.829999923706055,27.440000534057617,27.559999465942383,3525600
2014-12-12,23.890684127807617,27.104999542236328,27.479999542236328,27.079999923706055,27.280000686645508,7613600
2014-12-15,23.683557510375977,26.8700008392334,27.510000228881836,26.799999237060547,27.260000228881836,9540400
2014-12-16,23.485239028930664,26.645000457763672,27.21500015258789,26.635000228881836,26.790000915527344,12206000
2014-12-17,23.9523868560791,27.174999237060547,27.21500015258789,26.46500015258789,26.71500015258789,9739800
2014-12-18,24.371057510375977,27.649999618530273,27.65999984741211,27.399999618530273,27.635000228881836,9203200
2014-12-19,24.282915115356445,27.549999237060547,27.834999084472656,27.43000030517578,27.700000762939453,5271000
2014-12-22,24.685047149658203,27.684999465942383,27.73500061035156,27.350000381469727,27.415000915527344,4902400
2014-12-23,24.63154983520508,27.625,27.8799991607666,27.6200008392334,27.780000686645508,2968600
2014-12-24,24.6939640045166,27.69499969482422,27.795000076293945,27.600000381469727,27.704999923706055,1261800
2014-12-26,24.67167282104492,27.670000076293945,27.959999084472656,27.645000457763672,27.959999084472656,1292800
2014-12-29,24.604795455932617,27.594999313354492,27.71500015258789,27.520000457763672,27.71500015258789,2120400
2014-12-30,24.448759078979492,27.420000076293945,27.549999237060547,27.415000915527344,27.549999237060547,4968600
2014-12-31,24.35068130493164,27.309999465942383,27.690000534057617,27.274999618530273,27.489999771118164,6521000
2015-01-02,24.292724609375,27.2450008392334,27.579999923706055,27.03499984741211,27.329999923706055,3612000
2015-01-05,23.86028289794922,26.760000228881836,27.18000030517578,26.7450008392334,27.155000686645508,5594600
2015-01-06,23.298545837402344,26.1299991607666,26.719999313354492,26.03499984741211,26.719999313354492,12135800
2015-01-07,23.60169982910156,26.469999313354492,26.575000762939453,26.190000534057617,26.2549991607666,8044600
2015-01-08,24.190185546875,27.1299991607666,27.209999084472656,26.690000534057617,26.80500030517578,6162000
2015-01-09,24.118850708007812,27.049999237060547,27.23500061035156,26.73500061035156,27.200000762939453,3346600
2015-01-12,23.81123924255371,26.704999923706055,27.059999465942383,26.540000915527344,27.010000228881836,6240800
2015-01-13,23.677492141723633,26.55500030517578,27.2450008392334,26.415000915527344,26.7549991607666,7038800
2015-01-14,23.58832740783691,26.454999923706055,26.665000915527344,26.190000534057617,26.350000381469727,7464200
2015-01-15,23.717615127563477,26.600000381469727,27.01499938964844,26.530000686645508,26.799999237060547,7772800
2015-01-16,23.909320831298828,26.815000534057617,26.850000381469727,26.274999618530273,26.434999465942383,7306000
2015-01-20,24.145601272583008,27.079999923706055,27.15999984741211,26.7450008392334,26.895000457763672,5092000
2015-01-21,24.45767593383789,27.43000030517578,27.4950008392334,26.959999084472656,27.045000076293945,5385000
2015-01-22,24.676130294799805,27.674999237060547,27.674999237060547,26.96500015258789,27.38999938964844,6108000
2015-01-23,24.56913185119629,27.55500030517578,27.770000457763672,27.4950008392334,27.565000534057617,3743000
2015-01-26,24.573591232299805,27.559999465942383,27.594999313354492,27.290000915527344,27.510000228881836,3602400
2015-01-27,24.083189010620117,27.010000228881836,27.270000457763672,26.815000534057617,27.170000076293945,10021800
2015-01-28,23.878108978271484,26.780000686645508,27.469999313354492,26.774999618530273,27.350000381469727,7021000
2015-01-29,24.011859893798828,26.93000030517578,27.059999465942383,26.450000762939453,26.86000061035156,6044600
2015-01-30,23.508079528808594,26.364999771118164,26.934999465942383,26.325000762939453,26.729999542236328,7182600
2015-02-02,23.552663803100582,26.415000915527344,26.489999771118164,25.920000076293945,26.3700008392334,13757400
2015-02-03,23.88702964782715,26.790000915527344,26.825000762939453,26.44499969482422,26.6200008392334,6067600
2015-02-04,24.056442260742188,26.979999542236328,27.15999984741211,26.780000686645508,26.780000686645508,7655800
2015-02-05,24.297183990478516,27.25,27.25,26.924999237060547,27.155000686645508,5047200
2015-02-06,24.038604736328125,26.959999084472656,27.420000076293945,26.899999618530273,27.25,5105800
2015-02-09,23.722074508666992,26.604999542236328,26.864999771118164,26.46500015258789,26.864999771118164,5815400
2015-02-10,24.502260208129883,27.479999542236328,27.489999771118164,26.915000915527344,27.079999923706055,7357600
2015-02-11,24.644922256469727,27.63999938964844,27.725000381469727,27.399999618530273,27.4950008392334,5740400
2015-02-12,24.992664337158203,28.030000686645508,28.030000686645508,27.739999771118164,27.75,5937400
2015-02-13,25.13978385925293,28.19499969482422,28.25,27.93000030517578,28.065000534057617,5912200
2015-02-17,25.246782302856445,28.315000534057617,28.325000762939453,28.06999969482422,28.145000457763672,3562600
2015-02-18,25.162073135375977,28.219999313354492,28.309999465942383,28.11000061035156,28.295000076293945,5212800
2015-02-19,25.175447463989254,28.23500061035156,28.309999465942383,28.084999084472656,28.145000457763672,4734000
2015-02-20,25.29136085510254,28.364999771118164,28.385000228881836,28.06999969482422,28.25,4190800
2015-02-23,25.10857391357422,28.15999984741211,28.344999313354492,28.079999923706055,28.315000534057617,2701400
2015-02-24,25.62572479248047,28.739999771118164,28.7450008392334,28.075000762939453,28.18000030517578,5209600
2015-02-25,25.45185661315918,28.545000076293945,28.71500015258789,28.479999542236328,28.665000915527344,3616600
2015-02-26,25.54547691345215,28.649999618530273,28.7549991607666,28.520000457763672,28.56999969482422,4028800
2015-02-27,25.398359298706055,28.48500061035156,28.690000534057617,28.46500015258789,28.63999938964844,7039000
2015-03-02,26.067089080810547,29.23500061035156,29.23500061035156,28.725000381469727,28.725000381469727,9773800
2015-03-03,25.639101028442383,28.7549991607666,29.135000228881836,28.700000762939453,29.075000762939453,9878000
2015-03-04,25.59897232055664,28.709999084472656,28.7549991607666,28.420000076293945,28.7549991607666,4061800
2015-03-05,25.590059280395508,28.700000762939453,28.8799991607666,28.579999923706055,28.86000061035156,2515600
2015-03-06,25.269067764282227,28.34000015258789,28.6299991607666,28.274999618530273,28.55500030517578,3590600
2015-03-09,25.17990493774414,28.239999771118164,28.3700008392334,28.125,28.30500030517578,3771200
2015-03-10,24.667213439941406,27.665000915527344,28.059999465942383,27.65999984741211,28.010000228881836,9557800
2015-03-11,24.849998474121097,27.8700008392334,28.149999618530273,27.854999542236328,27.854999542236328,7273200
2015-03-12,24.7117919921875,27.71500015258789,27.795000076293945,27.395000457763672,27.395000457763672,9198600
2015-03-13,24.91687393188477,27.94499969482422,27.954999923706055,27.584999084472656,27.684999465942383,6343000
2015-03-16,25.246782302856445,28.315000534057617,28.344999313354492,28.010000228881836,28.010000228881836,5882000
2015-03-17,25.07736587524414,28.125,28.165000915527344,27.94499969482422,28.094999313354492,2674200
2015-03-18,25.309192657470703,28.385000228881836,28.530000686645508,27.770000457763672,28.075000762939453,10024200
2015-03-19,25.340402603149418,28.420000076293945,28.479999542236328,28.329999923706055,28.354999542236328,4733200
2015-03-20,25.74163818359375,28.8700008392334,28.940000534057617,28.575000762939453,28.575000762939453,6201400
2015-03-23,25.514270782470703,28.614999771118164,28.915000915527344,28.614999771118164,28.80500030517578,5507200
2015-03-24,25.282442092895508,28.354999542236328,28.65999984741211,28.354999542236328,28.579999923706055,5225800
2015-03-25,24.10102081298828,27.030000686645508,28.364999771118164,26.98500061035156,28.364999771118164,20870600
2015-03-26,23.92715072631836,26.834999084472656,27.059999465942383,26.309999465942383,26.479999542236328,23673400
2015-03-27,24.6939640045166,27.69499969482422,27.864999771118164,26.7549991607666,26.795000076293945,15603400
2015-03-30,24.90349769592285,27.93000030517578,28.065000534057617,27.614999771118164,27.774999618530273,10097400
2015-03-31,24.653839111328125,27.649999618530273,27.975000381469727,27.635000228881836,27.80500030517578,5471600
2015-04-01,24.413095474243164,27.3799991607666,27.674999237060547,27.280000686645508,27.674999237060547,6369800
2015-04-02,24.47996711730957,27.454999923706055,27.704999923706055,27.424999237060547,27.51499938964844,5737000
2015-04-06,24.54238510131836,27.524999618530273,27.59000015258789,27.049999237060547,27.1200008392334,6550400
2015-04-07,24.555761337280273,27.540000915527344,27.780000686645508,27.489999771118164,27.510000228881836,3759000
2015-04-08,24.676130294799805,27.674999237060547,27.75,27.434999465942383,27.44499969482422,3848800
2015-04-09,24.92133140563965,27.950000762939453,27.975000381469727,27.440000534057617,27.440000534057617,5220800
2015-04-10,25.068449020385746,28.114999771118164,28.114999771118164,27.915000915527344,27.915000915527344,3024400
2015-04-13,24.894580841064453,27.920000076293945,28.225000381469727,27.899999618530273,28.125,6005200
2015-04-14,24.667213439941406,27.665000915527344,27.959999084472656,27.545000076293945,27.934999465942383,5845200
2015-04-15,25.12640953063965,28.18000030517578,28.280000686645508,27.84000015258789,27.84000015258789,6375200
2015-04-16,25.014951705932617,28.05500030517578,28.1299991607666,27.864999771118164,27.864999771118164,10816800
2015-04-17,24.6939640045166,27.69499969482422,27.834999084472656,27.559999465942383,27.795000076293945,5640800
2015-04-20,24.89904022216797,27.924999237060547,28.045000076293945,27.844999313354492,27.844999313354492,3556400
2015-04-21,25.059534072875977,28.104999542236328,28.31999969482422,27.9950008392334,28.200000762939453,4024800
2015-04-22,25.514270782470703,28.614999771118164,28.614999771118164,28.135000228881836,28.30500030517578,4985800
2015-04-23,25.251239776611328,28.31999969482422,28.440000534057617,28.084999084472656,28.094999313354492,5246400
2015-04-24,24.983745574951172,28.020000457763672,28.48500061035156,27.920000076293945,28.395000457763672,8055600
2015-04-27,25.184370040893555,28.2450008392334,28.524999618530273,28.01499938964844,28.059999465942383,27557800
2015-04-28,25.166528701782227,28.225000381469727,28.239999771118164,27.829999923706055,28.21500015258789,6500800
2015-04-29,24.983745574951172,28.020000457763672,28.1200008392334,27.76499938964844,28.024999618530273,8033200
2015-04-30,24.725168228149418,27.729999542236328,28.03499984741211,27.59000015258789,27.924999237060547,6352200
2015-05-01,25.4295654296875,28.520000457763672,28.530000686645508,27.975000381469727,27.979999542236328,8296000
2015-05-04,25.29136085510254,28.364999771118164,28.59000015258789,28.315000534057617,28.549999237060547,5460400
2015-05-05,24.80987548828125,27.825000762939453,28.274999618530273,27.809999465942383,28.209999084472656,12282200
2015-05-06,24.805418014526367,27.81999969482422,28.065000534057617,27.6299991607666,27.96500015258789,8962200
2015-05-07,24.983745574951172,28.020000457763672,28.114999771118164,27.8700008392334,27.88999938964844,6930200
2015-05-08,25.220027923583984,28.28499984741211,28.405000686645508,28.200000762939453,28.219999313354492,8114400
2015-05-11,25.21111297607422,28.274999618530273,28.364999771118164,28.170000076293945,28.26499938964844,6724400
2015-05-12,25.019411087036133,28.059999465942383,28.204999923706055,27.90999984741211,28.18000030517578,6319400
2015-05-13,25.144241333007812,28.200000762939453,28.405000686645508,28.1200008392334,28.1299991607666,4333200
2015-05-14,25.402814865112305,28.489999771118164,28.61000061035156,28.274999618530273,28.36000061035156,8296400
2015-05-15,25.4384822845459,28.530000686645508,28.649999618530273,28.395000457763672,28.59000015258789,6632000
2015-05-18,25.661392211914062,28.780000686645508,28.790000915527344,28.46500015258789,28.600000381469727,3563400
2015-05-19,25.61680793762207,28.729999542236328,28.979999542236328,28.614999771118164,28.899999618530273,4022400
2015-05-20,25.692598342895508,28.815000534057617,29.0,28.65999984741211,28.71500015258789,3047400
2015-05-21,25.74163818359375,28.8700008392334,28.920000076293945,28.594999313354492,28.795000076293945,2819400
2015-05-22,25.763933181762695,28.895000457763672,28.9950008392334,28.844999313354492,28.844999313354492,1732400
2015-05-26,25.55885124206543,28.665000915527344,28.850000381469727,28.545000076293945,28.850000381469727,4396800
2015-05-27,26.512908935546875,29.73500061035156,29.825000762939453,28.73500061035156,28.809999465942383,15446400
2015-05-28,26.548572540283203,29.774999618530273,29.885000228881836,29.565000534057617,29.709999084472656,13910600
2015-05-29,26.66448974609375,29.905000686645508,29.9950008392334,29.7450008392334,29.815000534057617,11821400
2015-06-01,26.57086181640625,29.799999237060547,30.065000534057617,29.63999938964844,29.98500061035156,7304000
2015-06-02,26.191913604736328,29.375,29.76499938964844,29.364999771118164,29.655000686645508,5703400
2015-06-03,26.009132385253903,29.170000076293945,29.56999969482422,29.145000457763672,29.565000534057617,3508400
2015-06-04,25.701515197753903,28.825000762939453,29.149999618530273,28.739999771118164,29.075000762939453,6571200
2015-06-05,25.62572479248047,28.739999771118164,28.854999542236328,28.55500030517578,28.760000228881836,3332600
2015-06-08,25.166528701782227,28.225000381469727,28.75,28.165000915527344,28.7450008392334,8659600
2015-06-09,25.193281173706055,28.2549991607666,28.36000061035156,28.024999618530273,28.25,7530200
2015-06-10,25.576684951782227,28.684999465942383,28.790000915527344,28.399999618530273,28.415000915527344,5838200
2015-06-11,25.607892990112305,28.719999313354492,28.895000457763672,28.690000534057617,28.84000015258789,3451400
2015-06-12,25.389442443847656,28.475000381469727,28.655000686645508,28.440000534057617,28.584999084472656,3000800
2015-06-15,25.318111419677734,28.395000457763672,28.43000030517578,28.06999969482422,28.19499969482422,5048600
2015-06-16,25.4295654296875,28.520000457763672,28.59000015258789,28.229999542236328,28.290000915527344,3259600
2015-06-17,25.45185661315918,28.545000076293945,28.68000030517578,28.440000534057617,28.520000457763672,2815200
2015-06-18,25.812971115112305,28.950000762939453,29.05500030517578,28.635000228881836,28.63999938964844,4358000
2015-06-19,25.71934509277344,28.844999313354492,29.045000076293945,28.709999084472656,29.024999618530273,5700200
2015-06-22,25.94225692749023,29.094999313354492,29.125,28.93000030517578,29.059999465942383,4815000
2015-06-23,25.81743049621582,28.954999923706055,29.204999923706055,28.864999771118164,29.145000457763672,3083400
2015-06-24,25.61680793762207,28.729999542236328,29.010000228881836,28.709999084472656,28.959999084472656,4513800
2015-06-25,25.674768447875977,28.795000076293945,28.9950008392334,28.729999542236328,28.940000534057617,2351400
2015-06-26,24.9257869720459,27.954999923706055,28.510000228881836,27.774999618530273,28.510000228881836,20158600
2015-06-29,24.212478637695312,27.155000686645508,27.75,27.1200008392334,27.59000015258789,14581800
2015-06-30,24.328388214111328,27.28499984741211,27.510000228881836,27.149999618530273,27.424999237060547,9920600
2015-07-01,24.42201232910156,27.38999938964844,27.739999771118164,27.30500030517578,27.55500030517578,7093600
2015-07-02,24.573591232299805,27.559999465942383,27.65999984741211,27.364999771118164,27.4950008392334,7262600
2015-07-06,24.17681312561035,27.114999771118164,27.51499938964844,26.9950008392334,27.28499984741211,9861600
2015-07-07,24.056442260742188,26.979999542236328,27.045000076293945,26.219999313354492,26.950000762939453,15372200
2015-07-08,23.42783546447754,26.274999618530273,26.71500015258789,26.19499969482422,26.71500015258789,19992600
2015-07-09,23.1648006439209,25.979999542236328,26.815000534057617,25.934999465942383,26.790000915527344,13330600
2015-07-10,23.58386993408203,26.450000762939453,26.53499984741211,26.23500061035156,26.23500061035156,12053600
2015-07-13,23.788949966430664,26.68000030517578,26.739999771118164,26.239999771118164,26.61000061035156,8819000
2015-07-14,23.98065185546875,26.895000457763672,26.959999084472656,26.76499938964844,26.80500030517578,10953600
2015-07-15,23.86028289794922,26.760000228881836,26.98500061035156,26.63999938964844,26.94499969482422,8059800
2015-07-16,23.846906661987305,26.7450008392334,26.90999984741211,26.450000762939453,26.90999984741211,12379600
2015-07-17,23.83353042602539,26.729999542236328,26.76499938964844,26.469999313354492,26.739999771118164,7441800
2015-07-20,23.641828536987305,26.51499938964844,26.815000534057617,26.5049991607666,26.7549991607666,4809800
2015-07-21,23.623994827270508,26.4950008392334,26.729999542236328,26.454999923706055,26.510000228881836,5674200
2015-07-22,23.04888916015625,25.850000381469727,26.23500061035156,25.61000061035156,25.760000228881836,17806200
2015-07-23,23.3698787689209,26.209999084472656,26.510000228881836,26.0,26.020000457763672,10110600
2015-07-24,22.830432891845703,25.604999542236328,26.299999237060547,25.59000015258789,26.274999618530273,7354400
2015-07-27,22.741270065307617,25.5049991607666,25.670000076293945,25.21500015258789,25.440000534057617,9295400
2015-07-28,23.213838577270508,26.03499984741211,26.200000762939453,25.44499969482422,25.594999313354492,14212600
2015-07-29,23.30746078491211,26.13999938964844,26.200000762939453,25.854999542236328,26.084999084472656,7922000
2015-07-30,23.52145767211914,26.3799991607666,26.454999923706055,26.06999969482422,26.149999618530273,7605200
2015-07-31,23.249507904052734,26.075000762939453,26.375,26.01499938964844,26.364999771118164,4326000
2015-08-03,23.13804817199707,25.950000762939453,26.049999237060547,25.80500030517578,26.030000686645508,5694800
2015-08-04,22.89284896850586,25.674999237060547,25.934999465942383,25.510000228881836,25.885000228881836,7697200
2015-08-05,23.169260025024418,25.98500061035156,26.174999237060547,25.69499969482422,26.114999771118164,6238200
2015-08-06,22.90176773071289,25.684999465942383,26.0,25.450000762939453,26.0,8453800
2015-08-07,22.95972442626953,25.75,25.780000686645508,25.5049991607666,25.594999313354492,5166200
2015-08-10,23.539289474487305,26.399999618530273,26.475000381469727,25.885000228881836,25.899999618530273,9107600
2015-08-11,23.004304885864254,25.799999237060547,26.084999084472656,25.69499969482422,26.0,5672400
2015-08-12,23.06226348876953,25.864999771118164,25.96500015258789,25.2450008392334,25.469999313354492,6472000
2015-08-13,22.745729446411133,25.510000228881836,25.875,25.5049991607666,25.790000915527344,3232400
2015-08-14,22.58077812194824,25.325000762939453,25.459999084472656,25.165000915527344,25.395000457763672,4578800
2015-08-17,22.754648208618164,25.520000457763672,25.53499984741211,25.020000457763672,25.204999923706055,6324000
2015-08-18,22.353403091430664,25.06999969482422,25.5049991607666,25.024999618530273,25.469999313354492,10867600
2015-08-19,22.126039505004883,24.815000534057617,25.1299991607666,24.655000686645508,25.11000061035156,15532000
2015-08-20,21.403812408447266,24.0049991607666,24.6200008392334,24.0,24.61000061035156,10792600
2015-08-21,20.859912872314453,23.395000457763672,24.059999465942383,23.344999313354492,23.719999313354492,21142200
2015-08-24,20.53000259399414,23.024999618530273,23.98500061035156,21.76499938964844,21.76499938964844,19834000
2015-08-25,20.35613250732422,22.829999923706055,24.024999618530273,22.829999923706055,23.48500061035156,12624200
2015-08-26,21.287899017333984,23.875,23.90999984741211,23.075000762939453,23.28499984741211,9502600
2015-08-27,21.99675178527832,24.670000076293945,24.725000381469727,24.190000534057617,24.190000534057617,11120600
2015-08-28,22.183996200561523,24.8799991607666,24.94499969482422,24.565000534057617,24.63999938964844,9824600
2015-08-31,22.090377807617188,24.774999618530273,25.059999465942383,24.56999969482422,24.770000457763672,5967800
2015-09-01,21.403812408447266,24.0049991607666,24.510000228881836,23.844999313354492,24.280000686645508,13667000
2015-09-02,21.93433380126953,24.600000381469727,24.614999771118164,24.219999313354492,24.48500061035156,8109600
2015-09-03,22.15279006958008,24.844999313354492,25.1299991607666,24.75,24.815000534057617,5681400
2015-09-04,21.8050479888916,24.454999923706055,24.684999465942383,24.325000762939453,24.579999923706055,6818400
2015-09-08,22.63427734375,25.385000228881836,25.415000915527344,24.989999771118164,25.045000076293945,10223200
2015-09-09,22.29099464416504,25.0,25.875,24.93000030517578,25.614999771118164,13549200
2015-09-10,22.362323760986328,25.079999923706055,25.325000762939453,24.684999465942383,24.94499969482422,10696200
2015-09-11,22.402448654174805,25.125,25.15999984741211,24.799999237060547,24.854999542236328,7115600
2015-09-14,22.45594596862793,25.184999465942383,25.325000762939453,25.075000762939453,25.270000457763672,2958200
2015-09-15,22.78585433959961,25.55500030517578,25.65999984741211,25.31999969482422,25.405000686645508,7775600
2015-09-16,22.888389587402344,25.670000076293945,25.69499969482422,25.399999618530273,25.625,2446200
2015-09-17,22.741270065307617,25.5049991607666,25.940000534057617,25.475000381469727,25.670000076293945,5659600
2015-09-18,22.357864379882812,25.075000762939453,25.40999984741211,24.979999542236328,25.075000762939453,8768000
2015-09-21,22.34449005126953,25.059999465942383,25.28499984741211,24.90999984741211,25.25,5692200
2015-09-22,21.88083839416504,24.540000915527344,24.729999542236328,24.434999465942383,24.559999465942383,10660600
2015-09-23,21.724803924560547,24.364999771118164,24.65999984741211,24.334999084472656,24.56999969482422,3530400
2015-09-24,21.715883255004883,24.354999542236328,24.479999542236328,23.770000457763672,24.11000061035156,7770200
2015-09-25,21.83180046081543,24.48500061035156,24.81999969482422,24.295000076293945,24.709999084472656,4268400
2015-09-28,21.368146896362305,23.96500015258789,24.51499938964844,23.940000534057617,24.405000686645508,6083400
2015-09-29,21.51526641845703,24.1299991607666,24.295000076293945,23.84000015258789,23.959999084472656,8143600
2015-09-30,22.23749351501465,24.940000534057617,25.010000228881836,24.524999618530273,24.600000381469727,6315200
2015-10-01,22.090377807617188,24.774999618530273,25.01499938964844,24.3799991607666,25.01499938964844,5670000
2015-10-02,22.43811416625977,25.165000915527344,25.18000030517578,24.44499969482422,24.469999313354492,7659600
2015-10-05,22.83489227294922,25.61000061035156,25.76499938964844,25.30500030517578,25.424999237060547,7922400
2015-10-06,22.92851448059082,25.71500015258789,25.80500030517578,25.334999084472656,25.59000015258789,11149000
2015-10-07,23.271799087524418,26.100000381469727,26.25,25.704999923706055,25.989999771118164,9412200
2015-10-08,23.57049560546875,26.434999465942383,26.434999465942383,25.90999984741211,26.1200008392334,5992400
2015-10-09,23.298545837402344,26.1299991607666,26.38999938964844,26.010000228881836,26.30500030517578,4006200
2015-10-12,23.334209442138672,26.170000076293945,26.2549991607666,26.075000762939453,26.2549991607666,2566600
2015-10-13,23.04888916015625,25.850000381469727,26.1200008392334,25.84000015258789,25.96500015258789,6764400
2015-10-14,23.73990821838379,26.625,26.84000015258789,25.7450008392334,25.829999923706055,23660200
2015-10-15,23.90040397644043,26.80500030517578,26.969999313354492,26.614999771118164,26.80500030517578,9743400
2015-10-16,23.99848365783691,26.915000915527344,26.940000534057617,26.684999465942383,26.84000015258789,4762400
2015-10-19,24.01631546020508,26.934999465942383,27.059999465942383,26.770000457763672,26.93000030517578,5340800
2015-10-20,23.967273712158203,26.8799991607666,27.0049991607666,26.774999618530273,26.899999618530273,6586800
2015-10-21,24.011859893798828,26.93000030517578,27.36000061035156,26.924999237060547,27.190000534057617,6060600
2015-10-22,24.74300193786621,27.75,27.834999084472656,27.325000762939453,27.325000762939453,9127400
2015-10-23,25.023868560791016,28.065000534057617,28.18000030517578,27.780000686645508,28.010000228881836,10415000
2015-10-26,24.546844482421875,27.530000686645508,28.040000915527344,27.44499969482422,28.040000915527344,4209000
2015-10-27,24.395261764526367,27.36000061035156,27.55500030517578,27.28499984741211,27.334999084472656,7205000
2015-10-28,24.640464782714844,27.635000228881836,27.709999084472656,27.325000762939453,27.5,9957000
2015-10-29,24.00294303894043,26.920000076293945,27.15999984741211,26.885000228881836,27.030000686645508,8654200
2015-10-30,24.167892456054688,27.104999542236328,27.23500061035156,27.01499938964844,27.03499984741211,3365600
2015-11-02,24.395261764526367,27.36000061035156,27.405000686645508,27.11000061035156,27.170000076293945,3818800
2015-11-03,24.604795455932617,27.594999313354492,27.719999313354492,27.23500061035156,27.274999618530273,3427600
2015-11-04,24.76529312133789,27.774999618530273,27.815000534057617,27.565000534057617,27.729999542236328,4005000
2015-11-05,24.123315811157227,27.05500030517578,27.594999313354492,26.98500061035156,27.55500030517578,5219400
2015-11-06,24.604795455932617,27.594999313354492,27.625,27.149999618530273,27.219999313354492,6433000
2015-11-09,24.40863609313965,27.375,27.55500030517578,27.209999084472656,27.55500030517578,3274400
2015-11-10,24.02077293395996,26.940000534057617,27.084999084472656,26.829999923706055,27.0,4874800
2015-11-11,24.02968978881836,26.950000762939453,27.21500015258789,26.93000030517578,26.950000762939453,2070800
2015-11-12,23.722074508666992,26.604999542236328,26.96500015258789,26.600000381469727,26.850000381469727,4982600
2015-11-13,23.47687339782715,26.329999923706055,26.6299991607666,26.21500015258789,26.545000076293945,6644800
2015-11-16,23.780031204223633,26.670000076293945,26.670000076293945,26.325000762939453,26.329999923706055,3844200
2015-11-17,24.02077293395996,26.940000534057617,27.079999923706055,26.63999938964844,26.63999938964844,5432800
2015-11-18,24.145601272583008,27.079999923706055,27.11000061035156,26.69499969482422,26.934999465942383,5680400
2015-11-19,24.332849502563477,27.290000915527344,27.530000686645508,27.045000076293945,27.260000228881836,7587400
2015-11-20,24.426475524902344,27.395000457763672,27.559999465942383,27.30500030517578,27.364999771118164,2667800
2015-11-23,24.150060653686523,27.084999084472656,27.395000457763672,27.040000915527344,27.395000457763672,2456000
2015-11-24,24.4041805267334,27.3700008392334,27.399999618530273,26.934999465942383,26.934999465942383,8014400
2015-11-25,24.439844131469727,27.40999984741211,27.53499984741211,27.290000915527344,27.34000015258789,2013000
2015-11-27,24.56021499633789,27.545000076293945,27.604999542236328,27.424999237060547,27.434999465942383,1344600
2015-11-30,24.87674903869629,27.899999618530273,27.899999618530273,27.549999237060547,27.649999618530273,4766800
2015-12-01,25.170988082885746,28.229999542236328,28.229999542236328,27.940000534057617,27.940000534057617,3111400
2015-12-02,25.07291030883789,28.1200008392334,28.44499969482422,28.079999923706055,28.309999465942383,3616200
2015-12-03,24.90349769592285,27.93000030517578,28.48500061035156,27.770000457763672,28.475000381469727,6402600
2015-12-04,25.322568893432617,28.399999618530273,28.459999084472656,27.850000381469727,27.98500061035156,3891600
2015-12-07,25.113037109375,28.165000915527344,28.4950008392334,28.125,28.4950008392334,4817800
2015-12-08,24.885663986206055,27.90999984741211,28.024999618530273,27.700000762939453,27.829999923706055,3872000
2015-12-09,24.622634887695312,27.614999771118164,27.979999542236328,27.459999084472656,27.84000015258789,6798800
2015-12-10,24.7117919921875,27.71500015258789,27.924999237060547,27.600000381469727,27.61000061035156,3527000
2015-12-11,24.23476791381836,27.18000030517578,27.510000228881836,27.125,27.350000381469727,7769600
2015-12-14,24.051982879638672,26.975000381469727,27.2450008392334,26.684999465942383,27.200000762939453,8035000
2015-12-15,24.430931091308594,27.399999618530273,27.53499984741211,27.09000015258789,27.09000015258789,6334600
2015-12-16,24.622634887695312,27.614999771118164,27.65999984741211,27.18000030517578,27.600000381469727,3467800
2015-12-17,24.292724609375,27.2450008392334,27.80500030517578,27.21500015258789,27.704999923706055,7532800
2015-12-18,23.95836067199707,26.8700008392334,27.174999237060547,26.8700008392334,27.03499984741211,8333200
2015-12-21,24.37786865234375,26.760000228881836,26.760000228881836,26.479999542236328,26.565000534057617,5164400
2015-12-22,24.482629776000977,26.875,26.899999618530273,26.65999984741211,26.809999465942383,2294600
2015-12-23,24.614723205566406,27.020000457763672,27.05500030517578,26.8700008392334,26.924999237060547,1595600
2015-12-24,24.68304443359375,27.094999313354492,27.200000762939453,26.940000534057617,26.96500015258789,927000
2015-12-28,24.62383079528809,27.030000686645508,27.059999465942383,26.760000228881836,26.9950008392334,3046000
2015-12-29,24.897125244140625,27.329999923706055,27.424999237060547,27.114999771118164,27.13999938964844,2377200
2015-12-30,24.655715942382812,27.065000534057617,27.38999938964844,27.040000915527344,27.38999938964844,4888800
2015-12-31,24.26854705810547,26.63999938964844,26.959999084472656,26.63999938964844,26.959999084472656,3246000
2016-01-04,24.013473510742188,26.36000061035156,26.36000061035156,25.9950008392334,26.170000076293945,5739200
2016-01-05,23.790283203125,26.114999771118164,26.43000030517578,26.06999969482422,26.36000061035156,6894800
2016-01-06,23.175369262695312,25.440000534057617,25.69499969482422,25.21500015258789,25.645000457763672,6245200
2016-01-07,22.46024703979492,24.655000686645508,25.209999084472656,24.625,24.850000381469727,9856200
2016-01-08,22.104965209960938,24.26499938964844,24.899999618530273,24.26499938964844,24.729999542236328,6364600
2016-01-11,22.305383682250977,24.48500061035156,24.68000030517578,24.13999938964844,24.56999969482422,6564400
2016-01-12,22.49668884277344,24.69499969482422,24.88999938964844,24.344999313354492,24.825000762939453,9614000
2016-01-13,21.83622932434082,23.969999313354492,24.885000228881836,23.940000534057617,24.579999923706055,10653400
2016-01-14,22.414701461791992,24.604999542236328,24.725000381469727,23.854999542236328,24.065000534057617,9039800
2016-01-15,21.271419525146484,23.350000381469727,23.68000030517578,23.06999969482422,23.395000457763672,10587000
2016-01-19,21.412620544433594,23.5049991607666,23.885000228881836,23.30500030517578,23.704999923706055,15148600
2016-01-20,21.4672794342041,23.565000534057617,23.795000076293945,23.0049991607666,23.21500015258789,10765000
2016-01-21,21.763347625732425,23.88999938964844,24.165000915527344,23.4950008392334,23.829999923706055,8607200
2016-01-22,22.177845001220703,24.344999313354492,24.48500061035156,24.18000030517578,24.36000061035156,8001200
2016-01-25,21.927324295043945,24.06999969482422,24.3799991607666,24.030000686645508,24.299999237060547,4509600
2016-01-26,22.11407470703125,24.274999618530273,24.440000534057617,24.075000762939453,24.190000534057617,7913600
2016-01-27,21.86811065673828,24.0049991607666,24.43000030517578,23.899999618530273,24.204999923706055,7428600
2016-01-28,21.754236221313477,23.8799991607666,24.18000030517578,23.76499938964844,24.114999771118164,6481600
2016-01-29,22.647003173828125,24.86000061035156,24.899999618530273,24.11000061035156,24.290000915527344,11275000
2016-02-01,22.747209548950195,24.969999313354492,25.114999771118164,24.649999618530273,24.649999618530273,4788200
2016-02-02,22.123186111450195,24.28499984741211,24.809999465942383,24.184999465942383,24.69499969482422,9225400
2016-02-03,22.15506935119629,24.31999969482422,24.549999237060547,23.84000015258789,24.48500061035156,16536000
2016-02-04,22.583232879638672,24.790000915527344,24.899999618530273,24.315000534057617,24.38999938964844,5473200
2016-02-05,21.79523468017578,23.924999237060547,24.674999237060547,23.834999084472656,24.645000457763672,10674000
2016-02-08,21.33063507080078,23.415000915527344,23.56999969482422,23.03499984741211,23.510000228881836,11078000
2016-02-09,21.23953437805176,23.315000534057617,23.645000457763672,23.040000915527344,23.049999237060547,6885000
2016-02-10,20.934354782104492,22.979999542236328,23.56999969482422,22.959999084472656,23.43000030517578,4779600
2016-02-11,20.784046173095703,22.815000534057617,22.93000030517578,22.51499938964844,22.635000228881836,8039000
2016-02-12,21.193986892700195,23.26499938964844,23.299999237060547,22.725000381469727,23.299999237060547,4430800
2016-02-16,21.913660049438477,24.05500030517578,24.30500030517578,23.565000534057617,24.30500030517578,8423800
2016-02-17,22.437477111816406,24.6299991607666,24.655000686645508,24.1299991607666,24.209999084472656,4024400
2016-02-18,22.34637451171875,24.530000686645508,24.825000762939453,24.524999618530273,24.809999465942383,2861200
2016-02-19,22.387372970581055,24.575000762939453,24.774999618530273,24.469999313354492,24.61000061035156,5254600
2016-02-22,22.75176429748535,24.975000381469727,25.079999923706055,24.825000762939453,24.834999084472656,5169400
2016-02-23,22.369150161743164,24.55500030517578,24.895000457763672,24.510000228881836,24.774999618530273,3320400
2016-02-24,22.656108856201172,24.8700008392334,24.915000915527344,24.135000228881836,24.229999542236328,6106000
2016-02-25,22.92029571533203,25.15999984741211,25.15999984741211,24.674999237060547,24.979999542236328,2591600
2016-02-26,23.047832489013672,25.299999237060547,25.415000915527344,25.200000762939453,25.309999465942383,4801400
2016-02-29,22.970399856567383,25.21500015258789,25.614999771118164,25.204999923706055,25.309999465942383,4661400
2016-03-01,23.676410675048828,25.989999771118164,25.989999771118164,25.475000381469727,25.55500030517578,3944600
2016-03-02,23.799392700195312,26.125,26.125,25.864999771118164,25.924999237060547,2565200
2016-03-03,23.85405158996582,26.184999465942383,26.25,26.01499938964844,26.204999923706055,3599600
2016-03-04,24.00891876220703,26.354999542236328,26.575000762939453,26.09000015258789,26.28499984741211,6209800
2016-03-07,24.100017547607425,26.454999923706055,26.55500030517578,26.09000015258789,26.190000534057617,6493000
2016-03-08,23.6445255279541,25.954999923706055,26.354999542236328,25.915000915527344,26.25,7157600
2016-03-09,23.81305503845215,26.13999938964844,26.219999313354492,25.969999313354492,26.084999084472656,3137000
2016-03-10,23.940595626831055,26.280000686645508,26.524999618530273,25.895000457763672,26.30500030517578,5354400
2016-03-11,24.423412322998047,26.809999465942383,26.809999465942383,26.549999237060547,26.575000762939453,4448000
2016-03-14,24.314096450805664,26.690000534057617,26.790000915527344,26.584999084472656,26.69499969482422,4298600
2016-03-15,24.23210906982422,26.600000381469727,26.614999771118164,26.395000457763672,26.549999237060547,2575200
2016-03-16,24.51451110839844,26.90999984741211,26.934999465942383,26.5,26.51499938964844,6804800
2016-03-17,24.68304443359375,27.094999313354492,27.135000228881836,26.809999465942383,26.829999923706055,6516400
2016-03-18,24.997331619262695,27.440000534057617,27.450000762939453,27.125,27.125,2838400
2016-03-21,24.997331619262695,27.440000534057617,27.44499969482422,27.200000762939453,27.295000076293945,4020200
2016-03-22,24.983665466308594,27.424999237060547,27.510000228881836,27.21500015258789,27.28499984741211,1640600
2016-03-23,24.687599182128903,27.100000381469727,27.434999465942383,27.09000015258789,27.434999465942383,3672200
2016-03-24,24.646604537963867,27.05500030517578,27.065000534057617,26.799999237060547,26.905000686645508,3466200
2016-03-28,24.637495040893555,27.045000076293945,27.11000061035156,26.924999237060547,27.100000381469727,2957600
2016-03-29,24.97911262512207,27.420000076293945,27.459999084472656,26.854999542236328,26.94499969482422,5163600
2016-03-30,25.229631423950195,27.69499969482422,27.825000762939453,27.524999618530273,27.584999084472656,5981600
2016-03-31,25.08843231201172,27.540000915527344,27.65999984741211,27.51499938964844,27.59000015258789,3000000
2016-04-01,25.206859588623047,27.670000076293945,27.68000030517578,27.2549991607666,27.325000762939453,3118400
2016-04-04,25.010997772216797,27.454999923706055,27.700000762939453,27.405000686645508,27.684999465942383,5429000
2016-04-05,24.824249267578125,27.25,27.405000686645508,27.204999923706055,27.2549991607666,3150600
2016-04-06,25.05654525756836,27.5049991607666,27.530000686645508,27.020000457763672,27.1200008392334,2722200
2016-04-07,24.724037170410156,27.13999938964844,27.399999618530273,27.040000915527344,27.334999084472656,3979400
2016-04-08,24.842466354370117,27.270000457763672,27.520000457763672,27.174999237060547,27.424999237060547,2350800
2016-04-11,24.869794845581055,27.299999237060547,27.684999465942383,27.280000686645508,27.44499969482422,5078600
2016-04-12,24.828800201416016,27.2549991607666,27.395000457763672,26.94499969482422,27.354999542236328,3492600
2016-04-13,25.334396362304688,27.809999465942383,27.829999923706055,27.415000915527344,27.479999542236328,3935400
2016-04-14,25.06110382080078,27.510000228881836,27.549999237060547,27.270000457763672,27.5049991607666,4771400
2016-04-15,24.87434959411621,27.30500030517578,27.545000076293945,27.295000076293945,27.545000076293945,5842200
2016-04-18,24.906234741210938,27.34000015258789,27.405000686645508,27.13999938964844,27.200000762939453,3473600
2016-04-19,24.69671058654785,27.11000061035156,27.440000534057617,26.9950008392334,27.399999618530273,5667800
2016-04-20,24.815135955810547,27.239999771118164,27.3700008392334,26.954999923706055,26.975000381469727,5986000
2016-04-21,24.678489685058594,27.09000015258789,27.274999618530273,26.969999313354492,27.209999084472656,4348000
2016-04-22,24.692155838012695,27.104999542236328,27.315000534057617,26.88999938964844,27.11000061035156,3210000
2016-04-25,24.569171905517575,26.969999313354492,27.174999237060547,26.895000457763672,27.15999984741211,2096800
2016-04-26,24.833356857299805,27.260000228881836,27.48500061035156,27.149999618530273,27.149999618530273,4501000
2016-04-27,25.124868392944336,27.579999923706055,27.6200008392334,27.045000076293945,27.06999969482422,6979200
2016-04-28,24.50085067749023,26.895000457763672,27.565000534057617,26.844999313354492,27.260000228881836,6869000
2016-04-29,23.895044326782227,26.229999542236328,26.80500030517578,26.065000534057617,26.80500030517578,18970400
2016-05-02,24.054466247558594,26.405000686645508,26.459999084472656,26.149999618530273,26.280000686645508,6567800
2016-05-03,23.8039493560791,26.1299991607666,26.270000457763672,25.989999771118164,26.165000915527344,8778600
2016-05-04,23.54887580871582,25.850000381469727,26.11000061035156,25.770000457763672,25.90999984741211,6204600
2016-05-05,23.635412216186523,25.94499969482422,26.15999984741211,25.834999084472656,25.969999313354492,7554600
2016-05-06,23.639970779418945,25.950000762939453,25.979999542236328,25.649999618530273,25.774999618530273,6249600
2016-05-09,23.6171932220459,25.924999237060547,26.135000228881836,25.850000381469727,26.0,4660200
2016-05-10,23.88138008117676,26.21500015258789,26.219999313354492,25.875,25.989999771118164,4536800
2016-05-11,23.772062301635746,26.094999313354492,26.30500030517578,26.09000015258789,26.09000015258789,1805000
2016-05-12,23.34845542907715,25.6299991607666,26.209999084472656,25.440000534057617,26.190000534057617,13003400
2016-05-13,23.41678047180176,25.704999923706055,25.94499969482422,25.670000076293945,25.795000076293945,4632600
2016-05-16,23.88593482971191,26.219999313354492,26.36000061035156,25.719999313354492,25.719999313354492,3655800
2016-05-17,23.662744522094727,25.975000381469727,26.280000686645508,25.93000030517578,26.135000228881836,4212200
2016-05-18,24.08179473876953,26.434999465942383,26.6299991607666,25.959999084472656,25.959999084472656,6193200
2016-05-19,23.87227249145508,26.204999923706055,26.450000762939453,26.024999618530273,26.225000381469727,3431200
2016-05-20,24.664823532104492,27.075000762939453,27.075000762939453,26.549999237060547,26.549999237060547,8714400
2016-05-23,24.824249267578125,27.25,27.4950008392334,27.219999313354492,27.329999923706055,7665600
2016-05-24,25.42549514770508,27.90999984741211,27.915000915527344,27.385000228881836,27.385000228881836,6043200
2016-05-25,25.566696166992188,28.065000534057617,28.125,27.864999771118164,28.059999465942383,6215400
2016-05-26,25.653240203857425,28.15999984741211,28.209999084472656,28.030000686645508,28.104999542236328,5014000
2016-05-27,25.821767807006836,28.344999313354492,28.3799991607666,28.165000915527344,28.165000915527344,2803800
2016-05-31,25.91742706298828,28.450000762939453,28.469999313354492,28.2549991607666,28.469999313354492,7380000
2016-06-01,26.022186279296875,28.565000534057617,28.61000061035156,28.30500030517578,28.34000015258789,3819600
2016-06-02,26.01763153076172,28.559999465942383,28.559999465942383,28.385000228881836,28.440000534057617,4484600
2016-06-03,26.06773567199707,28.614999771118164,28.774999618530273,28.434999465942383,28.71500015258789,5199000
2016-06-06,26.003965377807617,28.545000076293945,28.760000228881836,28.469999313354492,28.625,5914800
2016-06-07,26.27726173400879,28.844999313354492,28.8799991607666,28.625,28.655000686645508,7954600
2016-06-08,26.281816482543945,28.850000381469727,28.905000686645508,28.75,28.84000015258789,4424600
2016-06-09,26.281816482543945,28.850000381469727,28.8799991607666,28.530000686645508,28.600000381469727,6188400
2016-06-10,25.826326370239254,28.350000381469727,28.565000534057617,28.270000457763672,28.48500061035156,5754000
2016-06-13,25.71700859069824,28.229999542236328,28.545000076293945,28.184999465942383,28.19499969482422,3332200
2016-06-14,25.685123443603516,28.19499969482422,28.280000686645508,27.934999465942383,28.174999237060547,7676600
2016-06-15,25.65779685974121,28.165000915527344,28.3799991607666,28.125,28.3799991607666,2736800
2016-06-16,25.671459197998047,28.18000030517578,28.225000381469727,27.700000762939453,27.86000061035156,7024600
2016-06-17,25.49837303161621,27.989999771118164,28.209999084472656,27.80500030517578,28.209999084472656,10150400
2016-06-20,25.926532745361328,28.459999084472656,28.7450008392334,28.38999938964844,28.38999938964844,5203600
2016-06-21,26.049516677856445,28.594999313354492,28.645000457763672,28.450000762939453,28.584999084472656,6131000
2016-06-22,26.01763153076172,28.559999465942383,28.8700008392334,28.530000686645508,28.600000381469727,7197800
2016-06-23,26.66898727416992,29.274999618530273,29.274999618530273,28.829999923706055,28.8700008392334,6354600
2016-06-24,25.111207962036133,27.565000534057617,28.459999084472656,27.565000534057617,27.975000381469727,15770000
2016-06-27,24.33687210083008,26.71500015258789,27.325000762939453,26.545000076293945,27.295000076293945,15619800
2016-06-28,25.00188636779785,27.44499969482422,27.44499969482422,27.0,27.11000061035156,10836000
2016-06-29,25.51203727722168,28.0049991607666,28.06999969482422,27.665000915527344,27.780000686645508,10907400
2016-06-30,25.967529296875,28.5049991607666,28.729999542236328,27.9950008392334,28.104999542236328,7017200
2016-07-01,25.776222229003903,28.295000076293945,28.38999938964844,28.2549991607666,28.325000762939453,3211400
2016-07-05,25.366281509399418,27.844999313354492,28.079999923706055,27.709999084472656,28.05500030517578,5103200
2016-07-06,25.40271759033203,27.885000228881836,27.924999237060547,27.40999984741211,27.635000228881836,6892400
2016-07-07,25.689682006835938,28.200000762939453,28.405000686645508,27.844999313354492,27.94499969482422,3192400
2016-07-08,26.391136169433594,28.969999313354492,28.969999313354492,28.3799991607666,28.479999542236328,5685600
2016-07-11,26.746417999267575,29.36000061035156,29.424999237060547,29.11000061035156,29.13999938964844,2958400
2016-07-12,27.03792953491211,29.68000030517578,29.704999923706055,29.475000381469727,29.575000762939453,2907800
2016-07-13,27.0424861907959,29.684999465942383,29.825000762939453,29.6200008392334,29.709999084472656,1979000
2016-07-14,27.270235061645508,29.934999465942383,29.989999771118164,29.684999465942383,29.94499969482422,3159600
2016-07-15,27.192798614501953,29.850000381469727,29.915000915527344,29.75,29.915000915527344,4029400
2016-07-18,27.985353469848633,30.719999313354492,30.739999771118164,30.55500030517578,30.600000381469727,5257200
2016-07-19,27.876035690307617,30.600000381469727,30.655000686645508,30.5049991607666,30.61000061035156,1668200
2016-07-20,28.30419921875,31.06999969482422,31.125,30.674999237060547,30.725000381469727,4552800
2016-07-21,28.062788009643555,30.80500030517578,31.040000915527344,30.665000915527344,31.024999618530273,7103200
2016-07-22,28.2313175201416,30.989999771118164,30.989999771118164,30.584999084472656,30.71500015258789,4302600
2016-07-25,28.3634090423584,31.135000228881836,31.15999984741211,31.0049991607666,31.0049991607666,2636200
2016-07-26,29.18329429626465,32.03499984741211,32.150001525878906,31.295000076293945,31.40999984741211,17223200
2016-07-27,29.078529357910156,31.920000076293945,32.2599983215332,31.76499938964844,32.2599983215332,5555600
2016-07-28,29.04209327697754,31.8799991607666,32.04499816894531,31.7549991607666,31.895000457763672,3439800
2016-07-29,28.923660278320312,31.75,31.94499969482422,31.61000061035156,31.8799991607666,3932000
2016-08-01,29.005653381347656,31.84000015258789,31.950000762939453,31.75,31.829999923706055,2496600
2016-08-02,28.62303924560547,31.420000076293945,31.905000686645508,31.2450008392334,31.774999618530273,11176000
2016-08-03,28.69591903686523,31.5,31.5,31.290000915527344,31.34000015258789,2550600
2016-08-04,28.900888442993164,31.725000381469727,31.739999771118164,31.48500061035156,31.5049991607666,3049800
2016-08-05,29.23795509338379,32.095001220703125,32.13999938964844,31.80500030517578,31.88999938964844,1860800
2016-08-08,29.23795509338379,32.095001220703125,32.25,32.040000915527344,32.209999084472656,1544600
2016-08-09,29.43381690979004,32.310001373291016,32.38999938964844,32.255001068115234,32.255001068115234,3950000
2016-08-10,29.23795509338379,32.095001220703125,32.380001068115234,31.9950008392334,32.380001068115234,1284600
2016-08-11,29.35637855529785,32.224998474121094,32.27000045776367,32.05500030517578,32.19499969482422,1214600
2016-08-12,29.47936248779297,32.36000061035156,32.43000030517578,32.244998931884766,32.25,2661400
2016-08-15,29.811870574951172,32.724998474121094,32.79999923706055,32.46500015258789,32.46500015258789,3495200
2016-08-16,29.638782501220703,32.53499984741211,32.689998626708984,32.5,32.685001373291016,1530000
2016-08-17,29.575014114379883,32.46500015258789,32.540000915527344,32.290000915527344,32.540000915527344,4162200
2016-08-18,29.802762985229492,32.71500015258789,32.71500015258789,32.4900016784668,32.4900016784668,2669800
2016-08-19,29.957622528076172,32.8849983215332,32.94499969482422,32.650001525878906,32.7599983215332,1981200
2016-08-22,29.966737747192383,32.89500045776367,32.959999084472656,32.744998931884766,32.82500076293945,1880600
2016-08-23,30.11249542236328,33.05500030517578,33.224998474121094,33.029998779296875,33.095001220703125,3425000
2016-08-24,29.87563705444336,32.79499816894531,33.099998474121094,32.709999084472656,33.064998626708984,3948200
2016-08-25,29.97584342956543,32.904998779296875,33.04499816894531,32.80500030517578,32.83000183105469,3200800
2016-08-26,30.103384017944336,33.04499816894531,33.30500030517578,32.845001220703125,32.994998931884766,4488200
2016-08-29,30.208148956298828,33.15999984741211,33.27000045776367,33.099998474121094,33.150001525878906,2169000
2016-08-30,30.15804100036621,33.10499954223633,33.32500076293945,33.01499938964844,33.16999816894531,2923200
2016-08-31,30.15804100036621,33.10499954223633,33.185001373291016,32.94499969482422,33.165000915527344,2065000
2016-09-01,30.43589210510254,33.40999984741211,33.40999984741211,33.0099983215332,33.1349983215332,3622400
2016-09-02,30.40856170654297,33.380001068115234,33.540000915527344,33.255001068115234,33.540000915527344,4418800
2016-09-06,30.40401268005371,33.375,33.540000915527344,33.19499969482422,33.474998474121094,4397000
2016-09-07,30.203590393066406,33.154998779296875,33.56999969482422,33.119998931884766,33.51499938964844,7942000
2016-09-08,30.14438247680664,33.09000015258789,33.16999816894531,32.880001068115234,33.04499816894531,7480000
2016-09-09,29.051198959350582,31.88999938964844,32.80500030517578,31.844999313354492,32.79999923706055,21847200
2016-09-12,29.64789581298828,32.54499816894531,32.560001373291016,31.530000686645508,31.709999084472656,13353800
2016-09-13,29.324493408203125,32.189998626708984,32.625,32.04999923706055,32.435001373291016,7442600
2016-09-14,29.570457458496097,32.459999084472656,32.55500030517578,32.084999084472656,32.22999954223633,5247200
2016-09-15,30.303800582885746,33.26499938964844,33.32500076293945,32.375,32.540000915527344,10300600
2016-09-16,30.317466735839844,33.279998779296875,33.724998474121094,33.03499984741211,33.724998474121094,5363600
2016-09-19,30.422222137451172,33.39500045776367,33.84000015258789,33.31999969482422,33.625,4351800
2016-09-20,30.3083553314209,33.27000045776367,33.630001068115234,33.20000076293945,33.59000015258789,2850400
2016-09-21,30.72740364074707,33.72999954223633,33.790000915527344,33.31999969482422,33.540000915527344,7751800
2016-09-22,30.873159408569336,33.88999938964844,34.19499969482422,33.775001525878906,34.06999969482422,6243200
2016-09-23,30.513324737548828,33.494998931884766,33.88999938964844,33.46500015258789,33.875,4215400
2016-09-26,30.230920791625977,33.185001373291016,33.375,33.08000183105469,33.29999923706055,3491200
2016-09-27,30.72740364074707,33.72999954223633,33.744998931884766,33.07500076293945,33.125,8105600
2016-09-28,30.76840591430664,33.775001525878906,33.92499923706055,33.540000915527344,33.814998626708984,3194400
2016-09-29,31.14645767211914,34.189998626708984,34.39500045776367,33.415000915527344,33.720001220703125,13499000
2016-09-30,31.6429500579834,34.73500061035156,34.875,34.404998779296875,34.415000915527344,6644800
2016-10-03,31.39698028564453,34.46500015258789,34.904998779296875,34.42499923706055,34.67499923706055,4400000
2016-10-04,31.264890670776367,34.31999969482422,34.7400016784668,34.27000045776367,34.61000061035156,7234000
2016-10-05,31.50629615783691,34.584999084472656,34.86000061035156,34.439998626708984,34.494998931884766,8053000
2016-10-06,31.688491821289062,34.78499984741211,34.849998474121094,34.38999938964844,34.67499923706055,4965800
2016-10-07,31.711267471313477,34.810001373291016,34.880001068115234,34.505001068115234,34.880001068115234,4203000
2016-10-10,31.61105728149414,34.70000076293945,35.10499954223633,34.68000030517578,35.01499938964844,3550200
2016-10-11,30.959705352783203,33.98500061035156,34.63999938964844,33.709999084472656,34.560001373291016,8279400
2016-10-12,30.959705352783203,33.98500061035156,34.03499984741211,33.6349983215332,33.935001373291016,8534800
2016-10-13,30.604427337646484,33.595001220703125,33.73500061035156,33.029998779296875,33.665000915527344,13193800
2016-10-14,30.8002872467041,33.810001373291016,34.185001373291016,33.77000045776367,33.82500076293945,4692200
2016-10-17,30.67274284362793,33.66999816894531,33.95000076293945,33.63999938964844,33.744998931884766,1803000
2016-10-18,31.01892471313477,34.04999923706055,34.22999954223633,33.95500183105469,34.05500030517578,5397800
2016-10-19,30.700075149536133,33.70000076293945,33.82500076293945,33.529998779296875,33.685001373291016,13399600
2016-10-20,30.96881866455078,33.994998931884766,34.10499954223633,33.51499938964844,33.654998779296875,7140800
2016-10-21,30.927824020385746,33.95000076293945,33.9900016784668,33.630001068115234,33.880001068115234,4053400
2016-10-24,31.324098587036133,34.3849983215332,34.3849983215332,34.10499954223633,34.165000915527344,2598200
2016-10-25,31.237564086914062,34.290000915527344,34.42499923706055,34.23500061035156,34.30500030517578,2844600
2016-10-26,31.14645767211914,34.189998626708984,34.404998779296875,33.80500030517578,33.80500030517578,2260000
2016-10-27,31.055362701416016,34.09000015258789,34.6150016784668,34.060001373291016,34.494998931884766,5114800
2016-10-28,30.87771797180176,33.89500045776367,34.36000061035156,33.8849983215332,34.18000030517578,4301600
2016-10-31,31.09635353088379,34.1349983215332,34.2599983215332,34.064998626708984,34.08000183105469,3145400
2016-11-01,30.809396743774418,33.81999969482422,34.33000183105469,33.47999954223633,34.18000030517578,5390400
2016-11-02,30.61808967590332,33.61000061035156,33.9900016784668,33.525001525878906,33.79499816894531,3659800
2016-11-03,30.490550994873047,33.470001220703125,33.82500076293945,33.43000030517578,33.650001525878906,5384400
2016-11-04,30.33112907409668,33.29499816894531,33.630001068115234,33.130001068115234,33.25,6104000
2016-11-07,31.242109298706055,34.29499816894531,34.29999923706055,33.790000915527344,33.84000015258789,4196000
2016-11-08,31.296772003173828,34.35499954223633,34.529998779296875,34.07500076293945,34.189998626708984,1879000
2016-11-09,31.046255111694336,34.08000183105469,34.18000030517578,33.39500045776367,33.51499938964844,10449400
2016-11-10,30.467775344848633,33.44499969482422,34.36000061035156,33.064998626708984,34.35499954223633,11724200
2016-11-11,31.228445053100582,34.279998779296875,34.279998779296875,33.525001525878906,33.525001525878906,13167800
2016-11-14,30.89138412475586,33.90999984741211,34.26499938964844,33.81999969482422,34.2400016784668,5860400
2016-11-15,31.406084060668945,34.474998474121094,34.55500030517578,34.01499938964844,34.03499984741211,5905600
2016-11-16,31.65205192565918,34.744998931884766,34.790000915527344,34.35499954223633,34.40999984741211,3667800
2016-11-17,31.85247039794922,34.96500015258789,35.10499954223633,34.665000915527344,34.84000015258789,3043200
2016-11-18,32.034664154052734,35.165000915527344,35.209999084472656,34.88999938964844,34.97999954223633,10706200
2016-11-21,32.24419021606445,35.39500045776367,35.5,35.150001525878906,35.5,7345400
2016-11-22,32.61769104003906,35.80500030517578,35.86000061035156,35.630001068115234,35.66999816894531,6829600
2016-11-23,32.56759262084961,35.75,35.8849983215332,35.64500045776367,35.775001525878906,3642200
2016-11-25,32.663246154785156,35.85499954223633,35.869998931884766,35.70000076293945,35.83000183105469,887000
2016-11-28,32.58125305175781,35.76499938964844,35.915000915527344,35.685001373291016,35.779998779296875,6545000
2016-11-29,32.458274841308594,35.630001068115234,35.83000183105469,35.47999954223633,35.60499954223633,5897600
2016-11-30,32.36717224121094,35.529998779296875,35.720001220703125,35.5099983215332,35.68000030517578,3534600
2016-12-01,30.82761573791504,33.84000015258789,35.474998474121094,33.744998931884766,35.474998474121094,22106600
2016-12-02,31.324098587036133,34.3849983215332,34.41999816894531,33.79999923706055,33.814998626708984,7593000
2016-12-05,31.638389587402344,34.72999954223633,34.83000183105469,34.44499969482422,34.619998931884766,5308000
2016-12-06,31.98456382751465,35.11000061035156,35.11000061035156,34.77000045776367,34.85499954223633,5366200
2016-12-07,32.622249603271484,35.810001373291016,35.834999084472656,34.89500045776367,35.0,6927000
2016-12-08,32.818115234375,36.025001525878906,36.15999984741211,35.779998779296875,35.814998626708984,5062000
2016-12-09,32.64957809448242,35.84000015258789,36.349998474121094,35.689998626708984,36.29499816894531,6822400
2016-12-12,32.51293182373047,35.689998626708984,35.80500030517578,35.380001068115234,35.70500183105469,7697000
2016-12-13,33.091400146484375,36.32500076293945,36.349998474121094,35.7599983215332,35.7599983215332,7620200
2016-12-14,32.736122131347656,35.935001373291016,36.224998474121094,35.849998474121094,36.11000061035156,6313200
2016-12-15,33.25993347167969,36.5099983215332,36.599998474121094,36.03499984741211,36.040000915527344,11967400
2016-12-16,32.83177185058594,36.040000915527344,36.6349983215332,35.89500045776367,36.58000183105469,6983000
2016-12-19,33.238590240478516,36.19499969482422,36.19499969482422,35.81999969482422,35.845001220703125,3446600
2016-12-20,33.28909683227539,36.25,36.38999938964844,36.1349983215332,36.2400016784668,2349200
2016-12-21,33.256954193115234,36.21500015258789,36.494998931884766,36.16999816894531,36.494998931884766,4060200
2016-12-22,33.426849365234375,36.400001525878906,36.55500030517578,36.209999084472656,36.55500030517578,1515200
2016-12-23,33.58295822143555,36.56999969482422,36.56999969482422,36.29499816894531,36.29499816894531,1045000
2016-12-27,33.86764144897461,36.880001068115234,36.98500061035156,36.665000915527344,36.665000915527344,2561200
2016-12-28,33.30746078491211,36.27000045776367,37.16999816894531,36.27000045776367,37.025001525878906,3869800
2016-12-29,33.316646575927734,36.279998779296875,36.33000183105469,36.0,36.125,2533800
2016-12-30,32.89421844482422,35.81999969482422,36.599998474121094,35.7599983215332,36.459999084472656,3038600
2017-01-03,32.94932174682617,35.880001068115234,36.41999816894531,35.65999984741211,36.41999816894531,5741400
2017-01-04,33.0549201965332,35.994998931884766,36.150001525878906,35.88999938964844,36.040000915527344,3870400
2017-01-05,32.862083435058594,35.78499984741211,36.209999084472656,35.78499984741211,36.08000183105469,3016600
2017-01-06,33.0319709777832,35.970001220703125,36.11000061035156,35.69499969482422,35.834999084472656,5188000
2017-01-09,33.41306686401367,36.3849983215332,36.48500061035156,36.02000045776367,36.02000045776367,4708400
2017-01-10,33.5416374206543,36.525001525878906,36.60499954223633,36.36000061035156,36.36000061035156,3542000
2017-01-11,33.68397903442383,36.68000030517578,36.689998626708984,36.380001068115234,36.42499923706055,4425800
2017-01-12,33.12379837036133,36.06999969482422,36.439998626708984,35.89500045776367,36.439998626708984,7836000
2017-01-13,33.61510467529297,36.60499954223633,36.67499923706055,36.3650016784668,36.42499923706055,2261400
2017-01-17,33.2202262878418,36.17499923706055,36.53499984741211,36.084999084472656,36.5,3131400
2017-01-18,33.80794143676758,36.814998626708984,36.814998626708984,36.29999923706055,36.3650016784668,4002200
2017-01-19,33.550819396972656,36.53499984741211,36.81999969482422,36.46500015258789,36.564998626708984,2134200
2017-01-20,33.87223434448242,36.8849983215332,37.125,36.83000183105469,36.880001068115234,5442000
2017-01-23,33.57377624511719,36.560001373291016,36.84000015258789,36.380001068115234,36.779998779296875,3328600
2017-01-24,34.230369567871094,37.275001525878906,37.275001525878906,36.720001220703125,36.720001220703125,8233400
2017-01-25,34.652801513671875,37.73500061035156,37.7599983215332,37.435001373291016,37.630001068115234,5480400
2017-01-26,34.38649368286133,37.44499969482422,37.775001525878906,37.310001373291016,37.775001525878906,5233200
2017-01-27,34.82727813720703,37.92499923706055,37.92499923706055,37.625,37.625,3379800
2017-01-30,34.661983489990234,37.744998931884766,37.810001373291016,37.32500076293945,37.810001373291016,3569400
2017-01-31,34.17987060546875,37.220001220703125,37.68000030517578,37.08000183105469,37.54499816894531,4364800
2017-02-01,34.52883529663086,37.599998474121094,37.7599983215332,37.35499954223633,37.654998779296875,3412600
2017-02-02,34.56555938720703,37.63999938964844,37.720001220703125,37.25,37.375,2290200
2017-02-03,34.71708297729492,37.80500030517578,37.900001525878906,37.720001220703125,37.82500076293945,3290600
2017-02-06,34.67575454711914,37.7599983215332,37.904998779296875,37.630001068115234,37.82500076293945,1919800
2017-02-07,34.822689056396484,37.91999816894531,38.02000045776367,37.75,37.95000076293945,2852800
2017-02-08,34.85942077636719,37.959999084472656,38.07500076293945,37.78499984741211,37.915000915527344,2678600
2017-02-09,34.55638122558594,37.630001068115234,38.029998779296875,37.630001068115234,38.0099983215332,3577800
2017-02-10,34.593109130859375,37.66999816894531,37.970001220703125,37.375,37.970001220703125,4023000
2017-02-13,35.04767990112305,38.165000915527344,38.165000915527344,37.86000061035156,37.95000076293945,3427000
2017-02-14,34.77677536010742,37.869998931884766,37.959999084472656,37.66999816894531,37.959999084472656,3845400
2017-02-15,35.13491439819336,38.2599983215332,38.2599983215332,37.82500076293945,37.98500061035156,3246000
2017-02-16,35.2680778503418,38.404998779296875,38.404998779296875,38.15999984741211,38.29499816894531,3860000
2017-02-17,35.396644592285156,38.54499816894531,38.54499816894531,38.119998931884766,38.209999084472656,3377000
2017-02-21,35.73182678222656,38.90999984741211,38.90999984741211,38.619998931884766,38.7400016784668,2242200
2017-02-22,35.575714111328125,38.7400016784668,38.869998931884766,38.630001068115234,38.779998779296875,2620200
2017-02-23,35.18083572387695,38.310001373291016,38.73500061035156,38.16999816894531,38.724998474121094,5455400
2017-02-24,35.23134231567383,38.3650016784668,38.380001068115234,37.75,37.88999938964844,2751600
2017-02-27,35.40123748779297,38.54999923706055,38.54999923706055,38.255001068115234,38.34000015258789,3777400
2017-02-28,35.075225830078125,38.19499969482422,38.4900016784668,38.099998474121094,38.470001220703125,4832800
2017-03-01,35.483882904052734,38.63999938964844,38.69499969482422,38.20500183105469,38.505001068115234,3665200
2017-03-02,35.17165756225586,38.29999923706055,38.68000030517578,38.28499984741211,38.599998474121094,3834400
2017-03-03,35.29562759399414,38.435001373291016,38.435001373291016,38.16999816894531,38.404998779296875,2671000
2017-03-06,35.30940628051758,38.45000076293945,38.494998931884766,38.11000061035156,38.2599983215332,5125000
2017-03-07,35.396644592285156,38.54499816894531,38.709999084472656,38.310001373291016,38.36000061035156,3065800
2017-03-08,35.43337631225586,38.584999084472656,38.845001220703125,38.494998931884766,38.540000915527344,3001000
2017-03-09,35.44715118408203,38.599998474121094,38.665000915527344,38.349998474121094,38.46500015258789,2138200
2017-03-10,35.78233337402344,38.96500015258789,39.064998626708984,38.76499938964844,38.84000015258789,3582200
2017-03-13,35.95682144165039,39.154998779296875,39.154998779296875,38.904998779296875,39.09000015258789,5468200
2017-03-14,35.828250885009766,39.01499938964844,39.040000915527344,38.7599983215332,39.025001525878906,2539800
2017-03-15,36.15425491333008,39.369998931884766,39.400001525878906,38.915000915527344,39.029998779296875,4813800
2017-03-16,36.18180847167969,39.400001525878906,39.529998779296875,39.30500030517578,39.43000030517578,3208400
2017-03-17,36.27822494506836,39.505001068115234,39.61000061035156,39.400001525878906,39.53499984741211,4099000
2017-03-20,36.507808685302734,39.755001068115234,39.915000915527344,39.5099983215332,39.66999816894531,2270400
2017-03-21,35.80988693237305,38.994998931884766,39.9900016784668,38.900001525878906,39.88999938964844,10765000
2017-03-22,36.15885543823242,39.375,39.40999984741211,38.93000030517578,39.029998779296875,6625800
2017-03-23,36.04865264892578,39.255001068115234,39.44499969482422,39.15999984741211,39.30500030517578,2660600
2017-03-24,36.33333587646485,39.564998626708984,39.994998931884766,39.439998626708984,39.86000061035156,3248400
2017-03-27,36.49862289428711,39.744998931884766,39.76499938964844,39.165000915527344,39.39500045776367,2495800
2017-03-28,36.567501068115234,39.81999969482422,39.95500183105469,39.57500076293945,39.70500183105469,4663800
2017-03-29,36.420562744140625,39.65999984741211,39.76499938964844,39.57500076293945,39.75,2358200
2017-03-30,36.60423278808594,39.86000061035156,39.95000076293945,39.650001525878906,39.654998779296875,1175800
2017-03-31,36.599639892578125,39.85499954223633,40.025001525878906,39.724998474121094,39.814998626708984,1731400
2017-04-03,36.51239776611328,39.7599983215332,39.974998474121094,39.470001220703125,39.900001525878906,2521000
2017-04-04,36.38383865356445,39.619998931884766,39.78499984741211,39.494998931884766,39.54999923706055,2975400
2017-04-05,36.16802215576172,39.3849983215332,39.96500015258789,39.345001220703125,39.67499923706055,2891400
2017-04-06,36.18639373779297,39.404998779296875,39.505001068115234,39.09000015258789,39.310001373291016,2020200
2017-04-07,36.328739166259766,39.560001373291016,39.654998779296875,39.334999084472656,39.369998931884766,1723200
2017-04-10,36.00732421875,39.209999084472656,39.54499816894531,39.125,39.540000915527344,3922600
2017-04-11,35.736427307128906,38.915000915527344,39.08000183105469,38.404998779296875,39.08000183105469,13529800
2017-04-12,35.272666931152344,38.40999984741211,38.94499969482422,38.28499984741211,38.92499923706055,15788200
2017-04-13,35.010948181152344,38.125,38.70000076293945,38.125,38.21500015258789,5420400
2017-04-17,35.392051696777344,38.540000915527344,38.560001373291016,38.29499816894531,38.30500030517578,4378600
2017-04-18,35.53438949584961,38.69499969482422,38.709999084472656,38.314998626708984,38.3849983215332,4251400
2017-04-19,35.727237701416016,38.904998779296875,39.20500183105469,38.810001373291016,39.02000045776367,7181400
2017-04-20,36.24150085449219,39.46500015258789,39.505001068115234,38.9900016784668,39.15999984741211,4511200
2017-04-21,36.09456634521485,39.30500030517578,39.38999938964844,39.040000915527344,39.30500030517578,5448000
2017-04-24,36.61800765991211,39.875,40.0,39.7400016784668,39.904998779296875,4373800
2017-04-25,36.98533630371094,40.275001525878906,40.29999923706055,39.92499923706055,40.064998626708984,4021800
2017-04-26,36.70524215698242,39.970001220703125,40.27000045776367,39.875,40.244998931884766,3993000
2017-04-27,37.19654846191406,40.505001068115234,40.540000915527344,40.185001373291016,40.185001373291016,5043800
2017-04-28,36.59505462646485,39.849998474121094,40.334999084472656,39.7400016784668,40.26499938964844,8783400
2017-05-01,36.97615814208984,40.26499938964844,40.26499938964844,39.78499984741211,39.970001220703125,4598600
2017-05-02,36.778717041015625,40.04999923706055,40.20500183105469,39.83000183105469,40.20500183105469,6497400
2017-05-03,36.98992919921875,40.279998779296875,40.29999923706055,39.939998626708984,39.970001220703125,5324800
2017-05-04,36.95319366455078,40.2400016784668,40.349998474121094,40.084999084472656,40.28499984741211,1905800
2017-05-05,37.10012435913086,40.400001525878906,40.400001525878906,40.05500030517578,40.279998779296875,2059000
2017-05-08,37.0082893371582,40.29999923706055,40.46500015258789,40.25,40.45000076293945,1855000
2017-05-09,37.38021469116211,40.70500183105469,40.78499984741211,40.3650016784668,40.3650016784668,3260600
2017-05-10,37.8531494140625,41.220001220703125,41.334999084472656,40.959999084472656,41.1150016784668,3330400
2017-05-11,37.93579864501953,41.310001373291016,41.45000076293945,40.8849983215332,41.14500045776367,3388200
2017-05-12,38.04140090942383,41.42499923706055,41.45500183105469,41.185001373291016,41.345001220703125,1947600
2017-05-15,38.463829040527344,41.8849983215332,41.8849983215332,41.42499923706055,41.474998474121094,3541600
2017-05-16,38.9229850769043,42.3849983215332,42.3849983215332,41.814998626708984,41.959999084472656,3641600
2017-05-17,37.458274841308594,40.790000915527344,41.98500061035156,40.76499938964844,41.790000915527344,12639400
2017-05-18,38.01385498046875,41.39500045776367,41.57500076293945,40.720001220703125,40.935001373291016,6609800
2017-05-19,38.454647064208984,41.875,41.98500061035156,41.76499938964844,41.834999084472656,6180400
2017-05-22,38.82197570800781,42.275001525878906,42.290000915527344,41.97999954223633,42.029998779296875,4292200
2017-05-23,38.73933029174805,42.185001373291016,42.369998931884766,41.869998931884766,42.369998931884766,5040200
2017-05-24,38.909217834472656,42.369998931884766,42.48500061035156,42.209999084472656,42.45500183105469,1998000
2017-05-25,39.1755256652832,42.65999984741211,42.744998931884766,42.334999084472656,42.61000061035156,6936400
2017-05-26,39.249000549316406,42.7400016784668,42.75,42.33000183105469,42.595001220703125,1588400
2017-05-30,39.529075622558594,43.04499816894531,43.09000015258789,42.720001220703125,42.80500030517578,3494200
2017-05-31,39.48316955566406,42.994998931884766,43.290000915527344,42.755001068115234,43.275001525878906,3466600
2017-06-01,39.55663299560547,43.07500076293945,43.11000061035156,42.810001373291016,43.11000061035156,5250800
2017-06-02,39.8642692565918,43.40999984741211,43.45500183105469,42.994998931884766,43.30500030517578,2599600
2017-06-05,39.969879150390625,43.525001525878906,43.72999954223633,43.415000915527344,43.44499969482422,4386600
2017-06-06,40.06171417236328,43.625,43.89500045776367,43.314998626708984,43.474998474121094,3496800
2017-06-07,40.36016082763672,43.95000076293945,44.084999084472656,43.709999084472656,43.845001220703125,5305800
2017-06-08,40.89278793334961,44.529998779296875,44.56999969482422,43.91999816894531,44.150001525878906,6589400
2017-06-09,39.345420837402344,42.845001220703125,44.86000061035156,42.04499816894531,44.78499984741211,17851800
2017-06-12,39.10665512084961,42.584999084472656,42.584999084472656,41.564998626708984,42.32500076293945,16678400
2017-06-13,39.35919189453125,42.86000061035156,43.20000076293945,42.404998779296875,43.0099983215332,6954800
2017-06-14,39.019412994384766,42.4900016784668,43.0,42.07500076293945,42.959999084472656,6346200
2017-06-15,38.66127014160156,42.099998474121094,42.25,41.779998779296875,41.779998779296875,8397800
2017-06-16,38.63831329345703,42.07500076293945,42.4900016784668,41.96500015258789,42.279998779296875,7413400
2017-06-19,39.32246017456055,42.81999969482422,42.8650016784668,42.52000045776367,42.52000045776367,5378800
2017-06-20,38.831153869628906,42.28499984741211,43.05500030517578,42.28499984741211,42.880001068115234,5286000
2017-06-21,39.27654266357422,42.77000045776367,42.775001525878906,42.31999969482422,42.48500061035156,6412000
2017-06-22,39.1755256652832,42.65999984741211,42.875,42.52000045776367,42.76499938964844,4491800
2017-06-23,39.33623504638672,42.834999084472656,43.0099983215332,42.58000183105469,42.68000030517578,4133800
2017-06-26,39.18470764160156,42.66999816894531,43.34000015258789,42.38999938964844,43.2400016784668,10756400
2017-06-27,38.06436538696289,41.45000076293945,42.349998474121094,41.45000076293945,42.345001220703125,15194000
2017-06-28,38.615352630615234,42.04999923706055,42.1349983215332,41.290000915527344,41.755001068115234,7873000
2017-06-29,37.74753952026367,41.10499954223633,41.85499954223633,40.59000015258789,41.775001525878906,15391200
2017-06-30,37.58683395385742,40.93000030517578,41.43000030517578,40.779998779296875,41.290000915527344,10455000
2017-07-03,37.15522003173828,40.459999084472656,41.310001373291016,40.459999084472656,41.189998626708984,6499800
2017-07-05,37.862327575683594,41.22999954223633,41.290000915527344,40.619998931884766,40.619998931884766,12905600
2017-07-06,37.70162582397461,41.05500030517578,41.32500076293945,40.685001373291016,40.96500015258789,5441600
2017-07-07,38.20670318603515,41.60499954223633,41.78499984741211,41.244998931884766,41.32500076293945,6831000
2017-07-10,38.60158157348633,42.03499984741211,42.1349983215332,41.51499938964844,41.689998626708984,6785400
2017-07-11,38.909217834472656,42.369998931884766,42.44499969482422,41.939998626708984,42.099998474121094,5848600
2017-07-12,39.469390869140625,42.97999954223633,43.05500030517578,42.619998931884766,42.869998931884766,6302600
2017-07-13,39.377559661865234,42.880001068115234,43.27000045776367,42.755001068115234,43.0,6005000
2017-07-14,39.8642692565918,43.40999984741211,43.474998474121094,43.03499984741211,43.099998474121094,4687000
2017-07-17,39.75407028198242,43.290000915527344,43.52000045776367,43.11000061035156,43.505001068115234,3431000
2017-07-18,39.90559387207031,43.45500183105469,43.45500183105469,42.95500183105469,43.13999938964844,7818200
2017-07-19,40.30047225952149,43.8849983215332,43.8849983215332,43.619998931884766,43.70000076293945,6027200
2017-07-20,40.38771057128906,43.97999954223633,44.01499938964844,43.54499816894531,44.01499938964844,5455800
2017-07-21,40.16272735595703,43.73500061035156,43.73500061035156,43.42499923706055,43.65999984741211,6271000
2017-07-24,40.03415298461914,43.595001220703125,43.689998626708984,43.470001220703125,43.65999984741211,5348200
2017-07-25,39.923954010009766,43.474998474121094,43.58000183105469,43.125,43.44499969482422,6417000
2017-07-26,40.34638595581055,43.935001373291016,44.04499816894531,43.685001373291016,43.81999969482422,4032200
2017-07-27,39.83672332763672,43.380001068115234,44.17499923706055,42.935001373291016,44.07500076293945,12734600
2017-07-28,39.64846420288086,43.17499923706055,43.375,43.005001068115234,43.16999816894531,7256800
2017-07-31,39.41429138183594,42.91999816894531,43.459999084472656,42.775001525878906,43.29499816894531,7057800
2017-08-01,39.58418655395508,43.10499954223633,43.11000061035156,42.84000015258789,43.064998626708984,4375200
2017-08-02,39.368377685546875,42.869998931884766,43.584999084472656,42.61000061035156,43.584999084472656,7962200
2017-08-03,39.23062896728515,42.720001220703125,42.974998474121094,42.54999923706055,42.869998931884766,5946000
2017-08-04,39.345420837402344,42.845001220703125,43.11000061035156,42.68000030517578,42.89500045776367,6791600
2017-08-07,40.03875350952149,43.599998474121094,43.6150016784668,42.97999954223633,42.97999954223633,6041800
2017-08-08,39.91937255859375,43.470001220703125,43.935001373291016,43.345001220703125,43.599998474121094,10179400
2017-08-09,39.84130859375,43.3849983215332,43.38999938964844,42.970001220703125,43.01499938964844,7067000
2017-08-10,38.748512268066406,42.19499969482422,43.1349983215332,42.185001373291016,43.0099983215332,11112800
2017-08-11,39.10665512084961,42.584999084472656,42.630001068115234,42.040000915527344,42.1150016784668,6642400
2017-08-14,39.8780517578125,43.42499923706055,43.474998474121094,42.915000915527344,42.915000915527344,6643000
2017-08-15,40.02497482299805,43.584999084472656,43.6150016784668,43.28499984741211,43.47999954223633,8062600
2017-08-16,40.10762405395508,43.67499923706055,43.779998779296875,43.45000076293945,43.654998779296875,6273600
2017-08-17,39.15716171264648,42.63999938964844,43.55500030517578,42.630001068115234,43.43000030517578,11995600
2017-08-18,39.24440383911133,42.73500061035156,43.060001373291016,42.53499984741211,42.81999969482422,17463400
2017-08-21,39.097469329833984,42.57500076293945,42.82500076293945,42.2400016784668,42.82500076293945,6845000
2017-08-22,39.62091827392578,43.14500045776367,43.255001068115234,42.790000915527344,42.814998626708984,5273000
2017-08-23,39.70355987548828,43.23500061035156,43.345001220703125,42.779998779296875,42.880001068115234,4235200
2017-08-24,39.69896697998047,43.22999954223633,43.45500183105469,42.9900016784668,43.439998626708984,2259800
2017-08-25,39.57500076293945,43.095001220703125,43.46500015258789,43.005001068115234,43.46500015258789,4024400
2017-08-28,39.68978500366211,43.220001220703125,43.25,42.9900016784668,43.220001220703125,4206200
2017-08-29,39.79998397827149,43.34000015258789,43.44499969482422,42.775001525878906,42.78499984741211,5013200
2017-08-30,40.355567932128906,43.94499969482422,44.02000045776367,43.3849983215332,43.52000045776367,4659000
2017-08-31,40.672393798828125,44.290000915527344,44.35499954223633,43.974998474121094,44.04499816894531,4803800
2017-09-01,40.865234375,44.5,44.685001373291016,44.400001525878906,44.400001525878906,2998200
2017-09-05,40.34638595581055,43.935001373291016,44.41999816894531,43.584999084472656,44.290000915527344,8848000
2017-09-06,40.48871994018555,44.09000015258789,44.27000045776367,43.869998931884766,44.09000015258789,3225000
2017-09-07,40.64484024047851,44.2599983215332,44.35499954223633,44.02000045776367,44.26499938964844,2636200
2017-09-08,40.20404052734375,43.779998779296875,44.28499984741211,43.66999816894531,44.185001373291016,4944600
2017-09-11,40.93411636352539,44.57500076293945,44.65999984741211,44.064998626708984,44.189998626708984,5448800
2017-09-12,41.09022903442383,44.744998931884766,44.86000061035156,44.5,44.70000076293945,4886600
2017-09-13,41.09940719604492,44.755001068115234,44.869998931884766,44.474998474121094,44.650001525878906,5872800
2017-09-14,41.27848434448242,44.95000076293945,45.16999816894531,44.595001220703125,44.755001068115234,8595600
2017-09-15,41.82487869262695,45.54499816894531,45.61000061035156,45.0,45.189998626708984,9237600
2017-09-18,42.408016204833984,46.18000030517578,46.36000061035156,45.82500076293945,45.880001068115234,7475000
2017-09-19,42.518211364746094,46.29999923706055,46.45000076293945,46.025001525878906,46.314998626708984,4539200
2017-09-20,41.95345306396485,45.685001373291016,46.41999816894531,45.10499954223633,46.36000061035156,9208800
2017-09-21,41.87538528442383,45.599998474121094,45.71500015258789,45.19499969482422,45.625,19256800
2017-09-22,42.04528045654297,45.78499984741211,45.84000015258789,45.255001068115234,45.39500045776367,2660400
2017-09-25,41.2004280090332,44.8650016784668,45.78499984741211,44.744998931884766,45.78499984741211,7540800
2017-09-26,41.25093078613281,44.91999816894531,45.32500076293945,44.72999954223633,45.29499816894531,4284000
2017-09-27,42.18302917480469,45.935001373291016,46.07500076293945,45.314998626708984,45.45000076293945,7999200
2017-09-28,42.45392990112305,46.22999954223633,46.244998931884766,45.720001220703125,45.84000015258789,5945000
2017-09-29,42.84881210327149,46.65999984741211,46.69499969482422,46.19499969482422,46.349998474121094,7555200
2017-10-02,43.133487701416016,46.970001220703125,47.154998779296875,46.654998779296875,46.915000915527344,6376000
2017-10-03,43.27582550048828,47.125,47.244998931884766,46.935001373291016,47.10499954223633,4141200
2017-10-04,43.34010696411133,47.19499969482422,47.21500015258789,46.810001373291016,47.05500030517578,3352400
2017-10-05,43.38602828979492,47.244998931884766,47.39500045776367,47.0,47.38999938964844,3692200
2017-10-06,43.56051254272461,47.435001373291016,47.45000076293945,47.07500076293945,47.16999816894531,2669600
2017-10-09,43.87732696533203,47.779998779296875,47.80500030517578,47.54999923706055,47.59000015258789,2407000
2017-10-10,44.102317810058594,48.025001525878906,48.23500061035156,47.54499816894531,48.22999954223633,5315000
2017-10-11,44.414546966552734,48.3650016784668,48.404998779296875,47.92499923706055,47.95000076293945,3258400
2017-10-12,44.322715759277344,48.26499938964844,48.56999969482422,48.23500061035156,48.415000915527344,5800600
2017-10-13,44.62575912475586,48.595001220703125,48.7599983215332,48.38999938964844,48.560001373291016,3370400
2017-10-16,44.86452102661133,48.85499954223633,48.85499954223633,48.51499938964844,48.790000915527344,3274000
2017-10-17,44.85533905029297,48.845001220703125,48.875,48.584999084472656,48.83000183105469,5849000
2017-10-18,45.020633697509766,49.025001525878906,49.095001220703125,48.380001068115234,49.025001525878906,6093600
2017-10-19,44.928802490234375,48.92499923706055,48.92499923706055,48.20500183105469,48.63999938964844,4864400
2017-10-20,45.17215347290039,49.189998626708984,49.35499954223633,49.10499954223633,49.33000183105469,10134600
2017-10-23,45.3420524597168,49.375,49.6349983215332,49.209999084472656,49.42499923706055,5250400
2017-10-24,45.6175422668457,49.67499923706055,49.720001220703125,49.28499984741211,49.5,6298000
2017-10-25,45.03900146484375,49.04499816894531,49.529998779296875,48.595001220703125,49.310001373291016,8612800
2017-10-26,45.282352447509766,49.310001373291016,49.44499969482422,49.10499954223633,49.150001525878906,6899200
2017-10-27,46.19149017333984,50.29999923706055,50.35499954223633,49.474998474121094,49.709999084472656,6465800
2017-10-30,46.20985794067383,50.31999969482422,50.564998626708984,49.709999084472656,49.709999084472656,4894800
2017-10-31,46.65524673461914,50.80500030517578,50.970001220703125,50.415000915527344,50.52000045776367,5721400
2017-11-01,46.53126907348633,50.66999816894531,51.220001220703125,50.2599983215332,51.15999984741211,9836800
2017-11-02,46.75166702270508,50.90999984741211,50.959999084472656,50.35499954223633,50.654998779296875,7863600
2017-11-03,47.26593399047851,51.470001220703125,51.470001220703125,50.69499969482422,51.185001373291016,10232600
2017-11-06,47.876609802246094,52.1349983215332,52.1349983215332,51.54999923706055,52.02000045776367,7235400
2017-11-07,47.78018951416016,52.029998779296875,52.17499923706055,51.72999954223633,52.0,5460600
2017-11-08,47.890384674072266,52.150001525878906,52.20000076293945,51.775001525878906,52.0099983215332,4088200
2017-11-09,46.95828628540039,51.1349983215332,52.17499923706055,50.560001373291016,52.150001525878906,15495600
2017-11-10,47.22919464111328,51.43000030517578,51.459999084472656,51.11000061035156,51.2599983215332,5616200
2017-11-13,47.4266357421875,51.64500045776367,51.68000030517578,51.154998779296875,51.23500061035156,3448000
2017-11-14,47.4266357421875,51.64500045776367,51.689998626708984,51.22999954223633,51.529998779296875,3108400
2017-11-15,46.985836029052734,51.165000915527344,51.400001525878906,50.80500030517578,51.244998931884766,5601200
2017-11-16,48.152099609375,52.435001373291016,52.435001373291016,51.3849983215332,51.3849983215332,7401400
2017-11-17,47.40826797485352,51.625,52.25,51.55500030517578,52.21500015258789,8951200
2017-11-20,47.98221969604492,52.25,52.32500076293945,51.79999923706055,51.869998931884766,3694400
2017-11-21,48.47351837158203,52.78499984741211,52.834999084472656,52.45500183105469,52.52000045776367,4289200
2017-11-22,48.15669631958008,52.439998626708984,52.915000915527344,52.375,52.90999984741211,3058200
2017-11-24,48.56534194946289,52.8849983215332,52.915000915527344,52.55500030517578,52.55500030517578,1206400
2017-11-27,47.81232833862305,52.064998626708984,52.380001068115234,52.005001068115234,52.334999084472656,5964600
2017-11-28,47.7710075378418,52.02000045776367,52.2400016784668,51.849998474121094,52.220001220703125,7976400
2017-11-29,45.74610900878906,49.814998626708984,52.02000045776367,49.404998779296875,51.970001220703125,34478800
2017-11-30,46.03078842163086,50.125,50.60499954223633,49.845001220703125,50.349998474121094,13382000
2017-12-01,45.63132095336914,49.689998626708984,49.970001220703125,48.55500030517578,49.75,19874600
2017-12-04,44.6624870300293,48.6349983215332,50.16999816894531,48.349998474121094,50.1150016784668,20150800
2017-12-05,44.6624870300293,48.6349983215332,49.4900016784668,48.05500030517578,48.439998626708984,13001600
2017-12-06,44.76350402832031,48.744998931884766,48.834999084472656,47.959999084472656,48.20500183105469,10486000
2017-12-07,45.20429611206055,49.224998474121094,49.34000015258789,48.88999938964844,49.15999984741211,10849800
2017-12-08,44.9976806640625,49.0,49.81999969482422,48.96500015258789,49.69499969482422,9719600
2017-12-11,45.27316665649414,49.29999923706055,49.46500015258789,48.9900016784668,49.119998931884766,6617200
2017-12-12,44.827789306640625,48.814998626708984,49.17499923706055,48.755001068115234,49.14500045776367,10415600
2017-12-13,44.85533905029297,48.845001220703125,49.22999954223633,48.814998626708984,49.060001373291016,7922400
2017-12-14,44.83697509765625,48.82500076293945,49.130001068115234,48.70000076293945,48.935001373291016,8270000
2017-12-15,45.571624755859375,49.625,49.625,48.775001525878906,48.96500015258789,43080400
2017-12-18,46.375450134277344,49.790000915527344,49.810001373291016,49.125,49.30500030517578,10766400
2017-12-19,46.35215759277344,49.76499938964844,49.8650016784668,49.470001220703125,49.71500015258789,6066000
2017-12-20,46.65487289428711,50.09000015258789,50.3849983215332,49.689998626708984,50.275001525878906,11095600
2017-12-21,46.16121673583984,49.560001373291016,50.154998779296875,49.505001068115234,50.09000015258789,6029200
2017-12-22,46.17985153198242,49.58000183105469,49.599998474121094,49.21500015258789,49.470001220703125,4900000
2017-12-26,45.65824890136719,49.02000045776367,49.07500076293945,48.665000915527344,49.005001068115234,4413600
2017-12-27,45.80727767944336,49.18000030517578,49.380001068115234,48.994998931884766,49.0,5500000
2017-12-28,45.97493362426758,49.36000061035156,49.47999954223633,49.26499938964844,49.45500183105469,5424200
2017-12-29,45.55113983154297,48.904998779296875,49.470001220703125,48.8849983215332,49.36000061035156,3376600
2018-01-02,46.74335479736328,50.185001373291016,50.19499969482422,49.13999938964844,49.25,8908600
2018-01-03,47.4046630859375,50.89500045776367,50.935001373291016,50.30500030517578,50.38999938964844,7617000
2018-01-04,47.64683151245117,51.154998779296875,51.30500030517578,50.73500061035156,51.189998626708984,6699600
2018-01-05,47.95420455932617,51.48500061035156,51.689998626708984,51.13999938964844,51.345001220703125,3584800
2018-01-08,48.28485870361328,51.84000015258789,51.97999954223633,51.34000015258789,51.48500061035156,2768400
2018-01-09,47.8331184387207,51.35499954223633,51.93000030517578,51.26499938964844,51.8849983215332,7800600
2018-01-10,47.19975280761719,50.67499923706055,50.92499923706055,50.290000915527344,50.904998779296875,7958600
2018-01-11,47.42329788208008,50.915000915527344,50.94499969482422,50.61000061035156,50.8650016784668,5162600
2018-01-12,47.66545867919922,51.17499923706055,51.27000045776367,50.79499816894531,50.904998779296875,3809200
2018-01-16,47.88434600830078,51.40999984741211,51.9900016784668,51.130001068115234,51.66999816894531,7623600
2018-01-17,49.3140754699707,52.94499969482422,53.029998779296875,51.904998779296875,52.0,12285600
2018-01-18,49.67732620239258,53.334999084472656,53.58000183105469,52.904998779296875,52.96500015258789,7106600
2018-01-19,49.72390365600586,53.3849983215332,53.685001373291016,53.07500076293945,53.64500045776367,6568400
2018-01-22,50.21289825439453,53.90999984741211,53.90999984741211,53.33000183105469,53.564998626708984,4790600
2018-01-23,50.53889846801758,54.2599983215332,54.279998779296875,53.91999816894531,54.064998626708984,7356400
2018-01-24,49.51433181762695,53.15999984741211,53.939998626708984,52.84000015258789,53.720001220703125,14236200
2018-01-25,48.71330642700195,52.29999923706055,53.95000076293945,52.290000915527344,53.790000915527344,13986800
2018-01-26,50.26412582397461,53.96500015258789,53.97999954223633,53.07500076293945,53.099998474121094,7895000
2018-01-29,50.17098236083984,53.8650016784668,54.220001220703125,53.25,53.84000015258789,8147400
2018-01-30,49.18833541870117,52.810001373291016,53.38999938964844,52.73500061035156,52.939998626708984,10836600
2018-01-31,49.602821350097656,53.255001068115234,53.58000183105469,52.974998474121094,53.40999984741211,7457800
2018-02-01,49.30010986328125,52.93000030517578,53.709999084472656,52.744998931884766,52.79499816894531,8369000
2018-02-02,47.926265716552734,51.45500183105469,52.53499984741211,51.45500183105469,52.45000076293945,26015400
2018-02-05,45.765357971191406,49.1349983215332,51.900001525878906,49.1349983215332,50.900001525878906,22948000
2018-02-06,47.45123672485352,50.94499969482422,50.94499969482422,48.525001525878906,48.70500183105469,26244800
2018-02-07,46.19846725463867,49.599998474121094,50.84000015258789,49.59000015258789,50.38999938964844,20566600
2018-02-08,44.358917236328125,47.625,49.91999816894531,47.60499954223633,49.845001220703125,29822200
2018-02-09,45.51853561401367,48.869998931884766,49.21500015258789,46.939998626708984,48.58000183105469,34208400
2018-02-12,46.4825553894043,49.904998779296875,50.21500015258789,49.150001525878906,49.150001525878906,19014000
2018-02-13,46.38941192626953,49.80500030517578,49.875,49.310001373291016,49.625,7415000
2018-02-14,47.37671661376953,50.8650016784668,50.970001220703125,49.33000183105469,49.439998626708984,10839800
2018-02-15,47.97283172607422,51.505001068115234,51.505001068115234,50.31999969482422,51.2599983215332,9639200
2018-02-16,47.87037658691406,51.39500045776367,52.029998779296875,51.255001068115234,51.30500030517578,12480400
2018-02-20,48.82042694091797,52.415000915527344,52.845001220703125,51.404998779296875,51.41999816894531,29405400
2018-02-21,48.28951644897461,51.845001220703125,52.76499938964844,51.82500076293945,52.619998931884766,8997800
2018-02-22,48.12651062011719,51.66999816894531,52.17499923706055,51.529998779296875,52.0,8959400
2018-02-23,49.20696258544922,52.83000183105469,52.845001220703125,52.125,52.22999954223633,6304800
2018-02-26,50.19892501831055,53.89500045776367,53.89500045776367,53.099998474121094,53.099998474121094,9254200
2018-02-27,50.01264190673828,53.69499969482422,54.56999969482422,53.69499969482422,53.810001373291016,7976600
2018-02-28,49.616790771484375,53.27000045776367,54.14500045776367,53.20500183105469,53.970001220703125,6339600
2018-03-01,48.82508087158203,52.41999816894531,53.45000076293945,51.83000183105469,53.290000915527344,10790000
2018-03-02,49.58884811401367,53.2400016784668,53.31999969482422,51.755001068115234,51.8849983215332,10659600
2018-03-05,50.16166687011719,53.85499954223633,54.10499954223633,52.869998931884766,53.02000045776367,9524800
2018-03-06,50.89748764038086,54.64500045776367,54.834999084472656,54.1150016784668,54.345001220703125,8957400
2018-03-07,51.11637496948242,54.880001068115234,54.96500015258789,54.099998474121094,54.13999938964844,7682000
2018-03-08,51.1396598815918,54.904998779296875,55.26499938964844,54.59000015258789,55.20500183105469,6518000
2018-03-09,52.12696838378906,55.96500015258789,55.96500015258789,55.185001373291016,55.290000915527344,8815200
2018-03-12,52.65788269042969,56.53499984741211,56.81999969482422,56.17499923706055,56.334999084472656,8825600
2018-03-13,51.92205429077149,55.744998931884766,57.275001525878906,55.51499938964844,56.83000183105469,18245800
2018-03-14,51.95000076293945,55.775001525878906,56.040000915527344,55.279998779296875,55.97999954223633,12020200
2018-03-15,51.90342712402344,55.724998474121094,56.119998931884766,55.48500061035156,55.91999816894531,3826200
2018-03-16,51.884803771972656,55.70500183105469,56.040000915527344,55.63999938964844,55.84000015258789,5937000
2018-03-19,51.041866302490234,54.79999923706055,55.415000915527344,54.05500030517578,55.290000915527344,14245400
2018-03-20,51.3864860534668,55.16999816894531,55.32500076293945,54.79999923706055,54.83000183105469,6683400
2018-03-21,51.49359893798828,55.28499984741211,55.904998779296875,54.994998931884766,55.099998474121094,6437200
2018-03-22,50.10578536987305,53.79499816894531,54.970001220703125,53.775001525878906,54.474998474121094,8698800
2018-03-23,48.4804573059082,52.04999923706055,53.814998626708984,52.04499816894531,53.724998474121094,16819400
2018-03-26,50.40849685668945,54.119998931884766,54.125,52.59000015258789,53.18000030517578,11172400
2018-03-27,48.67139434814453,52.255001068115234,54.564998626708984,51.880001068115234,54.540000915527344,17266200
2018-03-28,47.59095001220703,51.095001220703125,52.3650016784668,50.89500045776367,51.939998626708984,21806600
2018-03-29,48.56428527832031,52.13999938964844,52.584999084472656,51.13999938964844,51.540000915527344,13193200
2018-04-02,46.7852668762207,50.22999954223633,52.095001220703125,49.790000915527344,51.70500183105469,18445000
2018-04-03,47.64683151245117,51.154998779296875,51.279998779296875,50.36000061035156,50.89500045776367,10773200
2018-04-04,48.22896957397461,51.779998779296875,51.900001525878906,49.755001068115234,49.89500045776367,11654000
2018-04-05,47.69805908203125,51.209999084472656,52.20000076293945,50.89500045776367,52.119998931884766,12228000
2018-04-06,46.319557189941406,49.72999954223633,51.11000061035156,49.54999923706055,50.459999084472656,13935600
2018-04-09,46.6362419128418,50.06999969482422,51.45000076293945,50.040000915527344,50.2400016784668,13015400
2018-04-10,48.06131362915039,51.599998474121094,51.880001068115234,50.814998626708984,51.279998779296875,14981600
2018-04-11,48.038028717041016,51.57500076293945,52.029998779296875,51.20500183105469,51.33000183105469,8595600
2018-04-12,48.83439254760742,52.43000030517578,52.564998626708984,51.849998474121094,51.915000915527344,9236800
2018-04-13,48.37799835205078,51.939998626708984,52.92499923706055,51.779998779296875,52.849998474121094,9073800
2018-04-16,48.47579574584961,52.04499816894531,52.310001373291016,51.63999938964844,52.150001525878906,5267200
2018-04-17,49.36064910888672,52.994998931884766,53.06999969482422,52.314998626708984,52.375,8727600
2018-04-18,48.801795959472656,52.39500045776367,52.67499923706055,51.915000915527344,52.525001525878906,8458000
2018-04-19,46.62693405151367,50.060001373291016,51.404998779296875,49.880001068115234,51.20000076293945,32931400
2018-04-20,46.091365814208984,49.48500061035156,50.36000061035156,49.26499938964844,50.0,25979400
2018-04-23,45.4952507019043,48.845001220703125,49.77000045776367,48.7400016784668,49.64500045776367,17681000
2018-04-24,45.262393951416016,48.595001220703125,49.81999969482422,48.16999816894531,49.369998931884766,30902000
2018-04-25,45.034202575683594,48.349998474121094,48.779998779296875,47.73500061035156,48.744998931884766,18606400
2018-04-26,45.97959518432617,49.3650016784668,49.470001220703125,48.94499969482422,49.20000076293945,13144800
2018-04-27,45.68153381347656,49.04499816894531,50.04999923706055,48.81999969482422,50.04999923706055,11083200
2018-04-30,45.24842071533203,48.58000183105469,49.31999969482422,48.3650016784668,49.0,15927800
2018-05-01,45.97493362426758,49.36000061035156,49.404998779296875,48.40999984741211,48.459999084472656,13111200
2018-05-02,45.6442756652832,49.005001068115234,49.45000076293945,48.849998474121094,49.2599983215332,9036400
2018-05-03,45.756046295166016,49.125,49.28499984741211,48.029998779296875,48.45000076293945,19701800
2018-05-04,46.9436149597168,50.400001525878906,50.400001525878906,48.63999938964844,48.7599983215332,21447800
2018-05-07,47.19509506225586,50.66999816894531,50.88999938964844,50.474998474121094,50.54999923706055,13800200
2018-05-08,47.52574920654297,51.025001525878906,51.025001525878906,50.41999816894531,50.564998626708984,7606000
2018-05-09,48.201026916503906,51.75,51.75,51.03499984741211,51.14500045776367,8065400
2018-05-10,49.00204849243164,52.61000061035156,52.61000061035156,51.95000076293945,51.95000076293945,9350000
2018-05-11,48.62482833862305,52.20500183105469,52.67499923706055,52.1150016784668,52.345001220703125,8866000
2018-05-14,49.47241973876953,53.1150016784668,53.685001373291016,53.005001068115234,53.14500045776367,13298200
2018-05-15,48.9182243347168,52.52000045776367,53.03499984741211,52.19499969482422,52.88999938964844,9570600
2018-05-16,49.61213684082031,53.26499938964844,53.30500030517578,52.650001525878906,52.665000915527344,6935000
2018-05-17,49.2861328125,52.915000915527344,53.400001525878906,52.529998779296875,53.064998626708984,7238600
2018-05-18,48.69002532958984,52.275001525878906,52.60499954223633,51.9900016784668,52.375,20494400
2018-05-21,49.38859558105469,53.025001525878906,53.439998626708984,52.51499938964844,53.040000915527344,7672400
2018-05-22,49.742530822753906,53.404998779296875,53.7400016784668,53.19499969482422,53.494998931884766,8696000
2018-05-23,49.79841613769531,53.46500015258789,53.474998474121094,52.69499969482422,52.86000061035156,8442600
2018-05-24,49.94278717041016,53.619998931884766,53.76499938964844,52.970001220703125,53.45500183105469,13344800
2018-05-25,50.44109725952149,54.154998779296875,54.20000076293945,53.57500076293945,53.6349983215332,8586600
2018-05-29,50.035926818847656,53.720001220703125,54.244998931884766,53.43000030517578,53.900001525878906,9106000
2018-05-30,50.33863830566406,54.04499816894531,54.404998779296875,53.73500061035156,54.130001068115234,10787800
2018-05-31,49.91950607299805,53.595001220703125,54.11000061035156,53.459999084472656,53.81999969482422,8662800
2018-06-01,51.00926208496094,54.76499938964844,54.81999969482422,53.93000030517578,54.02000045776367,9739400
2018-06-04,51.358543395996094,55.13999938964844,55.185001373291016,54.650001525878906,54.849998474121094,7767800
2018-06-05,51.64728927612305,55.45000076293945,55.505001068115234,55.005001068115234,55.310001373291016,7510000
2018-06-06,51.97793960571289,55.80500030517578,55.80500030517578,55.185001373291016,55.505001068115234,5478600
2018-06-07,51.56345748901367,55.36000061035156,56.0,55.02000045776367,55.904998779296875,18663600
2018-06-08,51.21417617797851,54.98500061035156,55.13999938964844,54.45000076293945,54.75,9494000
2018-06-11,51.15828704833984,54.92499923706055,55.14500045776367,54.69499969482422,54.8650016784668,6086200
2018-06-12,51.31197738647461,55.09000015258789,55.10499954223633,54.6349983215332,54.9900016784668,5087800
2018-06-13,51.204864501953125,54.974998474121094,55.529998779296875,54.875,55.01499938964844,14153400
2018-06-14,51.284034729003906,55.060001373291016,55.415000915527344,54.84000015258789,55.20000076293945,6599600
2018-06-15,51.36786651611328,55.150001525878906,55.150001525878906,54.650001525878906,54.974998474121094,12882600
2018-06-18,50.74846649169922,54.48500061035156,54.54499816894531,53.95500183105469,54.459999084472656,10521800
2018-06-19,50.14303970336914,53.834999084472656,53.869998931884766,53.06999969482422,53.529998779296875,22232000
2018-06-20,50.45506286621094,54.16999816894531,54.375,53.86000061035156,54.30500030517578,11111200
2018-06-21,49.82635498046875,53.494998931884766,54.75,53.48500061035156,54.67499923706055,14488200
2018-06-22,49.64007186889648,53.29499816894531,53.91999816894531,53.09000015258789,53.880001068115234,8465000
2018-06-25,47.84709167480469,51.369998931884766,52.619998931884766,50.97999954223633,52.54999923706055,23358000
2018-06-26,48.28951644897461,51.845001220703125,52.029998779296875,51.48500061035156,51.86000061035156,16500400
2018-06-27,47.10660934448242,50.57500076293945,52.15999984741211,50.57500076293945,52.09000015258789,16876000
2018-06-28,47.581634521484375,51.084999084472656,51.185001373291016,50.45500183105469,50.459999084472656,13538400
2018-06-29,47.81448745727539,51.334999084472656,51.84000015258789,51.25,51.525001525878906,10350000
2018-07-02,47.8331184387207,51.35499954223633,51.54499816894531,50.45000076293945,50.68000030517578,9164600
2018-07-03,46.99483871459961,50.45500183105469,51.689998626708984,50.45500183105469,51.61000061035156,8588800
2018-07-05,48.26156997680664,51.814998626708984,51.834999084472656,51.05500030517578,51.06999969482422,10402800
2018-07-06,48.87630844116211,52.474998474121094,52.560001373291016,51.57500076293945,51.70500183105469,14636600
2018-07-09,49.24421691894531,52.869998931884766,52.91999816894531,52.220001220703125,52.8849983215332,8465800
2018-07-10,49.77513122558594,53.439998626708984,53.5,52.8849983215332,52.939998626708984,12548800
2018-07-11,48.40594482421875,51.970001220703125,52.755001068115234,51.970001220703125,52.57500076293945,15929000
2018-07-12,48.992733001708984,52.599998474121094,52.650001525878906,51.89500045776367,51.98500061035156,11962800
2018-07-13,48.890281677246094,52.4900016784668,52.72999954223633,52.349998474121094,52.67499923706055,5693200
2018-07-16,48.74125289916992,52.33000183105469,52.69499969482422,52.29499816894531,52.5,5518000
2018-07-17,49.383934020996094,53.02000045776367,53.025001525878906,51.85499954223633,51.95000076293945,16616200
2018-07-18,49.88689804077149,53.560001373291016,53.595001220703125,53.150001525878906,53.400001525878906,9589600
2018-07-19,49.72390365600586,53.3849983215332,53.61000061035156,53.03499984741211,53.314998626708984,8347200
2018-07-20,49.67267990112305,53.33000183105469,53.4900016784668,52.8849983215332,53.31999969482422,7077800
2018-07-23,49.64007186889648,53.29499816894531,53.369998931884766,52.29499816894531,53.01499938964844,10663800
2018-07-24,49.02067565917969,52.630001068115234,53.8849983215332,52.584999084472656,53.79999923706055,20837400
2018-07-25,49.26750564575195,52.89500045776367,52.95500183105469,52.03499984741211,52.65999984741211,22294800
2018-07-26,49.994014739990234,53.67499923706055,53.70500183105469,53.095001220703125,53.099998474121094,32806000
2018-07-27,49.74718475341797,53.40999984741211,54.16999816894531,53.04999923706055,53.810001373291016,16984600
2018-07-30,49.4072151184082,53.04499816894531,53.61000061035156,52.71500015258789,53.56999969482422,18957000
2018-07-31,49.3140754699707,52.94499969482422,53.935001373291016,52.94499969482422,53.435001373291016,8763400
2018-08-01,49.52830123901367,53.17499923706055,53.7400016784668,53.0,53.23500061035156,7098200
2018-08-02,50.026615142822266,53.709999084472656,53.790000915527344,52.57500076293945,52.75,8160600
2018-08-03,50.10578536987305,53.79499816894531,53.875,53.4900016784668,53.76499938964844,6058200
2018-08-06,50.371246337890625,54.08000183105469,54.08000183105469,53.38999938964844,53.775001525878906,6070600
2018-08-07,50.71120834350586,54.44499969482422,54.44499969482422,54.03499984741211,54.23500061035156,6406000
2018-08-08,50.86954879760742,54.6150016784668,54.68000030517578,54.2400016784668,54.375,7377800
2018-08-09,50.37589645385742,54.084999084472656,54.415000915527344,54.029998779296875,54.29999923706055,7199200
2018-08-10,49.1929931640625,52.814998626708984,53.2400016784668,52.58000183105469,52.92499923706055,17227400
2018-08-13,49.248878479003906,52.875,53.334999084472656,52.810001373291016,52.849998474121094,7944200
2018-08-14,49.132450103759766,52.75,53.27000045776367,52.685001373291016,53.130001068115234,8239600
2018-08-15,48.31745147705078,51.875,52.42499923706055,51.3650016784668,52.22999954223633,18819200
2018-08-16,48.242942810058594,51.79499816894531,52.255001068115234,51.68000030517578,52.220001220703125,10082400
2018-08-17,47.889007568359375,51.415000915527344,51.560001373291016,50.689998626708984,51.23500061035156,20096000
2018-08-20,47.82381057739258,51.345001220703125,51.70000076293945,50.814998626708984,51.404998779296875,10569600
2018-08-21,48.81110763549805,52.404998779296875,52.55500030517578,51.54999923706055,51.599998474121094,9649400
2018-08-22,48.992733001708984,52.599998474121094,52.650001525878906,51.94499969482422,52.185001373291016,8272800
2018-08-23,49.05327606201172,52.665000915527344,52.994998931884766,52.52000045776367,52.60499954223633,7418000
2018-08-24,49.80307388305664,53.470001220703125,53.470001220703125,52.875,52.970001220703125,8278600
2018-08-27,50.580814361572266,54.30500030517578,54.685001373291016,53.75,53.810001373291016,12419000
2018-08-28,50.77175521850586,54.5099983215332,54.755001068115234,54.02000045776367,54.650001525878906,8673400
2018-08-29,51.060489654541016,54.81999969482422,54.92499923706055,54.380001068115234,54.57500076293945,6822800
2018-08-30,50.51560974121094,54.23500061035156,54.86000061035156,54.15999984741211,54.65999984741211,14144200
2018-08-31,50.734493255615234,54.470001220703125,54.51499938964844,54.1349983215332,54.14500045776367,4678800
2018-09-04,51.10240936279297,54.8650016784668,54.8650016784668,54.05500030517578,54.2400016784668,9693400
2018-09-05,50.82297897338867,54.564998626708984,54.935001373291016,54.10499954223633,54.84000015258789,10499000
2018-09-06,49.5050163269043,53.150001525878906,54.33000183105469,53.07500076293945,54.279998779296875,18097000
2018-09-07,49.2861328125,52.915000915527344,53.64500045776367,52.76499938964844,52.95000076293945,14307000
2018-09-10,49.76581954956055,53.43000030517578,53.45000076293945,52.96500015258789,53.29499816894531,6366800
2018-09-11,49.14175796508789,52.7599983215332,53.130001068115234,52.505001068115234,53.0,10410000
2018-09-12,48.578250885009766,52.154998779296875,52.16999816894531,51.08000183105469,52.040000915527344,18508000
2018-09-13,49.17436218261719,52.79499816894531,53.380001068115234,52.529998779296875,52.84000015258789,13460200
2018-09-14,49.681983947753906,53.34000015258789,53.54499816894531,52.92499923706055,53.09000015258789,10378400
2018-09-17,49.0113639831543,52.619998931884766,53.310001373291016,52.564998626708984,52.97999954223633,10812200
2018-09-18,49.383934020996094,53.02000045776367,53.349998474121094,52.755001068115234,52.755001068115234,5753800
2018-09-19,49.49570083618164,53.13999938964844,53.369998931884766,52.8650016784668,53.025001525878906,6846000
2018-09-20,50.13372039794922,53.82500076293945,54.029998779296875,53.55500030517578,53.625,12428200
2018-09-21,49.88224411010742,53.55500030517578,54.02000045776367,53.47999954223633,53.755001068115234,9959000
2018-09-24,50.23618698120117,53.935001373291016,53.94499969482422,53.165000915527344,53.310001373291016,7849800
2018-09-25,49.43516159057617,53.07500076293945,53.779998779296875,52.974998474121094,53.53499984741211,8013000
2018-09-26,48.99738693237305,52.60499954223633,53.255001068115234,52.595001220703125,52.834999084472656,9635200
2018-09-27,49.30476760864258,52.935001373291016,53.10499954223633,52.654998779296875,52.814998626708984,4722600
2018-09-28,49.57487487792969,53.224998474121094,53.415000915527344,52.625,52.79499816894531,7933400
2018-10-01,49.70527648925781,53.3650016784668,53.775001525878906,53.244998931884766,53.380001068115234,7759800
2018-10-02,49.66802215576172,53.32500076293945,54.084999084472656,53.1150016784668,53.1349983215332,10232600
2018-10-03,49.85895919799805,53.529998779296875,53.81999969482422,53.03499984741211,53.68000030517578,9491600
2018-10-04,48.736595153808594,52.32500076293945,53.095001220703125,51.880001068115234,53.07500076293945,19323200
2018-10-05,47.628204345703125,51.1349983215332,52.33000183105469,50.654998779296875,52.125,19170800
2018-10-08,47.06935119628906,50.53499984741211,51.1150016784668,50.04999923706055,50.64500045776367,17802400
2018-10-09,46.980865478515625,50.439998626708984,50.75,50.119998931884766,50.39500045776367,16424200
2018-10-10,44.84791564941406,48.150001525878906,49.65999984741211,48.150001525878906,49.564998626708984,42715800
2018-10-11,44.45205307006836,47.724998474121094,49.220001220703125,47.334999084472656,48.154998779296875,41803400
2018-10-12,45.33224868774414,48.66999816894531,49.39500045776367,47.90999984741211,49.119998931884766,18408200
2018-10-15,44.83859634399414,48.13999938964844,48.685001373291016,48.01499938964844,48.45000076293945,12922800
2018-10-16,46.35681915283203,49.77000045776367,49.81999969482422,48.619998931884766,48.654998779296875,14243400
2018-10-17,46.12861633300781,49.525001525878906,50.29999923706055,49.21500015258789,50.25,10419000
2018-10-18,44.92708587646485,48.23500061035156,49.26499938964844,48.064998626708984,49.21500015258789,16548000
2018-10-19,44.279754638671875,47.540000915527344,48.845001220703125,47.34000015258789,48.5,18842000
2018-10-22,44.51725769042969,47.79499816894531,48.154998779296875,47.375,47.880001068115234,12339800
2018-10-23,44.34029006958008,47.60499954223633,47.8650016784668,46.14500045776367,46.540000915527344,26109600
2018-10-24,41.36439895629883,44.40999984741211,46.779998779296875,44.3650016784668,46.685001373291016,28576400
2018-10-25,42.5333366394043,45.665000915527344,46.005001068115234,44.7599983215332,44.814998626708984,18808400
2018-10-26,41.76490783691406,44.84000015258789,45.64500045776367,44.084999084472656,44.625,14122400
2018-10-29,41.28522872924805,44.32500076293945,45.96500015258789,43.474998474121094,45.5,22337200
2018-10-30,43.040958404541016,46.209999084472656,46.224998474121094,44.375,44.494998931884766,23647600
2018-10-31,43.52529525756836,46.72999954223633,47.16999816894531,46.439998626708984,47.064998626708984,16491400
2018-11-01,45.62565231323242,48.98500061035156,49.064998626708984,47.11000061035156,47.165000915527344,23242800
2018-11-02,44.89914321899414,48.20500183105469,49.040000915527344,47.63999938964844,48.8849983215332,19188800
2018-11-05,44.48465347290039,47.7599983215332,48.04499816894531,47.0,48.04499816894531,12826400
2018-11-06,44.94572067260742,48.255001068115234,48.41999816894531,47.65999984741211,47.775001525878906,7406400
2018-11-07,45.49990463256836,48.849998474121094,48.95500183105469,48.255001068115234,48.849998474121094,8895400
2018-11-08,45.290340423583984,48.625,48.98500061035156,48.255001068115234,48.31999969482422,7740600
2018-11-09,44.4706916809082,47.744998931884766,48.11000061035156,47.33000183105469,47.95500183105469,14250000
2018-11-12,42.524017333984375,45.654998779296875,47.03499984741211,45.51499938964844,46.90999984741211,20625000
2018-11-13,43.07355117797851,46.244998931884766,47.2400016784668,46.025001525878906,46.025001525878906,25109800
2018-11-14,43.29710006713867,46.48500061035156,47.23500061035156,46.029998779296875,46.9900016784668,16072600
2018-11-15,44.66628646850586,47.95500183105469,48.119998931884766,46.244998931884766,46.275001525878906,18331000
2018-11-16,43.90718078613281,47.13999938964844,47.400001525878906,46.05500030517578,46.05500030517578,23973800
2018-11-19,42.25856399536133,45.369998931884766,47.029998779296875,45.32500076293945,46.88999938964844,20829200
2018-11-20,42.22130584716797,45.33000183105469,45.97999954223633,44.0,44.095001220703125,17264200
2018-11-21,42.40758514404297,45.529998779296875,46.279998779296875,45.529998779296875,45.994998931884766,13247400
2018-11-23,42.347049713134766,45.46500015258789,45.85499954223633,45.11000061035156,45.1349983215332,3050200
2018-11-26,43.18998718261719,46.369998931884766,46.400001525878906,45.720001220703125,46.2400016784668,10932200
2018-11-27,43.25518035888672,46.439998626708984,46.7599983215332,45.82500076293945,45.96500015258789,14827400
2018-11-28,44.40082931518555,47.66999816894531,47.68000030517578,46.150001525878906,46.900001525878906,10969200
2018-11-29,43.981693267822266,47.220001220703125,47.67499923706055,47.130001068115234,47.3849983215332,9176600
2018-11-30,45.05747985839844,48.375,48.375,46.709999084472656,47.15999984741211,16499600
2018-12-03,45.84918975830078,49.224998474121094,49.564998626708984,48.709999084472656,49.43000030517578,14294600
2018-12-04,43.59515380859375,46.80500030517578,48.900001525878906,46.744998931884766,48.755001068115234,17418600
2018-12-06,43.339012145996094,46.529998779296875,46.529998779296875,45.244998931884766,45.439998626708984,16050000
2018-12-07,41.6950569152832,44.76499938964844,46.45500183105469,44.53499984741211,46.35499954223633,18385200
2018-12-10,42.17938995361328,45.28499984741211,45.474998474121094,44.45000076293945,44.689998626708984,15606000
2018-12-11,42.38895797729492,45.5099983215332,46.60499954223633,45.25,46.11000061035156,17575600
2018-12-12,43.031639099121094,46.20000076293945,46.8650016784668,45.89500045776367,46.22999954223633,13725800
2018-12-13,42.88727188110352,46.04499816894531,46.70500183105469,45.875,46.494998931884766,9888000
2018-12-14,42.22130584716797,45.33000183105469,46.220001220703125,45.31999969482422,45.31999969482422,13262200
2018-12-17,41.820796966552734,44.900001525878906,46.01499938964844,44.5099983215332,45.220001220703125,15526400
2018-12-18,42.323760986328125,45.439998626708984,46.130001068115234,45.19499969482422,45.255001068115234,17467800
2018-12-19,40.48886489868164,43.470001220703125,45.64500045776367,43.25,45.08000183105469,19940000
2018-12-20,40.1651496887207,42.310001373291016,43.33000183105469,41.78499984741211,42.85499954223633,28514600
2018-12-21,39.4721565246582,41.58000183105469,43.084999084472656,41.459999084472656,42.529998779296875,21624200
2018-12-24,38.42791748046875,40.47999954223633,41.7599983215332,40.439998626708984,41.224998474121094,9548600
2018-12-26,40.58759307861328,42.755001068115234,42.80500030517578,40.35499954223633,40.89500045776367,16473200
2018-12-27,40.94358444213867,43.130001068115234,43.130001068115234,41.650001525878906,42.04499816894531,17674000
2018-12-28,41.2236213684082,43.42499923706055,44.20000076293945,43.06999969482422,43.369998931884766,13458800
2018-12-31,41.427730560302734,43.63999938964844,44.06999969482422,43.244998931884766,43.84000015258789,10460000
2019-01-02,41.73150634765625,43.959999084472656,44.275001525878906,42.625,42.744998931884766,14288000
2019-01-03,39.225337982177734,41.31999969482422,43.130001068115234,41.275001525878906,42.80500030517578,18545600
2019-01-04,41.05274963378906,43.244998931884766,43.40999984741211,41.94499969482422,42.03499984741211,18148800
2019-01-07,41.84542465209961,44.08000183105469,44.43000030517578,43.220001220703125,43.459999084472656,11156800
2019-01-08,41.60334777832031,43.82500076293945,44.494998931884766,43.244998931884766,44.45000076293945,13272000
2019-01-09,42.66657638549805,44.94499969482422,45.18000030517578,44.30500030517578,44.30500030517578,17855800
2019-01-10,43.10799789428711,45.40999984741211,45.45000076293945,44.47999954223633,44.630001068115234,11440000
2019-01-11,43.463993072509766,45.78499984741211,46.165000915527344,45.025001525878906,45.125,13337400
2019-01-14,42.71878433227539,45.0,45.314998626708984,44.82500076293945,45.20500183105469,9963600
2019-01-15,42.83269882202149,45.119998931884766,45.665000915527344,44.90999984741211,45.30500030517578,11484400
2019-01-16,42.495697021484375,44.76499938964844,45.47999954223633,44.7400016784668,45.220001220703125,11013400
2019-01-17,43.02256393432617,45.31999969482422,45.560001373291016,44.20000076293945,44.45500183105469,15829800
2019-01-18,44.08577728271485,46.439998626708984,46.65999984741211,45.525001525878906,45.72999954223633,16661400
2019-01-22,42.8089714050293,45.095001220703125,46.02000045776367,44.77000045776367,46.0099983215332,14365400
2019-01-23,42.63809585571289,44.915000915527344,45.59000015258789,44.4900016784668,45.40999984741211,11732200
2019-01-24,45.14900970458984,47.560001373291016,47.7400016784668,46.064998626708984,46.064998626708984,25284000
2019-01-25,45.9891471862793,48.44499969482422,48.625,47.3849983215332,47.724998474121094,18173800
2019-01-28,45.13002395629883,47.540000915527344,47.8650016784668,46.58000183105469,46.58000183105469,16266400
2019-01-29,44.531951904296875,46.90999984741211,47.7400016784668,46.834999084472656,47.60499954223633,10930000
2019-01-30,45.87997817993164,48.33000183105469,48.494998931884766,47.220001220703125,47.685001373291016,12258800
2019-01-31,45.84674835205078,48.29499816894531,48.650001525878906,47.7599983215332,48.1349983215332,11274000
2019-02-01,46.430572509765625,48.90999984741211,49.119998931884766,48.334999084472656,48.41999816894531,11545800
2019-02-04,46.65841293334961,49.150001525878906,49.154998779296875,48.494998931884766,48.880001068115234,9251400
2019-02-05,46.919464111328125,49.42499923706055,49.61000061035156,49.005001068115234,49.1349983215332,14672400
2019-02-06,48.08235931396485,50.650001525878906,50.98500061035156,50.01499938964844,50.09000015258789,16603000
2019-02-07,47.0476188659668,49.560001373291016,50.224998474121094,49.1349983215332,49.94499969482422,18214600
2019-02-08,46.919464111328125,49.42499923706055,49.52000045776367,48.560001373291016,48.73500061035156,11795600
2019-02-11,47.12356185913086,49.63999938964844,49.76499938964844,49.2400016784668,49.564998626708984,6917000
2019-02-12,48.17254638671875,50.744998931884766,50.880001068115234,50.220001220703125,50.28499984741211,11511800
2019-02-13,48.28647232055664,50.8650016784668,51.244998931884766,50.71500015258789,50.92499923706055,7987200
2019-02-14,48.42885971069336,51.01499938964844,51.35499954223633,50.63999938964844,50.650001525878906,8805000
2019-02-15,48.67567825317383,51.275001525878906,51.47999954223633,50.92499923706055,51.380001068115234,9890600
2019-02-19,48.61872482299805,51.21500015258789,51.540000915527344,51.07500076293945,51.084999084472656,6991600
2019-02-20,49.06015396118164,51.68000030517578,52.01499938964844,51.46500015258789,51.46500015258789,8892400
2019-02-21,48.756370544433594,51.36000061035156,51.790000915527344,51.20500183105469,51.625,9303600
2019-02-22,49.44936752319336,52.09000015258789,52.154998779296875,51.70500183105469,51.80500030517578,9266000
2019-02-25,49.90028381347656,52.564998626708984,53.1349983215332,52.505001068115234,52.834999084472656,9845600
2019-02-26,49.577518463134766,52.224998474121094,52.56999969482422,52.064998626708984,52.369998931884766,6963200
2019-02-27,49.06964492797851,51.689998626708984,51.98500061035156,51.11000061035156,51.98500061035156,11668600
2019-02-28,49.04591369628906,51.665000915527344,51.80500030517578,51.279998779296875,51.404998779296875,8978000
2019-03-01,49.496829986572266,52.13999938964844,52.400001525878906,51.6150016784668,52.130001068115234,8854800
2019-03-04,49.520565032958984,52.165000915527344,52.650001525878906,51.494998931884766,52.4900016784668,9056400
2019-03-05,49.287986755371094,51.91999816894531,52.220001220703125,51.64500045776367,52.005001068115234,8297000
2019-03-06,48.45734405517578,51.04499816894531,51.849998474121094,51.01499938964844,51.849998474121094,9314400
2019-03-07,47.93048095703125,50.4900016784668,50.849998474121094,50.209999084472656,50.75,12776000
2019-03-08,47.916236877441406,50.474998474121094,50.52000045776367,49.52000045776367,49.71500015258789,10104800
2019-03-11,48.93674087524414,51.54999923706055,51.79499816894531,50.665000915527344,50.7400016784668,11949200
2019-03-12,49.17881393432617,51.80500030517578,52.05500030517578,51.345001220703125,51.709999084472656,8638600
2019-03-13,49.37816619873047,52.01499938964844,52.404998779296875,51.93000030517578,52.09000015258789,8911400
2019-03-14,49.10286712646485,51.724998474121094,52.244998931884766,51.70500183105469,51.95000076293945,8708400
2019-03-15,50.41765975952149,53.11000061035156,53.560001373291016,52.349998474121094,52.369998931884766,16864200
2019-03-18,50.280006408691406,52.96500015258789,53.44499969482422,52.650001525878906,53.154998779296875,9495400
2019-03-19,50.85908508300781,53.57500076293945,53.744998931884766,53.209999084472656,53.3650016784668,13650000
2019-03-20,50.422401428222656,53.1150016784668,53.84000015258789,52.80500030517578,53.6349983215332,11618600
2019-03-21,52.159637451171875,54.94499969482422,55.29999923706055,53.314998626708984,53.314998626708984,18619000
2019-03-22,50.669227600097656,53.375,54.755001068115234,53.33000183105469,54.630001068115234,18134800
2019-03-25,50.028438568115234,52.70000076293945,53.474998474121094,52.290000915527344,53.040000915527344,11660400
2019-03-26,50.49360275268555,53.189998626708984,53.61000061035156,52.81999969482422,53.28499984741211,9677400
2019-03-27,49.75788879394531,52.415000915527344,53.400001525878906,52.060001373291016,53.244998931884766,15877800
2019-03-28,49.662960052490234,52.314998626708984,52.904998779296875,51.994998931884766,52.5,14141800
2019-03-29,50.46987533569336,53.165000915527344,53.275001525878906,52.83000183105469,52.935001373291016,11183800
2019-04-01,51.71345901489258,54.474998474121094,54.525001525878906,53.7400016784668,53.970001220703125,11873800
2019-04-02,51.75617980957031,54.52000045776367,54.650001525878906,54.19499969482422,54.494998931884766,6885600
2019-04-03,52.96179962158203,55.790000915527344,56.25,55.279998779296875,55.400001525878906,18118800
2019-04-04,53.01875686645508,55.849998474121094,56.19499969482422,55.47999954223633,55.54499816894531,13235200
2019-04-05,53.41746520996094,56.27000045776367,56.334999084472656,55.849998474121094,56.17499923706055,9291600
2019-04-08,53.526634216308594,56.3849983215332,56.45000076293945,55.900001525878906,55.97999954223633,7829200
2019-04-09,52.942813873291016,55.77000045776367,56.07500076293945,55.540000915527344,56.07500076293945,10522200
2019-04-10,53.3700065612793,56.220001220703125,56.3849983215332,55.619998931884766,55.650001525878906,12485200
2019-04-11,53.31778717041016,56.165000915527344,56.51499938964844,56.0,56.224998474121094,8534400
2019-04-12,54.06774139404297,56.95500183105469,56.95500183105469,56.47999954223633,56.720001220703125,7784800
2019-04-15,53.678524017333984,56.54499816894531,56.97999954223633,56.209999084472656,56.939998626708984,9355800
2019-04-16,54.98856735229492,57.92499923706055,57.935001373291016,56.915000915527344,56.94499969482422,13848000
2019-04-17,55.80022048950195,58.779998779296875,59.415000915527344,58.44499969482422,59.06999969482422,17039000
2019-04-18,55.880916595458984,58.8650016784668,59.0099983215332,58.54999923706055,58.915000915527344,11583800
2019-04-22,55.83819580078125,58.81999969482422,58.94499969482422,58.400001525878906,58.53499984741211,10271000
2019-04-23,56.289119720458984,59.29499816894531,59.44499969482422,58.900001525878906,59.060001373291016,9897800
2019-04-24,56.768516540527344,59.79999923706055,60.35499954223633,59.23500061035156,59.2400016784668,13842400
2019-04-25,55.64833068847656,58.619998931884766,59.60499954223633,58.220001220703125,59.45500183105469,19979400
2019-04-26,54.96957778930664,57.904998779296875,57.91999816894531,56.744998931884766,57.349998474121094,22088200
2019-04-29,54.68004608154297,57.599998474121094,57.900001525878906,57.415000915527344,57.775001525878906,7429000
2019-04-30,55.178428649902344,58.125,58.255001068115234,57.60499954223633,57.68000030517578,10399400
2019-05-01,54.7559814453125,57.68000030517578,58.939998626708984,57.6349983215332,58.599998474121094,14377200
2019-05-02,55.27336120605469,58.224998474121094,58.77000045776367,57.58000183105469,57.685001373291016,13587200
2019-05-03,55.76699447631836,58.744998931884766,58.78499984741211,58.20000076293945,58.584999084472656,12327200
2019-05-06,54.87465286254883,57.80500030517578,57.85499954223633,56.595001220703125,56.81999969482422,13573000
2019-05-07,53.6215705871582,56.48500061035156,57.255001068115234,55.880001068115234,57.119998931884766,23139400
2019-05-08,53.23709487915039,56.08000183105469,56.935001373291016,56.0,56.1150016784668,17838000
2019-05-09,52.48714828491211,55.290000915527344,55.55500030517578,54.07500076293945,55.125,36849000
2019-05-10,52.43018341064453,55.22999954223633,55.6150016784668,53.9900016784668,54.900001525878906,26992200
2019-05-13,49.999961853027344,52.66999816894531,53.7599983215332,52.46500015258789,53.375,35276800
2019-05-14,51.28152084350586,54.02000045776367,54.27000045776367,53.18000030517578,53.439998626708984,21698600
2019-05-15,51.75617980957031,54.52000045776367,54.875,53.33000183105469,53.3849983215332,25708000
2019-05-16,51.02521514892578,53.75,54.314998626708984,53.415000915527344,53.73500061035156,23369400
2019-05-17,50.04268264770508,52.71500015258789,54.025001525878906,52.54999923706055,52.935001373291016,38983200
2019-05-20,48.05388641357422,50.619998931884766,51.40999984741211,50.290000915527344,51.04999923706055,37746400
2019-05-21,49.150333404541016,51.775001525878906,53.349998474121094,51.28499984741211,51.71500015258789,19799200
2019-05-22,48.28647232055664,50.8650016784668,51.3650016784668,50.744998931884766,50.96500015258789,21798600
2019-05-23,47.48430252075195,50.02000045776367,50.18000030517578,49.25,49.95000076293945,24398800
2019-05-24,47.194766998291016,49.71500015258789,50.665000915527344,49.71500015258789,50.43000030517578,19091800
2019-05-28,46.777069091796875,49.275001525878906,50.15999984741211,49.22999954223633,50.0,12133600
2019-05-29,46.9337043762207,49.439998626708984,49.64500045776367,48.80500030517578,48.8650016784668,26899800
2019-05-30,47.2944450378418,49.81999969482422,50.2599983215332,49.48500061035156,49.599998474121094,15246600
2019-05-31,46.62517929077149,49.1150016784668,49.959999084472656,48.96500015258789,49.29499816894531,27918400
2019-06-03,46.57297134399414,49.060001373291016,50.03499984741211,48.82500076293945,49.654998779296875,13463400
2019-06-04,48.481075286865234,51.06999969482422,51.095001220703125,49.529998779296875,49.84000015258789,13922400
2019-06-05,48.110843658447266,50.68000030517578,51.63999938964844,50.119998931884766,51.51499938964844,21119000
2019-06-06,48.775360107421875,51.380001068115234,51.55500030517578,50.58000183105469,50.76499938964844,10042200
2019-06-07,49.406646728515625,52.04499816894531,52.18000030517578,51.48500061035156,51.665000915527344,11348200
2019-06-10,50.6407470703125,53.345001220703125,53.92499923706055,52.599998474121094,52.69499969482422,17218400
2019-06-11,50.82586288452149,53.540000915527344,54.400001525878906,53.209999084472656,54.18000030517578,16207000
2019-06-12,49.724666595458984,52.380001068115234,53.119998931884766,52.33000183105469,53.029998779296875,8059200
2019-06-13,49.97148132324219,52.63999938964844,52.85499954223633,52.290000915527344,52.72999954223633,7157200
2019-06-14,48.7278938293457,51.33000183105469,51.525001525878906,50.9900016784668,51.29499816894531,11866800
2019-06-17,48.42885971069336,51.01499938964844,51.46500015258789,50.88999938964844,51.30500030517578,12354200
2019-06-18,50.3986701965332,53.09000015258789,53.45500183105469,51.46500015258789,51.46500015258789,27726800
2019-06-19,50.517333984375,53.21500015258789,53.619998931884766,52.970001220703125,53.375,9436200
2019-06-20,51.10115814208984,53.83000183105469,54.599998474121094,53.54999923706055,54.3849983215332,11151200
2019-06-21,50.85908508300781,53.57500076293945,54.005001068115234,53.41999816894531,53.564998626708984,10478400
2019-06-24,50.95401763916016,53.67499923706055,53.89500045776367,53.474998474121094,53.70500183105469,12248800
2019-06-25,50.071163177490234,52.744998931884766,53.84000015258789,52.709999084472656,53.65999984741211,12314400
2019-06-26,51.55207824707031,54.30500030517578,54.66999816894531,53.89500045776367,53.900001525878906,14639600
2019-06-27,52.24507522583008,55.03499984741211,55.30500030517578,54.665000915527344,54.665000915527344,10445000
2019-06-28,52.29728317260742,55.09000015258789,55.79499816894531,55.05500030517578,55.75,11854800
2019-07-01,53.77346420288086,56.64500045776367,57.97999954223633,56.27000045776367,57.54999923706055,18217000
2019-07-02,53.14216995239258,55.97999954223633,56.494998931884766,55.72999954223633,56.4900016784668,8500600
2019-07-03,52.94756317138672,55.775001525878906,55.96500015258789,55.400001525878906,55.90999984741211,4022200
2019-07-05,52.5583381652832,55.3650016784668,55.48500061035156,54.79999923706055,55.125,7976800
2019-07-08,52.216590881347656,55.005001068115234,55.1150016784668,54.61000061035156,54.84000015258789,7715400
2019-07-09,52.58207321166992,55.38999938964844,55.470001220703125,54.54499816894531,54.6349983215332,8019800
2019-07-10,53.10419464111328,55.939998626708984,56.685001373291016,55.84000015258789,55.98500061035156,9222600
2019-07-11,53.2513427734375,56.095001220703125,56.30500030517578,55.80500030517578,56.255001068115234,7684400
2019-07-12,54.229122161865234,57.125,57.154998779296875,56.310001373291016,56.310001373291016,7099600
2019-07-15,54.66580581665039,57.584999084472656,57.79499816894531,57.255001068115234,57.45500183105469,5291600
2019-07-16,54.10096740722656,56.9900016784668,57.310001373291016,56.7400016784668,57.275001525878906,7413000
2019-07-17,54.29557418823242,57.19499969482422,57.52000045776367,57.025001525878906,57.38999938964844,5379000
2019-07-18,55.27336120605469,58.224998474121094,58.3650016784668,57.30500030517578,57.32500076293945,10446400
2019-07-19,55.27811050415039,58.22999954223633,58.7599983215332,58.19499969482422,58.439998626708984,8773200
2019-07-22,56.38405227661133,59.39500045776367,59.48500061035156,58.60499954223633,58.625,10074800
2019-07-23,57.010589599609375,60.05500030517578,60.060001373291016,59.415000915527344,59.79999923706055,8288600
2019-07-24,58.52947998046875,61.654998779296875,61.779998779296875,60.349998474121094,60.45500183105469,13770800
2019-07-25,57.471004486083984,60.540000915527344,61.349998474121094,60.43000030517578,61.28499984741211,11179200
2019-07-26,57.35234451293945,60.415000915527344,61.04999923706055,60.3849983215332,61.0,7876400
2019-07-29,57.54694747924805,60.619998931884766,60.71500015258789,59.79999923706055,60.314998626708984,8749600
2019-07-30,57.29063415527344,60.349998474121094,60.525001525878906,59.834999084472656,59.970001220703125,5625800
2019-07-31,55.5771369934082,58.54499816894531,60.11000061035156,57.88999938964844,60.08000183105469,10838800
2019-08-01,54.45695877075195,57.3650016784668,59.95500183105469,56.88999938964844,58.3849983215332,26134200
2019-08-02,53.716495513916016,56.584999084472656,57.22999954223633,56.10499954223633,56.900001525878906,16233800
2019-08-05,51.40019226074219,54.14500045776367,55.1349983215332,53.70500183105469,55.04999923706055,17974600
2019-08-06,52.216590881347656,55.005001068115234,55.61000061035156,54.415000915527344,55.165000915527344,18445200
2019-08-07,52.50138473510742,55.30500030517578,55.42499923706055,54.20000076293945,54.32500076293945,14577800
2019-08-08,53.84465789794922,56.720001220703125,56.77000045776367,55.525001525878906,55.775001525878906,10679800
2019-08-09,52.91433334350586,55.7400016784668,56.34000015258789,55.345001220703125,56.20000076293945,16228600
2019-08-12,52.28779220581055,55.08000183105469,55.70500183105469,54.779998779296875,55.220001220703125,7652400
2019-08-13,53.787696838378906,56.65999984741211,57.095001220703125,54.64500045776367,54.93000030517578,19539800
2019-08-14,52.05521011352539,54.834999084472656,55.71500015258789,54.5099983215332,55.25,16064800
2019-08-15,51.99825668334961,54.775001525878906,55.25,54.29999923706055,55.17499923706055,9550200
2019-08-16,53.27032470703125,56.1150016784668,56.2599983215332,55.005001068115234,55.375,11025600
2019-08-19,54.14842987060547,57.040000915527344,57.584999084472656,56.775001525878906,57.33000183105469,9343600
2019-08-20,53.83990478515625,56.71500015258789,57.11000061035156,56.48500061035156,56.95000076293945,11217400
2019-08-21,54.390499114990234,57.29499816894531,57.56999969482422,57.029998779296875,57.290000915527344,5137200
2019-08-22,54.319305419921875,57.220001220703125,57.54499816894531,56.6349983215332,57.375,7954000
2019-08-23,52.06945037841797,54.849998474121094,57.025001525878906,54.650001525878906,56.45000076293945,25397800
2019-08-26,52.605812072753906,55.415000915527344,55.790000915527344,55.21500015258789,55.685001373291016,7238400
2019-08-27,52.48239517211914,55.28499984741211,56.040000915527344,54.959999084472656,55.849998474121094,8074600
2019-08-28,52.81940460205078,55.63999938964844,55.72999954223633,54.6349983215332,55.03499984741211,7751000
2019-08-29,53.96331787109375,56.845001220703125,57.220001220703125,56.54999923706055,56.59000015258789,11236000
2019-08-30,54.309814453125,57.209999084472656,57.689998626708984,56.95500183105469,57.41999816894531,7725800
2019-09-03,53.4506950378418,56.30500030517578,56.78499984741211,55.994998931884766,56.654998779296875,8735400
2019-09-04,55.02653884887695,57.96500015258789,57.97999954223633,57.224998474121094,57.23500061035156,10075600
2019-09-05,56.69731521606445,59.724998474121094,60.38999938964844,59.154998779296875,59.224998474121094,14293000
2019-09-06,56.74478912353515,59.775001525878906,59.994998931884766,59.44499969482422,59.81999969482422,5642800
2019-09-09,56.963130950927734,60.005001068115234,60.459999084472656,59.7599983215332,60.02000045776367,6717800
2019-09-10,57.07704544067383,60.125,60.130001068115234,59.29499816894531,59.68000030517578,7901000
2019-09-11,57.803260803222656,60.88999938964844,60.92499923706055,60.05500030517578,60.3650016784668,6789000
2019-09-12,57.8934440612793,60.98500061035156,61.564998626708984,60.584999084472656,61.334999084472656,8984400
2019-09-13,57.864967346191406,60.95500183105469,61.2400016784668,60.66999816894531,60.900001525878906,7082400
2019-09-16,57.47574996948242,60.54499816894531,60.775001525878906,60.025001525878906,60.44499969482422,4699400
2019-09-17,57.70832824707031,60.790000915527344,60.84000015258789,60.13999938964844,60.29999923706055,6576600
2019-09-18,57.77003860473633,60.85499954223633,60.8849983215332,60.040000915527344,60.775001525878906,4461600
2019-09-19,57.53745651245117,60.61000061035156,61.18000030517578,60.54499816894531,61.025001525878906,5574200
2019-09-20,56.45999526977539,59.474998474121094,60.7599983215332,59.27000045776367,60.75,10108000
2019-09-23,56.94413757324219,59.98500061035156,60.29999923706055,59.40999984741211,59.40999984741211,5841800
2019-09-24,56.0992546081543,59.095001220703125,60.54499816894531,58.82500076293945,60.43000030517578,11076200
2019-09-25,57.05805587768555,60.10499954223633,60.2599983215332,58.334999084472656,58.80500030517578,10392800
2019-09-26,57.25740814208984,60.314998626708984,60.4900016784668,59.67499923706055,60.150001525878906,9736600
2019-09-27,55.899898529052734,58.8849983215332,60.11000061035156,58.43000030517578,59.845001220703125,13748000
2019-09-30,56.545433044433594,59.564998626708984,59.630001068115234,58.974998474121094,59.29499816894531,5178000
2019-10-01,56.16096496582031,59.15999984741211,60.65999984741211,58.93000030517578,59.97999954223633,9516800
2019-10-02,55.24488067626953,58.19499969482422,58.77000045776367,57.86000061035156,58.61000061035156,9928200
2019-10-03,56.094505310058594,59.09000015258789,59.15999984741211,57.540000915527344,58.189998626708984,11036000
2019-10-04,57.081790924072266,60.130001068115234,60.15999984741211,59.2599983215332,59.459999084472656,7152400
2019-10-07,56.79700469970703,59.83000183105469,60.39500045776367,59.810001373291016,60.04999923706055,9452600
2019-10-08,55.30657958984375,58.2599983215332,59.375,58.15999984741211,59.19499969482422,12161800
2019-10-09,56.27962112426758,59.28499984741211,59.67499923706055,58.95000076293945,59.09000015258789,6429000
2019-10-10,56.81597900390625,59.849998474121094,60.415000915527344,59.3849983215332,59.44499969482422,9358800
2019-10-11,58.111785888671875,61.21500015258789,61.939998626708984,60.904998779296875,61.04999923706055,17065400
2019-10-14,58.19722366333008,61.30500030517578,61.435001373291016,61.025001525878906,61.21500015258789,4406200
2019-10-15,59.35538101196289,62.525001525878906,62.689998626708984,61.584999084472656,61.584999084472656,7605200
2019-10-16,58.49151611328125,61.6150016784668,62.459999084472656,61.5,62.125,6919400
2019-10-17,58.52947998046875,61.654998779296875,62.55500030517578,61.279998779296875,62.29999923706055,6686200
2019-10-18,57.95514297485352,61.04999923706055,61.744998931884766,60.505001068115234,61.55500030517578,7198400
2019-10-21,59.042110443115234,62.19499969482422,62.220001220703125,61.41999816894531,61.5,8208200
2019-10-22,58.5959358215332,61.724998474121094,62.494998931884766,61.709999084472656,62.40999984741211,6848800
2019-10-23,57.57543182373047,60.650001525878906,61.10499954223633,60.310001373291016,60.63999938964844,11567400
2019-10-24,59.099063873291016,62.255001068115234,62.279998779296875,61.45000076293945,61.55500030517578,9543200
2019-10-25,60.29519271850586,63.51499938964844,63.56999969482422,62.529998779296875,62.529998779296875,9143200
2019-10-28,61.21127700805664,64.4800033569336,64.55999755859375,63.90999984741211,64.05000305175781,9707200
2019-10-29,60.793575286865234,64.04000091552734,65.08000183105469,63.970001220703125,64.58999633789062,7143000
2019-10-30,60.86003112792969,64.11000061035156,64.37999725341797,63.60499954223633,64.37999725341797,6770600
2019-10-31,60.51353073120117,63.744998931884766,64.0,63.064998626708984,63.93000030517578,7842400
2019-11-01,61.76186752319336,65.05999755859375,65.06999969482422,64.11499786376953,64.25,8745400
2019-11-04,63.07666015625,66.44499969482422,66.54000091552734,65.91000366210938,66.12000274658203,7755000
2019-11-05,63.109893798828125,66.4800033569336,67.01000213623047,66.30000305175781,66.58499908447266,5403600
2019-11-06,62.72541427612305,66.07499694824219,66.33499908447266,65.48500061035156,66.26499938964844,8512000
2019-11-07,63.09564208984375,66.46499633789062,67.13999938964844,66.16500091552734,66.92500305175781,7853600
2019-11-08,63.22854995727539,66.6050033569336,66.6050033569336,65.71499633789062,66.16000366210938,6742000
2019-11-11,62.97223281860352,66.33499908447266,66.45999908447266,65.80000305175781,66.04000091552734,5145000
2019-11-12,63.10513687133789,66.4749984741211,66.9800033569336,66.2249984741211,66.625,4700200
2019-11-13,63.21430969238281,66.58999633789062,66.76000213623047,65.9000015258789,66.08999633789062,5713800
2019-11-14,63.10039520263672,66.47000122070312,66.52999877929688,65.98999786376953,66.43499755859375,5224800
2019-11-15,63.74116897583008,67.1449966430664,67.62999725341797,66.86000061035156,67.375,8184400
2019-11-18,63.77914810180664,67.18499755859375,67.5999984741211,66.80500030517578,67.11499786376953,3931600
2019-11-19,63.56081008911133,66.95500183105469,67.625,66.66500091552734,67.52999877929688,6635400
2019-11-20,62.93901062011719,66.30000305175781,66.99500274658203,65.77999877929688,66.62000274658203,9882000
2019-11-21,62.250755310058594,65.57499694824219,66.15499877929688,65.30000305175781,66.0,8167600
2019-11-22,62.1415901184082,65.45999908447266,66.08999633789062,65.33000183105469,65.83499908447266,6401600
2019-11-25,63.57504653930664,66.97000122070312,66.9800033569336,66.02999877929688,66.02999877929688,6601400
2019-11-26,63.37093734741211,66.75499725341797,66.92500305175781,66.43000030517578,66.81999969482422,7094200
2019-11-27,63.79813766479492,67.20500183105469,67.20500183105469,66.87999725341797,67.0250015258789,4592000
2019-11-29,63.08616256713867,66.45500183105469,66.87000274658203,66.41500091552734,66.83499908447266,3278400
2019-12-02,62.2650032043457,65.58999633789062,66.66999816894531,65.4749984741211,66.59500122070312,9095200
2019-12-03,61.39163589477539,64.66999816894531,64.71499633789062,63.959999084472656,64.32499694824219,13605000
2019-12-04,62.29347610473633,65.62000274658203,65.86000061035156,65.43499755859375,65.5,6475400
2019-12-05,62.668460845947266,66.01499938964844,66.19499969482422,65.73500061035156,65.93000030517578,4876200
2019-12-06,63.598777770996094,66.99500274658203,67.13999938964844,66.66500091552734,66.66500091552734,6751600
2019-12-09,63.17158889770508,66.54499816894531,67.19999694824219,66.53500366210938,67.02999877929688,3950800
2019-12-10,63.423152923583984,66.80999755859375,67.2249984741211,66.62000274658203,66.79499816894531,5077200
2019-12-11,64.78067016601562,68.23999786376953,68.2699966430664,67.03500366210938,67.29499816894531,9540200
2019-12-12,66.64131164550781,70.19999694824219,70.23500061035156,68.26499938964844,68.33499908447266,12050000
2019-12-13,66.38499450683594,69.93000030517578,70.96499633789062,69.70500183105469,70.19499969482422,10016800
2019-12-16,66.92609405517578,70.5,71.05000305175781,70.46499633789062,70.79000091552734,7099800
2019-12-17,67.30581665039062,70.9000015258789,71.04499816894531,70.48999786376953,71.0,5578400
2019-12-18,67.07322692871094,70.65499877929688,71.0999984741211,70.54499816894531,71.0999984741211,4842600
2019-12-19,67.46246337890625,71.06500244140625,71.12000274658203,70.57499694824219,70.96499633789062,4704200
2019-12-20,68.11273193359375,71.75,71.98500061035156,71.20999908447266,71.44999694824219,6537200
2019-12-23,68.45093536376953,71.04000091552734,71.70999908447266,70.80999755859375,71.56500244140625,5452200
2019-12-24,68.59064483642578,71.18499755859375,71.21499633789062,70.71499633789062,71.21499633789062,2355200
2019-12-26,68.77372741699219,71.375,71.48999786376953,71.03500366210938,71.26000213623047,3149800
2019-12-27,68.53765106201172,71.12999725341797,71.69999694824219,70.9800033569336,71.63500213623047,3688400
2019-12-30,68.04142761230469,70.61499786376953,71.25,70.125,71.25,5910000
2019-12-31,68.12814331054688,70.70500183105469,70.83999633789062,70.20500183105469,70.375,5706200
2020-01-02,69.70355224609375,72.33999633789062,72.47000122070312,71.65499877929688,71.8949966430664,5200400
2020-01-03,68.5617446899414,71.15499877929688,71.71499633789062,70.94000244140625,71.2750015258789,9963600
2020-01-06,67.82943725585938,70.3949966430664,70.56500244140625,69.88500213623047,70.25499725341797,6514000
2020-01-07,68.96162414550781,71.56999969482422,71.82499694824219,70.69999694824219,71.12000274658203,6526000
2020-01-08,69.0772476196289,71.69000244140625,72.05500030517578,71.26000213623047,71.56500244140625,6112800
2020-01-09,69.4722900390625,72.0999984741211,72.6050033569336,71.41999816894531,72.6050033569336,6403600
2020-01-10,68.89417266845703,71.5,72.51000213623047,71.37000274658203,72.51000213623047,4503800
2020-01-13,69.85772705078125,72.5,72.52999877929688,71.83999633789062,72.0999984741211,7211800
2020-01-14,70.00224304199219,72.6500015258789,73.13500213623047,72.20999908447266,72.58999633789062,6001800
2020-01-15,68.9664306640625,71.57499694824219,72.45999908447266,71.37000274658203,72.3550033569336,7379800
2020-01-16,70.07935333251953,72.7300033569336,72.7300033569336,72.15499877929688,72.23999786376953,6238400
2020-01-17,70.368408203125,73.02999877929688,73.05000305175781,72.51000213623047,73.04499816894531,5896400
2020-01-21,70.42621612548828,73.08999633789062,73.41500091552734,72.67500305175781,72.73999786376953,6054400
2020-01-22,71.00435638427734,73.69000244140625,74.30500030517578,73.4800033569336,73.62000274658203,7073600
2020-01-23,71.44759368896484,74.1500015258789,74.1500015258789,73.28500366210938,73.9000015258789,8740000
2020-01-24,71.13442993164062,73.82499694824219,75.37000274658203,73.2750015258789,75.15499877929688,9998400
2020-01-27,68.26786041259766,70.8499984741211,71.75,70.625,71.43000030517578,13582200
2020-01-28,69.9781723022461,72.625,72.79000091552734,71.20500183105469,71.625,7419400
2020-01-29,68.91344451904297,71.5199966430664,72.56999969482422,71.40499877929688,72.33000183105469,5874400
2020-01-30,68.75445556640625,71.3550033569336,71.47000122070312,69.98500061035156,70.79499816894531,10334200
2020-01-31,66.27812957763672,68.78500366210938,70.78500366210938,68.4800033569336,70.72000122070312,12204800
2020-02-03,67.1838607788086,69.7249984741211,69.81999969482422,68.99500274658203,69.08499908447266,7682000
2020-02-04,69.34703826904297,71.97000122070312,72.03500366210938,71.23500061035156,71.5999984741211,10815600
2020-02-05,70.72492980957031,73.4000015258789,73.55500030517578,72.43000030517578,73.25,10793000
2020-02-06,70.77310180664062,73.44999694824219,73.5199966430664,72.59500122070312,73.5,5421800
2020-02-07,69.15433502197266,71.7699966430664,72.78500366210938,71.7300033569336,72.7249984741211,10472400
2020-02-10,70.24314880371094,72.9000015258789,72.91500091552734,71.25,71.29000091552734,8198400
2020-02-11,71.72702026367188,74.44000244140625,74.75,73.55999755859375,73.55999755859375,10834200
2020-02-12,72.7387466430664,75.48999786376953,75.58000183105469,74.99500274658203,74.99500274658203,7438400
2020-02-13,72.91220092773438,75.66999816894531,76.16500091552734,74.87000274658203,74.9749984741211,7965600
2020-02-14,72.59904479980469,75.34500122070312,76.30999755859375,74.8949966430664,76.0,7469800
2020-02-18,71.51021575927734,74.21499633789062,74.33000183105469,73.55500030517578,73.83499908447266,11817200
2020-02-19,73.3506088256836,76.125,76.26000213623047,75.25,75.37000274658203,8134000
2020-02-20,72.1943588256836,74.92500305175781,75.9000015258789,73.7699966430664,75.80000305175781,7756000
2020-02-21,70.07452392578125,72.7249984741211,74.4749984741211,72.4800033569336,74.43000030517578,14164000
2020-02-24,66.89960479736328,69.43000030517578,70.36499786376953,68.7699966430664,69.38500213623047,19728200
2020-02-25,64.97250366210938,67.43000030517578,70.47000122070312,67.1050033569336,70.25,25658000
2020-02-26,65.36273956298828,67.83499908447266,69.125,67.29499816894531,68.01000213623047,19085800
2020-02-27,62.35163116455078,64.70999908447266,67.0250015258789,64.55000305175781,66.0,25962400
2020-02-28,63.58016586303711,65.98500061035156,66.33999633789062,62.154998779296875,62.29999923706055,19297800
2020-03-02,65.7818832397461,68.2699966430664,68.27999877929688,65.00499725341797,66.83999633789062,14083000
2020-03-03,63.623512268066406,66.02999877929688,69.45500183105469,65.55500030517578,68.5250015258789,14801000
2020-03-04,66.8851547241211,69.41500091552734,69.41500091552734,66.625,67.33999633789062,10802800
2020-03-05,64.78461456298828,67.23500061035156,68.88999938964844,66.6449966430664,67.50499725341797,11346000
2020-03-06,63.53681182861328,65.94000244140625,66.36499786376953,64.32499694824219,65.25499725341797,14819200
2020-03-09,58.251705169677734,60.45500183105469,63.5,60.2400016784668,60.33000183105469,14174400
2020-03-10,61.840946197509766,64.18000030517578,64.18000030517578,60.6150016784668,62.76499938964844,12554000
2020-03-11,58.502235412597656,60.71500015258789,63.5,60.095001220703125,62.064998626708984,14558200
2020-03-12,52.32584381103515,54.30500030517578,58.814998626708984,54.29499816894531,56.470001220703125,13776000
2020-03-13,57.398963928222656,59.56999969482422,60.08000183105469,54.54999923706055,57.65999984741211,11600000
2020-03-16,49.1268424987793,50.98500061035156,56.220001220703125,50.63999938964844,52.599998474121094,13095800
2020-03-17,53.1063232421875,55.1150016784668,55.709999084472656,50.25,51.8849983215332,19195800
2020-03-18,48.693241119384766,50.53499984741211,53.185001373291016,48.0,51.0,14520400
2020-03-19,49.55562210083008,51.43000030517578,53.07500076293945,48.52000045776367,50.14500045776367,10292200
2020-03-20,48.68842697143555,50.529998779296875,54.61000061035156,50.400001525878906,53.57500076293945,13733000
2020-03-23,50.49509048461914,52.404998779296875,53.150001525878906,49.959999084472656,51.224998474121094,13153600
2020-03-24,55.70792007446289,57.814998626708984,58.040000915527344,55.70000076293945,55.75,15628600
2020-03-25,55.28877639770508,57.380001068115234,60.19499969482422,56.35499954223633,58.369998931884766,9801600
2020-03-26,58.64194869995117,60.86000061035156,61.0,58.099998474121094,58.400001525878906,9212800
2020-03-27,55.39958190917969,57.494998931884766,59.53499984741211,57.474998474121094,58.76499938964844,12571400
2020-03-30,57.5723991394043,59.75,59.95500183105469,57.91999816894531,58.560001373291016,9145600
2020-03-31,56.43540573120117,58.56999969482422,60.66999816894531,58.18000030517578,59.869998931884766,10223600
2020-04-01,53.63628005981445,55.665000915527344,58.095001220703125,55.09000015258789,56.720001220703125,12936000
2020-04-02,55.08160781860352,57.165000915527344,57.349998474121094,55.119998931884766,55.16999816894531,9846200
2020-04-03,53.97834396362305,56.02000045776367,57.72999954223633,55.404998779296875,57.0,7177600
2020-04-06,59.3453369140625,61.59000015258789,61.904998779296875,58.61000061035156,58.6150016784668,17371000
2020-04-07,59.16226577758789,61.400001525878906,63.939998626708984,61.400001525878906,63.849998474121094,11802800
2020-04-08,61.12309265136719,63.435001373291016,63.744998931884766,61.689998626708984,62.494998931884766,9511600
2020-04-09,59.677764892578125,61.935001373291016,64.81999969482422,61.44499969482422,64.09500122070312,20814000
2020-04-13,60.45824432373047,62.744998931884766,62.845001220703125,61.375,61.665000915527344,10961600
2020-04-14,63.10319900512695,65.48999786376953,65.55000305175781,64.08999633789062,64.30999755859375,15345800
2020-04-15,61.40252685546875,63.724998474121094,64.06500244140625,62.994998931884766,64.0250015258789,12026800
2020-04-16,63.03093719482422,65.41500091552734,65.71499633789062,64.19999694824219,64.82499694824219,9310000
2020-04-17,63.647613525390625,66.05500030517578,66.9749984741211,65.43000030517578,66.68000030517578,10195200
2020-04-20,62.29863357543945,64.65499877929688,66.05999755859375,64.63500213623047,65.00499725341797,6241200
2020-04-21,59.50914001464844,61.7599983215332,63.90999984741211,61.38999938964844,63.55500030517578,12767200
2020-04-22,62.87195587158203,65.25,65.62000274658203,63.525001525878906,63.57500076293945,12027600
2020-04-23,62.2938232421875,64.6500015258789,65.95999908447266,64.5,65.2300033569336,8544400
2020-04-24,63.55125427246094,65.95500183105469,66.11499786376953,64.16000366210938,64.6449966430664,7987400
2020-04-27,64.33654022216797,66.7699966430664,67.33499908447266,66.25499725341797,66.61000061035156,8903600
2020-04-28,63.90776443481445,66.32499694824219,68.2300033569336,66.25,67.8949966430664,9113600
2020-04-29,66.90924072265625,69.44000244140625,69.68000030517578,67.26499938964844,67.5199966430664,9771000
2020-04-30,64.42809295654297,66.86499786376953,69.05000305175781,66.75,69.05000305175781,13736400
2020-05-01,61.39289855957031,63.71500015258789,65.55000305175781,63.46500015258789,65.43000030517578,12030800
2020-05-04,62.07220077514648,64.41999816894531,64.5,63.05500030517578,63.45000076293945,7615800
2020-05-05,62.881595611572266,65.26000213623047,66.41500091552734,64.88999938964844,65.33499908447266,9668800
2020-05-06,63.61871337890625,66.0250015258789,67.0199966430664,65.87000274658203,66.05500030517578,6652600
2020-05-07,64.19683837890625,66.625,67.45999908447266,66.3550033569336,67.25,6246200
2020-05-08,65.83488464355469,68.32499694824219,68.40499877929688,67.08999633789062,67.36000061035156,6032800
2020-05-11,65.86861419677734,68.36000061035156,68.8499984741211,67.62000274658203,67.66500091552734,5441000
2020-05-12,64.05713653564453,66.4800033569336,68.95500183105469,66.45999908447266,68.80000305175781,7153200
2020-05-13,62.92013931274414,65.30000305175781,67.19499969482422,64.38500213623047,66.96499633789062,13727600
2020-05-14,64.68342590332031,67.12999725341797,67.19499969482422,63.70500183105469,64.80500030517578,11389600
2020-05-15,63.209197998046875,65.5999984741211,65.92500305175781,64.43000030517578,64.875,14959000
2020-05-18,65.93124389648438,68.42500305175781,68.78500366210938,67.21499633789062,67.27999877929688,8478200
2020-05-19,65.68553924560547,68.16999816894531,69.63500213623047,68.06500244140625,68.3949966430664,7990000
2020-05-20,68.06550598144531,70.63999938964844,71.00499725341797,69.66000366210938,69.68000030517578,9048200
2020-05-21,66.34075164794922,68.8499984741211,70.6449966430664,68.75,70.47000122070312,8865600
2020-05-22,66.48046875,68.99500274658203,69.07499694824219,68.04499816894531,68.88500213623047,4969000
2020-05-26,67.05377960205078,69.58999633789062,71.06999969482422,69.48500061035156,70.63500213623047,9327200
2020-05-27,68.06550598144531,70.63999938964844,70.6500015258789,67.82499694824219,69.61499786376953,13018200
2020-05-28,66.61054992675781,69.12999725341797,71.00499725341797,68.7750015258789,70.25,10383400
2020-05-29,67.945068359375,70.51499938964844,70.94499969482422,69.13999938964844,69.38500213623047,12020000
2020-06-01,67.8438949584961,70.41000366210938,70.77999877929688,69.88999938964844,70.44999694824219,6332800
2020-06-02,69.17842102050781,71.79499816894531,71.86000061035156,70.33499908447266,70.74500274658203,7555800
2020-06-03,71.08625030517578,73.7750015258789,74.06999969482422,72.87999725341797,72.88500213623047,8987600
2020-06-04,71.87155151367188,74.58999633789062,75.08999633789062,73.3499984741211,73.44499969482422,6281600
2020-06-05,73.56741333007812,76.3499984741211,77.38500213623047,76.07499694824219,76.16500091552734,9793600
2020-06-08,73.34579467773438,76.12000274658203,76.72000122070312,74.7300033569336,76.69499969482422,5562200
2020-06-09,73.4806900024414,76.26000213623047,76.54499816894531,75.03500366210938,75.28500366210938,5726000
2020-06-10,73.85648345947266,76.6500015258789,77.36499786376953,76.33000183105469,76.7249984741211,7012600
2020-06-11,69.32294464111328,71.94499969482422,75.05000305175781,71.8949966430664,74.73500061035156,9342800
2020-06-12,70.30096435546875,72.95999908447266,74.375,71.42500305175781,74.0,9391800
2020-06-15,71.21151733398438,73.90499877929688,74.01000213623047,71.16500091552734,71.36000061035156,8518200
2020-06-16,72.32441711425781,75.05999755859375,76.30999755859375,73.88999938964844,75.90499877929688,7783600
2020-06-17,73.09046173095703,75.8550033569336,76.50499725341797,75.36000061035156,75.76499938964844,9421200
2020-06-18,72.9892807006836,75.75,76.17500305175781,75.36499786376953,75.70999908447266,5770000
2020-06-19,72.647216796875,75.3949966430664,76.9749984741211,75.20500183105469,76.55000305175781,6698200
2020-06-22,73.31207275390625,76.08499908447266,76.1500015258789,74.76000213623047,75.41000366210938,5636000
2020-06-23,73.55296325683594,76.33499908447266,77.05000305175781,76.17500305175781,76.5999984741211,4749200
2020-06-24,72.01126861572266,74.73500061035156,76.3499984741211,74.16500091552734,75.92500305175781,8941800
2020-06-25,72.50267791748047,75.24500274658203,75.38999938964844,73.55000305175781,74.83999633789062,4635400
2020-06-26,71.14407348632812,73.83499908447266,75.41000366210938,73.67500305175781,75.24500274658203,7897800
2020-06-29,71.86673736572266,74.58499908447266,74.58499908447266,72.92500305175781,74.06999969482422,6789800
2020-06-30,73.61559295654297,76.4000015258789,76.68000030517578,74.93499755859375,75.04499816894531,8866200
2020-07-01,72.7724838256836,75.5250015258789,76.4800033569336,75.5199966430664,76.44999694824219,6057600
2020-07-02,73.88539123535156,76.68000030517578,77.25499725341797,76.30999755859375,76.56500244140625,6947400
2020-07-06,75.92330932617188,78.79499816894531,79.05000305175781,77.92500305175781,78.08499908447266,6925800
2020-07-07,74.97901916503906,77.81500244140625,79.03500366210938,77.66000366210938,78.57499694824219,5952000
2020-07-08,76.05339050292969,78.93000030517578,79.00499725341797,77.875,78.5199966430664,5181600
2020-07-09,77.37345123291016,80.30000305175781,80.62000274658203,78.44499969482422,79.25,11834000
2020-07-10,77.06993103027344,79.98500061035156,80.51499938964844,79.19499969482422,80.28500366210938,4751800
2020-07-13,75.96184539794922,78.83499908447266,82.0250015258789,78.68000030517578,81.19999694824219,9496400
2020-07-14,77.23856353759766,80.16000366210938,80.3499984741211,77.40499877929688,78.31500244140625,7806200
2020-07-15,76.88684844970703,79.79499816894531,80.68499755859375,78.6449966430664,80.65499877929688,6357000
2020-07-16,76.82904815673828,79.73500061035156,79.9749984741211,78.55000305175781,79.04499816894531,6811200
2020-07-17,77.18556213378906,80.1050033569336,80.38999938964844,79.70999908447266,80.26000213623047,4978200
2020-07-20,78.72725677490234,81.70500183105469,81.91999816894531,79.66000366210938,80.2249984741211,4485600
2020-07-21,78.33218383789062,81.29499816894531,82.58499908447266,81.06999969482422,82.54000091552734,6091000
2020-07-22,78.90550994873047,81.88999938964844,82.47000122070312,81.23999786376953,81.55999755859375,4728600
2020-07-23,77.60469818115234,80.54000091552734,82.5250015258789,79.83499908447266,81.91000366210938,7436000
2020-07-24,76.82423400878906,79.7300033569336,80.94000244140625,78.61499786376953,79.2750015258789,6040800
2020-07-27,79.92205810546875,82.94499969482422,83.00499725341797,81.41999816894531,81.54000091552734,5584800
2020-07-28,77.84559631347656,80.79000091552734,81.91000366210938,80.66500091552734,81.80500030517578,5692600
2020-07-29,79.80642700195312,82.82499694824219,83.13500213623047,81.36499786376953,81.51000213623047,6411200
2020-07-30,80.5580062866211,83.6050033569336,83.69999694824219,81.93000030517578,82.1050033569336,6549600
2020-07-31,80.0810317993164,83.11000061035156,83.7699966430664,81.91500091552734,83.7699966430664,10354800
2020-08-03,81.50709533691406,84.58999633789062,84.7249984741211,83.57499694824219,83.66500091552734,4024800
2020-08-04,82.69226837158203,85.81999969482422,85.9000015258789,84.55999755859375,84.62999725341797,5997000
2020-08-05,82.76453399658203,85.8949966430664,86.54499816894531,85.41999816894531,85.81999969482422,4373800
2020-08-06,82.62001037597656,85.74500274658203,85.875,84.87000274658203,85.86000061035156,4438600
2020-08-07,81.6708984375,84.76000213623047,86.01499938964844,83.87000274658203,85.61499786376953,5515200
2020-08-10,81.72872161865234,84.81999969482422,85.22000122070312,83.56999969482422,85.03500366210938,4574800
2020-08-11,80.57246398925781,83.62000274658203,85.25499725341797,83.37000274658203,84.83499908447266,6514400
2020-08-12,83.10660552978516,86.25,86.5,84.01499938964844,84.36000061035156,5739600
2020-08-13,82.31648254394531,85.43000030517578,86.30000305175781,85.04000091552734,86.20500183105469,4549600
2020-08-14,82.22976684570312,85.33999633789062,86.43000030517578,85.13999938964844,85.67500305175781,3263000
2020-08-17,83.42938995361328,86.58499908447266,87.05500030517578,86.12000274658203,86.33000183105469,2801800
2020-08-18,82.91389465332031,86.05000305175781,87.16500091552734,85.81999969482422,86.94499969482422,3021800
2020-08-19,82.40802001953125,85.5250015258789,86.29499816894531,85.31999969482422,86.21499633789062,4716600
2020-08-20,81.74798583984375,84.83999633789062,85.11000061035156,84.11499786376953,84.58999633789062,5814800
2020-08-21,82.34056854248047,85.45500183105469,85.4749984741211,84.51000213623047,84.80999755859375,4163000
2020-08-24,83.0728759765625,86.21499633789062,86.69499969482422,85.6050033569336,86.41000366210938,2595400
2020-08-25,84.0123519897461,87.19000244140625,87.2300033569336,86.4000015258789,86.41500091552734,2598800
2020-08-26,84.47966766357422,87.67500305175781,87.96499633789062,87.17500305175781,87.41000366210938,2835800
2020-08-27,83.29449462890625,86.44499969482422,88.19499969482422,85.91999816894531,87.9749984741211,6242800
2020-08-28,84.619384765625,87.81999969482422,87.9000015258789,86.42500305175781,86.69999694824219,2711600
2020-08-31,84.48929595947266,87.68499755859375,88.31999969482422,86.94999694824219,87.55000305175781,3468600
2020-09-01,86.14662170410156,89.40499877929688,89.44999694824219,87.94000244140625,88.3499984741211,3668000
2020-09-02,88.43024444580078,91.7750015258789,92.30500030517578,89.69000244140625,90.9000015258789,7925000
2020-09-03,83.73291015625,86.9000015258789,90.41000366210938,86.18499755859375,90.41000366210938,13800400
2020-09-04,82.58145904541016,85.70500183105469,87.36000061035156,82.75,86.19499969482422,9850800
2020-09-08,78.91995239257812,81.90499877929688,84.30999755859375,81.78500366210938,82.4000015258789,7993400
2020-09-09,81.17949676513672,84.25,84.88500213623047,82.99500274658203,83.91500091552734,4672200
2020-09-10,80.15812683105469,83.19000244140625,85.65499877929688,82.69999694824219,85.23999786376953,5837600
2020-09-11,80.00395965576172,83.02999877929688,84.68499755859375,82.23500061035156,83.9000015258789,4779200
2020-09-14,81.80580139160156,84.9000015258789,85.50499725341797,84.26499938964844,84.9749984741211,4549000
2020-09-15,83.5257568359375,86.68499755859375,87.23999786376953,85.88500213623047,86.08999633789062,7696200
2020-09-16,82.49956512451172,85.62000274658203,87.37000274658203,85.48500061035156,87.23999786376953,3870000
2020-09-17,82.31167602539062,85.42500305175781,85.55999755859375,83.1050033569336,83.26000213623047,4373600
2020-09-18,81.06868743896484,84.13500213623047,86.08999633789062,83.12000274658203,85.91999816894531,5509200
2020-09-21,81.10723114013672,84.17500305175781,84.18000030517578,82.01499938964844,82.71499633789062,8011400
2020-09-22,81.77207946777344,84.86499786376953,85.01499938964844,83.18000030517578,84.67500305175781,3214200
2020-09-23,79.90278625488281,82.92500305175781,85.32499694824219,82.625,84.94999694824219,4852200
2020-09-24,80.60136413574219,83.6500015258789,84.80500030517578,82.05000305175781,82.1500015258789,6385600
2020-09-25,81.5360107421875,84.62000274658203,84.87999725341797,82.45999908447266,83.43000030517578,5076400
2020-09-28,83.60765838623047,86.7699966430664,86.83999633789062,85.2300033569336,85.93000030517578,3918000
2020-09-29,84.05089569091797,87.2300033569336,87.78500366210938,86.56500244140625,86.56500244140625,6431400
2020-09-30,83.92562866210938,87.0999984741211,88.09500122070312,86.7249984741211,87.06500244140625,5782200
2020-10-01,85.99726867675781,89.25,89.54000091552734,88.32499694824219,88.76499938964844,4724800
2020-10-02,83.41975402832031,86.57499694824219,88.4749984741211,86.54000091552734,87.26499938964844,6278600
2020-10-05,86.26225280761719,89.5250015258789,89.5250015258789,87.32499694824219,87.3949966430664,3832200
2020-10-06,85.50585174560547,88.73999786376953,90.80500030517578,88.38999938964844,89.30999755859375,10500200
2020-10-07,87.33660888671875,90.63999938964844,90.88500213623048,90.05999755859375,90.08000183105467,3467600
2020-10-08,88.40616607666016,91.75,91.87000274658205,91.18000030517578,91.62000274658205,3773200
2020-10-09,89.92374420166016,93.3249969482422,93.5500030517578,92.6999969482422,93.13500213623048,5310200
2020-10-12,91.50880432128906,94.97000122070312,95.36000061035156,94.05500030517578,94.62000274658205,4606200
2020-10-13,91.23419189453124,94.68499755859376,95.4749984741211,94.29000091552734,95.03500366210938,3182800
2020-10-14,90.7524185180664,94.18499755859376,95.2699966430664,93.5999984741211,95.08999633789062,4294000
2020-10-15,90.40069580078124,93.81999969482422,93.9499969482422,92.1999969482422,92.45500183105467,2655800
2020-10-16,89.83704376220703,93.23500061035156,94.51000213623048,93.16000366210938,94.51000213623048,3466600
2020-10-19,89.393798828125,92.7750015258789,94.54499816894533,92.41000366210938,93.9250030517578,4638200
2020-10-20,89.466064453125,92.8499984741211,93.58499908447266,92.54499816894533,93.4250030517578,4994400
2020-10-21,88.89274597167969,92.25499725341795,93.3550033569336,92.16000366210938,93.0,4890600
2020-10-22,88.85902404785156,92.22000122070312,92.6449966430664,91.16500091552734,92.29499816894533,3146400
2020-10-23,88.64704132080078,92.0,92.11499786376952,91.125,92.11499786376952,3331600
2020-10-26,86.74884033203125,90.02999877929688,91.625,88.93499755859375,91.28500366210938,6464600
2020-10-27,86.45013427734375,89.72000122070312,90.97000122070312,89.3499984741211,90.76000213623048,3751600
2020-10-28,83.66064453125,86.82499694824219,88.29499816894531,86.63500213623047,88.18000030517578,9155800
2020-10-29,85.72747039794922,88.97000122070312,89.75499725341797,86.68000030517578,86.93499755859375,4593600
2020-10-30,84.28695678710938,87.4749984741211,88.5,86.52999877929688,87.8949966430664,4847200
2020-11-02,84.94216918945312,88.15499877929688,88.93000030517578,87.30500030517578,88.25499725341797,3878200
2020-11-03,86.71028900146484,89.98999786376953,90.63500213623048,88.8550033569336,88.91500091552734,5890000
2020-11-04,89.89002990722656,93.29000091552734,93.62000274658205,90.80999755859376,91.9499969482422,7822600
2020-11-05,93.4600067138672,96.99500274658205,97.13500213623048,95.50499725341795,95.6999969482422,6044600
2020-11-06,94.91014862060548,98.5,98.79499816894533,96.3000030517578,96.84500122070312,6303200
2020-11-09,93.87432098388672,97.4250030517578,101.44499969482422,97.3249969482422,100.91000366210938,10780400
2020-11-10,90.9692153930664,94.41000366210938,96.875,94.18499755859376,96.8499984741211,6903000
2020-11-11,94.168212890625,97.7300033569336,97.9749984741211,95.91500091552734,96.0,5375400
2020-11-12,93.15166473388672,96.6750030517578,98.33999633789062,96.23500061035156,97.84500122070312,6405000
2020-11-13,94.52472686767578,98.0999984741211,98.86499786376952,97.44000244140624,97.91999816894533,4874800
2020-11-16,97.18414306640624,100.86000061035156,101.15499877929688,98.70999908447266,98.87000274658205,4773400
2020-11-17,96.06640625,99.6999969482422,100.625,99.24500274658205,100.625,3430200
2020-11-18,95.5894546508789,99.20500183105467,100.68000030517578,99.16000366210938,100.2300033569336,7664600
2020-11-19,96.8372573852539,100.5,100.59500122070312,98.33499908447266,98.68499755859376,4394800
2020-11-20,96.34584045410156,99.98999786376952,101.31500244140624,99.87999725341795,100.70500183105467,3579200
2020-11-23,97.8297119140625,101.52999877929688,101.9749984741211,100.3949966430664,100.75499725341795,5038600
2020-11-24,98.13804626464844,101.8499984741211,102.23999786376952,100.38500213623048,102.19499969482422,3909800
2020-11-25,98.13324737548828,101.84500122070312,102.5,101.4250030517578,101.9499969482422,3595600
2020-11-27,99.448486328125,103.20999908447266,103.78500366210938,102.5500030517578,102.5500030517578,3684600
2020-11-30,100.50358581542967,104.30500030517578,105.2750015258789,101.98999786376952,103.37999725341795,8532400
2020-12-01,102.32952117919922,106.1999969482422,107.0,104.875,105.31500244140624,6737000
2020-12-02,102.73902893066406,106.625,106.9749984741211,105.6999969482422,106.16000366210938,5309000
2020-12-03,102.70050048828124,106.58499908447266,107.83000183105467,106.45999908447266,107.30999755859376,4605000
2020-12-04,105.6971435546875,109.69499969482422,109.69499969482422,107.03500366210938,107.2300033569336,5367000
2020-12-07,106.2993621826172,110.31999969482422,110.4499969482422,109.34500122070312,110.41000366210938,4150600
2020-12-08,106.43907928466795,110.46499633789062,110.8949966430664,109.56500244140624,110.26499938964844,3725600
2020-12-09,103.14372253417967,107.04499816894533,110.31500244140624,106.33499908447266,109.8949966430664,7174800
2020-12-10,103.22080993652344,107.125,107.84500122070312,105.68000030517578,106.08499908447266,4239400
2020-12-11,102.38251495361328,106.25499725341795,107.09500122070312,105.20500183105467,106.41000366210938,4151400
2020-12-14,103.42797088623048,107.33999633789062,107.97000122070312,106.7699966430664,107.1999969482422,4346000
2020-12-15,105.0515594482422,109.0250015258789,109.30999755859376,108.1999969482422,108.69499969482422,5027600
2020-12-16,105.00821685791016,108.9800033569336,109.4800033569336,108.12999725341795,109.4800033569336,2536200
2020-12-17,104.98412322998048,108.95500183105467,109.6999969482422,108.54000091552734,109.66500091552734,2250800
2020-12-18,104.6227798461914,108.58000183105467,109.2750015258789,107.88999938964844,109.09500122070312,6820800
2020-12-21,104.094970703125,107.28500366210938,107.34500122070312,105.4000015258789,106.18000030517578,4260200
2020-12-22,103.91060638427734,107.09500122070312,107.45999908447266,106.1750030517578,107.45500183105467,3693600
2020-12-23,103.1343994140625,106.29499816894533,107.61499786376952,106.23500061035156,107.25,2659600
2020-12-24,104.2405014038086,107.43499755859376,107.45500183105467,106.5999984741211,106.5999984741211,1142800
2020-12-28,104.03189086914062,107.22000122070312,108.74500274658205,107.12000274658205,108.63999938964844,2445600
2020-12-29,103.7699203491211,106.9499969482422,107.8949966430664,105.95999908447266,107.83999633789062,4497600
2020-12-30,105.68620300292967,108.9250030517578,109.0500030517578,107.5749969482422,107.5749969482422,2108800
2020-12-31,105.96272277832033,109.20999908447266,109.2699966430664,108.13500213623048,108.9800033569336,2863000
2021-01-04,106.17618560791016,109.43000030517578,112.5,108.27999877929688,110.2750015258789,9300600
2021-01-05,108.03424072265624,111.34500122070312,111.4499969482422,109.2249984741211,109.2249984741211,4639000
2021-01-06,107.704345703125,111.00499725341795,113.1050033569336,109.97000122070312,110.41500091552734,7689000
2021-01-07,112.14816284179688,115.58499908447266,115.83000183105467,112.9000015258789,112.9000015258789,5244600
2021-01-08,111.7455062866211,115.16999816894533,117.96499633789062,113.93000030517578,117.55999755859376,6728000
2021-01-11,113.41920471191406,116.8949966430664,117.6750030517578,114.48999786376952,114.72000122070312,6264400
2021-01-12,113.94801330566406,117.44000244140624,118.375,116.2699966430664,117.91000366210938,6375200
2021-01-13,113.33189392089844,116.80500030517578,118.31500244140624,116.25,118.25,4427800
2021-01-14,116.15050506591795,119.70999908447266,121.43499755859376,118.38999938964844,118.52999877929688,6605600
2021-01-15,113.88978576660156,117.37999725341795,119.59500122070312,116.3550033569336,119.4000015258789,7656400
2021-01-19,117.79996490478516,121.41000366210938,121.5,118.98500061035156,119.625,6144400
2021-01-20,117.30997467041016,120.90499877929688,123.3949966430664,120.6449966430664,123.04000091552734,6309800
2021-01-21,119.12437438964844,122.7750015258789,123.06999969482422,120.94000244140624,122.46499633789062,7217600
2021-01-22,116.883056640625,120.46499633789062,122.13999938964844,120.3949966430664,121.5,5508800
2021-01-25,117.34393310546876,120.94000244140624,121.84500122070312,118.48500061035156,121.58499908447266,7048400
2021-01-26,115.31608581542967,118.8499984741211,120.8000030517578,118.81999969482422,120.7300033569336,5393000
2021-01-27,109.6836929321289,113.04499816894533,116.44000244140624,112.46499633789062,116.44000244140624,11583600
2021-01-28,111.9783706665039,115.41000366210938,117.18499755859376,114.38999938964844,115.58000183105467,7953000
2021-01-29,109.93596649169922,113.30500030517578,115.91000366210938,112.78500366210938,115.5,8083000
2021-02-01,114.24393463134766,117.74500274658205,117.91999816894533,114.74500274658205,115.06999969482422,5437800
2021-02-02,115.80607604980467,119.3550033569336,119.58499908447266,117.9000015258789,119.58499908447266,8677000
2021-02-03,113.62782287597656,117.11000061035156,119.91000366210938,117.00499725341795,119.91000366210938,6479800
2021-02-04,114.9425277709961,118.46499633789062,118.46499633789062,116.16999816894533,116.84500122070312,5895800
2021-02-05,114.10810089111328,117.6050033569336,119.24500274658205,117.44000244140624,119.22000122070312,4920400
2021-02-08,117.92124938964844,121.53500366210938,121.5500030517578,118.59500122070312,118.76000213623048,8969200
2021-02-09,117.57194519042967,121.1750030517578,122.11499786376952,120.61499786376952,121.0250015258789,3215600
2021-02-10,117.87273406982422,121.48500061035156,122.94499969482422,119.99500274658205,122.25,7481200
2021-02-11,122.23892211914062,125.98500061035156,126.0,122.7750015258789,122.84500122070312,10340000
2021-02-12,123.49541473388672,127.27999877929688,127.5199966430664,124.7750015258789,125.53500366210938,6800800
2021-02-16,124.25222778320312,128.05999755859375,129.2949981689453,127.33000183105467,128.99000549316406,6947800
2021-02-17,121.8459701538086,125.58000183105467,127.23999786376952,124.01000213623048,126.73500061035156,7337600
2021-02-18,120.55066680908205,124.24500274658205,124.8000030517578,122.6500015258789,124.12000274658205,6060000
2021-02-19,123.15583038330078,126.93000030517578,127.90499877929688,125.5999984741211,126.1500015258789,8658800
2021-02-22,118.65379333496094,122.29000091552734,125.93000030517578,121.83499908447266,125.26499938964844,6753000
2021-02-23,117.51373291015624,121.11499786376952,121.94000244140624,116.44000244140624,119.9749984741211,9492400
2021-02-24,121.29291534423828,125.01000213623048,125.0250015258789,119.22000122070312,119.98500061035156,9291000
2021-02-25,114.5301742553711,118.04000091552734,124.1449966430664,117.61499786376952,123.5199966430664,12311800
2021-02-26,116.89276885986328,120.4749984741211,121.44499969482422,117.45999908447266,120.06500244140624,10312600
2021-03-01,120.40998077392578,124.0999984741211,124.125,121.18000030517578,122.34500122070312,7118400
2021-03-02,116.70841979980467,120.28500366210938,124.33999633789062,120.18000030517578,124.33999633789062,7697200
2021-03-03,113.03111267089844,116.49500274658205,120.7750015258789,116.375,120.43000030517578,9035000
2021-03-04,107.54425048828124,110.83999633789062,116.69499969482422,109.18000030517578,115.88500213623048,18054800
2021-03-05,110.99353790283205,114.3949966430664,114.625,108.45500183105467,113.69499969482422,14766600
2021-03-08,104.89542388916016,108.11000061035156,114.27999877929688,108.06999969482422,113.7699966430664,15614600
2021-03-09,111.10997772216795,114.51499938964844,115.26000213623048,111.6500015258789,112.1050033569336,14207200
2021-03-10,108.85411834716795,112.19000244140624,116.2699966430664,112.1050033569336,116.2699966430664,12627400
2021-03-11,113.42892456054688,116.90499877929688,117.46499633789062,115.03500366210938,115.62999725341795,8957400
2021-03-12,112.0123291015625,115.44499969482422,115.6999969482422,113.875,114.75,7449200
2021-03-15,114.42828369140624,117.93499755859376,117.93499755859376,115.16500091552734,116.11000061035156,6869200
2021-03-16,115.679931640625,119.2249984741211,120.91000366210938,118.3550033569336,119.11499786376952,9247200
2021-03-17,116.76663970947266,120.34500122070312,121.29000091552734,116.51499938964844,117.3550033569336,10292400
2021-03-18,112.08995819091795,115.5250015258789,118.77999877929688,115.41500091552734,118.5999984741211,8934200
2021-03-19,113.3658447265625,116.83999633789062,117.86000061035156,114.4000015258789,115.69499969482422,14151200
2021-03-22,116.06804656982422,119.625,120.91000366210938,118.0749969482422,118.41500091552734,9827400
2021-03-23,113.1620864868164,116.62999725341795,119.76499938964844,116.11000061035156,119.76499938964844,9038600
2021-03-24,111.22156524658205,114.62999725341795,118.66000366210938,114.56999969482422,118.41999816894533,8925000
2021-03-25,111.62907409667967,115.0500030517578,115.41000366210938,112.20500183105467,113.11000061035156,13527800
2021-03-26,117.22750854492188,120.81999969482422,120.8499984741211,115.0749969482422,115.38500213623048,15262400
2021-03-29,115.35004425048828,118.88500213623048,119.9499969482422,117.45500183105467,119.68499755859376,12544200
2021-03-30,114.85520935058594,118.375,118.8550033569336,117.26499938964844,118.33000183105467,6675800
2021-03-31,118.15412139892578,121.7750015258789,122.44000244140624,119.38500213623048,119.38500213623048,10132200
2021-04-01,122.70951080322266,126.47000122070312,126.4749984741211,124.01499938964844,124.0199966430664,11310200
2021-04-05,124.75189971923828,128.5749969482422,128.77000427246094,126.69000244140624,128.52499389648438,9784600
2021-04-06,123.04425811767578,126.81500244140624,128.2449951171875,125.58000183105467,127.7249984741211,11805000
2021-04-07,122.76287078857422,126.5250015258789,127.30500030517578,125.75,126.83999633789062,7926000
2021-04-08,124.52389526367188,128.33999633789062,128.33999633789062,127.20999908447266,128.2100067138672,6799000
2021-04-09,124.23282623291016,128.0399932861328,128.0399932861328,126.86499786376952,127.49500274658205,5391200
2021-04-12,122.79198455810548,126.55500030517578,127.41999816894533,125.44499969482422,127.41999816894533,6823000
2021-04-13,122.54940795898438,126.30500030517578,127.79000091552734,125.37000274658205,127.56999969482422,7383600
2021-04-14,121.37539672851562,125.09500122070312,127.1500015258789,124.51000213623048,126.375,7224200
2021-04-15,122.9326629638672,126.6999969482422,126.93499755859376,125.11000061035156,126.47000122070312,8138800
2021-04-16,122.45240020751952,126.20500183105467,126.95999908447266,125.8550033569336,126.7750015258789,7215000
2021-04-19,119.4203109741211,123.08000183105467,125.71499633789062,121.8949966430664,125.25499725341795,10237600
2021-04-20,117.74659729003906,121.3550033569336,123.1050033569336,120.7249984741211,122.6500015258789,9636600
2021-04-21,120.8514404296875,124.55500030517578,124.63999938964844,121.0500030517578,121.62000274658205,9880200
2021-04-22,118.1783676147461,121.8000030517578,124.6750030517578,121.03500366210938,124.5,8253200
2021-04-23,120.89511108398438,124.5999984741211,124.81999969482422,122.2750015258789,122.38500213623048,6414600
2021-04-26,122.96177673339844,126.7300033569336,126.76499938964844,124.6050033569336,124.73500061035156,5541600
2021-04-27,122.2437744140625,125.98999786376952,127.20500183105467,125.44000244140624,127.0500030517578,6919000
2021-04-28,120.28868865966795,123.9749984741211,125.59500122070312,123.81999969482422,125.59500122070312,6782400
2021-04-29,121.399658203125,125.12000274658205,125.68000030517578,123.08999633789062,125.5999984741211,7921000
2021-04-30,117.88729095458984,121.5,123.7300033569336,121.19499969482422,123.02999877929688,9111600
2021-05-03,116.51921081542967,120.08999633789062,122.4000015258789,119.70999908447266,122.29000091552734,9078000
2021-05-04,115.07351684570312,118.5999984741211,118.95999908447266,116.4000015258789,118.75499725341795,14625400
2021-05-05,115.5829086303711,119.125,120.6449966430664,118.4749984741211,119.88999938964844,9871600
2021-05-06,116.53377532958984,120.1050033569336,120.31500244140624,117.76000213623048,118.875,12851200
2021-05-07,118.1783676147461,121.8000030517578,122.75,120.68499755859376,121.78500366210938,10771600
2021-05-10,112.9389419555664,116.4000015258789,120.5500030517578,116.19000244140624,120.5500030517578,10634000
2021-05-11,113.15724182128906,116.625,116.8949966430664,112.63500213623048,112.98500061035156,13493000
2021-05-12,108.49026489257812,111.81500244140624,114.5500030517578,111.41000366210938,114.05999755859376,15262800
2021-05-13,109.72250366210938,113.08499908447266,115.0,112.00499725341795,113.69000244140624,17890600
2021-05-14,113.2009048461914,116.66999816894533,117.4499969482422,113.6999969482422,114.83000183105467,8363600
2021-05-17,111.93955993652344,115.37000274658205,115.41000366210938,113.41999816894533,114.95500183105467,10105000
2021-05-18,111.3234405517578,114.73500061035156,116.8499984741211,114.58999633789062,116.45999908447266,7617600
2021-05-19,113.3173370361328,116.79000091552734,116.91000366210938,111.97000122070312,112.13999938964844,16200000
2021-05-20,116.13111114501952,119.69000244140624,120.18499755859376,117.56500244140624,117.75,11437600
2021-05-21,115.54409790039062,119.08499908447266,120.48500061035156,118.75,120.3949966430664,10891000
2021-05-24,118.0813446044922,121.6999969482422,122.51499938964844,119.94000244140624,120.1500015258789,7522000
2021-05-25,118.85755157470705,122.5,123.23999786376952,121.66000366210938,122.76000213623048,8098200
2021-05-26,118.97883605957033,122.625,123.1999969482422,121.66500091552734,122.5,6491400
2021-05-27,119.5512924194336,123.21499633789062,123.70500183105467,122.0999984741211,122.38999938964844,5487800
2021-05-28,120.8902587890625,124.59500122070312,125.03500366210938,123.36499786376952,123.58499908447266,6943200
2021-06-01,120.71076202392578,124.41000366210938,126.56500244140624,123.66000366210938,125.48500061035156,7920000
2021-06-02,121.41905975341795,125.13999938964844,125.53500366210938,123.83499908447266,124.25,6451400
2021-06-03,119.34268951416016,123.0,124.27999877929688,122.4000015258789,123.84500122070312,7641000
2021-06-04,122.00121307373048,125.73999786376952,126.18499755859376,124.16500091552734,124.18000030517578,7182200
2021-06-07,121.38024139404295,125.0999984741211,125.45500183105467,124.2699966430664,125.43499755859376,5799200
2021-06-08,120.38086700439452,124.06999969482422,125.96499633789062,123.13500213623048,125.95999908447266,6159400
2021-06-09,120.00732421875,123.68499755859376,124.79499816894533,123.6050033569336,124.56999969482422,5712200
2021-06-10,121.57429504394533,125.3000030517578,125.55500030517578,123.6750030517578,123.72000122070312,6570000
2021-06-11,122.00121307373048,125.73999786376952,125.74500274658205,124.79499816894533,125.74500274658205,4843200
2021-06-14,123.65066528320312,127.44000244140624,127.44000244140624,125.41999816894533,126.0,6280000
2021-06-15,122.5833740234375,126.33999633789062,127.94499969482422,126.01000213623048,127.0500030517578,6987000
2021-06-16,121.55004119873048,125.2750015258789,127.16000366210938,124.22000122070312,126.73500061035156,9597600
2021-06-17,122.9229736328125,126.69000244140624,127.69499969482422,124.80999755859376,124.80999755859376,7849400
2021-06-18,119.79386138916016,123.46499633789062,125.93499755859376,123.06500244140624,125.6050033569336,10137600
2021-06-21,120.10919189453124,123.79000091552734,123.98999786376952,122.4800033569336,123.45999908447266,7902000
2021-06-22,120.89511108398438,124.5999984741211,124.6500015258789,123.13500213623048,123.88999938964844,6094800
2021-06-23,121.50637817382812,125.2300033569336,125.90499877929688,124.86000061035156,124.96499633789062,4195800
2021-06-24,123.49057006835938,127.2750015258789,127.55500030517578,126.33000183105467,126.46499633789062,4043200
2021-06-25,123.00543975830078,126.7750015258789,127.86499786376952,126.45500183105467,127.53500366210938,5170600
2021-06-28,125.989013671875,129.85000610351562,130.27000427246094,127.76499938964844,127.76499938964844,6955400
2021-06-29,127.08539581298828,130.97999572753906,130.97999572753906,129.19000244140625,129.85000610351562,5117600
2021-06-30,127.22122955322266,131.1199951171875,131.2449951171875,130.05499267578125,130.7949981689453,5429600
2021-07-01,125.3437728881836,129.18499755859375,130.81500244140625,128.74000549316406,130.78500366210938,4886200
2021-07-02,126.0374984741211,129.89999389648438,130.22500610351562,129.10499572753906,130.22500610351562,3515400
2021-07-06,125.99870300292967,129.86000061035156,131.0500030517578,128.23500061035156,130.47999572753906,5563200
2021-07-07,124.25222778320312,128.05999755859375,130.8249969482422,127.55500030517578,130.61500549316406,5018800
2021-07-08,122.58822631835938,126.34500122070312,126.97000122070312,124.44499969482422,125.5,6860000
2021-07-09,124.67913818359376,128.5,128.72999572753906,126.0500030517578,127.02999877929688,5521800
2021-07-12,126.31404876708984,130.18499755859375,130.2899932861328,128.64500427246094,129.10499572753906,4457600
2021-07-13,126.04236602783205,129.90499877929688,130.6199951171875,129.11000061035156,129.80999755859375,4907200
2021-07-14,125.76583862304688,129.6199951171875,131.92999267578125,129.1999969482422,131.3249969482422,6704200
2021-07-15,122.31655883789062,126.06500244140624,128.7550048828125,125.18000030517578,128.7550048828125,12503200
2021-07-16,119.75505828857422,123.4250030517578,127.18499755859376,123.11000061035156,126.83000183105467,8994200
2021-07-19,119.73078918457033,123.4000015258789,123.5199966430664,121.04499816894533,121.59500122070312,12380400
2021-07-20,121.19590759277344,124.91000366210938,125.6500015258789,122.20500183105467,123.8550033569336,7590200
2021-07-21,124.67913818359376,128.5,128.53500366210938,125.31999969482422,125.5,6349200
2021-07-22,123.92718505859376,127.7249984741211,128.47500610351562,126.8550033569336,127.70500183105467,6214400
2021-07-23,124.82953643798828,128.65499877929688,128.68499755859375,127.04499816894533,128.30999755859375,4456400
2021-07-26,124.68885040283205,128.50999450683594,128.75,127.5999984741211,128.0500030517578,2543800
2021-07-27,122.4863510131836,126.23999786376952,127.93499755859376,123.71499633789062,127.65499877929688,6706600
2021-07-28,124.6742935180664,128.4949951171875,128.80499267578125,126.00499725341795,126.6500015258789,6731600
2021-07-29,127.01262664794922,130.90499877929688,131.0749969482422,128.5800018310547,128.6199951171875,6820600
2021-07-30,127.65788269042967,131.57000732421875,131.97999572753906,129.55999755859375,129.56500244140625,6459600
2021-08-02,128.56021118164062,132.5,133.97000122070312,132.13999938964844,132.69500732421875,8518600
2021-08-03,129.72451782226562,133.6999969482422,133.7100067138672,131.4250030517578,132.76499938964844,6436600
2021-08-04,131.14111328125,135.16000366210938,135.66000366210938,133.88499450683594,134.10000610351562,7092600
2021-08-05,130.9955596923828,135.00999450683594,135.89500427246094,134.26499938964844,135.58999633789062,5626600
2021-08-06,130.29214477539062,134.28500366210938,135.00999450683594,133.9550018310547,134.0050048828125,4119400
2021-08-09,129.89918518066406,133.8800048828125,134.89999389648438,133.36500549316406,134.5399932861328,3998000
2021-08-10,128.2351531982422,132.1649932861328,134.35499572753906,131.35499572753906,134.30499267578125,6655400
2021-08-11,127.89559173583984,131.81500244140625,132.7899932861328,130.30999755859375,132.7100067138672,4258200
2021-08-12,126.4983901977539,130.375,131.14500427246094,129.33999633789062,131.13499450683594,9066200
2021-08-13,127.32312774658205,131.22500610351562,131.27499389648438,129.9499969482422,130.46499633789062,5656400
2021-08-16,126.7749252319336,130.66000366210938,131.24000549316406,129.6699981689453,130.69000244140625,4517600
2021-08-17,124.3735122680664,128.18499755859375,129.47500610351562,127.09500122070312,129.44500732421875,10177000
2021-08-18,122.76771545410156,126.52999877929688,128.99000549316406,126.43000030517578,128.0749969482422,5631800
2021-08-19,123.84471893310548,127.63999938964844,128.36000061035156,124.6750030517578,125.5199966430664,8966600
2021-08-20,124.3783721923828,128.19000244140625,128.625,126.8550033569336,127.94000244140624,6447400
2021-08-23,127.95379638671876,131.875,132.02000427246094,129.64999389648438,129.6649932861328,9150200
2021-08-24,128.04112243652344,131.96499633789062,132.7100067138672,131.6699981689453,132.19000244140625,4813000
2021-08-25,129.43344116210938,133.39999389648438,134.42999267578125,132.4199981689453,132.4199981689453,10724000
2021-08-26,129.63235473632812,133.60499572753906,134.1300048828125,132.51499938964844,133.31500244140625,5221600
2021-08-27,131.9755401611328,136.02000427246094,136.27999877929688,133.66000366210938,133.7550048828125,6363400
2021-08-30,132.3927459716797,136.4499969482422,137.60000610351562,135.9949951171875,136.85000610351562,4993600
2021-08-31,131.38853454589844,135.4149932861328,136.7949981689453,134.36500549316406,136.7949981689453,5864400
2021-09-01,131.1847686767578,135.2050018310547,136.2449951171875,135.03500366210938,136.06500244140625,5119600
2021-09-02,131.50497436523438,135.53500366210938,136.84500122070312,135.00999450683594,135.44000244140625,3220000
2021-09-03,132.5819854736328,136.64500427246094,137.1199951171875,135.15499877929688,135.40499877929688,3617600
2021-09-07,132.310302734375,136.36500549316406,136.89999389648438,135.55499267578125,136.84500122070312,3926400
2021-09-08,130.56381225585938,134.56500244140625,135.86000061035156,133.51499938964844,135.65499877929688,4984800
2021-09-09,131.10231018066406,135.1199951171875,135.84500122070312,134.48500061035156,134.64500427246094,4631400
2021-09-10,132.0919647216797,136.13999938964844,138.02000427246094,136.0399932861328,136.2550048828125,7345200
2021-09-13,133.08164978027344,137.16000366210938,137.4949951171875,135.4149932861328,137.25,5600800
2021-09-14,133.16896057128906,137.25,138.22999572753906,136.55999755859375,137.625,5451600
2021-09-15,133.63470458984375,137.72999572753906,137.74000549316406,136.05999755859375,137.14999389648438,4266600
2021-09-16,133.8287353515625,137.92999267578125,138.34500122070312,136.06500244140625,136.63499450683594,5166200
2021-09-17,131.47100830078125,135.5,137.5,134.97999572753906,137.5,7483600
2021-09-20,128.26910400390625,132.1999969482422,133.10000610351562,130.21499633789062,132.60499572753906,7809200
2021-09-21,128.54080200195312,132.47999572753906,133.40499877929688,131.42999267578125,133.0500030517578,4624400
2021-09-22,130.8597412109375,134.8699951171875,135.2100067138672,132.73500061035156,133.18499755859375,4947600
2021-09-23,132.5043487548828,136.56500244140625,136.9550018310547,135.03500366210938,135.74000549316406,4483800
2021-09-24,132.14537048339844,136.19500732421875,136.4199981689453,135.2050018310547,135.4949951171875,2781600
2021-09-27,131.67477416992188,135.7100067138672,136.19000244140625,133.85499572753906,134.86000061035156,4060000
2021-09-28,126.37226104736328,130.2449951171875,133.77499389648438,130.0800018310547,132.8249969482422,11220600
2021-09-29,124.46568298339844,128.27999877929688,130.85000610351562,127.88500213623048,130.3300018310547,9581800
2021-09-30,124.32498931884766,128.13499450683594,130.27000427246094,128.11000061035156,129.10000610351562,6558200
2021-10-01,124.43172454833984,128.2449951171875,128.8350067138672,126.1750030517578,128.74000549316406,7362200
2021-10-04,121.19104766845705,124.90499877929688,127.4800033569336,124.38999938964844,127.27999877929688,9562000
2021-10-05,122.89385986328124,126.66000366210938,127.55999755859376,125.30999755859376,125.90499877929688,6784600
2021-10-06,123.26740264892578,127.04499816894533,127.19000244140624,124.83499908447266,125.19499969482422,7441800
2021-10-07,124.80043029785156,128.625,130.1300048828125,128.5050048828125,128.83999633789062,4943400
2021-10-08,123.5876007080078,127.375,129.25,127.16999816894533,129.1999969482422,4999600
2021-10-11,122.85020446777344,126.61499786376952,128.64500427246094,126.58000183105467,126.7249984741211,4422000
2021-10-12,121.6082534790039,125.33499908447266,127.63999938964844,124.80500030517578,127.36000061035156,8049400
2021-10-13,122.6464385986328,126.40499877929688,127.0199966430664,125.8249969482422,126.45500183105467,5694400
2021-10-14,126.3285903930664,130.1999969482422,130.27999877929688,128.51499938964844,129.2550048828125,7073000
2021-10-15,127.3861846923828,131.2899932861328,131.41000366210938,130.49000549316406,131.25,5309600
2021-10-18,128.3904266357422,132.3249969482422,132.38499450683594,129.81500244140625,130.28500366210938,4042800
2021-10-19,129.8603515625,133.83999633789062,133.83999633789062,132.02000427246094,132.5050048828125,4631800
2021-10-20,129.28790283203125,133.25,133.9550018310547,132.77499389648438,133.49000549316406,4457000
2021-10-21,130.76272583007812,134.77000427246094,134.8350067138672,132.23500061035156,132.35499572753906,3889000
2021-10-22,129.6080780029297,133.5800018310547,135.78500366210938,133.35000610351562,134.60000610351562,5939000
2021-10-25,130.2630157470703,134.2550048828125,135.0449981689453,133.68499755859375,134.18499755859375,3738600
2021-10-26,131.00527954101562,135.02000427246094,136.36500549316406,134.52999877929688,135.77000427246094,4962400
2021-10-27,129.89918518066406,133.8800048828125,135.47999572753906,133.64999389648438,134.24000549316406,7880800
2021-10-28,132.3733367919922,136.42999267578125,136.47000122070312,135.01499938964844,135.56500244140625,5989400
2021-10-29,132.75177001953125,136.82000732421875,136.86500549316406,135.2050018310547,135.3699951171875,4406200
2021-11-01,134.2750701904297,138.38999938964844,138.46499633789062,136.4199981689453,136.94500732421875,4430400
2021-11-02,135.75473022460938,139.9149932861328,140.0,138.3000030517578,138.375,4611200
2021-11-03,137.09854125976562,141.3000030517578,141.38499450683594,139.53500366210938,140.0800018310547,6096800
2021-11-04,142.7745819091797,147.14999389648438,148.0500030517578,142.16000366210938,142.64500427246094,15122000
2021-11-05,143.89041137695312,148.3000030517578,149.8699951171875,146.98500061035156,148.33999633789062,9548600
2021-11-08,146.48101806640625,150.97000122070312,151.92999267578125,148.5850067138672,149.26499938964844,8630000
2021-11-09,146.67507934570312,151.1699981689453,152.97500610351562,149.64500427246094,152.5050048828125,11542800
2021-11-10,142.0469207763672,146.39999389648438,150.16000366210938,145.77499389648438,148.19000244140625,10611000
2021-11-11,144.60354614257812,149.03500366210938,149.4499969482422,147.72000122070312,148.75,5640200
2021-11-12,146.07350158691406,150.5500030517578,151.15499877929688,148.61500549316406,149.52000427246094,5272200
2021-11-15,145.8794708251953,150.35000610351562,151.55499267578125,148.8350067138672,151.55499267578125,5636800
2021-11-16,147.77146911621094,152.3000030517578,152.52999877929688,149.38999938964844,149.94500732421875,4880400
2021-11-17,146.8933868408203,151.39500427246094,152.72999572753906,150.8249969482422,152.35000610351562,5819200
2021-11-18,150.50762939453125,155.1199951171875,155.82000732421875,153.56500244140625,154.91000366210938,7602600
2021-11-19,151.45848083496094,156.10000610351562,157.03500366210938,154.44000244140625,154.81500244140625,6666000
2021-11-22,149.17349243164062,153.7449951171875,159.41000366210938,153.63999938964844,156.7949981689453,10939800
2021-11-23,148.09165954589844,152.6300048828125,154.32000732421875,149.98500061035156,152.93499755859375,10521800
2021-11-24,149.58587646484375,154.1699981689453,154.25,149.73500061035156,151.1699981689453,7165000
2021-11-26,145.248779296875,149.6999969482422,152.71499633789062,148.94500732421875,151.31500244140625,6732600
2021-11-29,151.08009338378906,155.7100067138672,155.8699951171875,151.53500366210938,152.2550048828125,9032800
2021-11-30,147.9169921875,152.4499969482422,156.38499450683594,151.30499267578125,155.06500244140625,13931400
2021-12-01,147.39306640625,151.91000366210938,157.78500366210938,151.77999877929688,155.3249969482422,14229200
2021-12-02,147.77633666992188,152.30499267578125,153.5850067138672,149.57000732421875,150.25,12560000
2021-12-03,146.09776306152344,150.5749969482422,154.72000122070312,148.77000427246094,153.375,13547400
2021-12-06,145.5398712158203,150.0,150.69500732421875,145.2550048828125,149.78500366210938,10212000
2021-12-07,152.59852600097656,157.27499389648438,157.7100067138672,153.5,153.5,11289000
2021-12-08,151.9387664794922,156.59500122070312,156.9149932861328,155.0,156.4149932861328,7148400
2021-12-09,148.26145935058594,152.80499267578125,157.10499572753906,152.6649932861328,155.5500030517578,6494400
2021-12-10,149.20262145996094,153.77499389648438,155.875,152.19500732421875,155.55999755859375,7072600
2021-12-13,145.3312530517578,149.78500366210938,154.47000122070312,149.5449981689453,154.31500244140625,7499600
2021-12-14,144.49197387695312,148.9199981689453,149.74000549316406,146.81500244140625,147.86500549316406,8491800
2021-12-15,150.4688262939453,155.0800018310547,155.19000244140625,147.8000030517578,149.0800018310547,10836800
2021-12-16,143.92921447753906,148.33999633789062,156.1750030517578,147.55999755859375,155.83999633789062,14412400
2021-12-17,143.25489807128906,147.64500427246094,150.02499389648438,146.66000366210938,147.02999877929688,11277600
2021-12-20,142.178466796875,145.7550048828125,146.7449951171875,144.07000732421875,144.9499969482422,11102000
2021-12-21,147.31427001953125,151.02000427246094,151.16000366210938,146.81500244140625,148.85499572753906,9071000
2021-12-22,149.06524658203125,152.81500244140625,152.82000732421875,149.71499633789062,150.02499389648438,5102800
2021-12-23,150.34796142578125,154.1300048828125,155.19000244140625,153.06500244140625,153.23500061035156,4795600
2021-12-27,154.39613342285156,158.27999877929688,158.33999633789062,154.5399932861328,154.65499877929688,6437400
2021-12-28,152.87440490722656,156.72000122070312,158.9600067138672,155.94500732421875,158.9149932861328,5076200
2021-12-29,152.8500213623047,156.69500732421875,157.77499389648438,155.74000549316406,156.5449981689453,6252200
2021-12-30,151.1136932373047,154.9149932861328,157.0050048828125,154.63499450683594,156.52999877929688,5910600
2021-12-31,150.60646057128906,154.39500427246094,156.02000427246094,154.35499572753906,155.00999450683594,2929800
2022-01-03,153.9279022216797,157.8000030517578,157.85000610351562,155.22000122070312,155.64999389648438,7155200
2022-01-04,153.12802124023438,156.97999572753906,159.34500122070312,153.58999633789062,158.5,11485600
2022-01-05,147.8751678466797,151.59500122070312,156.94000244140625,151.5050048828125,155.7550048828125,16288400
2022-01-06,149.34324645996094,153.10000610351562,153.75999450683594,149.88499450683594,151.47000122070312,13102400
2022-01-07,144.80247497558594,148.44500732421875,153.30499267578125,148.09500122070312,152.80999755859375,13858800
2022-01-10,144.98779296875,148.63499450683594,148.875,143.86500549316406,146.5,14787800
2022-01-11,147.9141845703125,151.63499450683594,151.7899932861328,147.0850067138672,148.23500061035156,9939800
2022-01-12,149.17738342285156,152.92999267578125,154.19500732421875,151.32000732421875,152.9149932861328,11784600
2022-01-13,146.5826873779297,150.27000427246094,157.41000366210938,149.84500122070312,156.0,16958600
2022-01-14,149.68951416015625,153.4550018310547,153.69500732421875,148.94000244140625,149.24000549316406,11727200
2022-01-18,142.9929656982422,146.58999633789062,150.89999389648438,146.3000030517578,150.85499572753906,12497400
2022-01-19,139.04234313964844,142.5399932861328,148.84500122070312,142.44500732421875,147.9499969482422,17539000
2022-01-20,134.7844696044922,138.1750030517578,144.78500366210938,138.1649932861328,143.71499633789062,16708800
2022-01-21,132.5408935546875,135.875,141.0,135.7550048828125,137.5,26521800
2022-01-24,134.23822021484375,137.61500549316406,137.69500732421875,128.6199951171875,133.10000610351562,25135200
2022-01-25,128.9219207763672,132.1649932861328,135.3699951171875,131.42999267578125,133.72000122070312,16935400
2022-01-26,130.78018188476562,134.07000732421875,139.44500732421875,131.9499969482422,136.22500610351562,20527400
2022-01-27,125.19567108154295,128.34500122070312,135.69500732421875,127.97000122070312,135.4149932861328,22088600
2022-01-28,127.63433074951172,130.84500122070312,131.03500366210938,124.68000030517578,128.2050018310547,21911400
2022-01-31,134.3211212158203,137.6999969482422,137.6999969482422,130.97000122070312,131.72999572753906,14468800
2022-02-01,134.89663696289062,138.2899932861328,138.75,135.10499572753906,138.64500427246094,11685400
2022-02-02,138.34002685546875,141.82000732421875,142.02000427246094,139.0,141.3300018310547,11819400
2022-02-03,132.20436096191406,135.52999877929688,140.27499389648438,135.0,138.32000732421875,16690600
2022-02-04,132.92132568359375,136.26499938964844,137.42999267578125,133.24000549316406,134.97000122070312,9879200
2022-02-07,133.1310577392578,136.47999572753906,138.46499633789062,135.8350067138672,136.88499450683594,10319400
2022-02-08,135.8574676513672,139.27499389648438,139.69500732421875,135.27000427246094,135.58999633789062,10124800
2022-02-09,140.58847045898438,144.125,144.15499877929688,139.60499572753906,141.39500427246094,20297200
2022-02-10,136.37933349609375,139.80999755859375,145.1750030517578,139.14999389648438,140.92999267578125,16619600
2022-02-11,129.3706512451172,132.625,141.00999450683594,131.7899932861328,140.0,23369800
2022-02-14,129.28286743164062,132.53500366210938,135.3300018310547,130.8800048828125,133.07000732421875,15577600
2022-02-15,136.31594848632812,139.7449951171875,139.90499877929688,135.0850067138672,135.5050048828125,12811800
2022-02-16,136.2866668701172,139.71499633789062,140.08999633789062,136.61500549316406,137.98500061035156,10021000
2022-02-17,130.8240966796875,134.11500549316406,138.15499877929688,134.0,137.97999572753906,15833000
2022-02-18,129.3706512451172,132.625,134.80499267578125,130.85000610351562,134.56500244140625,17236400
2022-02-22,128.48297119140625,131.71499633789062,134.84500122070312,129.77000427246094,131.14500427246094,17874800
2022-02-23,125.79071044921876,128.9550018310547,134.88999938964844,128.60000610351562,133.875,15235800
2022-02-24,130.1071319580078,133.3800048828125,133.39999389648438,123.37999725341795,123.96499633789062,21510200
2022-02-25,131.92149353027344,135.24000549316406,135.28500366210938,131.41000366210938,133.26499938964844,17731000
2022-02-28,130.78506469726562,134.0749969482422,135.42999267578125,131.49000549316406,133.22999572753906,17839800
2022-03-01,126.65885925292967,129.84500122070312,134.52999877929688,128.55999755859375,133.61500549316406,16571000
2022-03-02,130.8045654296875,134.09500122070312,134.80999755859375,130.49000549316406,130.81500244140625,16573600
2022-03-03,127.98548126220705,131.2050018310547,134.56500244140625,130.39500427246094,134.51499938964844,16515200
2022-03-04,124.5421142578125,127.6750030517578,130.77999877929688,126.1500015258789,129.77499389648438,16157600
2022-03-07,118.34304809570312,121.31999969482422,128.77499389648438,121.25499725341795,127.8550033569336,17728600
2022-03-08,120.12814331054688,123.1500015258789,127.58999633789062,119.8249969482422,121.51000213623048,25880800
2022-03-09,125.34686279296876,128.5,129.35000610351562,125.8249969482422,127.44000244140624,13344800
2022-03-10,122.63509368896484,125.72000122070312,126.3000030517578,123.3499984741211,126.11499786376952,14997800
2022-03-11,119.87940216064452,122.8949966430664,127.83999633789062,122.77999877929688,127.59500122070312,14765200
2022-03-14,116.41651916503906,119.34500122070312,123.41999816894533,118.66000366210938,122.7750015258789,23371400
2022-03-15,121.2938232421875,124.34500122070312,124.68000030517578,119.56500244140624,120.45999908447266,20833800
2022-03-16,127.71723175048828,130.92999267578125,130.92999267578125,125.43000030517578,126.58999633789062,23147400
2022-03-17,128.51712036132812,131.75,131.75,128.55999755859375,129.63499450683594,13429200
2022-03-18,131.2923126220703,134.59500122070312,135.01499938964844,130.13999938964844,130.63499450683594,16140400
2022-03-21,130.98504638671875,134.27999877929688,135.28500366210938,131.9149932861328,134.2100067138672,13897200
2022-03-22,131.8873291015625,135.2050018310547,136.69500732421875,133.96499633789062,134.2949981689453,11647200
2022-03-23,128.5902862548828,131.8249969482422,135.5800018310547,131.7449951171875,133.89999389648438,15411000
2022-03-24,134.84788513183594,138.24000549316406,138.25999450683594,132.60000610351562,133.40499877929688,16911600
2022-03-25,134.28695678710938,137.6649932861328,138.25,135.44500732421875,138.0500030517578,11023600
2022-03-28,135.262451171875,138.6649932861328,138.72999572753906,135.03500366210938,136.66000366210938,13225200
2022-03-29,138.3205108642578,141.8000030517578,142.2100067138672,139.16000366210938,141.21499633789062,14346000
2022-03-30,134.30650329589844,137.68499755859375,141.3300018310547,136.90499877929688,140.97999572753906,14507800
2022-03-31,131.5849609375,134.89500427246094,138.375,134.57000732421875,137.375,15526600
2022-04-01,129.4535675048828,132.7100067138672,135.88499450683594,130.7949981689453,135.39500427246094,15470000
2022-04-04,131.58982849121094,134.89999389648438,135.0850067138672,132.61500549316406,133.0399932861328,11604400
2022-04-05,125.91262817382812,129.0800018310547,134.0449981689453,128.7100067138672,133.96499633789062,22220400
2022-04-06,123.30815887451172,126.41000366210938,128.4499969482422,124.9749984741211,126.37999725341795,22542800
2022-04-07,123.3276596069336,126.43000030517578,127.61499786376952,124.05500030517578,125.8550033569336,15147000
2022-04-08,120.39640808105467,123.4250030517578,125.72000122070312,123.20999908447266,125.72000122070312,13651000
2022-04-11,117.68949127197266,120.6500015258789,122.34500122070312,120.47000122070312,121.62999725341795,15627800
2022-04-12,117.0554428100586,120.0,124.05500030517578,119.6050033569336,123.06500244140624,21096800
2022-04-13,119.83550262451172,122.8499984741211,123.8550033569336,120.38999938964844,121.1500015258789,16482800
2022-04-14,116.1872787475586,119.11000061035156,123.61000061035156,119.0749969482422,123.48500061035156,15282000
2022-04-18,118.1772232055664,121.1500015258789,122.16999816894533,118.54499816894533,118.61000061035156,14243000
2022-04-19,120.69390869140624,123.7300033569336,123.88500213623048,119.95999908447266,120.46499633789062,13227800
2022-04-20,120.47442626953124,123.50499725341795,126.63500213623048,123.08000183105467,125.78500366210938,13034600
2022-04-21,117.17249298095705,120.12000274658205,126.375,119.58999633789062,125.0199966430664,18009000
2022-04-22,114.48509979248048,117.36499786376952,120.71499633789062,117.2699966430664,119.9800033569336,14251000
2022-04-25,116.4652862548828,119.3949966430664,119.4000015258789,116.1999969482422,116.58000183105467,19083200
2022-04-26,111.50019073486328,114.30500030517578,118.29499816894533,114.30500030517578,118.16000366210938,18289000
2022-04-27,110.96368408203124,113.75499725341795,116.48500061035156,112.9000015258789,112.9800033569336,14756400
2022-04-28,117.29930877685548,120.25,121.33499908447266,114.83499908447266,116.20500183105467,19097000
2022-04-29,112.10497283935548,114.9250030517578,120.59500122070312,114.71499633789062,117.96499633789062,14487800
2022-05-02,115.36788177490234,118.2699966430664,118.3550033569336,113.86499786376952,114.94499969482422,16399200
2022-05-03,116.31407928466795,119.23999786376952,120.00499725341795,117.05500030517578,117.86000061035156,10625400
2022-05-04,120.30372619628906,123.33000183105467,123.59500122070312,116.2249984741211,119.99500274658205,20898400
2022-05-05,114.65579986572266,117.54000091552734,121.3949966430664,115.87999725341795,121.2699966430664,15564200
2022-05-06,113.4803695678711,116.33499908447266,118.91500091552734,114.20999908447266,116.54499816894533,19808400
2022-05-09,107.73490142822266,110.44499969482422,115.08999633789062,109.9499969482422,113.81500244140624,18250600
2022-05-10,110.51985168457033,113.3000030517578,115.12999725341795,110.73500061035156,113.80999755859376,19597800
2022-05-11,107.1301040649414,109.8249969482422,114.8499984741211,109.63500213623048,112.1999969482422,18200400
2022-05-12,107.63735961914062,110.34500122070312,111.44000244140624,107.61499786376952,108.62999725341795,15976800
2022-05-13,113.28040313720705,116.12999725341795,116.8499984741211,111.88999938964844,112.6050033569336,13531000
2022-05-16,111.45140838623048,114.25499725341795,116.01499938964844,113.76000213623048,115.0199966430664,10146200
2022-05-17,116.78231048583984,119.72000122070312,119.9800033569336,116.8249969482422,117.375,10557000
2022-05-18,111.20266723632812,114.0,119.18000030517578,113.4749984741211,117.75,10887600
2022-05-19,111.23193359375,114.02999877929688,116.76000213623048,112.93499755859376,113.23500061035156,13706600
2022-05-20,111.28558349609376,114.08499908447266,116.26000213623048,109.37999725341795,116.0199966430664,18009800
2022-05-23,112.17813110351562,115.0,115.29499816894533,112.81999969482422,113.6500015258789,8603800
2022-05-24,109.21760559082033,111.96499633789062,113.5,110.91500091552734,113.11000061035156,12751200
2022-05-25,111.49044036865234,114.29499816894533,115.11499786376952,111.3249969482422,111.48500061035156,10999400
2022-05-26,115.2166976928711,118.11499786376952,118.56500244140624,112.73500061035156,113.19000244140624,8707200
2022-05-27,119.78673553466795,122.8000030517578,123.0,119.97000122070312,120.0500030517578,9288400
2022-05-31,119.28924560546876,122.29000091552734,123.29499816894533,120.36499786376952,122.55999755859376,10122000
2022-06-01,117.3285675048828,120.27999877929688,123.4800033569336,118.80500030517578,122.8550033569336,9778800
2022-06-02,121.47428131103516,124.52999877929688,124.55999755859376,119.71499633789062,120.15499877929688,8733200
2022-06-03,117.8943328857422,120.86000061035156,122.38500213623048,120.19000244140624,121.81500244140624,7802200
2022-06-06,117.99188995361328,120.95999908447266,123.7249984741211,120.26499938964844,122.86000061035156,8430400
2022-06-07,118.93321228027344,121.9250030517578,122.18499755859376,118.58000183105467,119.44000244140624,5774400
2022-06-08,116.45552825927734,119.38500213623048,121.8499984741211,118.62999725341795,121.36499786376952,8183400
2022-06-09,113.3584442138672,116.20999908447266,120.36000061035156,116.13500213623048,118.58000183105467,9876800
2022-06-10,109.16395568847656,111.91000366210938,115.0250015258789,111.70999908447266,114.04499816894533,11145400
2022-06-13,103.09657287597656,105.69000244140624,109.08499908447266,105.33000183105467,107.87000274658205,13311000
2022-06-14,103.8525619506836,106.46499633789062,107.36499786376952,105.16000366210938,106.90499877929688,9095400
2022-06-15,105.75471496582033,108.41500091552734,110.22000122070312,105.93000030517578,107.76000213623048,11026600
2022-06-16,99.48737335205078,101.98999786376952,105.29499816894533,100.98999786376952,105.08000183105467,16871600
2022-06-17,100.30187225341795,102.8249969482422,103.5999984741211,100.52999877929688,102.5,14289000
2022-06-21,103.14535522460938,105.73999786376952,107.15499877929688,104.86499786376952,104.87999725341795,10006200
2022-06-22,101.6919174194336,104.25,106.0,103.53500366210938,103.6999969482422,7195600
2022-06-23,101.1651611328125,103.70999908447266,104.88500213623048,102.20999908447266,104.7699966430664,8493200
2022-06-24,105.42794036865234,108.08000183105467,108.12999725341795,105.0250015258789,105.43000030517578,12663200
2022-06-27,105.07676696777344,107.72000122070312,109.25,106.96499633789062,109.08999633789062,5422600
2022-06-28,102.42838287353516,105.00499725341795,109.40499877929688,104.98999786376952,108.19000244140624,8943000
2022-06-29,100.623779296875,103.15499877929688,104.3249969482422,102.0199966430664,104.06500244140624,7706800
2022-06-30,99.3654327392578,101.86499786376952,103.5999984741211,100.11000061035156,101.54000091552734,9802200
2022-07-01,95.59040069580078,97.99500274658205,100.41500091552734,96.80999755859376,100.0999984741211,12926400
2022-07-05,96.09276580810548,98.51000213623048,98.5250015258789,94.97000122070312,95.5,14545000
2022-07-06,96.74632263183594,99.18000030517578,100.24500274658205,97.54000091552734,98.48500061035156,6654800
2022-07-07,101.21393585205078,103.76000213623048,104.1999969482422,101.51000213623048,101.53500366210938,9013400
2022-07-08,101.76019287109376,104.31999969482422,104.9499969482422,102.0,102.22000122070312,5470000
2022-07-11,99.32154083251952,101.81999969482422,103.1999969482422,101.23999786376952,102.72000122070312,5457800
2022-07-12,99.2825164794922,101.77999877929688,103.43000030517578,101.20500183105467,102.83000183105467,5470400
2022-07-13,100.0677719116211,102.58499908447266,103.375,99.69499969482422,99.84500122070312,7035600
2022-07-14,102.17964935302734,104.75,105.18000030517578,100.7750015258789,102.27999877929688,6802600
2022-07-15,104.7597427368164,107.3949966430664,107.43000030517578,104.83999633789062,106.25499725341795,7738200
2022-07-18,103.98424530029295,106.5999984741211,109.49500274658205,106.05999755859376,108.95500183105467,8425000
2022-07-19,108.73474884033205,111.47000122070312,111.86000061035156,108.19000244140624,108.40499877929688,9005200
2022-07-20,111.29533386230467,114.09500122070312,114.48999786376952,110.4499969482422,111.1050033569336,10183400
2022-07-21,113.1633529663086,116.01000213623048,116.06999969482422,113.13999938964844,114.58000183105467,8359600
2022-07-22,110.60275268554688,113.38500213623048,115.8000030517578,112.5500030517578,115.62000274658205,11209000
2022-07-25,109.91992950439452,112.68499755859376,112.9499969482422,111.13500213623048,112.66999816894533,6005200
2022-07-26,108.26165008544922,110.98500061035156,112.72000122070312,110.6500015258789,112.3550033569336,4261200
2022-07-27,113.32917022705078,116.18000030517578,116.93499755859376,112.70999908447266,112.75,10119600
2022-07-28,114.71432495117188,117.5999984741211,117.78500366210938,114.00499725341795,116.41999816894533,6426400
2022-07-29,115.67029571533205,118.58000183105467,118.9250030517578,115.76499938964844,116.37000274658205,6415800
2022-08-01,115.9043960571289,118.81999969482422,119.91000366210938,116.8249969482422,117.5,6570200
2022-08-02,115.66541290283205,118.5749969482422,120.3550033569336,116.98999786376952,117.47000122070312,6815600
2022-08-03,118.43084716796876,121.41000366210938,121.77999877929688,118.20999908447266,118.45500183105467,7424400
2022-08-04,119.63553619384766,122.6449966430664,122.87000274658205,120.91999816894533,121.29000091552734,5658800
2022-08-05,118.82101440429688,121.80999755859376,122.7699966430664,120.05500030517578,120.6999969482422,5279800
2022-08-08,116.7676773071289,119.70500183105467,121.3249969482422,118.02999877929688,120.2750015258789,8425800
2022-08-09,111.880615234375,114.69499969482422,117.20500183105467,113.36499786376952,117.12999725341795,13726000
2022-08-10,116.41163635253906,119.33999633789062,119.40499877929688,116.25,117.7300033569336,8434600
2022-08-11,116.3872528076172,119.31500244140624,122.49500274658205,119.05999755859376,120.1750030517578,8788800
2022-08-12,119.67455291748048,122.68499755859376,122.86000061035156,119.5999984741211,119.99500274658205,5825000
2022-08-15,120.2159423828125,123.23999786376952,123.52999877929688,121.3949966430664,121.94499969482422,4506200
2022-08-16,118.86004638671876,121.8499984741211,122.95500183105467,120.52999877929688,122.5999984741211,4302200
2022-08-17,116.30921173095705,119.23500061035156,120.26499938964844,117.6999969482422,120.1449966430664,6676000
2022-08-18,117.93335723876952,120.9000015258789,121.6999969482422,118.6999969482422,119.11499786376952,5241400
2022-08-19,114.6119155883789,117.49500274658205,119.78500366210938,117.0999984741211,119.36000061035156,6864400
2022-08-22,110.61739349365234,113.4000015258789,115.625,112.9800033569336,115.1999969482422,6987400
2022-08-23,111.3343505859375,114.13500213623048,115.54000091552734,113.36499786376952,113.4000015258789,4517200
2022-08-24,111.26119232177734,114.05999755859376,114.51499938964844,112.8550033569336,113.91000366210938,4493400
2022-08-25,114.99722290039062,117.88999938964844,117.9000015258789,114.24500274658205,114.2699966430664,5456800
2022-08-26,108.60305786132812,111.33499908447266,117.79499816894533,111.31500244140624,117.63500213623048,9142600
2022-08-29,106.5887222290039,109.2699966430664,111.45999908447266,109.16000366210938,110.4499969482422,9062400
2022-08-30,105.3694076538086,108.0199966430664,110.5199966430664,106.875,110.37999725341795,8745000
2022-08-31,104.65245056152344,107.28500366210938,108.87999725341795,106.37000274658205,108.68000030517578,7843200
2022-09-01,102.36498260498048,104.94000244140624,105.09500122070312,102.08000183105467,104.5199966430664,13796400
2022-09-02,101.36026000976562,103.91000366210938,107.28500366210938,103.46499633789062,106.2699966430664,6884400
2022-09-06,100.2287139892578,102.75,104.51499938964844,102.08999633789062,103.91999816894533,7472000
2022-09-07,101.82847595214844,104.38999938964844,105.18000030517578,102.24500274658205,102.9800033569336,7927200
2022-09-08,103.20875549316406,105.80500030517578,106.21499633789062,102.6500015258789,103.38999938964844,7830200
2022-09-09,105.76934814453124,108.43000030517578,108.73999786376952,107.13999938964844,107.33499908447266,8128200
2022-09-12,106.03272247314452,108.6999969482422,109.41500091552734,107.66000366210938,108.875,7184800
2022-09-13,99.72148895263672,102.2300033569336,105.76499938964844,101.94499969482422,104.91000366210938,9622000
2022-09-14,100.80423736572266,103.33999633789062,104.00499725341795,101.98500061035156,103.12999725341795,10439200
2022-09-15,99.0093994140625,101.5,103.66000366210938,100.78500366210938,102.74500274658205,9906200
2022-09-16,99.45323944091795,101.95500183105467,102.06500244140624,99.70500183105467,100.5,8690000
2022-09-19,100.10679626464844,102.625,102.91000366210938,100.55999755859376,100.6500015258789,6698000
2022-09-20,98.72164154052734,101.20500183105467,102.125,100.58000183105467,101.5999984741211,5462400
2022-09-21,97.8973617553711,100.36000061035156,104.68499755859376,100.33499908447266,101.46499633789062,11149400
2022-09-22,95.18557739257812,97.58000183105467,100.0500030517578,97.24500274658205,99.84500122070312,11633400
2022-09-23,93.82481384277344,96.18499755859376,96.83999633789062,94.73500061035156,96.48500061035156,8752000
2022-09-26,92.7322998046875,95.06500244140624,97.44499969482422,94.9000015258789,96.1999969482422,5982800
2022-09-27,93.43463134765624,95.78500366210938,97.3550033569336,94.44499969482422,96.5500030517578,8243800
2022-09-28,94.62468719482422,97.00499725341795,97.43499755859376,94.50499725341795,94.86000061035156,9941400
2022-09-29,91.6446533203125,93.9499969482422,95.43499755859376,92.6999969482422,95.19000244140624,10500000
2022-09-30,90.28876495361328,92.55999755859376,95.30999755859376,92.55500030517578,92.83000183105467,6782600
2022-10-03,93.5272979736328,95.87999725341795,96.83000183105467,93.05500030517578,93.63500213623048,8539000
2022-10-04,97.52670288085938,99.9800033569336,100.30500030517578,98.5,98.81999969482422,10874200
2022-10-05,98.49240112304688,100.97000122070312,101.7249984741211,97.65499877929688,98.5199966430664,6731000
2022-10-06,97.8193359375,100.27999877929688,102.3550033569336,99.9800033569336,100.66999816894533,8594800
2022-10-07,91.9860610961914,94.3000030517578,97.6050033569336,93.90499877929688,97.33000183105467,12253600
2022-10-10,88.91336059570312,91.1500015258789,94.19499969482422,90.05000305175781,94.13500213623048,13134600
2022-10-11,86.1089096069336,88.2750015258789,90.03500366210938,87.09500122070312,89.44499969482422,16052600
2022-10-12,85.5919189453125,87.74500274658203,88.79000091552734,87.3499984741211,88.28500366210938,7606000
2022-10-13,88.21102142333984,90.43000030517578,92.09500122070312,83.48500061035156,84.37000274658203,21406400
2022-10-14,84.45062255859375,86.57499694824219,91.51499938964844,86.3949966430664,91.29499816894533,9979600
2022-10-17,86.45032501220703,88.625,89.73999786376953,87.91000366210938,88.84500122070312,8269600
2022-10-18,86.4698257446289,88.6449966430664,91.83499908447266,87.2750015258789,91.23500061035156,9798400
2022-10-19,87.16728210449219,89.36000061035156,90.16999816894533,87.7750015258789,88.19000244140625,8535800
2022-10-20,87.85986328125,90.06999969482422,92.6999969482422,89.5250015258789,90.09500122070312,10877000
2022-10-21,90.88867950439452,93.1750030517578,93.31500244140624,89.2750015258789,89.66999816894531,12884000
2022-10-24,91.17643737792967,93.47000122070312,93.8499984741211,91.11499786376952,92.9000015258789,9834600
2022-10-25,92.62012481689452,94.9499969482422,95.625,93.53500366210938,93.58000183105467,13488800
2022-10-26,91.7129364013672,94.0199966430664,96.18000030517578,92.77999877929688,93.375,9896800
2022-10-27,90.56676483154295,92.84500122070312,95.98500061035156,92.7249984741211,95.20500183105467,10174600
2022-10-28,94.0247802734375,96.38999938964844,96.53500366210938,92.90499877929688,93.06999969482422,9215000
2022-10-31,92.28846740722656,94.61000061035156,95.83499908447266,94.09500122070312,95.5999984741211,5975800
2022-11-01,92.92738342285156,95.26499938964844,96.875,94.84500122070312,96.6500015258789,4670000
2022-11-02,90.2643814086914,92.53500366210938,97.70999908447266,92.48999786376952,95.99500274658205,11901600
2022-11-03,89.20599365234375,91.4499969482422,93.0500030517578,90.19499969482422,91.12999725341795,11461200
2022-11-04,93.35171508789062,95.6999969482422,95.77999877929688,93.38500213623048,94.86000061035156,8470600
2022-11-07,95.19534301757812,97.58999633789062,97.8550033569336,95.20500183105467,96.26000213623048,10213800
2022-11-08,97.2486801147461,99.69499969482422,100.83499908447266,97.8000030517578,99.3949966430664,12147000
2022-11-09,94.6051788330078,96.98500061035156,98.69499969482422,96.83000183105467,98.37000274658205,8640000
2022-11-10,104.27201080322266,106.8949966430664,107.08499908447266,101.72000122070312,102.63500213623048,17078000
2022-11-11,107.6910171508789,110.4000015258789,110.91000366210938,106.4499969482422,107.25499725341795,12646400
2022-11-14,106.6716537475586,109.3550033569336,111.3000030517578,109.15499877929688,109.9250030517578,12244800
2022-11-15,110.03211975097656,112.8000030517578,114.63999938964844,111.375,114.26000213623048,11456600
2022-11-16,106.07173919677734,108.73999786376952,110.63999938964844,108.1050033569336,110.37999725341795,10711000
2022-11-17,106.87161254882812,109.55999755859376,110.0749969482422,106.37999725341795,106.6050033569336,9018600
2022-11-18,107.06671142578124,109.76000213623048,111.3499984741211,108.4250030517578,111.34500122070312,8025000
2022-11-21,105.19381713867188,107.83999633789062,108.66999816894533,107.37999725341795,108.3499984741211,5071600
2022-11-22,108.25189208984376,110.9749984741211,110.9749984741211,107.80999755859376,108.73500061035156,8283000
2022-11-23,109.1932144165039,111.94000244140624,113.04000091552734,110.79000091552734,110.95500183105467,5780000
2022-11-25,107.91048431396484,110.625,111.76000213623048,110.625,111.3249969482422,2207400
2022-11-28,105.36454010009766,108.01499938964844,110.58000183105467,107.41500091552734,109.24500274658205,7853400
2022-11-29,105.07676696777344,107.72000122070312,108.91500091552734,106.95999908447266,108.4250030517578,4908800
2022-11-30,111.07098388671876,113.86499786376952,113.87000274658205,107.21499633789062,108.06500244140624,12688200
2022-12-01,110.71493530273438,113.5,114.9250030517578,111.88999938964844,114.58999633789062,8752400
2022-12-02,109.1932144165039,111.94000244140624,112.3249969482422,110.125,110.6999969482422,8204000
2022-12-05,107.89098358154295,110.6050033569336,112.16500091552734,109.61000061035156,111.45500183105467,7069000
2022-12-06,105.52548217773438,108.18000030517578,110.6050033569336,107.2750015258789,110.51000213623048,6090000
2022-12-07,105.5010986328125,108.15499877929688,108.7699966430664,107.12999725341795,107.2249984741211,5651800
2022-12-08,108.1884994506836,110.91000366210938,111.16500091552734,107.94000244140624,108.56999969482422,7260000
2022-12-09,107.32032775878906,110.0199966430664,112.0199966430664,109.7300033569336,110.59500122070312,4938400
2022-12-12,109.23223876953124,111.9800033569336,112.04499816894533,109.05999755859376,109.38500213623048,6827600
2022-12-13,111.0514678955078,113.84500122070312,117.29499816894533,112.41999816894533,117.0199966430664,9469600
2022-12-14,109.13957214355467,111.88500213623048,114.8550033569336,110.77999877929688,113.5250015258789,7519000
2022-12-15,104.98409271240234,107.625,110.29000091552734,107.29499816894533,109.9800033569336,8833800
2022-12-16,104.16959381103516,106.79000091552734,108.09500122070312,105.83999633789062,107.1500015258789,8276000
2022-12-19,102.9368896484375,104.33999633789062,105.7699966430664,103.44000244140624,105.58499908447266,7227000
2022-12-20,102.43374633789062,103.83000183105467,104.66999816894533,103.0,103.1750030517578,4510000
2022-12-21,104.72254943847656,106.1500015258789,106.45999908447266,104.20999908447266,104.4800033569336,5675200
2022-12-22,100.38172149658205,101.75,103.99500274658205,99.7249984741211,103.99500274658205,9549400
2022-12-23,100.37185668945312,101.73999786376952,101.8550033569336,99.96499633789062,101.03500366210938,3875800
2022-12-27,98.57632446289062,99.91999816894533,101.16999816894533,99.66000366210938,101.03500366210938,4636200
2022-12-28,97.32340240478516,98.6500015258789,100.55500030517578,98.2699966430664,99.4749984741211,5064000
2022-12-29,100.50010681152344,101.87000274658205,102.1999969482422,99.87000274658205,100.21499633789062,8302000
2022-12-30,100.1054916381836,101.47000122070312,101.6050033569336,99.56999969482422,100.3499984741211,4411000
2023-01-03,99.33597564697266,100.69000244140624,103.38500213623048,100.0500030517578,103.29000091552734,4472400
2023-01-04,101.8615493774414,103.25,103.8000030517578,101.33499908447266,102.5500030517578,10039800
2023-01-05,100.03643035888672,101.4000015258789,102.86499786376952,101.33999633789062,102.00499725341795,5936200
2023-01-06,104.41178894042967,105.83499908447266,106.45500183105467,101.43000030517578,103.0749969482422,7005400
2023-01-09,106.68578338623048,108.13999938964844,110.36000061035156,107.2249984741211,107.79000091552734,11422600
2023-01-10,108.07189178466795,109.54499816894533,109.5500030517578,107.36499786376952,107.76000213623048,5464000
2023-01-11,109.33961486816406,110.83000183105467,110.83000183105467,108.5999984741211,109.4250030517578,5737000
2023-01-12,110.97728729248048,112.48999786376952,113.2300033569336,109.4499969482422,111.73999786376952,7704600
2023-01-13,111.37683868408205,112.8949966430664,112.95500183105467,110.91000366210938,111.28500366210938,4264400
2023-01-17,112.037841796875,113.56500244140624,114.3249969482422,112.4499969482422,112.61499786376952,5059200
2023-01-18,111.33739471435548,112.8550033569336,115.5250015258789,112.8000030517578,114.58000183105467,9374600
2023-01-19,108.614501953125,110.09500122070312,112.13500213623048,109.86000061035156,111.79000091552734,9283000
2023-01-20,112.1463623046875,113.6750030517578,113.68499755859376,110.38500213623048,111.125,5709800
2023-01-23,117.4342803955078,119.03500366210938,119.3499984741211,114.34500122070312,114.5,12790000
2023-01-24,116.60063934326172,118.19000244140624,119.125,117.4499969482422,117.4499969482422,7328600
2023-01-25,116.71902465820312,118.30999755859376,118.56999969482422,115.13999938964844,116.16000366210938,6854000
2023-01-26,118.81051635742188,120.43000030517578,120.5199966430664,117.95500183105467,119.8499984741211,7196400
2023-01-27,118.03113555908205,119.63999938964844,120.59500122070312,117.95500183105467,118.44499969482422,7254600
2023-01-30,115.20466613769533,116.7750015258789,118.87000274658205,116.6750030517578,117.88999938964844,8050000
2023-01-31,116.95580291748048,118.5500030517578,118.55999755859376,116.09500122070312,116.4499969482422,5484000
2023-02-01,122.47062683105467,124.13999938964844,125.30999755859376,118.875,119.1750030517578,15518600
2023-02-02,125.08992004394533,126.79499816894533,127.81999969482422,124.80500030517578,125.53500366210938,12985800
2023-02-03,122.79125213623048,124.46499633789062,127.1500015258789,123.7300033569336,124.125,7489600
2023-02-06,120.74909210205078,122.3949966430664,124.0999984741211,121.87999725341795,122.4749984741211,7811400
2023-02-07,124.37467956542967,126.06999969482422,126.63500213623048,122.5,122.7750015258789,10309200
2023-02-08,121.9378890991211,123.5999984741211,126.34500122070312,123.30500030517578,125.50499725341795,7844600
2023-02-09,122.42130279541016,124.08999633789062,127.3000030517578,123.1750030517578,125.83999633789062,8767200
2023-02-10,120.36434173583984,122.00499725341795,123.125,120.7750015258789,122.68499755859376,7529800
2023-02-13,122.1746597290039,123.83999633789062,124.16500091552734,121.63500213623048,122.52999877929688,4030400
2023-02-14,124.80382537841795,126.50499725341795,126.88500213623048,122.29000091552734,123.0,9482000
2023-02-15,124.79889678955078,126.5,126.56999969482422,123.7750015258789,124.83999633789062,7118800
2023-02-16,121.41008758544922,123.06500244140624,125.02999877929688,122.9000015258789,123.88999938964844,5418000
2023-02-17,119.75267791748048,121.38500213623048,122.58000183105467,120.3000030517578,122.1999969482422,7574800
2023-02-21,116.11229705810548,117.69499969482422,120.7750015258789,117.56500244140624,119.50499725341795,7695800
2023-02-22,115.54502868652344,117.12000274658205,118.8550033569336,116.54499816894533,117.91500091552734,6987600
2023-02-23,119.63922119140624,121.2699966430664,121.8550033569336,119.15499877929688,121.12999725341795,11714200
2023-02-24,117.50334167480467,119.1050033569336,119.69000244140624,118.21499633789062,118.8499984741211,6208200
2023-02-27,118.03113555908205,119.63999938964844,121.16500091552734,119.55500030517578,120.99500274658205,5852000
2023-02-28,118.09033203125,119.6999969482422,121.29499816894533,119.09500122070312,119.3000030517578,4770600
2023-03-01,118.16925811767578,119.77999877929688,121.2750015258789,119.3249969482422,120.22000122070312,4725800
2023-03-02,119.21499633789062,120.83999633789062,121.36499786376952,117.34500122070312,118.18000030517578,6528800
2023-03-03,120.83295440673828,122.4800033569336,122.58999633789062,119.91999816894533,120.8499984741211,5385200
2023-03-06,119.75760650634766,121.38999938964844,123.91500091552734,121.13999938964844,122.81999969482422,6485400
2023-03-07,118.42083740234376,120.03500366210938,122.0,119.52999877929688,121.44499969482422,6616600
2023-03-08,121.51860809326172,123.1750030517578,123.2699966430664,120.41000366210938,120.66000366210938,8112800
2023-03-09,119.19035339355467,120.81500244140624,124.77999877929688,120.56999969482422,122.95999908447266,8223000
2023-03-10,117.26163482666016,118.86000061035156,121.9250030517578,118.26000213623048,121.23500061035156,13168200
2023-03-13,117.18270874023438,118.77999877929688,120.25,116.38999938964844,117.36000061035156,9831400
2023-03-14,120.68990325927734,122.33499908447266,122.99500274658205,120.48500061035156,120.6999969482422,11314600
2023-03-15,119.3333969116211,120.95999908447266,121.25,118.53500366210938,120.5,12602200
2023-03-16,124.10831451416016,125.8000030517578,125.98500061035156,119.88999938964844,120.2699966430664,14744600
2023-03-17,123.47692108154295,125.16000366210938,127.08999633789062,124.625,125.94499969482422,9868600
2023-03-20,124.71996307373048,126.41999816894533,126.79000091552734,124.3499984741211,125.5,6521400
2023-03-21,125.11459350585938,126.81999969482422,128.68499755859375,124.8000030517578,127.44000244140624,11118200
2023-03-22,124.310546875,126.00499725341795,130.44000244140625,126.00499725341795,127.01000213623048,8938000
2023-03-23,127.61548614501952,129.35499572753906,130.9600067138672,127.30999755859376,128.4149932861328,10951000
2023-03-24,125.5979995727539,127.30999755859376,128.80999755859375,126.00499725341795,128.59500122070312,11042800
2023-03-27,124.13296508789062,125.8249969482422,128.0,125.44000244140624,127.63999938964844,7025600
2023-03-28,123.2697296142578,124.9499969482422,125.56500244140624,123.21499633789062,125.33000183105467,7771400
2023-03-29,127.107421875,128.83999633789062,129.56500244140625,126.81999969482422,126.81999969482422,9979200
2023-03-30,128.92759704589844,130.68499755859375,131.52000427246094,129.7899932861328,130.1649932861328,7807000
2023-03-31,129.82537841796875,131.59500122070312,131.78500366210938,129.42999267578125,129.69000244140625,7281600
2023-04-03,129.08546447753906,130.84500122070312,131.4149932861328,129.30499267578125,130.9250030517578,8036000
2023-04-04,127.10250091552734,128.8350067138672,131.26499938964844,128.2050018310547,131.11000061035156,8057400
2023-04-05,124.87782287597656,126.58000183105467,127.72000122070312,125.21499633789062,127.51499938964844,10065600
2023-04-06,124.50292205810548,126.1999969482422,127.0199966430664,124.63999938964844,125.31999969482422,7448000
2023-04-10,126.38724517822266,128.11000061035156,128.17999267578125,124.84500122070312,125.0500030517578,5991200
2023-04-11,125.71639251708984,127.43000030517578,128.75999450683594,127.23999786376952,128.5749969482422,6288600
2023-04-12,123.48184967041016,125.16500091552734,128.75999450683594,125.06500244140624,128.52999877929688,7749000
2023-04-13,124.47826385498048,126.1750030517578,126.88999938964844,124.58999633789062,125.5,5760400
2023-04-14,124.34507751464844,126.04000091552734,127.4800033569336,124.66000366210938,126.1050033569336,4901000
2023-04-17,124.25628662109376,125.9499969482422,125.98999786376952,124.3249969482422,124.9000015258789,5297000
2023-04-18,124.81369018554688,126.51499938964844,127.91000366210938,125.55999755859376,127.09500122070312,5703600
2023-04-19,123.6298370361328,125.31500244140624,125.52999877929688,124.5,124.77999877929688,5013000
2023-04-20,123.7679443359375,125.45500183105467,127.2750015258789,124.40499877929688,124.5,5879800
2023-04-21,122.50022888183594,124.16999816894533,125.31999969482422,123.28500366210938,124.58999633789062,5202200
2023-04-24,121.84416198730467,123.50499725341795,124.68000030517578,122.71499633789062,123.9000015258789,4489000
2023-04-25,117.98181915283205,119.58999633789062,122.54499816894533,119.53500366210938,122.52999877929688,10464600
2023-04-26,118.80558776855467,120.4250030517578,121.61499786376952,119.84500122070312,120.80500030517578,7695400
2023-04-27,119.95491790771484,121.58999633789062,121.76000213623048,118.56999969482422,120.55999755859376,6814200
2023-04-28,121.96255493164062,123.625,123.625,121.77999877929688,122.25,7553000
2023-05-01,122.89485168457033,124.56999969482422,124.95999908447266,123.66500091552734,123.98500061035156,5202000
2023-05-02,121.8293685913086,123.48999786376952,125.18000030517578,122.5,124.52999877929688,6717600
2023-05-03,120.5715103149414,122.21499633789062,124.3000030517578,122.0749969482422,122.8499984741211,8223000
2023-05-04,120.16702270507812,121.80500030517578,122.81999969482422,120.93499755859376,121.6449966430664,5889200
2023-05-05,122.70740509033205,124.37999725341795,124.97000122070312,121.58999633789062,122.16000366210938,5553000
2023-05-08,123.38812255859376,125.06999969482422,125.1500015258789,123.37000274658205,123.9800033569336,3918900
2023-05-09,121.48407745361328,123.13999938964844,123.7699966430664,122.73999786376952,123.58999633789062,4951700
2023-05-10,122.47062683105467,124.13999938964844,125.04000091552734,122.97000122070312,124.44000244140624,5474900
2023-05-11,121.38542175292967,123.04000091552734,124.02999877929688,121.88999938964844,123.79000091552734,5339500
2023-05-12,121.24730682373048,122.9000015258789,123.88999938964844,121.80999755859376,123.47000122070312,3364900
2023-05-15,124.42400360107422,126.12000274658205,126.12000274658205,122.8499984741211,123.08000183105467,6192800
2023-05-16,124.3944091796875,126.08999633789062,127.41999816894533,125.70999908447266,125.70999908447266,5126300
2023-05-17,127.75856018066406,129.5,129.94000244140625,126.8000030517578,127.29000091552734,6322800
2023-05-18,132.23748779296875,134.0399932861328,134.30999755859375,130.10000610351562,130.10000610351562,9632600
2023-05-19,131.5074462890625,133.3000030517578,133.92999267578125,132.5800018310547,133.77000427246094,5313000
2023-05-22,131.39894104003906,133.19000244140625,133.61000061035156,131.97000122070312,132.14999389648438,4235100
2023-05-23,129.50474548339844,131.27000427246094,133.0399932861328,131.0800018310547,132.41000366210938,4853800
2023-05-24,127.60069274902344,129.33999633789062,129.64999389648438,127.9499969482422,128.72999572753906,7897100
2023-05-25,138.5711669921875,140.4600067138672,141.13999938964844,136.27999877929688,137.92999267578125,16072900
2023-05-26,145.37838745117188,147.36000061035156,148.3300018310547,141.77999877929688,141.7899932861328,12978800
2023-05-30,146.07884216308594,148.07000732421875,151.7100067138672,147.5,150.64999389648438,13295400
2023-05-31,142.3891143798828,144.3300018310547,147.33999633789062,144.0800018310547,145.74000549316406,10728700
2023-06-01,144.52993774414062,146.5,147.7899932861328,143.8000030517578,144.86000061035156,7272700
2023-06-02,144.17478942871094,146.13999938964844,148.17999267578125,145.2899932861328,147.88999938964844,6765000
2023-06-05,142.369384765625,144.30999755859375,145.75,143.60000610351562,145.27999877929688,6727700
2023-06-06,143.3756866455078,145.3300018310547,146.1699981689453,142.97999572753906,143.5,5815100
2023-06-07,142.55685424804688,144.5,148.1699981689453,144.16000366210938,146.44000244140625,8687500
2023-06-08,144.20437622070312,146.1699981689453,146.57000732421875,144.3300018310547,144.63999938964844,5376800
2023-06-09,144.86537170410156,146.83999633789062,149.13999938964844,146.13999938964844,147.92999267578125,5955300
2023-06-12,149.14700317382812,151.17999267578125,151.4499969482422,148.39999389648438,148.50999450683594,7632900
2023-06-13,151.2089080810547,153.27000427246094,154.35000610351562,151.39999389648438,153.72999572753906,8274600
2023-06-14,153.50758361816406,155.60000610351562,155.74000549316406,152.02999877929688,152.80999755859375,7123400
2023-06-15,152.4026336669922,154.47999572753906,155.75,153.32000732421875,154.02999877929688,7588000
2023-06-16,151.3174285888672,153.3800048828125,155.94000244140625,153.1699981689453,155.8000030517578,6583200
2023-06-20,150.78468322753906,152.83999633789062,153.94000244140625,151.1300048828125,152.75,4597100
2023-06-21,147.33175659179688,149.33999633789062,152.47000122070312,148.72999572753906,152.0399932861328,5911700
2023-06-22,148.0618133544922,150.0800018310547,150.6699981689453,147.9499969482422,148.14999389648438,5958400
2023-06-23,145.54608154296875,147.52999877929688,148.4499969482422,146.9600067138672,147.75,5963500
2023-06-26,144.875244140625,146.85000610351562,150.36000061035156,146.8300018310547,148.27999877929688,7403900
2023-06-27,149.47256469726562,151.50999450683594,151.8000030517578,146.9600067138672,147.42999267578125,6459400
2023-06-28,148.12098693847656,150.13999938964844,151.5399932861328,148.7899932861328,148.9199981689453,6800200
2023-06-29,147.90394592285156,149.9199981689453,150.9600067138672,148.91000366210938,150.82000732421875,4225900
2023-06-30,150.20262145996094,152.25,152.9600067138672,151.02000427246094,151.75,5309200
2023-07-03,151.5344696044922,153.60000610351562,154.07000732421875,152.25,153.1699981689453,2826900
2023-07-05,148.6734619140625,150.6999969482422,153.16000366210938,150.66000366210938,152.25,5187200
2023-07-06,146.9075469970703,148.91000366210938,149.0800018310547,147.16000366210938,148.33999633789062,4775600
2023-07-07,147.045654296875,149.0500030517578,151.24000549316406,148.64999389648438,149.02999877929688,4351900
2023-07-10,149.1272735595703,151.16000366210938,151.41000366210938,149.35000610351562,149.5800018310547,6415500
2023-07-11,149.28514099121094,151.32000732421875,152.19000244140625,149.4199981689453,152.17999267578125,5146400
2023-07-12,152.42236328125,154.5,154.67999267578125,152.89999389648438,153.52999877929688,6484100
2023-07-13,156.0824737548828,158.2100067138672,158.47000122070312,155.85000610351562,156.38999938964844,6395900
2023-07-14,154.7900848388672,156.89999389648438,160.6999969482422,156.1999969482422,158.69000244140625,7565600
2023-07-17,157.6708221435547,159.82000732421875,160.4499969482422,155.6999969482422,157.22999572753906,7314600
2023-07-18,158.10488891601562,160.25999450683594,160.7899932861328,157.6199951171875,159.1199951171875,6272000
2023-07-19,156.447509765625,158.5800018310547,160.50999450683594,158.05999755859375,160.42999267578125,9333700
2023-07-20,150.91293334960938,152.97000122070312,156.41000366210938,152.2899932861328,155.63999938964844,14823200
2023-07-21,151.72189331054688,153.7899932861328,155.27000427246094,153.00999450683594,154.49000549316406,8246300
2023-07-24,151.85015869140625,153.9199981689453,154.5399932861328,152.89999389648438,153.99000549316406,4362500
2023-07-25,154.2869415283203,156.38999938964844,157.35000610351562,154.4600067138672,154.4600067138672,5773700
2023-07-26,152.5999298095703,154.67999267578125,155.8800048828125,152.9499969482422,155.02000427246094,6110000
2023-07-27,155.3425750732422,157.4600067138672,160.9199981689453,156.6699981689453,158.64999389648438,10244000
2023-07-28,158.34169006347656,160.5,161.0399932861328,158.8300018310547,160.16000366210938,7319800
2023-07-31,158.46005249023438,160.6199951171875,161.1699981689453,159.6699981689453,160.6999969482422,3934100
2023-08-01,158.37127685546875,160.52999877929688,160.88999938964844,158.9499969482422,159.6699981689453,4595600
2023-08-02,152.56048583984375,154.63999938964844,158.7899932861328,153.4600067138672,158.77000427246094,10033900
2023-08-03,152.11654663085938,154.19000244140625,155.19000244140625,152.16000366210938,152.47999572753906,6691700
2023-08-04,152.1757354736328,154.25,156.5399932861328,152.75,154.22000122070312,6804200
2023-08-07,153.8134002685547,155.91000366210938,156.13999938964844,154.3699951171875,155.5,5701400
2023-08-08,151.27793884277344,153.33999633789062,153.89999389648438,151.52999877929688,153.89999389648438,8446500
2023-08-09,148.2788543701172,150.3000030517578,153.32000732421875,149.72999572753906,153.1699981689453,8827100
2023-08-10,147.95327758789062,149.97000122070312,153.16000366210938,148.89999389648438,151.13999938964844,8639300
2023-08-11,144.2438507080078,146.2100067138672,148.1199951171875,146.0399932861328,148.00999450683594,11182300
2023-08-14,148.63400268554688,150.66000366210938,150.72999572753906,145.02000427246094,145.4499969482422,8154200
2023-08-15,146.84835815429688,148.85000610351562,151.08999633789062,148.64999389648438,150.5500030517578,7596400
2023-08-16,144.52993774414062,146.5,149.13999938964844,146.41000366210938,148.97000122070312,7232100
2023-08-17,143.55325317382812,145.50999450683594,147.8000030517578,145.02999877929688,147.77000427246094,7397200
2023-08-18,144.16493225097656,146.1300048828125,146.66000366210938,143.35000610351562,143.7899932861328,8817900
2023-08-21,149.00889587402344,151.0399932861328,151.24000549316406,146.9600067138672,147.17999267578125,8109200
2023-08-22,147.51919555664062,149.52999877929688,153.24000549316406,148.88999938964844,153.0500030517578,10827900
2023-08-23,150.71563720703125,152.77000427246094,153.22000122070312,148.86000061035156,149.35000610351562,8347700
2023-08-24,146.81875610351562,148.82000732421875,156.58999633789062,148.5800018310547,156.4600067138672,13494400
2023-08-25,147.08509826660156,149.08999633789062,150.75,146.27000427246094,148.61000061035156,11769100
2023-08-28,148.90036010742188,150.92999267578125,151.08999633789062,148.89999389648438,150.36000061035156,6822700
2023-08-29,152.71832275390625,154.8000030517578,155.3000030517578,149.92999267578125,150.36000061035156,8770000
2023-08-30,153.49771118164062,155.58999633789062,156.22000122070312,153.6699981689453,154.72999572753906,6526100
2023-08-31,154.11923217773438,156.22000122070312,157.16000366210938,154.85000610351562,154.85000610351562,5965400
2023-09-01,154.109375,156.2100067138672,157.6300048828125,155.25999450683594,157.42999267578125,4495500
2023-09-05,154.47439575195312,156.5800018310547,157.6199951171875,155.0800018310547,155.6300048828125,5472700
2023-09-06,152.67884826660156,154.75999450683594,156.8000030517578,153.25999450683594,156.00999450683594,6104000
2023-09-07,149.2949981689453,151.3300018310547,151.72999572753906,149.4499969482422,151.22999572753906,7813300
2023-09-08,148.3577880859375,150.3800048828125,152.1699981689453,149.75,150.94000244140625,5305200
2023-09-11,148.46629333496094,150.49000549316406,152.19000244140625,148.5,152.19000244140625,5824100
2023-09-12,147.3514862060547,149.36000061035156,151.64999389648438,149.16000366210938,149.41000366210938,6174900
2023-09-13,148.5452117919922,150.57000732421875,151.8300018310547,149.0399932861328,149.30999755859375,6192000
2023-09-14,149.3541717529297,151.38999938964844,152.16000366210938,150.1699981689453,152.08999633789062,6951400
2023-09-15,144.83578491210938,146.80999755859375,150.5399932861328,146.1699981689453,150.22999572753906,10179600
2023-09-18,145.31918334960938,147.3000030517578,147.82000732421875,144.97000122070312,145.42999267578125,6786000
2023-09-19,144.06626892089844,146.02999877929688,146.99000549316406,145.07000732421875,146.75,5573600
2023-09-20,141.69854736328125,143.6300048828125,147.24000549316406,143.5500030517578,146.64999389648438,6977500
2023-09-21,138.8671112060547,140.75999450683594,142.57000732421875,140.69000244140625,141.57000732421875,9905100
2023-09-22,140.05099487304688,141.9600067138672,143.39999389648438,141.5500030517578,142.1300048828125,7331900
2023-09-25,141.0375518798828,142.9600067138672,143.11000061035156,140.66000366210938,141.30999755859375,7861300
2023-09-26,138.80795288085938,140.6999969482422,142.38999938964844,140.10000610351562,141.63999938964844,6702100
2023-09-27,140.08059692382812,141.99000549316406,142.9199981689453,139.75999450683594,141.85000610351562,8814500
2023-09-28,142.3496551513672,144.2899932861328,145.64999389648438,141.0800018310547,141.72999572753906,10791700
2023-09-29,143.03038024902344,144.97999572753906,146.92999267578125,144.4600067138672,146.52999877929688,7985100
2023-10-02,144.26356506347656,146.22999572753906,147.27000427246094,144.58999633789062,145.27000427246094,8600200
2023-10-03,141.05726623535156,142.97999572753906,146.86000061035156,142.16000366210938,145.2899932861328,9456600
2023-10-04,143.25729370117188,145.2100067138672,145.47999572753906,142.9600067138672,143.85000610351562,11083000
2023-10-05,143.25729370117188,145.2100067138672,145.89999389648438,143.6699981689453,145.2899932861328,6093900
2023-10-06,146.35507202148438,148.35000610351562,148.9499969482422,143.52999877929688,144.63999938964844,9946000
2023-10-09,145.9801788330078,147.97000122070312,148.4600067138672,145.63999938964844,146.7899932861328,6840500
2023-10-10,147.78558349609375,149.8000030517578,150.97999572753906,147.8300018310547,148.5,6790600
2023-10-11,149.38377380371094,151.4199981689453,151.44000244140625,149.49000549316406,150.63999938964844,8921700
2023-10-12,150.1434326171875,152.19000244140625,154.05999755859375,150.72000122070312,151.83999633789062,8554900
2023-10-13,146.38467407226562,148.3800048828125,152.6300048828125,148.0500030517578,152.4199981689453,9133900
2023-10-16,148.07167053222656,150.08999633789062,150.69000244140625,148.4199981689453,148.5500030517578,9461800
2023-10-17,146.3254852294922,148.32000732421875,149.47000122070312,144.47000122070312,146.58999633789062,12857900
2023-10-18,143.39541625976562,145.35000610351562,146.7100067138672,144.6300048828125,145.42999267578125,12530900
2023-10-19,142.41873168945312,144.36000061035156,147.6699981689453,143.8800048828125,147.25,15718200
2023-10-20,140.18911743164062,142.10000610351562,145.38999938964844,141.92999267578125,144.22000122070312,8128800
2023-10-23,140.68240356445312,142.60000610351562,144.5399932861328,139.9600067138672,141.13999938964844,9910500
2023-10-24,142.32994079589844,144.27000427246094,144.5,142.52999877929688,143.0,7822700
2023-10-25,136.81509399414062,138.67999267578125,143.14999389648438,138.02999877929688,142.8000030517578,12447800
2023-10-26,135.61151123046875,137.4600067138672,140.64999389648438,136.6300048828125,139.10000610351562,15094800
2023-10-27,136.4500732421875,138.30999755859375,139.72999572753906,137.6699981689453,139.0399932861328,11346300
2023-10-30,136.10479736328125,137.9600067138672,139.63999938964844,136.50999450683594,138.41000366210938,8836000
2023-10-31,137.0814666748047,138.9499969482422,139.27999877929688,136.10000610351562,137.9600067138672,7900300
2023-11-01,140.4949493408203,142.41000366210938,142.5800018310547,139.05999755859375,139.1999969482422,11750500
2023-11-02,144.13531494140625,146.10000610351562,147.0399932861328,144.2899932861328,145.6199951171875,11736200
2023-11-03,147.49945068359375,149.50999450683594,150.5399932861328,147.17999267578125,147.58999633789062,8177200
2023-11-06,147.9335479736328,149.9499969482422,150.44000244140625,148.2899932861328,149.75,5423600
2023-11-07,148.86090087890625,150.88999938964844,151.52000427246094,149.30999755859375,149.66000366210938,4600400
2023-11-08,149.3936309814453,151.42999267578125,152.11000061035156,150.44000244140625,151.3699951171875,6165000
2023-11-09,149.1272735595703,151.16000366210938,154.50999450683594,151.0,152.9600067138672,10529700
2023-11-10,155.1649627685547,157.27999877929688,157.6699981689453,152.69000244140625,153.25,11426800
2023-11-13,154.21788024902344,156.32000732421875,157.02000427246094,155.19000244140625,156.3000030517578,7058900
2023-11-14,158.92373657226562,161.08999633789062,161.5399932861328,159.52000427246094,159.88999938964844,9744900
2023-11-15,159.04212951660156,161.2100067138672,162.22999572753906,160.08999633789062,162.22999572753906,9002900
2023-11-16,159.63406372070312,161.80999755859375,162.1699981689453,160.24000549316406,160.63999938964844,7281100
2023-11-17,160.3838348388672,162.57000732421875,162.9600067138672,160.8800048828125,161.17999267578125,5167100
2023-11-20,162.6824951171875,164.89999389648438,165.44000244140625,162.52000427246094,162.7899932861328,7132700
2023-11-21,160.2852020263672,162.47000122070312,163.97999572753906,161.6999969482422,163.69000244140625,9001100
2023-11-22,159.93988037109375,162.1199951171875,164.92999267578125,161.3300018310547,163.25999450683594,9139600
2023-11-24,159.58473205566406,161.75999450683594,162.4499969482422,161.33999633789062,162.24000549316406,2943500
2023-11-27,159.486083984375,161.66000366210938,162.88999938964844,160.72999572753906,161.22000122070312,6034500
2023-11-28,158.56858825683594,160.72999572753906,161.5,159.6199951171875,160.86000061035156,6165200
2023-11-29,160.02870178222656,162.2100067138672,164.3300018310547,162.00999450683594,162.8000030517578,7642800
2023-11-30,158.3219451904297,160.47999572753906,162.83999633789062,159.25,162.83999633789062,9300900
2023-12-01,158.9632110595703,161.1300048828125,161.72000122070312,158.86000061035156,160.0,6115400
2023-12-04,156.64480590820312,158.77999877929688,159.5,156.55999755859375,159.25,8137000
2023-12-05,156.64480590820312,158.77999877929688,158.9499969482422,157.07000732421875,157.52000427246094,4845900
2023-12-06,155.38201904296875,157.5,160.97000122070312,157.2899932861328,160.6699981689453,6457400
2023-12-07,158.93360900878906,161.10000610351562,161.44000244140625,158.22000122070312,158.8699951171875,8790700
2023-12-08,160.2950439453125,162.47999572753906,162.94000244140625,160.66000366210938,160.83999633789062,5683500
2023-12-11,164.14260864257812,166.3800048828125,166.99000549316406,163.2899932861328,163.52999877929688,9671600
2023-12-12,165.87893676757812,168.13999938964844,168.1999969482422,165.3300018310547,165.5800018310547,6985400
2023-12-13,167.8323211669922,170.1199951171875,171.10000610351562,167.75999450683594,168.30999755859375,8037600
2023-12-14,170.93008422851562,173.25999450683594,173.86000061035156,171.4199981689453,171.6199951171875,9446800
2023-12-15,171.7390594482422,174.0800018310547,175.86000061035156,173.6999969482422,173.88999938964844,6902000
2023-12-18,172.039794921875,173.33999633789062,173.8699951171875,171.97000122070312,173.55999755859375,5157100
2023-12-19,172.61544799804688,173.9199981689453,174.0500030517578,172.91000366210938,173.1999969482422,5031000
2023-12-20,167.81175231933594,169.0800018310547,173.69000244140625,169.00999450683594,172.85000610351562,8557400
2023-12-21,171.96038818359375,173.25999450683594,173.5500030517578,171.52000427246094,172.35000610351562,8184500
2023-12-22,171.98023986816406,173.27999877929688,174.41000366210938,172.41000366210938,174.10000610351562,4089200
2023-12-26,174.35231018066406,175.6699981689453,176.30999755859375,173.77999877929688,173.77999877929688,4829200
2023-12-27,174.5408935546875,175.86000061035156,176.75,175.1999969482422,176.35000610351562,5113400
2023-12-28,174.50120544433594,175.82000732421875,176.72999572753906,175.7100067138672,176.6199951171875,4033500
2023-12-29,173.55831909179688,174.8699951171875,176.3800048828125,173.6699981689453,176.02000427246094,5391600
2024-01-02,167.70257568359375,168.97000122070312,172.35000610351562,167.61000061035156,172.35000610351562,8989000
2024-01-03,164.72506713867188,165.97000122070312,167.47999572753906,165.3699951171875,166.35000610351562,9303600
2024-01-04,163.75242614746094,164.99000549316406,166.64999389648438,163.97000122070312,164.27999877929688,7095800
2024-01-05,164.83425903320312,166.0800018310547,167.57000732421875,165.10000610351562,165.47999572753906,6869600
2024-01-08,170.67015075683594,171.9600067138672,172.0800018310547,167.27999877929688,167.39999389648438,10514800
2024-01-09,171.12669372558594,172.4199981689453,173.72999572753906,169.92999267578125,170.52999877929688,6974300
2024-01-10,171.28549194335938,172.5800018310547,173.10000610351562,170.6300048828125,173.0500030517578,6330000
2024-01-11,172.2581329345703,173.55999755859375,174.52999877929688,170.19000244140625,173.27000427246094,7993700
2024-01-12,171.6527099609375,172.9499969482422,174.1699981689453,172.05999755859375,173.75,4561000
2024-01-16,174.382080078125,175.6999969482422,176.86000061035156,172.74000549316406,173.2899932861328,7678000
2024-01-17,173.33004760742188,174.63999938964844,174.92999267578125,171.49000549316406,174.47999572753906,6751200
2024-01-18,178.95750427246094,180.30999755859375,180.5500030517578,177.41000366210938,179.6699981689453,11983800
2024-01-19,185.7759704589844,187.17999267578125,187.30999755859375,181.4199981689453,182.38999938964844,12742400
2024-01-22,186.6394500732422,188.0500030517578,189.97999572753903,186.47000122070312,188.80999755859375,8308900
2024-01-23,187.5922393798828,189.0099945068359,189.1699981689453,186.08999633789065,188.02000427246097,6031200
2024-01-24,190.9270477294922,192.3699951171875,195.3000030517578,190.02000427246097,191.2100067138672,14706600
2024-01-25,190.9270477294922,192.3699951171875,195.8999938964844,191.25,195.8000030517578,11109400
2024-01-26,186.8578186035156,188.27000427246097,190.47000122070312,187.6999969482422,189.16000366210935,9921900
2024-01-29,189.0512237548828,190.47999572753903,190.5099945068359,187.82000732421875,188.72000122070312,8035500
2024-01-30,187.17539978027344,188.58999633789065,190.8999938964844,187.67999267578125,190.11000061035156,6340100
2024-01-31,184.47579956054688,185.8699951171875,188.7100067138672,184.1499938964844,185.72999572753903,10827100
2024-02-01,186.16305541992188,187.57000732421875,188.1000061035156,185.0500030517578,186.72999572753903,6322500
2024-02-02,189.78567504882812,191.22000122070312,191.72999572753903,187.86000061035156,188.22000122070312,7865400
2024-02-05,193.4877014160156,194.9499969482422,195.72000122070312,191.44000244140625,193.5399932861328,8600500
2024-02-06,191.29428100585935,192.7400054931641,195.88999938964844,190.1199951171875,195.8500061035156,8505100
2024-02-07,195.15509033203125,196.6300048828125,196.7899932861328,192.41000366210935,193.6999969482422,7138800
2024-02-08,197.93408203125,199.42999267578125,200.86000061035156,196.82000732421875,197.57000732421875,8963800
2024-02-09,202.32095336914065,203.8500061035156,204.1999969482422,199.77000427246097,201.1499938964844,7642200
2024-02-12,201.536865234375,203.05999755859375,207.1199951171875,201.97000122070312,204.1999969482422,9718900
2024-02-13,197.80506896972656,199.3000030517578,201.55999755859375,196.2899932861328,197.1699981689453,11269600
2024-02-14,201.7750701904297,203.3000030517578,203.91000366210935,200.41000366210935,202.0,7932500
2024-02-15,201.1001739501953,202.6199951171875,204.7400054931641,202.0099945068359,204.6000061035156,7103400
2024-02-16,200.23667907714844,201.75,206.0800018310547,201.2100067138672,204.3300018310547,6273100
2024-02-20,196.2964630126953,197.77999877929688,200.7599945068359,194.6499938964844,200.27000427246097,11318400
2024-02-21,195.03599548339844,196.5099945068359,196.5399932861328,193.72000122070312,195.63999938964844,8624800
2024-02-22,208.35533142089844,209.92999267578125,210.6999969482422,206.3300018310547,207.17999267578125,12445700
2024-02-23,207.05516052246097,208.6199951171875,213.36000061035156,206.97000122070312,212.02999877929688,8526200
2024-02-26,208.77218627929688,210.3500061035156,211.6199951171875,208.8300018310547,210.6000061035156,7552200
2024-02-27,208.1667633056641,209.7400054931641,211.7599945068359,208.83999633789065,211.0099945068359,4969700
2024-02-28,205.854248046875,207.41000366210935,208.75,206.42999267578125,207.61000061035156,4505800
2024-02-29,210.3601837158203,211.9499969482422,212.55999755859375,208.7899932861328,209.8000030517578,6450600
2024-03-01,218.8857421875,220.5399932861328,221.32000732421875,213.97999572753903,214.1199951171875,10273300
2024-03-04,222.40911865234375,224.08999633789065,227.1300048828125,222.6699981689453,224.0,10905100
2024-03-05,219.00485229492188,220.66000366210935,223.22999572753903,218.2899932861328,222.36000061035156,10421000
2024-03-06,224.6521759033203,226.3500061035156,228.7599945068359,223.67999267578125,225.1300048828125,11245400
2024-03-07,232.41351318359375,234.1699981689453,234.91000366210935,229.4600067138672,229.72999572753903,13524400
2024-03-08,223.30238342285156,224.9900054931641,239.13999938964844,224.44000244140625,236.92999267578125,22519200
2024-03-11,219.32244873046875,220.97999572753903,223.8800048828125,219.02000427246097,222.13999938964844,12843800
2024-03-12,226.260009765625,227.97000122070312,228.02000427246097,220.55999755859375,224.5500030517578,10410300
2024-03-13,221.7838592529297,223.4600067138672,225.8699951171875,221.1499938964844,225.8699951171875,9835800
2024-03-14,217.81385803222656,219.4600067138672,223.9900054931641,217.41000366210935,222.77999877929688,11440100
2024-03-15,216.2060089111328,217.83999633789065,220.3000030517578,215.92999267578125,216.94000244140625,11402000
2024-03-18,216.6427001953125,218.27999877929688,223.16000366210935,217.82000732421875,222.1699981689453,8671700
2024-03-19,216.1663055419922,217.8000030517578,218.8500061035156,212.82000732421875,215.72000122070312,10606900
2024-03-20,219.6301116943359,221.2899932861328,221.6199951171875,216.8300018310547,218.8500061035156,9158100
2024-03-21,224.6124725341797,226.30999755859375,230.0500030517578,225.80999755859375,228.5800018310547,11728000
2024-03-22,225.9324951171875,227.63999938964844,229.25,225.22000122070312,225.6000061035156,5350200
2024-03-25,225.3766937255859,227.0800018310547,229.2400054931641,224.86000061035156,225.22000122070312,4938900
2024-03-26,223.2825164794922,224.97000122070312,229.4600067138672,224.7599945068359,228.8000030517578,6402500
2024-03-27,223.20310974121097,224.88999938964844,226.83999633789065,221.4900054931641,226.58999633789065,7614700
2024-03-28,223.30238342285156,224.9900054931641,225.94000244140625,223.7400054931641,224.30999755859375,3763300
2024-04-01,226.2302398681641,227.94000244140625,230.9499969482422,225.5,225.5,7896800
2024-04-02,223.3222198486328,225.0099945068359,225.42999267578125,222.3800048828125,224.25,5995000
2024-04-03,224.21546936035156,225.91000366210935,227.52000427246097,222.67999267578125,222.72999572753903,5914900
2024-04-04,218.2406311035156,219.88999938964844,229.80999755859375,219.63999938964844,229.1000061035156,9294000
2024-04-05,220.97000122070312,222.63999938964844,224.07000732421875,219.61000061035156,221.22000122070312,8104000
2024-04-08,221.3868408203125,223.05999755859375,225.27999877929688,222.1699981689453,224.88999938964844,4215300
2024-04-09,222.41905212402344,224.1000061035156,225.9499969482422,220.0399932861328,225.36000061035156,5372300
2024-04-10,220.4836578369141,222.1499938964844,224.3800048828125,220.5,221.0,8164900
2024-04-11,225.60496520996097,227.30999755859375,227.57000732421875,221.67999267578125,223.47999572753903,7200600
2024-04-12,219.02468872070312,220.67999267578125,223.82000732421875,219.97000122070312,223.5,8741500
2024-04-15,215.72959899902344,217.36000061035156,224.97999572753903,216.61000061035156,223.75,6750400
2024-04-16,217.51609802246097,219.16000366210935,220.36000061035156,216.47000122070312,217.3300018310547,6754900
2024-04-17,210.80679321289065,212.3999938964844,220.1199951171875,212.07000732421875,219.5099945068359,11726400
2024-04-18,207.06509399414065,208.6300048828125,212.25,207.36000061035156,210.97000122070312,10350600
2024-04-19,197.71575927734375,199.2100067138672,208.0,198.44000244140625,206.72000122070312,13584600
2024-04-22,201.4971618652344,203.02000427246097,204.3800048828125,199.1499938964844,200.97000122070312,9801700
2024-04-23,206.24131774902344,207.8000030517578,208.5800018310547,203.92999267578125,204.4900054931641,7300600
2024-04-24,206.47950744628903,208.0399932861328,213.13999938964844,206.9499969482422,212.63999938964844,6564900
2024-04-25,210.6083068847656,212.1999969482422,213.67999267578125,205.75,207.08999633789065,8682200
2024-04-26,216.0074920654297,217.63999938964844,218.67999267578125,211.94000244140625,212.52999877929688,6365400
2024-04-29,216.7419586181641,218.3800048828125,218.61000061035156,214.8999938964844,217.47999572753903,4818000
2024-04-30,212.484130859375,214.08999633789065,219.6199951171875,214.08999633789065,217.33999633789065,4944800
2024-05-01,206.2909393310547,207.8500061035156,214.5399932861328,206.11000061035156,211.13999938964844,12945800
2024-05-02,210.43959045410156,212.02999877929688,212.7400054931641,207.30999755859375,211.3699951171875,6382500
2024-05-03,216.09683227539065,217.72999572753903,218.36000061035156,215.1499938964844,215.9199981689453,6379100
2024-05-06,220.9997711181641,222.6699981689453,222.67999267578125,218.22000122070312,219.3699951171875,5343100
2024-05-07,219.07432556152344,220.72999572753903,223.17999267578125,220.63999938964844,222.5500030517578,5067000
2024-05-08,219.73928833007812,221.3999938964844,221.86000061035156,218.6999969482422,218.9499969482422,5404300
2024-05-09,218.32994079589844,219.97999572753903,221.77000427246097,218.88999938964844,221.4900054931641,4023300
2024-05-10,221.62506103515625,223.3000030517578,225.44000244140625,222.42999267578125,222.9600067138672,6126600
2024-05-13,221.58534240722656,223.2599945068359,224.5500030517578,222.32000732421875,224.0,3972400
2024-05-14,225.3766937255859,227.0800018310547,227.3300018310547,222.2400054931641,222.94000244140625,5050500
2024-05-15,232.14553833007812,233.8999938964844,234.0,228.52999877929688,229.27000427246097,8212800
2024-05-16,230.45828247070312,232.1999969482422,235.11000061035156,232.08999633789065,233.8500061035156,6209600
2024-05-17,228.52291870117188,230.25,233.82000732421875,228.6199951171875,233.58999633789065,5241300
2024-05-20,233.23728942871097,235.0,236.0399932861328,230.88999938964844,231.47000122070312,4986400
2024-05-21,232.9097595214844,234.6699981689453,234.9199981689453,231.8699951171875,232.9600067138672,4396200
2024-05-22,234.8153533935547,236.58999633789065,237.22000122070312,233.9900054931641,236.91000366210935,8112700
2024-05-23,238.02113342285156,239.82000732421875,244.55999755859375,237.7899932861328,244.1499938964844,12401000
2024-05-24,242.4278259277344,244.2599945068359,244.44000244140625,240.2899932861328,241.52999877929688,4644700
2024-05-28,247.95603942871097,249.8300018310547,250.8500061035156,245.4600067138672,247.69000244140625,7703000
2024-05-29,243.8073883056641,245.6499938964844,246.97999572753903,244.07000732421875,246.1000061035156,7581300
2024-05-30,240.4527587890625,242.27000427246097,246.1300048828125,241.0800018310547,245.4900054931641,7087000
2024-05-31,238.6761779785156,240.47999572753903,244.02000427246097,234.2599945068359,243.3699951171875,12722800
2024-06-03,241.65367126464844,243.47999572753903,245.44000244140625,239.02000427246097,245.1000061035156,6312800
2024-06-04,240.78028869628903,242.6000061035156,243.6999969482422,240.1000061035156,243.3000030517578,5797000
2024-06-05,252.5016937255859,254.41000366210935,254.52999877929688,246.7100067138672,247.52999877929688,10950400
2024-06-06,250.51670837402344,252.41000366210935,255.9199981689453,250.25,255.52000427246097,9828200
2024-06-07,250.3181915283203,252.2100067138672,254.05999755859375,250.4900054931641,252.2400054931641,5470300
2024-06-10,253.94081115722656,255.86000061035156,256.7200012207031,250.0500030517578,251.1000061035156,6418000
2024-06-11,253.5636749267578,255.47999572753903,255.88999938964844,251.8500061035156,255.0,6117800
2024-06-12,261.1165771484375,263.0899963378906,264.54998779296875,259.760009765625,260.57000732421875,8051500
2024-06-13,265.2056884765625,267.2099914550781,268.1400146484375,263.9599914550781,266.7900085449219,7647200
2024-06-14,265.8805847167969,267.8900146484375,268.5899963378906,264.6199951171875,265.3999938964844,6257000
2024-06-17,270.4361572265625,272.4800109863281,273.2099914550781,266.9200134277344,270.7099914550781,7502000
2024-06-18,274.6840515136719,276.760009765625,278.2699890136719,273.0199890136719,273.5199890136719,8241600
2024-06-20,266.9028625488281,268.9200134277344,279.57000732421875,267.0799865722656,279.2200012207031,14053800
2024-06-21,262.903076171875,264.8900146484375,268.92999267578125,262.0199890136719,265.57000732421875,11653900
2024-06-24,253.8614196777344,255.77999877929688,263.0799865722656,255.72999572753903,261.5,10154100
2024-06-25,259.8064880371094,261.7699890136719,261.9100036621094,255.80999755859375,258.5199890136719,6592200
2024-06-26,258.95294189453125,260.9100036621094,263.07000732421875,257.75,261.6099853515625,5950300
2024-06-27,256.9183044433594,258.8599853515625,262.42999267578125,257.6400146484375,260.3999938964844,5738700
2024-06-28,258.7445068359375,260.70001220703125,266.3999938964844,258.9800109863281,260.4800109863281,7743300
2024-07-01,259.0522155761719,261.010009765625,261.3500061035156,255.66000366210935,261.0,6186000
2024-07-02,261.65252685546875,263.6300048828125,263.6600036621094,258.7099914550781,258.989990234375,4117100
2024-07-03,267.5976257324219,269.6199951171875,270.3999938964844,263.2799987792969,264.0899963378906,4633000
2024-07-05,267.69683837890625,269.7200012207031,272.04998779296875,268.04998779296875,271.2200012207031,6415200
2024-07-08,272.1531677246094,274.2099914550781,275.70001220703125,272.54998779296875,272.8399963378906,5832700
2024-07-09,272.7486572265625,274.80999755859375,277.6099853515625,272.1600036621094,276.2900085449219,5912800
2024-07-10,279.1601867675781,281.2699890136719,281.7300109863281,276.2900085449219,278.1300048828125,6181000
2024-07-11,268.9870910644531,271.0199890136719,283.07000732421875,270.0,283.0,12282300
2024-07-12,272.3913879394531,274.45001220703125,278.94000244140625,271.05999755859375,271.79998779296875,8392800
2024-07-15,271.7760314941406,273.8299865722656,277.4700012207031,272.0199890136719,276.4100036621094,7814800
2024-07-16,271.65692138671875,273.7099914550781,275.6300048828125,270.5400085449219,275.30999755859375,5638600
2024-07-17,252.31312561035156,254.22000122070312,264.0,253.8500061035156,263.7900085449219,15181900
2024-07-18,253.6232147216797,255.5399932861328,260.0,250.0099945068359,259.1300048828125,12807600
2024-07-19,246.2787322998047,248.13999938964844,255.2100067138672,247.7899932861328,254.86000061035156,8589500
2024-07-22,255.786865234375,257.7200012207031,257.8999938964844,251.61000061035156,253.0,10757900
2024-07-23,252.9483184814453,254.86000061035156,257.3699951171875,254.33999633789065,254.97999572753903,5869900
2024-07-24,239.17242431640625,240.97999572753903,251.32000732421875,240.33999633789065,250.58999633789065,11295000
2024-07-25,234.78558349609375,236.55999755859375,243.63999938964844,230.82000732421875,239.0,18765100
2024-07-26,238.50746154785156,240.30999755859375,242.32000732421875,238.17999267578125,242.22000122070312,7325600
2024-07-29,236.8102874755859,238.6000061035156,245.22999572753903,237.77000427246097,242.44000244140625,6745300
2024-07-30,227.7487640380859,229.47000122070312,240.7100067138672,228.3300018310547,240.22000122070312,12932100
2024-07-31,245.13735961914065,246.9900054931641,247.69000244140625,240.5099945068359,242.5,18412100
2024-08-01,229.27720642089844,231.0099945068359,246.8000030517578,227.8999938964844,244.0399932861328,17111600
2024-08-02,216.7915802001953,218.42999267578125,222.33999633789065,214.17999267578125,219.9199981689453,20261300
2024-08-05,211.70997619628903,213.30999755859375,218.5,200.4900054931641,200.97999572753903,18420800
2024-08-06,215.828857421875,217.4600067138672,222.8000030517578,212.63999938964844,216.5399932861328,15388800
2024-08-07,209.88377380371097,211.47000122070312,226.1000061035156,211.0099945068359,224.69000244140625,13066500
2024-08-08,223.2229766845703,224.91000366210935,225.27000427246097,212.6999969482422,217.6000061035156,11407900
2024-08-09,223.16342163085935,224.8500061035156,226.4900054931641,221.38999938964844,224.6999969482422,7241700
2024-08-12,225.2576141357422,226.9600067138672,229.5500030517578,224.0500030517578,225.19000244140625,6751200
2024-08-13,234.4183654785156,236.19000244140625,236.3000030517578,228.8699951171875,230.5500030517578,7647400
2024-08-14,234.61685180664065,236.38999938964844,239.17999267578125,232.16000366210935,238.7100067138672,7187100
2024-08-15,244.52200317382812,246.3699951171875,247.33999633789065,239.52999877929688,240.8000030517578,8376800
2024-08-16,244.8594665527344,246.7100067138672,247.3999938964844,243.0,244.2100067138672,5194600
2024-08-19,249.4547119140625,251.33999633789065,251.3999938964844,243.2899932861328,245.7899932861328,5564300
2024-08-20,246.19932556152344,248.05999755859375,251.52999877929688,245.8699951171875,250.1499938964844,6578600
2024-08-21,248.75006103515625,250.6300048828125,251.8699951171875,247.8699951171875,248.6000061035156,4813700
2024-08-22,240.6016387939453,242.4199981689453,253.32000732421875,241.5399932861328,252.52000427246097,8007400
2024-08-23,246.52685546875,248.38999938964844,250.3300018310547,244.6999969482422,245.8500061035156,6933400
2024-08-26,240.75050354003903,242.57000732421875,248.5500030517578,241.1300048828125,247.4900054931641,6925200
2024-08-27,243.1721954345703,245.0099945068359,245.75,238.57000732421875,240.6699981689453,5534400
2024-08-28,239.08311462402344,240.88999938964844,245.67999267578125,237.82000732421875,244.5,8114000
2024-08-29,236.12545776367188,237.91000366210935,244.5099945068359,236.77999877929688,240.47000122070312,9256500
2024-08-30,241.6338348388672,243.4600067138672,244.6000061035156,239.3800048828125,242.4499969482422,8623800
2024-09-03,223.50086975097656,225.19000244140625,238.8699951171875,223.80999755859375,238.8699951171875,14466300
2024-09-04,222.9649200439453,224.6499938964844,228.5800018310547,221.4600067138672,221.8300018310547,8646300
2024-09-05,222.5778350830078,224.2599945068359,227.77000427246097,221.72999572753903,222.05999755859375,6535400
2024-09-06,213.38731384277344,215.0,223.6699981689453,213.57000732421875,223.3500061035156,12019300
2024-09-09,218.2108459472656,219.86000061035156,220.30999755859375,215.7899932861328,218.4600067138672,7933400
2024-09-10,220.27525329589844,221.94000244140625,222.13999938964844,216.4600067138672,220.6199951171875,7651600
2024-09-11,231.64927673339844,233.3999938964844,233.6999969482422,219.3999938964844,223.7899932861328,11148300
2024-09-12,232.14553833007812,233.8999938964844,235.9600067138672,229.9600067138672,232.9199981689453,8209500
2024-09-13,235.13296508789065,236.91000366210935,237.5500030517578,234.22000122070312,235.0,6405800
2024-09-16,232.0462951660156,233.8000030517578,235.0,230.8699951171875,233.38999938964844,5505200
2024-09-17,231.9668884277344,233.72000122070312,237.1300048828125,231.83999633789065,236.61000061035156,4722800
2024-09-18,229.32684326171875,231.05999755859375,237.83999633789065,230.7899932861328,234.88999938964844,7299800
2024-09-19,239.28160095214844,241.08999633789065,243.8500061035156,238.30999755859375,239.97000122070312,11254200
2024-09-20,236.11553955078125,237.8999938964844,239.6499938964844,234.9600067138672,238.8000030517578,8183300
2024-09-23,237.15765380859375,238.9499969482422,239.82000732421875,237.1199951171875,238.80999755859375,3781400
2024-09-24,241.5742645263672,243.3999938964844,244.3800048828125,238.27999877929688,241.0800018310547,5435900
2024-09-25,243.69821166992188,245.5399932861328,247.0800018310547,242.8000030517578,243.22999572753903,4978300
2024-09-26,250.72511291503903,252.6199951171875,255.9900054931641,247.3699951171875,255.5,10082100
2024-09-27,245.88172912597656,247.7400054931641,253.2100067138672,246.1199951171875,253.19000244140625,7128600
2024-09-30,243.60890197753903,245.4499969482422,247.0099945068359,241.8699951171875,244.1499938964844,6252500
2024-10-01,237.0881805419922,238.8800048828125,246.5800018310547,237.0,245.6300048828125,7751800
2024-10-02,240.50238037109375,242.32000732421875,244.4499969482422,237.58999633789065,239.1699981689453,5842600
2024-10-03,242.71566772460935,244.5500030517578,247.1499938964844,241.33999633789065,241.5500030517578,5926900
2024-10-04,245.9611358642578,247.82000732421875,249.2100067138672,244.3300018310547,249.2100067138672,5771300
2024-10-07,246.3581390380859,248.22000122070312,250.6000061035156,246.30999755859375,246.52999877929688,4958800
2024-10-08,250.62586975097656,252.52000427246097,253.1699981689453,247.8800048828125,249.16000366210935,4435300
2024-10-09,253.23614501953125,255.1499938964844,255.41000366210935,250.2100067138672,252.9900054931641,4063400
2024-10-10,252.73988342285156,254.6499938964844,255.8699951171875,251.0,252.5099945068359,4044600
2024-10-11,254.7646026611328,256.69000244140625,257.29998779296875,253.6000061035156,253.61000061035156,4202900
2024-10-14,259.3201599121094,261.2799987792969,262.260009765625,258.4200134277344,258.5199890136719,4608600
2024-10-15,245.3060760498047,247.16000366210935,262.1099853515625,245.5800018310547,261.0,14128900
2024-10-16,245.4648895263672,247.32000732421875,249.8300018310547,245.5,249.8300018310547,5692300
2024-10-17,249.69293212890625,251.5800018310547,256.1700134277344,251.5,255.17999267578125,6745000
2024-10-18,249.6234436035156,251.5099945068359,253.52000427246097,250.86000061035156,253.5,3720700
2024-10-21,250.94346618652344,252.83999633789065,253.0500030517578,249.4900054931641,251.0,3923400
2024-10-22,249.80209350585935,251.69000244140625,252.4900054931641,249.6699981689453,251.3300018310547,3629100
2024-10-23,247.14219665527344,249.0099945068359,251.6699981689453,245.83999633789065,250.4499969482422,4971600
2024-10-24,248.184326171875,250.05999755859375,251.1999969482422,248.1999969482422,250.8699951171875,2595500
2024-10-25,251.0625762939453,252.9600067138672,256.54998779296875,252.3000030517578,252.4900054931641,6835900
2024-10-28,249.32571411132812,251.2100067138672,253.0500030517578,251.0,252.77000427246097,3557300
2024-10-29,254.99285888671875,256.9200134277344,258.3299865722656,250.86000061035156,251.8999938964844,5392800
2024-10-30,248.79965209960935,250.67999267578125,253.0,249.4499969482422,251.7400054931641,5348400
2024-10-31,239.86717224121097,241.67999267578125,248.27000427246097,240.27999877929688,248.27000427246097,9464700
2024-11-01,242.9141540527344,244.75,247.2899932861328,243.3500061035156,244.19000244140625,5521000
2024-11-04,242.4377593994141,244.27000427246097,247.5099945068359,243.41000366210935,245.30999755859375,5199200
2024-11-05,246.44744873046875,248.30999755859375,249.0399932861328,245.0800018310547,245.25,4344200
2024-11-06,252.8986968994141,254.80999755859375,255.69000244140625,250.2100067138672,252.2899932861328,7284400
2024-11-07,259.0621032714844,261.0199890136719,261.1499938964844,258.1400146484375,258.3900146484375,5370200
2024-11-08,257.39471435546875,259.3399963378906,261.8800048828125,257.9200134277344,260.760009765625,3915600
2024-11-11,251.6282958984375,253.52999877929688,258.04998779296875,250.9900054931641,257.9200134277344,7667300
2024-11-12,249.9708251953125,251.86000061035156,253.57000732421875,248.86000061035156,253.1000061035156,6574000
2024-11-13,245.77256774902344,247.6300048828125,251.17999267578125,247.22000122070312,250.6499938964844,5537900
2024-11-14,246.31842041015625,248.17999267578125,250.9600067138672,247.3800048828125,249.55999755859375,4607600
2024-11-15,238.1501617431641,239.9499969482422,244.57000732421875,238.8000030517578,244.1699981689453,9499700
2024-11-18,239.7282257080078,241.5399932861328,242.1699981689453,237.38999938964844,239.02999877929688,7696500
2024-11-19,242.34841918945312,244.17999267578125,244.27000427246097,240.6000061035156,241.1000061035156,4505200
2024-11-20,240.72071838378903,242.5399932861328,243.75,238.6499938964844,243.3300018310547,7585600
2024-11-21,244.25404357910156,246.1000061035156,248.19000244140625,239.6000061035156,245.52000427246097,8825400
2024-11-22,242.7851104736328,244.6199951171875,246.63999938964844,243.30999755859375,245.97000122070312,4746300
2024-11-25,241.83233642578125,243.66000366210935,246.3500061035156,242.27999877929688,246.3500061035156,4562700
2024-11-26,239.609130859375,241.4199981689453,246.1199951171875,239.88999938964844,245.82000732421875,4996500
2024-11-27,236.46290588378903,238.25,239.8000030517578,234.1699981689453,239.66000366210935,6911600
2024-11-29,240.31381225585935,242.1300048828125,244.4900054931641,239.58999633789065,240.0,5607400
2024-12-02,246.0107421875,247.8699951171875,249.1499938964844,243.3500061035156,243.3500061035156,8070300
2024-12-03,246.55662536621097,248.4199981689453,248.67999267578125,245.92999267578125,246.92999267578125,3227300
2024-12-04,250.73504638671875,252.6300048828125,253.07000732421875,249.32000732421875,252.22999572753903,5457400
2024-12-05,246.43751525878903,248.3000030517578,252.16000366210935,247.5800018310547,251.88999938964844,3872100
2024-12-06,246.7451934814453,248.61000061035156,249.4199981689453,247.2100067138672,247.8800048828125,3885300
2024-12-09,244.22425842285156,246.07000732421875,248.9600067138672,244.92999267578125,246.22000122070312,4532600
2024-12-10,238.0806884765625,239.8800048828125,247.1499938964844,238.3699951171875,246.42999267578125,6402400
2024-12-11,243.9066619873047,245.75,247.0399932861328,241.72999572753903,243.6499938964844,5588400
2024-12-12,241.5445098876953,243.3699951171875,244.63999938964844,241.92999267578125,244.0099945068359,3979300
2024-12-13,247.61859130859375,249.4900054931641,251.6300048828125,246.0500030517578,249.52000427246097,8628300
2024-12-16,251.3503875732422,253.25,254.36000061035156,248.9199981689453,250.5,4893000
2024-12-17,248.0850830078125,249.9600067138672,251.1699981689453,248.02999877929688,250.47999572753903,4027800
2024-12-18,240.17486572265625,241.9900054931641,254.47000122070312,240.4499969482422,252.16000366210935,8125800
2024-12-19,237.0782470703125,238.8699951171875,243.25,238.3500061035156,243.0,6893100
2024-12-20,240.88946533203125,242.7100067138672,245.2599945068359,236.5399932861328,237.3999938964844,6909300
2024-12-23,248.44692993164065,249.22000122070312,249.58999633789065,243.52999877929688,243.52999877929688,6650100
2024-12-24,250.5902557373047,251.3699951171875,251.3699951171875,249.3800048828125,250.44000244140625,2097400
2024-12-26,250.1516265869141,250.92999267578125,252.38999938964844,248.8800048828125,250.4199981689453,2169300
2024-12-27,247.6294708251953,248.3999938964844,250.07000732421875,245.16000366210935,249.27999877929688,3812300
2024-12-30,243.9010772705078,244.66000366210935,247.3500061035156,242.72999572753903,244.6199951171875,3532100
2024-12-31,241.41879272460935,242.1699981689453,246.0500030517578,241.3999938964844,245.5099945068359,3071800
2025-01-02,244.0306701660156,244.7899932861328,247.75,242.25,244.52000427246097,4464000
2025-01-03,251.09869384765625,251.8800048828125,252.3300018310547,246.67999267578125,247.0,4994400
2025-01-06,259.42279052734375,260.2300109863281,263.2900085449219,258.5,258.6700134277344,10533200
2025-01-07,253.25196838378903,254.0399932861328,263.5799865722656,253.0500030517578,263.4200134277344,7661100
2025-01-08,251.4475860595703,252.22999572753903,254.3300018310547,249.5099945068359,253.55999755859375,5189500
2025-01-10,246.4132537841797,247.17999267578125,249.58999633789065,244.9199981689453,249.41000366210935,6901500
2025-01-13,243.88113403320312,244.63999938964844,244.92999267578125,240.6199951171875,241.07000732421875,6007500
2025-01-14,244.6786651611328,245.44000244140625,248.3800048828125,242.38999938964844,247.72999572753903,3791500
2025-01-15,250.43077087402344,251.2100067138672,252.07000732421875,247.6999969482422,249.25,5316800
2025-01-16,251.5074005126953,252.2899932861328,257.20001220703125,252.1499938964844,257.1099853515625,5696100
2025-01-17,257.44891357421875,258.25,258.67999267578125,255.61000061035156,257.9800109863281,5387300
2025-01-21,261.5760803222656,262.3900146484375,264.32000732421875,258.45001220703125,260.79998779296875,4923000
2025-01-22,266.3412780761719,267.1700134277344,269.6600036621094,265.1400146484375,266.0,6616500
2025-01-23,266.0222473144531,266.8500061035156,266.8599853515625,261.8999938964844,263.0199890136719,4704900
2025-01-24,260.71875,261.5299987792969,267.42999267578125,260.6199951171875,267.3999938964844,5119900
2025-01-27,235.0785217285156,235.80999755859375,245.0800018310547,232.2400054931641,242.47999572753903,21944900
2025-01-28,239.70413208007812,240.4499969482422,241.02999877929688,232.2599945068359,237.88999938964844,11707300
2025-01-29,238.7869873046875,239.52999877929688,242.4499969482422,236.63999938964844,242.41000366210935,8366000
2025-01-30,244.4095001220703,245.1699981689453,245.8500061035156,240.6699981689453,243.4199981689453,7676300
2025-01-31,242.8643035888672,243.6199951171875,251.4600067138672,242.9199981689453,246.1699981689453,8009900
2025-02-03,238.0393218994141,238.77999877929688,241.63999938964844,235.1199951171875,235.97000122070312,7479600
2025-02-04,240.72097778320312,241.47000122070312,242.6199951171875,238.5800018310547,238.80999755859375,4579000
2025-02-05,246.37338256835935,247.13999938964844,247.5,240.3999938964844,242.1199951171875,4811100
2025-02-06,247.5796356201172,248.3500061035156,248.42999267578125,245.61000061035156,247.17999267578125,4877200
2025-02-07,244.24002075195312,245.0,250.6499938964844,243.47999572753903,249.55999755859375,7258900
2025-02-10,248.84568786621097,249.6199951171875,250.2899932861328,247.0,247.0,4231300
2025-02-11,249.09490966796875,249.8699951171875,251.0399932861328,247.41000366210935,247.6999969482422,3134900
2025-02-12,247.7391357421875,248.5099945068359,248.7400054931641,244.5399932861328,245.6999969482422,4212800
2025-02-13,251.1385498046875,251.9199981689453,252.08999633789065,247.7899932861328,248.0,4486100
2025-02-14,251.7965087890625,252.5800018310547,253.22000122070312,250.6300048828125,252.0,4279500
2025-02-18,255.4252166748047,256.2200012207031,257.20001220703125,253.33999633789065,254.72000122070312,6361400
2025-02-19,256.541748046875,257.3399963378906,258.3800048828125,253.8800048828125,255.97999572753903,3025400
2025-02-20,257.00030517578125,257.79998779296875,259.6300048828125,254.9199981689453,258.07000732421875,4401700
2025-02-21,249.2145538330078,249.9900054931641,258.70001220703125,249.19000244140625,258.3500061035156,7578500
2025-02-24,242.6649169921875,243.4199981689453,252.05999755859375,243.27999877929688,251.3000030517578,7518000
2025-02-25,237.51095581054688,238.25,243.77999877929688,237.33999633789065,242.7100067138672,7658600
2025-02-26,243.06369018554688,243.82000732421875,246.1199951171875,240.8999938964844,241.6000061035156,6675900
2025-02-27,228.08029174804688,228.7899932861328,246.3800048828125,228.6999969482422,246.07000732421875,10520600
2025-02-28,232.04795837402344,232.77000427246097,233.77999877929688,225.6300048828125,228.3699951171875,8654700
2025-03-03,222.3182373046875,223.0099945068359,235.3699951171875,220.9499969482422,235.3699951171875,10001200
2025-03-04,224.5313415527344,225.22999572753903,230.8000030517578,218.0500030517578,222.4600067138672,12563100
2025-03-05,228.6884002685547,229.3999938964844,230.2100067138672,223.47000122070312,227.82000732421875,6799400
2025-03-06,219.09825134277344,219.77999877929688,226.16000366210935,219.07000732421875,221.97999572753903,9155200
2025-03-07,224.39178466796875,225.08999633789065,225.75,217.07000732421875,220.6000061035156,9426800
2025-03-10,213.86453247070312,214.52999877929688,221.2899932861328,211.5099945068359,219.57000732421875,9616500
2025-03-11,213.5554962158203,214.22000122070312,219.02000427246097,210.4600067138672,215.2100067138672,7381300
2025-03-12,219.83596801757812,220.52000427246097,222.9499969482422,218.17999267578125,220.32000732421875,8710800
2025-03-13,218.8689727783203,219.5500030517578,223.8800048828125,217.80999755859375,220.77999877929688,5126800
2025-03-14,225.86720275878903,226.57000732421875,226.9600067138672,223.27999877929688,223.3500061035156,5100700
2025-03-17,228.24978637695312,228.9600067138672,231.0399932861328,226.02000427246097,226.22999572753903,5192200
2025-03-18,224.72076416015625,225.4199981689453,227.77000427246097,223.8800048828125,226.6300048828125,5196700
2025-03-19,226.70458984375,227.41000366210935,231.02000427246097,223.77999877929688,225.4199981689453,4932500
2025-03-20,226.345703125,227.0500030517578,229.0099945068359,224.88999938964844,225.13999938964844,3654700
2025-03-21,224.07278442382812,224.77000427246097,225.61000061035156,221.41000366210935,222.77000427246097,6319300
2025-03-24,229.9145965576172,230.6300048828125,232.4199981689453,229.1000061035156,229.1999969482422,6503200
2025-03-25,228.93763732910156,229.6499938964844,230.66000366210935,228.8500061035156,230.4499969482422,3451800
2025-03-26,221.3213348388672,222.0099945068359,228.8000030517578,220.0500030517578,228.3999938964844,9591100
2025-03-27,217.07455444335935,217.75,220.6999969482422,216.57000732421875,219.0500030517578,9072500
2025-03-28,211.51185607910156,212.1699981689453,218.0399932861328,211.0500030517578,216.8000030517578,8722100
2025-03-31,210.81402587890625,211.47000122070312,211.69000244140625,204.5099945068359,207.3300018310547,9477200
2025-04-01,211.83087158203125,212.4900054931641,212.5399932861328,207.2599945068359,210.9600067138672,6151300
2025-04-02,213.4259033203125,214.08999633789065,216.61000061035156,208.47000122070312,208.9600067138672,7096200
2025-04-03,194.96336364746097,195.57000732421875,204.4900054931641,195.33999633789065,202.69000244140625,14299000
2025-04-04,180.2391662597656,180.8000030517578,190.2899932861328,178.22999572753906,188.6999969482422,22160100
2025-04-07,184.32644653320312,184.8999938964844,194.8300018310547,170.11000061035156,173.49000549316406,25600300
2025-04-08,179.3917999267578,179.9499969482422,195.72000122070312,176.0500030517578,192.9900054931641,19097600
2025-04-09,210.176025390625,210.8300018310547,212.80999755859375,180.27000427246097,181.7599945068359,22178500
2025-04-10,195.60137939453125,196.2100067138672,202.5,189.0399932861328,201.3800048828125,18282500
2025-04-11,200.685546875,201.30999755859375,201.94000244140625,193.6999969482422,195.6999969482422,10156300
2025-04-14,200.984619140625,201.61000061035156,206.77999877929688,198.77000427246097,206.6199951171875,9843300
2025-04-15,202.29055786132812,202.9199981689453,205.13999938964844,201.94000244140625,202.6699981689453,5097800
2025-04-16,193.7471466064453,194.3500061035156,196.7599945068359,188.52999877929688,193.16000366210935,13067200
2025-04-17,191.9327850341797,192.52999877929688,196.0,191.0,195.82000732421875,7067400
2025-04-21,187.2473602294922,187.8300018310547,189.38999938964844,184.3999938964844,188.8999938964844,9572700
2025-04-22,191.3047332763672,191.8999938964844,193.3000030517578,188.9600067138672,190.3500061035156,7242700
2025-04-23,198.29299926757812,198.91000366210935,203.0800018310547,198.0800018310547,201.5800018310547,11495800
2025-04-24,208.32179260253903,208.97000122070312,209.27999877929688,202.17999267578125,203.22000122070312,9696200
2025-04-25,211.31248474121097,211.97000122070312,213.2899932861328,206.5,207.17999267578125,7487400
2025-04-28,209.99656677246097,210.6499938964844,212.2100067138672,206.3999938964844,210.88999938964844,5804900
2025-04-29,209.63768005371097,210.2899932861328,212.25,208.52000427246097,209.3300018310547,4506200
2025-04-30,210.62461853027344,211.27999877929688,211.7400054931641,203.88999938964844,205.02000427246097,5974400
2025-05-01,211.64146423339844,212.3000030517578,216.52999877929688,212.11000061035156,214.92999267578125,6878200
2025-05-02,218.3505859375,219.02999877929688,220.9199981689453,217.2400054931641,217.9900054931641,6522200
2025-05-05,216.9349822998047,217.61000061035156,219.6000061035156,216.8999938964844,217.02999877929688,4536000
2025-05-06,214.92124938964844,215.58999633789065,217.44000244140625,212.83999633789065,213.6499938964844,5019400
2025-05-07,219.33750915527344,220.02000427246097,220.9199981689453,214.19000244140625,215.72000122070312,9068800
2025-05-08,221.2615203857422,221.9499969482422,224.83999633789065,220.1000061035156,222.8500061035156,5919200
2025-05-09,222.70701599121097,223.3999938964844,225.36000061035156,221.9900054931641,224.52999877929688,3495500
2025-05-12,236.6735687255859,237.41000366210935,238.6699981689453,234.0500030517578,236.72000122070312,9246900
2025-05-13,244.79827880859375,245.55999755859375,246.69000244140625,238.6000061035156,239.0500030517578,8665600
2025-05-14,247.2207489013672,247.9900054931641,249.44000244140625,245.6000061035156,247.6499938964844,7439600
2025-05-15,246.36341857910156,247.1300048828125,249.0,244.0800018310547,245.75,6446300
2025-05-16,245.65562438964844,246.4199981689453,247.61000061035156,244.1199951171875,247.5399932861328,3800100
2025-05-19,245.24688720703125,246.0099945068359,246.5,241.2899932861328,241.3999938964844,4196100
2025-05-20,244.77833557128903,245.5399932861328,245.61000061035156,242.8800048828125,243.8699951171875,3115200
2025-05-21,240.72097778320312,241.47000122070312,248.5800018310547,240.02000427246097,243.3300018310547,6392500
2025-05-22,240.06301879882812,240.80999755859375,243.61000061035156,240.32000732421875,241.02999877929688,5185500
2025-05-23,236.70347595214844,237.44000244140625,238.86000061035156,234.58999633789065,235.22999572753903,6577200
2025-05-27,244.21011352539065,244.97000122070312,245.69000244140625,240.66000366210935,242.4900054931641,8858900
2025-05-28,241.60821533203125,242.36000061035156,246.2100067138672,241.91000366210935,245.2899932861328,10739500
2025-05-29,243.3228759765625,244.0800018310547,249.2100067138672,242.6999969482422,249.0,9120100
2025-05-30,239.0063018798828,239.75,243.22999572753903,235.3699951171875,243.22999572753903,11064700
2025-06-02,242.54530334472656,243.3000030517578,244.02999877929688,238.9600067138672,239.17999267578125,4719900
2025-06-03,248.0182647705078,248.7899932861328,249.1699981689453,242.3500061035156,243.47999572753903,7518700
2025-06-04,250.96908569335935,251.75,252.61000061035156,248.36000061035156,250.57000732421875,7258700
2025-06-05,250.52047729492188,251.3000030517578,256.05999755859375,249.7599945068359,253.7400054931641,8054100
2025-06-06,251.946044921875,252.72999572753903,255.58999633789065,252.63999938964844,253.5399932861328,5589700
2025-06-09,256.16290283203125,256.9599914550781,259.8699951171875,255.0,255.0,10841400
2025-06-10,261.257080078125,262.07000732421875,262.67999267578125,257.4599914550781,258.3599853515625,9763000
2025-06-11,261.0676574707031,261.8800048828125,264.9100036621094,259.69000244140625,263.6000061035156,12286000
2025-06-12,262.3337097167969,263.1499938964844,264.0,260.05999755859375,260.05999755859375,6781900
2025-06-13,256.19281005859375,256.989990234375,260.6000061035156,256.04998779296875,257.54998779296875,11950200
2025-06-16,262.5630187988281,263.3800048828125,265.04998779296875,259.7799987792969,259.9599914550781,7497700
2025-06-17,260.778564453125,261.5899963378906,265.5299987792969,261.3599853515625,262.44000244140625,7284700
2025-06-18,261.77545166015625,262.5899963378906,264.9100036621094,260.989990234375,262.7799987792969,7367400
2025-06-20,259.462646484375,260.2699890136719,265.0199890136719,257.2200012207031,264.8500061035156,11439900
2025-06-23,261.1075439453125,261.9200134277344,262.6600036621094,257.1199951171875,259.8500061035156,10420100
2025-06-24,270.69769287109375,271.5400085449219,271.6199951171875,265.739990234375,265.92999267578125,9035500
2025-06-25,274.3463439941406,275.20001220703125,275.2699890136719,272.45001220703125,273.2200012207031,8480000
2025-06-26,276.34014892578125,277.20001220703125,277.95001220703125,274.95001220703125,277.0799865722656,6789000
2025-06-27,277.5563659667969,278.4200134277344,280.5,275.6400146484375,278.17999267578125,8170900
2025-06-30,278.0149230957031,278.8800048828125,279.9599914550781,277.1000061035156,279.70001220703125,6375800
2025-07-01,274.9843444824219,275.8399963378906,278.05999755859375,272.1600036621094,276.79998779296875,8931300
2025-07-02,280.3775634765625,281.25,281.9200134277344,274.6600036621094,274.82000732421875,8713800
2025-07-03,282.740234375,283.6199951171875,285.19000244140625,282.30999755859375,282.82000732421875,4443000
2025-07-07,278.8922119140625,279.760009765625,282.6400146484375,278.54998779296875,281.760009765625,8616400
2025-07-08,282.6006774902344,283.4800109863281,284.7300109863281,280.70001220703125,281.6099853515625,8186500
2025-07-09,284.53466796875,285.4200134277344,287.8399963378906,283.57000732421875,284.7300109863281,6810700
2025-07-10,286.62811279296875,287.5199890136719,288.19000244140625,284.55999755859375,287.8900146484375,5635200
2025-07-11,286.59820556640625,287.489990234375,288.94000244140625,285.54998779296875,286.4700012207031,5677000
2025-07-14,284.4349670410156,285.32000732421875,286.5199890136719,281.739990234375,286.29998779296875,7455800
2025-07-15,289.89794921875,290.79998779296875,293.20001220703125,290.0799865722656,291.6700134277344,9892500
2025-07-16,288.3826599121094,289.2799987792969,289.57000732421875,283.1300048828125,288.5,10065900
2025-07-17,290.80511474609375,291.7099914550781,292.55999755859375,287.9800109863281,290.04998779296875,6998300
2025-07-18,289.40948486328125,290.30999755859375,293.3299865722656,289.3299865722656,292.9100036621094,5522100
2025-07-21,289.6088562011719,290.510009765625,293.5299987792969,290.3999938964844,290.6700134277344,5910900
2025-07-22,284.48480224609375,285.3699951171875,289.8399963378906,282.1199951171875,289.739990234375,11537500
2025-07-23,285.720947265625,286.6099853515625,286.6700134277344,282.989990234375,285.29998779296875,8194600
2025-07-24,286.9072570800781,287.79998779296875,288.2699890136719,284.9200134277344,287.19000244140625,5902600
2025-07-25,286.59820556640625,287.489990234375,288.0400085449219,285.05999755859375,286.2300109863281,4014900
2025-07-28,290.5060729980469,291.4100036621094,291.57000732421875,289.2900085449219,289.7799987792969,5671900
2025-07-29,291.9914245605469,292.8999938964844,296.7300109863281,291.4800109863281,293.55999755859375,6968700
2025-07-30,295.3410339355469,296.260009765625,297.3800048828125,293.5899963378906,294.760009765625,7930300
2025-07-31,287.88421630859375,288.7799987792969,294.9200134277344,286.04998779296875,294.70001220703125,9928100
2025-08-01,283.0692138671875,283.95001220703125,286.94000244140625,279.19000244140625,282.9100036621094,14032200
2025-08-04,289.28985595703125,290.19000244140625,290.30999755859375,285.2099914550781,286.2900085449219,5323200
2025-08-05,286.2094421386719,287.1000061035156,291.3299865722656,284.2099914550781,290.739990234375,6918300
2025-08-06,285.7309265136719,286.6199951171875,287.2300109863281,282.7699890136719,284.8299865722656,6124300
2025-08-07,290.2169494628906,291.1199951171875,294.7099914550781,288.6199951171875,292.8299865722656,8069400
2025-08-08,292.6194763183594,293.5299987792969,293.9200134277344,290.6499938964844,291.92999267578125,5121600
2025-08-11,292.4898681640625,293.3999938964844,297.0899963378906,292.7300109863281,294.510009765625,5799700
2025-08-12,299.1690979003906,300.1000061035156,300.239990234375,293.1499938964844,295.2900085449219,7592800
2025-08-13,300.345458984375,301.2799987792969,302.9800109863281,298.57000732421875,301.8399963378906,8959700
2025-08-14,300.98345947265625,301.9200134277344,302.79998779296875,297.2799987792969,298.0,5827000
2025-08-15,294.73291015625,295.6499938964844,299.3599853515625,293.94000244140625,299.3599853515625,9026300
2025-08-18,295.93914794921875,296.8599853515625,297.19000244140625,294.7799987792969,294.9200134277344,5577500
2025-08-19,289.9677429199219,290.8699951171875,297.1199951171875,290.6300048828125,296.8599853515625,8191900
2025-08-20,288.06365966796875,288.9599914550781,290.0,281.1499938964844,290.0,10091000
2025-08-21,286.56829833984375,287.4599914550781,289.8699951171875,285.8800048828125,287.7799987792969,6067700
2025-08-22,292.7291564941406,293.6400146484375,296.3599853515625,286.5400085449219,287.6300048828125,5810400
2025-08-25,293.00830078125,293.9200134277344,295.7900085449219,292.1199951171875,293.75,4965000
2025-08-26,295.8294982910156,296.75,297.239990234375,294.6700134277344,294.82000732421875,4967100
2025-08-27,296.7366638183594,297.6600036621094,298.1000061035156,294.3800048828125,295.8500061035156,5646200
2025-08-28,297.952880859375,298.8800048828125,300.7799987792969,295.9800109863281,298.1000061035156,7194000
2025-08-29,289.3895568847656,290.2900085449219,295.55999755859375,289.1000061035156,295.55999755859375,13420900
2025-09-02,285.59136962890625,286.4800109863281,286.6700134277344,281.739990234375,283.0899963378906,11543700
2025-09-03,285.54150390625,286.42999267578125,287.92999267578125,283.7799987792969,287.3599853515625,7249600
2025-09-04,288.9608459472656,289.8599853515625,290.2099914550781,284.29998779296875,285.239990234375,8079300
2025-09-05,292.3702697753906,293.2799987792969,295.1499938964844,289.25,295.07000732421875,9809600
2025-09-08,295.6001892089844,296.5199890136719,297.82000732421875,294.79998779296875,295.1400146484375,7223200
2025-09-09,296.8861999511719,297.80999755859375,297.989990234375,295.1099853515625,297.2200012207031,6797000
2025-09-10,299.8968200683594,300.8299865722656,302.3800048828125,298.7699890136719,300.5899963378906,10221400
2025-09-11,302.9872131347656,303.92999267578125,305.55999755859375,303.1700134277344,303.5400085449219,7312400
2025-09-12,303.37603759765625,304.32000732421875,305.5899963378906,303.1000061035156,305.05999755859375,5231900
2025-09-15,306.2171936035156,307.1700134277344,307.2300109863281,303.010009765625,303.82000732421875,5390200
2025-09-16,306.2570495605469,307.2099914550781,308.6700134277344,305.57000732421875,308.42999267578125,4227600
2025-09-17,304.3031311035156,305.25,307.1499938964844,301.3699951171875,306.5,9647700
2025-09-18,315.9867858886719,316.9700012207031,318.6199951171875,312.6000061035156,313.54998779296875,16335600
2025-09-19,314.7306823730469,315.7099914550781,316.510009765625,313.42999267578125,316.3999938964844,8381600
2025-09-22,321.170654296875,322.1700134277344,323.1400146484375,316.0,316.2699890136719,11618100
2025-09-23,320.7021179199219,321.70001220703125,325.3599853515625,320.0199890136719,323.1600036621094,9159000
2025-09-24,320.1139221191406,321.1099853515625,321.9599914550781,317.4700012207031,321.3999938964844,8632200
2025-09-25,320.0640869140625,321.05999755859375,322.0299987792969,313.6000061035156,316.2900085449219,9592900
2025-09-26,320.8217468261719,321.82000732421875,322.4200134277344,318.1400146484375,321.6400146484375,6886100
2025-09-29,321.65911865234375,322.6600036621094,326.8299865722656,322.4700012207031,324.6499938964844,5833600
2025-09-30,325.3476257324219,326.3599853515625,326.7200012207031,322.42999267578125,322.75,7459900
2025-10-01,332.6549072265625,333.69000244140625,334.1099853515625,324.1099853515625,324.2799987792969,9911800
2025-10-02,337.1907958984375,338.239990234375,340.0,336.55999755859375,339.6600036621094,8092600
2025-10-03,335.6356201171875,336.67999267578125,340.7799987792969,335.17999267578125,339.4100036621094,7770000
2025-10-06,342.3148498535156,343.3800048828125,348.5299987792969,343.3800048828125,345.4599914550781,10263200
2025-10-07,336.0044860839844,337.04998779296875,346.6700134277344,336.55999755859375,346.2900085449219,9365700
2025-10-08,344.99652099609375,346.07000732421875,346.4599914550781,336.4200134277344,336.7300109863281,7841500
2025-10-09,344.13916015625,345.2099914550781,347.1000061035156,342.3999938964844,346.0400085449219,5565500
2025-10-10,324.330810546875,325.3399963378906,346.489990234375,324.8299865722656,345.9700012207031,18804500
2025-10-13,338.69610595703125,339.75,341.0899963378906,335.0,337.4800109863281,11760200
2025-10-14,332.46551513671875,333.5,339.05999755859375,330.25,333.05999755859375,7296700
2025-10-15,340.7198181152344,341.7799987792969,343.0799865722656,335.510009765625,342.1000061035156,8283800
2025-10-16,342.2350769042969,343.29998779296875,347.0899963378906,339.80999755859375,346.1700134277344,9047500
2025-10-17,341.76654052734375,342.8299865722656,344.92999267578125,338.1400146484375,341.2200012207031,8396300
2025-10-20,346.1429443359375,347.2200012207031,350.04998779296875,345.6600036621094,346.0,6436900
2025-10-21,344.2288818359375,345.29998779296875,347.1000061035156,343.1600036621094,347.05999755859375,4391800
2025-10-22,337.5496826171875,338.6000061035156,344.8599853515625,332.3999938964844,342.8599853515625,8014200
2025-10-23,343.7304382324219,344.79998779296875,345.9100036621094,336.7300109863281,337.04998779296875,6422600
2025-10-24,350.0508117675781,351.1400146484375,352.94000244140625,349.82000732421875,350.5799865722656,5649300
2025-10-27,358.823486328125,359.94000244140625,360.6000061035156,356.2099914550781,357.6700134277344,6663400
2025-10-28,361.983642578125,363.1099853515625,364.6700134277344,358.4599914550781,359.6099853515625,5086000
2025-10-29,367.4665832519531,368.6099853515625,372.7799987792969,365.8200073242187,369.0799865722656,8102600
2025-10-30,362.6017456054687,363.7300109863281,369.8599853515625,363.5499877929687,367.4299926757813,6932700
2025-10-31,361.8939208984375,363.0199890136719,368.4299926757813,360.5,366.8800048828125,4917900
2025-11-03,364.9643859863281,366.1000061035156,369.4700012207031,364.69000244140625,367.69000244140625,4470500
2025-11-04,351.665771484375,352.760009765625,361.7900085449219,351.79998779296875,357.9800109863281,8269000
2025-11-05,358.3848571777344,359.5,364.2799987792969,352.7200012207031,353.1000061035156,8605400
2025-11-06,350.0009460449219,351.0899963378906,360.1499938964844,348.7099914550781,359.5899963378906,9600500
2025-11-07,347.0401611328125,348.1199951171875,348.17999267578125,336.67999267578125,346.5400085449219,14723200
2025-11-10,357.67706298828125,358.7900085449219,360.0,353.95001220703125,357.54998779296875,9180700
2025-11-11,349.9610595703125,351.04998779296875,356.0400085449219,349.739990234375,355.25,7661200
2025-11-12,354.4271545410156,355.5299987792969,357.4800109863281,352.94000244140625,356.20001220703125,5870700
2025-11-13,343.7503967285156,344.82000732421875,352.8800048828125,341.25,351.6300048828125,10654800
2025-11-14,343.909912109375,344.9800109863281,348.9100036621094,333.75,335.239990234375,12271200
2025-11-17,339.244384765625,340.29998779296875,348.3399963378906,337.04998779296875,341.94000244140625,6921300
2025-11-18,332.25616455078125,333.2900085449219,337.7900085449219,329.1199951171875,335.75,12933100
2025-11-19,338.3870849609375,339.44000244140625,343.05999755859375,333.4599914550781,334.80999755859375,9842300
2025-11-20,324.091552734375,325.1000061035156,349.7799987792969,323.69000244140625,348.8599853515625,14686700
2025-11-21,325.1183776855469,326.1300048828125,331.6199951171875,315.04998779296875,325.0,17298700
2025-11-24,338.06805419921875,339.1199951171875,340.57000732421875,328.8299865722656,329.0,10650900
2025-11-25,338.955322265625,340.010009765625,340.7200012207031,327.3500061035156,334.7300109863281,12052700
2025-11-26,346.63140869140625,347.7099914550781,350.29998779296875,343.42999267578125,344.25,5533300
2025-11-28,351.187255859375,352.2799987792969,352.57000732421875,347.7099914550781,349.1700134277344,3352700
2025-12-01,351.8651428222656,352.9599914550781,355.010009765625,348.05999755859375,348.8500061035156,3902000
2025-12-02,358.3150634765625,359.42999267578125,360.7900085449219,354.1499938964844,355.8500061035156,6657900
2025-12-03,363.23974609375,364.3699951171875,364.5799865722656,356.2300109863281,359.70001220703125,4642700
2025-12-04,360.4783325195313,361.6000061035156,364.3699951171875,359.6000061035156,363.260009765625,3971800
2025-12-05,363.28961181640625,364.4200134277344,368.5799865722656,363.5400085449219,364.4599914550781,3619200
2025-12-08,367.4067687988281,368.5499877929687,370.7200012207031,365.739990234375,368.1000061035156,4334300
2025-12-09,367.8553771972656,369.0,369.55999755859375,365.3500061035156,367.0400085449219,3173300
2025-12-10,372.9395751953125,374.1000061035156,375.5899963378906,366.9299926757813,368.9100036621094,5653300
2025-12-11,369.7395324707031,370.8900146484375,371.2200012207031,361.6799926757813,369.7799987792969,7499900
2025-12-12,353.02154541015625,354.1199951171875,367.55999755859375,352.8800048828125,366.989990234375,12705900
2025-12-15,351.8053283691406,352.8999938964844,359.20001220703125,352.19000244140625,358.1300048828125,5605800
2025-12-16,350.8482971191406,351.94000244140625,354.3900146484375,348.30999755859375,351.57000732421875,5849200
2025-12-17,338.18768310546875,339.239990234375,352.8900146484375,338.05999755859375,352.8900146484375,10780400
2025-12-18,346.1728515625,347.25,352.0899963378906,345.8299865722656,350.8399963378906,8260200
2025-12-19,355.125,356.2300109863281,358.5299987792969,350.30999755859375,350.30999755859375,8838700
2025-12-22,359.70001220703125,359.70001220703125,362.4800109863281,357.7699890136719,362.4100036621094,4799500
2025-12-23,363.1600036621094,363.1600036621094,363.2999877929687,358.05999755859375,358.6000061035156,3542100
2025-12-24,364.1700134277344,364.1700134277344,364.5400085449219,362.1499938964844,362.7000122070313,1640500
2025-12-26,365.8599853515625,365.8599853515625,367.3500061035156,364.489990234375,366.0700073242187,2921300
2025-12-29,364.2099914550781,364.2099914550781,365.8200073242187,360.8200073242187,362.6600036621094,4874400
2025-12-30,363.30999755859375,363.30999755859375,366.239990234375,363.0700073242187,365.1600036621094,2927000
2025-12-31,360.1300048828125,360.1300048828125,365.5700073242187,360.07000732421875,364.8299865722656,2687300
2026-01-02,373.2999877929687,373.2999877929687,376.3399963378906,368.8399963378906,368.9500122070313,8972400
2026-01-05,377.5899963378906,377.5899963378906,383.989990234375,376.94000244140625,381.7200012207031,9071300
2026-01-06,387.6199951171875,387.6199951171875,389.3699951171875,382.1400146484375,382.3999938964844,10201200
2026-01-07,385.0199890136719,385.0199890136719,387.80999755859375,383.5899963378906,385.2000122070313,6058900
2026-01-08,378.9800109863281,378.9800109863281,384.739990234375,375.8599853515625,384.55999755859375,5724000
2026-01-09,389.2200012207031,389.2200012207031,390.8800048828125,380.0799865722656,382.2799987792969,6490800
2026-01-12,390.6600036621094,390.6600036621094,391.9800109863281,385.6700134277344,385.6700134277344,5532000
2026-01-13,391.5299987792969,391.5299987792969,396.1000061035156,390.3800048828125,392.2699890136719,5281600
2026-01-14,388.3500061035156,388.3500061035156,389.3399963378906,383.80999755859375,388.9599914550781,6696500
2026-01-15,396.4100036621094,396.4100036621094,403.6199951171875,396.1199951171875,401.0700073242187,9948100
2026-01-16,400.3900146484375,400.3900146484375,405.30999755859375,398.4200134277344,402.8500061035156,5485900
2026-01-20,390.3900146484375,390.3900146484375,397.1600036621094,389.4299926757813,393.1600036621094,7158500
2026-01-21,401.9299926757813,401.9299926757813,405.8800048828125,393.3699951171875,394.75,8754600
2026-01-22,402.8200073242187,402.8200073242187,408.7300109863281,401.5700073242187,408.1799926757813,5462600
2026-01-23,400.0899963378906,400.0899963378906,403.0899963378906,397.5299987792969,400.5,5869500
2026-01-26,398.8200073242187,398.8200073242187,400.739990234375,396.2200012207031,398.3999938964844,4326900
2026-01-27,407.25,407.25,409.3900146484375,402.2099914550781,403.8999938964844,6145600
2026-01-28,416.6300048828125,416.6300048828125,418.489990234375,413.1300048828125,415.3399963378906,7641900
2026-01-29,417.5199890136719,417.5199890136719,420.6000061035156,403.1700134277344,417.44000244140625,9352500
2026-01-30,403.4599914550781,403.4599914550781,416.6400146484375,400.5799865722656,411.2799987792969,9029000
2026-02-02,407.9700012207031,407.9700012207031,412.0400085449219,398.4299926757813,398.8599853515625,5946300
2026-02-03,397.6799926757813,397.6799926757813,412.5799865722656,390.5199890136719,411.0299987792969,12188600
2026-02-04,382.0199890136719,382.0199890136719,396.7099914550781,374.239990234375,394.6700134277344,16908500
2026-02-05,381.0700073242187,381.0700073242187,388.0799865722656,375.55999755859375,379.1400146484375,12007800
2026-02-06,401.6499938964844,401.6499938964844,403.0799865722656,387.19000244140625,389.2000122070313,13460300
2026-02-09,406.6499938964844,406.6499938964844,409.69000244140625,397.0,398.9100036621094,5915200
2026-02-10,404.760009765625,404.760009765625,408.7999877929687,401.8299865722656,408.1799926757813,5645300
2026-02-11,414.7799987792969,414.7799987792969,418.0799865722656,406.3599853515625,413.8399963378906,6211200
2026-02-12,406.1099853515625,406.1099853515625,420.0400085449219,405.2799987792969,418.3299865722656,7379100
2026-02-13,407.7200012207031,407.7200012207031,412.0700073242187,402.489990234375,408.1499938964844,6481600
2026-02-17,407.510009765625,407.510009765625,410.8699951171875,397.7699890136719,402.7099914550781,7312700
2026-02-18,412.5499877929687,412.5499877929687,417.0400085449219,408.7200012207031,411.44000244140625,5839900
2026-02-19,410.2000122070313,410.2000122070313,411.0,405.55999755859375,408.7099914550781,4056400
2026-02-20,415.0299987792969,415.0299987792969,416.8299865722656,407.1799926757813,407.6600036621094,5715800
2026-02-23,412.8800048828125,412.8800048828125,417.7000122070313,409.2799987792969,413.5700073242187,5842800
2026-02-24,419.1600036621094,419.1600036621094,421.6700134277344,411.6700134277344,417.2200012207031,7828900
2026-02-25,426.1600036621094,426.1600036621094,427.94000244140625,423.6799926757813,424.3500061035156,7714500
2026-02-26,412.010009765625,412.010009765625,423.7200012207031,405.55999755859375,423.7200012207031,14811300
2026-02-27,406.3699951171875,406.3699951171875,409.239990234375,401.8800048828125,403.260009765625,9049100
2026-03-02,406.3900146484375,406.3900146484375,407.3599853515625,396.9200134277344,397.25,11490200
2026-03-03,391.05999755859375,391.05999755859375,394.5400085449219,385.9299926757813,391.3599853515625,13768900
2026-03-04,399.1000061035156,399.1000061035156,401.2300109863281,393.1000061035156,396.25,8767200
2026-03-05,395.3500061035156,395.3500061035156,401.1099853515625,386.75,396.05999755859375,11793700
2026-03-06,380.55999755859375,380.55999755859375,392.6700134277344,378.5299987792969,384.9700012207031,12423200
2026-03-09,394.3699951171875,394.3699951171875,395.3599853515625,374.1600036621094,375.760009765625,16338100
2026-03-10,397.3299865722656,397.3299865722656,403.8800048828125,394.0,394.0,13687700
2026-03-11,401.0299987792969,401.0299987792969,404.3900146484375,398.69000244140625,400.010009765625,6024900
2026-03-12,388.1300048828125,388.1300048828125,396.05999755859375,386.739990234375,395.4599914550781,9845200
2026-03-13,387.3299865722656,387.3299865722656,396.3299865722656,386.0700073242187,392.3200073242187,7636100
2026-03-16,393.9200134277344,393.9200134277344,399.4800109863281,392.6400146484375,395.1400146484375,10317600
2026-03-17,396.8800048828125,396.8800048828125,397.6099853515625,393.2200012207031,397.1600036621094,6646300
2026-03-18,393.6700134277344,393.6700134277344,399.69000244140625,393.4700012207031,396.9599914550781,8372400
2026-03-19,394.9200134277344,394.9200134277344,397.5299987792969,381.44000244140625,384.0,12674800
2026-03-20,384.739990234375,384.739990234375,395.7300109863281,380.8699951171875,394.1099853515625,12846800
2026-03-23,391.3599853515625,391.3599853515625,399.2799987792969,389.44000244140625,393.3599853515625,12742300
2026-03-24,394.5899963378906,394.5899963378906,396.8800048828125,387.6199951171875,388.0299987792969,6177200
2026-03-25,399.0199890136719,399.0199890136719,402.5,395.739990234375,398.3599853515625,7388700
2026-03-26,380.8399963378906,380.8399963378906,392.6799926757813,380.2999877929687,391.9200134277344,14806200
2026-03-27,374.25,374.25,381.30999755859375,373.010009765625,377.7900085449219,11811400
2026-03-30,362.5299987792969,362.5299987792969,379.239990234375,359.8599853515625,377.6199951171875,12198200
2026-03-31,383.3999938964844,383.3999938964844,383.5,368.1000061035156,368.739990234375,13834900
2026-04-01,391.9700012207031,391.9700012207031,396.6300048828125,386.3800048828125,388.260009765625,10805400
2026-04-02,392.3200073242187,392.3200073242187,393.5,378.0,378.0700073242187,8505800
2026-04-06,395.9800109863281,395.9800109863281,397.1000061035156,391.8999938964844,393.75,4186100
2026-04-07,399.8999938964844,399.8999938964844,400.0899963378906,389.6400146484375,394.7099914550781,6672500
2026-04-08,422.9200134277344,422.9200134277344,424.989990234375,414.989990234375,423.1600036621094,10184300
2026-04-09,430.30999755859375,430.30999755859375,430.6499938964844,422.6300048828125,423.1700134277344,6018200
2026-04-10,436.8800048828125,436.8800048828125,441.5400085449219,434.4500122070313,434.4500122070313,11224200
2026-04-13,443.3399963378906,443.3399963378906,443.6400146484375,433.6000061035156,434.75,6549800
2026-04-14,452.0,452.0,452.1000061035156,444.239990234375,448.0,6932400
2026-04-15,453.0,453.0,453.3299865722656,435.1499938964844,450.7000122070313,9155700
2026-04-16,454.7999877929687,454.7999877929687,457.0899963378906,447.7699890136719,450.7300109863281,6450700
2026-04-17,464.1600036621094,464.1600036621094,464.5799865722656,459.5,462.7999877929687,7184600
2026-04-20,463.9599914550781,463.9599914550781,465.739990234375,458.6499938964844,464.6400146484375,3935100
2026-04-21,464.6600036621094,464.6600036621094,468.4299926757813,462.239990234375,466.2900085449219,5598600
2026-04-22,476.8299865722656,476.8299865722656,477.4200134277344,467.1700134277344,471.0499877929687,7835200
2026-04-23,481.8500061035156,481.8500061035156,488.0799865722656,475.19000244140625,480.3999938964844,10619700
2026-04-24,506.44000244140625,506.44000244140625,509.5899963378906,495.4599914550781,499.510009765625,12614300
2026-04-27,506.260009765625,506.260009765625,510.1000061035156,497.75,509.19000244140625,9040200
2026-04-28,491.2099914550781,491.2099914550781,496.6600036621094,483.2900085449219,488.19000244140625,12664800
2026-04-29,499.5799865722656,499.5799865722656,499.5799865722656,492.3399963378906,496.3500061035156,6007900
2026-04-30,506.7200012207031,506.7200012207031,507.7900085449219,495.0199890136719,504.7099914550781,8401600
2026-05-01,509.8200073242187,509.8200073242187,511.989990234375,502.25,504.2099914550781,5308300
2026-05-04,506.7900085449219,506.7900085449219,513.1500244140625,501.1499938964844,512.469970703125,6867500
2026-05-05,522.6900024414062,522.6900024414062,526.2000122070312,514.1199951171875,515.3800048828125,8624600
2026-05-06,549.760009765625,549.760009765625,549.8800048828125,532.3499755859375,537.77001953125,15262900
2026-05-07,540.0999755859375,540.0999755859375,549.7000122070312,535.9199829101562,545.77001953125,10905200
2026-05-08,566.5399780273438,566.5399780273438,566.7899780273438,549.0,551.5800170898438,8553700
2026-05-11,576.3099975585938,576.3099975585938,578.0599975585938,566.7999877929688,570.260009765625,12680900
2026-05-12,561.25,561.25,570.4000244140625,542.6699829101562,565.010009765625,17720800
2026-05-13,572.4600219726562,572.4600219726562,576.2000122070312,560.1199951171875,571.7999877929688,9586700
2026-05-14,578.3400268554688,578.3400268554688,581.1699829101562,567.75,570.8400268554688,8458700
2026-05-15,556.3400268554688,556.3400268554688,565.8800048828125,552.9100952148438,560.0,12940568
2026-05-18,546.1599731445312,546.1599731445312,567.2100219726562,536.8699951171875,565.47998046875,12293500
2026-05-19,549.2899780273438,549.2899780273438,553.2899780273438,527.8699951171875,535.3900146484375,10344192
2026-05-20,561.1699829101562,561.1699829101562,564.719970703125,551.6500244140625,552.75,3833866
2026-05-21,567.8800048828125,567.8800048828125,570.5900268554688,557.6199951171875,561.02197265625,7920366
2026-05-22,576.3200073242188,576.3200073242188,582.5,572.8599853515625,574.0850219726562,7365260
2026-05-26,602.1400146484375,602.1400146484375,603.9600219726562,589.0999755859375,591.9199829101562,9720267
2026-05-27,595.5,595.5,612.2999877929688,584.9299926757812,612.0,11084914
2026-05-28,599.8300170898438,599.8300170898438,604.739990234375,587.3099975585938,595.8018798828125,7470757
2026-05-29,598.9299926757812,598.9299926757812,611.78857421875,597.1699829101562,606.0399780273438,7093184
2026-06-01,607.8099975585938,607.8099975585938,613.4298706054688,593.0900268554688,595.3099975585938,8352818
2026-06-02,632.2100219726562,632.2100219726562,632.5700073242188,614.4650268554688,619.5999755859375,7905496
2026-06-03,637.9000244140625,637.9000244140625,642.77001953125,623.9099731445312,640.7999877929688,9795387
2026-06-04,627.530029296875,627.530029296875,634.780029296875,604.6099853515625,612.77197265625,9884631
2026-06-05,569.6900024414062,569.6900024414062,607.0,569.6900024414062,605.0700073242188,21489467
2026-06-08,598.1599731445312,598.1599731445312,606.2000122070312,588.5399780273438,597.2100219726562,13288821
2026-06-09,591.010009765625,591.010009765625,613.6900024414062,554.6599731445312,609.4949951171875,19669630
2026-06-10,570.9099731445312,570.9099731445312,598.719970703125,568.2899780273438,580.52001953125,12540570
2026-06-11,609.4500122070312,609.4500122070312,611.6199951171875,581.6099853515625,582.60498046875,12040370
2026-06-12,619.9600219726562,619.9600219726562,624.6199951171875,602.239990234375,607.5700073242188,8684579
2026-06-15,647.0999755859375,647.0999755859375,649.239990234375,639.25,643.5,9613900
2026-06-16,616.0,616.0,648.3099975585938,616.0,643.52001953125,10949600
2026-06-17,623.969970703125,623.969970703125,643.5,623.1300048828125,633.4600219726562,10632500
2026-06-18,659.7999877929688,659.7999877929688,659.7999877929688,648.1500244140625,648.5399780273438,4589409
2026-06-22,668.9099731445312,668.9099731445312,671.8300170898438,660.0200805664062,670.344970703125,7856581
2026-06-23,622.0499877929688,622.0499877929688,636.7750244140625,617.27001953125,625.5850219726562,18842286
