Price,Adj Close,Close,High,Low,Open,Volume
Ticker,SPY,SPY,SPY,SPY,SPY,SPY
Date,,,,,,
1993-01-29,24.17538833618164,43.9375,43.96875,43.75,43.96875,1003200
1993-02-01,24.347318649291992,44.25,44.25,43.96875,43.96875,480500
1993-02-02,24.398906707763672,44.34375,44.375,44.125,44.21875,201300
1993-02-03,24.65683364868164,44.8125,44.84375,44.375,44.40625,529400
1993-02-04,24.760000228881836,45.0,45.09375,44.46875,44.96875,531500
1993-02-05,24.742809295654297,44.96875,45.0625,44.71875,44.96875,492100
1993-02-08,24.742809295654297,44.96875,45.125,44.90625,44.96875,596100
1993-02-09,24.57085227966309,44.65625,44.8125,44.5625,44.8125,122100
1993-02-10,24.60523796081543,44.71875,44.75,44.53125,44.65625,379600
1993-02-11,24.72559356689453,44.9375,45.125,44.78125,44.78125,19500
1993-02-12,24.53645896911621,44.59375,44.875,44.59375,44.875,42500
1993-02-16,23.917455673217773,43.46875,44.46875,43.40625,44.46875,374800
1993-02-17,23.9002685546875,43.4375,43.53125,43.28125,43.46875,210900
1993-02-18,23.883073806762695,43.40625,43.9375,42.8125,43.9375,378100
1993-02-19,23.96904754638672,43.5625,43.5625,43.34375,43.40625,34900
1993-02-22,24.05501365661621,43.71875,43.78125,43.5625,43.6875,513600
1993-02-23,24.03783416748047,43.6875,43.875,43.46875,43.84375,373700
1993-02-24,24.347318649291992,44.25,44.25,43.71875,43.71875,26300
1993-02-25,24.398906707763672,44.34375,44.375,44.125,44.21875,44500
1993-02-26,24.433305740356445,44.40625,44.4375,44.1875,44.4375,66200
1993-03-01,24.364519119262695,44.28125,44.5625,44.21875,44.5625,66500
1993-03-02,24.72559356689453,44.9375,44.9375,44.25,44.3125,182400
1993-03-03,24.828786849975582,45.125,45.15625,44.9375,45.0,280100
1993-03-04,24.691211700439453,44.875,45.1875,44.875,45.1875,89500
1993-03-05,24.6224365234375,44.75,45.125,44.71875,44.9375,40000
1993-03-08,25.172679901123047,45.75,45.75,44.84375,44.84375,50800
1993-03-09,25.086681365966797,45.59375,45.6875,45.5,45.65625,169300
1993-03-10,25.13827133178711,45.6875,45.6875,45.40625,45.59375,194400
1993-03-11,25.069486618041992,45.5625,45.84375,45.5,45.71875,70900
1993-03-12,24.81157875061035,45.09375,45.21875,44.8125,45.1875,643600
1993-03-15,24.931947708129883,45.3125,45.3125,45.0625,45.0625,310800
1993-03-16,24.931947708129883,45.3125,45.4375,45.3125,45.3125,30800
1993-03-17,24.777189254760746,45.03125,45.25,44.96875,45.25,21800
1993-03-18,24.931947708129883,45.3125,45.5,45.21875,45.21875,59300
1993-03-19,24.89421272277832,45.03125,45.28125,45.03125,45.28125,66900
1993-03-22,24.756006240844727,44.78125,44.875,44.5625,44.59375,183400
1993-03-23,24.807804107666016,44.875,44.9375,44.8125,44.90625,55200
1993-03-24,24.807804107666016,44.875,45.0625,44.59375,44.8125,37200
1993-03-25,24.96331024169922,45.15625,45.25,44.84375,44.90625,110100
1993-03-26,24.825105667114254,44.90625,45.15625,44.875,45.125,101500
1993-03-29,24.928768157958984,45.09375,45.3125,44.9375,44.9375,87100
1993-03-30,24.997861862182617,45.21875,45.21875,45.09375,45.15625,56000
1993-03-31,24.98057556152344,45.1875,45.46875,45.1875,45.34375,111600
1993-04-01,24.89421272277832,45.03125,45.25,44.9375,45.25,129500
1993-04-02,24.375940322875977,44.09375,44.65625,44.09375,44.65625,59400
1993-04-05,24.49686622619629,44.3125,44.4375,44.1875,44.4375,172200
1993-04-06,24.42776870727539,44.1875,44.40625,44.0625,44.40625,129700
1993-04-07,24.514150619506836,44.34375,44.34375,44.15625,44.25,28000
1993-04-08,24.479572296142575,44.28125,44.53125,44.09375,44.53125,180800
1993-04-12,24.825105667114254,44.90625,44.9375,44.65625,44.71875,348500
1993-04-13,24.87692642211914,45.0,45.15625,44.84375,44.875,146100
1993-04-14,24.842370986938477,44.9375,45.0625,44.90625,45.03125,119600
1993-04-15,24.842370986938477,44.9375,45.03125,44.75,44.90625,148600
1993-04-16,24.842370986938477,44.9375,45.03125,44.875,44.96875,47900
1993-04-19,24.73871803283691,44.75,45.0625,44.71875,44.9375,157000
1993-04-20,24.617799758911133,44.53125,44.75,44.25,44.6875,279500
1993-04-21,24.600536346435547,44.5,44.625,44.375,44.625,67900
1993-04-22,24.289566040039062,43.9375,44.6875,43.9375,44.3125,97700
1993-04-23,24.185914993286133,43.75,43.96875,43.6875,43.84375,106000
1993-04-26,23.995868682861328,43.40625,43.9375,43.28125,43.78125,62600
1993-04-27,24.25500869750977,43.875,43.875,43.34375,43.34375,156800
1993-04-28,24.20318031311035,43.78125,43.90625,43.71875,43.8125,85900
1993-04-29,24.306825637817383,43.96875,43.96875,43.625,43.875,85000
1993-04-30,24.34139060974121,44.03125,44.28125,44.03125,44.125,88500
1993-05-03,24.49686622619629,44.3125,44.3125,43.90625,44.09375,80500
1993-05-04,24.58326530456543,44.46875,44.625,44.34375,44.40625,149100
1993-05-05,24.652345657348633,44.59375,44.75,44.46875,44.46875,109000
1993-05-06,24.56595993041992,44.4375,44.5625,44.40625,44.53125,54700
1993-05-07,24.514150619506836,44.34375,44.46875,44.28125,44.46875,68000
1993-05-10,24.56595993041992,44.4375,44.6875,44.40625,44.40625,113900
1993-05-11,24.669620513916016,44.625,44.625,44.3125,44.4375,42600
1993-05-12,24.63508415222168,44.5625,44.59375,44.4375,44.4375,31000
1993-05-13,24.34139060974121,44.03125,44.375,44.0,44.375,129100
1993-05-14,24.324098587036133,44.0,44.15625,43.96875,44.03125,63500
1993-05-17,24.410480499267575,44.15625,44.15625,43.9375,44.125,34000
1993-05-18,24.393207550048828,44.125,44.21875,43.96875,44.1875,105200
1993-05-19,24.89421272277832,45.03125,45.03125,43.84375,44.125,50200
1993-05-20,24.96331024169922,45.15625,45.15625,44.9375,45.03125,98200
1993-05-21,24.73871803283691,44.75,45.25,44.71875,45.1875,221400
1993-05-24,24.842370986938477,44.9375,45.09375,44.84375,44.84375,30500
1993-05-25,24.89421272277832,45.03125,45.125,45.03125,45.125,191800
1993-05-26,25.205163955688477,45.59375,45.625,45.125,45.15625,102400
1993-05-27,25.118799209594727,45.4375,45.65625,45.375,45.65625,53800
1993-05-28,24.997861862182617,45.21875,45.40625,45.0,45.40625,79100
1993-06-01,25.23972511291504,45.65625,45.8125,45.3125,45.375,28300
1993-06-02,25.205163955688477,45.59375,45.75,45.34375,45.53125,20300
1993-06-03,25.118799209594727,45.4375,45.5,45.34375,45.5,21600
1993-06-04,25.03241539001465,45.28125,45.3125,45.09375,45.3125,32000
1993-06-07,24.94603157043457,45.125,45.375,45.125,45.375,121400
1993-06-08,24.72144317626953,44.71875,45.0,44.71875,45.0,104500
1993-06-09,24.807804107666016,44.875,45.0625,44.8125,44.875,43300
1993-06-10,24.825105667114254,44.90625,44.9375,44.75,44.84375,17900
1993-06-11,24.928768157958984,45.09375,45.15625,44.90625,45.0625,647400
1993-06-14,24.89421272277832,45.03125,45.1875,45.03125,45.15625,64200
1993-06-15,24.842370986938477,44.9375,45.125,44.9375,45.09375,142400
1993-06-16,24.89421272277832,45.03125,45.03125,44.8125,44.9375,330900
1993-06-17,24.98057556152344,45.1875,45.1875,45.03125,45.125,37400
1993-06-18,24.774890899658203,44.5,44.84375,44.5,44.84375,58500
1993-06-21,24.827072143554688,44.59375,44.625,44.53125,44.625,29300
1993-06-22,24.844451904296875,44.625,44.65625,44.5625,44.65625,137500
1993-06-23,24.618288040161133,44.21875,44.625,44.21875,44.625,227600
1993-06-24,24.948843002319336,44.8125,44.8125,44.34375,44.34375,243700
1993-06-25,24.93146514892578,44.78125,44.90625,44.75,44.78125,44800
1993-06-28,25.209810256958008,45.28125,45.28125,44.9375,45.0,439900
1993-06-29,25.088031768798828,45.0625,45.21875,45.0,45.21875,207500
1993-06-30,25.088031768798828,45.0625,45.21875,45.0,45.125,437600
1993-07-01,25.01843643188477,44.9375,45.125,44.875,45.125,605700
1993-07-02,24.879247665405273,44.6875,44.8125,44.53125,44.78125,285400
1993-07-06,24.618288040161133,44.21875,44.75,44.15625,44.625,246400
1993-07-07,24.68787384033203,44.34375,44.40625,44.1875,44.1875,343700
1993-07-08,24.966251373291016,44.84375,44.9375,44.3125,44.375,248200
1993-07-09,25.03583335876465,44.96875,44.96875,44.75,44.84375,378200
1993-07-12,25.01843643188477,44.9375,44.96875,44.84375,44.90625,373700
1993-07-13,25.001052856445312,44.90625,45.09375,44.65625,44.96875,389600
1993-07-14,25.088031768798828,45.0625,45.1875,44.90625,44.9375,617300
1993-07-15,24.9836368560791,44.875,45.03125,44.78125,45.03125,443800
1993-07-16,24.91404151916504,44.75,44.9375,44.6875,44.90625,216400
1993-07-19,24.896657943725582,44.71875,44.75,44.59375,44.75,188200
1993-07-20,24.966251373291016,44.84375,44.84375,44.46875,44.6875,68500
1993-07-21,24.948843002319336,44.8125,44.8125,44.65625,44.78125,142700
1993-07-22,24.774890899658203,44.5,44.8125,44.5,44.75,632400
1993-07-23,24.896657943725582,44.71875,44.71875,44.5625,44.59375,286200
1993-07-26,25.03583335876465,44.96875,45.0625,44.84375,44.84375,121300
1993-07-27,25.01843643188477,44.9375,45.03125,44.78125,45.0,92800
1993-07-28,24.966251373291016,44.84375,44.9375,44.78125,44.84375,30800
1993-07-29,25.10544204711914,45.09375,45.21875,44.875,44.9375,331000
1993-07-30,24.966251373291016,44.84375,45.09375,44.78125,45.09375,75300
1993-08-02,25.03583335876465,44.96875,45.125,44.90625,44.90625,41300
1993-08-03,25.05323600769043,45.0,45.1875,44.84375,45.0625,81600
1993-08-04,25.05323600769043,45.0,45.09375,44.875,45.0,434000
1993-08-05,25.001052856445312,44.90625,45.0,44.84375,45.0,36800
1993-08-06,25.03583335876465,44.96875,45.0625,44.90625,45.03125,402300
1993-08-09,25.175024032592773,45.21875,45.34375,45.0,45.09375,828200
1993-08-10,25.15761947631836,45.1875,45.21875,45.125,45.1875,604900
1993-08-11,25.15761947631836,45.1875,45.3125,45.15625,45.15625,542200
1993-08-12,25.088031768798828,45.0625,45.3125,44.90625,45.3125,303700
1993-08-13,25.122825622558594,45.125,45.15625,45.09375,45.09375,103500
1993-08-16,25.26201438903809,45.375,45.5,45.15625,45.15625,241800
1993-08-17,25.34900283813477,45.53125,45.53125,45.34375,45.34375,369300
1993-08-18,25.488191604614254,45.78125,45.875,45.65625,45.6875,414300
1993-08-19,25.488191604614254,45.78125,45.8125,45.71875,45.8125,28500
1993-08-20,25.505584716796875,45.8125,45.8125,45.65625,45.6875,80700
1993-08-23,25.453388214111328,45.71875,45.75,45.625,45.625,15600
1993-08-24,25.73176383972168,46.21875,46.21875,45.71875,45.71875,273400
1993-08-25,25.749168395996097,46.25,46.4375,46.15625,46.21875,242300
1993-08-26,25.766555786132812,46.28125,46.53125,46.09375,46.28125,120000
1993-08-27,25.749168395996097,46.25,46.25,46.15625,46.15625,25700
1993-08-30,25.853551864624023,46.4375,46.5,46.28125,46.28125,183500
1993-08-31,25.92314338684082,46.5625,46.5625,46.34375,46.40625,66500
1993-09-01,25.88833999633789,46.5,46.59375,46.40625,46.40625,136500
1993-09-02,25.801353454589844,46.34375,46.59375,46.3125,46.53125,472400
1993-09-03,25.818754196166992,46.375,46.4375,46.25,46.3125,630500
1993-09-07,25.644777297973633,46.0625,46.4375,46.0,46.375,196400
1993-09-08,25.557781219482425,45.90625,46.0625,45.59375,46.0625,269900
1993-09-09,25.6099853515625,46.0,46.03125,45.71875,45.71875,239200
1993-09-10,25.836156845092773,46.40625,46.4375,46.0625,46.125,106500
1993-09-13,25.853551864624023,46.4375,46.5625,46.4375,46.5625,66900
1993-09-14,25.749168395996097,46.25,46.3125,46.09375,46.3125,184500
1993-09-15,25.818754196166992,46.375,46.40625,45.90625,46.0625,101000
1993-09-16,25.71434783935547,46.1875,46.34375,46.15625,46.3125,54300
1993-09-17,25.66449737548828,45.8125,45.90625,45.75,45.875,200900
1993-09-20,25.454429626464844,45.4375,45.96875,45.4375,45.875,57800
1993-09-21,25.366886138916016,45.28125,45.5625,44.8125,45.5,318200
1993-09-22,25.576990127563477,45.65625,45.71875,45.375,45.4375,439700
1993-09-23,25.717016220092773,45.90625,45.9375,45.71875,45.78125,88500
1993-09-24,25.64700508117676,45.78125,45.875,45.71875,45.84375,53500
1993-09-27,25.927095413208008,46.28125,46.28125,46.125,46.125,274600
1993-09-28,25.874568939208984,46.1875,46.3125,46.15625,46.3125,158300
1993-09-29,25.787050247192383,46.03125,46.3125,45.96875,46.1875,221000
1993-09-30,25.734539031982425,45.9375,46.125,45.84375,46.03125,99300
1993-10-01,25.857078552246097,46.15625,46.21875,45.8125,45.875,22700
1993-10-04,25.892086029052734,46.21875,46.21875,46.09375,46.21875,1038500
1993-10-05,25.857078552246097,46.15625,46.3125,46.0,46.3125,436500
1993-10-06,25.839574813842773,46.125,46.375,46.125,46.1875,209200
1993-10-07,25.769556045532227,46.0,46.1875,45.96875,46.1875,59400
1993-10-08,25.8045711517334,46.0625,46.15625,45.71875,46.125,54400
1993-10-11,25.857078552246097,46.15625,46.25,46.15625,46.15625,467100
1993-10-12,25.892086029052734,46.21875,46.25,46.1875,46.21875,26200
1993-10-13,25.892086029052734,46.21875,46.25,46.15625,46.25,139100
1993-10-14,26.224720001220703,46.8125,46.8125,46.28125,46.40625,108100
1993-10-15,26.364757537841797,47.0625,47.15625,46.90625,47.03125,1502500
1993-10-18,26.294736862182617,46.9375,47.03125,46.875,47.03125,722400
1993-10-19,26.10216903686523,46.59375,46.96875,46.59375,46.875,880100
1993-10-20,26.13718605041504,46.65625,46.75,46.5625,46.75,230400
1993-10-21,26.10216903686523,46.59375,46.6875,46.53125,46.6875,56200
1993-10-22,25.97962760925293,46.375,46.84375,46.375,46.65625,390700
1993-10-25,26.049640655517575,46.5,46.5625,46.28125,46.40625,114500
1993-10-26,26.032142639160156,46.46875,46.5,46.3125,46.46875,186200
1993-10-27,26.049640655517575,46.5,46.53125,46.40625,46.40625,118400
1993-10-28,26.242212295532227,46.84375,46.96875,46.5625,46.5625,129600
1993-10-29,26.242212295532227,46.84375,46.875,46.78125,46.8125,80700
1993-11-01,26.312259674072266,46.96875,47.0,46.78125,46.78125,36400
1993-11-02,26.294736862182617,46.9375,47.0,46.65625,46.90625,262100
1993-11-03,25.96211051940918,46.34375,46.90625,46.125,46.90625,479100
1993-11-04,25.682016372680664,45.84375,46.34375,45.8125,46.34375,130400
1993-11-05,25.8045711517334,46.0625,46.0625,45.53125,45.71875,363200
1993-11-08,25.839574813842773,46.125,46.25,45.96875,46.09375,367600
1993-11-09,25.857078552246097,46.15625,46.46875,46.125,46.4375,246900
1993-11-10,26.049640655517575,46.5,46.5,46.03125,46.15625,46500
1993-11-11,25.97962760925293,46.375,46.625,46.34375,46.5,88900
1993-11-12,26.10216903686523,46.59375,46.75,46.4375,46.46875,108200
1993-11-15,26.08466911315918,46.5625,46.6875,46.4375,46.6875,243300
1993-11-16,26.207216262817383,46.78125,46.8125,46.46875,46.65625,492600
1993-11-17,26.067161560058594,46.53125,46.8125,46.40625,46.8125,39600
1993-11-18,25.997133255004883,46.40625,46.5625,46.28125,46.46875,240800
1993-11-19,25.944604873657227,46.3125,46.375,46.21875,46.25,106000
1993-11-22,25.787050247192383,46.03125,46.21875,45.875,46.1875,165300
1993-11-23,25.927095413208008,46.28125,46.3125,46.03125,46.28125,89700
1993-11-24,26.032142639160156,46.46875,46.5,46.34375,46.40625,77200
1993-11-26,26.049640655517575,46.5,46.59375,46.46875,46.59375,1019800
1993-11-29,25.944604873657227,46.3125,46.71875,46.3125,46.625,517500
1993-11-30,25.96211051940918,46.34375,46.5625,46.25,46.28125,230000
1993-12-01,25.997133255004883,46.40625,46.625,46.40625,46.59375,379200
1993-12-02,26.067161560058594,46.53125,46.5625,46.40625,46.5,352000
1993-12-03,26.17218017578125,46.71875,46.71875,46.5,46.5,306000
1993-12-06,26.259727478027344,46.875,46.9375,46.78125,46.78125,99500
1993-12-07,26.242212295532227,46.84375,46.90625,46.78125,46.875,88800
1993-12-08,26.242212295532227,46.84375,46.84375,46.78125,46.84375,146700
1993-12-09,26.154693603515625,46.6875,46.90625,46.625,46.84375,416500
1993-12-10,26.10216903686523,46.59375,46.71875,46.5,46.71875,412900
1993-12-13,26.259727478027344,46.875,46.875,46.53125,46.59375,273200
1993-12-14,26.067161560058594,46.53125,46.90625,46.53125,46.90625,41900
1993-12-15,26.032142639160156,46.46875,46.625,46.46875,46.59375,82600
1993-12-16,26.11966896057129,46.625,46.65625,46.5625,46.65625,78200
1993-12-17,26.26322364807129,46.5625,46.59375,46.375,46.40625,104700
1993-12-20,26.298473358154297,46.625,46.65625,46.5,46.53125,68800
1993-12-21,26.210338592529297,46.46875,46.5625,46.40625,46.5625,205700
1993-12-22,26.38662338256836,46.78125,46.8125,46.5,46.59375,410300
1993-12-23,26.368988037109375,46.75,46.84375,46.6875,46.75,533800
1993-12-27,26.509994506835938,47.0,47.0,46.75,46.75,447100
1993-12-28,26.562875747680664,47.09375,47.125,46.9375,46.96875,880600
1993-12-29,26.52762222290039,47.03125,47.15625,47.0,47.125,266700
1993-12-30,26.421863555908203,46.84375,47.0,46.75,47.0,219900
1993-12-31,26.280853271484375,46.59375,47.0,46.5625,46.9375,312900
1994-01-03,26.210338592529297,46.46875,46.65625,46.40625,46.59375,960900
1994-01-04,26.316102981567383,46.65625,46.65625,46.46875,46.53125,164300
1994-01-05,26.368988037109375,46.75,46.78125,46.53125,46.71875,710900
1994-01-06,26.368988037109375,46.75,46.84375,46.6875,46.8125,201000
1994-01-07,26.52762222290039,47.03125,47.0625,46.71875,46.84375,775500
1994-01-10,26.844886779785156,47.59375,47.59375,46.96875,47.09375,593700
1994-01-11,26.792028427124023,47.5,47.5625,47.34375,47.5625,295200
1994-01-12,26.70386505126953,47.34375,47.53125,47.1875,47.53125,158400
1994-01-13,26.633363723754883,47.21875,47.3125,47.15625,47.21875,244300
1994-01-14,26.739118576049805,47.40625,47.5,47.375,47.375,137200
1994-01-17,26.739118576049805,47.40625,47.46875,47.3125,47.40625,17700
1994-01-18,26.77437400817871,47.46875,47.53125,47.375,47.46875,166400
1994-01-19,26.70386505126953,47.34375,47.46875,47.25,47.40625,200800
1994-01-20,26.77437400817871,47.46875,47.5,47.375,47.40625,281100
1994-01-21,26.721515655517575,47.375,47.53125,47.34375,47.53125,85600
1994-01-24,26.615747451782227,47.1875,47.5625,47.1875,47.34375,373800
1994-01-25,26.615747451782227,47.1875,47.25,47.09375,47.21875,310400
1994-01-26,26.68624496459961,47.3125,47.34375,47.125,47.1875,145100
1994-01-27,26.933040618896484,47.75,47.8125,47.34375,47.40625,344500
1994-01-28,27.00352668762207,47.875,48.03125,47.875,47.9375,356500
1994-01-31,27.197404861450195,48.21875,48.3125,48.0,48.0625,313800
1994-02-01,27.0564022064209,47.96875,48.15625,47.90625,48.15625,303600
1994-02-02,27.232683181762695,48.28125,48.28125,48.09375,48.125,307600
1994-02-03,27.10928726196289,48.0625,48.1875,47.90625,48.1875,466100
1994-02-04,26.492374420166016,46.96875,48.125,46.96875,48.0625,1403200
1994-02-07,26.615747451782227,47.1875,47.3125,46.84375,46.84375,516400
1994-02-08,26.633363723754883,47.21875,47.28125,47.03125,47.28125,188200
1994-02-09,26.739118576049805,47.40625,47.4375,47.1875,47.25,144600
1994-02-10,26.509994506835938,47.0,47.40625,47.0,47.375,883900
1994-02-11,26.598127365112305,47.15625,47.28125,46.8125,47.03125,519400
1994-02-14,26.633363723754883,47.21875,47.375,47.0,47.0625,2742100
1994-02-15,26.77437400817871,47.46875,47.5,47.25,47.3125,374700
1994-02-16,26.75676727294922,47.4375,47.53125,47.34375,47.53125,287600
1994-02-17,26.598127365112305,47.15625,47.6875,47.03125,47.65625,342400
1994-02-18,26.43947982788086,46.875,47.21875,46.75,47.1875,313300
1994-02-22,26.70386505126953,47.34375,47.34375,47.0,47.0,154500
1994-02-23,26.633363723754883,47.21875,47.4375,47.0625,47.40625,391700
1994-02-24,26.280853271484375,46.59375,47.0625,46.5625,47.0625,770800
1994-02-25,26.40423583984375,46.8125,46.8125,46.5625,46.65625,531300
1994-02-28,26.40423583984375,46.8125,47.0625,46.8125,46.9375,333000
1994-03-01,26.298473358154297,46.625,46.90625,46.375,46.8125,423600
1994-03-02,26.33373260498047,46.6875,46.6875,45.90625,46.03125,581500
1994-03-03,26.26322364807129,46.5625,46.625,46.4375,46.625,223200
1994-03-04,26.33373260498047,46.6875,46.8125,46.40625,46.5625,595800
1994-03-07,26.4747371673584,46.9375,47.0,46.84375,46.84375,539800
1994-03-08,26.368988037109375,46.75,46.96875,46.6875,46.96875,880300
1994-03-09,26.492374420166016,46.96875,47.0,46.59375,46.8125,2500100
1994-03-10,26.280853271484375,46.59375,46.9375,46.4375,46.9375,207400
1994-03-11,26.421863555908203,46.84375,46.90625,46.40625,46.65625,576600
1994-03-14,26.457117080688477,46.90625,47.03125,46.84375,47.03125,345900
1994-03-15,26.43947982788086,46.875,47.09375,46.84375,47.0,748600
1994-03-16,26.65100860595703,47.25,47.25,46.78125,46.9375,455500
1994-03-17,26.65100860595703,47.25,47.3125,47.09375,47.09375,133000
1994-03-18,26.645179748535156,46.96875,47.03125,46.71875,46.75,365500
1994-03-21,26.574275970458984,46.84375,46.9375,46.71875,46.8125,324800
1994-03-22,26.645179748535156,46.96875,47.0625,46.75,46.84375,435700
1994-03-23,26.62746238708496,46.9375,47.0625,46.90625,46.9375,698500
1994-03-24,26.30838203430176,46.375,46.84375,46.15625,46.75,1200500
1994-03-25,26.06015396118164,45.9375,46.53125,45.9375,46.40625,100900
1994-03-28,26.09562110900879,46.0,46.0625,45.59375,46.0,1117200
1994-03-29,25.581514358520508,45.09375,46.03125,45.09375,46.0,338400
1994-03-30,25.226940155029297,44.46875,45.25,44.46875,45.125,1123900
1994-03-31,25.297863006591797,44.59375,44.6875,43.53125,44.46875,788800
1994-04-04,24.90784072875977,43.90625,44.03125,43.34375,43.34375,2627300
1994-04-05,25.421964645385746,44.8125,44.8125,44.34375,44.34375,1179000
1994-04-06,25.421964645385746,44.8125,44.90625,44.5,44.875,516500
1994-04-07,25.54604721069336,45.03125,45.125,44.53125,44.78125,666100
1994-04-08,25.35103988647461,44.6875,44.9375,44.46875,44.9375,242400
1994-04-11,25.457414627075195,44.875,45.0625,44.703125,44.8125,203300
1994-04-12,25.421964645385746,44.8125,45.0,44.71875,44.921875,1409200
1994-04-13,25.28899383544922,44.578125,44.90625,44.25,44.796875,364100
1994-04-14,25.297863006591797,44.59375,44.828125,44.40625,44.5,419900
1994-04-15,25.297863006591797,44.59375,44.78125,44.515625,44.578125,387300
1994-04-18,25.12943649291992,44.296875,44.765625,44.15625,44.640625,369100
1994-04-19,25.164892196655273,44.359375,44.53125,43.984375,44.25,472200
1994-04-20,25.13831329345703,44.3125,44.515625,44.078125,44.40625,508000
1994-04-21,25.475133895874023,44.90625,44.96875,44.34375,44.5,200300
1994-04-22,25.44855308532715,44.859375,45.046875,44.734375,45.015625,301800
1994-04-25,25.714468002319336,45.328125,45.359375,44.84375,44.84375,394600
1994-04-26,25.687883377075195,45.28125,45.34375,45.1875,45.265625,399000
1994-04-28,25.50172996520996,44.953125,45.25,44.8125,45.1875,287000
1994-04-29,25.581514358520508,45.09375,45.15625,44.8125,44.875,481900
1994-05-02,25.741046905517575,45.375,45.71875,44.9375,45.09375,275000
1994-05-03,25.714468002319336,45.328125,45.40625,45.0625,45.390625,183400
1994-05-04,25.670146942138672,45.25,45.421875,45.078125,45.421875,401900
1994-05-05,25.634693145751953,45.1875,45.375,45.1875,45.296875,659800
1994-05-06,25.386505126953125,44.75,44.96875,44.59375,44.96875,216300
1994-05-09,25.164892196655273,44.359375,44.75,44.28125,44.625,499300
1994-05-10,25.359907150268555,44.703125,44.84375,44.546875,44.578125,583400
1994-05-11,25.12943649291992,44.296875,44.71875,44.171875,44.65625,210600
1994-05-12,25.2535457611084,44.515625,44.625,44.40625,44.578125,305200
1994-05-13,25.2535457611084,44.515625,44.640625,44.296875,44.640625,321300
1994-05-16,25.26239967346191,44.53125,44.75,44.515625,44.609375,450400
1994-05-17,25.634693145751953,45.1875,45.1875,44.5,44.5625,470200
1994-05-18,25.82084274291992,45.515625,45.6875,45.015625,45.21875,824800
1994-05-19,25.944944381713867,45.734375,45.859375,45.421875,45.421875,531000
1994-05-20,25.84742546081543,45.5625,45.6875,45.5,45.65625,370400
1994-05-23,25.80310821533203,45.484375,45.53125,45.34375,45.515625,262700
1994-05-24,25.90947151184082,45.671875,45.84375,45.609375,45.609375,549600
1994-05-25,25.980398178100582,45.796875,45.828125,45.34375,45.5,738200
1994-05-26,25.998119354248047,45.828125,45.9375,45.734375,45.78125,369600
1994-05-27,26.02470970153809,45.875,45.875,45.671875,45.75,162000
1994-05-31,25.989248275756836,45.8125,45.90625,45.65625,45.734375,160000
1994-06-01,26.104488372802734,46.015625,46.015625,45.5625,45.703125,200500
1994-06-02,26.0778865814209,45.96875,46.046875,45.890625,46.046875,55100
1994-06-03,26.22858428955078,46.234375,46.390625,45.859375,46.0,550400
1994-06-06,26.219711303710938,46.21875,46.46875,46.1875,46.328125,99300
1994-06-07,26.18425941467285,46.15625,46.21875,46.03125,46.140625,120600
1994-06-08,25.971529006958008,45.78125,46.265625,45.78125,46.265625,131900
1994-06-09,26.113346099853516,46.03125,46.03125,45.890625,45.984375,80500
1994-06-10,26.15768051147461,46.109375,46.203125,46.078125,46.078125,83100
1994-06-13,26.19312858581543,46.171875,46.1875,46.03125,46.046875,109700
1994-06-14,26.396989822387695,46.53125,46.546875,46.3125,46.3125,161000
1994-06-15,26.29064559936523,46.34375,46.5625,46.3125,46.546875,142800
1994-06-16,26.343826293945312,46.4375,46.46875,46.296875,46.34375,44000
1994-06-17,26.196781158447266,45.875,46.203125,45.8125,46.15625,403800
1994-06-20,25.97369956970215,45.484375,45.625,45.4375,45.546875,137400
1994-06-21,25.75063705444336,45.09375,45.453125,44.90625,45.453125,139200
1994-06-22,25.848785400390625,45.265625,45.421875,45.171875,45.21875,279900
1994-06-23,25.697099685668945,45.0,45.40625,44.9375,45.34375,922500
1994-06-24,25.1617488861084,44.0625,44.78125,44.0,44.78125,353800
1994-06-27,25.598960876464844,44.828125,44.828125,44.015625,44.234375,371200
1994-06-28,25.474029541015625,44.609375,44.84375,44.25,44.84375,5382300
1994-06-29,25.554346084594727,44.75,45.015625,44.625,44.671875,311800
1994-06-30,25.39372444152832,44.46875,44.84375,44.3125,44.828125,271900
1994-07-01,25.447269439697266,44.5625,44.6875,44.375,44.6875,406900
1994-07-05,25.58111000061035,44.796875,44.859375,44.515625,44.65625,112000
1994-07-06,25.545425415039062,44.734375,44.8125,44.46875,44.625,174800
1994-07-07,25.65248680114746,44.921875,44.921875,44.6875,44.734375,66700
1994-07-08,25.643573760986328,44.90625,44.984375,44.625,44.640625,148400
1994-07-11,25.554346084594727,44.75,45.015625,44.53125,44.9375,124000
1994-07-12,25.590030670166016,44.8125,44.828125,44.515625,44.765625,257300
1994-07-13,25.63465118408203,44.890625,45.03125,44.828125,44.828125,532700
1994-07-14,25.91124725341797,45.375,45.46875,45.078125,45.109375,494200
1994-07-15,25.920167922973633,45.390625,45.484375,45.328125,45.34375,49100
1994-07-18,25.96477699279785,45.46875,45.578125,45.390625,45.390625,72300
1994-07-19,25.91124725341797,45.375,45.5625,45.375,45.546875,609500
1994-07-20,25.795246124267575,45.171875,45.40625,45.0625,45.40625,185300
1994-07-21,25.848785400390625,45.265625,45.296875,45.078125,45.171875,86300
1994-07-22,25.893407821655273,45.34375,45.40625,45.25,45.375,151600
1994-07-25,25.92908477783203,45.40625,45.453125,45.3125,45.359375,120900
1994-07-26,25.90232276916504,45.359375,45.421875,45.3125,45.390625,489600
1994-07-27,25.90232276916504,45.359375,45.359375,45.171875,45.359375,83200
1994-07-28,25.95584487915039,45.453125,45.578125,45.359375,45.359375,828200
1994-07-29,26.214628219604492,45.90625,46.046875,45.75,45.765625,459100
1994-08-01,26.339529037475582,46.125,46.15625,45.890625,45.9375,486300
1994-08-02,26.37521743774414,46.1875,46.375,46.03125,46.28125,505500
1994-08-03,26.38414001464844,46.203125,46.234375,46.09375,46.171875,144100
1994-08-04,26.23245620727539,45.9375,46.21875,45.921875,46.171875,231700
1994-08-05,26.14323616027832,45.78125,45.84375,45.65625,45.703125,138400
1994-08-08,26.205690383911133,45.890625,45.9375,45.78125,45.828125,328600
1994-08-09,26.250303268432617,45.96875,45.96875,45.71875,45.71875,105900
1994-08-10,26.348453521728516,46.140625,46.1875,45.9375,46.0,840300
1994-08-11,26.250303268432617,45.96875,46.234375,45.734375,46.03125,876200
1994-08-12,26.45552635192871,46.328125,46.34375,46.046875,46.046875,184100
1994-08-15,26.446617126464844,46.3125,46.484375,46.3125,46.375,325900
1994-08-16,26.63397979736328,46.640625,46.6875,46.15625,46.34375,1089500
1994-08-17,26.61612892150879,46.609375,46.734375,46.578125,46.703125,133700
1994-08-18,26.526914596557617,46.453125,46.5625,46.40625,46.453125,620000
1994-08-19,26.50905418395996,46.421875,46.515625,46.3125,46.46875,103200
1994-08-22,26.48230361938477,46.375,46.4375,46.28125,46.4375,79700
1994-08-23,26.63397979736328,46.640625,46.859375,46.515625,46.578125,268600
1994-08-24,26.919492721557617,47.140625,47.140625,46.671875,46.6875,254700
1994-08-25,26.848125457763672,47.015625,47.203125,46.890625,47.09375,147400
1994-08-26,27.231801986694336,47.6875,47.78125,47.125,47.125,339500
1994-08-29,27.213953018188477,47.65625,47.984375,47.640625,47.8125,350300
1994-08-30,27.285327911376953,47.78125,47.859375,47.578125,47.640625,36000
1994-08-31,27.213953018188477,47.65625,47.890625,47.59375,47.703125,356200
1994-09-01,27.124710083007812,47.5,47.53125,47.328125,47.5,294600
1994-09-02,27.00874137878418,47.296875,47.71875,47.21875,47.71875,99600
1994-09-06,27.01765251159668,47.3125,47.359375,47.125,47.265625,229800
1994-09-07,26.99088478088379,47.265625,47.421875,47.21875,47.421875,27900
1994-09-08,27.124710083007812,47.5,47.5625,47.34375,47.359375,284800
1994-09-09,26.83922004699707,47.0,47.125,46.8125,47.03125,488400
1994-09-12,26.7589054107666,46.859375,47.0625,46.78125,47.0,129400
1994-09-13,26.83922004699707,47.0,47.125,46.859375,46.953125,389200
1994-09-14,26.865966796875,47.046875,47.109375,46.84375,46.84375,423500
1994-09-15,27.205013275146484,47.640625,47.640625,47.171875,47.171875,779800
1994-09-16,27.011417388916016,47.015625,47.140625,46.84375,47.0,571300
1994-09-19,27.038330078125,47.0625,47.328125,47.015625,47.125,167300
1994-09-20,26.52666282653809,46.171875,46.859375,46.171875,46.8125,355600
1994-09-21,26.52666282653809,46.171875,46.3125,45.734375,46.3125,397500
1994-09-22,26.463817596435547,46.0625,46.28125,46.015625,46.28125,266400
1994-09-23,26.374048233032227,45.90625,46.171875,45.828125,46.078125,176600
1994-09-26,26.508705139160156,46.140625,46.171875,45.984375,46.078125,223000
1994-09-27,26.49076461791992,46.109375,46.265625,46.0,46.140625,479500
1994-09-28,26.69721412658691,46.46875,46.53125,46.328125,46.359375,324000
1994-09-29,26.562572479248047,46.234375,46.46875,46.09375,46.46875,195900
1994-09-30,26.52666282653809,46.171875,46.4375,46.171875,46.21875,5200
1994-10-03,26.463817596435547,46.0625,46.25,45.984375,46.203125,72600
1994-10-04,26.068838119506836,45.375,46.296875,45.34375,46.296875,84200
1994-10-05,26.077816009521484,45.390625,45.390625,45.0,45.296875,461900
1994-10-06,25.99702835083008,45.25,45.453125,45.171875,45.421875,345200
1994-10-07,26.11373519897461,45.453125,45.578125,45.203125,45.25,188700
1994-10-10,26.392000198364254,45.9375,46.015625,45.640625,45.65625,213600
1994-10-11,26.78697395324707,46.625,46.75,46.140625,46.140625,461400
1994-10-12,26.822906494140625,46.6875,46.75,46.578125,46.6875,162400
1994-10-13,26.912660598754883,46.84375,47.328125,46.796875,47.21875,1564500
1994-10-14,27.029359817504883,47.046875,47.0625,46.6875,47.0,72800
1994-10-17,26.975500106811523,46.953125,47.0625,46.90625,47.0,282300
1994-10-18,26.912660598754883,46.84375,46.90625,46.6875,46.90625,132100
1994-10-19,27.038330078125,47.0625,47.234375,46.65625,46.671875,136700
1994-10-20,26.85879135131836,46.75,47.0625,46.609375,47.0625,290300
1994-10-21,26.751079559326172,46.5625,46.6875,46.359375,46.625,87800
1994-10-24,26.52666282653809,46.171875,46.765625,46.15625,46.578125,149600
1994-10-25,26.5535831451416,46.21875,46.3125,46.0,46.015625,91800
1994-10-26,26.65233612060547,46.390625,46.4375,46.171875,46.390625,201000
1994-10-27,26.81392288208008,46.671875,46.671875,46.453125,46.5625,210300
1994-10-28,27.37946319580078,47.65625,47.703125,46.765625,46.765625,192100
1994-10-31,27.28071975708008,47.484375,47.59375,47.46875,47.546875,36300
1994-11-01,26.975500106811523,46.953125,47.28125,46.9375,47.28125,435200
1994-11-02,26.822906494140625,46.6875,47.234375,46.6875,46.8125,115600
1994-11-03,26.966533660888672,46.9375,47.015625,46.78125,46.84375,87000
1994-11-04,26.61641311645508,46.328125,47.15625,46.328125,47.15625,124400
1994-11-07,26.69721412658691,46.46875,46.59375,46.3125,46.4375,115000
1994-11-08,26.90371322631836,46.828125,46.984375,46.546875,46.625,308300
1994-11-09,26.94856834411621,46.90625,47.328125,46.5,47.328125,318500
1994-11-10,26.76005744934082,46.578125,47.03125,46.546875,46.9375,172100
1994-11-11,26.66131591796875,46.40625,46.5625,46.28125,46.515625,302200
1994-11-14,26.912660598754883,46.84375,46.859375,46.609375,46.609375,181400
1994-11-15,26.822906494140625,46.6875,47.09375,46.328125,46.796875,316900
1994-11-16,26.912660598754883,46.84375,46.84375,46.609375,46.765625,106900
1994-11-17,26.733131408691406,46.53125,46.875,46.34375,46.875,104700
1994-11-18,26.69721412658691,46.46875,46.625,46.265625,46.546875,269300
1994-11-21,26.427921295166016,46.0,46.578125,46.0,46.4375,283100
1994-11-22,25.85339736938477,45.0,46.0,45.0,45.828125,483600
1994-11-23,25.99702835083008,45.25,45.265625,44.609375,45.03125,601600
1994-11-25,26.122713088989254,45.46875,45.53125,45.28125,45.28125,77300
1994-11-28,26.2393856048584,45.671875,45.6875,45.34375,45.453125,79900
1994-11-29,26.23041343688965,45.65625,45.75,45.5,45.65625,105500
1994-11-30,26.194515228271484,45.59375,45.953125,45.59375,45.890625,218800
1994-12-01,25.93418884277344,45.140625,45.640625,45.046875,45.640625,439000
1994-12-02,26.176570892333984,45.5625,45.5625,45.046875,45.046875,318500
1994-12-05,26.203500747680664,45.609375,45.8125,45.5,45.65625,139200
1994-12-06,26.221450805664062,45.640625,45.65625,45.359375,45.4375,249900
1994-12-07,26.03293800354004,45.3125,45.5,45.265625,45.359375,531900
1994-12-08,25.781572341918945,44.875,45.5625,44.75,45.5,261500
1994-12-09,25.880325317382812,45.046875,45.078125,44.6875,44.875,235900
1994-12-12,26.050884246826172,45.34375,45.34375,44.953125,44.953125,151100
1994-12-13,26.149646759033203,45.515625,45.53125,45.3125,45.3125,70900
1994-12-14,26.284282684326172,45.75,45.953125,45.453125,45.453125,203300
1994-12-15,26.365068435668945,45.890625,46.03125,45.8125,45.8125,130100
1994-12-16,26.493850708007812,45.75,45.84375,45.625,45.671875,266100
1994-12-19,26.53005027770996,45.8125,45.84375,45.609375,45.75,1120200
1994-12-20,26.44859504699707,45.671875,45.890625,45.671875,45.859375,675600
1994-12-21,26.729108810424805,46.15625,46.265625,45.703125,45.703125,544500
1994-12-22,26.647682189941406,46.015625,46.203125,45.96875,46.15625,222000
1994-12-23,26.67481803894043,46.0625,46.171875,45.984375,45.984375,125800
1994-12-27,26.81960678100586,46.3125,46.40625,46.1875,46.21875,95200
1994-12-28,26.68387985229492,46.078125,46.359375,45.96875,46.359375,358200
1994-12-29,26.701980590820312,46.109375,46.25,46.0625,46.25,220100
1994-12-30,26.38528060913086,45.5625,46.25,45.5625,46.203125,2209500
1995-01-03,26.51194190979004,45.78125,45.84375,45.6875,45.703125,324300
1995-01-04,26.63863182067871,46.0,46.0,45.75,45.984375,351800
1995-01-05,26.63863182067871,46.0,46.109375,45.953125,46.03125,89800
1995-01-06,26.66577911376953,46.046875,46.25,45.90625,46.09375,448400
1995-01-09,26.692916870117188,46.09375,46.09375,46.0,46.03125,36800
1995-01-10,26.720064163208008,46.140625,46.390625,46.140625,46.203125,229800
1995-01-11,26.7381649017334,46.171875,46.296875,45.8125,46.296875,222400
1995-01-12,26.747203826904297,46.1875,46.21875,46.03125,46.125,40300
1995-01-13,27.06391334533691,46.734375,46.734375,46.375,46.4375,170600
1995-01-16,27.226783752441406,47.015625,47.03125,46.71875,46.71875,105100
1995-01-17,27.23582649230957,47.03125,47.0625,46.859375,46.921875,89500
1995-01-18,27.208677291870117,46.984375,47.078125,46.875,47.0,84500
1995-01-19,27.054853439331055,46.71875,46.875,46.6875,46.828125,139100
1995-01-20,26.955318450927734,46.546875,46.671875,46.453125,46.65625,78700
1995-01-23,27.036775588989254,46.6875,46.6875,46.203125,46.234375,53700
1995-01-24,27.07294273376465,46.75,46.75,46.640625,46.671875,32400
1995-01-25,27.14534568786621,46.875,47.046875,46.515625,46.515625,15700
1995-01-26,27.1724796295166,46.921875,46.984375,46.75,46.84375,9800
1995-01-27,27.28106117248535,47.109375,47.234375,46.921875,47.234375,91200
1995-01-30,27.163433074951172,46.90625,47.046875,46.84375,47.015625,26600
1995-01-31,27.272016525268555,47.09375,47.171875,46.921875,47.0,127500
1995-02-01,27.26296615600586,47.078125,47.328125,47.0,47.15625,380200
1995-02-02,27.425840377807617,47.359375,47.359375,47.0625,47.0625,131700
1995-02-03,27.814922332763672,48.03125,48.109375,47.578125,47.65625,405100
1995-02-06,27.932558059692383,48.234375,48.375,47.96875,48.015625,405400
1995-02-07,27.96874237060547,48.296875,48.3125,48.140625,48.3125,702900
1995-02-08,27.96874237060547,48.296875,48.46875,48.203125,48.234375,521500
1995-02-09,27.96874237060547,48.296875,48.296875,48.125,48.21875,390700
1995-02-10,28.004953384399418,48.359375,48.359375,48.09375,48.234375,148300
1995-02-13,28.01399803161621,48.375,48.46875,48.328125,48.328125,79700
1995-02-14,28.050188064575195,48.4375,48.53125,48.25,48.53125,170200
1995-02-15,28.204015731811523,48.703125,48.765625,48.390625,48.4375,431500
1995-02-16,28.167818069458008,48.640625,48.6875,48.5,48.640625,99300
1995-02-17,28.059247970581055,48.453125,48.625,48.4375,48.59375,49100
1995-02-21,28.050188064575195,48.4375,48.53125,48.421875,48.453125,168000
1995-02-22,28.2583065032959,48.796875,48.796875,48.453125,48.484375,386400
1995-02-23,28.303550720214844,48.875,49.15625,48.859375,48.984375,402800
1995-02-24,28.375932693481445,49.0,49.015625,48.8125,48.9375,307600
1995-02-27,28.149715423583984,48.609375,49.0,48.53125,48.859375,280900
1995-02-28,28.384979248046875,49.015625,49.015625,48.5625,48.5625,493500
1995-03-01,28.204015731811523,48.703125,49.03125,48.65625,48.96875,242600
1995-03-02,28.24020767211914,48.765625,48.765625,48.546875,48.6875,488600
1995-03-03,28.249271392822266,48.78125,48.78125,48.484375,48.609375,290000
1995-03-06,28.267343521118164,48.8125,48.8125,48.390625,48.453125,85700
1995-03-07,28.050188064575195,48.4375,48.75,48.21875,48.640625,180900
1995-03-08,28.122568130493164,48.5625,48.625,48.34375,48.515625,155900
1995-03-09,28.11353874206543,48.546875,48.59375,48.421875,48.546875,63500
1995-03-10,28.529741287231445,49.265625,49.390625,48.53125,48.59375,192100
1995-03-13,28.502599716186523,49.21875,49.390625,49.171875,49.234375,261300
1995-03-14,28.710721969604492,49.578125,49.640625,49.359375,49.359375,223300
1995-03-15,28.656444549560547,49.484375,49.578125,49.296875,49.5,278500
1995-03-16,28.82834815979004,49.78125,49.8125,49.4375,49.4375,20400
1995-03-17,28.857032775878903,49.5625,49.625,49.40625,49.4375,89900
1995-03-20,28.857032775878903,49.5625,49.625,49.46875,49.625,91700
1995-03-21,28.784242630004883,49.4375,49.875,49.359375,49.5625,104400
1995-03-22,28.811553955078125,49.484375,49.53125,49.328125,49.53125,74900
1995-03-23,28.829729080200195,49.515625,49.65625,49.359375,49.421875,220500
1995-03-24,29.23911476135254,50.21875,50.21875,49.671875,49.671875,134000
1995-03-27,29.35738945007324,50.421875,50.421875,50.171875,50.296875,132100
1995-03-28,29.35738945007324,50.421875,50.421875,50.234375,50.296875,121900
1995-03-29,29.348312377929688,50.40625,50.890625,50.125,50.375,246100
1995-03-30,29.293704986572266,50.3125,50.515625,50.109375,50.515625,298400
1995-03-31,29.175451278686523,50.109375,50.171875,49.546875,49.921875,541300
1995-04-03,29.24822235107422,50.234375,50.234375,50.0625,50.09375,193300
1995-04-04,29.439252853393555,50.5625,50.5625,50.25,50.25,66900
1995-04-05,29.439252853393555,50.5625,50.609375,50.421875,50.453125,107200
1995-04-06,29.548419952392575,50.75,50.796875,50.59375,50.6875,352500
1995-04-07,29.521129608154297,50.703125,50.859375,50.46875,50.859375,361400
1995-04-10,29.57572555541992,50.796875,50.796875,50.59375,50.625,285400
1995-04-11,29.47563934326172,50.625,50.9375,50.59375,50.921875,250300
1995-04-12,29.57572555541992,50.796875,50.796875,50.609375,50.703125,150900
1995-04-13,29.739482879638672,51.078125,51.09375,50.859375,50.890625,243400
1995-04-17,29.566633224487305,50.78125,51.3125,50.625,51.265625,178900
1995-04-18,29.46656036376953,50.609375,50.828125,50.484375,50.828125,329500
1995-04-19,29.439252853393555,50.5625,50.71875,50.296875,50.609375,223000
1995-04-20,29.48474884033203,50.640625,50.78125,50.4375,50.703125,207900
1995-04-21,29.63031768798828,50.890625,50.90625,50.65625,50.65625,145000
1995-04-24,29.97601890563965,51.484375,51.484375,50.859375,50.859375,169000
1995-04-25,29.894132614135746,51.34375,51.484375,51.3125,51.40625,293200
1995-04-26,29.921443939208984,51.390625,51.421875,51.125,51.25,204400
1995-04-27,29.994197845458984,51.515625,51.546875,51.28125,51.3125,502200
1995-04-28,30.03969383239746,51.59375,51.671875,51.171875,51.5,130800
1995-05-01,29.957809448242188,51.453125,51.65625,51.453125,51.546875,518700
1995-05-02,30.02151107788086,51.5625,51.640625,51.390625,51.5,228400
1995-05-03,30.43998336791992,52.28125,52.28125,51.734375,51.734375,724700
1995-05-04,30.42177963256836,52.25,52.6875,52.125,52.34375,311400
1995-05-05,30.38541030883789,52.1875,52.46875,52.078125,52.46875,314900
1995-05-08,30.603750228881836,52.5625,52.734375,52.09375,52.140625,183100
1995-05-09,30.576444625854492,52.515625,52.84375,52.4375,52.78125,180600
1995-05-10,30.612817764282227,52.578125,52.671875,52.328125,52.65625,330300
1995-05-11,30.694690704345703,52.71875,52.71875,52.484375,52.65625,351700
1995-05-12,30.712890625,52.75,52.875,52.5,52.515625,94600
1995-05-15,30.85845184326172,53.0,53.0,52.78125,52.890625,147200
1995-05-16,30.876659393310547,53.03125,53.15625,52.890625,52.984375,221600
1995-05-17,30.758390426635746,52.828125,53.046875,52.78125,53.03125,189200
1995-05-18,30.312602996826172,52.0625,52.765625,52.0625,52.734375,577800
1995-05-19,30.330808639526367,52.09375,52.1875,51.90625,51.984375,363900
1995-05-22,30.667404174804688,52.671875,52.75,52.234375,52.265625,216000
1995-05-23,30.949443817138672,53.15625,53.15625,52.609375,52.765625,136800
1995-05-24,30.93124008178711,53.125,53.421875,52.796875,53.25,370800
1995-05-25,30.958534240722656,53.171875,53.21875,52.71875,52.96875,379900
1995-05-26,30.603750228881836,52.5625,52.984375,52.359375,52.96875,518600
1995-05-30,30.594636917114254,52.546875,52.828125,52.375,52.6875,61500
1995-05-31,31.23145866394043,53.640625,53.640625,52.453125,52.453125,564500
1995-06-01,31.149581909179688,53.5,53.90625,53.25,53.40625,810100
1995-06-02,31.176877975463867,53.546875,53.921875,53.09375,53.28125,112900
1995-06-05,31.367916107177734,53.875,54.046875,53.5,53.546875,257200
1995-06-06,31.313329696655273,53.78125,54.015625,53.78125,53.828125,165800
1995-06-07,31.149581909179688,53.5,53.703125,53.4375,53.671875,41900
1995-06-08,31.07678985595703,53.375,53.640625,53.375,53.484375,141100
1995-06-09,30.894847869873047,53.0625,53.328125,52.75,53.265625,304900
1995-06-12,31.067691802978516,53.359375,53.578125,53.203125,53.234375,378500
1995-06-13,31.404298782348633,53.9375,53.96875,53.5625,53.609375,120000
1995-06-14,31.37702178955078,53.890625,53.953125,53.6875,53.859375,389400
1995-06-15,31.513490676879883,54.125,54.234375,53.875,53.96875,274500
1995-06-16,31.60704040527344,53.96875,53.96875,53.703125,53.703125,325100
1995-06-19,31.963911056518555,54.578125,54.609375,54.09375,54.125,134600
1995-06-20,31.881561279296875,54.4375,54.609375,54.390625,54.421875,287800
1995-06-21,31.863252639770508,54.40625,54.65625,54.40625,54.609375,158200
1995-06-22,32.28419494628906,55.125,55.15625,54.640625,54.640625,297000
1995-06-23,32.22013473510742,55.015625,55.03125,54.84375,55.0,315400
1995-06-26,31.8358097076416,54.359375,54.953125,54.359375,54.859375,132900
1995-06-27,31.771751403808594,54.25,54.703125,54.21875,54.34375,127700
1995-06-28,31.936466217041016,54.53125,54.75,54.078125,54.25,212600
1995-06-29,31.881561279296875,54.4375,54.671875,54.0625,54.53125,89200
1995-06-30,31.863252639770508,54.40625,54.734375,54.296875,54.546875,714100
1995-07-03,31.982234954833984,54.609375,54.609375,54.46875,54.46875,9500
1995-07-05,32.101173400878906,54.8125,55.0625,54.640625,54.765625,409300
1995-07-06,32.5129508972168,55.515625,55.515625,54.71875,54.828125,202500
1995-07-07,32.659385681152344,55.765625,55.78125,55.375,55.40625,481700
1995-07-10,32.677677154541016,55.796875,55.953125,55.703125,55.8125,400400
1995-07-11,32.522117614746094,55.53125,55.796875,55.453125,55.75,420500
1995-07-12,32.92475891113281,56.21875,56.3125,55.53125,55.640625,203400
1995-07-13,32.85155487060547,56.09375,56.265625,56.03125,56.140625,215600
1995-07-14,32.82410430908203,56.046875,56.09375,55.75,55.796875,543700
1995-07-17,33.007118225097656,56.359375,56.421875,56.078125,56.125,171500
1995-07-18,32.72343826293945,55.875,56.265625,55.828125,56.265625,221200
1995-07-19,32.366554260253906,55.265625,55.71875,54.203125,55.65625,486600
1995-07-20,32.48551940917969,55.46875,55.578125,55.03125,55.328125,318900
1995-07-21,32.44890594482422,55.40625,55.625,55.1875,55.421875,94000
1995-07-24,32.68684768676758,55.8125,55.875,55.484375,55.484375,108400
1995-07-25,32.93389892578125,56.234375,56.3125,55.703125,55.875,107400
1995-07-26,32.90646743774414,56.1875,56.46875,56.171875,56.203125,167800
1995-07-27,33.18097686767578,56.65625,56.703125,56.453125,56.453125,187700
1995-07-28,32.97051239013672,56.296875,56.703125,56.25,56.703125,415600
1995-07-31,32.88814163208008,56.15625,56.390625,56.03125,56.34375,342500
1995-08-01,32.833251953125,56.0625,56.234375,55.75,56.234375,141000
1995-08-02,32.76005172729492,55.9375,56.796875,55.84375,56.390625,240400
1995-08-03,32.75090408325195,55.921875,55.953125,55.453125,55.546875,1193600
1995-08-04,32.7874755859375,55.984375,56.078125,55.921875,56.03125,240500
1995-08-07,32.86070251464844,56.109375,56.28125,56.078125,56.109375,193100
1995-08-08,32.86070251464844,56.109375,56.3125,55.9375,56.140625,951900
1995-08-09,32.85155487060547,56.09375,56.296875,56.046875,56.296875,107100
1995-08-10,32.77832794189453,55.96875,56.28125,55.734375,56.15625,280800
1995-08-11,32.59532165527344,55.65625,55.984375,55.421875,55.921875,257200
1995-08-14,32.88814163208008,56.15625,56.15625,55.671875,55.796875,254800
1995-08-15,32.82410430908203,56.046875,56.140625,55.65625,56.140625,44400
1995-08-16,32.915611267089844,56.203125,56.203125,55.9375,56.0,374900
1995-08-17,32.86070251464844,56.109375,56.234375,55.90625,56.234375,353800
1995-08-18,32.89729690551758,56.171875,56.40625,56.125,56.390625,85400
1995-08-21,32.80580520629883,56.015625,56.640625,56.0,56.40625,266700
1995-08-22,32.86985778808594,56.125,56.21875,55.8125,56.09375,220200
1995-08-23,32.75090408325195,55.921875,56.203125,55.921875,56.171875,176500
1995-08-24,32.7874755859375,55.984375,56.09375,55.75,55.9375,167400
1995-08-25,32.97051239013672,56.296875,56.390625,56.078125,56.078125,195000
1995-08-28,32.85155487060547,56.09375,56.453125,56.0,56.453125,293000
1995-08-29,32.93389892578125,56.234375,56.25,55.765625,56.15625,1133100
1995-08-30,33.007118225097656,56.359375,56.421875,56.21875,56.28125,437400
1995-08-31,33.03459548950195,56.40625,56.5,56.296875,56.34375,491900
1995-09-01,33.18097686767578,56.65625,56.75,56.34375,56.390625,629900
1995-09-05,33.49211120605469,57.1875,57.21875,56.734375,56.828125,272200
1995-09-06,33.55617904663086,57.296875,57.359375,57.21875,57.234375,214500
1995-09-07,33.57447814941406,57.328125,57.390625,57.25,57.359375,258800
1995-09-08,33.70258331298828,57.546875,57.546875,57.171875,57.546875,107300
1995-09-11,33.79409408569336,57.703125,57.8125,57.640625,57.640625,260700
1995-09-12,33.949668884277344,57.96875,57.96875,57.578125,57.71875,139500
1995-09-13,34.10520553588867,58.234375,58.3125,57.890625,57.90625,239800
1995-09-14,34.41633987426758,58.765625,58.8125,58.28125,58.4375,457600
1995-09-15,34.4068603515625,58.4375,58.578125,58.203125,58.40625,431200
1995-09-18,34.27806091308594,58.21875,58.265625,57.9375,58.234375,307500
1995-09-19,34.44364929199219,58.5,58.53125,58.125,58.328125,549600
1995-09-20,34.60924530029297,58.78125,58.78125,58.546875,58.59375,290800
1995-09-21,34.32406234741211,58.296875,58.75,58.0625,58.703125,508500
1995-09-22,34.333251953125,58.3125,58.375,57.78125,57.828125,449900
1995-09-25,34.27806091308594,58.21875,58.375,58.015625,58.375,130000
1995-09-26,34.26886749267578,58.203125,58.53125,58.0625,58.390625,466600
1995-09-27,34.24125289916992,58.15625,58.1875,57.59375,57.953125,654400
1995-09-28,34.498863220214844,58.59375,58.59375,58.15625,58.203125,456200
1995-09-29,34.434452056884766,58.484375,58.90625,58.40625,58.546875,606600
1995-10-02,34.2596549987793,58.1875,58.625,58.046875,58.484375,293100
1995-10-03,34.29646301269531,58.25,58.34375,57.953125,58.1875,839700
1995-10-04,34.2596549987793,58.1875,58.28125,58.109375,58.28125,248800
1995-10-05,34.36085510253906,58.359375,58.359375,58.09375,58.25,268800
1995-10-06,34.3884391784668,58.40625,58.578125,58.390625,58.390625,75300
1995-10-09,34.103267669677734,57.921875,58.21875,57.8125,58.1875,358200
1995-10-10,34.08485412597656,57.890625,57.890625,57.265625,57.328125,360800
1995-10-11,34.19526672363281,58.078125,58.09375,57.875,58.09375,228100
1995-10-12,34.4068603515625,58.4375,58.46875,58.125,58.125,199800
1995-10-13,34.517250061035156,58.625,58.859375,58.625,58.703125,488100
1995-10-16,34.35165786743164,58.34375,58.5625,58.34375,58.453125,443600
1995-10-17,34.58163833618164,58.734375,58.796875,58.296875,58.40625,146000
1995-10-18,34.68284225463867,58.90625,59.09375,58.71875,59.015625,228100
1995-10-19,34.848445892333984,59.1875,59.1875,58.796875,58.875,500600
1995-10-20,34.636837005615234,58.828125,59.1875,58.828125,59.140625,748400
1995-10-23,34.5632438659668,58.703125,58.8125,58.546875,58.546875,533000
1995-10-24,34.60005187988281,58.765625,58.84375,58.625,58.78125,172200
1995-10-25,34.314849853515625,58.28125,58.890625,58.28125,58.8125,302700
1995-10-26,34.0020637512207,57.75,58.421875,57.28125,58.375,606800
1995-10-27,34.2596549987793,58.1875,58.1875,57.421875,57.6875,905800
1995-10-30,34.480445861816406,58.5625,58.59375,58.328125,58.328125,488700
1995-10-31,34.333251953125,58.3125,58.84375,58.3125,58.71875,508200
1995-11-01,34.60924530029297,58.78125,58.78125,58.234375,58.28125,415700
1995-11-02,34.830039978027344,59.15625,59.15625,58.6875,58.6875,326000
1995-11-03,34.876014709472656,59.234375,59.25,59.0625,59.234375,615000
1995-11-06,34.75642776489258,59.03125,59.21875,59.015625,59.21875,311200
1995-11-07,34.62763977050781,58.8125,59.0,58.625,59.0,358200
1995-11-08,34.94041442871094,59.34375,59.375,58.890625,58.890625,357200
1995-11-09,35.0692138671875,59.5625,59.578125,59.28125,59.578125,503700
1995-11-10,35.05083465576172,59.53125,59.609375,59.21875,59.234375,795600
1995-11-13,35.01402282714844,59.46875,59.65625,59.3125,59.421875,818500
1995-11-14,34.7840461730957,59.078125,59.484375,59.078125,59.359375,341800
1995-11-15,35.13361740112305,59.671875,59.6875,59.109375,59.140625,584700
1995-11-16,35.326812744140625,60.0,60.0625,59.65625,59.671875,577700
1995-11-17,35.43722915649414,60.1875,60.203125,60.015625,60.09375,267000
1995-11-20,35.253231048583984,59.875,60.296875,59.859375,60.28125,448800
1995-11-21,35.538414001464844,60.359375,60.359375,59.921875,59.9375,119200
1995-11-22,35.42800521850586,60.171875,60.375,60.171875,60.3125,351600
1995-11-24,35.520015716552734,60.328125,60.328125,60.1875,60.234375,62400
1995-11-27,35.52922821044922,60.34375,60.640625,60.34375,60.453125,273000
1995-11-28,35.90639877319336,60.984375,60.984375,60.15625,60.296875,479000
1995-11-29,35.94320297241211,61.046875,61.09375,60.84375,61.09375,549200
1995-11-30,35.86039733886719,60.90625,61.203125,60.84375,61.046875,286200
1995-12-01,35.90639877319336,60.984375,61.078125,60.84375,60.984375,465200
1995-12-04,36.347991943359375,61.734375,61.734375,61.046875,61.125,631700
1995-12-05,36.587188720703125,62.140625,62.203125,61.625,61.671875,567700
1995-12-06,36.66996765136719,62.28125,62.53125,62.0,62.296875,272800
1995-12-07,36.476776123046875,61.953125,62.28125,61.90625,62.203125,289700
1995-12-08,36.59637069702149,62.15625,62.234375,61.765625,62.21875,296900
1995-12-11,36.75278091430664,62.421875,62.546875,62.15625,62.28125,186500
1995-12-12,36.64237976074219,62.234375,62.359375,62.140625,62.140625,299400
1995-12-13,36.87239074707031,62.625,62.703125,62.3125,62.3125,390700
1995-12-14,36.60558319091797,62.171875,62.796875,62.015625,62.6875,395000
1995-12-15,36.61899948120117,61.8125,61.875,61.59375,61.875,416700
1995-12-18,35.915470123291016,60.625,61.265625,60.609375,61.265625,862300
1995-12-19,36.29500961303711,61.265625,61.34375,60.578125,60.65625,1022600
1995-12-20,35.943260192871094,60.671875,61.515625,60.671875,61.453125,1349800
1995-12-21,36.12839889526367,60.984375,61.171875,60.75,61.03125,857600
1995-12-22,36.25796890258789,61.203125,61.375,61.140625,61.3125,332800
1995-12-26,36.4338493347168,61.5,61.53125,61.328125,61.453125,432200
1995-12-27,36.41535186767578,61.46875,61.65625,61.359375,61.65625,151800
1995-12-28,36.37830352783203,61.40625,61.65625,61.25,61.34375,256200
1995-12-29,36.42460632324219,61.484375,61.53125,61.25,61.46875,339200
1996-01-02,36.813385009765625,62.140625,62.140625,61.34375,61.40625,514400
1996-01-03,36.915184020996094,62.3125,62.5,62.0,62.34375,610300
1996-01-04,36.563438415527344,61.71875,62.625,61.21875,62.390625,1129700
1996-01-05,36.489383697509766,61.59375,61.75,61.171875,61.3125,302400
1996-01-08,36.62823486328125,61.828125,61.90625,61.734375,61.8125,179900
1996-01-09,35.99879837036133,60.765625,62.0625,60.625,62.015625,415500
1996-01-10,35.5267219543457,59.96875,60.8125,59.640625,60.6875,787700
1996-01-11,35.73960876464844,60.328125,60.328125,59.78125,60.0625,513200
1996-01-12,35.68407440185547,60.234375,60.5,59.671875,60.484375,390400
1996-01-15,35.61002731323242,60.109375,60.453125,59.859375,60.25,154200
1996-01-16,36.04507827758789,60.84375,60.890625,59.890625,60.40625,454600
1996-01-17,35.93398666381836,60.65625,61.125,60.453125,60.703125,407600
1996-01-18,36.054325103759766,60.859375,60.90625,60.375,60.890625,425600
1996-01-19,36.29500961303711,61.265625,61.421875,60.796875,60.859375,169800
1996-01-22,36.30424880981445,61.28125,61.421875,61.109375,61.21875,288200
1996-01-23,36.38758087158203,61.421875,61.421875,61.125,61.25,362200
1996-01-24,36.68377304077149,61.921875,62.046875,61.484375,61.515625,1506500
1996-01-25,36.554168701171875,61.703125,62.0,61.625,61.96875,298400
1996-01-26,36.86891555786133,62.234375,62.265625,61.578125,61.65625,726300
1996-01-29,37.01700973510742,62.484375,62.484375,62.140625,62.1875,254800
1996-01-30,37.33173751831055,63.015625,63.140625,62.53125,62.609375,272100
1996-01-31,37.72050476074219,63.671875,63.6875,62.96875,63.0,498000
1996-02-01,37.85938262939453,63.90625,63.90625,63.5625,63.609375,373900
1996-02-02,37.70201873779297,63.640625,64.015625,63.5,63.875,496200
1996-02-05,38.00748825073242,64.15625,64.25,63.4375,63.53125,295300
1996-02-06,38.36846923828125,64.765625,64.828125,64.09375,64.1875,301600
1996-02-07,38.59062576293945,65.140625,65.140625,64.6875,64.75,585100
1996-02-08,39.00717544555664,65.84375,65.90625,64.921875,65.046875,1526600
1996-02-09,38.99791717529297,65.828125,66.375,65.515625,65.8125,804600
1996-02-12,39.294132232666016,66.328125,66.625,65.890625,65.953125,626500
1996-02-13,39.21083450317383,66.1875,66.6875,66.0,66.046875,1045900
1996-02-14,38.868316650390625,65.609375,66.359375,65.578125,66.140625,431400
1996-02-15,38.627655029296875,65.203125,65.90625,65.125,65.46875,889500
1996-02-16,38.47029495239258,64.9375,65.234375,64.734375,65.078125,606100
1996-02-20,38.09076690673828,64.296875,64.625,63.875,64.4375,492300
1996-02-21,38.562862396240234,65.09375,65.140625,64.421875,64.421875,434000
1996-02-22,39.17380142211914,66.125,66.328125,65.40625,65.453125,721400
1996-02-23,39.062713623046875,65.9375,66.609375,65.328125,66.5,1430400
1996-02-26,38.507328033447266,65.0,65.890625,64.96875,65.75,1408400
1996-02-27,38.38698959350586,64.796875,65.171875,64.5,65.15625,601000
1996-02-28,38.211124420166016,64.5,65.734375,64.5,65.3125,865900
1996-02-29,37.84086608886719,63.875,64.953125,63.875,64.125,914300
1996-03-01,38.44252395629883,64.890625,64.890625,63.609375,64.640625,1452600
1996-03-04,38.66468811035156,65.265625,65.65625,64.8125,65.03125,652600
1996-03-05,39.02568435668945,65.875,65.875,65.078125,65.109375,402000
1996-03-06,38.68319320678711,65.296875,65.96875,65.296875,65.78125,624700
1996-03-07,38.877586364746094,65.625,65.65625,65.234375,65.421875,534200
1996-03-08,37.618709564208984,63.5,64.875,62.0,64.1875,2289900
1996-03-11,38.053733825683594,64.234375,64.328125,63.0625,63.25,1511400
1996-03-12,37.75752639770508,63.734375,64.046875,62.90625,63.8125,1385300
1996-03-13,38.01674270629883,64.171875,64.4375,63.796875,64.15625,1019300
1996-03-14,38.183345794677734,64.453125,64.8125,64.234375,64.265625,725600
1996-03-15,38.15769577026367,64.125,64.328125,63.75,64.0625,869200
1996-03-18,38.8922119140625,65.359375,65.359375,64.578125,64.71875,917600
1996-03-19,38.80851364135742,65.21875,65.9375,65.0,65.9375,858300
1996-03-20,38.76202392578125,65.140625,65.53125,64.640625,65.53125,744300
1996-03-21,38.6690559387207,64.984375,65.25,64.765625,65.21875,650800
1996-03-22,38.771339416503906,65.15625,65.328125,64.9375,65.015625,344500
1996-03-25,38.69694519042969,65.03125,65.8125,64.859375,65.75,802400
1996-03-26,38.88289260864258,65.34375,65.515625,64.859375,64.921875,969400
1996-03-27,38.52957534790039,64.75,65.484375,64.6875,65.4375,809600
1996-03-28,38.67835998535156,65.0,65.03125,64.5,64.515625,1001300
1996-03-29,38.492401123046875,64.6875,65.1875,64.375,65.1875,457700
1996-04-01,38.9387092590332,65.4375,65.453125,64.796875,65.0,773400
1996-04-02,39.0130729675293,65.5625,65.5625,65.296875,65.515625,638800
1996-04-03,39.0130729675293,65.5625,65.609375,65.171875,65.328125,288000
1996-04-04,38.98516845703125,65.515625,65.71875,65.5,65.5625,934900
1996-04-08,38.31574249267578,64.390625,64.390625,63.59375,63.875,2217200
1996-04-09,38.1669807434082,64.140625,64.640625,64.015625,64.640625,1180900
1996-04-10,37.488250732421875,63.0,64.3125,62.75,64.03125,939500
1996-04-11,37.44175338745117,62.921875,63.46875,62.125,63.15625,1276000
1996-04-12,37.91595077514648,63.71875,63.8125,63.171875,63.359375,411300
1996-04-15,38.2320556640625,64.25,64.328125,63.84375,64.046875,484200
1996-04-16,38.3436393737793,64.4375,64.65625,64.234375,64.375,429700
1996-04-17,38.25065612792969,64.28125,64.5625,63.84375,64.375,525300
1996-04-18,38.306453704833984,64.375,64.578125,64.09375,64.4375,818600
1996-04-19,38.399436950683594,64.53125,64.859375,64.421875,64.6875,885100
1996-04-22,38.69694519042969,65.03125,65.28125,64.59375,65.125,828900
1996-04-23,38.81782531738281,65.234375,65.28125,64.78125,64.921875,225400
1996-04-24,38.67835998535156,65.0,65.5625,64.859375,65.5625,699000
1996-04-25,38.8549919128418,65.296875,65.5625,64.75,65.140625,475500
1996-04-26,38.9387092590332,65.4375,65.8125,65.234375,65.46875,563300
1996-04-29,38.9387092590332,65.4375,65.5625,65.15625,65.15625,219900
1996-04-30,38.910797119140625,65.390625,65.5625,65.125,65.4375,184400
1996-05-01,38.99446868896485,65.53125,65.796875,65.28125,65.375,561900
1996-05-02,38.325042724609375,64.40625,65.375,64.09375,65.015625,1299600
1996-05-03,38.269248962402344,64.3125,64.984375,63.75,64.78125,1329300
1996-05-06,38.2320556640625,64.25,64.5625,63.6875,64.5625,647500
1996-05-07,38.074005126953125,63.984375,64.25,63.765625,64.25,582100
1996-05-08,38.54817199707031,64.78125,64.78125,63.078125,63.671875,1694700
1996-05-09,38.520294189453125,64.734375,65.0625,64.5,64.5625,593400
1996-05-10,38.90148162841797,65.375,65.59375,65.0625,65.375,925100
1996-05-13,39.48725128173828,66.359375,66.640625,65.46875,65.53125,867500
1996-05-14,39.72897720336914,66.765625,66.9375,66.5625,66.625,632300
1996-05-15,39.6824836730957,66.6875,67.3125,66.640625,66.78125,466100
1996-05-16,39.766170501708984,66.828125,66.9375,66.28125,66.3125,514400
1996-05-17,39.98003387451172,67.1875,67.296875,67.0,67.0,427700
1996-05-20,40.249664306640625,67.640625,67.75,66.984375,67.65625,788500
1996-05-21,40.193870544433594,67.546875,67.875,67.5,67.75,352700
1996-05-22,40.5750732421875,68.1875,68.1875,67.390625,67.625,1218100
1996-05-23,40.40771484375,67.90625,68.4375,67.53125,68.28125,967900
1996-05-24,40.565773010253906,68.171875,68.328125,67.9375,67.96875,659100
1996-05-28,40.15669250488281,67.484375,68.375,67.3125,68.375,456400
1996-05-29,39.88704681396485,67.03125,67.6875,66.8125,67.625,649600
1996-05-30,40.09160614013672,67.375,67.71875,66.75,66.9375,895800
1996-05-31,39.794071197509766,66.875,67.640625,66.875,67.359375,923500
1996-06-03,39.905662536621094,67.0625,67.109375,66.703125,66.890625,503100
1996-06-04,40.1845703125,67.53125,67.59375,67.25,67.375,627100
1996-06-05,40.537899017333984,68.125,68.203125,67.421875,67.5625,428000
1996-06-06,40.240360260009766,67.625,68.5,67.5,68.5,523300
1996-06-07,40.240360260009766,67.625,67.640625,66.1875,66.1875,1422800
1996-06-10,40.11019515991211,67.40625,67.734375,67.296875,67.53125,548800
1996-06-11,40.07299041748047,67.34375,68.03125,67.34375,67.65625,688700
1996-06-12,39.998626708984375,67.21875,67.734375,67.109375,67.5625,1120600
1996-06-13,39.998626708984375,67.21875,67.46875,66.828125,67.375,1502000
1996-06-14,39.83127975463867,66.9375,67.25,66.71875,67.25,1468200
1996-06-17,39.80338287353515,66.890625,67.21875,66.71875,66.96875,1101000
1996-06-18,39.47794342041016,66.34375,67.03125,66.328125,66.84375,718000
1996-06-19,39.654598236083984,66.640625,67.0,66.421875,66.65625,552100
1996-06-20,39.6267204284668,66.59375,66.921875,66.1875,66.703125,1234400
1996-06-21,39.96753692626953,66.8125,66.8125,66.375,66.5625,573300
1996-06-24,40.04233169555664,66.9375,67.21875,66.84375,66.96875,416500
1996-06-25,39.99558639526367,66.859375,67.171875,66.78125,67.125,454400
1996-06-26,39.724510192871094,66.40625,66.921875,66.390625,66.78125,838200
1996-06-27,40.00492858886719,66.875,67.046875,66.15625,66.40625,1090500
1996-06-28,40.14514923095703,67.109375,67.5,66.96875,67.15625,1060800
1996-07-01,40.49095153808594,67.6875,67.703125,67.1875,67.28125,471300
1996-07-02,40.3414306640625,67.4375,67.640625,67.328125,67.625,389400
1996-07-03,40.25731658935547,67.296875,67.5,67.0625,67.40625,308300
1996-07-05,39.22914505004883,65.578125,66.4375,65.375,66.125,842900
1996-07-08,39.07023239135742,65.3125,65.984375,65.125,65.625,942000
1996-07-09,39.22914505004883,65.578125,65.8125,65.375,65.609375,716300
1996-07-10,39.388031005859375,65.84375,65.84375,64.921875,65.5625,1132300
1996-07-11,38.59355163574219,64.515625,65.6875,63.875,65.5625,1587400
1996-07-12,38.6215934753418,64.5625,64.90625,64.078125,64.625,1312000
1996-07-15,37.481258392333984,62.65625,64.71875,62.65625,64.71875,1951300
1996-07-16,37.5747184753418,62.8125,63.5,60.375,62.84375,4141000
1996-07-17,38.02334976196289,63.5625,64.0,63.0,63.75,1340500
1996-07-18,38.54680633544922,64.4375,64.546875,63.328125,63.75,1432500
1996-07-19,38.26639938354492,63.96875,64.375,63.625,64.28125,1216000
1996-07-22,37.98598861694336,63.5,63.75,63.015625,63.53125,519800
1996-07-23,37.49995040893555,62.6875,63.9375,62.578125,63.59375,1479800
1996-07-24,37.5747184753418,62.8125,63.1875,61.625,61.9375,2463400
1996-07-25,37.91121292114258,63.375,63.5625,63.125,63.4375,1989800
1996-07-26,38.11686325073242,63.71875,63.8125,63.390625,63.5625,642300
1996-07-29,37.69623947143555,63.015625,63.71875,62.9375,63.625,1297900
1996-07-30,38.06074905395508,63.625,63.6875,62.9375,63.4375,1868200
1996-07-31,38.3411865234375,64.09375,64.265625,63.515625,63.671875,767100
1996-08-01,38.97677993774414,65.15625,65.390625,64.0625,64.15625,1168600
1996-08-02,39.8179817199707,66.5625,66.59375,65.75,66.0,1098500
1996-08-05,39.58431243896485,66.171875,66.59375,65.96875,66.578125,710200
1996-08-06,39.70583724975586,66.375,66.515625,65.796875,66.15625,640000
1996-08-07,39.80864715576172,66.546875,66.75,66.125,66.625,917800
1996-08-08,39.74321746826172,66.4375,66.5625,66.1875,66.5625,925100
1996-08-09,39.612361907958984,66.21875,66.765625,66.0625,66.671875,648800
1996-08-12,39.90211868286133,66.703125,66.859375,66.0,66.25,764200
1996-08-13,39.58431243896485,66.171875,66.625,66.0,66.578125,805200
1996-08-14,39.724510192871094,66.40625,66.46875,66.0,66.1875,533800
1996-08-15,39.64975357055664,66.28125,66.625,66.203125,66.234375,632600
1996-08-16,39.98625564575195,66.84375,66.875,66.46875,66.46875,475100
1996-08-19,40.00492858886719,66.875,66.921875,66.625,66.859375,436400
1996-08-20,39.97687530517578,66.828125,66.90625,66.671875,66.890625,645700
1996-08-21,39.836666107177734,66.59375,66.8125,66.375,66.65625,266400
1996-08-22,40.21056365966797,67.21875,67.34375,66.71875,66.75,584800
1996-08-23,39.99558639526367,66.859375,67.203125,66.640625,67.09375,757100
1996-08-26,39.79928207397461,66.53125,66.78125,66.421875,66.703125,784700
1996-08-27,39.94886016845703,66.78125,66.84375,66.5,66.71875,389400
1996-08-28,39.88341522216797,66.671875,67.0,66.65625,66.9375,227600
1996-08-29,39.490848541259766,66.015625,66.59375,65.625,66.59375,680200
1996-08-30,39.07957458496094,65.328125,66.015625,65.125,66.0,1500900
1996-09-03,39.33194351196289,65.75,65.84375,64.375,64.46875,1782000
1996-09-04,39.36933517456055,65.8125,66.75,65.484375,65.75,930200
1996-09-05,38.89265441894531,65.015625,65.765625,65.015625,65.5,616600
1996-09-06,39.44410705566406,65.9375,66.171875,65.140625,65.25,804900
1996-09-09,39.91145324707031,66.71875,66.734375,66.078125,66.1875,719200
1996-09-10,39.89278030395508,66.6875,66.90625,66.375,66.625,669900
1996-09-11,40.11709976196289,67.0625,67.125,66.40625,66.5625,713500
1996-09-12,40.397483825683594,67.53125,67.734375,67.15625,67.25,713300
1996-09-13,41.01439666748047,68.5625,68.625,68.125,68.3125,2008800
1996-09-16,41.1639404296875,68.8125,69.15625,68.5625,68.65625,1220200
1996-09-17,41.07046890258789,68.65625,68.984375,68.234375,68.875,604700
1996-09-18,40.9676628112793,68.484375,68.75,68.21875,68.5625,225500
1996-09-19,41.126564025878906,68.75,68.796875,68.28125,68.375,410000
1996-09-20,41.272438049316406,68.640625,68.78125,68.375,68.59375,948400
1996-09-23,41.2630500793457,68.625,68.75,68.15625,68.46875,466800
1996-09-24,41.2536735534668,68.609375,69.25,68.3125,68.5625,1269800
1996-09-25,41.28183364868164,68.65625,68.9375,68.5,68.9375,1353300
1996-09-26,41.2630500793457,68.625,69.1875,68.390625,68.75,773200
1996-09-27,41.30062103271485,68.6875,68.71875,68.375,68.71875,407600
1996-09-30,41.2630500793457,68.625,69.0625,68.578125,68.78125,578200
1996-10-01,41.488521575927734,69.0,69.046875,68.4375,68.703125,561400
1996-10-02,41.7703857421875,69.46875,69.59375,69.15625,69.25,609000
1996-10-03,41.7327995300293,69.40625,69.53125,69.203125,69.5,342200
1996-10-04,42.296512603759766,70.34375,70.34375,69.5,69.6875,754100
1996-10-07,42.343502044677734,70.421875,70.625,70.25,70.3125,235100
1996-10-08,42.17438888549805,70.140625,70.6875,70.015625,70.453125,386200
1996-10-09,41.84554672241211,69.59375,70.375,69.515625,70.25,528800
1996-10-10,41.76099395751953,69.453125,69.859375,69.375,69.59375,1562200
1996-10-11,42.277706146240234,70.3125,70.3125,69.71875,69.71875,331300
1996-10-14,42.334083557128906,70.40625,70.6875,70.296875,70.3125,201600
1996-10-15,42.277706146240234,70.3125,71.125,69.953125,71.125,776900
1996-10-16,42.48440933227539,70.65625,70.65625,69.9375,70.5,590100
1996-10-17,42.59718322753906,70.84375,71.03125,70.546875,70.875,792500
1996-10-18,42.822608947753906,71.21875,71.3125,70.71875,70.875,695800
1996-10-21,42.76626205444336,71.125,71.625,70.9375,71.28125,879200
1996-10-22,42.46561050415039,70.625,71.078125,70.59375,71.0625,848900
1996-10-23,42.606563568115234,70.859375,70.890625,70.1875,70.46875,735900
1996-10-24,42.240142822265625,70.25,70.984375,70.21875,70.859375,379300
1996-10-25,42.277706146240234,70.3125,70.5625,70.125,70.234375,568300
1996-10-28,41.9958610534668,69.84375,70.734375,69.8125,70.375,975400
1996-10-29,42.334083557128906,70.40625,70.578125,69.703125,70.0625,815900
1996-10-30,42.193138122558594,70.171875,70.625,70.09375,70.625,495400
1996-10-31,42.59718322753906,70.84375,70.875,70.1875,70.265625,726300
1996-11-01,42.44683074951172,70.59375,71.15625,70.265625,70.984375,821300
1996-11-04,42.72868347167969,71.0625,71.0625,70.53125,70.6875,1608400
1996-11-05,42.97294235229492,71.46875,71.796875,71.28125,71.296875,764000
1996-11-06,43.799705505371094,72.84375,72.875,71.53125,71.59375,1665000
1996-11-07,43.90305709838867,73.015625,73.296875,72.53125,72.625,1446300
1996-11-08,44.14734649658203,73.421875,73.4375,72.75,73.03125,1355700
1996-11-11,44.100345611572266,73.34375,73.515625,73.21875,73.25,655900
1996-11-12,43.96882247924805,73.125,73.59375,73.015625,73.546875,719900
1996-11-13,44.16613006591797,73.453125,73.5625,73.015625,73.203125,481900
1996-11-14,44.45737075805664,73.9375,73.9375,73.15625,73.1875,558800
1996-11-15,44.51374816894531,74.03125,74.5,73.71875,74.125,2250900
1996-11-18,44.52313232421875,74.046875,74.25,73.734375,74.171875,1518200
1996-11-19,44.842567443847656,74.578125,74.59375,74.03125,74.140625,1029300
1996-11-20,44.91771697998047,74.703125,75.015625,74.3125,74.5625,730000
1996-11-21,44.85198211669922,74.59375,74.84375,74.375,74.796875,653000
1996-11-22,45.19959259033203,75.171875,75.25,74.703125,74.703125,965100
1996-11-25,45.77267837524414,76.125,76.15625,75.078125,75.25,2058800
1996-11-26,45.622352600097656,75.875,76.6875,75.46875,76.28125,2861800
1996-11-27,45.537818908691406,75.734375,76.1875,75.640625,76.0625,872000
1996-11-29,45.706905364990234,76.015625,76.21875,75.859375,76.0,1073400
1996-12-02,45.725704193115234,76.046875,76.125,75.390625,75.921875,1350600
1996-12-03,44.94590377807617,74.75,76.578125,74.75,76.0625,1777800
1996-12-04,45.06805419921875,74.953125,75.0625,74.09375,74.875,2365100
1996-12-05,44.94590377807617,74.75,75.140625,74.53125,74.84375,1697700
1996-12-06,44.682865142822266,74.3125,74.75,72.65625,73.25,3401800
1996-12-09,45.34050750732422,75.40625,75.421875,74.578125,74.6875,1864600
1996-12-10,45.12442779541016,75.046875,75.671875,74.96875,75.5625,1331600
1996-12-11,44.71104431152344,74.359375,74.625,73.3125,73.625,1847900
1996-12-12,43.96882247924805,73.125,74.875,72.9375,74.78125,2540200
1996-12-13,44.08158493041992,73.3125,73.578125,72.40625,73.0625,1678300
1996-12-16,43.51786804199219,72.375,73.6875,72.0625,73.5,1831100
1996-12-17,43.865478515625,72.953125,73.28125,71.875,72.15625,2023200
1996-12-18,44.21310806274414,73.53125,73.765625,73.265625,73.375,1666800
1996-12-19,45.12442779541016,75.046875,75.125,73.890625,74.1875,2269300
1996-12-20,45.223426818847656,74.84375,75.71875,74.75,75.125,1543200
1996-12-23,45.11014175415039,74.65625,75.203125,74.328125,75.09375,1263700
1996-12-24,45.440574645996094,75.203125,75.203125,74.796875,74.84375,633000
1996-12-26,45.7899169921875,75.78125,75.828125,75.375,75.4375,1384300
1996-12-27,45.8465461730957,75.875,76.03125,75.5,75.78125,410400
1996-12-30,45.45002365112305,75.21875,76.125,75.15625,76.125,694100
1996-12-31,44.619178771972656,73.84375,75.375,73.84375,75.28125,1378100
1997-01-02,44.73250961303711,74.03125,74.375,72.75,74.375,2031900
1997-01-03,45.37449645996094,75.09375,75.125,74.078125,74.375,2123200
1997-01-06,44.97795867919922,74.4375,75.4375,74.3125,75.09375,1374100
1997-01-07,45.52553939819336,75.34375,75.46875,74.125,74.4375,939000
1997-01-08,45.129032135009766,74.6875,75.78125,74.6875,75.75,1802200
1997-01-09,45.50666427612305,75.3125,75.875,74.9375,75.0625,1415700
1997-01-10,45.99762344360352,76.125,76.25,74.25,74.25,2369500
1997-01-13,45.93152618408203,76.015625,76.5,75.640625,76.5,1364600
1997-01-14,46.50745391845703,76.96875,77.390625,76.5,76.6875,2111200
1997-01-15,46.39414596557617,76.78125,77.203125,76.375,76.71875,1583900
1997-01-16,46.5829963684082,77.09375,77.296875,76.5,77.03125,1308400
1997-01-17,46.86621856689453,77.5625,77.75,77.109375,77.203125,1604000
1997-01-20,46.92285919189453,77.65625,78.09375,77.46875,77.75,1889900
1997-01-21,47.30050277709961,78.28125,78.546875,77.109375,77.375,2785800
1997-01-22,47.640377044677734,78.84375,78.84375,77.875,78.3125,1201600
1997-01-23,46.97951126098633,77.75,79.6875,76.90625,79.0625,2601100
1997-01-24,46.37525177001953,76.75,77.90625,76.75,77.875,2176000
1997-01-27,46.24308013916016,76.53125,77.234375,76.375,76.875,2108500
1997-01-28,46.37525177001953,76.75,77.84375,76.0,77.625,4376000
1997-01-29,46.82844543457031,77.5,77.5,76.59375,76.875,1122700
1997-01-30,47.43269729614258,78.5,78.53125,77.40625,77.875,2126300
1997-01-31,47.37603759765625,78.40625,79.40625,78.375,78.9375,3208100
1997-02-03,47.51765823364258,78.640625,78.890625,78.359375,78.71875,755000
1997-02-04,47.810325622558594,79.125,79.203125,78.4375,78.75,654100
1997-02-05,46.91340255737305,77.640625,79.46875,77.125,79.234375,2255400
1997-02-06,47.224979400634766,78.15625,78.203125,77.40625,77.78125,2483100
1997-02-07,47.86698532104492,79.21875,79.25,77.78125,78.8125,2321000
1997-02-10,47.41380310058594,78.46875,79.53125,78.421875,79.25,1670000
1997-02-11,47.96138000488281,79.375,79.375,78.125,78.78125,1664300
1997-02-12,48.64113998413086,80.5,80.640625,79.265625,79.375,2675400
1997-02-13,49.16987609863281,81.375,81.5625,80.6875,80.8125,1104800
1997-02-14,49.05657196044922,81.1875,81.46875,80.90625,81.1875,1112900
1997-02-18,49.47200775146485,81.875,81.9375,80.75,81.34375,833100
1997-02-19,49.14154815673828,81.328125,82.0,81.15625,81.65625,648100
1997-02-20,48.54674530029297,80.34375,81.359375,80.15625,81.03125,1193900
1997-02-21,48.56563186645508,80.375,80.765625,80.140625,80.40625,1844400
1997-02-24,49.14154815673828,81.328125,81.375,79.96875,79.96875,787300
1997-02-25,49.17931365966797,81.390625,81.53125,80.875,81.40625,1653900
1997-02-26,48.69782257080078,80.59375,81.4375,79.625,81.3125,1597800
1997-02-27,47.97080612182617,79.390625,80.8125,79.375,80.8125,1813100
1997-02-28,47.8292350769043,79.15625,79.875,79.0625,79.25,2961200
1997-03-03,48.15021133422851,79.6875,79.75,78.6875,78.75,1210400
1997-03-04,47.88587951660156,79.25,80.125,79.09375,79.90625,1478700
1997-03-05,48.69782257080078,80.59375,80.59375,79.453125,79.71875,1254800
1997-03-06,48.41456985473633,80.125,80.90625,79.875,80.625,1528500
1997-03-07,48.84886932373047,80.84375,81.15625,80.25,80.4375,1859300
1997-03-10,49.35872268676758,81.6875,81.6875,80.546875,80.9375,1074900
1997-03-11,49.09432220458984,81.25,81.796875,81.25,81.75,624600
1997-03-12,48.66004180908203,80.53125,81.34375,80.296875,81.3125,1055600
1997-03-13,47.90475082397461,79.28125,80.46875,79.0625,80.25,2514100
1997-03-14,48.15021133422851,79.6875,80.03125,79.25,79.640625,1642700
1997-03-17,48.28236770629883,79.90625,80.03125,78.4375,79.25,3013500
1997-03-18,47.76313781738281,79.046875,80.109375,78.71875,80.0,1352500
1997-03-19,47.6026496887207,78.78125,79.5,78.0625,78.84375,1510000
1997-03-20,47.35714340209961,78.375,79.0,77.875,78.75,1808200
1997-03-21,47.576416015625,78.4375,78.75,78.34375,78.6875,2810600
1997-03-24,48.2398681640625,79.53125,79.578125,78.09375,78.5,2145600
1997-03-25,47.76595687866211,78.75,79.96875,78.53125,79.34375,2125800
1997-03-26,47.97446823120117,79.09375,79.65625,78.6875,79.0625,1335300
1997-03-27,46.704498291015625,77.0,79.375,76.15625,79.375,2898500
1997-03-31,45.71886444091797,75.375,77.125,75.25,76.90625,4270700
1997-04-01,46.01264953613281,75.859375,76.1875,75.046875,75.25,3210900
1997-04-02,45.188133239746094,74.5,75.9375,74.4375,75.625,2672700
1997-04-03,45.43453598022461,74.90625,75.125,74.1875,74.4375,2284200
1997-04-04,46.00320816040039,75.84375,75.859375,74.15625,74.5,3706700
1997-04-07,46.183258056640625,76.140625,76.625,76.140625,76.1875,2596200
1997-04-08,46.51495742797851,76.6875,76.78125,75.84375,76.125,1822700
1997-04-09,46.1358528137207,76.0625,77.046875,75.84375,77.0,2453200
1997-04-10,45.96526336669922,75.78125,76.546875,75.6875,76.09375,1996500
1997-04-11,44.5057487487793,73.375,75.3125,73.375,75.0625,4221600
1997-04-14,45.10284423828125,74.359375,74.453125,73.3125,73.734375,3988500
1997-04-15,45.8704948425293,75.625,75.640625,74.5,75.25,2760400
1997-04-16,46.401214599609375,76.5,76.609375,75.25,75.375,2273300
1997-04-17,46.211673736572266,76.1875,77.0,76.0,76.5,1386000
1997-04-18,46.43913269042969,76.5625,76.984375,76.25,76.8125,1702100
1997-04-21,46.1358528137207,76.0625,76.90625,75.46875,76.75,2809400
1997-04-22,47.14993667602539,77.734375,77.734375,76.0,76.109375,3215000
1997-04-23,47.19733428955078,77.8125,78.03125,77.1875,77.65625,2047700
1997-04-24,46.96038436889648,77.421875,78.28125,76.875,78.046875,2689900
1997-04-25,46.42018508911133,76.53125,77.203125,76.421875,77.0625,1606200
1997-04-28,46.87510299682617,77.28125,77.8125,76.375,76.5,1666500
1997-04-29,48.35358428955078,79.71875,79.78125,78.296875,78.59375,3197400
1997-04-30,48.58102798461914,80.09375,80.6875,79.21875,79.25,3372200
1997-05-01,48.524166107177734,80.0,80.53125,79.3125,80.21875,2149500
1997-05-02,49.39608383178711,81.4375,81.671875,80.0625,80.28125,1448300
1997-05-05,50.57127380371094,83.375,83.5625,81.296875,81.65625,3636200
1997-05-06,50.53335952758789,83.3125,83.46875,82.5,82.96875,1721100
1997-05-07,49.43399429321289,81.5,83.0,81.40625,83.0,2327200
1997-05-08,49.77518081665039,82.0625,83.21875,81.1875,81.3125,2923700
1997-05-09,50.11635971069336,82.625,83.125,81.65625,82.96875,2558200
1997-05-12,50.950382232666016,84.0,84.25,82.875,82.9375,2357900
1997-05-13,50.741844177246094,83.65625,84.09375,83.015625,83.9375,1195100
1997-05-14,50.83661651611328,83.8125,84.5,83.4375,84.234375,2772000
1997-05-15,51.17784118652344,84.375,84.59375,83.515625,83.8125,884100
1997-05-16,50.47648239135742,83.21875,84.3125,83.0,84.125,1934200
1997-05-19,50.62813186645508,83.46875,83.90625,83.0625,83.3125,1375800
1997-05-20,51.23470687866211,84.46875,84.6875,82.75,83.28125,1756400
1997-05-21,51.120967864990234,84.28125,84.984375,83.65625,84.6875,1208000
1997-05-22,50.950382232666016,84.0,84.46875,83.5625,84.375,907600
1997-05-23,51.424217224121094,84.78125,85.21875,84.15625,84.375,644400
1997-05-27,51.63272857666016,85.125,85.53125,84.265625,84.375,1531000
1997-05-28,51.62325668334961,85.109375,85.453125,84.515625,85.125,716700
1997-05-29,51.31998443603515,84.609375,85.25,84.5,85.09375,1282700
1997-05-30,51.65168762207031,85.15625,85.5625,83.125,83.21875,2143300
1997-06-02,51.424217224121094,84.78125,85.5,84.71875,85.34375,1479100
1997-06-03,51.253639221191406,84.5,85.4375,84.34375,84.40625,1562100
1997-06-04,51.19677734375,84.40625,84.75,84.078125,84.53125,1063100
1997-06-05,51.38633346557617,84.71875,85.3125,84.421875,84.59375,1180800
1997-06-06,52.39094543457031,86.375,86.4375,84.59375,84.59375,1511100
1997-06-09,52.656288146972656,86.8125,86.875,86.34375,86.4375,1823400
1997-06-10,52.81741714477539,87.078125,87.40625,86.5,86.84375,1217500
1997-06-11,52.94059753417969,87.28125,87.40625,86.828125,87.0,1673800
1997-06-12,53.96419906616211,88.96875,89.0,87.5625,87.875,4273300
1997-06-13,54.419063568115234,89.71875,90.0,88.90625,89.0625,2132900
1997-06-16,54.43805313110352,89.75,90.0,89.46875,89.75,800400
1997-06-17,54.36223983764648,89.625,90.234375,88.9375,89.4375,2048100
1997-06-18,54.17267990112305,89.3125,89.625,88.96875,89.125,1971900
1997-06-19,54.73186111450195,90.234375,90.5,89.375,89.609375,2029900
1997-06-20,54.54534530639648,89.578125,90.34375,89.5,89.9375,1396900
1997-06-23,53.222877502441406,87.40625,89.90625,87.34375,89.40625,3991500
1997-06-24,54.573875427246094,89.625,89.875,88.0,88.25,4895100
1997-06-25,54.193336486816406,89.0,90.25,87.9375,89.484375,4708900
1997-06-26,53.92693710327149,88.5625,89.625,87.6875,88.84375,2569900
1997-06-27,54.13621139526367,88.90625,89.71875,88.6875,88.96875,2617900
1997-06-30,53.77470397949219,88.3125,89.46875,87.875,88.90625,2384900
1997-07-01,54.402626037597656,89.34375,89.5625,88.390625,88.5,1749000
1997-07-02,55.2970085144043,90.8125,90.8125,89.21875,89.5625,1961800
1997-07-03,56.05812072753906,92.0625,92.15625,91.46875,91.875,2539100
1997-07-07,55.487281799316406,91.125,92.5,90.90625,92.375,1158600
1997-07-08,56.067657470703125,92.078125,92.1875,91.1875,91.25,3396500
1997-07-09,55.44919204711914,91.0625,92.375,90.03125,92.3125,5390300
1997-07-10,55.69659423828125,91.46875,91.84375,90.484375,91.125,2072200
1997-07-11,55.8868522644043,91.78125,92.1875,91.375,91.59375,2258900
1997-07-14,56.05812072753906,92.0625,92.3125,91.21875,91.890625,3186400
1997-07-15,56.343544006347656,92.53125,92.765625,91.46875,92.3125,2983100
1997-07-16,57.08567810058594,93.75,94.09375,92.890625,93.125,2621300
1997-07-17,56.80025100708008,93.28125,93.8125,92.78125,93.625,1794800
1997-07-18,55.59192657470703,91.296875,93.21875,91.0625,93.015625,3961900
1997-07-21,55.601444244384766,91.3125,91.59375,90.6875,91.28125,3810300
1997-07-22,57.076133728027344,93.734375,93.796875,91.625,91.6875,4243400
1997-07-23,57.028564453125,93.65625,94.484375,93.53125,93.9375,3204300
1997-07-24,57.29497528076172,94.09375,94.265625,92.6875,93.9375,4152700
1997-07-25,57.256927490234375,94.03125,94.8125,93.625,94.5625,2364800
1997-07-28,57.21887969970703,93.96875,94.5625,93.5,94.25,2794700
1997-07-29,57.409149169921875,94.28125,94.46875,93.421875,93.625,2737100
1997-07-30,58.094207763671875,95.40625,95.625,94.40625,94.5,4839800
1997-07-31,58.03709030151367,95.3125,96.03125,95.03125,95.40625,2138700
1997-08-01,57.80877685546875,94.9375,95.71875,93.8125,95.5,7077700
1997-08-04,57.960968017578125,95.1875,95.546875,94.40625,94.78125,2339500
1997-08-05,57.99906539916992,95.25,95.6875,94.90625,95.09375,1466700
1997-08-06,58.474735260009766,96.03125,96.53125,95.0625,95.4375,2478200
1997-08-07,58.03709030151367,95.3125,96.625,95.125,96.5,3641900
1997-08-08,56.857330322265625,93.375,94.75,92.40625,94.3125,7113100
1997-08-11,57.27597427368164,94.0625,94.28125,92.625,93.75,6355900
1997-08-12,56.362606048583984,92.5625,94.546875,92.46875,94.21875,6132500
1997-08-13,56.19133377075195,92.28125,93.84375,91.46875,93.6875,6982300
1997-08-14,56.400657653808594,92.625,93.3125,91.71875,93.09375,3462700
1997-08-15,54.6690559387207,89.78125,92.125,89.625,92.125,4907100
1997-08-18,55.8868522644043,91.78125,91.78125,89.34375,90.375,5638900
1997-08-19,56.53386306762695,92.84375,92.90625,91.53125,92.21875,3802800
1997-08-20,57.3901252746582,94.25,94.3125,92.609375,92.9375,3564600
1997-08-21,56.38156509399414,92.59375,94.25,92.09375,94.125,5392600
1997-08-22,56.362606048583984,92.5625,92.734375,90.5625,91.0,8087800
1997-08-25,56.15325927734375,92.21875,93.40625,91.84375,92.78125,3888000
1997-08-26,55.32552337646485,90.859375,92.5625,90.703125,92.0,4290000
1997-08-27,55.65851974487305,91.40625,91.96875,90.40625,91.0,5484300
1997-08-28,54.81174087524414,90.015625,91.9375,90.0,91.1875,4287900
1997-08-29,55.03059005737305,90.375,91.109375,89.71875,90.125,2652300
1997-09-02,56.81924819946289,93.3125,93.359375,90.59375,90.6875,7294000
1997-09-03,56.514801025390625,92.8125,94.0,92.75,93.296875,2812500
1997-09-04,56.876346588134766,93.40625,93.71875,92.75,93.0625,2473700
1997-09-05,56.71461868286133,93.140625,94.4375,92.59375,93.96875,3663300
1997-09-08,56.96195983886719,93.546875,94.0,93.3125,93.71875,803500
1997-09-09,56.990516662597656,93.59375,94.28125,92.90625,93.21875,1885200
1997-09-10,55.81076431274414,91.65625,93.5,91.65625,93.125,3623700
1997-09-11,55.52534103393555,91.1875,91.90625,90.25,91.78125,7055900
1997-09-12,56.41969299316406,92.65625,92.96875,90.9375,92.0,6708000
1997-09-15,56.32455062866211,92.5,93.3125,92.1875,92.65625,2060500
1997-09-16,57.73263931274414,94.8125,95.28125,93.03125,93.3125,6979000
1997-09-17,57.73263931274414,94.8125,95.5,94.5,95.375,2220000
1997-09-18,57.980010986328125,95.21875,96.375,94.96875,95.0,5045400
1997-09-19,58.07810592651367,95.03125,95.359375,94.40625,94.65625,1566400
1997-09-22,58.40275573730469,95.5625,96.203125,95.21875,95.5,3259000
1997-09-23,58.13541030883789,95.125,95.703125,94.75,95.5625,1872800
1997-09-24,57.657955169677734,94.34375,96.109375,94.28125,95.375,2793100
1997-09-25,57.256866455078125,93.6875,94.75,93.625,94.25,6327800
1997-09-26,57.73434066772461,94.46875,94.8125,94.1875,94.4375,3995800
1997-09-29,58.28818130493164,95.375,95.5625,94.15625,94.5,2065000
1997-09-30,57.677059173583984,94.375,95.6875,94.375,95.0,4137600
1997-10-01,58.44095993041992,95.625,95.8125,94.78125,95.25,3567500
1997-10-02,58.76564025878906,96.15625,96.1875,95.3125,95.53125,2577500
1997-10-03,59.06168746948242,96.640625,97.75,95.34375,97.46875,6499900
1997-10-06,59.453182220458984,97.28125,97.609375,96.90625,97.3125,2272100
1997-10-07,60.00705337524414,98.1875,98.5,97.203125,97.53125,1832800
1997-10-08,59.58690643310547,97.5,98.375,96.734375,98.359375,4439400
1997-10-09,59.37680435180664,97.15625,97.609375,96.21875,96.78125,3607600
1997-10-10,59.20489501953125,96.875,96.984375,96.25,96.3125,2858100
1997-10-13,59.262203216552734,96.96875,97.546875,96.71875,97.34375,1760300
1997-10-14,59.281272888183594,97.0,97.5,96.1875,97.46875,2235700
1997-10-15,59.147613525390625,96.78125,97.0625,96.28125,96.3125,2601700
1997-10-16,58.21177291870117,95.25,97.5,95.0,97.3125,9488100
1997-10-17,57.61973571777344,94.28125,95.375,93.0,95.015625,8151300
1997-10-20,58.44095993041992,95.625,95.75,94.15625,94.84375,3636400
1997-10-21,59.57734298706055,97.484375,97.5,96.03125,96.21875,5225400
1997-10-22,59.18577575683594,96.84375,97.390625,96.53125,97.34375,4485200
1997-10-23,58.02080154418945,94.9375,95.75,94.28125,94.9375,8054100
1997-10-24,57.447853088378906,94.0,96.15625,93.671875,96.15625,6778700
1997-10-27,53.2844352722168,87.1875,93.9375,86.84375,93.015625,10840700
1997-10-28,56.35923767089844,92.21875,92.875,84.375,84.375,19548000
1997-10-29,56.20645904541016,91.96875,93.75,91.28125,92.5,10134400
1997-10-30,54.96504592895508,89.9375,92.5625,89.75,90.625,9772900
1997-10-31,56.263729095458984,92.0625,92.5,90.4375,91.8125,7072700
1997-11-03,57.447853088378906,94.0,94.375,92.875,93.1875,5548500
1997-11-04,57.447853088378906,94.0,94.4375,93.28125,93.875,3455700
1997-11-05,57.63884735107422,94.3125,95.28125,93.84375,94.1875,4774900
1997-11-06,57.419212341308594,93.953125,94.34375,93.5,94.03125,3679800
1997-11-07,56.79853439331055,92.9375,93.25,91.4375,92.375,10606800
1997-11-10,56.45475387573242,92.375,93.84375,92.0,93.625,4347900
1997-11-11,56.47385025024414,92.40625,93.0625,92.03125,92.6875,3212400
1997-11-12,55.308837890625,90.5,92.71875,90.375,91.625,6775300
1997-11-13,56.11096954345703,91.8125,92.15625,90.09375,91.46875,8589600
1997-11-14,56.8748893737793,93.0625,93.390625,91.609375,92.3125,5827900
1997-11-17,57.925289154052734,94.78125,95.3125,94.03125,94.375,5149900
1997-11-18,57.56249237060547,94.1875,95.09375,93.890625,94.8125,3433600
1997-11-19,57.84893035888672,94.65625,95.0625,92.75,93.6875,4387900
1997-11-20,58.7274169921875,96.09375,96.53125,95.28125,95.3125,4822700
1997-11-21,59.128509521484375,96.75,96.8125,95.65625,96.625,5436500
1997-11-24,58.05901718139648,95.0,96.34375,94.625,96.0,4337200
1997-11-25,58.21177291870117,95.25,95.8125,94.65625,95.625,4525000
1997-11-26,58.38364791870117,95.53125,95.984375,95.3125,95.875,2681100
1997-11-28,58.44095993041992,95.625,96.25,95.59375,95.75,1564700
1997-12-01,59.94975662231445,98.09375,98.09375,96.03125,96.21875,4850900
1997-12-02,59.58690643310547,97.5,97.984375,97.25,97.6875,1974900
1997-12-03,59.758731842041016,97.78125,98.53125,96.875,97.625,3302500
1997-12-04,59.70146942138672,97.6875,98.71875,97.375,98.5,2872500
1997-12-05,60.46541976928711,98.9375,99.0,97.125,97.375,3458800
1997-12-08,60.29350280761719,98.65625,99.0,98.25,98.96875,2289200
1997-12-09,59.93059539794922,98.0625,98.59375,97.625,98.21875,1703000
1997-12-10,59.41497421264648,97.21875,97.84375,96.46875,97.5625,3558400
1997-12-11,58.40275573730469,95.5625,96.59375,95.3125,96.3125,5072800
1997-12-12,58.51737976074219,95.75,96.5,94.90625,96.4375,4478400
1997-12-15,59.10940170288086,96.71875,97.109375,95.875,96.25,4674700
1997-12-16,59.4722900390625,97.3125,97.8125,96.875,97.21875,2885800
1997-12-17,59.16668319702149,96.8125,97.875,96.703125,97.84375,2236300
1997-12-18,58.5937385559082,95.875,96.9375,95.21875,96.9375,4658300
1997-12-19,58.155792236328125,94.78125,95.875,92.375,94.53125,8556000
1997-12-22,58.52971267700195,95.390625,95.90625,94.5625,95.4375,5136800
1997-12-23,57.48472213745117,93.6875,95.625,93.53125,95.4375,4436500
1997-12-24,57.31214141845703,93.40625,94.4375,93.25,94.4375,2019200
1997-12-26,57.54224395751953,93.78125,94.125,93.40625,94.125,941800
1997-12-29,58.67351913452149,95.625,95.71875,94.4375,94.59375,2080000
1997-12-30,59.59388732910156,97.125,97.25,95.84375,95.9375,3616000
1997-12-31,59.55554962158203,97.0625,97.625,96.6875,96.875,4359500
1998-01-02,59.8623161315918,97.5625,97.65625,96.53125,97.3125,2360900
1998-01-05,59.99652099609375,97.78125,98.4375,96.78125,97.84375,4191800
1998-01-06,59.037841796875,96.21875,97.28125,96.1875,97.25,3154900
1998-01-07,59.19122695922851,96.46875,96.71875,95.21875,96.09375,4424200
1998-01-08,58.67351913452149,95.625,96.3125,95.375,96.3125,3831000
1998-01-09,56.64103317260742,92.3125,95.5,91.90625,95.25,10258800
1998-01-12,57.67644119262695,94.0,94.1875,90.90625,91.125,12097900
1998-01-13,58.48176574707031,95.3125,95.375,94.21875,94.625,5224900
1998-01-14,58.7502326965332,95.75,95.96875,94.71875,95.6875,3770400
1998-01-15,58.261268615722656,94.953125,95.75,94.8125,95.5,2875400
1998-01-16,59.09537124633789,96.3125,96.6875,95.65625,96.25,4374800
1998-01-20,60.05410385131836,97.875,98.015625,96.5,96.6875,5091700
1998-01-21,59.4788818359375,96.9375,97.6875,96.15625,97.21875,4699400
1998-01-22,58.951560974121094,96.078125,96.875,95.875,96.15625,4543400
1998-01-23,58.865272521972656,95.9375,96.78125,95.0,96.5,6350300
1998-01-26,58.82687759399414,95.875,96.734375,95.40625,96.375,4362900
1998-01-27,59.42130661010742,96.84375,97.5,95.65625,95.8125,7044200
1998-01-28,59.958221435546875,97.71875,98.109375,97.1875,97.40625,4268600
1998-01-29,60.28416442871094,98.25,99.5625,97.5625,97.84375,8007700
1998-01-30,60.3225212097168,98.3125,98.96875,98.0,98.78125,3649100
1998-02-02,61.31959915161133,99.9375,100.5,99.75,99.90625,5756300
1998-02-03,61.779762268066406,100.6875,100.8125,99.71875,100.0,2759600
1998-02-04,61.70307540893555,100.5625,101.15625,99.9375,100.28125,3374000
1998-02-05,61.66471862792969,100.5,101.59375,100.03125,101.3125,5076200
1998-02-06,62.35496139526367,101.625,101.625,100.6875,101.0,5701200
1998-02-09,62.14409255981445,101.28125,101.75,100.71875,101.71875,2322200
1998-02-10,62.73849105834961,102.25,102.46875,101.1875,101.4375,3660400
1998-02-11,62.68097686767578,102.15625,102.34375,101.703125,102.09375,4073200
1998-02-12,62.94939422607422,102.59375,102.9375,100.875,101.71875,5024700
1998-02-13,62.585105895996094,102.0,102.515625,101.875,102.1875,2101300
1998-02-17,62.89186477661133,102.5,103.09375,102.15625,102.8125,3055500
1998-02-18,63.46712875366211,103.4375,103.484375,102.28125,102.3125,3007400
1998-02-19,63.13153076171875,102.890625,103.40625,102.75,103.25,3387800
1998-02-20,63.60136795043945,103.65625,103.71875,102.375,103.15625,3707000
1998-02-23,63.85061264038086,104.0625,104.25,103.34375,104.25,3227800
1998-02-24,63.35205078125,103.25,104.09375,102.9375,103.90625,3386800
1998-02-25,64.13819122314453,104.53125,104.875,103.625,103.75,3481800
1998-02-26,64.50251770019531,105.125,105.21875,104.1875,104.4375,3187600
1998-02-27,64.50251770019531,105.125,105.53125,104.53125,104.96875,3442900
1998-03-02,64.3682632446289,104.90625,105.75,104.625,105.25,4252300
1998-03-03,64.73260498046875,105.5,105.625,104.53125,104.53125,3349200
1998-03-04,64.31082153320312,104.8125,105.40625,104.4375,105.09375,4404100
1998-03-05,63.71636199951172,103.84375,104.4375,103.15625,103.5,7268000
1998-03-06,65.00109100341797,105.9375,105.9375,104.4375,104.5625,6896300
1998-03-09,64.77095794677734,105.5625,106.21875,105.25,105.53125,3362800
1998-03-10,65.38452911376953,106.5625,106.84375,105.9375,106.21875,5481900
1998-03-11,65.69133758544922,107.0625,107.3125,106.78125,106.96875,3439600
1998-03-12,65.95974731445312,107.5,107.59375,106.5,107.09375,3191300
1998-03-13,65.71051788330078,107.09375,108.0,106.875,107.84375,2879400
1998-03-16,66.41996002197266,108.25,108.375,107.53125,107.84375,3223600
1998-03-17,66.61170196533203,108.5625,108.5625,107.65625,108.3125,4581900
1998-03-18,66.8609390258789,108.96875,108.96875,108.03125,108.25,1944100
1998-03-19,67.03350067138672,109.25,109.375,108.65625,108.96875,2554800
1998-03-20,67.6107177734375,109.875,110.1875,108.875,109.5625,3123300
1998-03-23,67.45687866210938,109.625,110.3125,109.40625,109.71875,4453100
1998-03-24,68.03377532958984,110.5625,110.8125,109.9375,110.0625,3333600
1998-03-25,67.78382110595703,110.15625,111.53125,109.1875,111.40625,4597600
1998-03-26,67.74532318115234,110.09375,110.75,109.625,109.875,3333500
1998-03-27,67.45687866210938,109.625,110.78125,109.0,110.75,2611300
1998-03-30,67.41842651367188,109.5625,110.09375,108.96875,109.625,3108700
1998-03-31,67.649169921875,109.9375,111.1875,109.75,110.15625,5926500
1998-04-01,68.19723510742188,110.828125,111.078125,109.40625,110.3125,2929000
1998-04-02,68.93754577636719,112.03125,112.25,110.75,110.9375,3920900
1998-04-03,69.28370666503906,112.59375,112.8125,111.84375,112.34375,3787600
1998-04-06,68.72602844238281,111.6875,113.375,111.6875,113.25,4550500
1998-04-07,68.2645263671875,110.9375,111.9375,110.15625,111.75,5583700
1998-04-08,67.87992858886719,110.3125,111.28125,109.75,111.21875,4854800
1998-04-09,68.41836547851562,111.1875,111.28125,110.53125,110.5625,4481200
1998-04-13,68.22607421875,110.875,111.375,110.0,111.375,4350200
1998-04-14,68.80296325683594,111.8125,111.8125,110.90625,111.125,3279100
1998-04-15,68.99525451660156,112.125,112.125,111.15625,111.96875,3867200
1998-04-16,68.18761444091797,110.8125,111.5,110.5,111.3125,7177900
1998-04-17,69.09142303466797,112.28125,112.4375,110.4375,110.71875,5688800
1998-04-20,69.07218170166016,112.25,112.5625,111.875,112.0,3688300
1998-04-21,69.39909362792969,112.78125,113.15625,111.90625,112.4375,4573200
1998-04-22,69.59136199951172,113.09375,113.4375,112.8125,112.875,2386100
1998-04-23,68.91837310791016,112.0,113.0,111.75,112.625,5062000
1998-04-24,68.18761444091797,110.8125,112.46875,110.34375,111.75,11039700
1998-04-27,66.89922332763672,108.71875,109.6875,107.625,109.375,14510200
1998-04-28,66.8030776977539,108.5625,109.8125,108.125,109.78125,6511400
1998-04-29,67.26459503173828,109.3125,109.96875,108.4375,109.03125,7703100
1998-04-30,68.51448059082031,111.34375,111.921875,110.40625,110.5625,8684500
1998-05-01,69.28370666503906,112.59375,112.59375,111.3125,111.75,4008800
1998-05-04,69.11064147949219,112.3125,113.3125,112.15625,112.71875,4537200
1998-05-05,68.6299057006836,111.53125,112.15625,111.125,112.0,5146400
1998-05-06,67.8222427368164,110.21875,112.125,110.1875,112.125,5526100
1998-05-07,67.28385925292969,109.34375,110.5625,109.34375,110.5,6940400
1998-05-08,68.3799057006836,111.125,111.375,110.0,110.0,7951000
1998-05-11,68.1491470336914,110.75,112.21875,110.375,111.5625,6336300
1998-05-12,68.8798599243164,111.9375,111.96875,110.34375,110.8125,6045200
1998-05-13,69.05291748046875,112.21875,112.5625,111.59375,112.0625,4441500
1998-05-14,68.70675659179688,111.65625,112.6875,111.34375,111.53125,4187500
1998-05-15,68.3222427368164,111.03125,112.21875,110.8125,112.0,6716100
1998-05-18,68.05303192138672,110.59375,111.59375,109.828125,110.71875,4847200
1998-05-19,68.51448059082031,111.34375,111.6875,110.78125,111.0,5918700
1998-05-20,69.16830444335938,112.40625,112.5,110.875,112.09375,5716600
1998-05-21,68.72602844238281,111.6875,112.78125,111.3125,112.375,6301500
1998-05-22,68.45683288574219,111.25,112.0625,110.9375,111.75,4862200
1998-05-26,67.36072540283203,109.46875,112.09375,109.1875,112.09375,6899300
1998-05-27,67.45687866210938,109.625,109.90625,107.578125,108.53125,10202600
1998-05-28,67.76457977294922,110.125,110.375,109.0625,109.875,4907600
1998-05-29,67.091552734375,109.03125,110.8125,109.03125,110.625,4772600
1998-06-01,67.39920043945312,109.53125,110.21875,108.5625,108.96875,6092200
1998-06-02,67.45687866210938,109.625,110.34375,109.15625,110.0,6701100
1998-06-03,66.38006591796875,107.875,110.1875,107.875,109.875,6445100
1998-06-04,67.6107177734375,109.875,110.0625,108.0625,108.25,6566300
1998-06-05,68.91837310791016,112.0,112.0,109.875,110.375,8463200
1998-06-08,68.84140014648438,111.875,112.46875,111.65625,111.9375,4159900
1998-06-09,69.05291748046875,112.21875,112.421875,111.40625,111.71875,2725300
1998-06-10,68.61067962646484,111.5,113.0625,111.25,111.625,6186900
1998-06-11,67.32225799560547,109.40625,111.875,109.375,111.4375,8056600
1998-06-12,67.95685577392578,110.4375,110.4375,108.25,109.875,9779000
1998-06-15,66.16853332519531,107.53125,109.90625,107.5,108.8125,10234200
1998-06-16,67.18767547607422,109.1875,109.21875,107.75,108.40625,7471500
1998-06-17,68.59141540527344,111.46875,111.78125,109.9375,110.15625,12057700
1998-06-18,68.28375244140625,110.96875,111.4375,110.75,111.1875,3844600
1998-06-19,67.94161987304688,110.0625,111.234375,109.625,111.0625,3549100
1998-06-22,68.26957702636719,110.59375,111.0625,110.0625,110.25,5438300
1998-06-23,69.07978820800781,111.90625,112.0625,111.0,111.09375,5004600
1998-06-24,70.00572967529297,113.40625,113.6875,111.609375,112.15625,8291900
1998-06-25,69.88997650146484,113.21875,114.4375,112.8125,113.90625,5854800
1998-06-26,70.17932891845703,113.6875,113.84375,113.125,113.3125,4833100
1998-06-29,70.4301528930664,114.09375,114.6875,113.796875,114.25,5953400
1998-06-30,69.94783020019531,113.3125,114.1875,113.0625,113.90625,4284800
1998-07-01,70.75804138183594,114.625,114.9375,113.625,114.0625,3489500
1998-07-02,70.89306640625,114.84375,114.875,114.25,114.71875,3503900
1998-07-06,71.60684204101562,116.0,116.0,114.5625,114.78125,3144400
1998-07-07,71.4718017578125,115.78125,116.125,115.28125,115.984375,4920700
1998-07-08,71.99264526367188,116.625,116.9375,115.75,115.875,6875000
1998-07-09,71.5103988647461,115.84375,116.71875,115.625,116.28125,6942500
1998-07-10,71.89617156982422,116.46875,116.9375,115.0625,116.03125,7849700
1998-07-13,71.91549682617188,116.5,116.84375,116.0625,116.5625,6555100
1998-07-14,72.72569274902344,117.8125,118.15625,116.9375,116.9375,6983600
1998-07-15,72.59069061279297,117.59375,118.28125,117.53125,118.0625,4977500
1998-07-16,73.09223175048828,118.40625,118.59375,117.0625,117.6875,6315600
1998-07-17,73.18867492675781,118.5625,119.0,118.3125,118.625,3539500
1998-07-20,73.18867492675781,118.5625,119.234375,117.9375,118.75,2338400
1998-07-21,71.91549682617188,116.5,119.0,116.28125,119.0,5518600
1998-07-22,71.91549682617188,116.5,116.984375,115.53125,116.34375,10417300
1998-07-23,70.488037109375,114.1875,116.59375,113.90625,116.3125,15110900
1998-07-24,70.4301528930664,114.09375,115.09375,112.875,114.96875,11540500
1998-07-27,70.93170166015625,114.90625,115.0,112.84375,113.625,9600000
1998-07-28,69.73565673828125,112.96875,114.65625,111.875,114.4375,13693000
1998-07-29,69.46556854248047,112.53125,114.125,112.25,113.71875,7462400
1998-07-30,70.50728607177734,114.21875,114.59375,113.40625,113.625,6821600
1998-07-31,69.00261688232422,111.78125,114.5,111.3125,114.34375,7680500
1998-08-03,68.7132339477539,111.3125,112.421875,111.03125,111.78125,10486500
1998-08-04,66.05115509033203,107.0,112.21875,107.0,112.21875,15091600
1998-08-05,66.95775604248047,108.46875,108.875,105.59375,107.9375,21718400
1998-08-06,67.24714660644531,108.9375,109.5,107.5625,108.125,13084400
1998-08-07,67.36287689208984,109.125,110.59375,108.46875,109.6875,12083800
1998-08-10,66.97709655761719,108.5,109.65625,108.1875,108.75,6273000
1998-08-11,65.97396087646484,106.875,107.4375,105.5,106.78125,14287100
1998-08-12,67.09280395507812,108.6875,108.875,107.5,107.75,11158400
1998-08-13,66.28260040283203,107.375,109.65625,107.375,108.8125,9073900
1998-08-14,65.5110092163086,106.125,108.71875,105.78125,108.34375,8628500
1998-08-17,66.89991760253906,108.375,108.9375,105.5,106.0,11290000
1998-08-18,68.13451385498047,110.375,110.59375,108.78125,109.0,7603900
1998-08-19,67.96089935302734,110.09375,111.09375,109.625,111.09375,6258600
1998-08-20,67.55581665039062,109.4375,110.40625,109.15625,109.6875,7402800
1998-08-21,67.01564025878906,108.5625,108.71875,105.5,108.1875,16685400
1998-08-24,67.44005584716797,109.25,109.9375,108.3125,109.25,7201700
1998-08-25,67.59439086914062,109.5,111.25,108.640625,110.375,9688300
1998-08-26,67.20858764648438,108.875,109.625,107.75,108.28125,9339700
1998-08-27,64.04490661621094,103.75,107.5625,103.46875,107.0,24887800
1998-08-28,63.81342697143555,103.375,105.71875,102.15625,104.96875,23735900
1998-08-31,59.260841369628906,96.0,104.015625,95.0,103.75,22563100
1998-09-01,61.768611907958984,100.0625,100.5625,93.625,96.0625,24748500
1998-09-02,61.324928283691406,99.34375,101.75,98.78125,99.8125,13843200
1998-09-03,60.84265899658203,98.5625,99.375,96.75,97.625,17311300
1998-09-04,60.341121673583984,97.75,99.8125,95.75,99.4375,17783800
1998-09-08,63.5819206237793,103.0,103.0,99.8125,100.875,14746500
1998-09-09,62.0387077331543,100.5,103.125,100.4375,102.75,12109700
1998-09-10,60.804107666015625,98.5,99.34375,96.8125,98.4375,19889300
1998-09-11,62.771728515625,101.6875,101.6875,97.0,98.1875,20379800
1998-09-14,63.85200119018555,103.4375,104.453125,102.09375,102.875,10686800
1998-09-15,64.2378158569336,104.0625,104.3125,102.28125,102.875,8337900
1998-09-16,64.81658172607422,105.0,105.25,103.15625,104.75,11024900
1998-09-17,62.96464538574219,102.0,103.03125,101.78125,102.25,12945200
1998-09-18,63.24510955810547,102.09375,102.40625,101.09375,102.375,7019200
1998-09-21,63.20637893676758,102.03125,103.40625,98.9375,99.625,8834600
1998-09-22,63.72907257080078,102.875,103.65625,102.15625,103.5,7270100
1998-09-23,66.2844467163086,107.0,107.0,103.78125,103.875,13688500
1998-09-24,64.65828704833984,104.375,106.8125,103.25,106.3125,11129500
1998-09-25,64.58087921142578,104.25,105.421875,102.625,103.125,10247400
1998-09-28,65.16162872314453,105.1875,106.3125,104.25,105.3125,8847800
1998-09-29,65.00672912597656,104.9375,105.9375,103.375,105.375,10618100
1998-09-30,63.03215789794922,101.75,104.3125,101.375,103.5,7908400
1998-10-01,61.21243667602539,98.8125,101.546875,98.09375,100.03125,13335600
1998-10-02,62.39333724975586,100.71875,100.875,97.21875,98.875,14351800
1998-10-05,61.13499450683594,98.6875,99.96875,96.34375,99.59375,12807200
1998-10-06,61.07691955566406,98.59375,101.28125,97.53125,100.75,12621000
1998-10-07,60.16706848144531,97.125,100.03125,95.75,98.625,14348500
1998-10-08,59.83797836303711,96.59375,96.75,92.21875,94.5625,20625000
1998-10-09,61.03821563720703,98.53125,98.78125,94.0625,97.0,12708500
1998-10-12,61.92873001098633,99.96875,101.4375,99.6875,100.625,9508500
1998-10-13,61.715782165527344,99.625,100.40625,98.75,99.5625,6256800
1998-10-14,62.29655838012695,100.5625,101.8125,98.84375,98.9375,8176900
1998-10-15,65.64559936523438,105.96875,107.25,99.9375,100.125,20541100
1998-10-16,65.66492462158203,106.0,106.75,105.0,106.125,16573900
1998-10-19,65.89729309082031,106.375,106.8125,105.5,105.6875,7915900
1998-10-20,66.2844467163086,107.0,108.796875,106.09375,107.5625,14611600
1998-10-21,66.0521240234375,106.625,107.625,105.875,106.875,9178400
1998-10-22,67.03941345214844,108.21875,108.46875,106.15625,106.78125,8277500
1998-10-23,66.18762969970703,106.84375,108.0,106.78125,107.96875,6237200
1998-10-26,66.67157745361328,107.625,108.46875,106.78125,107.71875,5838600
1998-10-27,66.2844467163086,107.0,108.96875,106.28125,108.4375,10089700
1998-10-28,66.1682357788086,106.8125,107.53125,106.03125,106.5625,5650600
1998-10-29,67.77503204345703,109.40625,109.4375,106.625,107.09375,9625600
1998-10-30,68.14290618896484,110.0,110.90625,109.5,110.125,9872800
1998-11-02,69.30437469482422,111.875,111.875,110.1875,110.8125,6501400
1998-11-03,68.8010482788086,111.0625,111.8125,110.75,111.59375,6866000
1998-11-04,69.53672790527344,112.25,113.09375,111.09375,112.46875,8233600
1998-11-05,70.4852523803711,113.78125,113.9375,111.125,111.53125,6841500
1998-11-06,70.69822692871094,114.125,114.5625,113.3125,113.46875,5224800
1998-11-09,70.19490051269531,113.3125,114.25,112.5,113.9375,6188700
1998-11-10,70.00130462646484,113.0,113.9375,112.25,113.0,14015200
1998-11-11,69.53672790527344,112.25,114.0,111.890625,113.8125,10922400
1998-11-12,69.45927429199219,112.125,113.125,111.6875,112.3125,5457400
1998-11-13,70.13681030273438,113.21875,113.21875,112.125,112.21875,5524600
1998-11-16,70.65953826904297,114.0625,114.359375,112.890625,114.21875,6023700
1998-11-17,70.65953826904297,114.0625,115.625,113.0,113.65625,9058900
1998-11-18,71.08541870117188,114.75,115.0,113.5,114.3125,4567700
1998-11-19,71.70486450195312,115.75,115.90625,114.625,115.28125,5249300
1998-11-20,72.24694061279297,116.625,116.75,115.84375,116.359375,5562000
1998-11-23,73.95051574707031,119.375,119.625,117.15625,117.46875,7151300
1998-11-24,73.48590087890625,118.625,119.65625,118.453125,119.0,5323700
1998-11-25,73.48590087890625,118.625,119.1875,118.21875,118.9375,4393500
1998-11-27,74.02789306640625,119.5,119.71875,119.015625,119.46875,4557900
1998-11-30,71.93719482421875,116.125,119.375,116.125,119.015625,8705400
1998-12-01,72.86640930175781,117.625,118.03125,115.21875,116.125,8950600
1998-12-02,72.65348052978516,117.28125,117.90625,116.0,117.21875,7495500
1998-12-03,71.4532470703125,115.34375,118.3125,115.09375,117.25,12145300
1998-12-04,73.33101654052734,118.375,118.5,116.5,116.625,10339500
1998-12-07,73.67948150634766,118.9375,119.46875,118.0,118.0625,4290000
1998-12-08,73.35039520263672,118.40625,119.75,117.5,118.53125,10102600
1998-12-09,73.48590087890625,118.625,118.96875,117.875,118.6875,5327900
1998-12-10,72.41149139404297,116.890625,118.84375,116.71875,118.84375,5966600
1998-12-11,72.55667877197266,117.125,117.34375,115.5625,116.4375,8198200
1998-12-14,70.46595001220703,113.75,116.40625,113.75,116.15625,9521400
1998-12-15,72.28564453125,116.6875,116.75,114.53125,114.6875,9631500
1998-12-16,72.18885040283203,116.53125,117.125,115.75,117.125,7260000
1998-12-17,73.3406982421875,118.390625,118.59375,117.03125,117.21875,6914700
1998-12-18,73.65234375,118.5,119.125,117.875,118.3125,4802400
1998-12-21,74.6817626953125,120.15625,121.34375,119.0,119.25,8580700
1998-12-22,75.01193237304688,120.6875,121.21875,119.1875,120.40625,5461100
1998-12-23,76.58517456054688,123.21875,123.21875,120.8125,121.1875,7791000
1998-12-24,76.25504302978516,122.6875,123.25,122.5,123.15625,1507100
1998-12-28,76.06076049804688,122.375,123.3125,122.0,123.25,4203600
1998-12-29,77.26504516601562,124.3125,124.484375,122.125,122.71875,3935800
1998-12-30,76.64347076416016,123.3125,124.75,123.03125,123.9375,6810700
1998-12-31,76.64347076416016,123.3125,123.9375,122.46875,123.3125,6790500
1999-01-04,76.46866607666016,123.03125,125.21875,121.71875,123.375,9450400
1999-01-05,77.34275817871094,124.4375,124.875,122.9375,122.9375,8031000
1999-01-06,79.20732116699219,127.4375,127.75,125.75,125.8125,7737700
1999-01-07,78.81887817382812,126.8125,127.21875,125.78125,126.375,5504900
1999-01-08,79.40155029296875,127.75,128.5,125.96875,128.1875,6224400
1999-01-11,78.64407348632812,126.53125,127.6875,125.21875,127.6875,7578300
1999-01-12,77.22618103027344,124.25,126.21875,123.75,126.21875,7768800
1999-01-13,76.68234252929688,123.375,125.125,120.375,120.40625,10810600
1999-01-14,75.34215545654297,121.21875,123.90625,120.90625,123.625,11400700
1999-01-15,77.30390167236328,124.375,124.78125,122.0625,122.375,7817700
1999-01-19,77.80887603759766,125.1875,125.625,123.5,125.296875,6535100
1999-01-20,78.43042755126953,126.1875,127.9375,125.03125,126.09375,6534400
1999-01-21,76.35216522216797,122.84375,125.84375,122.59375,125.578125,6937500
1999-01-22,76.17733764648438,122.5625,123.84375,121.78125,122.125,7522300
1999-01-25,76.95427703857422,123.8125,124.0,121.90625,123.28125,5700300
1999-01-26,78.35269927978516,126.0625,126.0625,123.625,124.125,6047000
1999-01-27,77.4398193359375,124.59375,126.625,124.15625,126.375,7399400
1999-01-28,78.74119567871094,126.6875,126.96875,125.1875,125.25,5961700
1999-01-29,79.34326934814453,127.65625,128.296875,125.40625,127.34375,6456800
1999-02-01,78.87713623046875,126.90625,128.6875,126.90625,128.6875,9426800
1999-02-02,78.39156341552734,126.125,127.21875,124.765625,127.078125,9194500
1999-02-03,79.18791198730469,127.40625,127.9375,125.65625,125.6875,10290700
1999-02-04,78.00310516357422,125.5,127.5,124.78125,127.375,7761100
1999-02-05,77.10966491699219,124.0625,125.65625,123.21875,125.65625,7516100
1999-02-08,77.26504516601562,124.3125,125.09375,123.34375,125.09375,8528400
1999-02-09,75.5363998413086,121.53125,124.5,121.515625,124.375,8985700
1999-02-10,76.02195739746094,122.3125,123.0,121.328125,122.125,6936700
1999-02-11,77.77001190185547,125.125,126.09375,122.5,123.0625,9181800
1999-02-12,76.83769989013672,123.625,125.5,122.625,124.8125,10676600
1999-02-16,76.37158203125,122.875,125.625,122.875,124.75,6915500
1999-02-17,76.29385375976562,122.75,125.359375,122.25,123.1875,7858100
1999-02-18,76.89601135253906,123.71875,124.375,122.21875,123.1875,9048900
1999-02-19,77.22618103027344,124.25,125.75,123.375,124.0,5312200
1999-02-22,79.28504943847656,127.5625,127.71875,124.28125,124.4375,10695800
1999-02-23,79.2462158203125,127.5,128.5,126.59375,127.59375,7770700
1999-02-24,77.84770202636719,125.25,128.84375,125.0,127.84375,7271000
1999-02-25,77.10966491699219,124.0625,125.28125,122.6875,124.53125,11633000
1999-02-26,76.79885864257812,123.5625,124.84375,122.8125,124.75,9621300
1999-03-01,77.01256561279297,123.90625,124.3125,122.375,123.65625,7607200
1999-03-02,76.33271026611328,122.8125,125.3125,122.3125,124.5,9651500
1999-03-03,76.74059295654297,123.46875,123.5625,121.78125,123.09375,7881400
1999-03-04,77.71178436279297,125.03125,125.484375,123.265625,124.0625,8256400
1999-03-05,79.27529907226562,127.546875,128.125,126.5625,127.5,10703100
1999-03-08,79.79003143310547,128.375,128.796875,127.25,128.28125,4802200
1999-03-09,79.5958023071289,128.0625,129.9375,127.75,128.125,7893400
1999-03-10,80.29505157470703,129.1875,129.25,127.78125,128.46875,3950000
1999-03-11,81.18850708007812,130.625,131.1875,128.875,129.6875,6583700
1999-03-12,80.41159057617188,129.375,131.03125,129.21875,131.0,5286500
1999-03-15,81.55753326416016,131.21875,131.25,129.5,129.9375,5394400
1999-03-16,81.24675750732422,130.71875,131.65625,130.46875,131.125,4547500
1999-03-17,80.89714813232422,130.15625,130.9375,129.625,130.6875,4524100
1999-03-18,82.19847869873047,132.25,132.375,129.75,129.78125,3506300
1999-03-19,80.80133056640625,129.6875,132.625,129.6875,132.3125,5526700
1999-03-22,80.95708465576172,129.9375,130.59375,129.421875,130.0625,4603800
1999-03-23,78.62065887451172,126.1875,129.53125,125.703125,129.3125,9713800
1999-03-24,79.06844329833984,126.90625,127.171875,125.625,126.84375,6280900
1999-03-25,80.68449401855469,129.5,129.5,127.75,128.0625,6639600
1999-03-26,80.1003646850586,128.5625,129.125,127.71875,128.625,6159700
1999-03-29,81.71641540527344,131.15625,131.4375,129.15625,129.15625,5863900
1999-03-30,81.28807830810547,130.46875,131.21875,129.5625,129.9375,5401400
1999-03-31,79.9835433959961,128.375,131.609375,128.3125,131.15625,7413600
1999-04-01,80.58714294433594,129.34375,129.6875,128.125,129.6875,7683600
1999-04-05,82.49520874023438,132.40625,132.59375,130.25,130.9375,5791100
1999-04-06,82.30052185058594,132.09375,132.984375,131.15625,132.1875,5381300
1999-04-07,82.9625244140625,133.15625,133.375,131.375,132.6875,6248600
1999-04-08,84.01385498046875,134.84375,134.9375,132.28125,133.1875,5909100
1999-04-09,84.03339385986328,134.875,135.5,133.59375,134.4375,4365800
1999-04-12,84.92899322509766,136.3125,136.40625,133.21875,133.46875,8213200
1999-04-13,84.38383483886719,135.4375,136.46875,134.5,136.25,10071400
1999-04-14,82.9625244140625,133.15625,136.0625,132.6875,136.0625,11551700
1999-04-15,82.65097045898438,132.65625,133.5625,131.0,133.4375,11150000
1999-04-16,81.95002746582031,131.53125,132.90625,131.1875,132.90625,6476200
1999-04-19,80.68449401855469,129.5,134.53125,128.375,132.6875,12487200
1999-04-20,81.69691467285156,131.125,131.1875,129.0,129.8125,9049600
1999-04-21,84.03339385986328,134.875,135.625,130.40625,131.0625,5772200
1999-04-22,84.83163452148438,136.15625,136.375,134.390625,135.125,6897400
1999-04-23,84.61746215820312,135.8125,136.75,135.0,135.875,4593100
1999-04-26,85.10424041748047,136.59375,136.8125,135.46875,136.5,3606500
1999-04-27,85.51306915283203,137.25,137.5,135.84375,137.125,5147200
1999-04-28,84.34487915039062,135.375,137.25,135.0,136.4375,5544300
1999-04-29,83.70238494873047,134.34375,136.0625,133.8125,135.5625,9824300
1999-04-30,83.02091979980469,133.25,135.625,131.5,135.09375,10991900
1999-05-03,84.5395736694336,135.6875,135.84375,133.09375,133.4375,10709700
1999-05-04,83.33242797851562,133.75,135.8125,133.125,135.125,10509300
1999-05-05,83.99445343017578,134.8125,135.0625,131.84375,133.9375,10032300
1999-05-06,83.47845458984375,133.984375,135.125,132.375,134.4375,13507200
1999-05-07,84.11127471923828,135.0,135.125,133.4375,134.5,8680700
1999-05-10,83.69266510009766,134.328125,135.71875,133.53125,134.84375,5580100
1999-05-11,84.5395736694336,135.6875,136.875,134.71875,135.3125,7000600
1999-05-12,85.2015609741211,136.75,137.21875,131.5,135.75,13865800
1999-05-13,85.57150268554688,137.34375,138.0,136.8125,137.25,4485700
1999-05-14,83.3519058227539,133.78125,135.875,133.5,134.5625,8370100
1999-05-17,83.6050033569336,134.1875,134.484375,132.375,133.625,6268100
1999-05-18,83.44927215576172,133.9375,134.984375,132.625,134.53125,8218600
1999-05-19,84.05281066894531,134.90625,135.0,133.25,134.46875,5052400
1999-05-20,83.54659271240234,134.09375,135.59375,134.0625,135.125,4670400
1999-05-21,83.07931518554688,133.34375,134.6875,132.59375,134.125,6418200
1999-05-24,81.69691467285156,131.125,133.84375,130.390625,133.84375,7952000
1999-05-25,80.37295532226562,129.0,132.34375,128.4375,131.375,15406400
1999-05-26,81.26862335205078,130.4375,131.0,128.09375,129.3125,12575900
1999-05-27,80.1003646850586,128.5625,130.28125,128.0,129.84375,14515400
1999-05-28,81.12255096435547,130.203125,130.75,128.59375,129.0,8748000
1999-06-01,80.8402099609375,129.75,130.15625,128.375,130.125,6705300
1999-06-02,80.91812133789062,129.875,130.1875,128.015625,129.75,6981900
1999-06-03,81.36593627929688,130.59375,130.875,129.78125,130.6875,6076600
1999-06-04,83.00142669677734,133.21875,133.359375,130.9375,131.46875,9787200
1999-06-07,83.21560668945312,133.5625,134.1875,132.90625,133.4375,5299100
1999-06-08,82.3978500366211,132.25,133.796875,131.59375,133.375,4895700
1999-06-09,82.3199691772461,132.125,133.09375,131.8125,132.40625,7409700
1999-06-10,81.56067657470703,130.90625,131.46875,129.59375,131.4375,7040700
1999-06-11,80.87914276123047,129.8125,132.21875,129.09375,131.21875,12824800
1999-06-14,80.95708465576172,129.9375,130.75,129.546875,130.6875,6823500
1999-06-15,81.50224304199219,130.8125,131.65625,130.078125,130.46875,5700900
1999-06-16,83.05984497070312,133.3125,133.875,132.375,132.375,7865800
1999-06-17,83.83865356445312,134.5625,135.5625,132.625,132.875,8162800
1999-06-18,83.93553924560547,134.3125,134.6875,133.375,134.0625,2875100
1999-06-21,84.13080596923828,134.625,135.25,133.65625,134.46875,4646400
1999-06-22,83.54499053955078,133.6875,135.1875,133.5,134.0,5862400
1999-06-23,83.13482666015625,133.03125,133.625,132.125,133.0,9629200
1999-06-24,82.50990295410156,132.03125,132.9375,130.65625,132.875,9176900
1999-06-25,82.30485534667969,131.703125,133.015625,131.25,132.59375,4087000
1999-06-28,83.31060791015625,133.3125,133.625,132.5,132.6875,5028900
1999-06-29,84.0917739868164,134.5625,135.1875,132.78125,133.0,6956200
1999-06-30,85.61498260498047,137.0,137.5,133.84375,134.625,16856100
1999-07-01,86.25942993164062,138.03125,138.5,136.0625,137.0,9939500
1999-07-02,87.11874389648438,139.40625,139.5,137.90625,138.125,3772800
1999-07-06,87.09923553466797,139.375,140.75,138.59375,139.25,11221100
1999-07-07,87.21639251708984,139.5625,139.71875,138.515625,139.0625,3230700
1999-07-08,87.28473663330078,139.671875,140.625,138.75,139.0625,7101500
1999-07-09,87.80223846435547,140.5,140.59375,139.5625,140.0,2976800
1999-07-12,87.41170501708984,139.875,140.9375,139.5,140.9375,4436300
1999-07-13,87.09923553466797,139.375,139.921875,138.65625,139.375,6477600
1999-07-14,87.58738708496094,140.15625,140.21875,138.75,140.0,4382500
1999-07-15,88.14398193359375,141.046875,141.375,140.3125,140.78125,3348600
1999-07-16,88.62248992919922,141.8125,142.15625,140.75,141.25,2281500
1999-07-19,88.03661346435547,140.875,142.25,140.5625,142.1875,4287000
1999-07-20,86.23013305664062,137.984375,140.40625,137.53125,140.125,7060100
1999-07-21,86.13252258300781,137.828125,138.90625,137.3125,138.09375,4793700
1999-07-22,84.99983978271484,136.015625,138.0,135.46875,137.4375,7804100
1999-07-23,84.8338394165039,135.75,137.0,135.125,136.65625,4603000
1999-07-26,84.20891571044922,134.75,136.125,134.625,134.875,4333400
1999-07-27,84.91200256347656,135.875,137.203125,135.375,136.0,5908500
1999-07-28,85.18539428710938,136.3125,137.3125,135.59375,136.25,3955500
1999-07-29,83.99413299560547,134.40625,135.25,133.3125,134.9375,7760600
1999-07-30,82.95902252197266,132.75,135.34375,132.5625,134.8125,5994300
1999-08-02,83.15433502197266,133.0625,134.75,132.5,132.75,6065500
1999-08-03,82.7637939453125,132.4375,133.84375,131.375,133.71875,5445400
1999-08-04,81.63114929199219,130.625,133.875,130.4375,132.71875,6497900
1999-08-05,82.37318420410156,131.8125,131.9375,128.84375,130.875,10322000
1999-08-06,81.47486877441406,130.375,132.0,129.5,131.21875,7537700
1999-08-09,81.29911041259766,130.09375,131.796875,129.75,130.59375,5565900
1999-08-10,80.40078735351562,128.65625,130.15625,127.0,129.875,9793300
1999-08-11,81.37724304199219,130.21875,130.53125,128.625,129.6875,8003400
1999-08-12,81.32838439941406,130.140625,131.8125,129.90625,130.6875,7036800
1999-08-13,83.21292877197266,133.15625,133.25,131.125,131.625,5857700
1999-08-16,83.58401489257812,133.75,133.96875,132.25,133.125,3927000
1999-08-17,84.13080596923828,134.625,134.84375,133.125,134.4375,4808000
1999-08-18,83.5254135131836,133.65625,134.375,133.25,134.203125,4355500
1999-08-19,82.84191131591797,132.5625,133.234375,131.6875,132.375,6448100
1999-08-20,83.68167114257812,133.90625,134.125,132.6875,133.0625,3663700
1999-08-23,85.28304290771484,136.46875,136.546875,134.65625,134.8125,5637800
1999-08-24,85.59545135498047,136.96875,137.96875,135.375,136.0625,9279500
1999-08-25,86.47431182861328,138.375,138.78125,136.15625,137.1875,6005300
1999-08-26,85.43927764892578,136.71875,138.421875,136.5,138.28125,4322300
1999-08-27,84.40420532226562,135.0625,137.0625,135.0625,136.875,6247400
1999-08-30,82.84191131591797,132.5625,135.5,132.0,135.34375,4652000
1999-08-31,82.5294189453125,132.0625,133.75,130.875,132.9375,11453700
1999-09-01,83.54499053955078,133.6875,133.734375,132.3125,132.9375,6863900
1999-09-02,82.5587158203125,132.109375,132.671875,130.65625,132.125,10896300
1999-09-03,84.97057342529297,135.96875,136.5,134.6875,134.875,9160800
1999-09-07,84.6581039428711,135.46875,136.625,135.21875,136.0625,4560800
1999-09-08,84.2480239868164,134.8125,136.0625,134.03125,134.84375,6159600
1999-09-09,84.20891571044922,134.75,135.25,133.6875,134.75,6177800
1999-09-10,84.91200256347656,135.875,136.359375,134.9375,136.25,2934500
1999-09-13,84.33586883544922,134.953125,135.46875,134.5,135.125,2320500
1999-09-14,83.77928924560547,134.0625,134.5625,133.375,134.0625,3736000
1999-09-15,82.45133209228516,131.9375,135.4375,131.875,135.4375,6984500
1999-09-16,82.77352905273438,132.453125,132.8125,130.3125,132.5,15377600
1999-09-17,83.81941223144531,133.75,133.9375,132.15625,132.625,8542300
1999-09-20,83.70185852050781,133.5625,134.0,133.09375,133.9375,2803900
1999-09-21,81.93931579589844,130.75,132.46875,130.15625,132.25,9335200
1999-09-22,81.85121154785156,130.609375,131.84375,129.75,131.25,13009100
1999-09-23,80.13763427734375,127.875,131.8125,127.625,131.8125,12204100
1999-09-24,80.05928039550781,127.75,128.375,126.3125,127.75,13792900
1999-09-27,80.5880355834961,128.59375,129.75,128.28125,128.75,6970300
1999-09-28,80.43136596679688,128.34375,128.8125,125.5625,127.9375,11063400
1999-09-29,79.47174835205078,126.8125,129.125,126.75,128.4375,7580300
1999-09-30,80.68596649169922,128.75,129.4375,126.96875,127.4375,7498900
1999-10-01,80.50971221923828,128.46875,128.5625,126.625,127.9375,11127100
1999-10-04,81.93931579589844,130.75,130.875,128.75,129.1875,6341600
1999-10-05,81.86105346679688,130.625,131.96875,128.6875,130.71875,11976000
1999-10-06,83.11439514160156,132.625,132.8125,130.6875,130.75,10308200
1999-10-07,82.64435577392578,131.875,133.0,131.5,132.859375,6535600
1999-10-08,83.89776611328125,133.875,133.875,131.234375,131.75,9674300
1999-10-11,83.76060485839844,133.65625,134.125,133.3125,133.59375,4282000
1999-10-12,82.4681167602539,131.59375,133.3125,131.1875,133.125,8686100
1999-10-13,80.33345794677734,128.1875,131.3125,128.1875,130.6875,10469300
1999-10-14,80.31388092041016,128.15625,129.1875,126.75,128.484375,10562200
1999-10-15,78.25751495361328,124.875,126.75,124.5,126.0,14238700
1999-10-18,78.82550811767578,125.78125,125.9375,123.4375,124.9375,9758800
1999-10-19,79.58927154541016,127.0,128.25,125.9375,127.1875,14392900
1999-10-20,80.37263488769531,128.25,129.46875,127.125,127.75,9759400
1999-10-21,80.84263610839844,129.0,129.0,126.625,127.21875,9105400
1999-10-22,81.52808380126953,130.09375,131.21875,129.5625,129.75,8309600
1999-10-25,81.11682891845703,129.4375,130.46875,128.75,129.3125,8114300
1999-10-26,80.09845733642578,127.8125,130.6875,127.8125,130.1875,6256300
1999-10-27,81.54766082763672,130.125,130.3125,128.25,128.375,5433300
1999-10-28,84.32858276367188,134.5625,134.859375,132.1875,132.4375,10509700
1999-10-29,85.85614013671875,137.0,137.6875,135.71875,135.84375,10988600
1999-11-01,84.95530700683594,135.5625,137.0,135.5625,136.5,4006500
1999-11-02,84.34819793701172,134.59375,137.25,134.59375,135.96875,6516900
1999-11-03,84.9161376953125,135.5,136.375,135.125,136.0,7222300
1999-11-04,85.56238555908203,136.53125,137.359375,135.765625,136.75,7907500
1999-11-05,86.40447235107422,137.875,139.109375,136.78125,138.625,7431500
1999-11-08,86.48282623291016,138.0,138.375,136.75,137.0,4649200
1999-11-09,85.67009735107422,136.703125,138.6875,136.28125,138.5,4533700
1999-11-10,86.30660247802734,137.71875,138.390625,136.078125,136.25,6405600
1999-11-11,86.79618072509766,138.5,138.5,137.46875,138.1875,4794100
1999-11-12,87.5794906616211,139.75,139.984375,137.125,139.25,11802900
1999-11-15,87.78514862060547,140.078125,140.25,139.40625,139.84375,2187500
1999-11-16,88.51956176757812,141.25,143.0,140.09375,140.5625,7544800
1999-11-17,88.75457763671875,141.625,142.9375,141.3125,142.25,9459000
1999-11-18,89.3812484741211,142.625,143.0,141.625,142.4375,4491000
1999-11-19,89.30294036865234,142.5,142.96875,142.0,142.40625,4832100
1999-11-22,89.2833480834961,142.46875,143.0,141.5,142.4375,4155400
1999-11-23,88.49994659423828,141.21875,142.84375,140.375,142.84375,5918000
1999-11-24,88.97000885009766,141.96875,142.4375,140.0,140.75,4459700
1999-11-26,88.63705444335938,141.4375,142.875,141.25,142.46875,1693900
1999-11-29,88.32373809814453,140.9375,141.921875,140.4375,140.875,7348600
1999-11-30,87.2857666015625,139.28125,142.3125,139.0,140.75,7682000
1999-12-01,87.99080657958984,140.40625,140.5,139.0,139.3125,6980200
1999-12-02,88.51956176757812,141.25,141.375,140.375,140.625,6698300
1999-12-03,90.1450424194336,143.84375,145.34375,143.03125,143.03125,10045400
1999-12-06,89.47917938232422,142.78125,143.71875,142.25,143.53125,3138900
1999-12-07,88.75457763671875,141.625,143.3125,141.375,143.28125,10714200
1999-12-08,88.18663024902344,140.71875,142.0625,140.5,141.34375,4611400
1999-12-09,88.61750030517578,141.40625,142.21875,139.375,141.8125,6474700
1999-12-10,88.91121673583984,141.875,142.8125,140.875,142.28125,5127300
1999-12-13,89.06794738769531,142.125,142.71875,141.28125,141.4375,4210800
1999-12-14,88.20621490478516,140.75,142.484375,140.625,141.625,5739000
1999-12-15,88.67623138427734,141.5,142.203125,140.03125,140.375,6879100
1999-12-16,89.06794738769531,142.125,142.65625,141.15625,142.1875,5854900
1999-12-17,89.63992309570312,142.6875,143.3125,142.0625,143.0,4775400
1999-12-20,88.99201965332031,141.65625,143.1875,141.09375,142.5625,4608700
1999-12-21,90.34667205810548,143.8125,144.0625,141.34375,141.59375,7981300
1999-12-22,90.58220672607422,144.1875,144.1875,142.96875,143.625,5377500
1999-12-23,92.0251693725586,146.484375,146.484375,145.0,145.015625,5721700
1999-12-27,91.89759826660156,146.28125,146.78125,145.0625,146.5,2691000
1999-12-28,91.83868408203124,146.1875,146.5,145.484375,145.875,4084500
1999-12-29,92.23131561279295,146.8125,146.8125,145.3125,146.3125,3001000
1999-12-30,92.12335205078124,146.640625,147.5625,146.1875,147.125,3641300
1999-12-31,92.27056884765624,146.875,147.5,146.25,146.84375,3172700
2000-01-03,91.36753845214844,145.4375,148.25,143.875,148.25,8164300
2000-01-04,87.79446411132812,139.75,144.0625,139.640625,143.53125,8089800
2000-01-05,87.9515609741211,140.0,141.53125,137.25,139.9375,12177900
2000-01-06,86.5380630493164,137.75,141.5,137.75,139.625,6227200
2000-01-07,91.56381225585938,145.75,145.75,140.0625,140.3125,8066500
2000-01-10,91.8779754638672,146.25,146.90625,145.03125,146.25,5741700
2000-01-11,90.77860260009766,144.5,146.09375,143.5,145.8125,7503700
2000-01-12,89.8755111694336,143.0625,144.59375,142.875,144.59375,6907700
2000-01-13,91.09269714355467,145.0,145.75,143.28125,144.46875,5158300
2000-01-14,92.32952880859376,146.96875,147.46875,145.96875,146.53125,7437300
2000-01-18,91.60310363769533,145.8125,146.625,145.1875,145.34375,6488500
2000-01-19,92.34915161132812,147.0,147.0,145.0,145.3125,6157900
2000-01-20,90.93558502197266,144.75,146.96875,143.8125,146.96875,5800100
2000-01-21,90.73931884765624,144.4375,145.5,144.0625,145.5,6244800
2000-01-24,88.1675033569336,140.34375,145.84375,139.40625,145.65625,7896900
2000-01-25,89.16876220703125,141.9375,141.9375,139.0,140.515625,9942500
2000-01-26,88.46199798583984,140.8125,141.546875,140.09375,141.0,5158100
2000-01-27,88.1086196899414,140.25,142.21875,138.125,141.84375,10922700
2000-01-28,85.3601303100586,135.875,140.0625,135.53125,139.4375,11916200
2000-01-31,87.67675018310547,139.5625,139.671875,135.0,135.8125,10768700
2000-02-01,88.54053497314453,140.9375,141.6875,138.53125,139.75,8419900
2000-02-02,88.61906433105469,141.0625,142.25,140.375,141.28125,6205900
2000-02-03,89.95403289794922,143.1875,143.25,140.0,140.875,7997500
2000-02-04,89.5810546875,142.59375,144.0,142.125,143.1875,4925400
2000-02-07,89.44358825683594,142.375,142.78125,141.4375,142.5625,5845800
2000-02-08,90.6607437133789,144.3125,144.5625,143.625,143.96875,4936400
2000-02-09,88.75646209716797,141.28125,144.46875,141.265625,144.46875,8511500
2000-02-10,88.93313598632812,141.5625,142.5625,140.875,141.625,6690600
2000-02-11,87.12701416015625,138.6875,141.9375,138.03125,141.84375,9849800
2000-02-14,87.63744354248047,139.5,139.78125,138.3125,139.78125,8528800
2000-02-15,88.62887573242188,141.078125,141.21875,137.796875,139.25,11078300
2000-02-16,87.3233413696289,139.0,140.9375,138.796875,140.375,8845400
2000-02-17,86.8718032836914,138.28125,140.4375,138.21875,140.4375,7584200
2000-02-18,85.00674438476562,135.3125,138.875,134.625,138.875,9409200
2000-02-22,84.7907943725586,134.96875,136.34375,133.53125,135.1875,16415400
2000-02-23,85.79203796386719,136.5625,137.46875,134.5,135.625,12119000
2000-02-24,84.06437683105469,133.8125,137.03125,133.09375,136.6875,17375000
2000-02-25,83.76011657714844,133.328125,136.71875,133.125,135.1875,10559900
2000-02-28,85.51719665527344,136.125,136.6875,132.71875,133.375,13397800
2000-02-29,86.34171295166016,137.4375,137.4375,135.75,136.0625,8242500
2000-03-01,86.96990966796875,138.4375,139.0,137.21875,137.625,6868000
2000-03-02,87.02884674072266,138.53125,139.125,137.34375,138.6875,7600200
2000-03-03,88.65831756591797,141.125,141.71875,139.71875,140.4375,12770300
2000-03-06,87.79446411132812,139.75,141.34375,138.75,140.8125,11967100
2000-03-07,86.0963363647461,137.046875,140.15625,135.21875,140.0,20062000
2000-03-08,85.98834228515625,136.875,137.84375,135.03125,136.46875,11808500
2000-03-09,88.5012435913086,140.875,140.875,136.125,137.25,5500900
2000-03-10,88.03009796142578,140.125,142.0,139.53125,140.1875,7924600
2000-03-13,87.0680923461914,138.59375,140.46875,135.6875,136.6875,10540500
2000-03-14,85.83129119873047,136.625,140.09375,136.15625,139.28125,8263900
2000-03-15,87.83373260498047,139.8125,140.4375,136.0625,136.875,10300800
2000-03-16,91.93682861328124,146.34375,146.84375,140.875,141.625,25601400
2000-03-17,92.54450988769533,146.9375,148.0,145.4375,145.8125,10272900
2000-03-20,92.07208251953124,146.1875,147.34375,144.78125,146.875,12502300
2000-03-21,93.96151733398438,149.1875,149.75,144.5,145.53125,13612600
2000-03-22,94.53233337402344,150.09375,150.84375,148.6875,149.5625,8260000
2000-03-23,96.14627838134766,152.65625,153.46875,149.15625,149.15625,11654500
2000-03-24,96.71704864501952,153.5625,155.75,151.71875,152.875,11462900
2000-03-27,95.69358825683594,151.9375,153.78125,151.8125,153.375,8798600
2000-03-28,95.14246368408205,151.0625,152.984375,150.59375,151.25,6334400
2000-03-29,95.24089813232422,151.21875,152.484375,149.65625,151.5625,6747500
2000-03-30,93.6466827392578,148.6875,151.921875,147.125,150.15625,9491900
2000-03-31,94.70947265625,150.375,152.3125,148.4375,149.625,9249100
2000-04-03,95.26058959960938,151.25,151.25,148.6875,150.125,8508200
2000-04-04,94.55204010009766,150.125,153.0,141.390625,151.75,19585500
2000-04-05,93.96151733398438,149.1875,150.8125,147.625,147.875,8387200
2000-04-06,94.77838897705078,150.484375,151.6875,149.0,150.25,6378500
2000-04-07,95.378662109375,151.4375,152.125,150.5,151.5625,6023600
2000-04-10,95.00475311279295,150.84375,153.109375,150.3125,151.75,9624200
2000-04-11,94.72917175292967,150.40625,151.625,148.375,150.0,9006400
2000-04-12,92.1311492919922,146.28125,151.15625,146.15625,150.375,10779200
2000-04-13,90.85182189941406,144.25,148.15625,143.78125,147.46875,12225800
2000-04-14,85.65576934814453,136.0,142.8125,133.5,142.625,29604000
2000-04-17,88.64746856689453,140.75,140.75,134.6875,135.1875,23918200
2000-04-18,90.9896011352539,144.46875,144.46875,139.78125,140.5625,11069200
2000-04-19,90.14330291748048,143.125,145.125,142.53125,144.5,6553700
2000-04-20,90.57630157470705,143.8125,143.9375,142.375,143.5625,8537600
2000-04-24,89.59220123291016,142.25,143.3125,140.5,141.5,12893100
2000-04-25,93.31209564208984,148.15625,148.15625,144.4375,144.625,14102000
2000-04-26,92.25907135009766,146.484375,148.75,146.0,147.96875,7711100
2000-04-27,91.95401763916016,146.0,147.34375,143.0,143.0,15595300
2000-04-28,91.38324737548828,145.09375,147.859375,145.0625,147.0,8743400
2000-05-01,92.62319946289062,147.0625,148.484375,145.84375,146.5625,7328300
2000-05-02,90.77310180664062,144.125,147.125,144.125,145.5,9411900
2000-05-03,88.64746856689453,140.75,144.0,139.78125,144.0,12630700
2000-05-04,89.31664276123047,141.8125,142.359375,140.75,142.0,5963600
2000-05-05,90.39911651611328,143.53125,144.0,140.9375,141.0625,7862400
2000-05-08,89.72013092041016,142.453125,143.375,141.84375,142.75,5064100
2000-05-09,89.00173950195312,141.3125,143.40625,140.265625,143.0625,5620300
2000-05-10,86.99419403076172,138.125,140.96875,137.75,140.5,10293900
2000-05-11,88.98204803466797,141.28125,141.5,139.125,140.125,7091100
2000-05-12,89.94647216796875,142.8125,143.46875,141.625,141.8125,5960800
2000-05-15,91.5013656616211,145.28125,145.609375,142.0,142.75,4441300
2000-05-16,92.3870620727539,146.6875,147.71875,145.3125,146.5625,8192200
2000-05-17,91.422607421875,145.15625,146.1875,144.46875,145.6875,5907200
2000-05-18,90.30072784423828,143.375,146.3125,143.375,145.625,4325600
2000-05-19,88.88365173339844,141.125,143.234375,140.40625,142.5625,6518400
2000-05-22,88.2144546508789,140.0625,141.46875,137.0,141.25,10839400
2000-05-23,86.91544342041016,138.0,140.8125,137.5625,140.4375,7979200
2000-05-24,88.33255767822266,140.25,140.6875,136.5,138.0,11081500
2000-05-25,86.81705474853516,137.84375,141.8125,137.71875,140.6875,8278900
2000-05-26,86.91544342041016,138.0,139.6875,137.328125,138.8125,4814000
2000-05-30,89.7496566772461,142.5,142.9375,139.46875,140.0,5362700
2000-05-31,89.94647216796875,142.8125,144.0,142.09375,142.5625,6056500
2000-06-01,91.5210189819336,145.3125,145.4375,143.0,143.6875,8961600
2000-06-02,93.11529541015624,147.84375,149.09375,147.484375,148.9375,8962200
2000-06-05,92.6625518798828,147.125,148.21875,146.875,147.46875,6998100
2000-06-06,92.2492218017578,146.46875,147.78125,145.90625,146.625,4858900
2000-06-07,92.8888702392578,147.484375,148.0,146.0,146.625,4919500
2000-06-08,92.52482604980467,146.90625,147.75,146.0625,147.5,5723100
2000-06-09,92.32795715332033,146.59375,147.96875,145.625,147.5,3085300
2000-06-12,91.24542999267578,144.875,146.96875,144.875,146.96875,3678900
2000-06-13,92.95779418945312,147.59375,147.75,144.625,144.8125,6558700
2000-06-14,93.11529541015624,147.84375,148.875,147.1875,148.25,6420500
2000-06-15,93.31209564208984,148.15625,148.75,146.84375,148.125,5881200
2000-06-16,92.54534149169922,146.59375,148.3125,145.875,148.3125,5567900
2000-06-19,93.72906494140624,148.46875,149.15625,146.25,146.46875,5106900
2000-06-20,93.3936767578125,147.9375,148.875,147.0,148.1875,6480000
2000-06-21,93.3542022705078,147.875,148.4375,146.890625,146.9375,3115000
2000-06-22,91.93376922607422,145.625,147.6875,145.0,147.5625,7490500
2000-06-23,91.14468383789062,144.375,146.125,143.875,145.8125,4863300
2000-06-26,92.3185043334961,146.234375,146.25,144.875,145.375,5201300
2000-06-27,91.63786315917967,145.15625,146.71875,145.015625,145.984375,4159500
2000-06-28,91.89432525634766,145.5625,146.984375,145.3125,145.625,5347700
2000-06-29,91.02629089355467,144.1875,145.75,143.515625,144.75,6345700
2000-06-30,91.71678924560548,145.28125,145.59375,143.890625,143.9375,7420200
2000-07-03,92.97938537597656,147.28125,147.4375,145.1875,145.4375,1436600
2000-07-05,91.3024673461914,144.625,146.65625,144.375,146.375,2748200
2000-07-06,92.01268768310548,145.75,146.46875,144.21875,144.9375,5963200
2000-07-07,93.49227905273438,148.09375,148.78125,146.25,146.6875,3034800
2000-07-10,93.33447265625,147.84375,148.90625,147.53125,147.875,2816100
2000-07-11,93.53176879882812,148.15625,149.125,147.15625,147.46875,5431600
2000-07-12,94.1433334350586,149.125,150.125,148.6875,149.28125,5883000
2000-07-13,94.55765533447266,149.78125,150.375,149.1875,149.984375,5356000
2000-07-14,95.48490142822266,151.25,151.25,149.671875,150.4375,5341900
2000-07-17,95.3270492553711,151.0,151.984375,150.6875,150.984375,4208300
2000-07-18,94.54782104492188,149.765625,150.625,149.34375,150.625,4262100
2000-07-19,93.78823852539062,148.5625,149.90625,148.25,149.46875,8506800
2000-07-20,95.09029388427734,150.625,150.625,148.8125,149.0,4538900
2000-07-21,93.2358856201172,147.6875,149.75,147.6875,149.75,5656900
2000-07-24,92.70321655273438,146.84375,148.859375,146.5625,148.125,5628500
2000-07-25,92.9990692138672,147.3125,147.84375,146.78125,147.75,4757100
2000-07-26,92.0915985107422,145.875,147.15625,145.640625,146.96875,12062500
2000-07-27,91.77593994140624,145.375,146.625,144.6875,145.9375,7652600
2000-07-28,89.70447540283203,142.09375,145.90625,141.515625,145.71875,6229500
2000-07-31,90.2765884399414,143.0,144.125,142.0625,142.9375,5265500
2000-08-01,90.82901000976562,143.875,144.71875,143.125,143.625,3946600
2000-08-02,91.28273010253906,144.59375,145.40625,143.625,143.875,7439800
2000-08-03,91.91407775878906,145.59375,145.8125,142.625,142.875,4607100
2000-08-04,92.40725708007812,146.375,146.71875,145.40625,146.3125,3686600
2000-08-07,93.5120620727539,148.125,148.4375,146.375,146.71875,4159800
2000-08-08,93.86714935302734,148.6875,148.8125,147.5,147.5,3658700
2000-08-09,93.07801818847656,147.4375,149.21875,147.375,149.140625,5383800
2000-08-10,92.62428283691406,146.71875,147.859375,146.28125,147.53125,4193400
2000-08-11,93.05827331542967,147.40625,148.0,145.5625,146.625,5089400
2000-08-14,94.2419891357422,149.28125,149.5625,147.0625,147.78125,2966700
2000-08-15,94.16307830810548,149.15625,149.8125,148.5625,149.34375,5564600
2000-08-16,93.8276824951172,148.625,149.9375,147.84375,149.3125,5191600
2000-08-17,94.81410217285156,150.1875,150.4375,148.34375,148.6875,5652200
2000-08-18,94.49845886230467,149.6875,150.375,149.21875,150.375,4626400
2000-08-21,95.0113754272461,150.5,150.71875,149.40625,150.03125,2380600
2000-08-22,94.85354614257812,150.25,151.3125,150.09375,150.5625,3075300
2000-08-23,95.22840118408205,150.84375,151.28125,149.28125,149.8125,5483200
2000-08-24,95.52435302734376,151.3125,151.5,150.5,151.15625,4529000
2000-08-25,95.48490142822266,151.25,151.625,150.9375,151.15625,2822200
2000-08-28,95.8104019165039,151.765625,152.90625,151.25,151.25,5518700
2000-08-29,95.83011627197266,151.796875,151.875,150.90625,151.4375,3561900
2000-08-30,94.91273498535156,150.34375,151.5,150.34375,151.3125,3964800
2000-08-31,96.17536163330078,152.34375,153.09375,150.90625,151.0625,4863100
2000-09-01,96.27401733398438,152.5,153.59375,152.0,153.25,3191200
2000-09-05,95.5046157836914,151.28125,152.203125,150.8125,151.875,3470800
2000-09-06,94.41956329345705,149.5625,151.953125,149.53125,151.1875,4322200
2000-09-07,95.22840118408205,150.84375,151.078125,149.828125,150.25,4265500
2000-09-08,94.57736206054688,149.8125,150.5,149.328125,150.28125,3518200
2000-09-11,94.43929290771484,149.59375,151.1875,148.6875,149.75,3937500
2000-09-12,93.74880981445312,148.5,150.25,148.4375,149.75,4769100
2000-09-13,93.99539184570312,148.890625,149.34375,147.65625,148.0,7691600
2000-09-14,94.46883392333984,149.640625,149.9375,148.15625,149.875,3397100
2000-09-15,92.40206909179688,146.0,148.25,146.0,148.1875,4085700
2000-09-18,91.5516357421875,144.65625,146.96875,144.203125,146.375,5109300
2000-09-19,92.38230895996094,145.96875,146.3125,144.703125,145.125,6588200
2000-09-20,91.69996643066406,144.890625,146.03125,143.15625,145.6875,6508100
2000-09-21,90.30558776855467,142.6875,145.5625,142.625,144.46875,5972300
2000-09-22,91.94727325439452,145.28125,145.3125,142.421875,142.625,7791300
2000-09-25,91.29448699951172,144.25,146.0625,143.71875,145.9375,9726300
2000-09-26,90.12762451171876,142.40625,145.0,142.40625,144.375,5302400
2000-09-27,90.60231018066406,143.15625,143.96875,142.125,143.5625,7186200
2000-09-28,91.76919555664062,145.0,146.328125,142.890625,143.1875,7036400
2000-09-29,90.89898681640624,143.625,145.96875,143.625,145.46875,9333600
2000-10-02,91.03744506835938,143.84375,144.90625,143.140625,144.28125,5517800
2000-10-03,90.18694305419922,142.5,145.75,142.28125,144.53125,9347200
2000-10-04,90.93849182128906,143.6875,144.25,141.75,142.875,6148900
2000-10-05,91.25496673583984,144.1875,144.84375,143.3125,143.40625,4566900
2000-10-06,89.2771987915039,141.0625,144.640625,139.75,143.875,10014900
2000-10-09,88.60476684570312,140.0,141.3125,139.375,141.3125,4508000
2000-10-10,87.14120483398438,137.6875,141.25,137.6875,140.09375,6104700
2000-10-11,86.40937805175781,136.53125,138.625,135.125,137.625,10346000
2000-10-12,84.25362396240234,133.125,137.59375,132.78125,137.28125,12336900
2000-10-13,87.06206512451172,137.5625,137.65625,132.875,132.9375,11778800
2000-10-16,87.45758056640625,138.1875,138.234375,136.6875,137.40625,5659000
2000-10-17,85.28205108642578,134.75,138.5625,134.40625,138.4375,7831700
2000-10-18,84.96562194824219,134.25,136.125,130.15625,132.625,10897300
2000-10-19,88.16963958740234,139.3125,139.453125,136.4375,136.84375,8767300
2000-10-20,88.54541778564453,139.90625,141.1875,138.375,138.375,7373500
2000-10-23,88.94092559814453,140.53125,141.03125,138.9375,139.9375,5290000
2000-10-24,88.34761810302734,139.59375,141.9375,139.0,140.96875,5750700
2000-10-25,86.27094268798828,136.3125,139.5625,136.125,138.75,9137600
2000-10-26,86.50828552246094,136.6875,137.65625,134.03125,137.125,9345800
2000-10-27,88.14986419677734,139.28125,139.28125,136.625,137.875,9762900
2000-10-30,88.94092559814453,140.53125,141.09375,138.15625,138.4375,10154100
2000-10-31,90.47373962402344,142.953125,143.6875,140.0625,141.015625,7752400
2000-11-01,90.16716766357422,142.46875,143.25,141.21875,142.25,6753600
2000-11-02,90.31549072265624,142.703125,143.90625,142.515625,143.15625,11395100
2000-11-03,90.3650131225586,142.78125,143.75,142.375,143.46875,5187100
2000-11-06,90.9978485107422,143.78125,144.296875,143.03125,143.15625,4042500
2000-11-07,90.9780502319336,143.75,144.0,142.5625,143.140625,5231300
2000-11-08,88.96074676513672,140.5625,144.0625,140.5625,144.0625,6123300
2000-11-09,88.6245346069336,140.03125,141.21875,137.25,140.0,10635300
2000-11-10,86.46870422363281,136.625,139.46875,136.53125,139.0,8569500
2000-11-13,85.79629516601562,135.5625,136.984375,133.015625,135.625,17285300
2000-11-14,88.05095672607422,139.125,139.625,137.0,137.46875,7668900
2000-11-15,88.3278579711914,139.5625,140.109375,137.75,139.0625,8837700
2000-11-16,86.94341278076172,137.375,139.875,137.3125,138.578125,6684100
2000-11-17,86.47859954833984,136.640625,139.0,135.75,137.3125,6551100
2000-11-20,85.24251556396484,134.6875,136.375,134.3125,135.75,5458500
2000-11-21,85.67757415771484,135.375,136.1875,133.515625,134.875,7684300
2000-11-22,83.63059997558594,132.140625,134.875,132.125,134.34375,5736900
2000-11-24,85.34140014648438,134.84375,134.96875,133.625,133.625,3411600
2000-11-27,86.09294891357422,136.03125,136.6875,135.3125,136.46875,5992000
2000-11-28,84.6095962524414,133.6875,136.59375,133.640625,135.125,5336100
2000-11-29,84.45137023925781,133.4375,135.90625,133.265625,134.375,6914100
2000-11-30,83.7196044921875,132.28125,133.5,129.75,132.5,11201600
2000-12-01,83.68004608154297,132.21875,134.0625,131.0,133.1875,7587200
2000-12-04,84.39205932617188,133.34375,133.875,131.5,131.875,6996600
2000-12-05,87.16094970703125,137.71875,138.25,134.40625,134.875,8883400
2000-12-06,85.76661682128906,135.515625,138.34375,135.03125,137.78125,12888000
2000-12-07,84.5898208618164,133.65625,135.875,133.65625,134.875,6529100
2000-12-08,84.78759765625,133.96875,139.46875,133.875,137.0625,10276300
2000-12-11,87.73450469970703,138.625,139.5625,136.71875,137.375,6405600
2000-12-12,87.35874938964844,138.03125,138.8125,137.375,138.1875,5022900
2000-12-13,86.16217041015625,136.140625,139.40625,136.03125,139.25,6070500
2000-12-14,85.06449890136719,134.40625,136.5,134.03125,135.875,7678400
2000-12-15,83.14318084716797,130.96875,133.125,130.5625,133.125,9065300
2000-12-18,84.25415802001953,132.71875,133.46875,131.765625,132.0625,7235400
2000-12-19,82.53813171386719,130.015625,134.96875,130.015625,132.46875,9616600
2000-12-20,80.1475601196289,126.25,128.9375,126.09375,128.625,9994300
2000-12-21,80.70304870605469,127.125,128.859375,125.53125,126.0,14331500
2000-12-22,83.12334442138672,130.9375,131.109375,128.84375,129.0,10182900
2000-12-26,84.01609802246094,132.34375,132.34375,130.28125,130.84375,4665300
2000-12-27,84.63108825683594,133.3125,133.734375,131.25,131.75,4854100
2000-12-28,84.88897705078125,133.71875,133.875,132.59375,132.8125,8358700
2000-12-29,83.2820816040039,131.1875,134.28125,131.1875,134.0625,8774600
2001-01-02,81.7743148803711,128.8125,132.15625,127.5625,132.0,8737500
2001-01-03,85.70234680175781,135.0,136.0,127.65625,128.3125,19431600
2001-01-04,84.77986145019531,133.546875,135.46875,133.0,134.9375,9219000
2001-01-05,82.01238250732422,129.1875,133.625,129.1875,133.46875,12911400
2001-01-08,82.64722442626953,130.1875,130.1875,127.6875,129.875,6625300
2001-01-09,82.42900085449219,129.84375,131.5,129.421875,131.046875,5702400
2001-01-10,83.87720489501953,132.125,132.125,128.8125,129.0,8746100
2001-01-11,83.95655822753906,132.25,133.484375,131.09375,131.09375,7245100
2001-01-12,83.7978744506836,132.0,133.71875,131.28125,132.6875,7244000
2001-01-16,84.3335189819336,132.84375,133.1875,131.515625,132.0,8542200
2001-01-17,84.72032165527344,133.453125,135.046875,132.640625,134.84375,7851400
2001-01-18,85.5634536743164,134.78125,135.703125,132.9375,133.4375,8107000
2001-01-19,85.07743072509766,134.015625,136.1875,133.875,136.1875,7782500
2001-01-22,85.64287567138672,134.90625,135.78125,133.5625,134.25,7050900
2001-01-23,86.31735229492188,135.96875,136.65625,134.15625,134.46875,8463100
2001-01-24,86.57523345947266,136.375,137.3125,135.84375,136.25,6199900
2001-01-25,86.35702514648438,136.03125,137.25,135.65625,136.25,10818300
2001-01-26,86.25785064697266,135.875,136.125,134.453125,135.15625,7136800
2001-01-29,86.71808624267578,136.60000610351562,136.89999389648438,135.3699951171875,135.5,6705900
2001-01-30,87.47987365722656,137.8000030517578,137.9199981689453,135.7899932861328,136.3000030517578,7069100
2001-01-31,86.98471069335938,137.02000427246094,138.6999969482422,136.60000610351562,137.39999389648438,9706900
2001-02-01,87.56241607666016,137.92999267578125,137.9499969482422,136.25,137.10000610351562,8239100
2001-02-02,85.57537841796875,134.8000030517578,137.99000549316406,134.75,137.39999389648438,8276600
2001-02-05,86.20390319824219,135.7899932861328,135.94000244140625,134.75,134.8000030517578,4352900
2001-02-06,85.94994354248047,135.38999938964844,136.6999969482422,135.22000122070312,135.3000030517578,7106700
2001-02-07,85.50558471679688,134.69000244140625,135.39999389648438,133.67999267578125,134.72000122070312,5748700
2001-02-08,84.50885772705078,133.1199951171875,135.39999389648438,133.10000610351562,134.8000030517578,5943300
2001-02-09,83.6962661743164,131.83999633789062,133.35000610351562,131.25999450683594,133.35000610351562,9913000
2001-02-12,84.6548843383789,133.35000610351562,133.5,131.6999969482422,131.6999969482422,5804400
2001-02-13,83.9629135131836,132.25999450683594,134.1699981689453,132.0,133.6999969482422,6587600
2001-02-14,83.83592987060547,132.05999755859375,132.64999389648438,130.66000366210938,132.64999389648438,8400100
2001-02-15,84.64852905273438,133.33999633789062,133.52000427246094,131.99000549316406,132.83999633789062,5929800
2001-02-16,82.7821273803711,130.39999389648438,131.2899932861328,129.3000030517578,131.0,6434900
2001-02-20,81.50608825683594,128.38999938964844,131.13999938964844,128.10000610351562,131.0399932861328,5760000
2001-02-21,79.74761199951172,125.62000274658205,128.83999633789062,125.5,127.9000015258789,10910800
2001-02-22,79.86825561523438,125.80999755859376,126.54000091552734,123.0199966430664,126.3499984741211,21281600
2001-02-23,79.32862854003906,124.95999908447266,125.54000091552734,121.8000030517578,125.08000183105467,20173000
2001-02-26,81.01727294921875,127.62000274658205,127.62000274658205,124.5,125.8000030517578,11503700
2001-02-27,80.2681884765625,126.44000244140624,127.83999633789062,125.51000213623048,126.8000030517578,11415000
2001-02-28,78.68743133544922,123.9499969482422,126.83999633789062,123.2699966430664,126.75,14825800
2001-03-01,79.10010528564453,124.5999984741211,124.5999984741211,121.75,124.0500030517578,14672000
2001-03-02,78.47161102294922,123.61000061035156,125.6500015258789,122.3000030517578,122.5,12564300
2001-03-05,79.18898010253906,124.73999786376952,124.77999877929688,123.80999755859376,124.1500015258789,5293200
2001-03-06,80.03965759277344,126.08000183105467,127.75,125.48999786376952,126.3499984741211,6917000
2001-03-07,80.61100006103516,126.9800033569336,127.04000091552734,125.76000213623048,126.9000015258789,6371700
2001-03-08,80.69986724853516,127.12000274658205,127.23999786376952,126.13999938964844,126.5999984741211,6055000
2001-03-09,78.31293487548828,123.36000061035156,126.0999984741211,123.11000061035156,126.0999984741211,10020300
2001-03-12,74.96100616455078,118.08000183105467,122.5,117.75,122.33999633789062,13972900
2001-03-13,76.19254302978516,120.0199966430664,120.44000244140624,117.52999877929688,119.4000015258789,12888000
2001-03-14,74.68798828125,117.6500015258789,119.29000091552734,115.75,117.0500030517578,19883400
2001-03-15,74.70706176757812,117.68000030517578,118.86000061035156,117.36000061035156,118.4499969482422,10370300
2001-03-16,73.20863342285156,115.01000213623048,117.4000015258789,114.80999755859376,117.12999725341795,58514600
2001-03-19,74.69811248779297,117.3499984741211,117.69000244140624,114.81999969482422,115.76000213623048,10067800
2001-03-20,72.69305419921875,114.1999969482422,118.45999908447266,114.11000061035156,117.9000015258789,15083900
2001-03-21,71.45813751220703,112.26000213623048,115.26000213623048,111.9000015258789,114.18000030517578,19004600
2001-03-22,70.73248291015625,111.12000274658205,112.5999984741211,108.04000091552734,112.0199966430664,28624800
2001-03-23,72.87126922607422,114.4800033569336,114.66000366210938,111.5,113.25,12861700
2001-03-26,73.80058288574219,115.94000244140624,116.2699966430664,114.7699966430664,115.6999969482422,9943800
2001-03-27,75.30921173095703,118.30999755859376,118.6500015258789,115.27999877929688,115.62000274658205,12880700
2001-03-28,73.22775268554688,115.04000091552734,116.9499969482422,114.9000015258789,116.9000015258789,10953300
2001-03-29,73.50777435302734,115.4800033569336,116.5,112.13999938964844,114.6999969482422,12060300
2001-03-30,74.27804565429688,116.69000244140624,116.69000244140624,114.5,115.5500030517578,9183600
2001-04-02,72.69305419921875,114.1999969482422,117.37999725341795,113.8000030517578,116.3000030517578,10561000
2001-04-03,70.2677993774414,110.38999938964844,114.1500015258789,110.05999755859376,113.9800033569336,12836000
2001-04-04,70.56063079833984,110.8499984741211,112.0999984741211,109.3000030517578,110.56999969482422,14884300
2001-04-05,73.23408508300781,115.0500030517578,115.48999786376952,112.5,113.3000030517578,21522800
2001-04-06,72.12016296386719,113.3000030517578,114.4000015258789,112.05999755859376,113.98999786376952,14937800
2001-04-09,72.92221069335938,114.55999755859376,114.98999786376952,112.77999877929688,114.0,9034300
2001-04-10,74.2525405883789,116.6500015258789,117.75,115.16999816894533,115.4499969482422,17873600
2001-04-11,74.30349731445312,116.7300033569336,118.98999786376952,116.13999938964844,118.77999877929688,12722300
2001-04-12,75.65292358398438,118.8499984741211,118.94000244140624,115.95999908447266,116.3000030517578,9233200
2001-04-16,74.85729217529297,117.5999984741211,118.88999938964844,116.91000366210938,118.29000091552734,7350000
2001-04-17,75.91394805908203,119.26000213623048,119.66000366210938,117.0199966430664,117.30999755859376,10924700
2001-04-18,78.93115997314453,124.0,126.0,120.69000244140624,121.05999755859376,32481600
2001-04-19,79.98140716552734,125.6500015258789,125.83999633789062,123.58000183105467,124.25,13809900
2001-04-20,79.24944305419922,124.5,125.4000015258789,123.66000366210938,124.9000015258789,7626700
2001-04-23,77.8108139038086,122.23999786376952,123.88999938964844,121.91000366210938,123.6500015258789,8451800
2001-04-24,77.39071655273438,121.58000183105467,123.6500015258789,121.0999984741211,122.5199966430664,10044700
2001-04-25,78.40280151367188,123.16999816894533,123.66999816894533,120.9499969482422,121.41999816894533,8249000
2001-04-26,78.75289154052734,123.72000122070312,125.22000122070312,123.5,123.7300033569336,10590400
2001-04-27,80.0641860961914,125.77999877929688,125.83999633789062,124.1999969482422,124.91999816894533,7938700
2001-04-30,80.62432861328125,126.66000366210938,127.2699966430664,124.66999816894533,126.4499969482422,10766900
2001-05-01,80.8725814819336,127.0500030517578,127.1500015258789,124.5999984741211,125.06999969482422,10578000
2001-05-02,80.72618865966797,126.81999969482422,127.69000244140624,126.0,127.41000366210938,9572900
2001-05-03,79.70138549804688,125.20999908447266,126.1500015258789,124.22000122070312,126.12999725341795,9926200
2001-05-04,81.05715942382812,127.33999633789062,127.3499984741211,123.44000244140624,123.6500015258789,12145300
2001-05-07,80.35700225830078,126.23999786376952,127.37999725341795,126.2300033569336,126.86000061035156,7185200
2001-05-08,80.31880950927734,126.18000030517578,127.0999984741211,125.55999755859376,126.86000061035156,6952600
2001-05-09,79.98140716552734,125.6500015258789,126.5500030517578,125.05999755859376,125.25,9507400
2001-05-10,80.21695709228516,126.0199966430664,127.5,125.7699966430664,127.26000213623048,6872400
2001-05-11,79.66313171386719,125.1500015258789,126.48999786376952,124.4000015258789,126.0,7734400
2001-05-14,79.82231140136719,125.4000015258789,125.44000244140624,124.45999908447266,124.9000015258789,7914000
2001-05-15,80.19152069091797,125.9800033569336,126.5,124.8499984741211,125.5500030517578,9782200
2001-05-16,82.08203125,128.9499969482422,129.1999969482422,124.62000274658205,124.83999633789062,14909000
2001-05-17,82.20931243896484,129.14999389648438,130.0800018310547,128.55999755859375,129.0,11824600
2001-05-18,82.58490753173828,129.74000549316406,129.74000549316406,128.10000610351562,129.08999633789062,6683100
2001-05-21,83.8006820678711,131.64999389648438,131.83999633789062,129.14999389648438,129.83999633789062,11531500
2001-05-22,83.69248962402344,131.47999572753906,132.08999633789062,131.07000732421875,131.8300018310547,8342700
2001-05-23,82.27297973632812,129.25,131.0500030517578,129.25,131.0500030517578,12330800
2001-05-24,82.51487731933594,129.6300048828125,130.0,128.5500030517578,129.47000122070312,7902800
2001-05-25,81.54093933105469,128.10000610351562,129.6999969482422,127.9000015258789,129.64999389648438,7425000
2001-05-29,80.89173126220703,127.08000183105467,128.35000610351562,126.9000015258789,128.22000122070312,9003900
2001-05-30,79.75865173339844,125.3000030517578,127.08999633789062,125.0,126.58999633789062,10041800
2001-05-31,80.1723861694336,125.9499969482422,126.76000213623048,125.26000213623048,125.43000030517578,9874200
2001-06-01,80.66889953613281,126.7300033569336,127.0999984741211,125.12000274658205,126.1999969482422,8848300
2001-06-04,81.05715942382812,127.33999633789062,127.43000030517578,126.08000183105467,126.8000030517578,5623500
2001-06-05,81.98655700683594,128.8000030517578,129.22999572753906,127.2699966430664,127.48999786376952,9115400
2001-06-06,81.30542755126953,127.7300033569336,128.8300018310547,127.36000061035156,128.8300018310547,12064900
2001-06-07,81.59823608398438,128.19000244140625,128.35000610351562,127.0,127.0500030517578,7355300
2001-06-08,80.84078979492188,127.0,127.87000274658205,126.13999938964844,127.6999969482422,8170600
2001-06-11,80.26789855957031,126.0999984741211,126.98999786376952,125.41000366210938,126.70999908447266,7012200
2001-06-12,80.12787628173828,125.87999725341795,126.73999786376952,124.04000091552734,124.86000061035156,9364400
2001-06-13,79.4404067993164,124.8000030517578,126.58000183105467,124.6500015258789,126.16999816894533,7629400
2001-06-14,77.65804290771484,122.0,124.3000030517578,121.75,124.18000030517578,12603000
2001-06-15,77.783203125,121.8499984741211,122.4000015258789,120.4000015258789,120.91000366210938,16821100
2001-06-18,77.40656280517578,121.26000213623048,122.44000244140624,120.91000366210938,121.6500015258789,11368300
2001-06-19,77.7448501586914,121.79000091552734,122.88999938964844,120.88999938964844,122.37999725341795,7732300
2001-06-20,78.1534194946289,122.43000030517578,122.86000061035156,121.0999984741211,121.19000244140624,8787200
2001-06-21,79.04071044921875,123.81999969482422,124.30999755859376,122.1500015258789,122.22000122070312,12259100
2001-06-22,78.42152404785156,122.8499984741211,123.58999633789062,122.16000366210938,123.48999786376952,12212000
2001-06-25,77.7001953125,121.72000122070312,123.44000244140624,121.5,123.27999877929688,8406800
2001-06-26,77.59170532226562,121.5500030517578,122.38999938964844,120.56999969482422,120.9000015258789,8005800
2001-06-27,77.54698181152344,121.4800033569336,122.23999786376952,120.91000366210938,121.5999984741211,10105100
2001-06-28,77.97467041015625,122.1500015258789,123.94000244140624,121.93000030517578,122.0,10269300
2001-06-29,78.26195526123047,122.5999984741211,124.01000213623048,122.26000213623048,122.8000030517578,9824200
2001-07-02,79.2386245727539,124.12999725341795,124.31999969482422,122.62000274658205,122.8000030517578,8522200
2001-07-03,79.21945190429688,124.0999984741211,124.0999984741211,123.0500030517578,123.9800033569336,3303100
2001-07-05,77.67469024658203,121.68000030517578,123.6500015258789,121.66000366210938,123.06999969482422,5517900
2001-07-06,75.99579620361328,119.0500030517578,121.48999786376952,119.0500030517578,121.30999755859376,11665900
2001-07-09,76.41072845458984,119.6999969482422,120.54000091552734,119.1999969482422,119.48999786376952,8339300
2001-07-10,75.49152374267578,118.26000213623048,120.63999938964844,118.20999908447266,120.29000091552734,8630700
2001-07-11,75.5680923461914,118.37999725341795,118.88999938964844,117.08999633789062,118.0999984741211,15328600
2001-07-12,77.36186981201172,121.19000244140624,121.47000122070312,119.30999755859376,119.5,12002800
2001-07-13,78.0321044921875,122.23999786376952,122.31999969482422,120.62000274658205,120.83999633789062,10433800
2001-07-16,77.0554428100586,120.70999908447266,122.27999877929688,120.29000091552734,121.7699966430664,6915300
2001-07-17,77.77676391601562,121.83999633789062,121.9499969482422,119.83000183105467,120.1999969482422,7469800
2001-07-18,77.24695587158203,121.01000213623048,121.63999938964844,120.05999755859376,120.55999755859376,7709300
2001-07-19,77.92362213134766,122.06999969482422,122.9800033569336,120.76000213623048,122.18000030517578,10082900
2001-07-20,77.4576187133789,121.33999633789062,121.94000244140624,120.91999816894533,121.1500015258789,6705800
2001-07-23,75.93194580078125,118.9499969482422,121.87999725341795,118.9499969482422,121.8000030517578,8065200
2001-07-24,75.1978530883789,117.8000030517578,119.1999969482422,116.75,119.0,12269000
2001-07-25,76.0277328491211,119.0999984741211,119.4800033569336,117.45999908447266,117.91999816894533,12088500
2001-07-26,76.82565307617188,120.3499984741211,120.8499984741211,118.55999755859376,119.05999755859376,12898200
2001-07-27,77.11930847167969,120.80999755859376,121.3499984741211,119.91000366210938,120.83000183105467,8478800
2001-07-30,77.14481353759766,120.8499984741211,121.3499984741211,120.3000030517578,121.19000244140624,8547700
2001-07-31,77.4640121459961,121.3499984741211,122.68000030517578,120.8000030517578,121.0,11918100
2001-08-01,77.94916534423828,122.11000061035156,122.6999969482422,121.5500030517578,121.97000122070312,11940800
2001-08-02,78.26832580566406,122.61000061035156,123.25,121.88999938964844,123.2300033569336,11070100
2001-08-03,77.84062194824219,121.94000244140624,122.36000061035156,120.9000015258789,122.36000061035156,10816300
2001-08-06,76.79373168945312,120.3000030517578,121.51000213623048,120.0999984741211,121.3499984741211,8550100
2001-08-07,77.0937728881836,120.7699966430664,121.1999969482422,119.91000366210938,120.2699966430664,8865100
2001-08-08,75.66386413574219,118.52999877929688,121.16000366210938,118.43000030517578,120.12000274658205,15183800
2001-08-09,75.88729858398438,118.87999725341795,118.97000122070312,117.86000061035156,118.6999969482422,14118500
2001-08-10,76.14901733398438,119.29000091552734,119.83999633789062,117.33999633789062,118.8000030517578,11173300
2001-08-13,76.16814422607422,119.31999969482422,119.8499984741211,118.80999755859376,119.5999984741211,7431600
2001-08-14,76.13623046875,119.2699966430664,120.3499984741211,118.8000030517578,120.13999938964844,13178100
2001-08-15,75.47870635986328,118.23999786376952,119.61000061035156,118.08000183105467,119.2300033569336,8520600
2001-08-16,75.74044036865234,118.6500015258789,118.75,117.0,117.8000030517578,10734700
2001-08-17,74.52758026123047,116.75,117.87000274658205,116.01000213623048,117.6500015258789,11604600
2001-08-20,75.21697235107422,117.83000183105467,117.9000015258789,116.5500030517578,116.8000030517578,10417400
2001-08-21,73.9339370727539,115.81999969482422,118.54000091552734,115.8000030517578,117.8000030517578,14480800
2001-08-22,74.6999282836914,117.0199966430664,117.43000030517578,115.77999877929688,116.75,11752300
2001-08-23,74.43183135986328,116.5999984741211,117.5199966430664,116.48999786376952,116.95999908447266,8744100
2001-08-24,75.97663879394531,119.0199966430664,119.12999725341795,116.73999786376952,117.20999908447266,11687700
2001-08-27,75.5234146118164,118.30999755859376,119.1999969482422,118.26000213623048,118.97000122070312,7425100
2001-08-28,74.41907501220703,116.58000183105467,118.48999786376952,116.58000183105467,118.27999877929688,12046600
2001-08-29,73.75517272949219,115.54000091552734,117.18000030517578,115.16999816894533,117.12999725341795,16180000
2001-08-30,72.33804321289062,113.31999969482422,115.73999786376952,112.04000091552734,114.8499984741211,17692600
2001-08-31,72.86785888671875,114.1500015258789,114.7699966430664,113.12999725341795,113.4000015258789,15985400
2001-09-04,72.4018783569336,113.41999816894533,116.16999816894533,113.37000274658205,113.8499984741211,24473400
2001-09-05,72.58061218261719,113.6999969482422,114.19000244140624,111.9499969482422,113.6999969482422,21477100
2001-09-06,70.71023559570312,110.7699966430664,113.3000030517578,110.7699966430664,112.6500015258789,21653000
2001-09-07,69.40161895751953,108.72000122070312,111.25,108.62999725341795,110.0199966430664,33133900
2001-09-10,70.25060272216797,110.0500030517578,110.3499984741211,107.6999969482422,107.6999969482422,23408700
2001-09-17,66.58010864257812,104.3000030517578,106.4000015258789,100.0,101.0,32388700
2001-09-18,66.4205322265625,104.0500030517578,105.3000030517578,103.36000061035156,104.33000183105467,22029200
2001-09-19,65.07996368408203,101.9499969482422,104.5,98.55999755859376,104.0999984741211,42771800
2001-09-20,63.0117301940918,98.70999908447266,101.80999755859376,98.55999755859376,100.4000015258789,36210900
2001-09-21,62.33186340332031,97.27999877929688,98.98999786376952,93.8000030517578,94.27999877929688,49782100
2001-09-24,64.5232162475586,100.6999969482422,101.16000366210938,99.05999755859376,99.72000122070312,25549600
2001-09-25,65.19598388671875,101.75,102.0,99.9000015258789,100.75,25466200
2001-09-26,64.96537780761719,101.38999938964844,102.4000015258789,100.43000030517578,102.3499984741211,18587500
2001-09-27,65.52919006347656,102.2699966430664,102.29000091552734,100.0,101.25,20536800
2001-09-28,66.91960144042969,104.44000244140624,109.62000274658205,102.5,102.9800033569336,21687200
2001-10-01,66.8106918334961,104.2699966430664,104.31999969482422,102.83000183105467,103.9000015258789,20457400
2001-10-02,67.65008544921875,105.58000183105467,105.58000183105467,103.6500015258789,104.0,19833100
2001-10-03,68.78426361083984,107.3499984741211,107.87999725341795,104.3499984741211,104.5999984741211,32045800
2001-10-04,68.84187316894531,107.44000244140624,108.97000122070312,106.75,108.29000091552734,32674100
2001-10-05,68.70732116699219,107.2300033569336,107.62000274658205,105.5199966430664,107.25,29796100
2001-10-08,68.2587890625,106.52999877929688,107.3000030517578,105.87000274658205,106.2699966430664,12970300
2001-10-09,67.89356231689453,105.95999908447266,106.75,105.5999984741211,106.61000061035156,15976300
2001-10-10,69.4057388305664,108.31999969482422,108.5500030517578,105.5199966430664,105.8000030517578,19987400
2001-10-11,70.48219299316406,110.0,110.3000030517578,108.9499969482422,108.9499969482422,23006300
2001-10-12,70.16181945800781,109.5,109.88999938964844,107.3000030517578,109.1500015258789,31360500
2001-10-15,70.03360748291016,109.3000030517578,109.4499969482422,108.05999755859376,108.62999725341795,16873000
2001-10-16,70.47576141357422,109.98999786376952,110.61000061035156,108.9499969482422,109.8000030517578,15877100
2001-10-17,68.97640228271484,107.6500015258789,111.1500015258789,107.6500015258789,111.06999969482422,28542300
2001-10-18,68.82903289794922,107.41999816894533,108.16000366210938,106.75,107.81999969482422,16510000
2001-10-19,68.78426361083984,107.3499984741211,107.91000366210938,106.01000213623048,107.0,21912500
2001-10-22,70.14259338378906,109.47000122070312,109.56999969482422,107.20999908447266,107.3000030517578,17540600
2001-10-23,69.78376770019531,108.91000366210938,110.27999877929688,108.37999725341795,109.95999908447266,22062500
2001-10-24,69.59799194335938,108.62000274658205,109.4499969482422,108.22000122070312,108.9800033569336,16065200
2001-10-25,70.847412109375,110.56999969482422,110.5999984741211,106.73999786376952,107.4499969482422,27467900
2001-10-26,70.68719482421875,110.31999969482422,111.79000091552734,109.66999816894533,109.9499969482422,18623300
2001-10-29,68.84830474853516,107.4499969482422,110.5500030517578,107.4499969482422,110.16000366210938,18727500
2001-10-30,68.02172088623047,106.16000366210938,107.6999969482422,105.55999755859376,107.3499984741211,26178600
2001-10-31,67.79103088378906,105.8000030517578,107.86000061035156,105.8000030517578,106.9000015258789,28124200
2001-11-01,69.52745819091797,108.51000213623048,109.01000213623048,105.6999969482422,106.5999984741211,29806800
2001-11-02,70.0016098022461,109.25,109.37999725341795,107.87000274658205,108.44000244140624,17575900
2001-11-05,70.91789245605469,110.68000030517578,111.08999633789062,109.9499969482422,110.12000274658205,15929500
2001-11-06,72.02001190185547,112.4000015258789,112.4800033569336,109.8499984741211,110.3499984741211,23245800
2001-11-07,71.92381286621094,112.25,113.12000274658205,111.63999938964844,111.7699966430664,19716000
2001-11-08,72.14815521240234,112.5999984741211,114.08000183105467,111.9000015258789,112.87000274658205,22563500
2001-11-09,72.22502136230469,112.72000122070312,112.95999908447266,111.44000244140624,112.25,15895800
2001-11-12,71.78289031982422,112.02999877929688,112.6500015258789,110.0,111.0,26068800
2001-11-13,73.39759826660156,114.5500030517578,114.5500030517578,113.18000030517578,113.44000244140624,15296200
2001-11-14,73.46807098388672,114.66000366210938,115.4000015258789,113.70999908447266,115.16999816894533,17571300
2001-11-15,73.60263061523438,114.87000274658205,115.18000030517578,113.93000030517578,114.37000274658205,19470200
2001-11-16,73.27581787109375,114.36000061035156,115.0999984741211,113.4000015258789,115.08000183105467,18134900
2001-11-19,74.17931365966797,115.7699966430664,115.8499984741211,114.4499969482422,114.91999816894533,13625400
2001-11-20,73.55778503417969,114.8000030517578,115.8000030517578,114.63999938964844,115.37000274658205,16209700
2001-11-21,73.07080841064453,114.04000091552734,114.66999816894533,113.51000213623048,114.5,11470200
2001-11-23,74.1216812133789,115.68000030517578,115.75,114.0,114.04000091552734,6717100
2001-11-26,74.2818374633789,115.93000030517578,116.33999633789062,115.06999969482422,115.75,13726000
2001-11-27,73.96147918701172,115.43000030517578,116.9000015258789,114.08999633789062,115.62000274658205,19261400
2001-11-28,72.62226867675781,113.33999633789062,115.16999816894533,113.25,114.73999786376952,20195500
2001-11-29,73.60263061523438,114.87000274658205,114.91999816894533,113.0,113.66000366210938,16354700
2001-11-30,73.07720947265625,114.0500030517578,114.91000366210938,114.0199966430664,114.4000015258789,13680300
2001-12-03,72.64149475097656,113.37000274658205,114.08000183105467,113.01000213623048,113.6500015258789,15220400
2001-12-04,73.87174224853516,115.29000091552734,115.3000030517578,113.3499984741211,113.91999816894533,17239900
2001-12-05,75.22373962402344,117.4000015258789,118.0,115.55999755859376,115.61000061035156,25204000
2001-12-06,75.18524932861328,117.33999633789062,117.94000244140624,116.93000030517578,117.33999633789062,17972900
2001-12-07,74.68549346923828,116.55999755859376,117.08999633789062,115.6999969482422,116.9000015258789,18857800
2001-12-10,73.2886734008789,114.37999725341795,116.38999938964844,114.3499984741211,115.8499984741211,13862700
2001-12-11,73.14127349853516,114.1500015258789,115.72000122070312,113.9000015258789,114.9000015258789,20833300
2001-12-12,73.22455596923828,114.27999877929688,114.77999877929688,113.11000061035156,114.5500030517578,16171500
2001-12-13,71.80210876464844,112.05999755859376,113.6999969482422,112.04000091552734,113.4499969482422,19026700
2001-12-14,72.48773193359375,113.12999725341795,113.48999786376952,112.0,112.33000183105467,16721900
2001-12-17,73.23741912841797,114.3000030517578,114.36000061035156,112.9000015258789,112.98999786376952,13925900
2001-12-18,73.6730728149414,114.9800033569336,115.1500015258789,114.33999633789062,114.62999725341795,13663700
2001-12-19,74.19209289550781,115.79000091552734,115.91999816894533,114.0,114.08999633789062,20143400
2001-12-20,73.46166229248047,114.6500015258789,115.8000030517578,114.5500030517578,115.5,14867900
2001-12-21,73.9072494506836,114.9499969482422,115.06999969482422,114.1999969482422,115.02999877929688,14037700
2001-12-24,73.76578521728516,114.7300033569336,115.04000091552734,114.61000061035156,114.83000183105467,5728800
2001-12-26,74.17085266113281,115.36000061035156,116.20999908447266,114.6500015258789,114.6500015258789,10304800
2001-12-27,74.62091064453125,116.05999755859376,116.08000183105467,115.25,115.3000030517578,9407300
2001-12-28,74.58232116699219,116.0,116.75,115.91999816894533,116.29000091552734,10593800
2001-12-31,73.48931884765625,114.3000030517578,116.38999938964844,114.2300033569336,116.1500015258789,14619500
2002-01-02,74.2801284790039,115.52999877929688,115.75,113.80999755859376,115.11000061035156,18651900
2002-01-03,75.12239074707031,116.83999633789062,116.9499969482422,115.54000091552734,115.6500015258789,15743000
2002-01-04,75.62387084960938,117.62000274658205,117.9800033569336,116.5500030517578,117.16999816894533,20140700
2002-01-07,75.09027862548828,116.79000091552734,117.98999786376952,116.55999755859376,117.6999969482422,13106500
2002-01-08,74.9166259765625,116.5199966430664,117.05999755859376,115.97000122070312,116.79000091552734,12683700
2002-01-09,74.30583953857422,115.56999969482422,117.77999877929688,115.33999633789062,116.68000030517578,16610300
2002-01-10,74.63372802734375,116.08000183105467,116.3499984741211,115.3000030517578,115.69000244140624,12823400
2002-01-11,73.90078735351562,114.94000244140624,116.27999877929688,114.6999969482422,116.20999908447266,13708400
2002-01-14,73.43788146972656,114.22000122070312,114.83999633789062,113.95999908447266,114.6500015258789,12301100
2002-01-15,74.03582763671875,115.1500015258789,115.38999938964844,113.9000015258789,114.5500030517578,20219900
2002-01-16,72.53778076171875,112.81999969482422,114.4000015258789,112.69000244140624,114.3000030517578,17067000
2002-01-17,73.08423614501953,113.66999816894533,114.23999786376952,113.4000015258789,113.76000213623048,17283400
2002-01-18,72.74990844726562,113.1500015258789,113.8499984741211,112.66999816894533,113.0,17028000
2002-01-22,72.2483901977539,112.37000274658205,113.93000030517578,112.0199966430664,113.75,11689300
2002-01-23,72.80133819580078,113.2300033569336,113.5500030517578,112.0199966430664,112.62999725341795,12438900
2002-01-24,73.0263671875,113.58000183105467,114.25,113.31999969482422,113.63999938964844,12142800
2002-01-25,73.00707244873047,113.5500030517578,114.18000030517578,113.04000091552734,113.12000274658205,12810700
2002-01-28,73.20637512207031,113.86000061035156,114.19000244140624,112.91999816894533,113.9000015258789,10589200
2002-01-29,70.90464782714844,110.27999877929688,114.12999725341795,110.0500030517578,113.8499984741211,27720800
2002-01-30,71.92688751220703,111.87000274658205,113.38999938964844,108.4000015258789,110.38999938964844,34711800
2002-01-31,72.76918029785156,113.18000030517578,113.3000030517578,111.62000274658205,112.1500015258789,19909200
2002-02-01,72.42843627929688,112.6500015258789,113.3000030517578,112.16999816894533,113.08999633789062,15838500
2002-02-04,70.628173828125,109.8499984741211,112.2300033569336,109.44000244140624,112.2300033569336,24243400
2002-02-05,70.19097900390625,109.16999816894533,110.48999786376952,108.52999877929688,109.4000015258789,33614000
2002-02-06,69.88877868652344,108.6999969482422,109.73999786376952,108.05999755859376,109.6500015258789,29486000
2002-02-07,69.45157623291016,108.0199966430664,109.86000061035156,108.0,108.72000122070312,23445400
2002-02-08,70.78251647949219,110.08999633789062,110.75,108.3000030517578,108.62999725341795,19277800
2002-02-11,71.65048217773438,111.44000244140624,111.63999938964844,109.81999969482422,110.0500030517578,18792400
2002-02-12,71.4254379272461,111.08999633789062,111.70999908447266,110.02999877929688,110.95999908447266,13942500
2002-02-13,72.18412017822266,112.2699966430664,112.54000091552734,111.3499984741211,111.4800033569336,16781100
2002-02-14,72.049072265625,112.05999755859376,112.97000122070312,111.58999633789062,112.51000213623048,20453800
2002-02-15,71.29685974121094,110.88999938964844,112.23999786376952,110.70999908447266,112.1500015258789,18366800
2002-02-19,69.92736053466797,108.76000213623048,110.29000091552734,108.61000061035156,110.1500015258789,15988100
2002-02-20,71.1039810180664,110.58999633789062,110.58999633789062,107.81999969482422,109.0500030517578,29242800
2002-02-21,69.63160705566406,108.3000030517578,110.62999725341795,108.26000213623048,109.93000030517578,26288600
2002-02-22,70.49315643310547,109.63999938964844,109.94000244140624,107.87000274658205,108.3499984741211,26572900
2002-02-25,71.65689086914062,111.4499969482422,111.80999755859376,109.6999969482422,109.73999786376952,17458700
2002-02-26,71.5090103149414,111.22000122070312,112.04000091552734,110.56999969482422,111.5999984741211,22346500
2002-02-27,71.78547668457031,111.6500015258789,112.86000061035156,110.6500015258789,111.95999908447266,28597900
2002-02-28,71.46400451660156,111.1500015258789,112.75,111.02999877929688,111.83000183105467,23755400
2002-03-01,73.12923431396484,113.73999786376952,113.8499984741211,111.51000213623048,111.72000122070312,26273600
2002-03-04,74.42156982421875,115.75,115.98999786376952,113.6500015258789,113.9000015258789,27184600
2002-03-05,74.18370056152344,115.37999725341795,116.4000015258789,114.97000122070312,115.33000183105467,22718900
2002-03-06,75.06451416015625,116.75,117.1500015258789,115.06999969482422,115.0999984741211,20143200
2002-03-07,74.9037857055664,116.5,117.5,115.56999969482422,117.36000061035156,19330800
2002-03-08,75.21883392333984,116.98999786376952,117.9000015258789,116.4800033569336,117.37999725341795,19930100
2002-03-11,75.37960052490234,117.23999786376952,117.9000015258789,116.43000030517578,116.88999938964844,15621800
2002-03-12,75.3345718383789,117.16999816894533,117.25,115.94000244140624,116.0999984741211,17153600
2002-03-13,74.60803985595703,116.04000091552734,116.75,115.63999938964844,116.62999725341795,17175300
2002-03-14,74.50517272949219,115.87999725341795,116.43000030517578,115.62999725341795,116.04000091552734,11168100
2002-03-15,75.21509552001953,116.6500015258789,116.9499969482422,115.9000015258789,115.97000122070312,21220100
2002-03-18,75.22797393798828,116.66999816894533,117.55999755859376,116.0999984741211,117.0999984741211,17548900
2002-03-19,75.73091888427734,117.4499969482422,117.73999786376952,116.81999969482422,117.3000030517578,17912000
2002-03-20,74.30591583251953,115.23999786376952,116.58000183105467,115.19000244140624,116.5,17114500
2002-03-21,74.33816528320312,115.29000091552734,115.9000015258789,114.12000274658205,115.3000030517578,25846800
2002-03-22,74.17696380615234,115.04000091552734,115.94000244140624,114.6999969482422,115.5,15235400
2002-03-25,73.25492858886719,113.61000061035156,115.36000061035156,113.3000030517578,115.08999633789062,17499600
2002-03-26,73.68049621582031,114.2699966430664,115.0199966430664,113.47000122070312,113.5199966430664,19947600
2002-03-27,73.87391662597656,114.56999969482422,115.01000213623048,113.76000213623048,114.02999877929688,19020300
2002-03-28,73.8416748046875,114.5199966430664,115.7699966430664,114.5,114.97000122070312,17532900
2002-04-01,73.87391662597656,114.56999969482422,115.0999984741211,113.5,114.2300033569336,17711000
2002-04-02,73.46768188476562,113.94000244140624,114.9499969482422,113.7699966430664,113.9800033569336,15669500
2002-04-03,72.9518814086914,113.13999938964844,114.20999908447266,112.16000366210938,114.01000213623048,25658500
2002-04-04,72.64881134033203,112.66999816894533,113.4000015258789,112.2300033569336,112.5999984741211,23549000
2002-04-05,72.66171264648438,112.69000244140624,113.62999725341795,112.18000030517578,113.19000244140624,19404900
2002-04-08,72.81643676757812,112.93000030517578,113.02999877929688,111.2300033569336,111.31999969482422,16470100
2002-04-09,72.30707550048828,112.13999938964844,113.18000030517578,111.93000030517578,113.18000030517578,15122700
2002-04-10,73.12596130371094,113.41000366210938,113.54000091552734,112.08999633789062,112.0999984741211,17199300
2002-04-11,71.30764770507812,110.58999633789062,113.0500030517578,110.5,112.88999938964844,25453700
2002-04-12,71.84284210205078,111.41999816894533,111.6500015258789,110.04000091552734,111.0199966430664,14950600
2002-04-15,71.29473114013672,110.56999969482422,111.86000061035156,110.1999969482422,111.62000274658205,17394900
2002-04-16,72.99056243896484,113.1999969482422,113.31999969482422,111.66999816894533,111.6999969482422,15040900
2002-04-17,72.83577728271484,112.95999908447266,113.66999816894533,112.5999984741211,113.38999938964844,12920100
2002-04-18,72.51985931396484,112.47000122070312,113.45999908447266,111.1500015258789,112.9000015258789,25204800
2002-04-19,72.78424835205078,112.87999725341795,113.23999786376952,112.55999755859376,113.1999969482422,10499200
2002-04-22,71.572021484375,111.0,112.43000030517578,110.83999633789062,112.37999725341795,13922900
2002-04-23,71.26248168945312,110.5199966430664,111.4800033569336,110.16999816894533,111.08999633789062,16967000
2002-04-24,70.54679107666016,109.41000366210938,111.80999755859376,109.4000015258789,110.55999755859376,18902700
2002-04-25,70.58546447753906,109.47000122070312,109.73999786376952,108.72000122070312,109.20999908447266,25451500
2002-04-26,69.24429321289062,107.38999938964844,110.01000213623048,107.29000091552734,109.79000091552734,19769800
2002-04-29,68.90254974365234,106.86000061035156,108.26000213623048,106.62999725341795,107.93000030517578,17724400
2002-04-30,69.54734802246094,107.86000061035156,108.63999938964844,106.63999938964844,107.0199966430664,19473500
2002-05-01,70.39844512939453,109.18000030517578,109.25,106.8000030517578,107.97000122070312,24575600
2002-05-02,70.12765502929688,108.76000213623048,109.91000366210938,107.77999877929688,109.0999984741211,15666800
2002-05-03,69.36682891845703,107.58000183105467,108.76000213623048,107.1999969482422,108.5999984741211,18185500
2002-05-06,68.00633239746094,105.47000122070312,107.98999786376952,105.30999755859376,107.63999938964844,23630400
2002-05-07,67.76776123046875,105.0999984741211,106.31999969482422,104.9000015258789,106.0999984741211,21910000
2002-05-08,70.28882598876953,109.01000213623048,109.36000061035156,106.79000091552734,107.0500030517578,27917400
2002-05-09,69.4764404296875,107.75,109.0999984741211,107.58000183105467,108.6500015258789,18085600
2002-05-10,68.16748809814453,105.72000122070312,108.0500030517578,105.5999984741211,107.97000122070312,18958900
2002-05-13,69.55379486083984,107.87000274658205,107.9499969482422,105.79000091552734,106.22000122070312,14677700
2002-05-14,71.06902313232422,110.22000122070312,110.37000274658205,109.0,109.62000274658205,34201200
2002-05-15,70.79179382324219,109.79000091552734,110.91000366210938,109.29000091552734,109.5,29535300
2002-05-16,71.15934753417969,110.36000061035156,110.4800033569336,109.33000183105467,109.6999969482422,28092000
2002-05-17,71.50749206542969,110.9000015258789,111.25,110.0999984741211,110.66000366210938,27823700
2002-05-20,70.73374938964844,109.6999969482422,110.69000244140624,109.48999786376952,110.63999938964844,13833800
2002-05-21,70.08897399902344,108.6999969482422,110.4800033569336,108.31999969482422,110.11000061035156,16877200
2002-05-22,70.24372863769531,108.94000244140624,109.12000274658205,108.0,108.22000122070312,15844200
2002-05-23,70.9916763305664,110.0999984741211,110.36000061035156,108.4800033569336,109.26000213623048,13879800
2002-05-24,70.08251953125,108.69000244140624,110.1999969482422,108.61000061035156,109.9800033569336,11877000
2002-05-28,69.70207214355469,108.0999984741211,109.12999725341795,107.4499969482422,109.0500030517578,24236900
2002-05-29,69.1862564086914,107.3000030517578,108.0199966430664,107.12999725341795,107.62000274658205,14773300
2002-05-30,68.99285125732422,107.0,107.51000213623048,105.9000015258789,106.5500030517578,18217900
2002-05-31,69.1346664428711,107.22000122070312,108.55999755859376,106.8499984741211,107.4000015258789,19826300
2002-06-03,67.2970199584961,104.37000274658205,107.5999984741211,104.12999725341795,107.08999633789062,26056300
2002-06-04,67.46468353271484,104.62999725341795,105.1999969482422,103.5500030517578,104.1500015258789,25856200
2002-06-05,68.09657287597656,105.61000061035156,105.66999816894533,104.3499984741211,104.9499969482422,19695900
2002-06-06,66.71026611328125,103.45999908447266,105.5999984741211,103.1500015258789,105.54000091552734,22998500
2002-06-07,66.63288879394531,103.33999633789062,103.91999816894533,101.72000122070312,101.77999877929688,24011600
2002-06-10,66.89080047607422,103.73999786376952,104.45999908447266,103.0199966430664,103.23999786376952,18759900
2002-06-11,65.74307250976562,101.95999908447266,104.54000091552734,101.7300033569336,104.12999725341795,19990700
2002-06-12,66.1428451538086,102.58000183105467,102.80999755859376,100.77999877929688,101.70999908447266,31266000
2002-06-13,65.47872924804688,101.5500030517578,103.0,101.33999633789062,102.12999725341795,21043900
2002-06-14,65.38197326660156,101.4000015258789,101.55999755859376,98.5,100.30999755859376,39267500
2002-06-17,67.13582611083984,104.12000274658205,104.33999633789062,101.8499984741211,101.91999816894533,17647200
2002-06-18,67.68391418457031,104.97000122070312,105.02999877929688,103.62999725341795,103.73999786376952,21628500
2002-06-19,66.10417175292969,102.5199966430664,104.43000030517578,102.23999786376952,103.5,21540700
2002-06-20,65.2594985961914,101.20999908447266,103.0500030517578,100.95999908447266,102.26000213623048,25691000
2002-06-21,64.23908996582031,99.27999877929688,100.93000030517578,98.68000030517578,100.47000122070312,31190700
2002-06-24,64.5755615234375,99.8000030517578,100.69000244140624,97.25,98.61000061035156,37169700
2002-06-25,63.12616729736328,97.55999755859376,100.88999938964844,97.54000091552734,100.3000030517578,33355000
2002-06-26,63.22968292236328,97.72000122070312,98.1500015258789,95.19000244140624,95.1999969482422,37913600
2002-06-27,64.33613586425781,99.43000030517578,99.48999786376952,96.56999969482422,98.5,31616400
2002-06-28,64.03203582763672,98.95999908447266,100.5,98.87999725341795,99.23999786376952,28184200
2002-07-01,62.783206939697266,97.02999877929688,99.8000030517578,96.88999938964844,99.18000030517578,20270200
2002-07-02,61.4503173828125,94.97000122070312,97.1999969482422,94.7699966430664,96.86000061035156,34213900
2002-07-03,61.79970169067383,95.51000213623048,95.83999633789062,93.72000122070312,94.62000274658205,30565800
2002-07-05,64.25849914550781,99.30999755859376,99.52999877929688,96.66000366210938,96.77999877929688,19013500
2002-07-08,63.45615005493164,98.06999969482422,99.6999969482422,97.55999755859376,98.9800033569336,19118600
2002-07-09,61.857933044433594,95.5999984741211,98.33999633789062,95.01000213623048,97.7300033569336,28620400
2002-07-10,59.606201171875,92.12000274658205,96.06999969482422,92.04000091552734,96.0,50522500
2002-07-11,60.09148788452149,92.87000274658205,93.3499984741211,90.31999969482422,91.76000213623048,59476500
2002-07-12,59.43150329589844,91.8499984741211,93.88999938964844,91.5199966430664,93.33000183105467,39018600
2002-07-15,59.748565673828125,92.33999633789062,92.4000015258789,87.88999938964844,91.63999938964844,77317200
2002-07-16,58.5967903137207,90.55999755859376,92.37999725341795,89.87000274658203,91.12000274658205,53282400
2002-07-17,58.71327590942383,90.73999786376952,93.3000030517578,89.75,92.45999908447266,48880600
2002-07-18,56.81098175048828,87.80000305175781,91.0999984741211,87.75,90.6999969482422,32656700
2002-07-19,54.811580657958984,84.70999908447266,87.55000305175781,84.30000305175781,86.76000213623047,77572600
2002-07-22,53.18749237060547,82.19999694824219,85.91000366210938,81.44999694824219,84.0999984741211,78134000
2002-07-23,51.73162841796875,79.94999694824219,83.23999786376953,79.75,82.55000305175781,74484100
2002-07-24,54.818058013916016,84.72000122070312,85.12000274658203,77.68000030517578,78.12999725341797,107022800
2002-07-25,54.35218048095703,84.0,85.8499984741211,81.5999984741211,84.2699966430664,87176600
2002-07-26,55.38747024536133,85.5999984741211,85.93000030517578,83.80000305175781,84.6500015258789,41206800
2002-07-29,58.08566665649414,89.7699966430664,90.33999633789062,87.30000305175781,87.5,53492900
2002-07-30,58.842716217041016,90.94000244140624,91.4000015258789,88.72000122070312,89.31999969482422,47532200
2002-07-31,58.98503875732422,91.16000366210938,91.5500030517578,89.25,90.48999786376952,44669900
2002-08-01,57.4450569152832,88.77999877929688,91.3499984741211,88.33000183105469,90.87999725341795,66571900
2002-08-02,56.15743637084961,86.79000091552734,88.91000366210938,85.62000274658203,88.5,51772900
2002-08-05,54.2033576965332,83.7699966430664,86.93000030517578,83.55000305175781,86.48999786376953,47191300
2002-08-06,56.028018951416016,86.58999633789062,87.9000015258789,85.11000061035156,85.2300033569336,64730000
2002-08-07,57.005069732666016,88.0999984741211,88.5,85.7699966430664,87.87000274658203,43289400
2002-08-08,58.84914779663086,90.9499969482422,91.0999984741211,87.80000305175781,88.41999816894531,48339800
2002-08-09,59.06917190551758,91.29000091552734,91.94000244140624,89.3499984741211,90.0999984741211,41879200
2002-08-12,58.63565444946289,90.62000274658205,91.2699966430664,89.55000305175781,89.98999786376953,25841700
2002-08-13,57.56800079345703,88.97000122070312,91.66000366210938,88.6500015258789,90.1500015258789,49690500
2002-08-14,59.67092514038086,92.22000122070312,92.62999725341795,88.0199966430664,89.0199966430664,57423600
2002-08-15,60.4991455078125,93.5,93.98999786376952,92.1999969482422,92.83999633789062,45551500
2002-08-16,60.31794738769531,93.22000122070312,94.08000183105467,92.0,92.81999969482422,36517300
2002-08-19,61.72854995727539,95.4000015258789,95.75,93.0999984741211,93.45999908447266,33669900
2002-08-20,61.07501220703125,94.38999938964844,95.4000015258789,93.62000274658205,94.81999969482422,30508300
2002-08-21,61.95500946044922,95.75,95.77999877929688,93.56999969482422,95.05999755859376,39628900
2002-08-22,62.55673599243164,96.68000030517578,97.1500015258789,95.06999969482422,95.48999786376952,38399800
2002-08-23,61.21089553833008,94.5999984741211,96.1500015258789,94.1500015258789,96.01000213623048,33716400
2002-08-26,61.63794708251953,95.26000213623048,95.63999938964844,93.5,94.91000366210938,33830100
2002-08-27,60.92621612548828,94.16000366210938,96.25,93.5,95.6999969482422,35335700
2002-08-28,59.59327697753906,92.0999984741211,93.48999786376952,91.8000030517578,93.27999877929688,38970600
2002-08-29,59.61916732788086,92.13999938964844,93.0500030517578,90.80999755859376,91.2699966430664,42965700
2002-08-30,59.3862190246582,91.77999877929688,93.38999938964844,91.4000015258789,91.68000030517578,30366700
2002-09-03,57.121524810791016,88.27999877929688,91.0,88.1500015258789,90.7300033569336,76586400
2002-09-04,57.93684005737305,89.54000091552734,90.25,88.05999755859375,88.61000061035156,51099500
2002-09-05,57.4450569152832,88.77999877929688,89.43000030517578,87.5,88.48999786376953,67250900
2002-09-06,58.23445892333984,90.0,90.56999969482422,89.33999633789062,89.75,38622200
2002-09-09,58.66154098510742,90.66000366210938,91.3499984741211,88.80000305175781,89.0999984741211,33998400
2002-09-10,59.33446502685547,91.6999969482422,91.77999877929688,90.55999755859376,91.13999938964844,41416600
2002-09-11,58.96562957763672,91.12999725341795,93.33000183105467,91.0999984741211,92.47000122070312,27711200
2002-09-12,57.87861251831055,89.44999694824219,90.83999633789062,88.98999786376953,90.75,43601700
2002-09-13,58.02095031738281,89.66999816894531,89.9000015258789,88.25,88.69000244140625,41131000
2002-09-16,58.16327667236328,89.88999938964844,89.88999938964844,88.45999908447266,89.30999755859375,28167600
2002-09-17,56.83036422729492,87.83000183105469,91.19000244140624,87.75,90.88999938964844,47609700
2002-09-18,56.260955810546875,86.94999694824219,88.5,86.27999877929688,87.01000213623047,54719400
2002-09-19,54.80509948730469,84.69999694824219,86.80000305175781,84.69999694824219,85.98999786376953,48510500
2002-09-20,54.823299407958984,84.3499984741211,85.19999694824219,84.05000305175781,84.91999816894531,46325600
2002-09-23,54.37483596801758,83.66000366210938,84.05999755859375,82.69000244140625,83.6500015258789,46893800
2002-09-24,53.497413635253906,82.30999755859375,83.6500015258789,81.8499984741211,82.44000244140625,69507000
2002-09-25,54.823299407958984,84.3499984741211,84.7699966430664,82.04000091552734,83.37000274658203,59294400
2002-09-26,55.720245361328125,85.7300033569336,85.97000122070312,84.44999694824219,85.0199966430664,53638000
2002-09-27,53.78337478637695,82.75,85.62999725341797,82.75,85.0,64648300
2002-09-30,53.1594352722168,81.79000091552734,82.80000305175781,80.9000015258789,82.0,73096400
2002-10-01,55.713741302490234,85.72000122070312,85.7699966430664,81.47000122070312,82.43000030517578,67198100
2002-10-02,54.04337310791016,83.1500015258789,85.52999877929688,82.5999984741211,84.69000244140625,56749100
2002-10-03,53.497413635253906,82.30999755859375,84.5999984741211,81.94999694824219,83.13999938964844,55547000
2002-10-04,52.5159797668457,80.80000305175781,82.91999816894531,79.58000183105469,82.80000305175781,68483700
2002-10-07,51.4305305480957,79.12999725341797,81.19999694824219,78.55000305175781,80.05999755859375,53188000
2002-10-08,52.23649215698242,80.37000274658203,81.30999755859375,78.19999694824219,79.80999755859375,79531000
2002-10-09,50.76111602783203,78.0999984741211,79.69999694824219,77.77999877929688,79.08999633789062,79956400
2002-10-10,52.40550231933594,80.62999725341797,81.06999969482422,77.06999969482422,77.94000244140625,76749000
2002-10-11,54.69980239868164,84.16000366210938,84.7300033569336,81.81999969482422,82.0999984741211,82308300
2002-10-14,55.00530242919922,84.62999725341797,84.8499984741211,83.04000091552734,83.19999694824219,40631900
2002-10-15,57.65056228637695,88.69999694824219,88.72000122070312,86.8499984741211,86.98999786376953,82320300
2002-10-16,56.25319290161133,86.55000305175781,87.80000305175781,85.91999816894531,87.41000366210938,62977800
2002-10-17,57.371089935302734,88.2699966430664,89.30000305175781,87.8499984741211,88.87000274658203,68534100
2002-10-18,57.61159133911133,88.63999938964844,89.11000061035156,86.93000030517578,87.6500015258789,47448700
2002-10-21,58.60602951049805,90.16999816894533,90.5,87.56999969482422,88.12000274658203,45859100
2002-10-22,58.18352508544922,89.5199966430664,90.01000213623047,88.5199966430664,89.05000305175781,40966800
2002-10-23,58.62553787231445,90.1999969482422,90.2699966430664,87.68000030517578,88.7699966430664,54905800
2002-10-24,57.42960739135742,88.36000061035156,90.9000015258789,88.0999984741211,90.75,54987400
2002-10-25,58.62553787231445,90.1999969482422,90.38999938964844,87.94000244140625,88.20999908447266,43672100
2002-10-28,58.24205017089844,89.61000061035156,91.29000091552734,88.8499984741211,91.1500015258789,39416100
2002-10-29,57.56608200073242,88.56999969482422,89.48999786376953,87.0,89.08000183105469,59508200
2002-10-30,58.12503433227539,89.43000030517578,89.95999908447266,88.2300033569336,88.68000030517578,41688600
2002-10-31,57.53360366821289,88.5199966430664,90.3000030517578,88.19000244140625,89.66000366210938,41620600
2002-11-01,58.67099380493164,90.2699966430664,90.81999969482422,88.05000305175781,88.3499984741211,51878900
2002-11-04,59.22996139526367,91.12999725341795,92.94000244140624,90.9000015258789,91.8000030517578,49080600
2002-11-05,59.69792938232422,91.8499984741211,92.06999969482422,90.83999633789062,90.83999633789062,37270800
2002-11-06,60.47138977050781,93.04000091552734,93.06999969482422,90.79000091552734,92.4800033569336,65013100
2002-11-07,58.9894905090332,90.76000213623048,92.22000122070312,90.22000122070312,92.0199966430664,51572000
2002-11-08,58.2680778503418,89.6500015258789,91.56999969482422,89.5199966430664,90.52999877929688,37905400
2002-11-11,57.364593505859375,88.26000213623047,89.55999755859375,87.80000305175781,89.51000213623047,33505100
2002-11-12,57.8195915222168,88.95999908447266,89.93000030517578,88.37000274658203,88.66000366210938,37724500
2002-11-13,57.87808990478515,89.05000305175781,89.73999786376953,87.44999694824219,88.31999969482422,63891500
2002-11-14,58.970008850097656,90.7300033569336,91.0,89.75,90.06999969482422,31896800
2002-11-15,59.40549087524414,91.4000015258789,91.5500030517578,89.94999694824219,90.0,39152100
2002-11-18,58.8074951171875,90.4800033569336,92.1500015258789,90.3499984741211,92.1500015258789,28934800
2002-11-19,58.72949981689453,90.36000061035156,91.0999984741211,89.76000213623047,90.0199966430664,32806600
2002-11-20,60.035892486572266,92.37000274658205,92.41999816894533,89.94999694824219,89.9800033569336,36688400
2002-11-21,61.153831481933594,94.08999633789062,94.19000244140624,92.43000030517578,92.5999984741211,55128200
2002-11-22,60.71832656860352,93.41999816894533,94.2699966430664,93.2699966430664,93.4800033569336,32513800
2002-11-25,60.757347106933594,93.4800033569336,94.26000213623048,92.7699966430664,93.43000030517578,33846400
2002-11-26,59.60044860839844,91.6999969482422,93.4499969482422,91.62000274658205,93.06999969482422,42284700
2002-11-27,61.27731704711914,94.27999877929688,94.6500015258789,92.43000030517578,92.5199966430664,37764000
2002-11-29,61.08236312866211,93.9800033569336,94.9499969482422,93.7699966430664,94.8000030517578,19385700
2002-12-02,61.1797981262207,94.12999725341795,96.0500030517578,93.22000122070312,95.47000122070312,49911900
2002-12-03,60.36086654663086,92.87000274658205,93.4000015258789,92.3499984741211,93.25,34407700
2002-12-04,60.087894439697266,92.4499969482422,93.13999938964844,91.43000030517578,91.7699966430664,64040800
2002-12-05,59.42493438720703,91.43000030517578,92.8000030517578,91.0999984741211,92.7300033569336,36724900
2002-12-06,59.81489181518555,92.02999877929688,92.16999816894533,89.9800033569336,90.12000274658205,49824100
2002-12-09,58.17055892944336,89.5,91.45999908447266,89.4800033569336,91.06999969482422,36789600
2002-12-10,58.95051193237305,90.6999969482422,91.0999984741211,89.76000213623047,90.0199966430664,33319900
2002-12-11,59.00249481201172,90.77999877929688,91.62000274658205,90.16000366210938,90.41999816894533,39201000
2002-12-12,58.9959716796875,90.7699966430664,91.48999786376952,90.1999969482422,91.1999969482422,34465600
2002-12-13,58.066551208496094,89.33999633789062,90.4800033569336,89.2699966430664,89.91000366210938,36862200
2002-12-16,59.56795883178711,91.6500015258789,91.79000091552734,89.66000366210938,89.81999969482422,37098400
2002-12-17,59.047950744628906,90.8499984741211,91.73999786376952,90.73999786376952,91.37000274658205,32353900
2002-12-18,58.36551284790039,89.80000305175781,90.4000015258789,89.33000183105469,90.31999969482422,35612600
2002-12-19,57.94955062866211,89.16000366210938,90.6999969482422,88.5999984741211,89.3499984741211,39264200
2002-12-20,58.776458740234375,89.98999786376953,90.0199966430664,89.0999984741211,89.19999694824219,31176900
2002-12-23,58.796016693115234,90.0199966430664,90.47000122070312,89.30999755859375,89.58999633789062,22599300
2002-12-24,58.35844421386719,89.3499984741211,89.86000061035156,89.25,89.58999633789062,10937000
2002-12-26,58.384559631347656,89.38999938964844,90.61000061035156,88.83999633789062,89.69999694824219,17485600
2002-12-27,57.07173538208008,87.37999725341797,89.29000091552734,87.37999725341797,88.95999908447266,22205700
2002-12-30,57.54853057861328,88.11000061035156,88.47000122070312,87.22000122070312,87.79000091552734,29968000
2002-12-31,57.626914978027344,88.2300033569336,88.43000030517578,87.11000061035156,87.98999786376953,34036600
2003-01-02,59.481834411621094,91.06999969482422,91.3000030517578,88.54000091552734,88.8499984741211,44516300
2003-01-03,59.66474151611328,91.3499984741211,91.37999725341795,90.5,90.91000366210938,32222600
2003-01-06,60.71628189086914,92.95999908447266,93.48999786376952,91.16999816894533,91.23999786376952,40984500
2003-01-07,60.566070556640625,92.7300033569336,93.37000274658205,92.1999969482422,92.9000015258789,38640400
2003-01-08,59.69081497192383,91.38999938964844,92.4000015258789,91.0500030517578,92.1999969482422,38702200
2003-01-09,60.618309020996094,92.80999755859376,93.18000030517578,91.41000366210938,91.81999969482422,34804900
2003-01-10,60.78157424926758,93.05999755859376,93.63999938964844,91.8000030517578,91.9499969482422,37768900
2003-01-13,60.762020111083984,93.02999877929688,93.86000061035156,92.44000244140624,93.54000091552734,31649900
2003-01-14,60.957950592041016,93.33000183105467,93.83000183105467,92.41000366210938,92.69000244140624,30733000
2003-01-15,60.350528717041016,92.4000015258789,93.56999969482422,91.91000366210938,93.54000091552734,33511800
2003-01-16,60.102298736572266,92.0199966430664,92.93000030517578,91.4499969482422,92.5,44812100
2003-01-17,59.21405792236328,90.66000366210938,92.3000030517578,90.1500015258789,90.98999786376952,35618300
2003-01-21,58.29314804077149,89.25,90.91999816894533,88.94999694824219,90.87000274658205,36826200
2003-01-22,57.58770751953125,88.16999816894531,89.80000305175781,88.0,88.7699966430664,42286500
2003-01-23,57.940406799316406,88.70999908447266,89.37999725341797,87.94999694824219,88.75,55919800
2003-01-24,56.41858673095703,86.37999725341797,88.68000030517578,86.16999816894531,88.58999633789062,68633900
2003-01-27,55.64788436889648,85.19999694824219,86.80000305175781,84.5,85.7300033569336,57884400
2003-01-28,56.059364318847656,85.83000183105469,86.4000015258789,85.12999725341797,85.62999725341797,46929100
2003-01-29,56.48389434814453,86.4800033569336,87.18000030517578,84.7699966430664,85.41999816894531,53712200
2003-01-30,55.14495849609375,84.43000030517578,86.87999725341797,84.4000015258789,86.79000091552734,49845900
2003-01-31,56.209590911865234,86.05999755859375,86.20999908447266,84.1500015258789,84.1500015258789,55317000
2003-02-03,56.32063674926758,86.2300033569336,86.80999755859375,85.91999816894531,86.13999938964844,39696000
2003-02-04,55.76545715332031,85.37999725341797,85.75,84.30000305175781,85.30999755859375,43633400
2003-02-05,55.419307708740234,84.8499984741211,86.54000091552734,84.4800033569336,85.75,55270600
2003-02-06,55.15800094604492,84.44999694824219,84.88999938964844,83.6500015258789,84.37000274658203,53638000
2003-02-07,54.48530197143555,83.41999816894531,84.98999786376953,82.97000122070312,84.91000366210938,43165000
2003-02-10,54.87065505981445,84.01000213623047,84.12999725341797,82.6500015258789,83.45999908447266,45455900
2003-02-11,54.4918327331543,83.43000030517578,84.87999725341797,82.83000183105469,84.37000274658203,46861000
2003-02-12,53.623146057128906,82.0999984741211,83.62000274658203,82.08999633789062,83.16000366210938,35873600
2003-02-13,53.78642654418945,82.3499984741211,82.66000366210938,81.0,82.1500015258789,57934100
2003-02-14,54.96208190917969,84.1500015258789,84.19999694824219,81.81999969482422,82.37000274658203,59580900
2003-02-18,55.92875671386719,85.62999725341797,85.80000305175781,84.38999938964844,84.52999877929688,39492700
2003-02-19,55.63483047485352,85.18000030517578,85.47000122070312,84.27999877929688,85.31999969482422,31432000
2003-02-20,55.07966613769531,84.33000183105469,85.41999816894531,84.05000305175781,85.20999908447266,29280100
2003-02-21,55.63483047485352,85.18000030517578,85.73999786376953,83.45999908447266,84.37999725341797,60955800
2003-02-24,54.73350143432617,83.80000305175781,85.0,83.58999633789062,84.93000030517578,30628600
2003-02-25,55.17105484008789,84.47000122070312,84.48999786376953,82.22000122070312,82.94999694824219,56770600
2003-02-26,54.36771011352539,83.23999786376953,84.52999877929688,83.08000183105469,84.0199966430664,37787200
2003-02-27,55.086177825927734,84.33999633789062,84.75,83.16000366210938,83.69999694824219,51126000
2003-02-28,55.4519157409668,84.9000015258789,85.2300033569336,84.16000366210938,84.47000122070312,43666800
2003-03-03,54.92288589477539,84.08999633789062,85.77999877929688,83.72000122070312,85.26000213623047,42923100
2003-03-04,54.04768371582031,82.75,84.01000213623047,82.6500015258789,83.94999694824219,31440500
2003-03-05,54.50489807128906,83.44999694824219,83.54000091552734,82.36000061035156,82.61000061035156,43974700
2003-03-06,54.04768371582031,82.75,83.5199966430664,82.47000122070312,82.87000274658203,41217700
2003-03-07,54.41998291015625,83.31999969482422,83.98999786376953,81.43000030517578,81.61000061035156,63538000
2003-03-10,53.11371994018555,81.31999969482422,82.86000061035156,81.0999984741211,82.5999984741211,41014100
2003-03-11,52.59115982055664,80.5199966430664,82.0,80.4800033569336,81.4800033569336,48102700
2003-03-12,52.94387435913086,81.05999755859375,81.0999984741211,79.37999725341797,80.37999725341797,62459800
2003-03-13,54.77267074584961,83.86000061035156,83.91000366210938,81.52999877929688,82.18000030517578,72117800
2003-03-14,54.94902420043945,84.12999725341797,84.7699966430664,83.3499984741211,84.19999694824219,63951800
2003-03-17,56.679840087890625,86.77999877929688,86.94999694824219,83.22000122070312,83.45999908447266,88217500
2003-03-18,57.01295852661133,87.29000091552734,87.3499984741211,86.27999877929688,87.1500015258789,50792300
2003-03-19,57.45059585571289,87.95999908447266,88.16000366210938,86.68000030517578,87.27999877929688,49630800
2003-03-20,57.57470703125,88.1500015258789,88.58999633789062,86.3499984741211,87.33000183105469,67321600
2003-03-21,58.8035774230957,89.66999816894531,89.87999725341797,87.93000030517578,88.80000305175781,71165300
2003-03-24,56.849334716796875,86.69000244140625,88.13999938964844,86.3499984741211,88.0199966430664,65398900
2003-03-25,57.39365768432617,87.5199966430664,88.26000213623047,86.44000244140625,86.73999786376953,61040100
2003-03-26,57.105125427246094,87.08000183105469,87.8499984741211,86.80000305175781,87.55999755859375,45740800
2003-03-27,57.15103530883789,87.1500015258789,87.66000366210938,85.98999786376953,86.4000015258789,53120200
2003-03-28,56.86248016357422,86.70999908447266,87.27999877929688,86.25,86.47000122070312,32583000
2003-03-31,55.57060241699219,84.73999786376953,86.58999633789062,84.4000015258789,85.3499984741211,61119500
2003-04-01,56.423118591308594,86.04000091552734,86.38999938964844,84.91000366210938,85.25,53574000
2003-04-02,57.78714370727539,88.12000274658203,88.7699966430664,87.5,87.54000091552734,50431200
2003-04-03,57.51173400878906,87.69999694824219,88.98999786376953,87.6500015258789,88.87000274658203,48755500
2003-04-04,57.85269927978515,88.22000122070312,88.58999633789062,87.62000274658203,88.43000030517578,36250100
2003-04-07,57.74123001098633,88.05000305175781,90.8499984741211,87.97000122070312,90.33999633789062,69776200
2003-04-08,57.83303451538086,88.19000244140625,88.6500015258789,87.70999908447266,88.30000305175781,39712700
2003-04-09,57.07233810424805,87.02999877929688,89.0999984741211,86.7699966430664,88.36000061035156,55647300
2003-04-10,57.38711166381836,87.51000213623047,87.62999725341797,85.70999908447266,87.08999633789062,41812400
2003-04-11,57.15103530883789,87.1500015258789,88.69999694824219,86.86000061035156,88.16000366210938,47730100
2003-04-14,58.33146286010742,88.94999694824219,89.0,87.0,87.47000122070312,36711700
2003-04-15,58.875728607177734,89.77999877929688,89.77999877929688,88.41999816894531,88.83999633789062,49709800
2003-04-16,57.87240219116211,88.25,90.05999755859375,88.02999877929688,89.91000366210938,51788000
2003-04-17,58.7314453125,89.55999755859375,89.72000122070312,88.19000244140625,88.30000305175781,37403100
2003-04-21,58.790496826171875,89.6500015258789,90.16000366210938,89.05999755859375,89.86000061035156,32052700
2003-04-22,59.89870834350586,91.33999633789062,91.55999755859376,88.88999938964844,89.0999984741211,59763600
2003-04-23,60.44960021972656,92.18000030517578,92.3499984741211,91.23999786376952,91.62000274658205,44227100
2003-04-24,59.911861419677734,91.36000061035156,92.08000183105467,90.95999908447266,91.52999877929688,49692400
2003-04-25,59.17082214355469,90.2300033569336,91.47000122070312,90.0199966430664,91.3000030517578,43917200
2003-04-28,60.19382858276367,91.79000091552734,92.19000244140624,90.3000030517578,90.44000244140624,46432900
2003-04-29,60.403656005859375,92.11000061035156,92.8000030517578,91.4000015258789,92.13999938964844,52017100
2003-04-30,60.272518157958984,91.91000366210938,92.56999969482422,91.41000366210938,91.91000366210938,48709100
2003-05-01,60.265968322753906,91.9000015258789,92.7300033569336,90.5,91.91999816894533,50240400
2003-05-02,61.12505340576172,93.20999908447266,93.47000122070312,91.48999786376952,91.55999755859376,50201500
2003-05-05,61.00701522827149,93.02999877929688,93.77999877929688,92.5,93.47000122070312,35437800
2003-05-06,61.58409881591797,93.91000366210938,94.37999725341795,93.0,93.04000091552734,44401000
2003-05-07,61.24308013916016,93.38999938964844,94.13999938964844,92.97000122070312,93.41999816894533,41413100
2003-05-08,60.62664031982422,92.4499969482422,93.33000183105467,92.27999877929688,92.5199966430664,40570700
2003-05-09,61.46603775024414,93.7300033569336,93.8000030517578,92.61000061035156,92.83000183105467,33608100
2003-05-12,62.220191955566406,94.87999725341795,95.12000274658205,93.27999877929688,93.5,35662300
2003-05-13,62.10868453979492,94.70999908447266,95.18000030517578,94.26000213623048,94.52999877929688,39253600
2003-05-14,61.97754669189453,94.51000213623048,95.23999786376952,93.91000366210938,95.08999633789062,32195100
2003-05-15,62.37100982666016,95.11000061035156,95.33000183105467,94.25,94.88999938964844,43879200
2003-05-16,62.213645935058594,94.87000274658205,95.4499969482422,94.26000213623048,94.88999938964844,38905000
2003-05-19,60.757816314697266,92.6500015258789,94.41999816894533,92.33000183105467,94.1500015258789,41606000
2003-05-20,60.63319778442383,92.45999908447266,93.02999877929688,91.58999633789062,92.81999969482422,55404600
2003-05-21,60.757816314697266,92.6500015258789,92.87999725341795,91.91000366210938,92.11000061035156,49333800
2003-05-22,61.36109161376953,93.56999969482422,94.0500030517578,92.68000030517578,92.9499969482422,38421800
2003-05-23,61.485721588134766,93.76000213623048,93.9800033569336,93.13999938964844,93.52999877929688,26155900
2003-05-27,62.56120681762695,95.4000015258789,95.83999633789062,93.06999969482422,93.3000030517578,43719200
2003-05-28,62.73825454711914,95.66999816894533,96.47000122070312,95.43000030517578,95.8499984741211,37727100
2003-05-29,62.574310302734375,95.41999816894533,96.81999969482422,95.08000183105467,95.87999725341795,50844200
2003-05-30,63.57766342163086,96.9499969482422,97.08999633789062,95.55999755859376,95.9000015258789,52529500
2003-06-02,63.8399658203125,97.3499984741211,98.4499969482422,96.66999816894533,97.52999877929688,50305500
2003-06-03,64.10225677490234,97.75,97.83999633789062,96.8499984741211,97.1500015258789,38254500
2003-06-04,65.02694702148438,99.16000366210938,99.3499984741211,97.56999969482422,97.66000366210938,49360700
2003-06-05,65.34825134277344,99.6500015258789,99.6500015258789,98.2699966430664,98.58000183105467,46262400
2003-06-06,65.09249877929688,99.26000213623048,101.4000015258789,99.12999725341795,100.4000015258789,60356800
2003-06-09,64.43016815185547,98.25,99.0999984741211,97.7699966430664,98.7699966430664,37808500
2003-06-10,65.0859375,99.25,99.26000213623048,98.19000244140624,98.45999908447266,29965900
2003-06-11,65.77448272705078,100.3000030517578,100.38999938964844,98.70999908447266,99.16000366210938,37610200
2003-06-12,65.97779846191406,100.61000061035156,100.9000015258789,99.62000274658205,100.75,36442000
2003-06-13,65.28924560546875,99.55999755859376,100.75,98.9499969482422,100.61000061035156,48628300
2003-06-16,66.66632080078125,101.66000366210938,101.6999969482422,99.8000030517578,99.95999908447266,36326300
2003-06-17,66.66632080078125,101.66000366210938,102.18000030517578,101.2300033569336,102.06999969482422,36801800
2003-06-18,66.60733795166016,101.56999969482422,102.13999938964844,101.0,101.29000091552734,35521000
2003-06-19,65.59087371826172,100.0199966430664,101.7300033569336,99.83999633789062,101.63999938964844,43551700
2003-06-20,65.44610595703125,99.44000244140624,100.5,99.41999816894533,100.38999938964844,41545000
2003-06-23,64.77481842041016,98.41999816894533,99.66000366210938,97.91999816894533,99.4499969482422,34237500
2003-06-24,64.84058380126953,98.5199966430664,99.08999633789062,98.0199966430664,98.22000122070312,36213600
2003-06-25,64.18904113769531,97.52999877929688,99.44000244140624,97.52999877929688,98.52999877929688,47743400
2003-06-26,65.02486419677734,98.8000030517578,98.9800033569336,96.95999908447266,97.77999877929688,33477300
2003-06-27,64.27458190917969,97.66000366210938,99.19000244140624,97.58000183105467,98.75,54208800
2003-06-30,64.25485229492188,97.62999725341795,98.66999816894533,97.47000122070312,98.22000122070312,33349000
2003-07-01,64.84716033935547,98.52999877929688,98.8499984741211,96.43000030517578,97.25,51322800
2003-07-02,65.66325378417969,99.7699966430664,99.79000091552734,98.56999969482422,98.7699966430664,34662100
2003-07-03,64.98540496826172,98.73999786376952,99.8499984741211,97.9000015258789,99.06999969482422,30792800
2003-07-07,66.27533721923828,100.6999969482422,100.9000015258789,99.6500015258789,99.6500015258789,31391100
2003-07-08,66.57151794433594,101.1500015258789,101.29000091552734,100.16999816894533,100.5,30952500
2003-07-09,66.19635772705078,100.58000183105467,101.4000015258789,100.02999877929688,100.91999816894533,36528500
2003-07-10,65.35395050048828,99.3000030517578,100.04000091552734,98.62999725341795,99.83999633789062,49777700
2003-07-11,65.97259521484375,100.23999786376952,100.4499969482422,99.38999938964844,99.38999938964844,39976300
2003-07-14,66.29512023925781,100.7300033569336,101.9000015258789,100.4499969482422,101.1999969482422,42114900
2003-07-15,66.15033721923828,100.51000213623048,101.45999908447266,99.9499969482422,101.37999725341795,42573600
2003-07-16,65.7619857788086,99.91999816894533,100.87000274658205,99.2300033569336,100.80999755859376,39894200
2003-07-17,64.82743835449219,98.5,99.87999725341795,98.16000366210938,99.1500015258789,52253500
2003-07-18,65.4921646118164,99.51000213623048,99.8000030517578,98.45999908447266,99.0199966430664,35698100
2003-07-21,64.68267822265625,98.27999877929688,99.48999786376952,97.8499984741211,99.4499969482422,34786000
2003-07-22,65.26839447021484,99.16999816894533,99.41000366210938,97.91999816894533,98.69000244140624,49968300
2003-07-23,65.31446838378906,99.23999786376952,99.4499969482422,98.27999877929688,99.20999908447266,37275400
2003-07-24,64.82086944580078,98.48999786376952,100.33999633789062,98.37000274658205,99.98999786376952,40896200
2003-07-25,65.96603393554688,100.2300033569336,100.29000091552734,98.04000091552734,98.66000366210938,43241100
2003-07-28,65.72254180908203,99.86000061035156,100.9800033569336,99.66999816894533,100.37000274658205,34382800
2003-07-29,65.41978454589844,99.4000015258789,100.26000213623048,98.68000030517578,100.13999938964844,53472100
2003-07-30,65.2618179321289,99.16000366210938,99.75,98.93000030517578,99.5999984741211,28363300
2003-07-31,65.41317749023438,99.38999938964844,100.91000366210938,99.16999816894533,99.9800033569336,54937200
2003-08-01,64.83399963378906,98.51000213623048,99.52999877929688,98.23999786376952,99.19000244140624,49321000
2003-08-04,64.83399963378906,98.51000213623048,99.0,97.0,98.30999755859376,55214100
2003-08-05,63.458492279052734,96.41999816894533,98.76000213623048,96.33999633789062,98.41000366210938,61415600
2003-08-06,63.82701873779297,96.9800033569336,98.05999755859376,96.41999816894533,96.69000244140624,50096900
2003-08-07,64.49837493896484,98.0,98.06999969482422,96.76000213623048,97.16999816894533,43427400
2003-08-08,64.68267822265625,98.27999877929688,98.5500030517578,97.76000213623048,98.31999969482422,27357300
2003-08-11,64.92617797851562,98.6500015258789,99.04000091552734,97.83999633789062,98.26000213623048,34631400
2003-08-12,65.51849365234375,99.5500030517578,99.58999633789062,98.41999816894533,98.70999908447266,43285600
2003-08-13,65.18282318115234,99.04000091552734,99.8499984741211,98.52999877929688,99.81999969482422,36152000
2003-08-14,65.36054229736328,99.30999755859376,99.75,98.4499969482422,99.0999984741211,35525100
2003-08-15,65.56456756591797,99.62000274658205,99.79000091552734,99.12000274658205,99.36000061035156,12567000
2003-08-18,66.13056182861328,100.4800033569336,100.5999984741211,99.73999786376952,99.93000030517578,22873800
2003-08-19,66.38064575195312,100.86000061035156,100.94000244140624,100.0,100.69000244140624,37437700
2003-08-20,66.11085510253906,100.4499969482422,100.88999938964844,100.16000366210938,100.29000091552734,21295300
2003-08-21,66.32140350341797,100.7699966430664,101.5199966430664,100.4000015258789,101.0500030517578,46494200
2003-08-22,65.66325378417969,99.7699966430664,101.81999969482422,99.7300033569336,101.75,52040300
2003-08-25,65.76858520507812,99.93000030517578,100.83000183105467,99.27999877929688,99.70999908447266,23473000
2003-08-26,65.88704681396484,100.11000061035156,100.38999938964844,98.83000183105467,99.5,45065800
2003-08-27,65.90678405761719,100.13999938964844,100.36000061035156,99.56999969482422,100.0500030517578,18919500
2003-08-28,66.31485748291016,100.76000213623048,101.0,99.66000366210938,100.4000015258789,27402400
2003-08-29,66.76242065429688,101.44000244140624,101.4800033569336,100.4800033569336,100.61000061035156,28706600
2003-09-02,67.65750122070312,102.8000030517578,102.87999725341795,101.0500030517578,101.63999938964844,49419100
2003-09-03,68.0260009765625,103.36000061035156,103.6999969482422,102.77999877929688,103.02999877929688,44912400
2003-09-04,68.05892181396484,103.41000366210938,103.5500030517578,102.76000213623048,103.0999984741211,28381000
2003-09-05,67.67721557617188,102.83000183105467,103.5500030517578,102.4000015258789,102.94000244140624,31637300
2003-09-08,68.23664093017578,103.68000030517578,103.87999725341795,102.93000030517578,103.04000091552734,32632800
2003-09-09,67.78909301757812,103.0,103.45999908447266,102.68000030517578,103.37000274658205,35053200
2003-09-10,67.10462188720703,101.95999908447266,102.8000030517578,101.5500030517578,102.52999877929688,45904900
2003-09-11,67.30207061767578,102.26000213623048,102.76000213623048,101.83999633789062,102.0999984741211,38396300
2003-09-12,67.42708587646484,102.4499969482422,102.63999938964844,101.3499984741211,101.91000366210938,42524800
2003-09-15,67.19019317626953,102.08999633789062,102.62999725341795,101.9499969482422,102.5199966430664,21312800
2003-09-16,68.17080688476562,103.58000183105467,103.63999938964844,102.16999816894533,102.2300033569336,37892600
2003-09-17,68.03916931152344,103.37999725341795,103.79000091552734,103.0500030517578,103.4800033569336,31885800
2003-09-18,68.8421401977539,104.5999984741211,104.6999969482422,103.16999816894533,103.4000015258789,30243600
2003-09-19,68.491943359375,103.66999816894533,104.5999984741211,103.4000015258789,104.2699966430664,34331600
2003-09-22,67.75202178955078,102.5500030517578,102.95999908447266,102.02999877929688,102.8499984741211,36677400
2003-09-23,68.00969696044922,102.94000244140624,103.29000091552734,102.36000061035156,102.58999633789062,32489200
2003-09-24,66.80066680908203,101.11000061035156,103.22000122070312,101.06999969482422,103.12000274658205,41694700
2003-09-25,66.25226593017578,100.27999877929688,101.87999725341795,100.1999969482422,101.41000366210938,52673100
2003-09-26,66.03425598144531,99.9499969482422,100.66000366210938,99.8499984741211,100.44000244140624,42914700
2003-09-29,66.68170928955078,100.93000030517578,100.98999786376952,99.79000091552734,100.3000030517578,36771600
2003-09-30,66.03425598144531,99.9499969482422,100.76000213623048,99.25,100.4800033569336,70764500
2003-10-01,67.44149780273438,102.08000183105467,102.18000030517578,100.1999969482422,100.23999786376952,65797600
2003-10-02,67.68592071533203,102.4499969482422,102.55999755859376,101.62999725341795,101.93000030517578,44591500
2003-10-03,68.3069839477539,103.38999938964844,104.27999877929688,103.08000183105467,103.66999816894533,48806900
2003-10-06,68.61748504638672,103.86000061035156,103.98999786376952,103.1999969482422,103.4800033569336,20226500
2003-10-07,68.88175201416016,104.26000213623048,104.30999755859376,102.91000366210938,103.26000213623048,42602900
2003-10-08,68.70997619628906,104.0,104.38999938964844,103.41000366210938,104.33000183105467,30920800
2003-10-09,68.8949966430664,104.27999877929688,105.22000122070312,103.83000183105467,104.87999725341795,40066500
2003-10-10,69.0865707397461,104.56999969482422,104.5999984741211,103.91000366210938,104.2699966430664,22682800
2003-10-13,69.30461120605469,104.9000015258789,105.29000091552734,104.51000213623048,104.70999908447266,23825600
2003-10-14,69.5490493774414,105.2699966430664,105.43000030517578,104.36000061035156,104.8000030517578,38484400
2003-10-15,69.36406707763672,104.98999786376952,105.88999938964844,104.63999938964844,105.86000061035156,39021700
2003-10-16,69.64153289794922,105.41000366210938,105.7300033569336,104.6500015258789,104.68000030517578,32772200
2003-10-17,68.88175201416016,104.26000213623048,105.62999725341795,103.9800033569336,105.47000122070312,32790300
2003-10-20,69.3970947265625,105.04000091552734,105.04000091552734,103.94000244140624,104.4499969482422,27657000
2003-10-21,69.2781753540039,104.86000061035156,105.27999877929688,104.31999969482422,104.81999969482422,26729100
2003-10-22,68.40607452392578,103.54000091552734,104.19000244140624,103.19000244140624,104.02999877929688,33914500
2003-10-23,68.28056335449219,103.3499984741211,103.9499969482422,102.83999633789062,102.88999938964844,45830500
2003-10-24,68.4324951171875,103.58000183105467,103.58000183105467,102.18000030517578,102.83000183105467,51723600
2003-10-27,68.46558380126953,103.62999725341795,104.18000030517578,103.2699966430664,103.73999786376952,32460200
2003-10-28,69.3970947265625,105.04000091552734,105.1500015258789,103.81999969482422,103.9800033569336,34956200
2003-10-29,69.48959350585938,105.18000030517578,105.43000030517578,103.87000274658205,104.7699966430664,30955400
2003-10-30,69.63491821289062,105.4000015258789,105.97000122070312,104.8000030517578,105.79000091552734,39123100
2003-10-31,69.5688705444336,105.3000030517578,105.73999786376952,105.22000122070312,105.4000015258789,25761600
2003-11-03,70.02470397949219,105.98999786376952,106.61000061035156,105.70999908447266,105.75,37589300
2003-11-04,69.87279510498047,105.76000213623048,106.2699966430664,105.58000183105467,105.98999786376952,31421600
2003-11-05,69.92562866210938,105.83999633789062,105.97000122070312,104.9000015258789,105.48999786376952,33558800
2003-11-06,70.29561614990234,106.4000015258789,106.44000244140624,105.0999984741211,105.5999984741211,28392300
2003-11-07,69.77371978759766,105.61000061035156,106.72000122070312,105.56999969482422,106.63999938964844,31723200
2003-11-10,69.48959350585938,105.18000030517578,105.83999633789062,105.01000213623048,105.73999786376952,25530800
2003-11-11,69.46977233886719,105.1500015258789,105.33000183105467,104.8000030517578,105.08999633789062,26558600
2003-11-12,70.24937438964844,106.33000183105467,106.47000122070312,105.16000366210938,105.2300033569336,28000000
2003-11-13,70.2691650390625,106.36000061035156,106.54000091552734,105.77999877929688,106.01000213623048,29714800
2003-11-14,69.67455291748047,105.45999908447266,106.9499969482422,105.29000091552734,106.4000015258789,49158500
2003-11-17,69.32440185546875,104.93000030517578,105.13999938964844,104.04000091552734,104.91000366210938,44382100
2003-11-18,68.6042709350586,103.83999633789062,105.4499969482422,103.6999969482422,105.23999786376952,41155000
2003-11-19,69.18569946289062,104.72000122070312,105.01000213623048,103.91999816894533,104.02999877929688,29827000
2003-11-20,68.56464385986328,103.77999877929688,105.23999786376952,103.75,104.0,53578700
2003-11-21,68.8487548828125,104.20999908447266,104.33000183105467,103.62000274658205,104.23999786376952,30016000
2003-11-24,69.76046752929688,105.58999633789062,105.77999877929688,104.68000030517578,104.69000244140624,28906400
2003-11-25,70.02470397949219,105.98999786376952,106.41999816894533,105.4499969482422,105.7300033569336,37580000
2003-11-26,70.27582550048828,106.37000274658205,106.4499969482422,105.38999938964844,106.41999816894533,33053600
2003-11-28,70.32867431640625,106.4499969482422,106.66000366210938,106.1999969482422,106.27999877929688,10507500
2003-12-01,71.08844757080078,107.5999984741211,107.68000030517578,106.8000030517578,106.8499984741211,38699000
2003-12-02,70.91004180908203,107.33000183105467,107.7699966430664,107.06999969482422,107.37999725341795,35352000
2003-12-03,70.7977294921875,107.16000366210938,108.08000183105467,107.06999969482422,107.6500015258789,39078600
2003-12-04,71.08844757080078,107.5999984741211,107.72000122070312,106.94000244140624,107.16999816894533,36089500
2003-12-05,70.59294128417969,106.8499984741211,107.8000030517578,106.62000274658205,107.12000274658205,28824400
2003-12-08,71.068603515625,107.56999969482422,107.63999938964844,106.68000030517578,106.73999786376952,32482900
2003-12-09,70.52023315429688,106.73999786376952,107.93000030517578,106.54000091552734,107.9000015258789,43596100
2003-12-10,70.51363372802734,106.7300033569336,106.9800033569336,105.95999908447266,106.7699966430664,36915400
2003-12-11,71.30644226074219,107.93000030517578,108.0999984741211,106.66999816894533,106.68000030517578,45304000
2003-12-12,71.44517517089844,108.13999938964844,108.1999969482422,107.38999938964844,107.97000122070312,34142200
2003-12-15,71.08844757080078,107.5999984741211,109.2300033569336,107.4800033569336,109.16999816894533,38693400
2003-12-16,71.45841217041016,108.16000366210938,108.5,107.5199966430664,107.68000030517578,32894200
2003-12-17,71.68304443359375,108.5,108.5,107.8000030517578,108.05999755859376,23198800
2003-12-18,72.48908233642578,109.72000122070312,109.7300033569336,108.38999938964844,108.5500030517578,29353100
2003-12-19,72.28726959228516,108.9000015258789,109.37000274658205,108.58000183105467,109.3000030517578,41465100
2003-12-22,72.79173278808594,109.66000366210938,109.66000366210938,108.77999877929688,108.79000091552734,27611300
2003-12-23,72.83819580078125,109.7300033569336,109.9499969482422,109.37999725341795,109.4800033569336,24741200
2003-12-24,72.76519012451172,109.62000274658205,109.87999725341795,109.43000030517578,109.5199966430664,8055800
2003-12-26,72.81826782226562,109.6999969482422,110.08000183105467,109.62999725341795,109.70999908447266,8308400
2003-12-29,73.78742980957031,111.16000366210938,111.2699966430664,109.77999877929688,110.0999984741211,22483700
2003-12-30,73.8006820678711,111.18000030517578,111.2699966430664,110.8499984741211,111.08999633789062,19559500
2003-12-31,73.86707305908203,111.27999877929688,111.5199966430664,110.83999633789062,111.22000122070312,31501800
2004-01-02,73.83384704589844,111.2300033569336,112.19000244140624,110.7300033569336,111.73999786376952,38072300
2004-01-05,74.63709259033203,112.44000244140624,112.5199966430664,111.58999633789062,111.69000244140624,27959800
2004-01-06,74.7101058959961,112.5500030517578,112.7300033569336,112.0,112.16000366210938,20472800
2004-01-07,74.96234130859375,112.93000030517578,113.05999755859376,111.88999938964844,112.38999938964844,30170400
2004-01-08,75.26103973388672,113.37999725341795,113.41000366210938,112.7699966430664,113.25,36438400
2004-01-09,74.60386657714844,112.38999938964844,113.5,112.2699966430664,112.83000183105467,54084300
2004-01-12,75.15482330322266,113.22000122070312,113.25,112.36000061035156,112.5500030517578,31564100
2004-01-13,74.71672821044922,112.55999755859376,113.2300033569336,111.76000213623048,113.08999633789062,54239700
2004-01-14,75.34071350097656,113.5,113.66000366210938,112.66999816894533,112.76000213623048,30112800
2004-01-15,75.52655029296875,113.77999877929688,114.05999755859376,112.58000183105467,113.56999969482422,38408700
2004-01-16,75.82530212402344,114.2300033569336,114.30999755859376,113.62999725341795,114.04000091552734,31922700
2004-01-20,75.80536651611328,114.1999969482422,114.6500015258789,113.81999969482422,114.52999877929688,29863000
2004-01-21,76.4027328491211,115.0999984741211,115.3000030517578,113.72000122070312,114.12999725341795,30725000
2004-01-22,76.20364379882812,114.8000030517578,115.37999725341795,114.58000183105467,115.13999938964844,29888500
2004-01-23,75.95801544189453,114.43000030517578,115.37000274658205,113.9499969482422,115.0,44245300
2004-01-26,76.91390228271484,115.87000274658205,115.93000030517578,114.37999725341795,114.38999938964844,30460600
2004-01-27,76.12400817871094,114.68000030517578,116.5,114.6500015258789,115.75,35322800
2004-01-28,75.25440979003906,113.37000274658205,115.27999877929688,112.94000244140624,114.9800033569336,52621300
2004-01-29,75.32742309570312,113.4800033569336,113.8499984741211,112.55999755859376,113.55999755859376,60117100
2004-01-30,75.32742309570312,113.4800033569336,113.72000122070312,113.08999633789062,113.5199966430664,30984400
2004-02-02,75.6526870727539,113.97000122070312,114.68000030517578,113.12000274658205,113.6999969482422,38832400
2004-02-03,75.52655029296875,113.77999877929688,114.13999938964844,113.44000244140624,113.73999786376952,25093500
2004-02-04,74.90925598144531,112.8499984741211,113.7300033569336,112.79000091552734,113.19000244140624,39332600
2004-02-05,75.12828063964844,113.18000030517578,113.54000091552734,112.77999877929688,113.16999816894533,37226800
2004-02-06,75.97132110595703,114.4499969482422,114.6999969482422,113.1999969482422,113.41999816894533,37216000
2004-02-09,75.99124145507812,114.4800033569336,114.87000274658205,114.29000091552734,114.66999816894533,24851300
2004-02-10,76.23683166503906,114.8499984741211,115.13999938964844,114.26000213623048,114.27999877929688,27908100
2004-02-11,77.04667663574219,116.06999969482422,116.38999938964844,114.16999816894533,114.8499984741211,42965700
2004-02-12,76.76786041259766,115.6500015258789,116.2699966430664,115.58000183105467,115.97000122070312,27814700
2004-02-13,76.42267608642578,115.12999725341795,116.1999969482422,114.75,115.81999969482422,44739900
2004-02-17,77.11302947998047,116.16999816894533,116.43000030517578,115.7699966430664,115.8499984741211,23984300
2004-02-18,76.77450561523438,115.66000366210938,116.5999984741211,115.3499984741211,116.1999969482422,28618000
2004-02-19,76.48907470703125,115.2300033569336,116.38999938964844,115.05999755859376,116.33000183105467,51146200
2004-02-20,76.2567367553711,114.87999725341795,115.55999755859376,114.31999969482422,115.4800033569336,46728800
2004-02-23,76.06421661376953,114.58999633789062,115.26000213623048,114.16999816894533,115.22000122070312,36357000
2004-02-24,75.93148040771484,114.38999938964844,114.98999786376952,113.02999877929688,114.2699966430664,43953000
2004-02-25,76.25007629394531,114.87000274658205,115.05999755859376,114.31999969482422,114.45999908447266,31213600
2004-02-26,76.29658508300781,114.94000244140624,115.29000091552734,114.33999633789062,114.61000061035156,29683000
2004-02-27,76.34967803955078,115.0199966430664,115.73999786376952,114.62999725341795,115.19000244140624,39312000
2004-03-01,77.10641479492188,116.16000366210938,116.33999633789062,115.25,115.43000030517578,33130800
2004-03-02,76.65502166748047,115.4800033569336,116.97000122070312,115.2300033569336,115.94000244140624,38556400
2004-03-03,76.7944107055664,115.69000244140624,115.87000274658205,114.91999816894533,115.25,31346200
2004-03-04,76.99358367919922,115.98999786376952,116.0999984741211,115.5199966430664,115.72000122070312,21060000
2004-03-05,77.25239562988281,116.37999725341795,116.9499969482422,115.27999877929688,115.41999816894533,55905600
2004-03-08,76.30985260009766,114.95999908447266,116.62000274658205,114.91000366210938,116.33999633789062,39281600
2004-03-09,76.0045394897461,114.5,115.20999908447266,114.23999786376952,115.0999984741211,39746100
2004-03-10,74.7300033569336,112.58000183105467,114.7699966430664,112.55999755859376,114.72000122070312,67671800
2004-03-11,73.7608871459961,111.12000274658205,113.2699966430664,111.0999984741211,112.4000015258789,89134800
2004-03-12,74.7300033569336,112.58000183105467,112.70999908447266,111.58000183105467,111.7300033569336,54012200
2004-03-15,73.8139419555664,111.1999969482422,112.3499984741211,110.9000015258789,112.2699966430664,57677200
2004-03-16,74.20562744140625,111.79000091552734,112.05999755859376,110.83999633789062,111.77999877929688,59832600
2004-03-17,75.03536224365234,113.04000091552734,113.26000213623048,112.0999984741211,112.18000030517578,41607300
2004-03-18,75.05526733398438,113.06999969482422,113.2699966430664,111.93000030517578,112.6999969482422,60014300
2004-03-19,73.9794921875,111.05999755859376,112.56999969482422,111.04000091552734,112.41000366210938,48636200
2004-03-22,73.04024505615234,109.6500015258789,110.56999969482422,109.0999984741211,110.54000091552734,62752100
2004-03-23,72.91372680664062,109.45999908447266,110.4000015258789,109.36000061035156,110.25,54080200
2004-03-24,72.9736328125,109.5500030517578,110.13999938964844,108.8499984741211,109.58000183105467,51584300
2004-03-25,73.93949890136719,111.0,111.3000030517578,109.79000091552734,110.08000183105467,49873600
2004-03-26,73.9594955444336,111.02999877929688,111.79000091552734,110.8000030517578,110.95999908447266,37409500
2004-03-29,74.99864196777344,112.58999633789062,112.73999786376952,111.58000183105467,111.62999725341795,44113600
2004-03-30,75.25179290771484,112.97000122070312,113.06999969482422,112.22000122070312,112.3000030517578,39059900
2004-03-31,75.33837890625,113.0999984741211,113.4000015258789,112.37999725341795,112.98999786376952,48517600
2004-04-01,75.79129791259766,113.77999877929688,113.87000274658205,113.0500030517578,113.06999969482422,45103800
2004-04-02,76.36424255371094,114.63999938964844,114.83999633789062,113.9000015258789,114.80999755859376,50987700
2004-04-05,76.78387451171875,115.2699966430664,115.37999725341795,114.44000244140624,114.45999908447266,30251800
2004-04-06,76.53738403320312,114.9000015258789,115.18000030517578,114.62000274658205,114.83000183105467,28420900
2004-04-07,76.35753631591797,114.62999725341795,114.9800033569336,114.11000061035156,114.9499969482422,45890500
2004-04-08,76.18437194824219,114.37000274658205,115.41000366210938,113.73999786376952,115.41000366210938,46929700
2004-04-12,76.4841079711914,114.81999969482422,115.08000183105467,114.56999969482422,114.58000183105467,23085200
2004-04-13,75.41162872314453,113.20999908447266,115.3000030517578,113.0199966430664,115.26000213623048,56210300
2004-04-14,75.53154754638672,113.38999938964844,113.63999938964844,112.5500030517578,112.61000061035156,62322300
2004-04-15,75.2451171875,112.95999908447266,113.77999877929688,112.36000061035156,113.4499969482422,61602500
2004-04-16,75.8246078491211,113.83000183105467,114.0500030517578,112.9800033569336,113.37999725341795,47059200
2004-04-19,75.8246078491211,113.83000183105467,113.98999786376952,113.2699966430664,113.5500030517578,28277600
2004-04-20,74.55233764648438,111.91999816894533,114.31999969482422,111.77999877929688,114.08000183105467,53299400
2004-04-21,75.05193328857422,112.66999816894533,112.9499969482422,111.87000274658205,112.1999969482422,50177300
2004-04-22,76.10441589355469,114.25,114.66999816894533,112.44000244140624,112.4800033569336,62071500
2004-04-23,76.17765808105469,114.36000061035156,114.56999969482422,113.79000091552734,114.41999816894533,29395700
2004-04-26,76.07112121582031,114.1999969482422,114.94000244140624,113.5999984741211,114.5,35515200
2004-04-27,76.13777160644531,114.3000030517578,115.12000274658205,113.95999908447266,114.2300033569336,43485500
2004-04-28,75.15187072753906,112.81999969482422,114.01000213623048,112.5,113.88999938964844,50165800
2004-04-29,74.4924087524414,111.83000183105467,113.31999969482422,111.16000366210938,112.72000122070312,69687600
2004-04-30,73.91287994384766,110.95999908447266,112.37999725341795,110.9000015258789,112.16999816894533,48681400
2004-05-03,74.70556640625,112.1500015258789,112.29000091552734,111.3499984741211,111.37000274658205,33758000
2004-05-04,74.64561462402344,112.05999755859376,113.26000213623048,111.66000366210938,112.25,51185100
2004-05-05,75.12522888183594,112.77999877929688,112.95999908447266,112.16000366210938,112.41000366210938,34405000
2004-05-06,74.47908782958984,111.80999755859376,112.58999633789062,111.0,112.0199966430664,54997000
2004-05-07,73.24677276611328,109.95999908447266,112.2300033569336,109.95999908447266,111.22000122070312,60950000
2004-05-10,72.49409484863281,108.83000183105467,109.75,108.36000061035156,109.44000244140624,75279400
2004-05-11,73.10688018798828,109.75,110.0500030517578,109.33000183105467,109.45999908447266,48300600
2004-05-12,73.57317352294922,110.4499969482422,110.54000091552734,108.05999755859376,109.56999969482422,90830500
2004-05-13,73.2667236328125,109.98999786376952,110.80999755859376,109.62999725341795,109.76000213623048,57393700
2004-05-14,73.30004119873047,110.04000091552734,110.73999786376952,109.2699966430664,109.9499969482422,54123100
2004-05-17,72.67389678955078,109.0999984741211,109.5,108.41000366210938,108.88999938964844,55020400
2004-05-18,73.04024505615234,109.6500015258789,109.94000244140624,109.33000183105467,109.48999786376952,30193100
2004-05-19,72.78713989257812,109.2699966430664,111.18000030517578,109.1500015258789,110.5,54804100
2004-05-20,73.020263671875,109.62000274658205,109.87000274658205,109.04000091552734,109.4499969482422,38082900
2004-05-21,73.14682006835938,109.80999755859376,110.5500030517578,109.47000122070312,109.97000122070312,47480400
2004-05-24,73.4532470703125,110.2699966430664,110.76000213623048,109.68000030517578,110.52999877929688,40961500
2004-05-25,74.50570678710938,111.8499984741211,111.9800033569336,109.5999984741211,109.9000015258789,48668000
2004-05-26,74.7655029296875,112.23999786376952,112.29000091552734,111.51000213623048,111.66000366210938,35977000
2004-05-27,75.18515014648438,112.87000274658205,113.02999877929688,112.05999755859376,112.54000091552734,45306900
2004-05-28,75.17850494384766,112.86000061035156,112.87999725341795,112.36000061035156,112.7300033569336,23367200
2004-06-01,75.07858276367188,112.70999908447266,112.86000061035156,111.87000274658205,112.45999908447266,41044700
2004-06-02,75.35834503173828,113.12999725341795,113.4800033569336,112.45999908447266,113.02999877929688,39774200
2004-06-03,74.66557312011719,112.08999633789062,113.19000244140624,112.06999969482422,112.80999755859376,38688300
2004-06-04,75.2584228515625,112.9800033569336,113.58000183105467,112.70999908447266,112.9800033569336,32739500
2004-06-07,76.40416717529297,114.6999969482422,114.80999755859376,113.41999816894533,113.43000030517578,31643800
2004-06-08,76.5107421875,114.86000061035156,114.91999816894533,114.16999816894533,114.37000274658205,32846500
2004-06-09,75.79798889160156,113.79000091552734,114.6999969482422,113.72000122070312,114.51000213623048,36737600
2004-06-10,76.1710205078125,114.3499984741211,114.3499984741211,113.93000030517578,114.04000091552734,21711000
2004-06-14,75.41832733154297,113.22000122070312,113.8499984741211,112.87000274658205,113.81999969482422,34633000
2004-06-15,75.95120239257812,114.0199966430664,114.4499969482422,113.51000213623048,113.9000015258789,37445000
2004-06-16,75.93787384033203,114.0,114.1999969482422,113.6999969482422,114.0,26633400
2004-06-17,75.8246078491211,113.83000183105467,114.06999969482422,113.33000183105467,113.8499984741211,28402400
2004-06-18,75.96771240234375,113.62999725341795,114.22000122070312,113.18000030517578,113.2699966430664,31799800
2004-06-21,75.68026733398438,113.1999969482422,114.13999938964844,113.12999725341795,113.75,25284000
2004-06-22,76.06130981445312,113.7699966430664,113.87999725341795,112.66999816894533,113.12999725341795,37334000
2004-06-23,76.71647644042969,114.75,114.83999633789062,113.41999816894533,113.61000061035156,35580000
2004-06-24,76.47584533691406,114.38999938964844,114.93000030517578,114.26000213623048,114.55999755859376,35272100
2004-06-25,76.10810852050781,113.83999633789062,114.94000244140624,113.68000030517578,114.41000366210938,32837900
2004-06-28,75.84739685058594,113.4499969482422,114.61000061035156,113.41000366210938,114.5199966430664,40824500
2004-06-29,76.16158294677734,113.91999816894533,114.16999816894533,113.41999816894533,113.52999877929688,28418100
2004-06-30,76.56938171386719,114.52999877929688,114.79000091552734,113.6500015258789,114.06999969482422,52230600
2004-07-01,75.50642395019531,112.94000244140624,114.4000015258789,112.58000183105467,114.25,57734700
2004-07-02,75.46627807617188,112.87999725341795,113.29000091552734,112.5999984741211,113.16000366210938,34615100
2004-07-06,74.80443572998047,111.88999938964844,112.4499969482422,111.62999725341795,112.37000274658205,38698200
2004-07-07,75.02508544921875,112.22000122070312,112.56999969482422,111.75,111.80999755859376,29839800
2004-07-08,74.50360107421875,111.44000244140624,112.31999969482422,111.1999969482422,111.80999755859376,45291100
2004-07-09,74.69745635986328,111.7300033569336,111.94000244140624,111.37999725341795,111.72000122070312,27412900
2004-07-12,74.73088836669922,111.77999877929688,112.04000091552734,111.0,111.5199966430664,35691300
2004-07-13,74.7844009399414,111.86000061035156,112.0199966430664,111.5999984741211,111.91999816894533,26752000
2004-07-14,74.55707550048828,111.5199966430664,112.38999938964844,111.12000274658205,111.26000213623048,54089400
2004-07-15,74.07572174072266,110.8000030517578,111.91000366210938,110.6999969482422,111.73999786376952,38403500
2004-07-16,74.0155258178711,110.70999908447266,111.66999816894533,110.44000244140624,111.56999969482422,40871200
2004-07-19,73.70128631591797,110.23999786376952,110.95999908447266,109.98999786376952,110.75,39592800
2004-07-20,74.6373062133789,111.63999938964844,111.9000015258789,110.25,110.52999877929688,46679800
2004-07-21,73.26007843017578,109.58000183105467,112.05999755859376,109.4499969482422,111.81999969482422,56241100
2004-07-22,73.46063995361328,109.87999725341795,110.38999938964844,108.7699966430664,109.36000061035156,72477100
2004-07-23,72.84556579589844,108.95999908447266,109.70999908447266,108.69000244140624,109.62000274658205,49610500
2004-07-26,72.70516204833984,108.75,109.43000030517578,108.20999908447266,109.19000244140624,49679100
2004-07-27,73.3871078491211,109.7699966430664,110.11000061035156,108.97000122070312,109.0500030517578,51295100
2004-07-28,73.6077651977539,110.0999984741211,110.37000274658205,108.58999633789062,109.5500030517578,65862300
2004-07-29,73.92193603515625,110.56999969482422,110.87000274658205,110.0,110.54000091552734,52200500
2004-07-30,74.10248565673828,110.83999633789062,110.9000015258789,110.0999984741211,110.31999969482422,41581700
2004-08-02,74.25619506835938,111.06999969482422,111.36000061035156,110.0500030517578,110.19000244140624,38263100
2004-08-03,73.68126678466797,110.20999908447266,111.05999755859376,110.16000366210938,110.93000030517578,40948800
2004-08-04,73.674560546875,110.1999969482422,110.75,109.63999938964844,109.88999938964844,40763200
2004-08-05,72.47118377685547,108.4000015258789,110.37999725341795,108.2699966430664,110.29000091552734,50772000
2004-08-06,71.4349365234375,106.8499984741211,107.95999908447266,106.62000274658205,107.62999725341795,74729000
2004-08-09,71.53520202636719,107.0,107.4800033569336,106.87000274658205,107.0199966430664,37476300
2004-08-10,72.45779418945312,108.37999725341795,108.41000366210938,107.26000213623048,107.30999755859376,55870600
2004-08-11,72.31074523925781,108.16000366210938,108.33000183105467,107.0999984741211,107.68000030517578,52933200
2004-08-12,71.5218505859375,106.9800033569336,107.9499969482422,106.62999725341795,107.68000030517578,50015900
2004-08-13,71.66221618652344,107.19000244140624,107.3499984741211,106.58999633789062,107.0999984741211,41634700
2004-08-16,72.40435028076172,108.3000030517578,108.63999938964844,107.0999984741211,107.13999938964844,45731900
2004-08-17,72.81214141845703,108.91000366210938,109.27999877929688,108.52999877929688,108.75,40701600
2004-08-18,73.56090545654297,110.02999877929688,110.16999816894533,108.48999786376952,108.5199966430664,43165400
2004-08-19,73.34700775146484,109.70999908447266,110.0199966430664,109.18000030517578,109.80999755859376,39881600
2004-08-20,73.86177062988281,110.4800033569336,110.62999725341795,109.51000213623048,109.61000061035156,44870900
2004-08-23,73.674560546875,110.1999969482422,110.7699966430664,110.0500030517578,110.5500030517578,33745100
2004-08-24,73.77484130859375,110.3499984741211,110.7300033569336,109.8499984741211,110.63999938964844,30453100
2004-08-25,74.27625274658203,111.0999984741211,111.2699966430664,109.9000015258789,110.33000183105467,38551400
2004-08-26,74.27625274658203,111.0999984741211,111.30999755859376,110.8499984741211,110.95999908447266,26629500
2004-08-27,74.51029205322266,111.4499969482422,111.62999725341795,111.0500030517578,111.1999969482422,24902900
2004-08-30,73.89519500732422,110.52999877929688,111.33999633789062,110.4499969482422,111.22000122070312,26726500
2004-08-31,74.28298950195312,111.11000061035156,111.16000366210938,110.0999984741211,110.66000366210938,44125300
2004-09-01,74.42333984375,111.31999969482422,111.63999938964844,110.4800033569336,110.9499969482422,52778300
2004-09-02,75.2657241821289,112.58000183105467,112.6999969482422,111.23999786376952,111.23999786376952,42736600
2004-09-03,74.9582290649414,112.12000274658205,112.81999969482422,112.01000213623048,112.33000183105467,30480500
2004-09-07,75.45294189453125,112.86000061035156,113.12999725341795,112.31999969482422,112.54000091552734,37338800
2004-09-08,75.2657241821289,112.58000183105467,113.05999755859376,112.30999755859376,112.62000274658205,32963100
2004-09-09,75.1988754272461,112.4800033569336,112.87999725341795,112.02999877929688,112.56999969482422,34314800
2004-09-10,75.58665466308594,113.05999755859376,113.2699966430664,112.08000183105467,112.5199966430664,27900600
2004-09-13,75.83399200439453,113.43000030517578,113.73999786376952,113.01000213623048,113.30999755859376,44398100
2004-09-14,75.98777770996094,113.66000366210938,113.69000244140624,113.19000244140624,113.3000030517578,28048900
2004-09-15,75.412841796875,112.8000030517578,113.36000061035156,112.68000030517578,113.3000030517578,38295000
2004-09-16,75.64014434814453,113.13999938964844,113.37000274658205,112.8000030517578,112.8499984741211,23911700
2004-09-17,75.9616928100586,113.1500015258789,113.36000061035156,112.69000244140624,112.9499969482422,33683000
2004-09-20,75.50517272949219,112.47000122070312,112.98999786376952,112.27999877929688,112.66999816894533,37149400
2004-09-21,75.83413696289062,112.95999908447266,113.47000122070312,112.54000091552734,112.75,40920800
2004-09-22,74.88755798339844,111.5500030517578,112.5199966430664,111.47000122070312,112.5,49042100
2004-09-23,74.48477935791016,110.9499969482422,111.6999969482422,110.9499969482422,111.5999984741211,44068700
2004-09-24,74.82716369628906,111.45999908447266,111.7300033569336,111.12999725341795,111.16999816894533,34981100
2004-09-27,74.35047912597656,110.75,111.1999969482422,110.58000183105467,111.0999984741211,39355100
2004-09-28,74.70626831054688,111.27999877929688,111.51000213623048,110.41000366210938,110.91000366210938,41662900
2004-09-29,75.08222198486328,111.83999633789062,111.8499984741211,111.0,111.20999908447266,33325700
2004-09-30,75.028564453125,111.76000213623048,111.9800033569336,111.26000213623048,111.5500030517578,43536700
2004-10-01,76.29737091064453,113.6500015258789,113.6500015258789,112.20999908447266,112.26000213623048,62824300
2004-10-04,76.4249038696289,113.83999633789062,114.44000244140624,113.8000030517578,114.0999984741211,33082400
2004-10-05,76.46519470214844,113.9000015258789,114.16000366210938,113.54000091552734,113.8499984741211,36910600
2004-10-06,76.98884582519531,114.68000030517578,114.68000030517578,113.68000030517578,113.7699966430664,42297800
2004-10-07,76.16311645507812,113.4499969482422,114.4000015258789,113.36000061035156,114.37999725341795,39388800
2004-10-08,75.53207397460938,112.51000213623048,113.7699966430664,112.3499984741211,113.1500015258789,51872600
2004-10-11,75.84083557128906,112.97000122070312,113.0199966430664,112.63999938964844,112.77999877929688,20229100
2004-10-12,75.54547882080078,112.52999877929688,112.83000183105467,111.94000244140624,112.1999969482422,41754700
2004-10-13,74.88086700439453,111.54000091552734,113.06999969482422,111.31999969482422,113.0,54212600
2004-10-14,74.27666473388672,110.63999938964844,111.93000030517578,110.58000183105467,111.68000030517578,64082200
2004-10-15,74.69290924072266,111.26000213623048,111.73999786376952,110.56999969482422,111.0199966430664,63482200
2004-10-18,74.97483825683594,111.68000030517578,111.9000015258789,110.6999969482422,110.88999938964844,43535100
2004-10-19,74.34379577636719,110.73999786376952,112.2300033569336,110.58999633789062,112.0199966430664,55851900
2004-10-20,74.19608306884766,110.5199966430664,110.81999969482422,109.75,110.37999725341795,57118500
2004-10-21,74.67945861816406,111.23999786376952,111.31999969482422,110.20999908447266,110.79000091552734,53218300
2004-10-22,73.84026336669922,109.98999786376952,111.25,109.86000061035156,111.19000244140624,48752400
2004-10-25,73.75302124023438,109.86000061035156,110.12000274658205,109.3499984741211,109.75,43990900
2004-10-26,74.88086700439453,111.54000091552734,111.5999984741211,109.87999725341795,110.12999725341795,54337400
2004-10-27,75.78041076660156,112.87999725341795,113.0999984741211,111.12000274658205,111.37999725341795,73896000
2004-10-28,76.00867462158203,113.22000122070312,113.55999755859376,112.48999786376952,112.77999877929688,54413300
2004-10-29,75.99527740478516,113.1999969482422,113.63999938964844,112.9000015258789,113.12000274658205,48820200
2004-11-01,76.20339965820312,113.51000213623048,113.83999633789062,113.1999969482422,113.55999755859376,36720900
2004-11-02,76.230224609375,113.5500030517578,114.56999969482422,113.22000122070312,113.66999816894533,56210000
2004-11-03,77.19026184082031,114.9800033569336,115.36000061035156,114.23999786376952,115.02999877929688,76960200
2004-11-04,78.24425506591797,116.5500030517578,116.66999816894533,114.68000030517578,114.77999877929688,55350300
2004-11-05,78.7342758178711,117.27999877929688,117.63999938964844,116.48999786376952,117.0500030517578,63287200
2004-11-08,78.62019348144531,117.11000061035156,117.2300033569336,116.72000122070312,116.9800033569336,33863800
2004-11-09,78.46576690673828,116.87999725341795,117.5,116.76000213623048,117.08000183105467,44658100
2004-11-10,78.52619934082031,116.97000122070312,117.5500030517578,116.76000213623048,117.05999755859376,45265400
2004-11-11,79.12371063232422,117.86000061035156,118.12000274658205,117.0999984741211,117.18000030517578,37863200
2004-11-12,79.74805450439453,118.79000091552734,119.0,117.68000030517578,117.97000122070312,55583700
2004-11-15,79.9439697265625,118.7300033569336,118.7699966430664,118.2300033569336,118.5,35297900
2004-11-16,79.37164306640625,117.87999725341795,118.41000366210938,117.7300033569336,118.36000061035156,40028700
2004-11-17,79.84295654296875,118.58000183105467,119.13999938964844,118.06999969482422,118.37000274658205,54494000
2004-11-18,79.9507064819336,118.73999786376952,118.8000030517578,118.2300033569336,118.52999877929688,31854300
2004-11-19,79.06190490722656,117.41999816894533,118.72000122070312,117.13999938964844,118.6999969482422,54276500
2004-11-22,79.43895721435547,117.9800033569336,118.12000274658205,117.02999877929688,117.16999816894533,37560200
2004-11-23,79.56017303466797,118.16000366210938,118.26000213623048,117.37000274658205,117.93000030517578,41968800
2004-11-24,79.74868774414062,118.44000244140624,118.58999633789062,118.0500030517578,118.2699966430664,29724800
2004-11-26,79.68807220458984,118.3499984741211,118.9800033569336,118.3000030517578,118.51000213623048,15487700
2004-11-29,79.32449340820312,117.80999755859376,119.01000213623048,117.4800033569336,118.79000091552734,61460800
2004-11-30,79.37837219238281,117.88999938964844,118.23999786376952,117.63999938964844,118.0,53685200
2004-12-01,80.28062438964844,119.2300033569336,119.5,118.0999984741211,118.16000366210938,49898300
2004-12-02,80.34797668457031,119.33000183105467,119.87000274658205,119.01000213623048,119.0999984741211,60163500
2004-12-03,80.29411315917969,119.25,120.13999938964844,119.08999633789062,119.30999755859376,49067900
2004-12-06,80.26717376708984,119.20999908447266,119.63999938964844,118.83999633789062,119.20999908447266,33030500
2004-12-07,79.51976013183594,118.0999984741211,119.62000274658205,118.04000091552734,119.48999786376952,52047200
2004-12-08,79.98436737060547,118.79000091552734,118.81999969482422,118.01000213623048,118.20999908447266,43895100
2004-12-09,80.26717376708984,119.20999908447266,119.45999908447266,117.7300033569336,118.13999938964844,60922800
2004-12-10,80.34797668457031,119.33000183105467,119.55999755859376,118.8499984741211,118.91999816894533,47828600
2004-12-13,81.04824829101562,120.37000274658205,120.4000015258789,119.3499984741211,119.76000213623048,38541000
2004-12-14,81.33103942871094,120.79000091552734,120.95999908447266,120.18000030517578,120.18000030517578,41500700
2004-12-15,81.3915786743164,120.87999725341795,121.11000061035156,120.30999755859376,120.6999969482422,46699200
2004-12-16,81.34451293945312,120.80999755859376,121.23999786376952,120.04000091552734,120.72000122070312,51641800
2004-12-17,80.80191802978516,119.44000244140624,119.97000122070312,119.16000366210938,119.45999908447266,70761900
2004-12-20,80.82225799560547,119.47000122070312,120.29000091552734,119.16999816894533,119.75,47187400
2004-12-21,81.44461059570312,120.38999938964844,120.4800033569336,119.45999908447266,119.5999984741211,33094200
2004-12-22,81.64080810546875,120.68000030517578,121.08000183105467,120.3000030517578,120.37999725341795,31500700
2004-12-23,81.70169067382812,120.7699966430664,121.27999877929688,120.66000366210938,120.87000274658205,25646100
2004-12-27,81.53255462646484,120.5199966430664,121.36000061035156,120.38999938964844,121.1999969482422,29944100
2004-12-28,81.97905731201172,121.18000030517578,121.33000183105467,120.5999984741211,120.63999938964844,23422900
2004-12-29,82.10082244873047,121.36000061035156,121.4000015258789,120.9499969482422,121.08000183105467,22650600
2004-12-30,81.94520568847656,121.12999725341795,121.56999969482422,121.04000091552734,121.4000015258789,21076900
2004-12-31,81.76933288574219,120.87000274658205,121.66000366210938,120.8000030517578,121.3000030517578,28648800
2005-01-03,81.38373565673828,120.3000030517578,121.76000213623048,119.9000015258789,121.55999755859376,55748000
2005-01-04,80.38928985595703,118.83000183105467,120.54000091552734,118.44000244140624,120.45999908447266,69167600
2005-01-05,79.83453369140625,118.01000213623048,119.25,118.0,118.73999786376952,65667300
2005-01-06,80.24044036865234,118.61000061035156,119.1500015258789,118.26000213623048,118.44000244140624,47814700
2005-01-07,80.12541198730469,118.44000244140624,119.2300033569336,118.12999725341795,118.97000122070312,55847700
2005-01-10,80.50426483154297,119.0,119.45999908447266,118.33999633789062,118.33999633789062,56563300
2005-01-11,79.94951629638672,118.18000030517578,118.73999786376952,117.98999786376952,118.63999938964844,63099700
2005-01-12,80.21337890625,118.56999969482422,118.83999633789062,117.5199966430664,118.4000015258789,72720500
2005-01-13,79.57066345214844,117.62000274658205,118.7300033569336,117.5,118.63999938964844,55537500
2005-01-14,79.99014282226562,118.23999786376952,118.52999877929688,117.76000213623048,117.97000122070312,42032500
2005-01-18,80.82225799560547,119.47000122070312,119.62000274658205,117.9499969482422,118.0500030517578,57391700
2005-01-19,79.9765853881836,118.22000122070312,119.5199966430664,118.20999908447266,119.43000030517578,54378900
2005-01-20,79.48949432373047,117.5,118.1999969482422,117.29000091552734,117.88999938964844,72049300
2005-01-21,79.00241088867188,116.77999877929688,118.0,116.6500015258789,117.79000091552734,63160400
2005-01-24,78.8468246459961,116.5500030517578,117.33999633789062,116.37000274658205,117.08999633789062,58441900
2005-01-25,79.07007598876953,116.87999725341795,117.47000122070312,116.72000122070312,116.91000366210938,68245000
2005-01-26,79.30683135986328,117.2300033569336,117.5999984741211,117.04000091552734,117.31999969482422,57195100
2005-01-27,79.44215393066406,117.43000030517578,117.75,116.9800033569336,117.19000244140624,55878800
2005-01-28,79.44215393066406,117.43000030517578,117.5500030517578,116.61000061035156,117.48999786376952,60738900
2005-01-31,79.93601989746094,118.16000366210938,118.25,117.70999908447266,117.9499969482422,52532700
2005-02-01,80.44336700439453,118.91000366210938,119.08000183105467,118.0999984741211,118.25,49841200
2005-02-02,80.68692779541016,119.2699966430664,119.58999633789062,118.9000015258789,119.05999755859376,52468900
2005-02-03,80.47721862792969,118.95999908447266,119.16000366210938,118.56999969482422,119.05999755859376,48837100
2005-02-04,81.33638763427734,120.2300033569336,120.43000030517578,118.9800033569336,119.0,50024600
2005-02-07,81.2281265258789,120.06999969482422,120.5199966430664,119.95999908447266,120.25,45412000
2005-02-08,81.32283782958984,120.20999908447266,120.6500015258789,120.06999969482422,120.16999816894533,39263500
2005-02-09,80.71398162841797,119.30999755859376,120.48999786376952,119.25,120.41999816894533,55279400
2005-02-10,81.0048828125,119.73999786376952,120.0199966430664,119.26000213623048,119.66000366210938,45858600
2005-02-11,81.70169067382812,120.7699966430664,121.04000091552734,119.45999908447266,119.6999969482422,53133000
2005-02-14,81.64080810546875,120.68000030517578,120.86000061035156,120.4800033569336,120.69000244140624,32432100
2005-02-15,81.94520568847656,121.12999725341795,121.43000030517578,120.68000030517578,120.8000030517578,43852700
2005-02-16,81.99935150146484,121.20999908447266,121.45999908447266,120.66999816894533,120.93000030517578,55523000
2005-02-17,81.33638763427734,120.2300033569336,121.33000183105467,120.22000122070312,121.2300033569336,58124000
2005-02-18,81.44461059570312,120.38999938964844,120.4800033569336,119.9000015258789,120.23999786376952,47723300
2005-02-22,80.23369598388672,118.5999984741211,120.47000122070312,118.58000183105467,119.9000015258789,80697600
2005-02-23,80.80870056152344,119.4499969482422,119.56999969482422,118.62000274658205,118.93000030517578,68292600
2005-02-24,81.3431396484375,120.23999786376952,120.31999969482422,118.9800033569336,119.23999786376952,68563600
2005-02-25,82.14816284179688,121.43000030517578,121.66999816894533,120.18000030517578,120.2699966430664,60899900
2005-02-28,81.60699462890625,120.62999725341795,121.3000030517578,120.04000091552734,121.1500015258789,69381300
2005-03-01,82.01288604736328,121.2300033569336,121.5199966430664,120.77999877929688,120.81999969482422,47294400
2005-03-02,81.97227478027344,121.16999816894533,121.93000030517578,120.6500015258789,120.76000213623048,64226500
2005-03-03,82.00609588623047,121.22000122070312,121.9000015258789,120.6999969482422,121.66000366210938,61230800
2005-03-04,83.02765655517578,122.7300033569336,122.83000183105467,121.79000091552734,122.0500030517578,56168500
2005-03-07,83.06819915771484,122.79000091552734,123.25,122.4000015258789,122.66000366210938,43442400
2005-03-08,82.75707244873047,122.33000183105467,123.0,122.11000061035156,122.66999816894533,44362000
2005-03-09,81.83700561523438,120.97000122070312,122.29000091552734,120.95999908447266,121.97000122070312,73263600
2005-03-10,82.01966857910156,121.23999786376952,121.5,120.4000015258789,121.1999969482422,65149000
2005-03-11,81.44461059570312,120.38999938964844,121.72000122070312,120.16000366210938,121.30999755859376,57976500
2005-03-14,81.95197296142578,121.13999938964844,121.16000366210938,120.27999877929688,120.61000061035156,36336400
2005-03-15,81.27547454833984,120.13999938964844,121.45999908447266,120.08000183105467,121.41999816894533,62438500
2005-03-16,80.58543395996094,119.12000274658205,120.16000366210938,118.9000015258789,119.6999969482422,74874200
2005-03-17,80.7478256225586,119.36000061035156,119.73999786376952,118.9800033569336,119.30999755859376,62584200
2005-03-18,80.50807189941406,118.54000091552734,119.52999877929688,118.1500015258789,119.11000061035156,60232000
2005-03-21,80.20924377441406,118.0999984741211,118.77999877929688,117.76000213623048,118.70999908447266,61244300
2005-03-22,79.39424896240234,116.9000015258789,118.93000030517578,116.9000015258789,118.37000274658205,92472400
2005-03-23,79.46218872070312,117.0,117.72000122070312,116.75,116.9499969482422,70817300
2005-03-24,79.5572280883789,117.13999938964844,117.98999786376952,117.05999755859376,117.45999908447266,51932500
2005-03-28,79.67269897460938,117.30999755859376,117.94000244140624,117.30999755859376,117.41999816894533,46765500
2005-03-29,79.14295196533203,116.52999877929688,117.9000015258789,116.25,117.13999938964844,71160300
2005-03-30,80.2635726928711,118.18000030517578,118.1999969482422,116.7699966430664,116.77999877929688,62002100
2005-03-31,80.11412811279297,117.95999908447266,118.45999908447266,117.87000274658205,118.19000244140624,64575400
2005-04-01,79.75420379638672,117.43000030517578,118.98999786376952,116.91000366210938,118.62999725341795,95255300
2005-04-04,79.89002990722656,117.62999725341795,117.86000061035156,116.73999786376952,117.36000061035156,71581200
2005-04-05,80.27033996582031,118.19000244140624,118.37999725341795,117.66999816894533,117.77999877929688,46853900
2005-04-06,80.5488052368164,118.5999984741211,118.9499969482422,118.18000030517578,118.4499969482422,53268200
2005-04-07,80.9835205078125,119.23999786376952,119.26000213623048,118.31999969482422,118.41000366210938,46734600
2005-04-08,80.14129638671875,118.0,119.20999908447266,118.0,119.16999816894533,63772900
2005-04-11,80.20245361328125,118.08999633789062,118.41999816894533,117.83000183105467,118.29000091552734,44945000
2005-04-12,80.61673736572266,118.6999969482422,119.05999755859376,117.06999969482422,117.88999938964844,86144800
2005-04-13,79.66590881347656,117.3000030517578,118.8000030517578,117.12999725341795,118.55999755859376,65949000
2005-04-14,78.62678527832031,115.7699966430664,117.5,115.7699966430664,117.4000015258789,96119800
2005-04-15,77.52651977539062,114.1500015258789,116.1999969482422,114.0999984741211,115.73999786376952,128677300
2005-04-18,77.7642593383789,114.5,114.95999908447266,113.95999908447266,114.12000274658205,100035200
2005-04-19,78.38227081298828,115.41000366210938,115.52999877929688,114.83000183105467,115.0999984741211,64930100
2005-04-20,77.28882598876953,113.8000030517578,115.62999725341795,113.5500030517578,115.37999725341795,107735900
2005-04-21,78.78975677490234,116.01000213623048,116.20999908447266,114.37999725341795,114.79000091552734,86952200
2005-04-22,78.49097442626953,115.56999969482422,116.5,114.2699966430664,115.73999786376952,88845800
2005-04-25,79.0071029663086,116.33000183105467,116.5,115.72000122070312,115.86000061035156,52284100
2005-04-26,78.23967742919922,115.1999969482422,116.7699966430664,115.1500015258789,115.95999908447266,72626000
2005-04-27,78.5452880859375,115.6500015258789,116.06999969482422,114.44000244140624,114.86000061035156,84131900
2005-04-28,77.56047821044922,114.1999969482422,115.68000030517578,114.1999969482422,115.2699966430664,72481500
2005-04-29,78.61320495605469,115.75,115.87000274658205,113.97000122070312,115.06999969482422,103993800
2005-05-02,79.05464172363281,116.4000015258789,116.41000366210938,115.5199966430664,116.06999969482422,56026400
2005-05-03,79.19049072265625,116.5999984741211,116.8499984741211,115.69000244140624,116.06999969482422,86000300
2005-05-04,79.80171203613281,117.5,117.75,116.27999877929688,116.6500015258789,81055700
2005-05-05,79.77459716796875,117.45999908447266,118.0,116.73999786376952,117.66999816894533,96906700
2005-05-06,79.52328491210938,117.08999633789062,117.98999786376952,117.05999755859376,117.93000030517578,67415400
2005-05-09,80.0190658569336,117.81999969482422,118.08000183105467,117.0500030517578,117.20999908447266,43750500
2005-05-10,79.19049072265625,116.5999984741211,117.5,116.38999938964844,117.36000061035156,74613500
2005-05-11,79.62515258789062,117.23999786376952,117.4000015258789,115.8499984741211,116.93000030517578,91647400
2005-05-12,78.74899291992188,115.9499969482422,117.58999633789062,115.9499969482422,117.31999969482422,95086800
2005-05-13,78.59282684326172,115.72000122070312,116.62000274658205,114.8000030517578,116.3000030517578,85267000
2005-05-16,79.32633209228516,116.8000030517578,116.83999633789062,115.66000366210938,115.6999969482422,49207000
2005-05-17,79.85604095458984,117.58000183105467,117.6999969482422,116.16000366210938,116.41000366210938,61071800
2005-05-18,80.67787170410156,118.79000091552734,119.08000183105467,118.01000213623048,118.08999633789062,77944900
2005-05-19,81.01746368408203,119.29000091552734,119.41000366210938,118.6999969482422,119.0199966430664,61768100
2005-05-20,80.90200805664062,119.12000274658205,119.38999938964844,118.73999786376952,119.33999633789062,46345500
2005-05-23,81.3501968383789,119.77999877929688,120.04000091552734,119.19000244140624,119.20999908447266,51047900
2005-05-24,81.16006469726562,119.5,119.83000183105467,119.1999969482422,119.44000244140624,50654100
2005-05-25,81.09893035888672,119.41000366210938,119.87000274658205,118.83000183105467,119.3499984741211,47608800
2005-05-26,81.53362274169922,120.0500030517578,120.20999908447266,119.62000274658205,119.79000091552734,43256200
2005-05-27,81.66942596435547,120.25,120.25,119.8000030517578,120.05999755859376,24596100
2005-05-31,81.14649200439453,119.4800033569336,120.16999816894533,119.4000015258789,120.08000183105467,43377200
2005-06-01,81.83926391601562,120.5,120.91999816894533,119.4499969482422,119.5199966430664,69611000
2005-06-02,82.01580810546875,120.76000213623048,120.83999633789062,120.0999984741211,120.2300033569336,39704500
2005-06-03,81.60150909423828,120.1500015258789,120.88999938964844,119.7300033569336,120.5500030517578,60999400
2005-06-06,81.52681732177734,120.04000091552734,120.1999969482422,119.5500030517578,119.9499969482422,36046400
2005-06-07,81.58793640136719,120.12999725341795,121.25,120.01000213623048,120.38999938964844,66501300
2005-06-08,81.43852233886719,119.91000366210938,120.58999633789062,119.66999816894533,120.43000030517578,46881200
2005-06-09,81.82565307617188,120.4800033569336,120.58000183105467,119.44000244140624,119.73999786376952,56653300
2005-06-10,81.63548278808594,120.1999969482422,120.6500015258789,119.5999984741211,120.55999755859376,36465300
2005-06-13,81.89356994628906,120.58000183105467,121.08000183105467,119.80999755859376,119.94000244140624,49383200
2005-06-14,82.08373260498047,120.86000061035156,121.1999969482422,120.37999725341795,120.4499969482422,33857100
2005-06-15,82.23994445800781,121.08999633789062,121.23999786376952,120.2300033569336,121.16000366210938,53195600
2005-06-16,82.450439453125,121.4000015258789,121.63999938964844,120.91999816894533,121.05999755859376,46564500
2005-06-17,82.75598907470703,121.36000061035156,121.9000015258789,121.22000122070312,121.54000091552734,51529400
2005-06-20,82.78321075439453,121.4000015258789,121.83999633789062,120.94000244140624,121.08000183105467,41019400
2005-06-21,82.8309555053711,121.47000122070312,121.6500015258789,121.02999877929688,121.5,39879800
2005-06-22,82.899169921875,121.56999969482422,121.94000244140624,121.06999969482422,121.68000030517578,46310100
2005-06-23,81.73311614990234,119.86000061035156,121.5999984741211,119.83000183105467,121.31999969482422,62185600
2005-06-24,81.13304138183594,118.9800033569336,120.01000213623048,118.83999633789062,119.87999725341795,58572500
2005-06-27,81.24896240234375,119.1500015258789,119.41000366210938,118.75,118.97000122070312,48183800
2005-06-28,81.93087005615234,120.1500015258789,120.23999786376952,119.37000274658205,119.4000015258789,41174200
2005-06-29,81.712646484375,119.83000183105467,120.4000015258789,119.76000213623048,120.37000274658205,42316500
2005-06-30,81.26942443847656,119.18000030517578,120.31999969482422,118.9499969482422,120.22000122070312,62288800
2005-07-01,81.5080795288086,119.52999877929688,119.8000030517578,119.20999908447266,119.4499969482422,49737500
2005-07-05,82.16270446777344,120.48999786376952,120.6500015258789,119.19000244140624,119.25,51549000
2005-07-06,81.47401428222656,119.4800033569336,120.6500015258789,119.41000366210938,120.38999938964844,52363600
2005-07-07,81.79447937011719,119.9499969482422,119.9499969482422,118.26000213623048,118.29000091552734,103268800
2005-07-08,82.72869110107422,121.31999969482422,121.31999969482422,119.72000122070312,119.97000122070312,64491200
2005-07-11,83.15147399902344,121.94000244140624,122.0999984741211,121.30999755859376,121.33000183105467,49688300
2005-07-12,83.36970520019531,122.26000213623048,122.62999725341795,121.63999938964844,121.98999786376952,51871100
2005-07-13,83.4856185913086,122.43000030517578,122.5199966430664,121.98999786376952,122.2699966430664,41182300
2005-07-14,83.8129653930664,122.91000366210938,123.44000244140624,122.48999786376952,122.9800033569336,63638800
2005-07-15,83.76521301269531,122.83999633789062,123.04000091552734,122.36000061035156,122.79000091552734,56075900
2005-07-18,83.43106842041016,122.3499984741211,122.62999725341795,122.0500030517578,122.5,56598400
2005-07-19,83.887939453125,123.0199966430664,123.11000061035156,122.41000366210938,122.70999908447266,59165700
2005-07-20,84.17434692382812,123.44000244140624,123.7300033569336,122.3000030517578,122.58999633789062,69477000
2005-07-21,83.68335723876953,122.72000122070312,123.61000061035156,122.47000122070312,123.5500030517578,101110900
2005-07-22,84.24252319335938,123.54000091552734,123.55999755859376,122.62999725341795,122.87999725341795,52607100
2005-07-25,84.00385284423828,123.19000244140624,123.9499969482422,122.8499984741211,123.41000366210938,57301600
2005-07-26,84.10614013671875,123.33999633789062,123.52999877929688,122.9499969482422,123.2300033569336,42758800
2005-07-27,84.41300201416016,123.79000091552734,123.88999938964844,123.0500030517578,123.5,43181600
2005-07-28,84.94490814208984,124.56999969482422,124.63999938964844,123.63999938964844,123.95999908447266,47880700
2005-07-29,84.37890625,123.73999786376952,124.62999725341795,123.5,124.41000366210938,62358100
2005-08-01,84.31754302978516,123.6500015258789,124.04000091552734,123.4499969482422,123.83000183105467,40418200
2005-08-02,84.82213592529297,124.38999938964844,124.5999984741211,123.73999786376952,123.87000274658205,45147400
2005-08-03,85.04715728759766,124.72000122070312,124.73999786376952,124.12000274658205,124.25,36837200
2005-08-04,84.3652572631836,123.72000122070312,124.30999755859376,123.56999969482422,124.2300033569336,50855600
2005-08-05,83.79246520996094,122.87999725341795,123.9800033569336,122.66999816894533,123.4499969482422,53595500
2005-08-08,83.6356201171875,122.6500015258789,123.41000366210938,122.37999725341795,123.1500015258789,47616000
2005-08-09,84.14022827148438,123.38999938964844,123.58999633789062,122.87000274658205,123.05999755859376,47170000
2005-08-10,84.09929656982422,123.33000183105467,124.5,122.81999969482422,123.81999969482422,72863700
2005-08-11,84.4334716796875,123.81999969482422,124.02999877929688,123.01000213623048,123.2699966430664,58570200
2005-08-12,83.91519927978516,123.05999755859376,123.69000244140624,122.75,123.56999969482422,54776900
2005-08-15,84.4334716796875,123.81999969482422,123.87000274658205,122.83000183105467,123.22000122070312,36208500
2005-08-16,83.33557891845703,122.20999908447266,123.5199966430664,122.08999633789062,123.44000244140624,71942100
2005-08-17,83.32875061035156,122.1999969482422,122.87000274658205,122.02999877929688,122.19000244140624,62275100
2005-08-18,83.32194519042969,122.19000244140624,122.55999755859376,121.83999633789062,122.0500030517578,53388600
2005-08-19,83.51289367675781,122.47000122070312,122.81999969482422,122.1999969482422,122.62999725341795,39842100
2005-08-22,83.51289367675781,122.47000122070312,123.2300033569336,121.87999725341795,122.58000183105467,69912000
2005-08-23,83.35606384277344,122.23999786376952,122.61000061035156,121.1500015258789,122.5,55168600
2005-08-24,82.61278533935547,121.1500015258789,122.7300033569336,121.08999633789062,121.94000244140624,79104600
2005-08-25,82.91281127929688,121.58999633789062,121.66999816894533,121.20999908447266,121.3499984741211,35631100
2005-08-26,82.34681701660156,120.76000213623048,121.48999786376952,120.68000030517578,121.4800033569336,61956800
2005-08-29,82.98100280761719,121.69000244140624,121.77999877929688,120.37999725341795,120.41000366210938,56179200
2005-08-30,82.54460906982422,121.0500030517578,121.3000030517578,120.38999938964844,121.25,74160200
2005-08-31,83.5879135131836,122.58000183105467,122.66000366210938,120.73999786376952,121.19000244140624,102945200
2005-09-01,83.5265121459961,122.48999786376952,123.1500015258789,121.13999938964844,122.5199966430664,74578700
2005-09-02,83.37650299072266,122.2699966430664,122.87999725341795,122.04000091552734,122.8499984741211,47653400
2005-09-06,84.35162353515625,123.6999969482422,123.8000030517578,122.6500015258789,122.66000366210938,57251300
2005-09-07,84.49479675292969,123.91000366210938,124.12999725341795,123.45999908447266,123.62999725341795,41749700
2005-09-08,84.2152328491211,123.5,124.0,123.30999755859376,123.66000366210938,39068700
2005-09-09,84.9653549194336,124.5999984741211,124.73999786376952,123.8000030517578,123.83000183105467,43093900
2005-09-12,84.79484558105469,124.3499984741211,124.66999816894533,124.2699966430664,124.4499969482422,33017600
2005-09-13,84.3243179321289,123.66000366210938,124.41999816894533,123.5199966430664,124.12999725341795,58427500
2005-09-14,84.01746368408203,123.20999908447266,123.91999816894533,123.0199966430664,123.73999786376952,57694600
2005-09-15,83.97657012939453,123.1500015258789,123.6500015258789,122.9000015258789,123.58999633789062,73156900
2005-09-16,84.57372283935547,123.5,123.73999786376952,122.87000274658205,123.3000030517578,75424100
2005-09-19,84.29293060302734,123.08999633789062,123.5500030517578,122.63999938964844,123.47000122070312,53355300
2005-09-20,83.58077239990234,122.0500030517578,123.61000061035156,121.87000274658205,123.1999969482422,84480300
2005-09-21,82.80009460449219,120.91000366210938,121.87000274658205,120.77999877929688,121.79000091552734,94469100
2005-09-22,83.09455108642578,121.33999633789062,121.66000366210938,120.44000244140624,120.9499969482422,84597200
2005-09-23,83.16303253173828,121.44000244140624,121.88999938964844,120.9000015258789,121.23999786376952,59368100
2005-09-26,83.2588882446289,121.58000183105467,122.23999786376952,121.08000183105467,122.0199966430664,70415400
2005-09-27,83.23834991455078,121.5500030517578,121.98999786376952,121.0199966430664,121.5199966430664,66150800
2005-09-28,83.3205337524414,121.66999816894533,122.12000274658205,121.1999969482422,121.93000030517578,58620500
2005-09-29,83.99847412109375,122.66000366210938,122.86000061035156,121.08000183105467,121.5500030517578,66607700
2005-09-30,84.25873565673828,123.04000091552734,123.04000091552734,121.73999786376952,122.62000274658205,47824200
2005-10-03,83.9573974609375,122.5999984741211,123.33999633789062,122.4499969482422,122.95999908447266,50994800
2005-10-04,83.0123291015625,121.22000122070312,123.02999877929688,121.16000366210938,122.79000091552734,60776300
2005-10-05,81.92350006103516,119.62999725341795,121.30999755859376,119.56999969482422,121.25,106052100
2005-10-06,81.62905883789062,119.1999969482422,120.26000213623048,118.16999816894533,119.77999877929688,140941800
2005-10-07,81.90982818603516,119.61000061035156,120.0500030517578,119.12999725341795,119.6999969482422,75661400
2005-10-10,81.2181625366211,118.5999984741211,119.70999908447266,118.3000030517578,119.68000030517578,52677000
2005-10-11,81.10174560546875,118.43000030517578,119.38999938964844,118.31999969482422,118.98999786376952,75629800
2005-10-12,80.46487426757812,117.5,119.12999725341795,117.41000366210938,118.38999938964844,100510400
2005-10-13,80.41694641113281,117.43000030517578,118.08000183105467,116.87999725341795,117.45999908447266,99052900
2005-10-14,81.26610565185547,118.66999816894533,118.80999755859376,117.55999755859376,118.12000274658205,88651000
2005-10-17,81.56743621826172,119.11000061035156,119.2699966430664,118.4499969482422,118.8000030517578,68109300
2005-10-18,80.68401336669922,117.81999969482422,118.95999908447266,117.8000030517578,118.94000244140624,74996900
2005-10-19,82.02622985839844,119.77999877929688,119.8000030517578,117.12000274658205,117.5,116563800
2005-10-20,80.58128356933594,117.66999816894533,119.80999755859376,117.3000030517578,119.48999786376952,131966700
2005-10-21,80.89629364013672,118.12999725341795,118.77999877929688,117.51000213623048,118.29000091552734,96579500
2005-10-24,82.14949035644531,119.95999908447266,120.08999633789062,118.41000366210938,118.44000244140624,71308400
2005-10-25,81.98517608642578,119.72000122070312,120.23999786376952,118.94000244140624,119.72000122070312,76594500
2005-10-26,81.74549102783203,119.37000274658205,120.54000091552734,119.19000244140624,119.51000213623048,80855800
2005-10-27,80.87577056884766,118.0999984741211,119.37000274658205,117.93000030517578,119.1999969482422,66623100
2005-10-28,82.03995513916016,119.8000030517578,119.9499969482422,118.0999984741211,118.43000030517578,72322000
2005-10-31,82.26590728759766,120.12999725341795,121.3000030517578,120.12999725341795,120.29000091552734,77698900
2005-11-01,82.51245880126953,120.48999786376952,120.9000015258789,120.22000122070312,120.58000183105467,66365100
2005-11-02,83.37532043457031,121.75,121.75,120.12999725341795,120.16999816894533,74012300
2005-11-03,83.73143005371094,122.2699966430664,122.66000366210938,121.75,122.1500015258789,84897600
2005-11-04,83.62186431884766,122.11000061035156,122.45999908447266,121.5500030517578,122.4000015258789,59156000
2005-11-07,83.70402526855469,122.2300033569336,122.62000274658205,121.8499984741211,122.37000274658205,46765400
2005-11-08,83.70402526855469,122.2300033569336,122.41999816894533,121.79000091552734,121.93000030517578,42152800
2005-11-09,83.81356811523438,122.38999938964844,122.9499969482422,121.86000061035156,122.08000183105467,57666800
2005-11-10,84.46416473388672,123.33999633789062,123.5199966430664,121.75,122.33999633789062,79048100
2005-11-11,84.75177001953125,123.76000213623048,123.83999633789062,122.43000030517578,123.3499984741211,34867000
2005-11-14,84.70384216308594,123.69000244140624,124.0199966430664,123.37999725341795,123.79000091552734,45092200
2005-11-15,84.39569091796875,123.23999786376952,124.08999633789062,122.86000061035156,123.5500030517578,69592500
2005-11-16,84.5668716430664,123.48999786376952,123.5500030517578,122.9800033569336,123.37000274658205,51133000
2005-11-17,85.35440826416016,124.63999938964844,124.6500015258789,123.13999938964844,123.68000030517578,55717500
2005-11-18,85.68994140625,125.12999725341795,125.27999877929688,124.33000183105467,125.05999755859376,72437200
2005-11-21,86.12139892578125,125.76000213623048,125.91000366210938,124.9800033569336,125.1500015258789,50021200
2005-11-22,86.49116516113281,126.3000030517578,126.5199966430664,125.41999816894533,125.55999755859376,66438800
2005-11-23,86.99111938476562,127.02999877929688,127.41000366210938,126.20999908447266,126.25,50854700
2005-11-25,87.0595932006836,127.12999725341795,127.22000122070312,126.80999755859376,126.9800033569336,15270000
2005-11-28,86.44329833984375,126.2300033569336,127.2699966430664,126.04000091552734,127.25,54498500
2005-11-29,86.34737396240234,126.08999633789062,126.9800033569336,126.08999633789062,126.6500015258789,51738900
2005-11-30,85.88170623779297,125.41000366210938,126.5199966430664,125.29000091552734,126.16000366210938,56007200
2005-12-01,86.75827026367188,126.69000244140624,127.02999877929688,125.9800033569336,126.0199966430664,65468200
2005-12-02,86.86782836914062,126.8499984741211,127.08000183105467,126.5,126.7699966430664,46699400
2005-12-05,86.68294525146484,126.58000183105467,126.7300033569336,126.18000030517578,126.6999969482422,59273400
2005-12-06,86.8472900390625,126.81999969482422,127.73999786376952,126.62999725341795,127.0500030517578,57935200
2005-12-07,86.34052276611328,126.08000183105467,126.87000274658205,125.68000030517578,126.7699966430664,66816500
2005-12-08,86.28572845458984,126.0,126.81999969482422,125.4800033569336,126.22000122070312,62608600
2005-12-09,86.51173400878906,126.33000183105467,126.77999877929688,125.81999969482422,126.16000366210938,50744500
2005-12-12,86.59392547607422,126.4499969482422,126.86000061035156,125.95999908447266,126.70999908447266,48389900
2005-12-13,87.18283081054688,127.30999755859376,127.6999969482422,126.29000091552734,126.41999816894533,88630900
2005-12-14,87.52526092529297,127.80999755859376,128.08999633789062,127.13999938964844,127.19000244140624,64375000
2005-12-15,87.27189636230469,127.44000244140624,128.0,127.18000030517578,127.83999633789062,55900300
2005-12-16,86.9909896850586,126.36000061035156,127.36000061035156,126.36000061035156,127.27999877929688,46238300
2005-12-19,86.54351043701172,125.70999908447266,126.87000274658205,125.69000244140624,126.7300033569336,48733000
2005-12-20,86.62610626220703,125.83000183105467,126.58999633789062,125.4800033569336,125.86000061035156,46603200
2005-12-21,86.7637710571289,126.02999877929688,126.76000213623048,125.8000030517578,126.22000122070312,51806900
2005-12-22,87.21819305419922,126.69000244140624,126.69000244140624,126.08000183105467,126.30999755859376,32247900
2005-12-23,87.26634979248047,126.76000213623048,126.86000061035156,126.41999816894533,126.77999877929688,27977300
2005-12-27,86.37828826904297,125.47000122070312,127.0500030517578,125.37999725341795,126.95999908447266,44499500
2005-12-28,86.57102966308594,125.75,125.98999786376952,125.5,125.73999786376952,30764300
2005-12-29,86.18551635742188,125.19000244140624,125.95999908447266,125.05999755859376,125.72000122070312,32788900
2005-12-30,85.71736145019531,124.51000213623048,125.05999755859376,124.36000061035156,124.8000030517578,44645600
2006-01-03,87.22509002685547,126.6999969482422,127.0,124.38999938964844,125.19000244140624,73256700
2006-01-04,87.63809204101562,127.3000030517578,127.48999786376952,126.6999969482422,126.86000061035156,51899600
2006-01-05,87.69316101074219,127.37999725341795,127.58999633789062,126.87999725341795,127.1500015258789,47307500
2006-01-06,88.42293548583984,128.44000244140625,128.5800018310547,127.36000061035156,128.02000427246094,62885900
2006-01-09,88.650146484375,128.77000427246094,129.05999755859375,128.3800048828125,128.4199981689453,43527400
2006-01-10,88.73960876464844,128.89999389648438,128.97999572753906,128.25999450683594,128.38999938964844,44960800
2006-01-11,89.02185821533203,129.30999755859375,129.44000244140625,128.72999572753906,129.02000427246094,49598900
2006-01-12,88.67079162597656,128.8000030517578,129.27999877929688,128.44000244140625,129.0800018310547,40509200
2006-01-13,88.5881576538086,128.67999267578125,128.89999389648438,128.1999969482422,128.57000732421875,44856700
2006-01-17,88.3471908569336,128.3300018310547,128.4199981689453,127.80999755859376,128.1999969482422,52066600
2006-01-18,87.99610900878906,127.81999969482422,128.89999389648438,127.16000366210938,127.58000183105467,75067600
2006-01-19,88.33343505859375,128.30999755859375,128.77000427246094,127.80999755859376,128.1300048828125,81530400
2006-01-20,86.72249603271484,125.97000122070312,128.30999755859375,125.97000122070312,128.27999877929688,114957800
2006-01-23,87.03227996826172,126.41999816894533,126.81999969482422,126.12999725341795,126.20999908447266,67017400
2006-01-24,87.12181091308594,126.5500030517578,127.1500015258789,126.41999816894533,126.62999725341795,53008800
2006-01-25,87.19751739501953,126.66000366210938,127.18000030517578,125.83999633789062,127.04000091552734,87747700
2006-01-26,87.67940521240234,127.36000061035156,127.66999816894533,126.76000213623048,127.25,71294000
2006-01-27,88.49177551269531,128.5399932861328,128.66000366210938,127.4499969482422,127.66000366210938,65771200
2006-01-30,88.42293548583984,128.44000244140625,128.80999755859375,128.35000610351562,128.44000244140625,33709600
2006-01-31,87.77580261230469,127.5,128.5399932861328,127.48999786376952,128.32000732421875,72937000
2006-02-01,88.38847351074219,128.38999938964844,128.42999267578125,127.72000122070312,127.81999969482422,63561000
2006-02-02,87.36273956298828,126.9000015258789,128.13999938964844,126.8000030517578,128.10000610351562,83626900
2006-02-03,86.92900085449219,126.2699966430664,128.38999938964844,126.13999938964844,126.58000183105467,86040400
2006-02-06,87.15620422363281,126.5999984741211,126.8000030517578,126.16999816894533,126.44000244140624,45511900
2006-02-07,86.38516998291016,125.4800033569336,126.66000366210938,125.4000015258789,126.37999725341795,71208100
2006-02-08,87.16995239257812,126.62000274658205,128.10000610351562,125.5999984741211,125.8499984741211,59422200
2006-02-09,87.02540588378906,126.41000366210938,127.5999984741211,126.37000274658205,126.91999816894533,62023300
2006-02-10,87.18376922607422,126.63999938964844,127.12999725341795,125.4499969482422,126.43000030517578,64508700
2006-02-13,87.02540588378906,126.41000366210938,126.79000091552734,125.9499969482422,126.5999984741211,52308700
2006-02-14,87.94792175292969,127.75,128.02999877929688,126.20999908447266,126.45999908447266,90964400
2006-02-15,88.25770568847656,128.1999969482422,128.32000732421875,127.23999786376952,127.68000030517578,85471300
2006-02-16,88.91861724853516,129.16000366210938,129.2100067138672,128.17999267578125,128.33999633789062,61017900
2006-02-17,88.67765808105469,128.80999755859375,129.16000366210938,128.5800018310547,129.0500030517578,40342600
2006-02-21,88.45735168457031,128.49000549316406,129.39999389648438,128.2899932861328,129.11000061035156,46456300
2006-02-22,88.99433135986328,129.27000427246094,129.64999389648438,128.64999389648438,128.77000427246094,42326700
2006-02-23,88.86355590820312,129.0800018310547,129.63999938964844,128.27999877929688,129.27000427246094,43423200
2006-02-24,89.09074401855469,129.41000366210938,129.47999572753906,128.75999450683594,129.11000061035156,36777400
2006-02-27,89.12518310546875,129.4600067138672,130.0399932861328,129.27999877929688,129.39999389648438,35858600
2006-02-28,88.27835083007812,128.22999572753906,129.91000366210938,128.1300048828125,129.1999969482422,74394800
2006-03-01,89.06314849853516,129.3699951171875,129.49000549316406,128.5,128.60000610351562,48641600
2006-03-02,89.05628204345703,129.36000061035156,129.4199981689453,128.61000061035156,128.89999389648438,60642300
2006-03-03,88.64320373535156,128.75999450683594,130.07000732421875,128.64999389648438,128.6699981689453,73402500
2006-03-06,88.23704528808594,128.1699981689453,129.17999267578125,127.8499984741211,129.13999938964844,57478400
2006-03-07,88.09937286376953,127.97000122070312,128.05999755859375,127.4000015258789,127.86000061035156,61780800
2006-03-08,88.2852783203125,128.24000549316406,128.44000244140625,127.18000030517578,127.6999969482422,66692400
2006-03-09,87.69316101074219,127.37999725341795,128.67999267578125,127.37999725341795,128.27999877929688,56313600
2006-03-10,88.52619934082031,128.58999633789062,128.83999633789062,127.44000244140624,127.70999908447266,60490800
2006-03-13,88.69141387939453,128.8300018310547,129.16000366210938,128.52999877929688,128.83999633789062,45479100
2006-03-14,89.6208267211914,130.17999267578125,130.22999572753906,128.61000061035156,128.7100067138672,69877300
2006-03-15,90.02008819580078,130.75999450683594,130.86000061035156,129.85000610351562,130.14999389648438,53398900
2006-03-16,90.20600128173828,131.02999877929688,131.47000122070312,130.83999633789062,131.00999450683594,65526400
2006-03-17,90.28132629394533,130.6199951171875,130.89999389648438,130.3800048828125,130.67999267578125,47286800
2006-03-20,90.13616180419922,130.41000366210938,130.89999389648438,130.2100067138672,130.63999938964844,45538500
2006-03-21,89.56939697265625,129.58999633789062,130.99000549316406,129.4499969482422,130.3699951171875,87102700
2006-03-22,90.1154556274414,130.3800048828125,130.50999450683594,129.4499969482422,129.50999450683594,51605700
2006-03-23,89.9288330078125,130.11000061035156,130.38999938964844,129.66000366210938,130.25999450683594,46704200
2006-03-24,89.9979248046875,130.2100067138672,130.57000732421875,129.74000549316406,129.99000549316406,43209200
2006-03-27,89.86661529541016,130.02000427246094,130.27999877929688,129.74000549316406,130.02999877929688,32523000
2006-03-28,89.31365966796875,129.22000122070312,130.52999877929688,129.0500030517578,129.92999267578125,82079900
2006-03-29,89.87353515625,130.02999877929688,130.5,129.2899932861328,129.41000366210938,61505700
2006-03-30,89.71453857421875,129.8000030517578,130.97999572753906,129.5500030517578,130.11000061035156,70571700
2006-03-31,89.73527526855469,129.8300018310547,130.24000549316406,129.3699951171875,130.02000427246094,62925600
2006-04-03,89.66619110107422,129.72999572753906,130.8699951171875,129.49000549316406,130.07000732421875,61624700
2006-04-04,90.23987579345705,130.55999755859375,130.72999572753906,129.36000061035156,129.72999572753906,54809300
2006-04-05,90.55091857910156,131.00999450683594,131.27999877929688,130.3800048828125,130.61000061035156,50607200
2006-04-06,90.45410919189452,130.8699951171875,131.2100067138672,130.19000244140625,130.85000610351562,57906200
2006-04-07,89.53486633300781,129.5399932861328,131.39999389648438,129.35000610351562,131.05999755859375,80180900
2006-04-10,89.67310333251953,129.74000549316406,130.0800018310547,129.25999450683594,129.74000549316406,41496500
2006-04-11,88.91279602050781,128.63999938964844,130.05999755859375,128.25,129.85000610351562,72799400
2006-04-12,89.07865905761719,128.8800048828125,129.1300048828125,128.61000061035156,128.77000427246094,43033700
2006-04-13,88.9612045288086,128.7100067138672,129.25,128.30999755859375,128.58999633789062,51051800
2006-04-17,88.92659759521484,128.66000366210938,129.30999755859375,128.02000427246094,128.8300018310547,64167700
2006-04-18,90.33660125732422,130.6999969482422,130.94000244140625,128.92999267578125,128.92999267578125,92531800
2006-04-19,90.50940704345705,130.9499969482422,131.07000732421875,130.24000549316406,130.75,87269000
2006-04-20,90.6338348388672,131.1300048828125,131.86000061035156,130.60000610351562,131.0,86005500
2006-04-21,90.6476593017578,131.14999389648438,131.7899932861328,130.6199951171875,131.69000244140625,72342600
2006-04-24,90.48176574707033,130.91000366210938,131.07000732421875,130.3800048828125,130.88999938964844,52546400
2006-04-25,90.10853576660156,130.3699951171875,131.1199951171875,129.9199981689453,131.0399932861328,84359800
2006-04-26,90.12926483154295,130.39999389648438,131.13999938964844,130.3000030517578,130.5,67262400
2006-04-27,90.5647201538086,131.02999877929688,131.6300048828125,129.58999633789062,129.89999389648438,124478600
2006-04-28,90.86882781982422,131.47000122070312,131.75,130.7100067138672,130.7899932861328,55854400
2006-05-01,90.12926483154295,130.39999389648438,131.8000030517578,130.32000732421875,131.47000122070312,64990300
2006-05-02,90.80662536621094,131.3800048828125,131.4600067138672,130.74000549316406,131.00999450683594,49063500
2006-05-03,90.4679718017578,130.88999938964844,131.32000732421875,130.4499969482422,131.14999389648438,60821300
2006-05-04,90.79280090332033,131.36000061035156,131.6199951171875,130.97000122070312,131.0800018310547,42921400
2006-05-05,91.59455108642578,132.52000427246094,132.8000030517578,131.85000610351562,132.0500030517578,62588200
2006-05-08,91.48399353027344,132.36000061035156,132.77000427246094,132.36000061035156,132.50999450683594,30016700
2006-05-09,91.66364288330078,132.6199951171875,132.77000427246094,132.30999755859375,132.4199981689453,29864000
2006-05-10,91.61532592773438,132.5500030517578,132.75,131.88999938964844,132.41000366210938,64378200
2006-05-11,90.50940704345705,130.9499969482422,132.5500030517578,130.52000427246094,132.50999450683594,80626900
2006-05-12,89.3274917602539,129.24000549316406,130.72000122070312,129.19000244140625,130.36000061035156,91726500
2006-05-15,89.50719451904297,129.5,129.74000549316406,128.61000061035156,128.7899932861328,84029300
2006-05-16,89.37590789794922,129.30999755859375,130.0,129.00999450683594,129.75999450683594,62137600
2006-05-17,87.67558288574219,126.8499984741211,129.10000610351562,126.7699966430664,128.6699981689453,144789500
2006-05-18,87.23326110839844,126.20999908447266,127.75,126.11000061035156,127.3499984741211,87906300
2006-05-19,87.84839630126953,127.0999984741211,127.48999786376952,125.8000030517578,126.87000274658205,124309400
2006-05-22,87.17794799804688,126.12999725341795,127.16999816894533,125.5,126.27999877929688,110852800
2006-05-23,86.51441192626953,125.16999816894533,127.62999725341795,125.16999816894533,127.18000030517578,92006500
2006-05-24,87.20559692382812,126.16999816894533,126.88999938964844,124.76000213623048,125.68000030517578,168405000
2006-05-25,88.28385925292969,127.7300033569336,127.7300033569336,126.43000030517578,126.91999816894533,78977900
2006-05-26,88.73308563232422,128.3800048828125,128.3800048828125,127.51000213623048,128.00999450683594,62989700
2006-05-30,87.15719604492188,126.0999984741211,128.0,126.0500030517578,127.97000122070312,72419900
2006-05-31,88.13180541992188,127.51000213623048,127.51000213623048,126.1999969482422,126.62000274658205,86926200
2006-06-01,88.97501373291016,128.72999572753906,128.94000244140625,127.2699966430664,127.37999725341795,73721700
2006-06-02,89.1615982055664,129.0,129.42999267578125,128.32000732421875,129.25,91702600
2006-06-05,87.8622055053711,127.12000274658205,128.86000061035156,126.7699966430664,128.85000610351562,86105100
2006-06-06,87.64795684814453,126.80999755859376,127.37999725341795,125.76000213623048,127.20999908447266,130498600
2006-06-07,86.99132537841797,125.86000061035156,127.6500015258789,125.79000091552734,126.91000366210938,108599400
2006-06-08,86.91527557373047,125.75,126.5,123.87000274658205,125.58000183105467,204957200
2006-06-09,86.63883209228516,125.3499984741211,126.95999908447266,125.29000091552734,126.36000061035156,94972200
2006-06-12,85.69881439208984,123.98999786376952,125.93000030517578,123.81999969482422,125.87999725341795,95815900
2006-06-13,84.70354461669922,122.5500030517578,124.83999633789062,122.5500030517578,123.73999786376952,185688800
2006-06-14,85.36014556884766,123.5,123.62999725341795,122.33999633789062,122.83999633789062,163566400
2006-06-15,87.17105865478516,126.12000274658205,126.36000061035156,123.86000061035156,123.9499969482422,134057000
2006-06-16,86.53582000732422,124.6500015258789,125.55999755859376,124.45999908447266,125.29000091552734,94253500
2006-06-19,85.85548400878906,123.66999816894533,125.4800033569336,123.5500030517578,125.4000015258789,95804400
2006-06-20,86.14702606201172,124.08999633789062,124.80999755859376,123.72000122070312,124.01000213623048,65494700
2006-06-21,86.78575134277344,125.01000213623048,125.6999969482422,123.95999908447266,124.0,75008200
2006-06-22,86.40390014648438,124.45999908447266,125.05999755859376,124.04000091552734,124.9499969482422,74566100
2006-06-23,86.39005279541016,124.44000244140624,125.3000030517578,124.02999877929688,124.33000183105467,54107000
2006-06-26,86.77188110351562,124.98999786376952,125.05999755859376,124.25,124.54000091552734,37899600
2006-06-27,86.02208709716797,123.91000366210938,125.29000091552734,123.7699966430664,125.01000213623048,69780200
2006-06-28,86.60525512695312,124.75,124.7699966430664,123.6500015258789,124.19000244140624,62368100
2006-06-29,88.35470581054688,127.2699966430664,127.3499984741211,125.16999816894533,125.1999969482422,110634800
2006-06-30,88.36164855957031,127.27999877929688,127.66000366210938,126.95999908447266,127.54000091552734,54227800
2006-07-03,88.72266387939453,127.8000030517578,128.00999450683594,127.30999755859376,127.43000030517578,23914000
2006-07-05,88.2158203125,127.06999969482422,127.4499969482422,126.5199966430664,127.29000091552734,69653400
2006-07-06,88.47270965576172,127.44000244140624,127.8499984741211,127.08000183105467,127.1999969482422,50100300
2006-07-07,87.8965072631836,126.61000061035156,127.55999755859376,126.29000091552734,127.19000244140624,81626500
2006-07-10,88.06312561035156,126.8499984741211,127.43000030517578,126.41000366210938,126.94000244140624,60964100
2006-07-11,88.45189666748047,127.41000366210938,127.41000366210938,125.94000244140624,126.61000061035156,73640800
2006-07-12,87.50773620605469,126.0500030517578,127.4000015258789,125.72000122070312,127.1500015258789,82561300
2006-07-13,86.0845718383789,124.0,125.68000030517578,124.0,125.4499969482422,102405700
2006-07-14,85.7513427734375,123.5199966430664,124.26000213623048,122.83000183105467,124.12999725341795,103242500
2006-07-17,85.62637329101562,123.33999633789062,124.0999984741211,123.1500015258789,123.5199966430664,81159000
2006-07-18,86.06372833251953,123.97000122070312,124.0500030517578,122.38999938964844,123.70999908447266,122771000
2006-07-19,87.25782775878906,125.69000244140624,126.26000213623048,123.72000122070312,124.18000030517578,133565300
2006-07-20,86.66078186035156,124.83000183105467,126.3000030517578,124.66000366210938,126.12000274658205,112259800
2006-07-21,86.04984283447266,123.9499969482422,125.19000244140624,123.81999969482422,125.1500015258789,101560000
2006-07-24,87.61882781982422,126.20999908447266,126.31999969482422,124.44000244140624,124.44000244140624,92884000
2006-07-25,87.93124389648438,126.66000366210938,127.3000030517578,125.72000122070312,125.9800033569336,95480700
2006-07-26,88.04924774169922,126.83000183105467,127.4499969482422,126.18000030517578,126.58999633789062,84525800
2006-07-27,87.9659194946289,126.70999908447266,127.69000244140624,126.1999969482422,127.37999725341795,87257100
2006-07-28,88.84761047363281,127.9800033569336,128.13999938964844,126.86000061035156,127.04000091552734,82137000
2006-07-31,88.75733947753906,127.8499984741211,127.95999908447266,127.4499969482422,127.66000366210938,49593100
2006-08-01,88.31999206542969,127.22000122070312,127.37999725341795,126.5999984741211,127.33999633789062,65225600
2006-08-02,88.91703033447266,128.0800018310547,128.4600067138672,127.5500030517578,127.58000183105467,64770900
2006-08-03,89.15306854248047,128.4199981689453,128.5500030517578,127.1500015258789,127.33999633789062,63693800
2006-08-04,89.00032806396484,128.1999969482422,129.42999267578125,127.4800033569336,129.0800018310547,96294200
2006-08-07,88.79207611083984,127.9000015258789,128.0800018310547,127.4000015258789,127.9000015258789,45377300
2006-08-08,88.45189666748047,127.41000366210938,128.4600067138672,126.9499969482422,128.08999633789062,90901300
2006-08-09,88.15339660644531,126.9800033569336,128.60000610351562,126.61000061035156,128.17999267578125,78910600
2006-08-10,88.42411041259766,127.37000274658205,127.5,126.27999877929688,126.58000183105467,69322300
2006-08-11,88.17417907714844,127.01000213623048,127.1999969482422,126.38999938964844,127.16999816894533,47482200
2006-08-14,88.24359893798828,127.11000061035156,128.16000366210938,126.91999816894533,127.62999725341795,57839000
2006-08-15,89.29888153076172,128.6300048828125,128.8699951171875,127.9000015258789,128.25,68143000
2006-08-16,90.04167938232422,129.6999969482422,129.88999938964844,129.0399932861328,129.32000732421875,71737600
2006-08-17,90.27075958251952,130.02999877929688,130.3699951171875,129.49000549316406,129.5800018310547,70992800
2006-08-18,90.7289810180664,130.69000244140625,130.69000244140625,129.58999633789062,130.19000244140625,58288400
2006-08-21,90.34017181396484,130.1300048828125,130.27999877929688,129.8000030517578,130.17999267578125,42133600
2006-08-22,90.33323669433594,130.1199951171875,130.52000427246094,129.67999267578125,129.99000549316406,60839900
2006-08-23,90.0833511352539,129.75999450683594,130.44000244140625,129.19000244140625,130.17999267578125,66592100
2006-08-24,90.0069808959961,129.64999389648438,130.10000610351562,129.39999389648438,129.99000549316406,57983000
2006-08-25,90.1180648803711,129.80999755859375,130.25,129.5500030517578,129.63999938964844,41756000
2006-08-28,90.5484390258789,130.42999267578125,130.82000732421875,129.63999938964844,129.64999389648438,52681500
2006-08-29,90.65260314941406,130.5800018310547,130.8300018310547,129.80999755859375,130.49000549316406,61817800
2006-08-30,90.7081298828125,130.66000366210938,131.0399932861328,130.5500030517578,130.8699951171875,50052200
2006-08-31,90.69424438476562,130.63999938964844,130.99000549316406,130.5800018310547,130.85000610351562,37510300
2006-09-01,91.23575592041016,131.4199981689453,131.5800018310547,130.83999633789062,131.13999938964844,48794500
2006-09-05,91.4093246459961,131.6699981689453,131.85000610351562,131.1999969482422,131.50999450683594,52348300
2006-09-06,90.60400390625,130.50999450683594,131.16000366210938,130.3300018310547,131.11000061035156,53795600
2006-09-07,90.18746185302734,129.91000366210938,130.57000732421875,129.35000610351562,130.05999755859375,86269400
2006-09-08,90.44432067871094,130.27999877929688,130.4600067138672,129.8300018310547,130.0800018310547,45096300
2006-09-11,90.53458404541016,130.41000366210938,130.69000244140625,129.47999572753906,129.86000061035156,68496600
2006-09-12,91.42322540283205,131.69000244140625,131.83999633789062,130.3699951171875,130.55999755859375,69875600
2006-09-13,91.79119110107422,132.22000122070312,132.4499969482422,131.52000427246094,131.63999938964844,62898400
2006-09-14,91.79805755615234,132.22999572753906,132.24000549316406,131.75,131.9600067138672,57805400
2006-09-15,92.01354217529295,131.9600067138672,132.38999938964844,131.67999267578125,132.30999755859375,76703100
2006-09-18,92.13904571533205,132.13999938964844,132.38999938964844,131.64999389648438,131.7899932861328,64154100
2006-09-19,91.90894317626952,131.80999755859375,132.1300048828125,131.07000732421875,132.1199951171875,92089100
2006-09-20,92.39705657958984,132.50999450683594,132.77000427246094,132.05999755859375,132.25,75204100
2006-09-21,91.95079040527344,131.8699951171875,132.75,131.4199981689453,132.61000061035156,88932500
2006-09-22,91.67183685302734,131.47000122070312,131.67999267578125,131.0,131.6699981689453,65966800
2006-09-25,92.37612915039062,132.47999572753906,132.85000610351562,131.0500030517578,131.72999572753906,92299100
2006-09-26,93.14314270019533,133.5800018310547,133.60000610351562,132.39999389648438,132.5,73962700
2006-09-27,93.25473022460938,133.74000549316406,133.97000122070312,133.27000427246094,133.49000549316406,82432200
2006-09-28,93.21984100341795,133.69000244140625,133.99000549316406,133.27999877929688,133.74000549316406,58597500
2006-09-29,93.14314270019533,133.5800018310547,133.94000244140625,133.47999572753906,133.8000030517578,47966600
2006-10-02,92.79449462890624,133.0800018310547,133.8300018310547,132.9499969482422,133.5399932861328,51687400
2006-10-03,92.98973846435548,133.36000061035156,133.8699951171875,132.64999389648438,132.88999938964844,73108100
2006-10-04,94.07749938964844,134.9199981689453,135.0,133.0800018310547,133.22999572753906,80890500
2006-10-05,94.25877380371094,135.17999267578125,135.41000366210938,134.75,134.9199981689453,60505900
2006-10-06,94.14026641845705,135.00999450683594,135.10000610351562,134.39999389648438,134.9499969482422,64983600
2006-10-09,94.19603729248048,135.08999633789062,135.3000030517578,134.63999938964844,134.85000610351562,41176800
2006-10-10,94.3215560913086,135.27000427246094,135.4499969482422,134.83999633789062,135.10000610351562,56403700
2006-10-11,94.2100067138672,135.11000061035156,135.42999267578125,134.3000030517578,134.83999633789062,104071800
2006-10-12,95.02584075927734,136.27999877929688,136.38999938964844,135.39999389648438,135.4499969482422,59158600
2006-10-13,95.26985168457033,136.6300048828125,136.7100067138672,136.0399932861328,136.16000366210938,53944000
2006-10-16,95.4162826538086,136.83999633789062,137.0500030517578,136.4199981689453,136.52000427246094,42273000
2006-10-17,95.11642456054688,136.41000366210938,136.6999969482422,135.6699981689453,136.47000122070312,90500600
2006-10-18,95.2419662475586,136.58999633789062,137.3699951171875,136.10000610351562,137.0399932861328,86848600
2006-10-19,95.39535522460938,136.80999755859375,136.8800048828125,136.22999572753906,136.38999938964844,64063200
2006-10-20,95.4162826538086,136.83999633789062,136.9499969482422,136.3300018310547,136.83999633789062,48094500
2006-10-23,95.8556137084961,137.47000122070312,137.8000030517578,136.38999938964844,136.55999755859375,66219900
2006-10-24,96.14147186279295,137.8800048828125,137.92999267578125,137.22000122070312,137.27999877929688,53234900
2006-10-25,96.46916961669922,138.35000610351562,138.41000366210938,137.50999450683594,137.74000549316406,78105400
2006-10-26,96.7690200805664,138.77999877929688,139.0,137.97999572753906,138.66000366210938,66843700
2006-10-27,96.16236877441406,137.91000366210938,138.75,137.6300048828125,138.61000061035156,80238000
2006-10-30,96.0926513671875,137.80999755859375,138.1999969482422,137.39999389648438,137.66000366210938,49717800
2006-10-31,96.07872009277344,137.7899932861328,138.25999450683594,137.25,138.07000732421875,71274100
2006-11-01,95.43024444580078,136.86000061035156,138.30999755859375,136.72000122070312,138.22000122070312,83005600
2006-11-02,95.37443542480467,136.77999877929688,137.00999450683594,136.36000061035156,136.50999450683594,60693100
2006-11-03,95.20711517333984,136.5399932861328,137.38999938964844,135.6199951171875,137.27000427246094,71346400
2006-11-06,96.28091430664062,138.0800018310547,138.27999877929688,136.9499969482422,136.9600067138672,63303300
2006-11-07,96.65044403076172,138.61000061035156,138.97999572753906,138.0,138.1999969482422,63318900
2006-11-08,96.85963439941406,138.91000366210938,139.0500030517578,136.86000061035156,138.0,87517800
2006-11-09,96.35063934326172,138.17999267578125,139.13999938964844,137.89999389648438,139.00999450683594,95916300
2006-11-10,96.39247131347656,138.24000549316406,138.33999633789062,137.72000122070312,138.13999938964844,48991500
2006-11-13,96.62954711914062,138.5800018310547,139.0399932861328,138.07000732421875,138.17999267578125,59398200
2006-11-14,97.35477447509766,139.6199951171875,139.74000549316406,138.1199951171875,138.97000122070312,96704000
2006-11-15,97.6336441040039,140.02000427246094,140.4499969482422,139.52999877929688,139.57000732421875,76509600
2006-11-16,97.88465118408205,140.3800048828125,140.67999267578125,139.49000549316406,140.44000244140625,76728800
2006-11-17,97.91255950927734,140.4199981689453,140.42999267578125,139.72999572753906,139.92999267578125,56353800
2006-11-20,97.96839904785156,140.5,140.74000549316406,139.94000244140625,140.3000030517578,69174200
2006-11-21,98.06597137451172,140.63999938964844,140.6699981689453,140.2899932861328,140.49000549316406,51367900
2006-11-22,98.26122283935548,140.9199981689453,141.16000366210938,140.5,140.75,45505300
2006-11-24,97.86373138427734,140.35000610351562,140.83999633789062,140.1999969482422,140.24000549316406,30998000
2006-11-27,96.51801300048828,138.4199981689453,140.35000610351562,138.3800048828125,140.27999877929688,84545100
2006-11-28,96.93634033203124,139.02000427246094,139.16000366210938,138.11000061035156,138.24000549316406,106652900
2006-11-29,97.94741821289062,140.47000122070312,140.52999877929688,139.0800018310547,139.47000122070312,90034900
2006-11-30,97.98922729492188,140.52999877929688,141.0500030517578,139.75999450683594,140.44000244140625,83994300
2006-12-01,97.7730941772461,140.22000122070312,140.66000366210938,138.97000122070312,140.52999877929688,126080000
2006-12-04,98.51921844482422,141.2899932861328,141.5500030517578,140.22999572753906,140.25,87813200
2006-12-05,98.9445343017578,141.89999389648438,141.9600067138672,141.25999450683594,141.55999755859375,73374400
2006-12-06,98.86083984375,141.77999877929688,142.07000732421875,141.5,141.8699951171875,53253200
2006-12-07,98.42852020263672,141.16000366210938,142.3000030517578,141.11000061035156,142.02999877929688,62857400
2006-12-08,98.6098403930664,141.4199981689453,141.89999389648438,140.77999877929688,141.1300048828125,79625500
2006-12-11,98.89574432373048,141.8300018310547,142.08999633789062,141.33999633789062,141.4199981689453,39779400
2006-12-12,98.81903076171876,141.72000122070312,141.8699951171875,140.88999938964844,141.69000244140625,77451600
2006-12-13,98.92362213134766,141.8699951171875,142.33999633789062,141.55999755859375,142.22999572753906,55520200
2006-12-14,99.79522705078124,143.1199951171875,143.24000549316406,141.83999633789062,141.86000061035156,64755200
2006-12-15,99.80430603027344,142.33999633789062,142.88999938964844,142.24000549316406,142.63999938964844,70857400
2006-12-18,99.53089141845705,141.9499969482422,142.8800048828125,141.75,142.5399932861328,48954600
2006-12-19,99.72020721435548,142.22000122070312,142.55999755859375,141.19000244140625,141.5500030517578,65023600
2006-12-20,99.66410064697266,142.13999938964844,142.66000366210938,142.00999450683594,142.27999877929688,41469600
2006-12-21,99.29946899414062,141.6199951171875,142.42999267578125,141.32000732421875,142.27000427246094,48698400
2006-12-22,98.68946838378906,140.75,141.64999389648438,140.6699981689453,141.63999938964844,62069100
2006-12-26,99.2714614868164,141.5800018310547,141.61000061035156,140.77999877929688,140.80999755859375,32696900
2006-12-27,99.92353057861328,142.50999450683594,142.60000610351562,141.8300018310547,141.8699951171875,39727100
2006-12-28,99.71321105957033,142.2100067138672,142.6999969482422,141.99000549316406,142.41000366210938,37288800
2006-12-29,99.29946899414062,141.6199951171875,142.5399932861328,141.42999267578125,142.05999755859375,45461200
2007-01-03,99.1241683959961,141.3699951171875,142.86000061035156,140.57000732421875,142.25,94807600
2007-01-04,99.3345718383789,141.6699981689453,142.0500030517578,140.61000061035156,141.22999572753906,69620600
2007-01-05,98.54224395751952,140.5399932861328,141.39999389648438,140.3800048828125,141.3300018310547,76645300
2007-01-08,98.99801635742188,141.19000244140625,141.41000366210938,140.25,140.82000732421875,71655000
2007-01-09,98.91385650634766,141.07000732421875,141.60000610351562,140.39999389648438,141.30999755859375,75680100
2007-01-10,99.24337768554688,141.5399932861328,141.57000732421875,140.3000030517578,140.5800018310547,72428000
2007-01-11,99.67815399169922,142.16000366210938,142.6199951171875,141.5,141.5800018310547,54476800
2007-01-12,100.43538665771484,143.24000549316406,143.24000549316406,142.11000061035156,142.14999389648438,55370600
2007-01-16,100.2390594482422,142.9600067138672,143.44000244140625,142.72999572753906,143.07000732421875,44871300
2007-01-17,100.28117370605467,143.02000427246094,143.4600067138672,142.72999572753906,142.85000610351562,50241400
2007-01-18,99.9446029663086,142.5399932861328,143.25999450683594,142.30999755859375,143.1699981689453,68177300
2007-01-19,100.1408462524414,142.82000732421875,143.10000610351562,142.4600067138672,142.5399932861328,56973000
2007-01-22,99.8324203491211,142.3800048828125,143.10000610351562,141.92999267578125,143.07000732421875,60253600
2007-01-23,100.1269073486328,142.8000030517578,143.0800018310547,142.05999755859375,142.25999450683594,54064400
2007-01-24,100.93318939208984,143.9499969482422,143.97999572753906,142.91000366210938,142.97000122070312,55834700
2007-01-25,99.74822235107422,142.25999450683594,143.9199981689453,142.00999450683594,143.86000061035156,73583800
2007-01-26,99.65706634521484,142.1300048828125,142.64999389648438,141.5800018310547,142.57000732421875,67255600
2007-01-29,99.60103607177734,142.0500030517578,142.8000030517578,141.74000549316406,142.19000244140625,66114600
2007-01-30,100.1198501586914,142.7899932861328,142.86000061035156,142.05999755859375,142.35000610351562,70407600
2007-01-31,100.79300689697266,143.75,144.1300048828125,142.39999389648438,142.6300048828125,91868600
2007-02-01,101.39600372314452,144.61000061035156,144.66000366210938,143.91000366210938,144.14999389648438,69312400
2007-02-02,101.53621673583984,144.80999755859375,144.9499969482422,144.3800048828125,144.72999572753906,49607000
2007-02-05,101.56428527832033,144.85000610351562,144.94000244140625,144.33999633789062,144.6999969482422,45705300
2007-02-06,101.59231567382812,144.88999938964844,145.02999877929688,144.3300018310547,144.97000122070312,57081300
2007-02-07,101.81668090820312,145.2100067138672,145.36000061035156,144.57000732421875,145.1199951171875,55669700
2007-02-08,101.6834945678711,145.02000427246094,145.1199951171875,144.27000427246094,144.77999877929688,70641000
2007-02-09,100.92618560791016,143.94000244140625,145.3300018310547,143.38999938964844,145.05999755859375,79084400
2007-02-12,100.58264923095705,143.4499969482422,144.0399932861328,143.19000244140625,143.94000244140625,65657000
2007-02-13,101.4310302734375,144.66000366210938,144.89999389648438,143.75999450683594,143.77000427246094,64081800
2007-02-14,102.09716796875,145.61000061035156,145.89999389648438,144.77999877929688,144.8000030517578,66039400
2007-02-15,102.23040008544922,145.8000030517578,145.9499969482422,145.42999267578125,145.6699981689453,38715200
2007-02-16,102.18128204345705,145.72999572753906,145.75999450683594,145.22999572753906,145.44000244140625,39841800
2007-02-20,102.39867401123048,146.0399932861328,146.1999969482422,145.0,145.55999755859375,56911800
2007-02-21,102.35657501220705,145.97999572753906,146.07000732421875,145.35000610351562,145.61000061035156,63971600
2007-02-22,102.27948760986328,145.8699951171875,146.4199981689453,145.1699981689453,146.0500030517578,79067400
2007-02-23,101.87979888916016,145.3000030517578,145.7899932861328,145.02999877929688,145.74000549316406,71966200
2007-02-26,101.78865051269533,145.1699981689453,145.9499969482422,144.75,145.8300018310547,69192800
2007-02-27,97.8130340576172,139.5,144.1999969482422,139.0,143.8800048828125,274466500
2007-02-28,98.81568145751952,140.92999267578125,141.97999572753906,139.8000030517578,140.38999938964844,177536300
2007-03-01,98.52123260498048,140.50999450683594,141.25,138.0500030517578,139.33999633789062,212828600
2007-03-02,97.23107147216795,138.6699981689453,140.66000366210938,138.66000366210938,140.0500030517578,162574000
2007-03-05,96.3055191040039,137.35000610351562,139.5800018310547,137.3300018310547,137.92999267578125,143750400
2007-03-06,97.9532699584961,139.6999969482422,140.1199951171875,137.72000122070312,138.77999877929688,143333300
2007-03-07,97.85509490966795,139.55999755859375,140.4600067138672,139.39999389648438,139.58999633789062,115144900
2007-03-08,98.68244171142578,140.74000549316406,141.16000366210938,140.07000732421875,140.5399932861328,117891600
2007-03-09,98.71051025390624,140.77999877929688,141.4199981689453,140.0800018310547,141.30999755859375,107765100
2007-03-12,98.85779571533205,140.99000549316406,141.33999633789062,140.16000366210938,140.4199981689453,80366900
2007-03-13,96.93656158447266,138.25,140.77000427246094,138.0399932861328,140.17999267578125,190605200
2007-03-14,97.65877532958984,139.27999877929688,139.36000061035156,136.75,138.42999267578125,231853800
2007-03-15,97.79200744628906,139.47000122070312,139.99000549316406,138.8000030517578,138.97000122070312,132435900
2007-03-16,97.51812744140624,138.52999877929688,139.6300048828125,138.1199951171875,139.30999755859375,121531600
2007-03-19,98.69375610351562,140.1999969482422,140.3300018310547,139.14999389648438,139.25999450683594,96161200
2007-03-20,99.2357940673828,140.97000122070312,141.0500030517578,139.9600067138672,140.0800018310547,82147400
2007-03-21,100.86900329589844,143.2899932861328,143.64999389648438,140.82000732421875,141.10000610351562,152368700
2007-03-22,100.79153442382812,143.17999267578125,143.67999267578125,142.7899932861328,143.47999572753906,118942200
2007-03-23,100.93938446044922,143.38999938964844,143.80999755859375,143.14999389648438,143.27999877929688,74416800
2007-03-26,100.80564880371094,143.1999969482422,143.64999389648438,142.08999633789062,143.5,113787500
2007-03-27,100.56624603271484,142.86000061035156,143.16000366210938,142.38999938964844,143.1199951171875,99864600
2007-03-28,99.83416748046876,141.82000732421875,142.47000122070312,141.25999450683594,142.13999938964844,152907900
2007-03-29,99.93972778320312,141.97000122070312,142.61000061035156,141.19000244140625,142.5399932861328,139432700
2007-03-30,99.96086883544922,142.0,142.83999633789062,140.55999755859375,142.24000549316406,128194100
2007-04-02,100.0735092163086,142.16000366210938,142.4600067138672,141.47999572753906,142.16000366210938,79416400
2007-04-03,101.15052795410156,143.69000244140625,143.97999572753906,142.91000366210938,142.97000122070312,82417800
2007-04-04,101.26312255859376,143.85000610351562,143.9499969482422,143.16000366210938,143.69000244140625,63995200
2007-04-05,101.53773498535156,144.24000549316406,144.44000244140625,143.61000061035156,143.6699981689453,46822800
2007-04-09,101.6785125732422,144.44000244140625,144.8000030517578,144.14999389648438,144.64999389648438,50967400
2007-04-10,101.79815673828124,144.61000061035156,144.85000610351562,144.27000427246094,144.3300018310547,56620000
2007-04-11,101.38282012939452,144.02000427246094,144.86000061035156,143.5399932861328,144.82000732421875,106365700
2007-04-12,101.83333587646484,144.66000366210938,144.9199981689453,143.33999633789062,143.74000549316406,115534400
2007-04-13,102.29798126220705,145.32000732421875,145.32000732421875,144.36000061035156,144.89999389648438,84287000
2007-04-16,103.26942443847656,146.6999969482422,146.86000061035156,145.82000732421875,145.8300018310547,83064600
2007-04-17,103.54393768310548,147.08999633789062,147.39999389648438,146.64999389648438,146.97000122070312,108424100
2007-04-18,103.67063903808594,147.27000427246094,147.6999969482422,146.57000732421875,146.60000610351562,88345300
2007-04-19,103.64250183105467,147.22999572753906,147.39999389648438,146.36000061035156,146.5500030517578,102947700
2007-04-20,104.62101745605467,148.6199951171875,148.6199951171875,147.0399932861328,148.22000122070312,124114100
2007-04-23,104.226806640625,148.05999755859375,148.72999572753906,147.97000122070312,148.3699951171875,77270800
2007-04-24,104.26902770996094,148.1199951171875,148.39999389648438,147.32000732421875,148.22999572753906,114471000
2007-04-25,105.22638702392578,149.47999572753906,149.66000366210938,148.02000427246094,148.72999572753906,108418800
2007-04-26,105.3460693359375,149.64999389648438,149.8000030517578,149.10000610351562,149.49000549316406,88741600
2007-04-27,105.26160430908205,149.52999877929688,149.74000549316406,148.83999633789062,149.08999633789062,108191100
2007-04-30,104.38866424560548,148.2899932861328,149.74000549316406,148.2100067138672,149.63999938964844,100874100
2007-05-01,104.65621948242188,148.6699981689453,149.47000122070312,147.6699981689453,148.4199981689453,134342700
2007-05-02,105.26858520507812,149.5399932861328,149.9499969482422,148.75,148.89999389648438,87129800
2007-05-03,105.8388442993164,150.35000610351562,150.39999389648438,149.72999572753906,149.97000122070312,86569700
2007-05-04,106.24010467529295,150.9199981689453,151.1199951171875,150.22000122070312,150.75,96409000
2007-05-07,106.2612075805664,150.9499969482422,151.1999969482422,150.80999755859375,150.8800048828125,63461400
2007-05-08,106.12042999267578,150.75,150.9199981689453,150.1300048828125,150.5800018310547,80584000
2007-05-09,106.40904998779295,151.16000366210938,152.82000732421875,150.3699951171875,150.63999938964844,102070100
2007-05-10,105.29676818847656,149.5800018310547,151.02000427246094,149.27000427246094,150.72999572753906,153617800
2007-05-11,106.1978530883789,150.86000061035156,150.92999267578125,149.72000122070312,149.75,113408900
2007-05-14,105.96553802490234,150.52999877929688,151.3000030517578,149.7899932861328,150.86000061035156,108027500
2007-05-15,105.99369049072266,150.57000732421875,151.66000366210938,150.19000244140625,150.6999969482422,180673300
2007-05-16,106.7187728881836,151.60000610351562,151.6300048828125,150.3800048828125,150.8000030517578,114166500
2007-05-17,106.50762176513672,151.3000030517578,151.9600067138672,151.11000061035156,151.3800048828125,101132800
2007-05-18,107.43679809570312,152.6199951171875,152.6199951171875,151.80999755859375,152.00999450683594,99182000
2007-05-21,107.3804702758789,152.5399932861328,153.22999572753906,152.5,152.5800018310547,174664600
2007-05-22,107.29595947265624,152.4199981689453,153.16000366210938,152.3800048828125,152.6999969482422,82148800
2007-05-23,107.31005859375,152.44000244140625,153.5,152.36000061035156,152.9499969482422,133786600
2007-05-24,106.33863067626952,151.05999755859375,153.2100067138672,150.74000549316406,152.52999877929688,187593000
2007-05-25,106.78211975097656,151.69000244140625,152.02000427246094,151.17999267578125,151.5,83309200
2007-05-29,107.16931915283205,152.24000549316406,152.5,151.4499969482422,151.94000244140625,82020000
2007-05-30,108.04220581054688,153.47999572753906,153.5399932861328,151.33999633789062,151.4600067138672,129013600
2007-05-31,107.92959594726562,153.32000732421875,153.88999938964844,153.1199951171875,153.6699981689453,114866700
2007-06-01,108.46458435058594,154.0800018310547,154.39999389648438,153.50999450683594,153.8800048828125,107771700
2007-06-04,108.47867584228516,154.10000610351562,154.38999938964844,153.47999572753906,153.5399932861328,78008800
2007-06-05,108.0492706298828,153.49000549316406,153.89999389648438,152.86000061035156,153.74000549316406,126917900
2007-06-06,106.88768768310548,151.83999633789062,152.9499969482422,151.75,152.86000061035156,164096800
2007-06-07,104.9589614868164,149.10000610351562,152.5,149.05999755859375,151.55999755859375,232414600
2007-06-08,106.32453918457033,151.0399932861328,151.19000244140625,149.08999633789062,149.5800018310547,175886000
2007-06-11,106.50762176513672,151.3000030517578,151.9499969482422,150.6999969482422,150.92999267578125,102015600
2007-06-12,105.3460693359375,149.64999389648438,151.5399932861328,149.5500030517578,150.6699981689453,233898000
2007-06-13,106.92288970947266,151.88999938964844,152.07000732421875,149.72000122070312,150.5,193208200
2007-06-14,107.6057357788086,152.86000061035156,153.1199951171875,152.02999877929688,152.05999755859375,146396500
2007-06-15,108.2179946899414,153.07000732421875,153.66000366210938,152.92999267578125,153.13999938964844,154030800
2007-06-18,108.09073638916016,152.88999938964844,153.38999938964844,152.66000366210938,153.3800048828125,88537500
2007-06-19,108.35940551757812,153.27000427246094,153.3800048828125,152.36000061035156,152.5500030517578,110851700
2007-06-20,106.85354614257812,151.13999938964844,153.5800018310547,150.9600067138672,153.5800018310547,177119700
2007-06-21,107.44743347167967,151.97999572753906,152.11000061035156,150.25,151.0800018310547,205262000
2007-06-22,106.43641662597656,150.5500030517578,151.77000427246094,149.85000610351562,151.52000427246094,204964700
2007-06-25,105.92742919921876,149.8300018310547,151.25,149.02000427246094,150.24000549316406,232014400
2007-06-26,104.83863830566406,148.2899932861328,150.4600067138672,148.27999877929688,150.2100067138672,198445700
2007-06-27,106.330322265625,150.39999389648438,150.57000732421875,148.05999755859375,148.1300048828125,213638000
2007-06-28,106.31621551513672,150.3800048828125,151.41000366210938,149.6699981689453,150.3800048828125,157705000
2007-06-29,106.35153198242188,150.42999267578125,151.64999389648438,149.14999389648438,150.89999389648438,199701800
2007-07-02,107.3130340576172,151.7899932861328,151.9199981689453,150.77000427246094,150.8699951171875,103357000
2007-07-03,107.70189666748048,152.33999633789062,152.5,151.99000549316406,152.17999267578125,54048400
2007-07-05,107.58876037597656,152.17999267578125,152.55999755859375,151.6300048828125,152.39999389648438,89279000
2007-07-06,108.1543960571289,152.97999572753906,153.1699981689453,151.92999267578125,152.3800048828125,81109000
2007-07-09,108.23921966552734,153.10000610351562,153.36000061035156,152.6199951171875,153.16000366210938,72348100
2007-07-10,106.697998046875,150.9199981689453,152.61000061035156,150.77000427246094,152.2899932861328,180362600
2007-07-11,107.4544677734375,151.99000549316406,152.0500030517578,150.52000427246094,150.75,175607600
2007-07-12,109.15118408203124,154.38999938964844,154.75,152.33999633789062,152.3699951171875,133882500
2007-07-13,109.47642517089844,154.85000610351562,155.4600067138672,154.38999938964844,154.57000732421875,111794300
2007-07-16,109.46226501464844,154.8300018310547,155.52999877929688,154.5800018310547,154.99000549316406,98378700
2007-07-17,109.40570068359376,154.75,155.47999572753906,154.67999267578125,154.92999267578125,126201300
2007-07-18,109.20777893066406,154.47000122070312,154.8000030517578,153.3000030517578,154.22999572753906,237887400
2007-07-19,109.6319808959961,155.07000732421875,155.52999877929688,154.75,155.1999969482422,145212700
2007-07-20,108.52195739746094,153.5,154.99000549316406,152.8300018310547,154.88999938964844,245502500
2007-07-23,108.85425567626952,153.97000122070312,154.72000122070312,153.3000030517578,154.17999267578125,121183900
2007-07-24,106.96662902832033,151.3000030517578,154.27999877929688,150.75999450683594,153.1199951171875,256732400
2007-07-25,107.18579864501952,151.61000061035156,152.38999938964844,150.25,152.02000427246094,265214500
2007-07-26,104.64772033691406,148.02000427246094,150.8000030517578,146.38999938964844,150.19000244140625,467592500
2007-07-27,102.59041595458984,145.11000061035156,148.8699951171875,145.0500030517578,148.2100067138672,422987600
2007-07-30,104.19524383544922,147.3800048828125,147.80999755859375,145.2899932861328,145.92999267578125,283017500
2007-07-31,103.02166748046876,145.72000122070312,149.4600067138672,145.0399932861328,148.3300018310547,316976700
2007-08-01,103.52359771728516,146.42999267578125,147.00999450683594,143.9499969482422,145.17999267578125,467670000
2007-08-02,104.35076904296876,147.60000610351562,147.75999450683594,145.25999450683594,146.75999450683594,294758400
2007-08-03,101.6642608642578,143.8000030517578,147.5800018310547,143.1999969482422,147.27999877929688,359398200
2007-08-06,103.3680648803711,146.2100067138672,146.8300018310547,142.52999877929688,144.2100067138672,324980000
2007-08-07,104.47101593017578,147.77000427246094,149.0,145.22999572753906,145.94000244140625,232568700
2007-08-08,105.92742919921876,149.8300018310547,150.58999633789062,147.33999633789062,148.41000366210938,274930600
2007-08-09,102.7883529663086,145.38999938964844,148.9499969482422,145.2899932861328,147.42999267578125,357622100
2007-08-10,102.3076171875,144.7100067138672,146.5,143.1199951171875,144.38999938964844,411018400
2007-08-13,102.67523956298828,145.22999572753906,146.88999938964844,145.02000427246094,146.5,181917200
2007-08-14,101.10575103759766,143.00999450683594,146.05999755859375,142.72000122070312,145.6999969482422,264134500
2007-08-15,99.71300506591795,141.0399932861328,144.4600067138672,140.6199951171875,142.72000122070312,323834000
2007-08-16,100.4623794555664,142.10000610351562,142.94000244140625,137.0,139.7899932861328,546743700
2007-08-17,102.3076171875,144.7100067138672,145.80999755859375,141.38999938964844,145.5,388218100
2007-08-20,102.25817108154295,144.63999938964844,145.47000122070312,143.2899932861328,145.1699981689453,187320400
2007-08-21,102.46317291259766,144.92999267578125,145.97000122070312,144.13999938964844,144.60000610351562,157066400
2007-08-22,103.67914581298828,146.64999389648438,146.8000030517578,145.3300018310547,146.00999450683594,173156700
2007-08-23,103.58723449707033,146.52000427246094,147.64999389648438,145.61000061035156,147.33999633789062,203915300
2007-08-24,104.86688232421876,148.3300018310547,148.3300018310547,146.27999877929688,146.47999572753906,128901900
2007-08-27,103.89124298095705,146.9499969482422,148.3300018310547,146.72999572753906,147.85000610351562,113024300
2007-08-28,101.6076889038086,143.72000122070312,146.25,143.4600067138672,146.16000366210938,219790700
2007-08-29,103.60137176513672,146.5399932861328,146.74000549316406,143.9600067138672,144.3699951171875,207654200
2007-08-30,103.3256607055664,146.14999389648438,147.19000244140625,145.30999755859375,145.4499969482422,191817300
2007-08-31,104.3437271118164,147.58999633789062,148.5,146.8300018310547,147.64999389648438,185477500
2007-09-04,105.39714813232422,149.0800018310547,149.97999572753906,147.39999389648438,147.4499969482422,120062000
2007-09-05,104.48512268066406,147.7899932861328,148.36000061035156,147.0,148.1999969482422,166261800
2007-09-06,104.72552490234376,148.1300048828125,148.61000061035156,147.1199951171875,147.9499969482422,127878400
2007-09-07,103.26909637451172,146.07000732421875,146.88999938964844,145.25999450683594,146.47999572753906,235447600
2007-09-10,103.07115936279295,145.7899932861328,146.72000122070312,144.3300018310547,146.52000427246094,192305900
2007-09-11,104.27298736572266,147.49000549316406,147.6999969482422,146.1300048828125,146.24000549316406,162081900
2007-09-12,104.54165649414062,147.8699951171875,148.44000244140625,146.97999572753906,147.2899932861328,149554600
2007-09-13,105.27696228027344,148.91000366210938,149.4499969482422,148.1999969482422,148.5500030517578,154079000
2007-09-14,105.26985168457033,148.89999389648438,149.08999633789062,147.74000549316406,147.9600067138672,121911000
2007-09-17,104.7042999267578,148.10000610351562,148.64999389648438,147.6300048828125,148.30999755859375,109870800
2007-09-18,107.78673553466795,152.4600067138672,152.5,148.1300048828125,148.8300018310547,263759500
2007-09-19,108.42305755615234,153.36000061035156,154.38999938964844,152.7100067138672,153.41000366210938,193779900
2007-09-20,107.65943908691406,152.27999877929688,153.42999267578125,152.11000061035156,153.33999633789062,175186800
2007-09-21,107.9499740600586,151.97000122070312,153.1199951171875,151.74000549316406,152.7100067138672,141457500
2007-09-24,107.75111389160156,151.69000244140625,152.82000732421875,151.36000061035156,152.4199981689453,139450200
2007-09-25,107.53802490234376,151.38999938964844,151.66000366210938,150.47000122070312,150.80999755859375,142289900
2007-09-26,108.1062469482422,152.19000244140625,152.77000427246094,151.38999938964844,152.25,135547000
2007-09-27,108.74559783935548,153.08999633789062,153.10000610351562,152.19000244140625,152.91000366210938,102713300
2007-09-28,108.38333129882812,152.5800018310547,153.19000244140625,151.97999572753906,152.85000610351562,133372100
2007-10-01,109.60514068603516,154.3000030517578,154.75,152.5,152.60000610351562,148162300
2007-10-02,109.4559326171875,154.08999633789062,154.64999389648438,153.80999755859375,154.61000061035156,112978800
2007-10-03,109.2357406616211,153.77999877929688,154.41000366210938,153.00999450683594,153.80999755859375,119055900
2007-10-04,109.40625762939452,154.02000427246094,154.25999450683594,153.58999633789062,154.11000061035156,76864400
2007-10-05,110.7061004638672,155.85000610351562,156.10000610351562,154.6300048828125,155.02999877929688,134579700
2007-10-08,110.1165542602539,155.02000427246094,155.49000549316406,154.77000427246094,155.38999938964844,71280400
2007-10-09,111.15365600585938,156.47999572753906,156.5,155.02999877929688,155.60000610351562,94054300
2007-10-10,110.96896362304688,156.22000122070312,156.44000244140625,155.41000366210938,156.0399932861328,101711100
2007-10-11,110.43621063232422,155.47000122070312,157.52000427246094,154.5399932861328,156.92999267578125,233529100
2007-10-12,111.04711151123048,156.3300018310547,156.35000610351562,155.27000427246094,155.4600067138672,124546700
2007-10-15,110.1094207763672,155.00999450683594,156.36000061035156,153.94000244140625,156.27000427246094,161151900
2007-10-16,109.2357406616211,153.77999877929688,154.52000427246094,153.47000122070312,154.41000366210938,166525700
2007-10-17,109.5695571899414,154.25,155.08999633789062,152.47000122070312,154.97999572753906,216687300
2007-10-18,109.17180633544922,153.69000244140625,154.19000244140625,153.0800018310547,153.4499969482422,148367500
2007-10-19,106.31621551513672,149.6699981689453,156.47999572753906,149.66000366210938,153.08999633789062,297169900
2007-10-22,106.93425750732422,150.5399932861328,150.75999450683594,148.66000366210938,148.86000061035156,261989800
2007-10-23,107.80084228515624,151.75999450683594,151.9499969482422,150.25,151.4600067138672,180085100
2007-10-24,107.60187530517578,151.47999572753906,151.74000549316406,148.83999633789062,151.2100067138672,326694200
2007-10-25,107.85763549804688,151.83999633789062,152.2899932861328,149.8800048828125,151.64999389648438,237374500
2007-10-26,109.1220474243164,153.6199951171875,153.6199951171875,151.89999389648438,153.05999755859375,176484000
2007-10-29,109.48432159423828,154.1300048828125,154.44000244140625,153.5500030517578,153.92999267578125,106841000
2007-10-30,108.72429656982422,153.05999755859375,153.75,152.8699951171875,153.4499969482422,132981600
2007-10-31,109.85367584228516,154.64999389648438,155.27000427246094,152.83999633789062,153.97999572753906,220954400
2007-11-01,107.28229522705078,151.02999877929688,153.41000366210938,150.58999633789062,153.2899932861328,333040800
2007-11-02,107.40306091308594,151.1999969482422,152.0,149.2100067138672,151.52999877929688,331228200
2007-11-05,106.5861587524414,150.0500030517578,151.16000366210938,148.97000122070312,149.63999938964844,226841000
2007-11-06,108.02110290527344,152.07000732421875,152.11000061035156,149.89999389648438,150.86000061035156,177800500
2007-11-07,105.0660171508789,147.91000366210938,151.1300048828125,147.5500030517578,150.44000244140625,306639700
2007-11-08,104.53331756591795,147.16000366210938,148.39999389648438,145.07000732421875,147.99000549316406,374509900
2007-11-09,103.09839630126952,145.13999938964844,147.5399932861328,144.88999938964844,145.69000244140625,277745100
2007-11-12,102.07550811767578,143.6999969482422,146.61000061035156,143.6999969482422,145.2100067138672,243087800
2007-11-13,105.18678283691406,148.0800018310547,148.30999755859375,145.22000122070312,145.3699951171875,191117400
2007-11-14,104.8955307006836,147.6699981689453,149.39999389648438,146.77999877929688,149.22000122070312,230558800
2007-11-15,103.38250732421876,145.5399932861328,147.49000549316406,144.52000427246094,146.57000732421875,263111100
2007-11-16,103.56014251708984,145.7899932861328,146.47000122070312,144.57000732421875,146.30999755859375,308770600
2007-11-19,102.11813354492188,143.75999450683594,145.36000061035156,143.19000244140625,145.27999877929688,267746000
2007-11-20,102.74327850341795,144.63999938964844,145.52999877929688,142.11000061035156,144.02000427246094,414767500
2007-11-21,100.64060974121094,141.67999267578125,143.91000366210938,141.6699981689453,143.0800018310547,259012400
2007-11-23,102.38096618652344,144.1300048828125,144.33999633789062,142.6999969482422,143.07000732421875,77688400
2007-11-26,100.1221160888672,140.9499969482422,144.8800048828125,140.66000366210938,144.42999267578125,214232000
2007-11-27,101.27285766601562,142.57000732421875,143.22999572753906,140.9499969482422,141.74000549316406,293897900
2007-11-28,104.51197052001952,147.1300048828125,147.47000122070312,144.13999938964844,144.19000244140625,258596900
2007-11-29,104.54747772216795,147.17999267578125,147.72000122070312,146.10000610351562,146.6199951171875,199409900
2007-11-30,105.59880065917967,148.66000366210938,149.8699951171875,147.3300018310547,149.0399932861328,222908000
2007-12-03,104.9026870727539,147.67999267578125,148.4499969482422,147.2899932861328,148.19000244140625,146430400
2007-12-04,103.96502685546876,146.36000061035156,147.5399932861328,146.30999755859375,146.66000366210938,136533900
2007-12-05,105.705322265625,148.80999755859375,149.1999969482422,147.8300018310547,147.92999267578125,171130000
2007-12-06,107.21833038330078,150.94000244140625,151.2100067138672,148.57000732421875,148.6300048828125,154457400
2007-12-07,107.1970672607422,150.91000366210938,151.5,150.5500030517578,151.4199981689453,148980100
2007-12-10,108.02818298339844,152.0800018310547,152.25,150.86000061035156,151.27999877929688,123914300
2007-12-11,105.0660171508789,147.91000366210938,152.88999938964844,147.8300018310547,152.13999938964844,250346400
2007-12-12,106.10313415527344,149.3699951171875,151.77000427246094,147.1999969482422,151.05999755859375,322435600
2007-12-13,105.8829116821289,149.05999755859375,149.38999938964844,147.3000030517578,148.32000732421875,237551300
2007-12-14,104.5403823852539,147.1699981689453,149.10000610351562,147.10000610351562,147.92999267578125,159152900
2007-12-17,103.04866790771484,145.07000732421875,146.8699951171875,144.86000061035156,146.61000061035156,177269400
2007-12-18,103.62405395507812,145.8800048828125,146.47999572753906,143.9600067138672,146.10000610351562,245569300
2007-12-19,103.62405395507812,145.8800048828125,146.88999938964844,144.94000244140625,145.94000244140625,198917200
2007-12-20,104.27753448486328,146.8000030517578,146.86000061035156,145.17999267578125,146.83999633789062,214813800
2007-12-21,105.7807846069336,148.1300048828125,148.4199981689453,147.08999633789062,147.3699951171875,146084400
2007-12-24,106.56626892089844,149.22999572753906,149.47999572753906,148.47999572753906,148.82000732421875,45601400
2007-12-26,106.7948226928711,149.5500030517578,149.67999267578125,148.5,148.64999389648438,67093100
2007-12-27,105.45227813720705,147.6699981689453,149.02999877929688,147.32000732421875,149.02000427246094,122981700
2007-12-28,105.18802642822266,147.3000030517578,148.61000061035156,146.89999389648438,148.5399932861328,116398100
2007-12-31,104.40963745117188,146.2100067138672,147.61000061035156,146.05999755859375,147.10000610351562,108126800
2008-01-02,103.49561309814452,144.92999267578125,146.99000549316406,143.8800048828125,146.52999877929688,204935600
2008-01-03,103.4456558227539,144.86000061035156,145.49000549316406,144.07000732421875,144.91000366210938,125133300
2008-01-04,100.9105224609375,141.30999755859375,143.44000244140625,140.91000366210938,143.33999633789062,232330900
2008-01-07,100.82486724853516,141.19000244140625,142.22999572753906,140.10000610351562,141.80999755859375,234991000
2008-01-08,99.19670104980467,138.91000366210938,142.89999389648438,138.44000244140625,142.0800018310547,326365700
2008-01-09,100.23928833007812,140.3699951171875,140.7899932861328,137.6999969482422,139.08999633789062,301824900
2008-01-10,100.8962631225586,141.2899932861328,142.8000030517578,139.3699951171875,139.67999267578125,335701200
2008-01-11,100.08219146728516,140.14999389648438,141.89999389648438,139.0,140.77999877929688,267076600
2008-01-14,100.88915252685548,141.27999877929688,141.86000061035156,140.39999389648438,141.16000366210938,170365500
2008-01-15,98.668212890625,138.1699981689453,141.49000549316406,137.89999389648438,139.7899932861328,239940100
2008-01-16,97.81847381591795,136.97999572753906,139.1199951171875,136.27999877929688,137.36000061035156,378802600
2008-01-17,95.2833480834961,133.42999267578125,137.8800048828125,132.92999267578125,137.80999755859375,397892600
2008-01-18,94.30506896972656,132.05999755859375,135.02000427246094,131.10000610351562,134.74000549316406,348561500
2008-01-22,93.3481216430664,130.72000122070312,132.42999267578125,126.0,127.20999908447266,435923700
2008-01-23,95.59044647216795,133.86000061035156,134.19000244140625,126.83999633789062,127.08999633789062,511913000
2008-01-24,96.3973617553711,134.99000549316406,135.4600067138672,133.30999755859375,134.47999572753906,259949300
2008-01-25,95.00486755371094,133.0399932861328,136.75999450683594,132.60000610351562,136.50999450683594,269603900
2008-01-28,96.57593536376952,135.24000549316406,135.52000427246094,132.05999755859375,133.25999450683594,217934600
2008-01-29,97.05438232421876,135.91000366210938,136.4499969482422,134.8800048828125,136.10000610351562,168968300
2008-01-30,96.34027099609376,134.91000366210938,138.5399932861328,134.60000610351562,135.5800018310547,334939200
2008-01-31,98.096923828125,137.3699951171875,138.5399932861328,133.1999969482422,133.39999389648438,343680800
2008-02-01,99.67516326904295,139.5800018310547,139.61000061035156,137.52000427246094,137.94000244140625,206843600
2008-02-04,98.41832733154295,137.82000732421875,139.3000030517578,137.63999938964844,139.2100067138672,124694300
2008-02-05,95.78327178955078,134.1300048828125,136.25,133.6699981689453,135.94000244140625,286882500
2008-02-06,95.01202392578124,133.0500030517578,135.25,132.41000366210938,134.5800018310547,250792900
2008-02-07,95.64039611816406,133.92999267578125,134.7899932861328,131.72999572753906,131.8000030517578,297368100
2008-02-08,95.0263214111328,133.07000732421875,134.22000122070312,132.10000610351562,133.08999633789062,221643500
2008-02-11,95.51190948486328,133.75,134.22999572753906,132.0399932861328,133.10000610351562,188576300
2008-02-12,96.3973617553711,134.99000549316406,136.30999755859375,133.97999572753906,134.91000366210938,256654400
2008-02-13,97.38286590576172,136.3699951171875,137.05999755859375,135.13999938964844,136.00999450683594,181967800
2008-02-14,96.52593994140624,135.1699981689453,137.0,134.7899932861328,136.9499969482422,215207200
2008-02-15,96.50447082519533,135.13999938964844,135.22000122070312,133.91000366210938,134.5,154110300
2008-02-19,96.77587890625,135.52000427246094,136.88999938964844,134.61000061035156,136.72000122070312,145190000
2008-02-20,97.06153106689452,135.9199981689453,136.5500030517578,133.75999450683594,133.99000549316406,220085700
2008-02-21,96.25457000732422,134.7899932861328,137.00999450683594,134.07000732421875,136.66000366210938,201051200
2008-02-22,96.84725952148438,135.6199951171875,135.85000610351562,132.86000061035156,134.97000122070312,205491000
2008-02-25,98.06838989257812,137.3300018310547,137.64999389648438,134.77999877929688,135.5399932861328,190107000
2008-02-26,98.8039093017578,138.36000061035156,138.9499969482422,136.5,136.75,212420700
2008-02-27,98.70396423339844,138.22000122070312,139.13999938964844,137.41000366210938,137.55999755859375,168395800
2008-02-28,97.73989868164062,136.8699951171875,137.9600067138672,136.5500030517578,137.24000549316406,170831100
2008-02-29,95.5618896484375,133.82000732421875,135.67999267578125,132.77999877929688,135.60000610351562,252715200
2008-03-03,95.3333740234375,133.5,133.80999755859375,132.24000549316406,133.13999938964844,189483500
2008-03-04,94.96915435791016,132.99000549316406,133.39999389648438,130.99000549316406,132.22999572753906,282513100
2008-03-05,95.5690460205078,133.8300018310547,134.77000427246094,132.33999633789062,133.4199981689453,270681400
2008-03-06,93.59092712402344,131.05999755859375,133.22000122070312,130.5500030517578,132.97999572753906,247911700
2008-03-07,92.62689971923828,129.7100067138672,131.74000549316406,128.5800018310547,129.77000427246094,326434600
2008-03-10,91.40576934814452,128.0,129.92999267578125,127.58999633789062,129.83999633789062,235683600
2008-03-11,94.6906509399414,132.60000610351562,132.72000122070312,128.9499969482422,130.72000122070312,341440600
2008-03-12,93.8051986694336,131.36000061035156,133.77000427246094,131.16000366210938,132.74000549316406,229161100
2008-03-13,94.0123062133789,131.64999389648438,132.63999938964844,128.60000610351562,129.61000061035156,351504200
2008-03-14,92.55550384521484,129.61000061035156,132.80999755859375,127.77999877929688,132.77000427246094,484687800
2008-03-17,91.6199951171875,128.3000030517578,129.25999450683594,126.06999969482422,126.56999969482422,405311100
2008-03-18,95.42621612548828,133.6300048828125,133.69000244140625,129.97999572753906,130.6199951171875,334416600
2008-03-19,93.06250762939452,130.32000732421875,134.64999389648438,130.0399932861328,134.13999938964844,345971600
2008-03-20,94.78630065917967,132.0800018310547,132.91000366210938,129.25999450683594,130.0500030517578,245320700
2008-03-24,96.68087768554688,134.72000122070312,135.80999755859375,133.24000549316406,133.30999755859375,208977300
2008-03-25,96.77418518066406,134.85000610351562,135.5500030517578,133.77000427246094,134.86000061035156,192947200
2008-03-26,95.5900421142578,133.1999969482422,135.08999633789062,133.11000061035156,134.4600067138672,196934300
2008-03-27,95.28862762451172,132.77999877929688,134.44000244140625,132.36000061035156,134.1999969482422,225153200
2008-03-28,94.37725067138672,131.50999450683594,133.36000061035156,131.05999755859375,132.99000549316406,180896100
2008-03-31,94.70736694335938,131.97000122070312,132.72999572753906,131.08999633789062,131.2899932861328,166692100
2008-04-01,98.03718566894533,136.61000061035156,136.83999633789062,133.50999450683594,133.61000061035156,254547300
2008-04-02,98.10176849365234,136.6999969482422,137.6699981689453,135.97999572753906,137.0500030517578,210910800
2008-04-03,98.34581756591795,137.0399932861328,137.44000244140625,135.7100067138672,135.9600067138672,175884800
2008-04-04,98.2381362915039,136.88999938964844,137.9600067138672,136.1199951171875,137.1199951171875,204446800
2008-04-07,98.28839111328124,136.9600067138672,138.57000732421875,136.74000549316406,137.8699951171875,154245500
2008-04-08,98.18788146972656,136.82000732421875,136.9199981689453,135.9499969482422,136.19000244140625,148937300
2008-04-09,97.4774169921875,135.8300018310547,136.8000030517578,134.88999938964844,136.61000061035156,195610600
2008-04-10,97.61380004882812,136.02000427246094,136.6699981689453,134.89999389648438,135.4199981689453,192967800
2008-04-11,95.71920013427734,133.3800048828125,135.1199951171875,133.00999450683594,134.49000549316406,222973300
2008-04-14,95.3962631225586,132.92999267578125,133.5399932861328,132.5500030517578,133.19000244140625,160522000
2008-04-15,95.61876678466795,133.24000549316406,133.69000244140625,132.3300018310547,133.5800018310547,172389200
2008-04-16,98.20943450927734,136.85000610351562,136.91000366210938,134.52000427246094,134.5399932861328,189268900
2008-04-17,98.35295104980467,137.0500030517578,137.25,135.66000366210938,136.02000427246094,179665700
2008-04-18,99.37922668457033,138.47999572753906,139.55999755859375,138.25999450683594,138.94000244140625,218530600
2008-04-21,99.42943572998048,138.5500030517578,138.97999572753906,137.85000610351562,138.22999572753906,118587400
2008-04-22,98.9916763305664,137.94000244140625,138.30999755859375,136.89999389648438,138.19000244140625,162166000
2008-04-23,98.83381652832033,137.72000122070312,138.77999877929688,137.1199951171875,138.08999633789062,193309000
2008-04-24,99.2643814086914,138.32000732421875,139.74000549316406,137.0399932861328,138.0800018310547,229381300
2008-04-25,100.18293762207033,139.60000610351562,139.88999938964844,137.91000366210938,139.39999389648438,190788100
2008-04-28,100.2044677734375,139.6300048828125,140.25,139.3800048828125,139.8800048828125,105610200
2008-04-29,99.80977630615234,139.0800018310547,139.72999572753906,138.61000061035156,139.38999938964844,125514100
2008-04-30,99.22134399414062,138.25999450683594,140.58999633789062,138.25999450683594,139.2899932861328,208395900
2008-05-01,101.27374267578124,141.1199951171875,141.1199951171875,138.27000427246094,138.3800048828125,187279500
2008-05-02,101.55364227294922,141.50999450683594,142.3699951171875,140.55999755859375,142.33999633789062,181585500
2008-05-05,101.06564331054688,140.8300018310547,141.61000061035156,140.41000366210938,141.0500030517578,118504500
2008-05-06,101.94120025634766,142.0500030517578,142.1999969482422,139.69000244140625,140.02000427246094,179339800
2008-05-07,100.12551879882812,139.52000427246094,142.0399932861328,139.1300048828125,141.88999938964844,199267300
2008-05-08,99.86722564697266,139.16000366210938,140.32000732421875,138.97999572753906,139.74000549316406,178321200
2008-05-09,99.68059539794922,138.89999389648438,139.38999938964844,138.4499969482422,138.60000610351562,152588200
2008-05-12,100.80016326904295,140.4600067138672,140.55999755859375,138.72999572753906,139.25,147865900
2008-05-13,100.81444549560548,140.47999572753906,140.88999938964844,139.72999572753906,140.8000030517578,159132200
2008-05-14,101.02262115478516,140.77000427246094,142.1999969482422,140.4600067138672,141.07000732421875,181910800
2008-05-15,102.28567504882812,142.52999877929688,142.6300048828125,140.8300018310547,141.0399932861328,166927000
2008-05-16,102.3789291381836,142.66000366210938,142.8699951171875,141.61000061035156,142.86000061035156,204236800
2008-05-19,102.65882873535156,143.0500030517578,144.3000030517578,142.3000030517578,142.80999755859375,165664400
2008-05-20,101.82636260986328,141.88999938964844,142.33999633789062,141.0,142.27000427246094,178552100
2008-05-21,100.10399627685548,139.49000549316406,142.1199951171875,139.0,141.80999755859375,252724800
2008-05-22,100.11835479736328,139.50999450683594,140.1699981689453,139.0,139.42999267578125,170820400
2008-05-23,98.77635955810548,137.63999938964844,139.66000366210938,137.52000427246094,139.0500030517578,181376400
2008-05-27,99.50839233398438,138.66000366210938,139.0,137.52999877929688,137.8000030517578,168322900
2008-05-28,99.96770477294922,139.3000030517578,140.0,138.0,139.1699981689453,181288100
2008-05-29,100.47004699707033,140.0,140.92999267578125,139.0800018310547,139.1300048828125,173927200
2008-05-30,100.72122192382812,140.35000610351562,140.74000549316406,139.94000244140625,140.47000122070312,117362000
2008-06-02,99.68059539794922,138.89999389648438,139.86000061035156,138.0,139.8300018310547,181069900
2008-06-03,99.09927368164062,138.08999633789062,139.6199951171875,137.22999572753906,139.3000030517578,271965700
2008-06-04,99.0491180419922,138.02000427246094,139.16000366210938,137.4600067138672,137.6999969482422,246637700
2008-06-05,101.02976989746094,140.77999877929688,140.88999938964844,138.32000732421875,138.5800018310547,237867100
2008-06-06,97.80756378173828,136.2899932861328,139.8000030517578,136.22000122070312,139.5500030517578,384276300
2008-06-09,98.04438018798828,136.6199951171875,137.5,135.41000366210938,136.86000061035156,228263900
2008-06-10,97.55638885498048,135.94000244140625,137.10000610351562,135.35000610351562,135.6699981689453,260234900
2008-06-11,96.1210708618164,133.94000244140625,136.25999450683594,133.92999267578125,135.97000122070312,283890100
2008-06-12,96.48713684082033,134.4499969482422,135.8699951171875,133.52000427246094,134.60000610351562,252791800
2008-06-13,97.70708465576172,136.14999389648438,136.52000427246094,134.4199981689453,135.1699981689453,244726900
2008-06-16,97.7645034790039,136.22999572753906,136.92999267578125,135.4600067138672,135.5500030517578,185832500
2008-06-17,97.2908706665039,135.57000732421875,137.1199951171875,135.3699951171875,137.07000732421875,191707700
2008-06-18,96.34358215332033,134.25,135.52000427246094,133.7100067138672,134.69000244140625,265893000
2008-06-19,96.46556091308594,134.4199981689453,135.24000549316406,133.5,134.14999389648438,304204900
2008-06-20,94.89974212646484,131.5800018310547,133.08999633789062,131.22000122070312,132.83999633789062,289275700
2008-06-23,94.80598449707033,131.4499969482422,132.22999572753906,131.32000732421875,132.08999633789062,165096400
2008-06-24,94.61852264404295,131.19000244140625,132.44000244140625,130.19000244140625,131.0500030517578,267300600
2008-06-25,95.06565856933594,131.80999755859375,133.39999389648438,131.24000549316406,131.72000122070312,287853900
2008-06-26,92.4836654663086,128.22999572753906,131.4199981689453,128.0800018310547,130.57000732421875,297775000
2008-06-27,91.97877502441406,127.52999877929688,128.86000061035156,127.04000091552734,128.27999877929688,303423400
2008-06-30,92.30335998535156,127.9800033569336,128.91000366210938,127.3000030517578,127.88999938964844,258842600
2008-07-01,92.59183502197266,128.3800048828125,128.47000122070312,125.93000030517578,126.5199966430664,388622000
2008-07-02,91.00513458251952,126.18000030517578,129.16000366210938,125.9499969482422,128.7899932861328,288064600
2008-07-03,91.09884643554688,126.30999755859376,127.11000061035156,124.98999786376952,127.11000061035156,239352500
2008-07-07,90.16851043701172,125.0199966430664,127.33999633789062,123.91999816894533,126.79000091552734,372427300
2008-07-08,91.7696533203125,127.23999786376952,127.38999938964844,124.1999969482422,124.98999786376952,375973700
2008-07-09,90.00260925292969,124.79000091552734,127.73999786376952,124.38999938964844,127.5,336729400
2008-07-10,90.37045288085938,125.3000030517578,125.79000091552734,123.58000183105467,124.43000030517578,436475700
2008-07-11,89.31744384765625,123.83999633789062,125.9000015258789,122.48999786376952,123.97000122070312,481124600
2008-07-14,88.50967407226562,122.72000122070312,125.5,122.4000015258789,125.26000213623048,322720800
2008-07-15,87.26192474365234,120.98999786376952,123.48999786376952,120.0199966430664,121.8000030517578,502502500
2008-07-16,89.4039535522461,123.95999908447266,124.56999969482422,121.0999984741211,121.4499969482422,371642900
2008-07-17,90.29826354980467,125.1999969482422,126.26000213623048,124.08999633789062,125.13999938964844,375490600
2008-07-18,90.8608627319336,125.9800033569336,126.41999816894533,125.1500015258789,126.16999816894533,267030100
2008-07-21,90.9113998413086,126.0500030517578,126.8000030517578,125.19000244140624,126.51000213623048,222863000
2008-07-22,91.94269561767578,127.4800033569336,127.8000030517578,124.8499984741211,125.1500015258789,296904200
2008-07-23,92.4403839111328,128.1699981689453,129.14999389648438,127.5500030517578,127.88999938964844,311698400
2008-07-24,90.5218734741211,125.51000213623048,128.41000366210938,125.16000366210938,128.33999633789062,248634500
2008-07-25,90.50023651123048,125.4800033569336,126.48999786376952,125.16999816894533,125.88999938964844,219131000
2008-07-28,89.17314910888672,123.63999938964844,126.05999755859376,123.41999816894533,125.51000213623048,205201300
2008-07-29,91.07726287841795,126.27999877929688,126.37999725341795,123.63999938964844,123.9800033569336,261505600
2008-07-30,92.70001220703124,128.52999877929688,128.60000610351562,126.27999877929688,127.11000061035156,354710000
2008-07-31,91.47391510009766,126.83000183105467,128.57000732421875,126.62999725341795,127.4000015258789,277402100
2008-08-01,90.99071502685548,126.16000366210938,127.27999877929688,125.45999908447266,127.12000274658205,248690900
2008-08-04,90.14688110351562,124.98999786376952,126.13999938964844,124.76000213623048,126.04000091552734,188239600
2008-08-05,92.5773696899414,128.36000061035156,128.55999755859375,124.97000122070312,126.0199966430664,251577600
2008-08-06,92.98849487304688,128.92999267578125,129.3000030517578,127.4800033569336,128.02000427246094,209555400
2008-08-07,91.60372161865234,127.01000213623048,128.44000244140625,126.54000091552734,127.95999908447266,246312500
2008-08-08,93.3058624267578,129.3699951171875,129.92999267578125,126.37999725341795,126.58000183105467,260811700
2008-08-11,94.2723159790039,130.7100067138672,131.50999450683594,129.22999572753906,129.47000122070312,249425800
2008-08-12,93.29139709472656,129.35000610351562,130.6999969482422,128.72999572753906,130.27999877929688,213200800
2008-08-13,92.7289047241211,128.57000732421875,129.64999389648438,127.66999816894533,128.7899932861328,256393200
2008-08-14,93.4284439086914,129.5399932861328,130.27999877929688,127.75,127.83999633789062,239555300
2008-08-15,93.88282012939452,130.1699981689453,130.5,129.3000030517578,129.92999267578125,181000800
2008-08-18,92.59909057617188,128.38999938964844,130.47999572753906,127.66000366210938,130.42999267578125,172275100
2008-08-19,91.58932495117188,126.98999786376952,127.69000244140624,126.52999877929688,127.41999816894533,194673700
2008-08-20,92.01486206054688,127.58000183105467,127.9499969482422,126.33999633789062,127.38999938964844,225498200
2008-08-21,92.17350769042967,127.8000030517578,128.44000244140625,126.5999984741211,126.75,180609800
2008-08-22,93.50780487060548,129.64999389648438,129.64999389648438,127.8000030517578,128.6699981689453,167715300
2008-08-25,91.61095428466795,127.0199966430664,129.64999389648438,126.75,128.8000030517578,171936900
2008-08-26,91.8778076171875,127.38999938964844,127.87000274658205,126.58000183105467,127.0199966430664,159117200
2008-08-27,92.77214813232422,128.6300048828125,128.8300018310547,127.3000030517578,127.5500030517578,171032800
2008-08-28,93.89727020263672,130.19000244140625,130.33999633789062,129.11000061035156,129.27999877929688,167537100
2008-08-29,92.88753509521484,128.7899932861328,130.13999938964844,128.50999450683594,129.72999572753906,189195800
2008-09-02,92.310546875,127.98999786376952,130.7100067138672,127.5199966430664,130.02999877929688,252364900
2008-09-03,92.231201171875,127.87999725341795,128.5,126.93000030517578,127.87999725341795,251947000
2008-09-04,89.45446014404297,124.02999877929688,127.2300033569336,123.95999908447266,126.97000122070312,340042500
2008-09-05,89.73575592041016,124.41999816894533,124.9499969482422,122.0,123.29000091552734,289503400
2008-09-08,91.58932495117188,126.98999786376952,128.24000549316406,124.41999816894533,128.0399932861328,364075300
2008-09-09,88.87024688720703,123.22000122070312,127.36000061035156,122.8000030517578,127.0999984741211,377326800
2008-09-10,89.23090362548828,123.72000122070312,124.9000015258789,122.5500030517578,123.88999938964844,298916600
2008-09-11,90.5218734741211,125.51000213623048,125.73999786376952,121.5999984741211,122.12000274658205,375369400
2008-09-12,90.94020080566406,126.08999633789062,126.20999908447266,123.83000183105467,124.29000091552734,297851200
2008-09-15,86.61280059814453,120.08999633789062,125.6500015258789,119.88999938964844,121.62999725341795,483607000
2008-09-16,88.0624771118164,122.0999984741211,122.31999969482422,117.0,117.1999969482422,581744300
2008-09-17,84.10291290283203,116.61000061035156,121.8499984741211,116.0,119.63999938964844,624095600
2008-09-18,86.59835815429688,120.06999969482422,121.79000091552734,113.8000030517578,118.0500030517578,776114700
2008-09-19,90.03754425048828,124.12000274658205,128.0,123.33000183105467,126.6999969482422,501087800
2008-09-22,87.9991455078125,121.30999755859376,124.75,120.36000061035156,124.4499969482422,249966500
2008-09-23,85.99703979492188,118.5500030517578,122.0199966430664,118.27999877929688,120.8499984741211,327470400
2008-09-24,86.2726821899414,118.93000030517578,120.0,117.79000091552734,119.3499984741211,311818400
2008-09-25,87.62193298339844,120.79000091552734,121.91000366210938,118.44000244140624,119.4000015258789,328253000
2008-09-26,87.66545104980469,120.8499984741211,121.5,118.51000213623048,118.83000183105467,285917400
2008-09-29,80.79586029052734,111.37999725341795,119.33999633789062,110.97000122070312,119.13999938964844,459562300
2008-09-30,84.13996887207031,115.98999786376952,116.8000030517578,110.52999877929688,113.51000213623048,328154400
2008-10-01,84.19073486328125,116.05999755859376,116.69000244140624,113.9499969482422,115.2699966430664,332783000
2008-10-02,81.13678741455078,111.8499984741211,115.11000061035156,111.05999755859376,114.9499969482422,365337800
2008-10-03,80.04145812988281,110.33999633789062,115.4499969482422,109.68000030517578,112.86000061035156,461798000
2008-10-06,75.96463012695312,104.72000122070312,107.62000274658205,100.63999938964844,107.1500015258789,610637500
2008-10-07,72.56248474121094,100.02999877929688,107.33000183105467,99.6500015258789,106.83999633789062,540012100
2008-10-08,70.7344741821289,97.51000213623048,102.18000030517578,96.80999755859376,97.5199966430664,725414800
2008-10-09,65.79443359375,90.6999969482422,100.62000274658205,90.25,99.66000366210938,534485200
2008-10-10,64.19852447509766,88.5,93.94000244140624,83.58000183105469,86.76000213623047,871026300
2008-10-13,73.5200424194336,101.3499984741211,101.3499984741211,89.94999694824219,93.87000274658205,455584000
2008-10-14,72.43190002441406,99.8499984741211,105.52999877929688,97.11000061035156,104.6999969482422,546268300
2008-10-15,65.30113983154297,90.0199966430664,97.8000030517578,89.70999908447266,97.45999908447266,484627500
2008-10-16,68.02144622802734,93.7699966430664,94.7699966430664,86.54000091552734,91.29000091552734,708811200
2008-10-17,67.6152114868164,93.20999908447266,98.58999633789062,91.6500015258789,91.98999786376952,476649000
2008-10-20,71.6774673461914,98.80999755859376,99.0999984741211,94.08999633789062,95.3499984741211,321294200
2008-10-21,69.53753662109375,95.86000061035156,98.63999938964844,95.22000122070312,96.97000122070312,356502000
2008-10-22,65.75090789794922,90.63999938964844,95.86000061035156,87.52999877929688,93.1999969482422,516168000
2008-10-23,66.51258087158203,91.69000244140624,92.4499969482422,85.80999755859375,90.29000091552734,634666400
2008-10-24,63.13943862915039,87.04000091552734,89.91999816894531,84.0,84.05999755859375,545812600
2008-10-27,60.897926330566406,83.94999694824219,89.51000213623047,83.69999694824219,85.97000122070312,397288600
2008-10-28,68.01419830322266,93.76000213623048,94.23999786376952,84.52999877929688,87.33999633789062,639939500
2008-10-29,67.52088928222656,93.08000183105467,97.16999816894533,92.0999984741211,93.7699966430664,531270100
2008-10-30,69.8567123413086,96.3000030517578,96.54000091552734,92.9000015258789,95.77999877929688,414582100
2008-10-31,70.24118041992188,96.83000183105467,98.56999969482422,94.4800033569336,95.08000183105467,411394000
2008-11-03,70.44428253173828,97.11000061035156,97.69000244140624,95.9499969482422,96.77999877929688,205419400
2008-11-04,72.83812713623047,100.41000366210938,100.86000061035156,96.70999908447266,99.05999755859376,346793400
2008-11-05,69.77691650390625,96.19000244140624,100.70999908447266,95.0,99.1999969482422,387844100
2008-11-06,65.9104995727539,90.86000061035156,95.44000244140624,90.05999755859375,94.45999908447266,477721900
2008-11-07,68.0866928100586,93.86000061035156,94.0,90.5,91.6500015258789,380391000
2008-11-10,67.1944580078125,92.62999725341795,95.52999877929688,90.91999816894533,95.20999908447266,301773000
2008-11-11,65.11979675292969,89.7699966430664,92.13999938964844,88.6500015258789,90.76000213623048,418498200
2008-11-12,62.25445938110352,85.81999969482422,88.94999694824219,85.12000274658203,88.2300033569336,454330600
2008-11-13,66.13539123535156,91.16999816894533,91.7300033569336,82.08999633789062,86.12999725341797,753141900
2008-11-14,62.83477020263672,86.62000274658203,92.05999755859376,86.5199966430664,89.41000366210938,540352300
2008-11-17,62.00053405761719,85.47000122070312,88.55999755859375,85.16000366210938,86.37999725341797,415254900
2008-11-18,63.168453216552734,87.08000183105469,87.22000122070312,82.91000366210938,85.1500015258789,523811800
2008-11-19,59.120704650878906,81.5,86.87000274658203,80.91999816894531,85.91000366210938,558327600
2008-11-20,54.73196029663086,75.44999694824219,82.51000213623047,75.05000305175781,80.12999725341797,814180400
2008-11-21,57.68437194824219,79.5199966430664,80.9000015258789,74.33999633789062,77.45999908447266,718536500
2008-11-24,61.68136978149414,85.02999877929688,86.98999786376953,80.36000061035156,81.91999816894531,523305300
2008-11-25,62.13835144042969,85.66000366210938,87.51000213623047,83.81999969482422,87.30000305175781,454112400
2008-11-26,64.53949737548828,88.97000122070312,89.19000244140625,84.23999786376953,84.30000305175781,370134200
2008-11-28,65.35191345214844,90.08999633789062,90.12999725341795,88.4800033569336,88.62999725341797,118308100
2008-12-01,59.56316375732422,82.11000061035156,87.55000305175781,81.86000061035156,87.51000213623047,369927100
2008-12-02,61.85548782348633,85.2699966430664,85.48999786376953,82.04000091552734,83.47000122070312,469508400
2008-12-03,63.342567443847656,87.31999969482422,87.83000183105469,83.13999938964844,83.4000015258789,519863500
2008-12-04,61.87722396850586,85.30000305175781,88.05000305175781,83.73999786376953,86.05999755859375,444173800
2008-12-05,63.78504180908203,87.93000030517578,88.41999816894531,82.23999786376953,83.6500015258789,471905300
2008-12-08,66.0120620727539,91.0,92.37999725341795,88.08000183105469,90.33999633789062,412859300
2008-12-09,64.92394256591797,89.5,92.12999725341795,88.9800033569336,90.37000274658205,370790000
2008-12-10,65.36641693115234,90.11000061035156,91.36000061035156,89.0,90.31999969482422,396187400
2008-12-11,63.79231643676758,87.94000244140625,91.0,87.37000274658203,89.54000091552734,365061000
2008-12-12,64.553955078125,88.98999786376953,89.06999969482422,85.19999694824219,85.55000305175781,415060400
2008-12-15,63.65448760986328,87.75,89.1500015258789,86.29000091552734,89.0199966430664,256694200
2008-12-16,66.65040588378906,91.87999725341795,92.0199966430664,88.18000030517578,91.87999725341795,377699500
2008-12-17,66.00480651855469,90.98999786376952,92.43000030517578,90.05999755859375,90.83999633789062,281819800
2008-12-18,64.7716064453125,89.29000091552734,91.66999816894533,88.20999908447266,91.4000015258789,374673300
2008-12-19,64.49298858642578,88.19000244140625,90.62000274658205,88.08999633789062,89.0999984741211,301451300
2008-12-22,63.666595458984375,87.05999755859375,88.66999816894531,85.48999786376953,88.58000183105469,243759500
2008-12-23,63.008453369140625,86.16000366210938,87.93000030517578,85.80000305175781,87.52999877929688,221625200
2008-12-24,63.37410354614258,86.66000366210938,86.87000274658203,86.0,86.44999694824219,62061600
2008-12-26,63.73972702026367,87.16000366210938,87.30000305175781,86.5,87.23999786376953,74767700
2008-12-29,63.556915283203125,86.91000366210938,87.33000183105469,85.5999984741211,87.23999786376953,127795900
2008-12-30,65.06343078613281,88.97000122070312,89.05000305175781,86.87999725341797,87.51000213623047,168256300
2008-12-31,65.99215698242188,90.23999786376952,90.97000122070312,88.87000274658203,89.08000183105469,193987200
2009-01-02,67.98127746582031,92.95999908447266,93.44000244140624,89.8499984741211,90.44000244140624,227566300
2009-01-05,67.90081787109375,92.8499984741211,93.66000366210938,91.88999938964844,92.62999725341795,240349700
2009-01-06,68.35424041748047,93.47000122070312,94.4499969482422,92.68000030517578,93.63999938964844,328260900
2009-01-07,66.30657958984375,90.66999816894533,92.26000213623048,90.1999969482422,92.0,280899200
2009-01-08,66.57718658447266,91.04000091552734,91.08999633789062,89.66999816894531,90.16000366210938,263834400
2009-01-09,65.15117645263672,89.08999633789062,91.31999969482422,85.36000061035156,91.16000366210938,330953600
2009-01-12,63.58615493774414,86.94999694824219,88.91000366210938,86.41000366210938,88.83999633789062,277858500
2009-01-13,63.70317077636719,87.11000061035156,87.87999725341797,86.19999694824219,86.7300033569336,356432300
2009-01-14,61.699466705322266,84.37000274658203,85.75,83.16000366210938,85.54000091552734,435491600
2009-01-15,61.72136688232422,84.4000015258789,85.25,81.72000122070312,84.12000274658203,532647300
2009-01-16,62.20399475097656,85.05999755859375,85.98999786376953,83.05000305175781,85.86000061035156,399237200
2009-01-20,58.92049407958984,80.56999969482422,85.05999755859375,80.05000305175781,84.2300033569336,419855200
2009-01-21,61.465423583984375,84.05000305175781,84.23999786376953,80.47000122070312,81.94000244140625,364360700
2009-01-22,60.51472091674805,82.75,84.04000091552734,81.16999816894531,82.41999816894531,427940300
2009-01-23,60.77799224853515,83.11000061035156,83.98999786376953,80.56999969482422,80.9000015258789,386800600
2009-01-26,61.19487762451172,83.68000030517578,85.36000061035156,82.80999755859375,83.58999633789062,317978800
2009-01-27,61.816444396972656,84.52999877929688,85.1500015258789,83.30000305175781,84.12999725341797,273789700
2009-01-28,63.9079704284668,87.38999938964844,87.94999694824219,86.06999969482422,86.4000015258789,330007000
2009-01-29,61.83108139038086,84.55000305175781,87.48999786376953,84.47000122070312,86.11000061035156,294392500
2009-01-30,60.5732307434082,82.83000183105469,85.4000015258789,82.20999908447266,84.9800033569336,383383600
2009-02-02,60.390411376953125,82.58000183105469,83.18000030517578,81.30999755859375,81.56999969482422,288233300
2009-02-03,61.238731384277344,83.73999786376953,84.36000061035156,82.22000122070312,83.0999984741211,278385800
2009-02-04,60.93887710571289,83.33000183105469,85.37000274658203,83.04000091552734,84.30000305175781,322989300
2009-02-05,61.845672607421875,84.56999969482422,85.29000091552734,77.7300033569336,82.69999694824219,417679400
2009-02-06,63.608116149902344,86.9800033569336,87.33999633789062,84.68000030517578,84.86000061035156,366101700
2009-02-09,63.695892333984375,87.0999984741211,87.73999786376953,86.31999969482422,86.95999908447266,240075200
2009-02-10,60.77799224853515,83.11000061035156,87.02999877929688,82.44999694824219,86.2699966430664,536212800
2009-02-11,61.136322021484375,83.5999984741211,84.05000305175781,82.4000015258789,83.44999694824219,324442500
2009-02-12,61.180198669433594,83.66000366210938,83.81999969482422,81.05000305175781,82.16999816894531,469302200
2009-02-13,60.522071838378906,82.76000213623047,84.23999786376953,82.73999786376953,83.55000305175781,293998400
2009-02-17,57.93326187133789,79.22000122070312,82.95999908447266,79.16999816894531,80.16000366210938,478910100
2009-02-18,57.7943229675293,79.02999877929688,79.94000244140625,78.27999877929688,79.79000091552734,362964800
2009-02-19,57.17273712158203,78.18000030517578,80.1500015258789,78.0199966430664,79.83999633789062,316867500
2009-02-20,56.61690902709961,77.41999816894531,78.33999633789062,75.7699966430664,76.7300033569336,477176600
2009-02-23,54.59123229980469,74.6500015258789,78.2699966430664,74.58999633789062,78.2699966430664,379641400
2009-02-24,56.66080093383789,77.4800033569336,77.94999694824219,74.69999694824219,75.29000091552734,426260900
2009-02-25,56.2147216796875,76.87000274658203,78.41999816894531,75.62999725341797,77.13999938964844,461985800
2009-02-26,55.30060195922851,75.62000274658203,79.66999816894531,75.52999877929688,77.81999969482422,363353900
2009-02-27,54.0647087097168,73.93000030517578,75.69000244140625,73.80999755859375,74.01000213623047,470510900
2009-03-02,51.629486083984375,70.5999984741211,73.91999816894531,70.37000274658203,72.5199966430664,426452600
2009-03-03,51.24190139770508,70.06999969482422,71.69999694824219,69.63999938964844,71.61000061035156,443761000
2009-03-04,52.45584487915039,71.7300033569336,72.87000274658203,70.06999969482422,71.2300033569336,462753100
2009-03-05,50.31316375732422,68.80000305175781,71.7300033569336,68.16999816894531,70.0999984741211,485549400
2009-03-06,50.400917053222656,68.91999816894531,70.44999694824219,67.0999984741211,69.4000015258789,490470000
2009-03-09,49.808563232421875,68.11000061035156,70.0,67.7300033569336,67.94999694824219,379905300
2009-03-10,52.77762222290039,72.16999816894531,72.37000274658203,69.37000274658203,69.51000213623047,406227900
2009-03-11,53.1213493347168,72.63999938964844,73.75,71.83000183105469,73.0,356648300
2009-03-12,55.21284484863281,75.5,75.75,71.97000122070312,72.62000274658203,409702700
2009-03-13,55.64431381225586,76.08999633789062,76.9800033569336,74.7300033569336,76.01000213623047,337474700
2009-03-16,55.476112365722656,75.86000061035156,77.97000122070312,75.80999755859375,76.95999908447266,360644900
2009-03-17,57.17273712158203,78.18000030517578,78.36000061035156,75.44999694824219,76.06999969482422,356814300
2009-03-18,58.45246505737305,79.93000030517578,80.9000015258789,77.06999969482422,77.80999755859375,473273200
2009-03-19,57.728485107421875,78.94000244140625,81.0,78.69000244140625,80.93000030517578,428520400
2009-03-20,56.499229431152344,76.70999908447266,78.91000366210938,76.52999877929688,78.76000213623047,371078200
2009-03-23,60.5574951171875,82.22000122070312,82.29000091552734,78.30999755859375,78.73999786376953,419933300
2009-03-24,59.364315032958984,80.5999984741211,82.36000061035156,80.51000213623047,81.23999786376953,330271000
2009-03-25,59.990386962890625,81.44999694824219,82.69999694824219,79.05999755859375,81.2300033569336,441775100
2009-03-26,61.21302032470703,83.11000061035156,83.30000305175781,81.31999969482422,82.25,422025200
2009-03-27,60.10821533203125,81.61000061035156,82.52999877929688,81.30999755859375,82.05000305175781,322332300
2009-03-30,58.031192779541016,78.79000091552734,79.87000274658203,77.95999908447266,79.80000305175781,324108500
2009-03-31,58.56885528564453,79.5199966430664,81.08000183105469,79.05000305175781,79.55999755859375,364238300
2009-04-01,59.7031364440918,81.05999755859375,81.41999816894531,78.33000183105469,78.52999877929688,377018300
2009-04-02,61.44870376586914,83.43000030517578,84.61000061035156,81.12999725341797,83.08000183105469,476230700
2009-04-03,62.06005096435547,84.26000213623047,84.27999877929688,82.66999816894531,83.48999786376953,284646300
2009-04-06,61.57390594482422,83.5999984741211,84.27999877929688,82.29000091552734,83.33999633789062,264866600
2009-04-07,60.1376838684082,81.6500015258789,82.6500015258789,81.51000213623047,82.25,258947800
2009-04-08,60.78584671020508,82.52999877929688,82.94000244140625,81.54000091552734,82.05999755859375,230402800
2009-04-09,63.2016487121582,85.80999755859375,85.81999969482422,84.33000183105469,84.66999816894531,269653500
2009-04-13,63.21638488769531,85.83000183105469,86.54000091552734,84.58000183105469,84.91999816894531,224847500
2009-04-14,62.12628936767578,84.3499984741211,85.76000213623047,84.08000183105469,85.02999877929688,276598800
2009-04-15,62.78922653198242,85.25,85.41999816894531,83.61000061035156,83.83999633789062,250726100
2009-04-16,63.70987701416016,86.5,87.1500015258789,84.7699966430664,85.93000030517578,335202900
2009-04-17,64.13706970214844,87.08000183105469,87.6500015258789,86.13999938964844,86.83000183105469,262649000
2009-04-20,61.44870376586914,83.43000030517578,87.05000305175781,83.33999633789062,85.54000091552734,293690100
2009-04-21,62.64923858642578,85.05999755859375,85.12999725341797,82.75,82.81999969482422,114090900
2009-04-22,62.26622772216797,84.54000091552734,86.33999633789062,84.06999969482422,84.29000091552734,340395200
2009-04-23,62.8775634765625,85.37000274658203,85.41999816894531,83.62999725341797,84.70999908447266,324903700
2009-04-24,63.82772445678711,86.66000366210938,87.30999755859375,85.69000244140625,86.02999877929688,287703000
2009-04-27,63.2237434387207,85.83999633789062,87.01000213623047,85.54000091552734,85.68000030517578,289581600
2009-04-28,63.02486801147461,85.56999969482422,86.58999633789062,84.76000213623047,84.97000122070312,247926300
2009-04-29,64.36539459228516,87.38999938964844,88.36000061035156,86.30000305175781,86.5199966430664,311505700
2009-04-30,64.38748168945312,87.41999816894531,89.0199966430664,86.91999816894531,88.55000305175781,301419800
2009-05-01,64.733642578125,87.88999938964844,88.20999908447266,86.72000122070312,87.44000244140625,236110300
2009-05-04,66.93585205078125,90.87999725341795,90.94000244140624,88.37999725341797,88.55000305175781,287120000
2009-05-05,66.70753479003906,90.56999969482422,90.93000030517578,89.83999633789062,90.56999969482422,243036300
2009-05-06,67.8638916015625,92.13999938964844,92.1999969482422,90.61000061035156,91.68000030517578,291941000
2009-05-07,66.92108917236328,90.86000061035156,93.1500015258789,90.27999877929688,93.01000213623048,317728000
2009-05-08,68.48257446289062,92.9800033569336,93.22000122070312,91.44000244140624,92.02999877929688,299081700
2009-05-11,67.20101165771484,91.23999786376952,92.11000061035156,91.04000091552734,91.6999969482422,247923600
2009-05-12,67.00214385986328,90.97000122070312,91.83000183105467,89.8499984741211,91.62999725341795,282431300
2009-05-13,65.31548309326172,88.68000030517578,90.01000213623047,88.5,89.73999786376953,269619100
2009-05-14,65.87525177001953,89.44000244140625,90.12000274658205,88.5,88.72000122070312,260098700
2009-05-15,65.33758544921875,88.70999908447266,90.0,88.1500015258789,89.37000274658203,271502700
2009-05-18,67.19364166259766,91.2300033569336,91.33999633789062,88.56999969482422,89.55000305175781,241447400
2009-05-19,67.11262512207031,91.12000274658205,91.97000122070312,90.80999755859376,91.18000030517578,206102200
2009-05-20,66.66333770751953,90.51000213623048,92.8000030517578,90.41000366210938,91.9499969482422,285722200
2009-05-21,65.70586395263672,89.20999908447266,89.80000305175781,88.26000213623047,89.45999908447266,258988400
2009-05-22,65.56590270996094,89.0199966430664,90.0,88.68000030517578,89.45999908447266,166811900
2009-05-26,67.24520874023438,91.3000030517578,91.55999755859376,88.31999969482422,88.36000061035156,236318500
2009-05-27,66.04463958740234,89.66999816894531,91.75,89.52999877929688,91.44000244140624,246015800
2009-05-28,66.96530151367188,90.91999816894533,91.33999633789062,89.0999984741211,90.45999908447266,289095000
2009-05-29,68.15113830566406,92.52999877929688,93.6999969482422,90.68000030517578,91.41999816894533,258641500
2009-06-01,69.80094146728516,94.7699966430664,95.16999816894533,93.43000030517578,93.66999816894533,276246800
2009-06-02,69.8598861694336,94.8499984741211,95.37000274658205,94.2300033569336,94.4000015258789,230874500
2009-06-03,68.97604370117188,93.6500015258789,94.12999725341795,92.76000213623048,94.04000091552734,235310500
2009-06-04,69.62419128417969,94.52999877929688,94.66999816894533,93.3000030517578,94.0,210102300
2009-06-05,69.63895416259766,94.5500030517578,95.66999816894533,93.8000030517578,95.48999786376952,284257900
2009-06-08,69.35167694091797,94.16000366210938,95.0999984741211,93.04000091552734,93.83999633789062,238565100
2009-06-09,69.70524597167969,94.63999938964844,95.13999938964844,94.0199966430664,94.69000244140624,225125500
2009-06-10,69.52845001220703,94.4000015258789,95.48999786376952,93.19000244140624,95.4800033569336,296100400
2009-06-11,69.8377914428711,94.81999969482422,96.11000061035156,94.55999755859376,94.58000183105467,275414200
2009-06-12,70.02928161621094,95.08000183105467,95.13999938964844,94.0,94.4000015258789,184361800
2009-06-15,68.42365264892578,92.9000015258789,94.0199966430664,92.4000015258789,93.95999908447266,224190500
2009-06-16,67.49561309814453,91.63999938964844,93.29000091552734,91.58000183105467,93.2300033569336,227319000
2009-06-17,67.42931365966797,91.5500030517578,92.33000183105467,90.83000183105467,91.5999984741211,223445200
2009-06-18,67.92280578613281,92.22000122070312,92.66999816894533,91.25,91.69000244140624,211725100
2009-06-19,68.17312622070312,92.04000091552734,92.6999969482422,91.5199966430664,92.58000183105467,215655600
2009-06-22,66.1288833618164,89.27999877929688,91.19000244140624,89.25,91.13999938964844,251913600
2009-06-23,66.18069458007812,89.3499984741211,89.87999725341797,88.8499984741211,89.47000122070312,188309800
2009-06-24,66.7510757446289,90.12000274658205,91.08000183105467,89.5999984741211,90.16000366210938,211577700
2009-06-25,68.20280456542969,92.08000183105467,92.16999816894533,89.56999969482422,89.66999816894531,279411000
2009-06-26,68.0250244140625,91.83999633789062,92.23999786376952,91.2699966430664,91.7699966430664,167579000
2009-06-29,68.66204071044922,92.6999969482422,92.81999969482422,91.5999984741211,92.11000061035156,168481300
2009-06-30,68.10647583007812,91.9499969482422,93.05999755859376,91.2699966430664,92.72000122070312,228888200
2009-07-01,68.38798522949219,92.33000183105467,93.2300033569336,92.20999908447266,92.33999633789062,173041100
2009-07-02,66.52140808105469,89.80999755859375,92.36000061035156,89.76000213623047,91.12999725341795,212309900
2009-07-06,66.51402282714844,89.80000305175781,89.93000030517578,88.66000366210938,88.94000244140625,174499600
2009-07-07,65.2251968383789,88.05999755859375,89.81999969482422,88.0,89.70999908447266,197088900
2009-07-08,65.18077087402344,88.0,88.80000305175781,87.0,88.58999633789062,248050500
2009-07-09,65.30668640136719,88.16999816894531,88.9000015258789,87.91000366210938,88.61000061035156,163777600
2009-07-10,65.1511459350586,87.95999908447266,88.48999786376953,87.3499984741211,87.69999694824219,173520300
2009-07-13,66.73619842529297,90.0999984741211,90.16999816894533,87.58999633789062,88.30999755859375,217413500
2009-07-14,67.1139907836914,90.61000061035156,90.69000244140624,89.7300033569336,90.37999725341795,181487400
2009-07-15,69.0768051147461,93.26000213623048,93.51000213623048,90.68000030517578,91.80999755859376,220877900
2009-07-16,68.96572875976562,93.11000061035156,94.51000213623048,92.81999969482422,93.0,231174500
2009-07-17,69.7212142944336,94.12999725341795,94.31999969482422,93.54000091552734,94.05999755859376,138561700
2009-07-20,70.46186828613281,95.12999725341795,95.29000091552734,94.19000244140624,94.68000030517578,164179400
2009-07-21,70.78778076171875,95.56999969482422,95.9000015258789,94.41999816894533,95.87000274658205,217718300
2009-07-22,70.77295684814453,95.5500030517578,96.12999725341795,94.88999938964844,94.95999908447266,196068100
2009-07-23,72.33586883544922,97.66000366210938,98.08000183105467,95.52999877929688,95.61000061035156,258795500
2009-07-24,72.63211059570312,98.05999755859376,98.13999938964844,96.69000244140624,97.1999969482422,154003100
2009-07-27,72.84691619873047,98.3499984741211,98.4000015258789,97.33999633789062,97.87999725341795,159259400
2009-07-28,72.50621795654297,97.88999938964844,98.37000274658205,97.05999755859376,97.66000366210938,186685200
2009-07-29,72.32844543457031,97.6500015258789,98.08999633789062,96.9800033569336,97.44000244140624,194399300
2009-07-30,73.08391571044922,98.66999816894533,99.83000183105467,98.5999984741211,98.83000183105467,225575400
2009-07-31,73.1876220703125,98.80999755859376,99.47000122070312,98.37999725341795,98.6500015258789,207358000
2009-08-03,74.39495849609375,100.44000244140624,100.52999877929688,99.30999755859376,99.8499984741211,175776900
2009-08-04,74.58755493164062,100.6999969482422,100.83999633789062,99.77999877929688,99.98999786376952,176714600
2009-08-05,74.37273406982422,100.41000366210938,100.86000061035156,99.58000183105467,100.7699966430664,184726400
2009-08-06,73.98758697509766,99.88999938964844,101.0199966430664,99.41999816894533,100.87000274658205,193203800
2009-08-07,74.95789337158203,101.1999969482422,102.02999877929688,100.38999938964844,100.94000244140624,220640900
2009-08-10,74.80233764648438,100.98999786376952,101.22000122070312,100.2699966430664,100.73999786376952,130898700
2009-08-11,73.86907196044922,99.7300033569336,100.61000061035156,99.45999908447266,100.54000091552734,157301000
2009-08-12,74.66160583496094,100.8000030517578,101.55999755859376,99.51000213623048,99.55999755859376,219052400
2009-08-13,75.23194122314453,101.56999969482422,101.61000061035156,100.26000213623048,101.26000213623048,176449500
2009-08-14,74.6541976928711,100.79000091552734,101.5999984741211,99.6999969482422,101.5199966430664,199616100
2009-08-17,72.81729125976562,98.30999755859376,98.9499969482422,98.11000061035156,98.8499984741211,237667500
2009-08-18,73.39505767822266,99.08999633789062,99.44000244140624,98.3499984741211,98.52999877929688,173461500
2009-08-19,74.03944396972656,99.95999908447266,100.3000030517578,98.20999908447266,98.30999755859376,192812800
2009-08-20,74.80233764648438,100.98999786376952,101.22000122070312,99.87000274658205,100.08999633789062,174131300
2009-08-21,76.26891326904297,102.97000122070312,103.12999725341795,101.62000274658205,101.81999969482422,224605000
2009-08-24,76.26152801513672,102.95999908447266,103.9499969482422,102.58999633789062,103.38999938964844,191279000
2009-08-25,76.4096450805664,103.16000366210938,104.26000213623048,102.94000244140624,103.37000274658205,215310600
2009-08-26,76.41705322265625,103.16999816894533,103.63999938964844,102.48999786376952,102.83999633789062,194620700
2009-08-27,76.58740997314453,103.4000015258789,103.72000122070312,101.94000244140624,103.11000061035156,196230100
2009-08-28,76.57259368896484,103.37999725341795,104.3499984741211,102.66999816894533,104.2300033569336,147024400
2009-08-31,75.8911361694336,102.45999908447266,102.58000183105467,101.79000091552734,102.37000274658205,176051600
2009-09-01,74.21723937988281,100.1999969482422,103.23999786376952,99.98999786376952,101.9499969482422,321276800
2009-09-02,73.93575286865234,99.81999969482422,100.44000244140624,99.56999969482422,99.77999877929688,171805000
2009-09-03,74.5505142211914,100.6500015258789,100.7699966430664,99.58999633789062,100.4000015258789,143572300
2009-09-04,75.59487915039062,102.05999755859376,102.08999633789062,100.5500030517578,100.8499984741211,142687900
2009-09-08,76.24669647216797,102.94000244140624,103.0500030517578,102.38999938964844,103.0,132909100
2009-09-09,76.83183288574219,103.7300033569336,104.08000183105467,102.8000030517578,103.12000274658205,154612500
2009-09-10,77.61697387695312,104.79000091552734,104.86000061035156,103.22000122070312,103.8000030517578,162902400
2009-09-11,77.60215759277344,104.7699966430664,105.3000030517578,104.27999877929688,104.98999786376952,152360100
2009-09-14,77.97991180419922,105.27999877929688,105.45999908447266,103.1500015258789,103.87999725341795,149593800
2009-09-15,78.3058090209961,105.72000122070312,106.11000061035156,104.76000213623048,105.4499969482422,196795900
2009-09-16,79.4909439086914,107.31999969482422,107.33999633789062,105.7300033569336,106.0999984741211,206406300
2009-09-17,79.3724365234375,107.16000366210938,108.05999755859376,106.56999969482422,107.16999816894533,229170900
2009-09-18,79.42302703857422,106.72000122070312,107.16000366210938,106.36000061035156,107.1500015258789,153799100
2009-09-21,79.22208404541016,106.4499969482422,107.0,105.66000366210938,105.88999938964844,151892000
2009-09-22,79.68350219726562,107.06999969482422,107.37000274658205,106.5999984741211,107.08000183105467,143126700
2009-09-23,79.0211410522461,106.18000030517578,108.02999877929688,105.98999786376952,107.31999969482422,225947400
2009-09-24,78.15042877197266,105.01000213623048,106.63999938964844,104.5500030517578,106.41000366210938,228636800
2009-09-25,77.73365020751953,104.4499969482422,105.36000061035156,104.08999633789062,104.77999877929688,204059000
2009-09-28,79.12532043457031,106.31999969482422,106.5500030517578,104.83000183105467,104.8499984741211,118285800
2009-09-29,78.88717651367188,106.0,107.0199966430664,105.77999877929688,106.51000213623048,133733900
2009-09-30,78.5820541381836,105.58999633789062,106.45999908447266,104.62000274658205,106.36000061035156,254383000
2009-10-01,76.6322021484375,102.97000122070312,105.7300033569336,102.9499969482422,103.0,281840600
2009-10-02,76.27497863769531,102.48999786376952,103.0999984741211,101.98999786376952,102.0199966430664,224748800
2009-10-05,77.41361236572266,104.0199966430664,104.31999969482422,102.5999984741211,102.9000015258789,149875000
2009-10-06,78.52253723144531,105.51000213623048,106.11000061035156,104.70999908447266,104.7699966430664,202491100
2009-10-07,78.73831176757812,105.8000030517578,105.91000366210938,105.06999969482422,105.2699966430664,159200300
2009-10-08,79.34115600585938,106.61000061035156,107.16999816894533,105.8499984741211,106.5500030517578,183305800
2009-10-09,79.82486724853516,107.26000213623048,107.26000213623048,106.36000061035156,106.63999938964844,135008300
2009-10-12,80.13746643066406,107.68000030517578,108.08999633789062,107.27999877929688,107.76000213623048,118031000
2009-10-13,79.97370910644531,107.45999908447266,107.70999908447266,106.76000213623048,107.38999938964844,157692700
2009-10-14,81.35054016113281,109.30999755859376,109.41999816894533,107.41999816894533,108.72000122070312,191421600
2009-10-15,81.64822387695312,109.70999908447266,109.70999908447266,108.7300033569336,108.77999877929688,173873600
2009-10-16,81.03797912597656,108.88999938964844,109.2699966430664,108.2300033569336,108.8000030517578,192069400
2009-10-19,81.707763671875,109.79000091552734,110.12999725341795,108.7300033569336,109.06999969482422,159530400
2009-10-20,81.27613067626953,109.20999908447266,109.98999786376952,108.68000030517578,109.9499969482422,180921100
2009-10-21,80.54681396484375,108.2300033569336,110.30999755859376,108.1500015258789,109.04000091552734,225379300
2009-10-22,81.36542510986328,109.33000183105467,109.68000030517578,107.5,108.19000244140624,238444000
2009-10-23,80.43516540527344,108.08000183105467,109.76000213623048,107.62999725341795,109.69000244140624,240033200
2009-10-26,79.56440734863281,106.91000366210938,109.30999755859376,106.61000061035156,108.1999969482422,242028200
2009-10-27,79.19974517822266,106.41999816894533,107.38999938964844,106.16000366210938,107.02999877929688,253266300
2009-10-28,77.70391082763672,104.41000366210938,106.4800033569336,104.3499984741211,106.1500015258789,248821400
2009-10-29,79.37091064453125,106.6500015258789,106.86000061035156,104.94000244140624,105.19000244140624,198110600
2009-10-30,77.07129669189453,103.55999755859376,106.62000274658205,103.44000244140624,106.3000030517578,325608100
2009-11-02,77.63687896728516,104.31999969482422,105.41000366210938,103.08000183105467,104.12999725341795,254222900
2009-11-03,77.8824462890625,104.6500015258789,104.8000030517578,103.54000091552734,103.73999786376952,228362600
2009-11-04,78.0833969116211,104.91999816894533,106.33000183105467,104.6500015258789,105.51000213623048,247996700
2009-11-05,79.51978302001953,106.8499984741211,106.87999725341795,105.44000244140624,105.66000366210938,180015300
2009-11-06,79.7281265258789,107.12999725341795,107.4000015258789,106.0500030517578,106.26000213623048,170954100
2009-11-09,81.54402160644531,109.56999969482422,109.62999725341795,107.87000274658205,107.9499969482422,159495700
2009-11-10,81.55891418457031,109.58999633789062,109.93000030517578,108.97000122070312,109.30999755859376,171899800
2009-11-11,81.9757080078125,110.1500015258789,110.81999969482422,109.62000274658205,110.30999755859376,169466200
2009-11-12,81.14215850830078,109.02999877929688,110.56999969482422,108.75,110.0,157144500
2009-11-13,81.58126831054688,109.62000274658205,110.08999633789062,108.75,109.30999755859376,150963000
2009-11-16,82.7645492553711,111.20999908447266,111.69000244140624,110.31999969482422,110.37999725341795,210922200
2009-11-17,82.8613052368164,111.33999633789062,111.38999938964844,110.5,110.91999816894533,147134100
2009-11-18,82.8092041015625,111.2699966430664,111.43000030517578,110.56999969482422,111.26000213623048,156486800
2009-11-19,81.7300796508789,109.81999969482422,111.30999755859376,109.12999725341795,110.51000213623048,208734600
2009-11-20,81.43983459472656,109.43000030517578,109.76000213623048,109.01000213623048,109.25,134196000
2009-11-23,82.47432708740234,110.81999969482422,111.73999786376952,110.5999984741211,110.72000122070312,148010200
2009-11-24,82.600830078125,110.98999786376952,111.1999969482422,110.01000213623048,111.0,138420100
2009-11-25,82.89110565185547,111.37999725341795,111.5,110.81999969482422,111.16999816894533,109564800
2009-11-27,81.54402160644531,109.56999969482422,110.31999969482422,108.29000091552734,108.4000015258789,126001800
2009-11-30,81.8194351196289,109.94000244140624,110.1999969482422,108.12000274658205,109.4800033569336,160874800
2009-12-01,82.83155822753906,111.3000030517578,111.66000366210938,110.7300033569336,110.91999816894533,159613700
2009-12-02,82.7943115234375,111.25,112.01000213623048,110.91999816894533,111.27999877929688,132315100
2009-12-03,82.14683532714844,110.37999725341795,112.18000030517578,110.29000091552734,111.5500030517578,167324900
2009-12-04,82.61572265625,111.01000213623048,112.37999725341795,110.04000091552734,111.83999633789062,274907800
2009-12-07,82.48918914794922,110.83999633789062,111.52999877929688,110.48999786376952,110.91000366210938,127973800
2009-12-08,81.57380676269531,109.61000061035156,110.7699966430664,109.2699966430664,110.04000091552734,169863700
2009-12-09,81.87894439697266,110.0199966430664,110.18000030517578,109.0199966430664,109.58000183105467,155063400
2009-12-10,82.34034729003906,110.63999938964844,111.12000274658205,110.4499969482422,110.6999969482422,138014600
2009-12-11,82.69014739990234,111.11000061035156,111.36000061035156,110.61000061035156,111.11000061035156,124854000
2009-12-14,83.2557373046875,111.87000274658205,112.0,111.12999725341795,111.87000274658205,107141500
2009-12-15,82.86876678466797,111.3499984741211,111.91999816894533,111.0,111.45999908447266,120408800
2009-12-16,82.9952621459961,111.5199966430664,112.12999725341795,111.2699966430664,111.8000030517578,155358200
2009-12-17,81.9980239868164,110.18000030517578,110.93000030517578,110.08000183105467,110.72000122070312,183390100
2009-12-18,82.46194458007812,110.20999908447266,110.3000030517578,109.27999877929688,110.1999969482422,174591200
2009-12-21,83.2999267578125,111.33000183105467,111.6999969482422,110.76000213623048,110.76000213623048,118039600
2009-12-22,83.59920501708984,111.7300033569336,111.97000122070312,111.43000030517578,111.56999969482422,91707500
2009-12-23,83.76383209228516,111.9499969482422,112.11000061035156,111.5,112.0,111783100
2009-12-24,84.16041564941406,112.4800033569336,112.5999984741211,112.0,112.19000244140624,39677500
2009-12-28,84.3399429321289,112.72000122070312,112.98999786376952,112.31999969482422,112.9000015258789,87508500
2009-12-29,84.22026824951172,112.55999755859376,113.02999877929688,112.5500030517578,113.01000213623048,80572500
2009-12-30,84.1903305053711,112.5199966430664,112.6500015258789,112.16999816894533,112.2300033569336,73138400
2009-12-31,83.38224029541016,111.44000244140624,112.8000030517578,111.38999938964844,112.7699966430664,90637900
2010-01-04,84.79639434814453,113.33000183105467,113.38999938964844,111.51000213623048,112.37000274658205,118944600
2010-01-05,85.02082061767578,113.62999725341795,113.68000030517578,112.8499984741211,113.26000213623048,111579900
2010-01-06,85.08070373535156,113.70999908447266,113.98999786376952,113.43000030517578,113.5199966430664,116074400
2010-01-07,85.43984985351562,114.19000244140624,114.33000183105467,113.18000030517578,113.5,131091100
2010-01-08,85.72416687011719,114.56999969482422,114.62000274658205,113.66000366210938,113.88999938964844,126402800
2010-01-11,85.84387969970703,114.7300033569336,115.12999725341795,114.23999786376952,115.08000183105467,106375700
2010-01-12,85.04325866699219,113.66000366210938,114.20999908447266,113.22000122070312,113.97000122070312,163333500
2010-01-13,85.76158142089844,114.62000274658205,114.94000244140624,113.37000274658205,113.9499969482422,161822000
2010-01-14,85.99353790283203,114.93000030517578,115.13999938964844,114.41999816894533,114.48999786376952,115718800
2010-01-15,85.0283203125,113.63999938964844,114.83999633789062,113.1999969482422,114.7300033569336,212283100
2010-01-19,86.09080505371094,115.05999755859376,115.12999725341795,113.58999633789062,113.62000274658205,139172700
2010-01-20,85.2153549194336,113.88999938964844,114.4499969482422,112.9800033569336,114.27999877929688,216490200
2010-01-21,83.57676696777344,111.6999969482422,114.2699966430664,111.55999755859376,113.91999816894533,344859600
2010-01-22,81.71369171142578,109.20999908447266,111.73999786376952,109.08999633789062,111.1999969482422,345942400
2010-01-25,82.1326904296875,109.7699966430664,110.41000366210938,109.41000366210938,110.20999908447266,186937500
2010-01-26,81.78851318359375,109.30999755859376,110.47000122070312,109.04000091552734,109.33999633789062,211168800
2010-01-27,82.17758178710938,109.83000183105467,110.08000183105467,108.33000183105467,109.16999816894533,271863600
2010-01-28,81.23482513427734,108.56999969482422,110.25,107.91000366210938,110.19000244140624,316104000
2010-01-29,80.3519058227539,107.38999938964844,109.8000030517578,107.22000122070312,109.04000091552734,310677600
2010-02-01,81.6014633178711,109.05999755859376,109.06999969482422,107.5,108.1500015258789,187865000
2010-02-02,82.58910369873047,110.37999725341795,110.58999633789062,108.87999725341795,109.26000213623048,216327900
2010-02-03,82.17758178710938,109.83000183105467,110.4800033569336,109.51000213623048,109.87999725341795,172730700
2010-02-04,79.64112091064453,106.44000244140624,109.02999877929688,106.41999816894533,108.9800033569336,356715700
2010-02-05,79.80570220947266,106.66000366210938,106.87999725341795,104.58000183105467,106.55999755859376,493585800
2010-02-08,79.22956848144531,105.88999938964844,107.33000183105467,105.80999755859376,106.73999786376952,224166900
2010-02-09,80.22472381591797,107.22000122070312,108.1500015258789,106.2699966430664,107.12999725341795,337820500
2010-02-10,80.06758117675781,107.01000213623048,107.5999984741211,106.11000061035156,107.0500030517578,240511500
2010-02-11,80.90560913085938,108.12999725341795,108.25,106.25,106.87000274658205,223591600
2010-02-12,80.83824920654297,108.04000091552734,108.0999984741211,106.51000213623048,106.98999786376952,304622100
2010-02-16,82.11026000976562,109.73999786376952,109.8499984741211,107.81999969482422,108.86000061035156,159317500
2010-02-17,82.49935150146484,110.26000213623048,110.41000366210938,109.73999786376952,110.2699966430664,168845100
2010-02-18,82.98567199707031,110.91000366210938,111.13999938964844,110.04000091552734,110.08000183105467,193708600
2010-02-19,83.15778350830078,111.13999938964844,111.56999969482422,110.36000061035156,110.62000274658205,222684900
2010-02-22,83.17273712158203,111.16000366210938,111.58000183105467,110.83000183105467,111.5500030517578,132346900
2010-02-23,82.1626205444336,109.80999755859376,111.1999969482422,109.5199966430664,110.86000061035156,207497000
2010-02-24,82.91830444335938,110.81999969482422,111.0,109.86000061035156,110.13999938964844,176350700
2010-02-25,82.80612182617188,110.66999816894533,110.75,108.94000244140624,109.23999786376952,259634700
2010-02-26,82.85845184326172,110.73999786376952,111.12000274658205,110.11000061035156,110.7699966430664,173589300
2010-03-01,83.71890258789062,111.88999938964844,112.0,111.16999816894533,111.1999969482422,147709700
2010-03-02,83.95087432861328,112.1999969482422,112.73999786376952,112.0,112.37000274658205,160992400
2010-03-03,84.02571105957031,112.3000030517578,112.97000122070312,112.0199966430664,112.48999786376952,150785000
2010-03-04,84.28009033203125,112.63999938964844,112.8000030517578,112.02999877929688,112.4499969482422,135770400
2010-03-05,85.4847412109375,114.25,114.33999633789062,113.0999984741211,113.37000274658205,176118800
2010-03-08,85.49970245361328,114.2699966430664,114.5199966430664,114.06999969482422,114.26000213623048,114631200
2010-03-09,85.64186096191406,114.45999908447266,114.98999786376952,113.87000274658205,113.93000030517578,154556700
2010-03-10,86.02345275878906,114.97000122070312,115.27999877929688,114.41000366210938,114.51000213623048,186088800
2010-03-11,86.38259887695312,115.4499969482422,115.4800033569336,114.3499984741211,114.6999969482422,160791100
2010-03-12,86.39009094238281,115.45999908447266,115.97000122070312,115.13999938964844,115.9499969482422,162074800
2010-03-15,86.41254425048828,115.48999786376952,115.56999969482422,114.5999984741211,115.26000213623048,146816800
2010-03-16,87.10089874267578,116.41000366210938,116.5199966430664,115.48999786376952,115.80999755859376,168673000
2010-03-17,87.61720275878906,117.0999984741211,117.4800033569336,116.41999816894533,116.76000213623048,177468100
2010-03-18,87.5722885131836,117.04000091552734,117.2699966430664,116.56999969482422,117.11000061035156,196509100
2010-03-19,87.12903594970703,115.97000122070312,117.29000091552734,115.5199966430664,115.97000122070312,226641100
2010-03-22,87.59483337402344,116.58999633789062,116.8000030517578,115.23999786376952,115.30999755859376,184477800
2010-03-23,88.21086120605469,117.41000366210938,117.51000213623048,116.37999725341795,116.76000213623048,182941600
2010-03-24,87.78266906738281,116.83999633789062,117.43000030517578,115.58000183105467,116.97000122070312,196072600
2010-03-25,87.63990020751953,116.6500015258789,118.16999816894533,116.51000213623048,117.62999725341795,223396300
2010-03-26,87.58731842041016,116.58000183105467,117.41999816894533,116.12000274658205,116.87000274658205,205808500
2010-03-29,88.1432876586914,117.31999969482422,117.52999877929688,116.69000244140624,117.16999816894533,134513500
2010-03-30,88.203369140625,117.4000015258789,117.83000183105467,116.91000366210938,117.45999908447266,145772500
2010-03-31,87.90287017822266,117.0,117.5199966430664,116.61000061035156,116.9499969482422,161078700
2010-04-01,88.5039291381836,117.8000030517578,118.25,117.0999984741211,117.8000030517578,161215200
2010-04-05,89.22517395019531,118.76000213623048,118.83999633789062,117.91999816894533,118.25,105847600
2010-04-06,89.4355239868164,119.04000091552734,119.25,118.29000091552734,118.41999816894533,110384200
2010-04-07,88.92463684082031,118.36000061035156,119.36000061035156,117.80999755859376,118.8000030517578,184576300
2010-04-08,89.232666015625,118.7699966430664,118.97000122070312,117.5999984741211,117.9499969482422,158704000
2010-04-09,89.8187026977539,119.5500030517578,119.5999984741211,118.8000030517578,119.0199966430664,133006500
2010-04-12,89.96144104003906,119.73999786376952,120.0500030517578,119.55999755859376,119.6999969482422,110279000
2010-04-13,90.029052734375,119.83000183105467,120.04000091552734,119.0,119.62000274658205,125043600
2010-04-14,91.05081176757812,121.19000244140624,121.19000244140624,120.08000183105467,120.2699966430664,161609000
2010-04-15,91.12598419189452,121.29000091552734,121.56999969482422,120.9499969482422,120.98999786376952,144615300
2010-04-16,89.67597961425781,119.36000061035156,121.29000091552734,118.75,120.86000061035156,366786700
2010-04-19,90.0140380859375,119.80999755859376,119.93000030517578,118.47000122070312,119.01000213623048,217947800
2010-04-20,90.81794738769533,120.87999725341795,120.9800033569336,119.87000274658205,120.55999755859376,157708000
2010-04-21,90.65261840820312,120.66000366210938,121.2300033569336,119.98999786376952,120.9499969482422,192910100
2010-04-22,90.923095703125,121.0199966430664,121.16999816894533,119.12000274658205,119.80999755859376,115360300
2010-04-23,91.5166473388672,121.80999755859376,121.86000061035156,120.62999725341795,120.94000244140624,177335500
2010-04-26,91.17103576660156,121.3499984741211,122.12000274658205,121.2300033569336,121.8499984741211,143457300
2010-04-27,89.01480102539062,118.4800033569336,121.33999633789062,118.25,120.6500015258789,355853300
2010-04-28,89.69096374511719,119.37999725341795,119.68000030517578,118.2699966430664,119.0500030517578,300674100
2010-04-29,90.80289459228516,120.86000061035156,121.11000061035156,120.06999969482422,120.0999984741211,193775000
2010-04-30,89.26274108886719,118.80999755859376,121.01000213623048,118.77999877929688,120.87999725341795,270000900
2010-05-03,90.4197769165039,120.3499984741211,120.68000030517578,119.1999969482422,119.37999725341795,182747900
2010-05-04,88.29356384277344,117.5199966430664,119.02999877929688,116.91999816894533,119.01000213623048,360353400
2010-05-05,87.76760864257812,116.81999969482422,117.8000030517578,115.97000122070312,116.55999755859376,328973200
2010-05-06,84.85255432128906,112.94000244140624,117.0,105.0,116.26000213623048,647356600
2010-05-07,83.5903549194336,111.26000213623048,113.7699966430664,109.41000366210938,112.63999938964844,637558800
2010-05-10,87.27178955078125,116.16000366210938,116.6500015258789,114.91000366210938,115.80999755859376,396159600
2010-05-11,87.02384948730469,115.83000183105467,117.36000061035156,114.91000366210938,115.06999969482422,317849800
2010-05-12,88.24093627929688,117.4499969482422,117.62000274658205,116.08999633789062,116.29000091552734,235607100
2010-05-13,87.14402770996094,115.98999786376952,117.68000030517578,115.88999938964844,117.12999725341795,234452500
2010-05-14,85.56632232666016,113.88999938964844,115.33000183105467,112.87000274658205,115.12000274658205,345601400
2010-05-17,85.61135864257812,113.9499969482422,114.5199966430664,111.7699966430664,114.1999969482422,325739800
2010-05-18,84.44684600830078,112.4000015258789,115.22000122070312,112.02999877929688,114.87999725341795,360556800
2010-05-19,83.96602630615234,111.76000213623048,112.7699966430664,110.36000061035156,111.7699966430664,394742700
2010-05-20,80.7955093383789,107.54000091552734,109.88999938964844,107.47000122070312,109.37999725341795,530418300
2010-05-21,81.97502899169922,109.11000061035156,109.37999725341795,105.36000061035156,105.91000366210938,500909400
2010-05-24,80.92323303222656,107.70999908447266,109.38999938964844,107.61000061035156,108.5199966430664,269823000
2010-05-25,81.005859375,107.81999969482422,107.87000274658205,104.37999725341795,105.11000061035156,396505200
2010-05-26,80.51749420166016,107.16999816894533,109.47000122070312,106.8499984741211,108.4800033569336,349719300
2010-05-27,83.21473693847656,110.76000213623048,110.8000030517578,108.77999877929688,109.19000244140624,300870500
2010-05-28,82.17040252685547,109.37000274658205,110.72000122070312,108.8499984741211,110.63999938964844,297933500
2010-06-01,80.78797912597656,107.52999877929688,109.9499969482422,107.37000274658205,108.3499984741211,277909400
2010-06-02,82.89158630371094,110.33000183105467,110.33999633789062,107.51000213623048,108.08000183105467,240243700
2010-06-03,83.17711639404297,110.70999908447266,111.05999755859376,109.58000183105467,110.6500015258789,226618300
2010-06-04,80.25456237792969,106.81999969482422,109.33000183105467,106.45999908447266,108.61000061035156,398475600
2010-06-07,79.25531768798828,105.48999786376952,107.61000061035156,105.41000366210938,107.1999969482422,264609100
2010-06-08,80.10430908203125,106.62000274658205,106.83000183105467,104.6500015258789,105.56999969482422,357774300
2010-06-09,79.67608642578125,106.0500030517578,108.27999877929688,105.5999984741211,107.23999786376952,268023300
2010-06-10,82.00513458251953,109.1500015258789,109.27999877929688,106.04000091552734,107.86000061035156,317890600
2010-06-11,82.4032974243164,109.68000030517578,109.75,108.12000274658205,108.19000244140624,214128200
2010-06-14,82.27555847167969,109.51000213623048,111.12000274658205,109.4000015258789,110.5199966430664,207196100
2010-06-15,84.14631652832031,112.0,112.0999984741211,110.08999633789062,110.27999877929688,238268700
2010-06-16,84.11624145507812,111.95999908447266,112.41999816894533,111.1999969482422,111.41999816894533,216374000
2010-06-17,84.25151824951172,112.13999938964844,112.33000183105467,111.0500030517578,112.27999877929688,263185800
2010-06-18,84.34288024902344,111.7300033569336,112.12999725341795,111.37000274658205,111.83000183105467,174006600
2010-06-21,84.10128784179688,111.41000366210938,113.1999969482422,110.79000091552734,113.12000274658205,213140700
2010-06-22,82.7123031616211,109.56999969482422,111.9000015258789,109.41000366210938,111.41000366210938,239355400
2010-06-23,82.45565795898438,109.2300033569336,110.02999877929688,108.4800033569336,109.63999938964844,254639900
2010-06-24,81.08934783935547,107.41999816894533,108.83000183105467,107.13999938964844,108.69000244140624,268523600
2010-06-25,81.42902374267578,107.87000274658205,108.41999816894533,106.7699966430664,107.73999786376952,238726500
2010-06-28,81.17233276367188,107.52999877929688,108.31999969482422,107.13999938964844,108.02999877929688,169218600
2010-06-29,78.6661376953125,104.20999908447266,107.51000213623048,103.5500030517578,106.0199966430664,373649500
2010-06-30,77.91883087158203,103.22000122070312,104.87999725341795,102.87999725341795,103.91999816894533,284101700
2010-07-01,77.57156372070312,102.76000213623048,103.48999786376952,101.12999725341795,103.1500015258789,382924800
2010-07-02,77.1488265991211,102.1999969482422,103.41999816894533,101.62000274658205,103.11000061035156,233385200
2010-07-06,77.65461730957031,102.87000274658205,104.37000274658205,101.87999725341795,103.63999938964844,256935300
2010-07-07,80.10042572021484,106.11000061035156,106.23999786376952,103.0199966430664,103.12999725341795,253769400
2010-07-08,80.89307403564453,107.16000366210938,107.27999877929688,105.91000366210938,107.0,210842100
2010-07-09,81.49695587158203,107.95999908447266,107.97000122070312,106.93000030517578,107.12999725341795,144999900
2010-07-12,81.54979705810547,108.02999877929688,108.23999786376952,107.1500015258789,107.5999984741211,131283600
2010-07-13,82.78028106689453,109.66000366210938,110.08999633789062,108.93000030517578,109.1500015258789,213025900
2010-07-14,82.77272033691406,109.6500015258789,110.08000183105467,108.86000061035156,109.30999755859376,184426800
2010-07-15,82.79535675048828,109.68000030517578,110.05999755859376,108.16999816894533,109.61000061035156,232337900
2010-07-16,80.515625,106.66000366210938,109.20999908447266,106.4499969482422,109.08999633789062,282693400
2010-07-19,80.99119567871094,107.29000091552734,107.62999725341795,106.22000122070312,107.0500030517578,186709000
2010-07-20,81.88948822021484,108.4800033569336,108.55999755859376,105.81999969482422,105.87000274658205,258162400
2010-07-21,80.8250961303711,107.06999969482422,109.06999969482422,106.62999725341795,109.04000091552734,264527000
2010-07-22,82.62926483154297,109.45999908447266,109.94000244140624,108.33000183105467,108.33999633789062,274781300
2010-07-23,83.34642028808594,110.41000366210938,110.56999969482422,108.93000030517578,109.23999786376952,222020800
2010-07-26,84.21451568603516,111.55999755859376,111.66999816894533,110.29000091552734,110.5999984741211,184445700
2010-07-27,84.20698547363281,111.5500030517578,112.29000091552734,111.11000061035156,112.16999816894533,204855600
2010-07-28,83.66344451904297,110.83000183105467,111.66000366210938,110.45999908447266,111.31999969482422,163056200
2010-07-29,83.25582885742188,110.29000091552734,111.81999969482422,109.41000366210938,111.5199966430664,220149100
2010-07-30,83.24073028564453,110.2699966430664,110.86000061035156,108.9800033569336,109.16999816894533,220070600
2010-08-02,85.12042999267578,112.76000213623048,112.94000244140624,111.54000091552734,111.98999786376952,188263200
2010-08-03,84.71275329589844,112.22000122070312,112.7699966430664,111.8499984741211,112.4800033569336,146657300
2010-08-04,85.2789306640625,112.97000122070312,113.11000061035156,112.16000366210938,112.52999877929688,158171700
2010-08-05,85.18830108642578,112.8499984741211,112.91000366210938,112.08000183105467,112.25,140473800
2010-08-06,84.84111785888672,112.38999938964844,112.56999969482422,110.91999816894533,111.73999786376952,239728300
2010-08-09,85.29402160644531,112.98999786376952,113.18000030517578,112.31999969482422,112.91999816894533,120800400
2010-08-10,84.83351135253906,112.37999725341795,112.9800033569336,111.37000274658205,112.02999877929688,242916300
2010-08-11,82.50850677490234,109.3000030517578,110.69000244140624,109.12000274658205,110.6500015258789,273406900
2010-08-12,82.00273132324219,108.62999725341795,109.0199966430664,107.5999984741211,107.6500015258789,239542600
2010-08-13,81.76118469238281,108.30999755859376,108.95999908447266,108.18000030517578,108.29000091552734,158698500
2010-08-16,81.72343444824219,108.26000213623048,108.61000061035156,107.18000030517578,107.56999969482422,147895300
2010-08-17,82.7273941040039,109.58999633789062,110.38999938964844,108.87999725341795,109.19000244140624,172270300
2010-08-18,82.87840270996094,109.79000091552734,110.37999725341795,108.91000366210938,109.54000091552734,182922100
2010-08-19,81.43653869628906,107.87999725341795,109.48999786376952,107.43000030517578,109.22000122070312,265847600
2010-08-20,81.17233276367188,107.52999877929688,107.94000244140624,106.75,107.55999755859376,209714200
2010-08-23,80.86286163330078,107.12000274658205,108.56999969482422,107.06999969482422,108.04000091552734,163490300
2010-08-24,79.66261291503906,105.52999877929688,106.38999938964844,104.97000122070312,105.9499969482422,280677800
2010-08-25,79.97209167480469,105.94000244140624,106.33999633789062,104.29000091552734,104.9499969482422,272234800
2010-08-26,79.4361343383789,105.2300033569336,106.58000183105467,104.87999725341795,106.44000244140624,224439500
2010-08-27,80.66659545898438,106.86000061035156,106.97000122070312,104.30999755859376,105.88999938964844,272649000
2010-08-30,79.49652862548828,105.30999755859376,106.91000366210938,105.3000030517578,106.58000183105467,167238600
2010-08-31,79.49652862548828,105.30999755859376,105.9800033569336,104.48999786376952,104.91999816894533,273933100
2010-09-01,81.87439727783203,108.45999908447266,108.61000061035156,106.66000366210938,106.7300033569336,256828100
2010-09-02,82.6368408203125,109.47000122070312,109.48999786376952,108.48999786376952,108.72000122070312,156112200
2010-09-03,83.70873260498047,110.88999938964844,110.98999786376952,109.9499969482422,110.54000091552734,212197300
2010-09-07,82.76515197753906,109.63999938964844,110.51000213623048,109.5500030517578,110.37000274658205,141973700
2010-09-08,83.34642028808594,110.41000366210938,110.8499984741211,109.80999755859376,109.86000061035156,149924400
2010-09-09,83.73141479492188,110.91999816894533,111.68000030517578,110.62000274658205,111.6500015258789,147017900
2010-09-10,84.1541519165039,111.4800033569336,111.61000061035156,110.87000274658205,111.12000274658205,127819000
2010-09-13,85.0901870727539,112.72000122070312,112.9499969482422,112.12999725341795,112.58000183105467,178503500
2010-09-14,85.03739166259766,112.6500015258789,113.29000091552734,112.08000183105467,112.5,209823600
2010-09-15,85.3619384765625,113.08000183105467,113.20999908447266,111.9800033569336,112.31999969482422,168608400
2010-09-16,85.33930206298828,113.0500030517578,113.12000274658205,112.3499984741211,112.7300033569336,199962900
2010-09-17,85.37120056152344,112.48999786376952,113.1500015258789,112.18000030517578,113.04000091552734,195836900
2010-09-20,86.676513671875,114.20999908447266,114.45999908447266,112.5199966430664,112.87999725341795,214555200
2010-09-21,86.50193786621094,113.9800033569336,114.83999633789062,113.51000213623048,114.3000030517578,268389100
2010-09-22,86.0770034790039,113.41999816894533,114.44000244140624,113.0999984741211,113.8000030517578,191322400
2010-09-23,85.37876892089844,112.5,113.66999816894533,112.18000030517578,112.48999786376952,202354300
2010-09-24,87.13945770263672,114.81999969482422,114.9000015258789,113.6500015258789,113.75,209671800
2010-09-27,86.72207641601562,114.2699966430664,114.98999786376952,114.16000366210938,114.86000061035156,128761800
2010-09-28,87.0256576538086,114.66999816894533,115.04000091552734,113.18000030517578,114.41999816894533,209207500
2010-09-29,86.87382507324219,114.47000122070312,114.91000366210938,114.0199966430664,114.37999725341795,179665800
2010-09-30,86.61581420898438,114.12999725341795,115.79000091552734,113.58999633789062,115.0500030517578,287106700
2010-10-01,86.98009490966797,114.61000061035156,115.12000274658205,113.93000030517578,114.98999786376952,174638700
2010-10-04,86.32743835449219,113.75,114.8499984741211,113.18000030517578,114.37000274658205,166153200
2010-10-05,88.06536102294922,116.04000091552734,116.31999969482422,114.66999816894533,114.8000030517578,229634100
2010-10-06,88.05774688720703,116.02999877929688,116.33000183105467,115.55999755859376,116.0199966430664,148626600
2010-10-07,87.95149230957031,115.88999938964844,116.52999877929688,115.19000244140624,116.5,164860000
2010-10-08,88.44481658935547,116.54000091552734,116.86000061035156,115.61000061035156,116.0500030517578,177760100
2010-10-11,88.52828979492188,116.6500015258789,116.97000122070312,116.25,116.72000122070312,103098300
2010-10-12,88.80149841308594,117.01000213623048,117.3499984741211,115.6500015258789,116.2699966430664,182210000
2010-10-13,89.49213409423828,117.91999816894533,118.5500030517578,117.37999725341795,117.66000366210938,194347200
2010-10-14,89.14301300048828,117.45999908447266,118.01000213623048,116.72000122070312,117.80999755859376,217764300
2010-10-15,89.32515716552734,117.6999969482422,118.3499984741211,116.76000213623048,118.27999877929688,243705000
2010-10-18,89.76533508300781,118.27999877929688,118.66999816894533,117.30999755859376,117.73999786376952,141204800
2010-10-19,88.58900451660156,116.7300033569336,117.8499984741211,116.0199966430664,117.19000244140624,280604700
2010-10-20,89.4542236328125,117.87000274658205,118.44000244140624,116.87000274658205,116.94000244140624,200051800
2010-10-21,89.65149688720703,118.12999725341795,119.08999633789062,117.20999908447266,118.4000015258789,221585500
2010-10-22,89.8184585571289,118.3499984741211,118.52999877929688,118.0,118.30999755859376,108212400
2010-10-25,90.0840835571289,118.6999969482422,119.76000213623048,118.61000061035156,119.13999938964844,151145700
2010-10-26,90.0992660522461,118.72000122070312,118.83999633789062,117.87000274658205,118.0999984741211,158982900
2010-10-27,89.84123229980469,118.37999725341795,118.51000213623048,117.26000213623048,117.88999938964844,190024000
2010-10-28,89.85639190673828,118.4000015258789,119.11000061035156,117.83000183105467,119.05999755859376,168576000
2010-10-29,89.92471313476562,118.48999786376952,118.72000122070312,118.06999969482422,118.27999877929688,144305500
2010-11-01,89.95507049560547,118.52999877929688,119.75,117.8499984741211,119.06999969482422,174074800
2010-11-02,90.6685028076172,119.47000122070312,119.75,119.0999984741211,119.41999816894533,158345900
2010-11-03,91.0327377319336,119.9499969482422,120.0199966430664,118.4499969482422,119.68000030517578,226702800
2010-11-04,92.78583526611328,122.26000213623048,122.31999969482422,119.97000122070312,121.27999877929688,215039400
2010-11-05,93.13495635986328,122.72000122070312,122.91999816894533,122.18000030517578,122.33999633789062,180654100
2010-11-08,92.96038818359376,122.48999786376952,122.69000244140624,121.94000244140624,122.33999633789062,156107100
2010-11-09,92.29254913330078,121.61000061035156,122.9499969482422,121.12000274658205,122.81999969482422,186621600
2010-11-10,92.66442108154295,122.0999984741211,122.16000366210938,120.66000366210938,121.58000183105467,221387400
2010-11-11,92.3153076171875,121.63999938964844,121.81999969482422,120.68000030517578,121.0500030517578,158017600
2010-11-12,91.22246551513672,120.1999969482422,121.3499984741211,119.6500015258789,120.81999969482422,239068800
2010-11-15,91.09342956542967,120.02999877929688,121.0500030517578,119.9800033569336,120.58000183105467,163940800
2010-11-16,89.67426300048828,118.16000366210938,119.48999786376952,117.58999633789062,119.29000091552734,299566200
2010-11-17,89.71980285644531,118.22000122070312,118.70999908447266,117.86000061035156,118.20999908447266,172308900
2010-11-18,91.04033660888672,119.95999908447266,120.38999938964844,119.3499984741211,119.36000061035156,197723700
2010-11-19,91.29077911376952,120.29000091552734,120.33999633789062,119.25,119.9000015258789,156852900
2010-11-22,91.21488189697266,120.19000244140624,120.23999786376952,118.7699966430664,119.69000244140624,181361000
2010-11-23,89.89436340332031,118.4499969482422,119.0199966430664,117.98999786376952,118.7699966430664,222309000
2010-11-24,91.22246551513672,120.1999969482422,120.2300033569336,119.18000030517578,119.1999969482422,140046100
2010-11-26,90.15998077392578,118.8000030517578,119.80999755859376,118.8000030517578,119.16000366210938,76007800
2010-11-29,90.4332046508789,119.16000366210938,119.4800033569336,117.73999786376952,118.5,223642300
2010-11-30,89.92471313476562,118.48999786376952,119.16999816894533,117.80999755859376,117.9800033569336,233930700
2010-12-01,91.8372039794922,121.01000213623048,121.23999786376952,120.19000244140624,120.1999969482422,221037200
2010-12-02,93.01351928710938,122.55999755859376,122.6500015258789,121.12999725341795,121.1999969482422,191213600
2010-12-03,93.26395416259766,122.88999938964844,123.02999877929688,122.11000061035156,122.13999938964844,151288900
2010-12-06,93.16529083251952,122.76000213623048,123.04000091552734,122.5,122.62999725341795,103050500
2010-12-07,93.21841430664062,122.83000183105467,124.01000213623048,122.76000213623048,123.94000244140624,206581000
2010-12-08,93.55994415283205,123.27999877929688,123.37999725341795,122.41000366210938,122.9800033569336,138019200
2010-12-09,93.92424774169922,123.76000213623048,124.0199966430664,123.1500015258789,123.97000122070312,123705100
2010-12-10,94.47066497802734,124.4800033569336,124.5999984741211,123.7300033569336,124.13999938964844,117571700
2010-12-13,94.53135681152344,124.55999755859376,125.1999969482422,124.5199966430664,125.0500030517578,133812700
2010-12-14,94.61485290527344,124.66999816894533,125.2300033569336,124.29000091552734,124.75,147249600
2010-12-15,94.18226623535156,124.0999984741211,124.93000030517578,123.88999938964844,124.44000244140624,160823100
2010-12-16,94.7287139892578,124.81999969482422,124.91000366210938,123.75,124.18000030517578,185035200
2010-12-17,94.83015441894533,124.3000030517578,124.45999908447266,123.81999969482422,124.08000183105467,141075300
2010-12-20,95.05902099609376,124.5999984741211,124.9000015258789,123.9800033569336,124.63999938964844,119085500
2010-12-21,95.66168975830078,125.38999938964844,125.47000122070312,124.87000274658205,124.98999786376952,94965500
2010-12-22,95.95925903320312,125.77999877929688,125.81999969482422,125.41000366210938,125.4800033569336,78878100
2010-12-23,95.82195281982422,125.5999984741211,125.77999877929688,125.29000091552734,125.63999938964844,70053700
2010-12-27,95.86013793945312,125.6500015258789,125.7699966430664,125.04000091552734,125.12999725341795,58126000
2010-12-28,95.99740600585938,125.83000183105467,125.9499969482422,125.5,125.9000015258789,55309100
2010-12-29,96.06607818603516,125.91999816894533,126.1999969482422,125.9000015258789,125.9800033569336,58033100
2010-12-30,95.91349029541016,125.72000122070312,126.12999725341795,125.52999877929688,125.8000030517578,76616900
2010-12-31,95.93640899658205,125.75,125.87000274658205,125.33000183105467,125.52999877929688,91218900
2011-01-03,96.92814636230467,127.0500030517578,127.5999984741211,125.6999969482422,126.70999908447266,138725200
2011-01-04,96.87474822998048,126.9800033569336,127.37000274658205,126.19000244140624,127.33000183105467,137409700
2011-01-05,97.37830352783205,127.63999938964844,127.72000122070312,126.45999908447266,126.58000183105467,133975300
2011-01-06,97.18757629394533,127.38999938964844,127.83000183105467,127.01000213623048,127.69000244140624,122519000
2011-01-07,96.99681091308594,127.13999938964844,127.7699966430664,126.1500015258789,127.55999755859376,156034600
2011-01-10,96.87474822998048,126.9800033569336,127.16000366210938,126.1999969482422,126.58000183105467,122401700
2011-01-11,97.21808624267578,127.43000030517578,127.73999786376952,126.9499969482422,127.44000244140624,110287000
2011-01-12,98.09542083740234,128.5800018310547,128.72000122070312,127.45999908447266,128.2100067138672,107929200
2011-01-13,97.93523406982422,128.3699951171875,128.69000244140625,128.0500030517578,128.6300048828125,129048400
2011-01-14,98.6447525024414,129.3000030517578,129.3300018310547,128.10000610351562,128.19000244140625,117677900
2011-01-18,98.81257629394533,129.52000427246094,129.63999938964844,129.02999877929688,129.17999267578125,114401300
2011-01-19,97.84366607666016,128.25,129.5399932861328,127.91000366210938,129.41000366210938,151958400
2011-01-20,97.7139663696289,128.0800018310547,128.39999389648438,127.12999725341795,127.95999908447266,175745700
2011-01-21,97.93523406982422,128.3699951171875,129.1699981689453,128.22999572753906,128.8800048828125,151462900
2011-01-24,98.49215698242188,129.10000610351562,129.25,128.25999450683594,128.2899932861328,113715500
2011-01-25,98.5455322265625,129.1699981689453,129.27999877929688,128.11000061035156,128.75999450683594,167552200
2011-01-26,98.92698669433594,129.6699981689453,130.0500030517578,129.22999572753906,129.49000549316406,141281500
2011-01-27,99.1711196899414,129.99000549316406,130.2100067138672,129.47000122070312,129.6999969482422,123302700
2011-01-28,97.4393081665039,127.72000122070312,130.35000610351562,127.51000213623048,130.13999938964844,295637300
2011-01-31,98.17169952392578,128.67999267578125,128.77999877929688,127.75,128.07000732421875,149249200
2011-02-01,99.74333190917967,130.74000549316406,130.97000122070312,129.3800048828125,129.4600067138672,167194300
2011-02-02,99.55258178710938,130.49000549316406,130.83999633789062,130.3300018310547,130.39999389648438,118323600
2011-02-03,99.77385711669922,130.77999877929688,130.97999572753906,129.57000732421875,130.25999450683594,145886700
2011-02-04,100.05609893798828,131.14999389648438,131.1999969482422,130.22999572753906,130.8300018310547,134634800
2011-02-07,100.68170928955078,131.97000122070312,132.39999389648438,131.42999267578125,131.44000244140625,112439100
2011-02-08,101.13947296142578,132.57000732421875,132.63999938964844,131.72999572753906,132.08999633789062,99072800
2011-02-09,100.91058349609376,132.27000427246094,132.6300048828125,131.61000061035156,132.2100067138672,146436700
2011-02-10,100.94873809814452,132.32000732421875,132.47000122070312,131.3000030517578,131.60000610351562,162708500
2011-02-11,101.55143737792967,133.11000061035156,133.27999877929688,131.77000427246094,131.8000030517578,137710300
2011-02-14,101.7955551147461,133.42999267578125,133.5399932861328,132.8800048828125,133.02999877929688,101690700
2011-02-15,101.47512817382812,133.00999450683594,133.22000122070312,132.32000732421875,133.02000427246094,119575400
2011-02-16,102.11599731445312,133.85000610351562,134.00999450683594,133.19000244140625,133.4600067138672,130183500
2011-02-17,102.42115020751952,134.25,134.42999267578125,133.33999633789062,133.4600067138672,109810500
2011-02-18,102.63480377197266,134.52999877929688,134.69000244140625,134.05999755859375,134.3699951171875,130002400
2011-02-22,100.57489776611328,131.8300018310547,134.55999755859375,131.47000122070312,133.1199951171875,233116400
2011-02-23,99.95693969726562,131.02000427246094,132.07000732421875,130.2100067138672,131.75,227584000
2011-02-24,99.88829040527344,130.92999267578125,131.44000244140625,129.6999969482422,130.8800048828125,260431400
2011-02-25,100.95635986328124,132.3300018310547,132.41000366210938,131.39999389648438,131.47999572753906,141686900
2011-02-28,101.58194732666016,133.14999389648438,133.32000732421875,132.3800048828125,132.82000732421875,141585500
2011-03-01,99.88829040527344,130.92999267578125,133.69000244140625,130.88999938964844,133.57000732421875,258565500
2011-03-02,100.10189056396484,131.2100067138672,131.82000732421875,130.35000610351562,130.75,200277400
2011-03-03,101.8260726928711,133.47000122070312,133.6199951171875,132.38999938964844,132.39999389648438,176480100
2011-03-04,101.06316375732422,132.47000122070312,133.6300048828125,131.60000610351562,133.3699951171875,277202300
2011-03-07,100.26974487304688,131.42999267578125,133.16000366210938,130.74000549316406,132.86000061035156,216790400
2011-03-08,101.14710998535156,132.5800018310547,133.0,131.07000732421875,131.63999938964844,174615000
2011-03-09,101.00214385986328,132.38999938964844,132.8000030517578,131.60000610351562,132.32000732421875,153806000
2011-03-10,99.13301849365234,129.94000244140625,131.17999267578125,129.80999755859375,131.0,301291800
2011-03-11,99.81961059570312,130.83999633789062,131.30999755859375,129.49000549316406,129.52000427246094,225621800
2011-03-14,99.21692657470705,130.0500030517578,130.47999572753906,129.05999755859375,129.99000549316406,234974100
2011-03-15,98.08015441894533,128.55999755859375,129.3300018310547,126.5,126.58999633789062,359585400
2011-03-16,96.26443481445312,126.18000030517578,128.57000732421875,125.27999877929688,128.14999389648438,468670300
2011-03-17,97.53851318359376,127.8499984741211,128.38999938964844,127.0999984741211,128.0,254303700
2011-03-18,97.89325714111328,127.76000213623048,128.8800048828125,127.51000213623048,128.83999633789062,230435400
2011-03-21,99.4104232788086,129.74000549316406,130.00999450683594,129.1999969482422,129.35000610351562,153992600
2011-03-22,99.06558990478516,129.2899932861328,129.88999938964844,129.1699981689453,129.72000122070312,129538600
2011-03-23,99.34908294677734,129.66000366210938,130.0,128.32000732421875,128.92999267578125,148603100
2011-03-24,100.29920959472656,130.89999389648438,131.08999633789062,129.6699981689453,130.39999389648438,159129800
2011-03-25,100.60572814941406,131.3000030517578,131.8699951171875,130.88999938964844,131.24000549316406,155642800
2011-03-28,100.36051940917967,130.97999572753906,131.9199981689453,130.94000244140625,131.5800018310547,109762400
2011-03-29,101.03479766845705,131.86000061035156,131.89999389648438,130.44000244140625,130.8699951171875,129798800
2011-03-30,101.73204040527344,132.77000427246094,133.16000366210938,132.36000061035156,132.5500030517578,135835000
2011-03-31,101.59415435791016,132.58999633789062,132.9600067138672,132.4499969482422,132.60000610351562,132537100
2011-04-01,102.0232162475586,133.14999389648438,133.77000427246094,132.8300018310547,133.41000366210938,153850100
2011-04-04,102.10750579833984,133.25999450683594,133.6699981689453,132.8800048828125,133.42999267578125,100768900
2011-04-05,102.09220123291016,133.24000549316406,133.8300018310547,132.94000244140625,133.0,120791500
2011-04-06,102.41402435302734,133.66000366210938,134.0,133.1199951171875,133.8800048828125,120411600
2011-04-07,102.15351104736328,133.32000732421875,133.97999572753906,132.66000366210938,133.4199981689453,170731500
2011-04-08,101.801025390625,132.86000061035156,133.99000549316406,132.30999755859375,133.91000366210938,147945400
2011-04-11,101.49455261230467,132.4600067138672,133.4499969482422,132.13999938964844,133.0,121385400
2011-04-12,100.7359619140625,131.47000122070312,131.97999572753906,130.99000549316406,131.72000122070312,161187400
2011-04-13,100.7283172607422,131.4600067138672,132.17999267578125,130.9600067138672,132.0800018310547,162059000
2011-04-14,100.80491638183594,131.55999755859375,131.75999450683594,130.27000427246094,130.6999969482422,161220400
2011-04-15,101.17273712158205,132.0399932861328,132.3699951171875,131.41000366210938,131.8000030517578,170006700
2011-04-18,100.03872680664062,130.55999755859375,132.02999877929688,129.50999450683594,130.58999633789062,210759300
2011-04-19,100.61338806152344,131.30999755859375,131.35000610351562,130.44000244140625,130.75999450683594,124258800
2011-04-20,101.98493957519533,133.10000610351562,133.38999938964844,132.7899932861328,132.8800048828125,156133800
2011-04-21,102.50595092773438,133.77999877929688,133.83999633789062,133.10000610351562,133.7899932861328,135935400
2011-04-25,102.39867401123048,133.63999938964844,133.86000061035156,133.1999969482422,133.67999267578125,65757100
2011-04-26,103.27983856201172,134.7899932861328,135.05999755859375,133.91000366210938,134.0500030517578,146600000
2011-04-27,103.9541473388672,135.6699981689453,135.8699951171875,134.5,135.0500030517578,143031000
2011-04-28,104.29126739501952,136.11000061035156,136.2899932861328,135.41000366210938,135.42999267578125,124791100
2011-04-29,104.53641510009766,136.42999267578125,136.57000732421875,135.97999572753906,136.16000366210938,115094100
2011-05-02,104.37557220458984,136.22000122070312,137.17999267578125,135.9499969482422,137.07000732421875,126278700
2011-05-03,104.00008392333984,135.72999572753906,136.19000244140625,135.0399932861328,135.9600067138672,138375000
2011-05-04,103.31048583984376,134.8300018310547,135.72999572753906,134.22999572753906,135.6699981689453,182678500
2011-05-05,102.37570190429688,133.61000061035156,134.9499969482422,133.02000427246094,134.0800018310547,226900000
2011-05-06,102.82776641845705,134.1999969482422,135.6300048828125,133.67999267578125,134.94000244140625,222787200
2011-05-09,103.22621154785156,134.72000122070312,135.11000061035156,133.97999572753906,134.19000244140625,114104500
2011-05-10,104.10736083984376,135.8699951171875,136.11000061035156,135.0,135.1699981689453,114806900
2011-05-11,103.01170349121094,134.44000244140625,135.69000244140625,133.82000732421875,135.6699981689453,193564200
2011-05-12,103.5020751953125,135.0800018310547,135.36000061035156,133.38999938964844,134.0800018310547,171550700
2011-05-13,102.70513153076172,134.0399932861328,135.33999633789062,133.55999755859375,135.14999389648438,157444900
2011-05-16,102.05390167236328,133.19000244140625,134.61000061035156,132.97000122070312,133.55999755859375,141675400
2011-05-17,102.03856658935548,133.1699981689453,133.35000610351562,132.1199951171875,132.69000244140625,192686200
2011-05-18,102.95036315917967,134.36000061035156,134.5,132.9499969482422,133.24000549316406,135217900
2011-05-19,103.19552612304688,134.67999267578125,135.02999877929688,133.94000244140625,134.8000030517578,119489500
2011-05-20,102.37570190429688,133.61000061035156,134.67999267578125,133.36000061035156,134.3300018310547,182594900
2011-05-23,101.1880340576172,132.05999755859375,132.72000122070312,131.58999633789062,131.97999572753906,168700000
2011-05-24,101.10372161865234,131.9499969482422,132.72999572753906,131.6999969482422,132.44000244140625,147199600
2011-05-25,101.44091796875,132.38999938964844,132.94000244140625,131.3800048828125,131.4199981689453,151050100
2011-05-26,101.90828704833984,133.0,133.24000549316406,131.77999877929688,132.02999877929688,164850000
2011-05-27,102.29906463623048,133.50999450683594,133.8699951171875,132.9600067138672,133.3699951171875,120921900
2011-05-31,103.36410522460938,134.89999389648438,134.9199981689453,133.83999633789062,134.77000427246094,164731200
2011-06-01,101.04244995117188,131.8699951171875,134.9199981689453,131.75999450683594,134.50999450683594,233094300
2011-06-02,100.9352035522461,131.72999572753906,132.24000549316406,130.9600067138672,131.9600067138672,200466800
2011-06-03,99.93141174316406,130.4199981689453,131.4199981689453,130.0800018310547,130.14999389648438,234690200
2011-06-06,98.87401580810548,129.0399932861328,130.36000061035156,128.8699951171875,130.08999633789062,179951200
2011-06-07,98.81275177001952,128.9600067138672,130.07000732421875,128.85000610351562,129.6999969482422,161660500
2011-06-08,98.39898681640624,128.4199981689453,129.19000244140625,128.17999267578125,128.75999450683594,198696400
2011-06-09,99.14987182617188,129.39999389648438,129.92999267578125,128.4600067138672,128.77000427246094,160964400
2011-06-10,97.77069091796876,127.5999984741211,128.92999267578125,127.26000213623048,128.85000610351562,238629400
2011-06-13,97.8473129272461,127.6999969482422,128.24000549316406,127.0500030517578,127.88999938964844,207599800
2011-06-14,99.08859252929688,129.32000732421875,129.77000427246094,128.82000732421875,128.8699951171875,160570400
2011-06-15,97.32624053955078,127.0199966430664,129.3000030517578,126.68000030517578,128.24000549316406,300958000
2011-06-16,97.5407943725586,127.3000030517578,127.97000122070312,126.31999969482422,127.05999755859376,308032800
2011-06-17,97.83185577392578,127.0500030517578,127.94000244140624,126.62000274658205,127.93000030517578,233284900
2011-06-20,98.33240509033205,127.6999969482422,127.97000122070312,126.58000183105467,126.62000274658205,159479000
2011-06-21,99.67994689941406,129.4499969482422,129.6999969482422,127.75,128.36000061035156,193157300
2011-06-22,99.07933044433594,128.6699981689453,129.80999755859375,128.58999633789062,129.0500030517578,176703000
2011-06-23,98.7943878173828,128.3000030517578,128.63999938964844,126.19000244140624,127.16000366210938,334286500
2011-06-24,97.6470718383789,126.80999755859376,128.3699951171875,126.62000274658205,128.27000427246094,226129300
2011-06-27,98.51721954345705,127.94000244140624,128.42999267578125,126.63999938964844,126.88999938964844,168904700
2011-06-28,99.8031234741211,129.61000061035156,129.6300048828125,128.27000427246094,128.4499969482422,165556300
2011-06-29,100.65786743164062,130.72000122070312,130.92999267578125,129.6300048828125,130.1999969482422,244295500
2011-06-30,101.62039947509766,131.97000122070312,132.17999267578125,130.7100067138672,131.13999938964844,223322700
2011-07-01,103.12193298339844,133.9199981689453,134.10000610351562,131.77999877929688,132.08999633789062,202385700
2011-07-05,103.03723907470705,133.80999755859375,134.0800018310547,133.38999938964844,133.77999877929688,165936000
2011-07-06,103.16046142578124,133.97000122070312,134.13999938964844,133.11000061035156,133.49000549316406,143331600
2011-07-07,104.23078155517578,135.36000061035156,135.6999969482422,134.8800048828125,135.16000366210938,170464200
2011-07-08,103.49158477783205,134.39999389648438,135.36000061035156,133.38999938964844,133.8300018310547,194100500
2011-07-11,101.62039947509766,131.97000122070312,133.17999267578125,131.66000366210938,132.75,195918600
2011-07-12,101.18148040771484,131.39999389648438,132.77999877929688,131.36000061035156,131.69000244140625,214675700
2011-07-13,101.52029418945312,131.83999633789062,133.22000122070312,131.52000427246094,132.08999633789062,204062600
2011-07-14,100.81958770751952,130.92999267578125,132.77999877929688,130.67999267578125,132.1699981689453,226111800
2011-07-15,101.4047622680664,131.69000244140625,131.8699951171875,130.77000427246094,131.66000366210938,220012800
2011-07-18,100.5731964111328,130.61000061035156,131.27999877929688,129.6300048828125,131.0800018310547,196872100
2011-07-19,102.2056121826172,132.72999572753906,132.88999938964844,131.30999755859375,131.33999633789062,166554900
2011-07-20,102.1439971923828,132.64999389648438,133.14999389648438,132.4199981689453,133.07000732421875,137145400
2011-07-21,103.56086730957033,134.49000549316406,134.82000732421875,132.6699981689453,133.39999389648438,245246300
2011-07-22,103.63018035888672,134.5800018310547,134.72000122070312,133.75999450683594,134.52000427246094,126019400
2011-07-25,103.0526351928711,133.8300018310547,134.49000549316406,133.16000366210938,133.3000030517578,136653800
2011-07-26,102.66763305664062,133.3300018310547,133.9600067138672,133.02999877929688,133.74000549316406,131278200
2011-07-27,100.56548309326172,130.60000610351562,132.6300048828125,130.42999267578125,132.58999633789062,249020100
2011-07-28,100.27285766601562,130.22000122070312,131.77000427246094,130.00999450683594,130.60000610351562,207939900
2011-07-29,99.58751678466795,129.3300018310547,130.5500030517578,127.97000122070312,128.91000366210938,307038400
2011-08-01,99.16403198242188,128.77999877929688,130.9600067138672,127.52999877929688,130.83999633789062,325790900
2011-08-02,96.63063049316406,125.48999786376952,128.5,125.48999786376952,127.80999755859376,346653800
2011-08-03,97.15425872802734,126.16999816894533,126.30999755859376,123.52999877929688,125.66000366210938,370830800
2011-08-04,92.60336303710938,120.26000213623048,124.62000274658205,120.05999755859376,124.41999816894533,520721800
2011-08-05,92.46477508544922,120.08000183105467,122.06999969482422,116.86000061035156,121.76000213623048,655619200
2011-08-08,86.44318389892578,112.26000213623048,120.12000274658205,112.0199966430664,116.91000366210938,702263900
2011-08-09,90.46273803710938,117.4800033569336,117.63999938964844,110.2699966430664,114.06999969482422,717828700
2011-08-10,86.46629333496094,112.29000091552734,116.27999877929688,111.9499969482422,115.26000213623048,662607400
2011-08-11,90.34723663330078,117.33000183105467,118.91999816894533,112.31999969482422,113.26000213623048,487979700
2011-08-12,90.95555877685548,118.12000274658205,119.20999908447266,117.27999877929688,118.4000015258789,313731600
2011-08-15,92.88058471679688,120.62000274658205,120.73999786376952,119.0,119.19000244140624,258810600
2011-08-16,92.08747863769533,119.58999633789062,120.69000244140624,118.30999755859376,119.47000122070312,294095200
2011-08-17,92.1490707397461,119.66999816894533,121.1999969482422,118.72000122070312,120.25,238201100
2011-08-18,88.1757583618164,114.51000213623048,119.70999908447266,113.38999938964844,116.5,512956300
2011-08-19,86.73577117919922,112.63999938964844,115.87999725341795,112.5,112.95999908447266,428281300
2011-08-22,86.80509948730469,112.7300033569336,115.2300033569336,112.41000366210938,115.16999816894533,275090600
2011-08-23,89.66189575195312,116.44000244140624,116.56999969482422,112.58000183105467,113.1500015258789,331136600
2011-08-24,90.92477416992188,118.08000183105467,118.23999786376952,115.91999816894533,116.19000244140624,246869700
2011-08-25,89.53868103027344,116.27999877929688,119.4000015258789,115.87000274658205,118.7300033569336,312365400
2011-08-26,90.84004974365234,117.97000122070312,118.51000213623048,113.8499984741211,115.69000244140624,314495900
2011-08-29,93.45040893554688,121.36000061035156,121.43000030517578,118.05999755859376,119.55999755859376,190977200
2011-08-30,93.69683074951172,121.68000030517578,122.43000030517578,119.26000213623048,120.83000183105467,241315700
2011-08-31,94.11265563964844,122.22000122070312,123.51000213623048,121.3000030517578,122.45999908447266,301828400
2011-09-01,93.12699127197266,120.94000244140624,123.4000015258789,120.77999877929688,122.29000091552734,254585900
2011-09-02,90.74763488769533,117.8499984741211,120.87000274658205,117.43000030517578,118.41999816894533,255517200
2011-09-06,90.0854034423828,116.98999786376952,117.16000366210938,114.37999725341795,114.38999938964844,285130500
2011-09-07,92.62649536132812,120.29000091552734,120.33999633789062,118.36000061035156,118.76000213623048,209803200
2011-09-08,91.66395568847656,119.04000091552734,120.94000244140624,118.7699966430664,119.56999969482422,250568200
2011-09-09,89.261474609375,115.91999816894533,119.05999755859376,115.27999877929688,117.68000030517578,380195100
2011-09-12,89.8390121459961,116.66999816894533,116.76000213623048,114.0500030517578,114.47000122070312,305793500
2011-09-13,90.66291809082033,117.73999786376952,118.18000030517578,116.22000122070312,117.0500030517578,272514700
2011-09-14,91.91806030273438,119.37000274658205,120.8000030517578,116.72000122070312,118.33999633789062,319389500
2011-09-15,93.50433349609376,121.43000030517578,121.47000122070312,119.4000015258789,120.6500015258789,326777200
2011-09-16,94.05772399902344,121.5199966430664,121.97000122070312,120.31999969482422,121.29000091552734,284528300
2011-09-19,93.1211929321289,120.30999755859376,120.93000030517578,118.72000122070312,119.52999877929688,241517000
2011-09-20,93.0128173828125,120.16999816894533,121.98999786376952,120.01000213623048,120.81999969482422,218932200
2011-09-21,90.27281951904295,116.62999725341795,120.5999984741211,116.44000244140624,120.2300033569336,316251300
2011-09-22,87.35481262207031,112.86000061035156,114.20999908447266,111.3000030517578,113.25,513911300
2011-09-23,87.88116455078125,113.54000091552734,114.16000366210938,112.0199966430664,112.11000061035156,307242500
2011-09-26,89.97091674804688,116.23999786376952,116.4000015258789,112.9800033569336,114.61000061035156,260673700
2011-09-27,90.97718811035156,117.54000091552734,119.55999755859376,116.83999633789062,118.52999877929688,311753900
2011-09-28,89.11954498291016,115.13999938964844,118.48999786376952,114.97000122070312,117.77999877929688,286696800
2011-09-29,89.82389831542969,116.0500030517578,117.62999725341795,113.93000030517578,117.0500030517578,298108900
2011-09-30,87.57926940917969,113.1500015258789,115.4499969482422,113.06999969482422,114.4499969482422,288392300
2011-10-03,85.08694458007812,109.93000030517578,113.9499969482422,109.80999755859376,112.48999786376952,365136800
2011-10-04,86.95233154296875,112.33999633789062,112.58000183105467,107.43000030517578,108.3499984741211,459177500
2011-10-05,88.56226348876953,114.41999816894533,114.72000122070312,111.58000183105467,112.62000274658205,284108000
2011-10-06,90.1644515991211,116.48999786376952,116.66000366210938,113.51000213623048,114.36000061035156,257800800
2011-10-07,89.56074523925781,115.70999908447266,117.25,115.05999755859376,117.16999816894533,312657900
2011-10-10,92.55613708496094,119.58000183105467,119.62999725341795,117.66999816894533,117.68000030517578,230666300
2011-10-11,92.64904022216795,119.6999969482422,120.04000091552734,118.75,118.87000274658205,209088000
2011-10-12,93.46173858642578,120.75,122.13999938964844,120.33000183105467,120.5999984741211,281544900
2011-10-13,93.27596282958984,120.51000213623048,120.87000274658205,119.12000274658205,120.04000091552734,212538800
2011-10-14,94.8704605102539,122.56999969482422,122.5999984741211,121.2300033569336,121.91000366210938,211397600
2011-10-17,93.05925750732422,120.2300033569336,122.5500030517578,119.93000030517578,121.98999786376952,202311600
2011-10-18,94.87816619873048,122.58000183105467,123.5,119.1999969482422,120.13999938964844,318857900
2011-10-19,93.75587463378906,121.12999725341795,123.08000183105467,120.70999908447266,122.37999725341795,226601300
2011-10-20,94.16612243652344,121.66000366210938,122.0999984741211,119.81999969482422,121.43000030517578,262075600
2011-10-21,95.95406341552734,123.97000122070312,124.12000274658205,122.72000122070312,123.08999633789062,278999400
2011-10-24,97.13054656982422,125.48999786376952,125.8000030517578,124.05999755859376,124.16999816894533,203215600
2011-10-25,95.2419662475586,123.0500030517578,124.9499969482422,122.77999877929688,124.88999938964844,268596800
2011-10-26,96.20948028564452,124.3000030517578,124.7699966430664,122.20999908447266,124.3499984741211,289053800
2011-10-27,99.56094360351562,128.6300048828125,129.4199981689453,126.61000061035156,127.62999725341795,393220200
2011-10-28,99.5377197265625,128.60000610351562,128.85000610351562,127.8000030517578,128.0,225906500
2011-10-31,97.1382827758789,125.5,128.6199951171875,125.31999969482422,127.16000366210938,228146700
2011-11-01,94.42927551269533,122.0,123.51000213623048,121.5199966430664,122.02999877929688,416565800
2011-11-02,95.9695281982422,123.98999786376952,124.4000015258789,122.79000091552734,123.83000183105467,244717600
2011-11-03,97.71883392333984,126.25,126.5,123.5999984741211,125.2699966430664,291174800
2011-11-04,97.1228256225586,125.4800033569336,125.6999969482422,124.01000213623048,125.2300033569336,249401600
2011-11-07,97.72657012939452,126.26000213623048,126.38999938964844,124.1999969482422,125.38999938964844,196617200
2011-11-08,98.9804458618164,127.87999725341795,128.02000427246094,125.70999908447266,126.91999816894533,224426300
2011-11-09,95.32711791992188,123.16000366210938,125.8000030517578,122.86000061035156,124.88999938964844,337982000
2011-11-10,96.22496795654295,124.31999969482422,124.94000244140624,123.0199966430664,124.79000091552734,231866500
2011-11-11,98.0361557006836,126.66000366210938,126.98999786376952,125.79000091552734,125.83000183105467,189924400
2011-11-14,97.10733032226562,125.45999908447266,127.4499969482422,124.91999816894533,126.19000244140624,159258300
2011-11-15,97.58724975585938,126.08000183105467,126.75,124.72000122070312,125.16999816894533,184709400
2011-11-16,96.03921508789062,124.08000183105467,126.33999633789062,123.9000015258789,124.80999755859376,235782500
2011-11-17,94.51439666748048,122.11000061035156,124.16000366210938,121.2300033569336,123.8499984741211,331219600
2011-11-18,94.4137954711914,121.9800033569336,122.75,121.47000122070312,122.5,215580400
2011-11-21,92.61807250976562,119.66000366210938,120.3499984741211,118.6500015258789,120.1999969482422,229611600
2011-11-22,92.25431823730467,119.19000244140624,120.0999984741211,118.5199966430664,119.4000015258789,216494900
2011-11-23,90.21864318847656,116.55999755859376,119.19000244140624,116.55999755859376,118.06999969482422,224329100
2011-11-25,90.04837799072266,116.33999633789062,117.6999969482422,116.1999969482422,116.37999725341795,99557000
2011-11-28,92.6567840576172,119.70999908447266,120.18000030517578,118.81999969482422,119.54000091552734,210686000
2011-11-29,92.91993713378906,120.0500030517578,121.0,119.61000061035156,120.0500030517578,199241500
2011-11-30,96.7435531616211,124.98999786376952,125.22000122070312,120.0,123.48999786376952,324439500
2011-12-01,96.7280731201172,124.97000122070312,125.63999938964844,124.43000030517578,124.8499984741211,176954800
2011-12-02,96.64291381835938,124.86000061035156,126.5,124.77999877929688,126.12000274658205,221109700
2011-12-05,97.69559478759766,126.22000122070312,127.18000030517578,125.44000244140624,126.83999633789062,225263900
2011-12-06,97.72657012939452,126.26000213623048,127.11000061035156,125.76000213623048,126.20999908447266,178842100
2011-12-07,98.09033966064452,126.7300033569336,127.26000213623048,124.97000122070312,125.83999633789062,237802500
2011-12-08,95.93858337402344,123.9499969482422,126.18000030517578,123.6500015258789,125.9000015258789,240862800
2011-12-09,97.56402587890624,126.0500030517578,126.37000274658205,124.4000015258789,124.51000213623048,209111400
2011-12-12,96.13983154296876,124.20999908447266,124.97000122070312,123.16000366210938,124.9499969482422,215826100
2011-12-13,95.2419662475586,123.0500030517578,125.56999969482422,122.4499969482422,124.86000061035156,245159800
2011-12-14,94.22801208496094,121.73999786376952,123.02999877929688,121.47000122070312,122.55999755859376,238618800
2011-12-15,94.56857299804688,122.18000030517578,123.1999969482422,121.98999786376952,123.02999877929688,199109200
2011-12-16,94.70879364013672,121.58999633789062,122.9499969482422,121.3000030517578,122.2300033569336,220481400
2011-12-19,93.69620513916016,120.29000091552734,122.31999969482422,120.02999877929688,122.05999755859376,183903000
2011-12-20,96.5314483642578,123.93000030517578,124.13999938964844,120.37000274658205,122.18000030517578,225418100
2011-12-21,96.71839904785156,124.16999816894533,124.36000061035156,122.75,123.93000030517578,194230900
2011-12-22,97.5751953125,125.2699966430664,125.4000015258789,124.2300033569336,124.62999725341795,119465400
2011-12-23,98.44762420654295,126.38999938964844,126.43000030517578,125.41000366210938,125.66999816894533,92187200
2011-12-27,98.5255126953125,126.48999786376952,126.81999969482422,126.05999755859376,126.16999816894533,86075700
2011-12-28,97.23245239257812,124.83000183105467,126.52999877929688,124.7300033569336,126.51000213623048,119107100
2011-12-29,98.23731994628906,126.12000274658205,126.25,124.86000061035156,125.23999786376952,123507200
2011-12-30,97.7543716430664,125.5,126.33000183105467,125.5,126.0199966430664,95599000
2012-01-03,99.31220245361328,127.5,128.3800048828125,127.43000030517578,127.76000213623048,193697900
2012-01-04,99.46800231933594,127.6999969482422,127.80999755859376,126.70999908447266,127.1999969482422,127186500
2012-01-05,99.73279571533205,128.0399932861328,128.22999572753906,126.43000030517578,127.01000213623048,173895000
2012-01-06,99.4757843017578,127.70999908447266,128.22000122070312,127.29000091552734,128.1999969482422,148050000
2012-01-09,99.71724700927734,128.02000427246094,128.17999267578125,127.41000366210938,128.0,99530200
2012-01-10,100.58187103271484,129.1300048828125,129.64999389648438,128.9499969482422,129.38999938964844,115282000
2012-01-11,100.6363754272461,129.1999969482422,129.3699951171875,128.52000427246094,128.72999572753906,111540700
2012-01-12,100.87783813476562,129.50999450683594,129.6999969482422,128.5399932861328,129.57000732421875,118983700
2012-01-13,100.35595703125,128.83999633789062,129.0500030517578,127.72000122070312,128.63999938964844,179836200
2012-01-17,100.74542236328124,129.33999633789062,130.32000732421875,128.89999389648438,130.0800018310547,132209200
2012-01-18,101.85926055908205,130.77000427246094,130.83999633789062,129.0800018310547,129.30999755859375,163395200
2012-01-19,102.39672088623048,131.4600067138672,131.57000732421875,130.8000030517578,131.22000122070312,126328900
2012-01-20,102.77838134765624,131.9499969482422,131.9499969482422,130.9199981689453,131.24000549316406,138230200
2012-01-23,102.51356506347656,131.61000061035156,132.25,130.97999572753906,131.50999450683594,129295800
2012-01-24,102.39672088623048,131.4600067138672,131.5,130.60000610351562,130.8000030517578,103083300
2012-01-25,103.25352478027344,132.55999755859375,132.8699951171875,130.75,131.25999450683594,198613200
2012-01-26,102.72386169433594,131.8800048828125,133.39999389648438,131.36000061035156,133.14999389648438,184880500
2012-01-27,102.67716217041016,131.82000732421875,132.0500030517578,131.14999389648438,131.24000549316406,135259100
2012-01-30,102.32659149169922,131.3699951171875,131.44000244140625,130.05999755859375,130.50999450683594,147311800
2012-01-31,102.2876968383789,131.32000732421875,132.17999267578125,130.67999267578125,132.02000427246094,157212000
2012-02-01,103.18342590332033,132.47000122070312,133.13999938964844,132.1300048828125,132.2899932861328,166234500
2012-02-02,103.34698486328124,132.67999267578125,133.02000427246094,132.2100067138672,132.72999572753906,113090400
2012-02-03,104.79580688476562,134.5399932861328,134.6199951171875,133.77000427246094,134.0,160598500
2012-02-06,104.72572326660156,134.4499969482422,134.50999450683594,133.8300018310547,133.97999572753906,107694500
2012-02-07,104.9905014038086,134.7899932861328,135.02000427246094,133.63999938964844,134.1699981689453,135528100
2012-02-08,105.30207824707033,135.19000244140625,135.22000122070312,134.30999755859375,134.86000061035156,139361400
2012-02-09,105.43449401855467,135.36000061035156,135.58999633789062,134.55999755859375,135.41000366210938,148602900
2012-02-10,104.65558624267578,134.36000061035156,134.47000122070312,133.83999633789062,134.16000366210938,167907500
2012-02-13,105.43449401855467,135.36000061035156,135.52000427246094,134.74000549316406,135.32000732421875,115841900
2012-02-14,105.30207824707033,135.19000244140625,135.27000427246094,134.25,135.0,165329500
2012-02-15,104.81136322021484,134.55999755859375,135.8300018310547,134.2899932861328,135.6300048828125,195195100
2012-02-16,105.97198486328124,136.0500030517578,136.1699981689453,134.3300018310547,134.57000732421875,186567800
2012-02-17,106.25238037109376,136.41000366210938,136.6300048828125,135.9600067138672,136.52000427246094,129869400
2012-02-21,106.29911041259766,136.47000122070312,137.0500030517578,136.0500030517578,136.72999572753906,134042300
2012-02-22,105.9564437866211,136.02999877929688,136.5500030517578,135.7899932861328,136.25999450683594,124455300
2012-02-23,106.42373657226562,136.6300048828125,136.72999572753906,135.5,135.9600067138672,137704300
2012-02-24,106.65738677978516,136.92999267578125,137.1999969482422,136.6300048828125,136.92999267578125,105539100
2012-02-27,106.83657836914062,137.16000366210938,137.52999877929688,135.8000030517578,136.02000427246094,145728900
2012-02-28,107.14812469482422,137.55999755859375,137.72000122070312,136.92999267578125,137.1999969482422,129355900
2012-02-29,106.72747802734376,137.02000427246094,138.19000244140625,136.5399932861328,137.75999450683594,185934700
2012-03-01,107.2805404663086,137.72999572753906,137.99000549316406,136.92999267578125,137.30999755859375,145023500
2012-03-02,106.95342254638672,137.30999755859375,137.82000732421875,137.0,137.63999938964844,120638300
2012-03-05,106.51720428466795,136.75,137.1999969482422,136.27999877929688,137.10000610351562,140765000
2012-03-06,104.95941925048828,134.75,135.42999267578125,134.36000061035156,135.35000610351562,202129900
2012-03-07,105.69156646728516,135.69000244140625,135.91000366210938,134.92999267578125,135.05999755859375,143692200
2012-03-08,106.74309539794922,137.0399932861328,137.32000732421875,136.24000549316406,136.52000427246094,116968900
2012-03-09,107.15595245361328,137.57000732421875,137.92999267578125,137.1300048828125,137.3000030517578,122836800
2012-03-12,107.16368103027344,137.5800018310547,137.75999450683594,137.08999633789062,137.5500030517578,104003500
2012-03-13,109.0954132080078,140.05999755859375,140.1300048828125,138.08999633789062,138.32000732421875,184090500
2012-03-14,108.9786148071289,139.91000366210938,140.4499969482422,139.47999572753906,140.10000610351562,145163600
2012-03-15,109.60951232910156,140.72000122070312,140.77999877929688,139.75999450683594,140.1199951171875,165118500
2012-03-16,109.76130676269533,140.3000030517578,140.47999572753906,140.0,140.36000061035156,152893500
2012-03-19,110.19154357910156,140.85000610351562,141.27999877929688,140.11000061035156,140.2100067138672,125291100
2012-03-20,109.87081909179688,140.44000244140625,140.61000061035156,139.63999938964844,140.0500030517578,121729700
2012-03-21,109.69088745117188,140.2100067138672,140.64999389648438,139.9199981689453,140.52000427246094,122388400
2012-03-22,108.90071868896484,139.1999969482422,139.5500030517578,138.74000549316406,139.17999267578125,135216700
2012-03-23,109.2527847290039,139.64999389648438,139.80999755859375,138.5500030517578,139.32000732421875,120521000
2012-03-26,110.7861557006836,141.61000061035156,141.61000061035156,140.60000610351562,140.64999389648438,120164000
2012-03-27,110.4419403076172,141.1699981689453,141.8300018310547,141.0800018310547,141.74000549316406,119868500
2012-03-28,109.89424896240234,140.47000122070312,141.32000732421875,139.63999938964844,141.10000610351562,148562100
2012-03-29,109.70653533935548,140.22999572753906,140.49000549316406,139.08999633789062,139.63999938964844,164963700
2012-03-30,110.16024780273438,140.80999755859375,141.0500030517578,140.0500030517578,140.9199981689453,135486800
2012-04-02,110.96609497070312,141.83999633789062,142.2100067138672,140.36000061035156,140.63999938964844,151741100
2012-04-03,110.51232147216795,141.25999450683594,141.8800048828125,140.42999267578125,141.63999938964844,155806700
2012-04-04,109.41710662841795,139.86000061035156,140.33999633789062,139.33999633789062,140.22000122070312,146896000
2012-04-05,109.36229705810548,139.7899932861328,140.1999969482422,139.25999450683594,139.3800048828125,137439400
2012-04-09,108.1340560913086,138.22000122070312,139.83999633789062,137.83999633789062,138.02999877929688,127555900
2012-04-10,106.31902313232422,135.89999389648438,138.33999633789062,135.75999450683594,137.9499969482422,235360300
2012-04-11,107.17958068847656,137.0,137.5399932861328,136.75,137.2899932861328,154133000
2012-04-12,108.57994842529295,138.7899932861328,138.89999389648438,137.02999877929688,137.1300048828125,154321500
2012-04-13,107.28907012939452,137.13999938964844,138.82000732421875,137.00999450683594,138.47000122070312,169246700
2012-04-16,107.21876525878906,137.0500030517578,138.0399932861328,136.5800018310547,137.83999633789062,147825300
2012-04-17,108.80684661865234,139.0800018310547,139.36000061035156,137.6999969482422,137.83999633789062,147877600
2012-04-18,108.43915557861328,138.61000061035156,139.0800018310547,138.3800048828125,138.4600067138672,123884200
2012-04-19,107.7428741455078,137.72000122070312,139.14999389648438,137.07000732421875,138.6300048828125,198666700
2012-04-20,107.92279815673828,137.9499969482422,138.8300018310547,137.8699951171875,138.3300018310547,143199600
2012-04-23,107.01531982421876,136.7899932861328,136.91000366210938,135.94000244140625,136.5399932861328,171844900
2012-04-24,107.42213439941406,137.30999755859375,137.66000366210938,136.8000030517578,136.91000366210938,137484200
2012-04-25,108.89290618896484,139.19000244140625,139.25,138.52999877929688,138.64999389648438,150252200
2012-04-26,109.65177154541016,140.16000366210938,140.32000732421875,138.80999755859375,138.88999938964844,136291600
2012-04-27,109.83171844482422,140.38999938964844,140.7899932861328,139.8000030517578,140.5800018310547,130725000
2012-04-30,109.42489624023438,139.8699951171875,140.2100067138672,139.49000549316406,140.11000061035156,115092200
2012-05-01,110.1054916381836,140.74000549316406,141.66000366210938,139.6300048828125,139.7899932861328,138832200
2012-05-02,109.77693939208984,140.32000732421875,140.4600067138672,139.4600067138672,139.9199981689453,121081000
2012-05-03,108.93986511230467,139.25,140.4499969482422,138.99000549316406,140.33999633789062,143759700
2012-05-04,107.17958068847656,137.0,139.3000030517578,136.9199981689453,138.52000427246094,193927300
2012-05-07,107.25779724121094,137.10000610351562,137.55999755859375,136.4600067138672,136.50999450683594,127765900
2012-05-08,106.82755279541016,136.5500030517578,136.77000427246094,134.9199981689453,136.27999877929688,213377700
2012-05-09,106.19384002685548,135.74000549316406,136.61000061035156,134.49000549316406,135.10000610351562,220752500
2012-05-10,106.41293334960938,136.02000427246094,136.85000610351562,135.7100067138672,136.67999267578125,150600000
2012-05-11,106.09219360351562,135.61000061035156,136.8699951171875,135.11000061035156,135.1699981689453,153032400
2012-05-14,104.91867065429688,134.11000061035156,135.61000061035156,133.91000366210938,134.30999755859375,163910000
2012-05-15,104.31624603271484,133.33999633789062,134.80999755859375,133.1300048828125,134.02000427246094,207629300
2012-05-16,103.91727447509766,132.8300018310547,134.5500030517578,132.8000030517578,133.94000244140625,207265500
2012-05-17,102.3760757446289,130.86000061035156,133.02000427246094,130.7899932861328,132.86000061035156,247992900
2012-05-18,101.4998779296875,129.74000549316406,131.60000610351562,129.5500030517578,131.3699951171875,319615900
2012-05-21,103.24447631835938,131.97000122070312,132.02000427246094,129.9499969482422,130.16000366210938,177861100
2012-05-22,103.42439270019533,132.1999969482422,133.22999572753906,131.33999633789062,132.30999755859375,197531200
2012-05-23,103.47915649414062,132.27000427246094,132.4600067138672,129.99000549316406,131.25,204958400
2012-05-24,103.68254089355467,132.52999877929688,132.83999633789062,131.4199981689453,132.6300048828125,167357600
2012-05-25,103.34617614746094,132.10000610351562,132.85000610351562,131.77999877929688,132.47999572753906,135465600
2012-05-29,104.5978775024414,133.6999969482422,133.92999267578125,131.1699981689453,133.16000366210938,152883500
2012-05-30,103.08013153076172,131.75999450683594,133.69000244140625,131.49000549316406,132.55999755859375,162370400
2012-05-31,102.85327911376952,131.47000122070312,132.4499969482422,130.33999633789062,131.7100067138672,196186000
2012-06-01,100.26378631591795,128.16000366210938,131.5,128.16000366210938,129.41000366210938,253240900
2012-06-04,100.2168197631836,128.10000610351562,128.74000549316406,127.13999938964844,128.38999938964844,202545800
2012-06-05,100.9757308959961,129.07000732421875,129.25999450683594,127.77999877929688,127.8499984741211,164149400
2012-06-06,103.24447631835938,131.97000122070312,132.02999877929688,129.92999267578125,129.97000122070312,184202800
2012-06-07,103.3070297241211,132.0500030517578,133.52999877929688,131.77999877929688,133.47000122070312,184772700
2012-06-08,104.12850189208984,133.10000610351562,133.1300048828125,131.2899932861328,131.7100067138672,143915400
2012-06-11,102.80633544921876,131.41000366210938,134.25,131.27999877929688,134.1699981689453,169756100
2012-06-12,103.9876937866211,132.9199981689453,133.00999450683594,131.16000366210938,131.7899932861328,181931800
2012-06-13,103.3227081298828,132.07000732421875,133.36000061035156,131.6199951171875,132.52999877929688,172223900
2012-06-14,104.41793823242188,133.47000122070312,134.0,131.97999572753906,132.33999633789062,230615500
2012-06-15,105.48585510253906,134.13999938964844,134.25999450683594,133.10000610351562,133.3800048828125,169444500
2012-06-18,105.69033813476562,134.39999389648438,134.72999572753906,133.27999877929688,133.5800018310547,131360900
2012-06-19,106.71266174316406,135.6999969482422,136.25,134.3699951171875,135.0800018310547,137382600
2012-06-20,106.53962707519533,135.47999572753906,136.10000610351562,134.27000427246094,135.7100067138672,206451800
2012-06-21,104.14901733398438,132.44000244140625,135.77999877929688,132.3300018310547,135.63999938964844,205272200
2012-06-22,104.95114135742188,133.4600067138672,133.7100067138672,132.6199951171875,133.1300048828125,130029200
2012-06-25,103.2682876586914,131.32000732421875,132.10000610351562,130.85000610351562,132.0500030517578,146375700
2012-06-26,103.78727722167967,131.97999572753906,132.3800048828125,130.92999267578125,131.6999969482422,141634000
2012-06-27,104.72309112548828,133.1699981689453,133.42999267578125,131.97000122070312,132.4199981689453,108088000
2012-06-28,104.42424011230467,132.7899932861328,132.99000549316406,131.27999877929688,132.2899932861328,169242100
2012-06-29,107.02720642089844,136.10000610351562,136.27000427246094,134.85000610351562,135.1999969482422,212250900
2012-07-02,107.34962463378906,136.50999450683594,136.64999389648438,135.52000427246094,136.47999572753906,129524500
2012-07-03,108.05736541748048,137.41000366210938,137.50999450683594,136.33999633789062,136.47999572753906,80450000
2012-07-05,107.56980895996094,136.7899932861328,137.8000030517578,136.2899932861328,136.89999389648438,126177500
2012-07-06,106.54749298095705,135.49000549316406,135.77000427246094,134.85000610351562,135.47000122070312,151192100
2012-07-09,106.4138412475586,135.32000732421875,135.57000732421875,134.6999969482422,135.3800048828125,103780500
2012-07-10,105.48585510253906,134.13999938964844,136.22999572753906,133.67999267578125,136.00999450683594,167884800
2012-07-11,105.50157928466795,134.16000366210938,134.60000610351562,133.3800048828125,134.2100067138672,141733400
2012-07-12,104.9904556274414,133.50999450683594,134.22999572753906,132.60000610351562,133.3800048828125,143583200
2012-07-13,106.7519302368164,135.75,135.88999938964844,133.83999633789062,133.86000061035156,129642600
2012-07-16,106.50030517578124,135.42999267578125,135.8300018310547,134.89999389648438,135.44000244140625,97525200
2012-07-17,107.23163604736328,136.36000061035156,136.63999938964844,134.5500030517578,135.97000122070312,138860300
2012-07-18,108.02588653564452,137.3699951171875,137.63999938964844,135.9600067138672,136.0399932861328,113349700
2012-07-19,108.3089828491211,137.72999572753906,138.17999267578125,137.2100067138672,137.64999389648438,129847300
2012-07-20,107.31815338134766,136.47000122070312,137.16000366210938,136.32000732421875,136.9499969482422,142904500
2012-07-23,106.23292541503906,135.08999633789062,136.3800048828125,133.83999633789062,134.47000122070312,145210900
2012-07-24,105.32072448730467,133.92999267578125,135.25,133.02999877929688,135.19000244140625,173301200
2012-07-25,105.34435272216795,133.9600067138672,134.55999755859375,133.25,134.2100067138672,129122300
2012-07-26,107.08221435546876,136.1699981689453,136.4600067138672,135.25999450683594,135.88999938964844,156526500
2012-07-27,109.05604553222656,138.67999267578125,139.07000732421875,136.13999938964844,136.88999938964844,236768900
2012-07-30,109.05604553222656,138.67999267578125,139.33999633789062,138.27000427246094,138.52000427246094,106782000
2012-07-31,108.29329681396484,137.7100067138672,138.8699951171875,137.7100067138672,138.49000549316406,120575900
2012-08-01,108.1988754272461,137.58999633789062,138.72999572753906,137.39999389648438,138.6999969482422,138293800
2012-08-02,107.45185089111328,136.63999938964844,137.57000732421875,135.5800018310547,136.5500030517578,199556600
2012-08-03,109.5829849243164,139.35000610351562,139.63999938964844,136.67999267578125,138.55999755859375,157825000
2012-08-06,109.79527282714844,139.6199951171875,140.1699981689453,139.55999755859375,139.72000122070312,86326200
2012-08-07,110.3457489013672,140.32000732421875,140.9199981689453,140.02999877929688,140.17999267578125,109545100
2012-08-08,110.47941589355467,140.49000549316406,140.64999389648438,139.80999755859375,139.85000610351562,89754700
2012-08-09,110.57376861572266,140.61000061035156,140.88999938964844,140.14999389648438,140.2899932861328,90291700
2012-08-10,110.754638671875,140.83999633789062,140.88999938964844,139.80999755859375,140.0399932861328,99792700
2012-08-13,110.69960021972656,140.77000427246094,140.83999633789062,140.0399932861328,140.60000610351562,79426900
2012-08-14,110.7153549194336,140.7899932861328,141.3800048828125,140.3699951171875,141.2899932861328,102379400
2012-08-15,110.8411865234375,140.9499969482422,141.19000244140625,140.5500030517578,140.63999938964844,71085900
2012-08-16,111.65901947021484,141.99000549316406,142.16000366210938,140.8000030517578,141.14999389648438,112014200
2012-08-17,111.80838775634766,142.17999267578125,142.3000030517578,141.86000061035156,142.22999572753906,90813700
2012-08-20,111.8162841796875,142.19000244140625,142.22000122070312,141.58999633789062,141.97999572753906,78255700
2012-08-21,111.47814178466795,141.75999450683594,143.08999633789062,141.4499969482422,142.5399932861328,105581100
2012-08-22,111.52533721923828,141.82000732421875,142.0500030517578,141.07000732421875,141.39999389648438,133243500
2012-08-23,110.61312866210938,140.66000366210938,141.47999572753906,140.44000244140625,141.47000122070312,111466400
2012-08-24,111.28153228759766,141.50999450683594,141.8300018310547,140.22000122070312,140.30999755859375,99481200
2012-08-27,111.30511474609376,141.5399932861328,142.0800018310547,141.33999633789062,141.88999938964844,68785900
2012-08-28,111.19501495361328,141.39999389648438,141.83999633789062,140.97000122070312,141.17999267578125,75689600
2012-08-29,111.28153228759766,141.50999450683594,141.88999938964844,141.1199951171875,141.52000427246094,65421300
2012-08-30,110.47941589355467,140.49000549316406,140.94000244140625,140.19000244140625,140.89999389648438,96589900
2012-08-31,111.00633239746094,141.16000366210938,141.82000732421875,140.36000061035156,141.2899932861328,151970400
2012-09-04,110.90408325195312,141.02999877929688,141.4600067138672,140.1300048828125,141.0399932861328,120226200
2012-09-05,110.8097152709961,140.91000366210938,141.47000122070312,140.6300048828125,141.08999633789062,100660300
2012-09-06,113.05876922607422,143.77000427246094,143.77999877929688,141.75,141.75999450683594,158272500
2012-09-07,113.49913024902344,144.3300018310547,144.38999938964844,143.8800048828125,144.00999450683594,107272100
2012-09-10,112.85431671142578,143.50999450683594,144.44000244140625,143.4600067138672,144.19000244140625,86458500
2012-09-11,113.16888427734376,143.91000366210938,144.3699951171875,143.55999755859375,143.60000610351562,88760000
2012-09-12,113.54637145996094,144.38999938964844,144.5500030517578,143.89999389648438,144.38999938964844,87640900
2012-09-13,115.27639770507812,146.58999633789062,147.0399932861328,143.99000549316406,144.3699951171875,225470200
2012-09-14,115.7875518798828,147.24000549316406,148.11000061035156,146.75999450683594,146.8800048828125,169777000
2012-09-17,115.39431762695312,146.74000549316406,147.19000244140625,146.3699951171875,146.94000244140625,119427800
2012-09-18,115.29997253417967,146.6199951171875,146.80999755859375,146.25,146.49000549316406,98326600
2012-09-19,115.36288452148438,146.6999969482422,147.1699981689453,146.41000366210938,146.7899932861328,128318300
2012-09-20,115.37076568603516,146.7100067138672,146.7899932861328,145.6300048828125,146.02999877929688,154009800
2012-09-21,115.3225326538086,145.8699951171875,146.6699981689453,145.80999755859375,146.63999938964844,108737500
2012-09-24,115.14860534667967,145.64999389648438,145.97999572753906,145.0399932861328,145.14999389648438,95682000
2012-09-25,113.9231948852539,144.10000610351562,146.24000549316406,144.05999755859375,145.9600067138672,133165200
2012-09-26,113.28279876708984,143.2899932861328,144.11000061035156,142.9499969482422,144.07000732421875,146502200
2012-09-27,114.35009765625,144.63999938964844,144.97000122070312,143.50999450683594,143.88999938964844,111830300
2012-09-28,113.82042694091795,143.97000122070312,144.55999755859375,143.4600067138672,144.08999633789062,150696100
2012-10-01,114.1208038330078,144.35000610351562,145.69000244140625,144.00999450683594,144.52000427246094,135911200
2012-10-02,114.2394790649414,144.5,145.14999389648438,143.8300018310547,144.9199981689453,113422200
2012-10-03,114.70581817626952,145.08999633789062,145.42999267578125,144.1300048828125,144.88999938964844,121283100
2012-10-04,115.528076171875,146.1300048828125,146.33999633789062,145.44000244140625,145.63999938964844,124311600
2012-10-05,115.53598022460938,146.13999938964844,147.16000366210938,145.6999969482422,146.91000366210938,124842100
2012-10-08,115.14069366455078,145.63999938964844,146.1199951171875,145.30999755859375,145.60000610351562,78415400
2012-10-09,114.00221252441406,144.1999969482422,145.64999389648438,144.14999389648438,145.52999877929688,148872900
2012-10-10,113.27490234375,143.27999877929688,144.32000732421875,143.08999633789062,144.17999267578125,124247500
2012-10-11,113.3381805419922,143.36000061035156,144.49000549316406,143.3300018310547,144.27999877929688,123601500
2012-10-12,112.966552734375,142.88999938964844,143.9499969482422,142.5800018310547,143.4600067138672,124181900
2012-10-15,113.90734100341795,144.0800018310547,144.22999572753906,142.77000427246094,143.22999572753906,107689100
2012-10-16,115.06158447265624,145.5399932861328,145.63999938964844,144.66000366210938,144.75999450683594,108815500
2012-10-17,115.58341217041016,146.1999969482422,146.32000732421875,145.4199981689453,145.63999938964844,128834100
2012-10-18,115.2829818725586,145.82000732421875,146.52000427246094,145.3300018310547,145.82000732421875,148108500
2012-10-19,113.3618621826172,143.38999938964844,145.55999755859375,143.0500030517578,145.5500030517578,185645200
2012-10-22,113.37767791748048,143.41000366210938,143.6699981689453,142.27999877929688,143.14999389648438,125578600
2012-10-23,111.8043975830078,141.4199981689453,142.05999755859375,140.8300018310547,141.86000061035156,192056300
2012-10-24,111.48818969726562,141.02000427246094,142.10000610351562,140.8000030517578,141.92999267578125,120179400
2012-10-25,111.81233978271484,141.42999267578125,142.27999877929688,140.57000732421875,142.02000427246094,134457400
2012-10-26,111.74907684326172,141.35000610351562,141.83999633789062,140.38999938964844,141.3000030517578,146023500
2012-10-31,111.74907684326172,141.35000610351562,142.02999877929688,140.67999267578125,141.85000610351562,103438500
2012-11-01,112.91910552978516,142.8300018310547,143.00999450683594,141.52000427246094,141.64999389648438,100995600
2012-11-02,111.91510009765624,141.55999755859375,143.72000122070312,141.41000366210938,143.67999267578125,137702200
2012-11-05,112.14439392089844,141.85000610351562,142.1699981689453,140.92999267578125,141.35000610351562,98378500
2012-11-06,113.02194213867188,142.9600067138672,143.52000427246094,142.1300048828125,142.27999877929688,107068100
2012-11-07,110.4604034423828,139.72000122070312,141.67999267578125,139.05999755859375,141.66000366210938,264304500
2012-11-08,109.13224029541016,138.0399932861328,140.41000366210938,137.92999267578125,139.6999969482422,181517300
2012-11-09,109.22714233398438,138.16000366210938,139.44000244140625,137.5500030517578,137.6199951171875,201055300
2012-11-12,109.31410217285156,138.27000427246094,138.80999755859375,137.9600067138672,138.58999633789062,97677500
2012-11-13,108.93458557128906,137.7899932861328,139.25,137.36000061035156,137.5399932861328,123018300
2012-11-14,107.46409606933594,135.92999267578125,138.42999267578125,135.6199951171875,138.2100067138672,191505000
2012-11-15,107.28228759765624,135.6999969482422,136.49000549316406,135.17999267578125,135.97999572753906,178128400
2012-11-16,107.8119888305664,136.3699951171875,136.63999938964844,134.6999969482422,135.89999389648438,239483900
2012-11-19,109.99398040771484,139.1300048828125,139.14999389648438,136.41000366210938,137.89999389648438,151495800
2012-11-20,110.04141235351562,139.19000244140625,139.4199981689453,138.0800018310547,138.91000366210938,119807400
2012-11-21,110.24695587158205,139.4499969482422,139.57000732421875,139.02999877929688,139.30999755859375,81710800
2012-11-23,111.74907684326172,141.35000610351562,141.39999389648438,140.0399932861328,140.1300048828125,65409200
2012-11-26,111.51190948486328,141.0500030517578,141.36000061035156,140.19000244140625,140.64999389648438,100124400
2012-11-27,110.94266510009766,140.3300018310547,141.38999938964844,140.24000549316406,140.91000366210938,128646200
2012-11-28,111.83606719970705,141.4600067138672,141.5399932861328,139.0,139.75999450683594,177086500
2012-11-29,112.35785675048828,142.1199951171875,142.50999450683594,141.3699951171875,141.99000549316406,151085900
2012-11-30,112.38153839111328,142.14999389648438,142.4199981689453,141.66000366210938,142.13999938964844,136568300
2012-12-03,111.82815551757812,141.4499969482422,142.9199981689453,141.33999633789062,142.8000030517578,124656300
2012-12-04,111.67001342773438,141.25,141.8699951171875,140.8699951171875,141.44000244140625,127512200
2012-12-05,111.86766052246094,141.5,142.16000366210938,140.3699951171875,141.3699951171875,147300500
2012-12-06,112.2471923828125,141.97999572753906,142.0399932861328,141.16000366210938,141.3699951171875,103220600
2012-12-07,112.58710479736328,142.41000366210938,142.69000244140625,141.6699981689453,142.52999877929688,108726400
2012-12-10,112.63458251953124,142.47000122070312,142.80999755859375,142.14999389648438,142.2100067138672,98840700
2012-12-11,113.40144348144533,143.44000244140625,144.11000061035156,142.99000549316406,143.05999755859375,152570400
2012-12-12,113.4567413330078,143.50999450683594,144.5500030517578,143.30999755859375,144.0,145880100
2012-12-13,112.76104736328124,142.6300048828125,143.8300018310547,142.27000427246094,143.4199981689453,135715000
2012-12-14,112.34201049804688,142.10000610351562,142.5800018310547,141.8800048828125,142.32000732421875,137701700
2012-12-17,113.6623077392578,143.77000427246094,143.85000610351562,142.42999267578125,142.47000122070312,143238200
2012-12-18,114.92723846435548,145.3699951171875,145.5,143.7899932861328,144.0,177762800
2012-12-19,114.07341003417967,144.2899932861328,145.5800018310547,144.24000549316406,145.52999877929688,150895400
2012-12-20,114.72960662841795,145.1199951171875,145.13999938964844,143.97999572753906,144.3800048828125,168487000
2012-12-21,113.68814086914062,142.7899932861328,144.08999633789062,141.94000244140625,142.1699981689453,245883800
2012-12-24,113.33787536621094,142.35000610351562,142.55999755859375,142.19000244140625,142.47999572753906,53874600
2012-12-26,112.86011505126952,141.75,142.7100067138672,141.35000610351562,142.63999938964844,106947700
2012-12-27,112.70883178710938,141.55999755859375,142.0800018310547,139.9199981689453,141.7899932861328,167920600
2012-12-28,111.4906768798828,140.02999877929688,141.4199981689453,139.8699951171875,140.63999938964844,148806700
2012-12-31,113.38561248779295,142.41000366210938,142.55999755859375,139.5399932861328,139.66000366210938,243935200
2013-01-02,116.29170989990234,146.05999755859375,146.14999389648438,144.72999572753906,145.11000061035156,192059000
2013-01-03,116.02896881103516,145.72999572753906,146.3699951171875,145.33999633789062,145.99000549316406,144761800
2013-01-04,116.5385513305664,146.3699951171875,146.61000061035156,145.6699981689453,145.97000122070312,116817700
2013-01-07,116.22004699707033,145.97000122070312,146.11000061035156,145.42999267578125,145.85000610351562,110002500
2013-01-08,115.88566589355467,145.5500030517578,145.91000366210938,144.97999572753906,145.7100067138672,121265100
2013-01-09,116.18023681640624,145.9199981689453,146.32000732421875,145.63999938964844,145.8699951171875,90745600
2013-01-10,117.10383605957033,147.0800018310547,147.08999633789062,145.97000122070312,146.72999572753906,130735400
2013-01-11,117.09587097167967,147.07000732421875,147.14999389648438,146.61000061035156,147.0399932861328,113917300
2013-01-14,117.01626586914062,146.97000122070312,147.07000732421875,146.42999267578125,146.88999938964844,89567200
2013-01-15,117.09587097167967,147.07000732421875,147.2100067138672,146.1999969482422,146.2899932861328,93172600
2013-01-16,117.07994842529295,147.0500030517578,147.27999877929688,146.61000061035156,146.77000427246094,104849500
2013-01-17,117.8363265991211,148.0,148.4199981689453,147.14999389648438,147.6999969482422,133833500
2013-01-18,118.09906768798828,148.3300018310547,148.49000549316406,147.42999267578125,147.97000122070312,169906000
2013-01-22,118.73609161376952,149.1300048828125,149.1300048828125,147.97999572753906,148.3300018310547,111797300
2013-01-23,118.9271240234375,149.3699951171875,149.5,148.86000061035156,149.1300048828125,104596100
2013-01-24,118.95894622802734,149.41000366210938,150.13999938964844,149.00999450683594,149.14999389648438,146426400
2013-01-25,119.6278076171875,150.25,150.25,149.3699951171875,149.8800048828125,147211600
2013-01-28,119.48443603515624,150.07000732421875,150.3300018310547,149.50999450683594,150.2899932861328,113357700
2013-01-29,119.95421600341795,150.66000366210938,150.85000610351562,149.6699981689453,149.77000427246094,105694400
2013-01-30,119.48443603515624,150.07000732421875,150.94000244140625,149.92999267578125,150.63999938964844,137447700
2013-01-31,119.18987274169922,149.6999969482422,150.3800048828125,149.60000610351562,149.88999938964844,108975800
2013-02-01,120.416015625,151.24000549316406,151.4199981689453,150.38999938964844,150.64999389648438,131173000
2013-02-04,119.06248474121094,149.5399932861328,151.27000427246094,149.42999267578125,150.32000732421875,159073600
2013-02-05,120.26468658447266,151.0500030517578,151.47999572753906,150.2899932861328,150.35000610351562,113912400
2013-02-06,120.3523178100586,151.16000366210938,151.25999450683594,150.41000366210938,150.52000427246094,138762800
2013-02-07,120.19307708740234,150.9600067138672,151.35000610351562,149.86000061035156,151.2100067138672,162490000
2013-02-08,120.86187744140624,151.8000030517578,151.88999938964844,151.22000122070312,151.22000122070312,103133700
2013-02-11,120.83798217773438,151.77000427246094,151.89999389648438,151.38999938964844,151.74000549316406,73775000
2013-02-12,121.0370101928711,152.02000427246094,152.3000030517578,151.61000061035156,151.77999877929688,65392700
2013-02-13,121.1405258178711,152.14999389648438,152.61000061035156,151.72000122070312,152.3300018310547,82322600
2013-02-14,121.25202178955078,152.2899932861328,152.47000122070312,151.52000427246094,151.69000244140625,80834300
2013-02-15,121.10863494873048,152.11000061035156,152.58999633789062,151.5500030517578,152.42999267578125,215226500
2013-02-19,122.01634979248048,153.25,153.27999877929688,152.16000366210938,152.3699951171875,95105400
2013-02-20,120.49561309814452,151.33999633789062,153.19000244140625,151.25999450683594,153.13999938964844,160574800
2013-02-21,119.76312255859376,150.4199981689453,151.4199981689453,149.94000244140625,150.9600067138672,183257000
2013-02-22,120.93351745605467,151.88999938964844,151.88999938964844,150.49000549316406,151.14999389648438,106356600
2013-02-25,118.63249969482422,149.0,152.86000061035156,149.0,152.6300048828125,245824800
2013-02-26,119.44464111328124,150.02000427246094,150.1999969482422,148.72999572753906,149.72000122070312,186596200
2013-02-27,120.94947052001952,151.91000366210938,152.3300018310547,149.75999450683594,149.88999938964844,150781900
2013-02-28,120.71057891845705,151.61000061035156,152.8699951171875,151.41000366210938,151.89999389648438,126866000
2013-03-01,121.10863494873048,152.11000061035156,152.33999633789062,150.41000366210938,151.08999633789062,170634800
2013-03-04,121.75355529785156,152.9199981689453,152.9199981689453,151.52000427246094,151.75999450683594,99010200
2013-03-05,122.84436798095705,154.2899932861328,154.6999969482422,153.63999938964844,153.66000366210938,121431900
2013-03-06,123.01158905029295,154.5,154.9199981689453,154.16000366210938,154.83999633789062,94469900
2013-03-07,123.23452758789062,154.77999877929688,154.97999572753906,154.52000427246094,154.6999969482422,86101400
2013-03-08,123.7599868774414,155.44000244140625,155.64999389648438,154.66000366210938,155.4600067138672,123477800
2013-03-11,124.22969818115234,156.02999877929688,156.0399932861328,155.1300048828125,155.32000732421875,83746800
2013-03-12,123.95108032226562,155.67999267578125,156.10000610351562,155.2100067138672,155.9199981689453,105755800
2013-03-13,124.12622833251952,155.89999389648438,156.1199951171875,155.22999572753906,155.75999450683594,92550900
2013-03-14,124.78707122802734,156.72999572753906,156.8000030517578,155.91000366210938,156.30999755859375,126329900
2013-03-15,124.6223602294922,155.8300018310547,156.0399932861328,155.30999755859375,155.85000610351562,138601100
2013-03-18,123.93458557128906,154.97000122070312,155.63999938964844,154.1999969482422,154.33999633789062,126704300
2013-03-19,123.64665222167967,154.61000061035156,155.50999450683594,153.58999633789062,155.3000030517578,167567300
2013-03-20,124.5103759765625,155.69000244140625,155.9499969482422,155.25999450683594,155.52000427246094,113759300
2013-03-21,123.44671630859376,154.36000061035156,155.63999938964844,154.10000610351562,154.75999450683594,128605000
2013-03-22,124.43839263916016,155.60000610351562,155.60000610351562,154.72999572753906,154.85000610351562,111163600
2013-03-25,123.9185791015625,154.9499969482422,156.27000427246094,154.35000610351562,156.00999450683594,151322300
2013-03-26,124.91022491455078,156.19000244140625,156.22999572753906,155.4199981689453,155.58999633789062,86856600
2013-03-27,124.91022491455078,156.19000244140625,156.24000549316406,155.0,155.25999450683594,99950600
2013-03-28,125.29411315917967,156.6699981689453,156.85000610351562,155.75,156.08999633789062,102932800
2013-04-01,124.79830932617188,156.0500030517578,156.91000366210938,155.6699981689453,156.58999633789062,99194100
2013-04-02,125.4140167236328,156.82000732421875,157.2100067138672,156.3699951171875,156.61000061035156,101504300
2013-04-03,124.14248657226562,155.22999572753906,157.02999877929688,154.82000732421875,156.91000366210938,154167400
2013-04-04,124.64632415771484,155.86000061035156,156.1699981689453,155.08999633789062,155.42999267578125,131885000
2013-04-05,124.08650970458984,155.16000366210938,155.35000610351562,153.77000427246094,153.9499969482422,159666000
2013-04-08,124.92621612548828,156.2100067138672,156.22000122070312,154.75,155.27000427246094,86571200
2013-04-09,125.35811614990234,156.75,157.32000732421875,155.97999572753906,156.5,101922200
2013-04-10,126.8935546875,158.6699981689453,158.8699951171875,157.1300048828125,157.1699981689453,135711100
2013-04-11,127.30945587158205,159.19000244140625,159.7100067138672,158.5399932861328,158.6999969482422,110142500
2013-04-12,126.9975128173828,158.8000030517578,159.0399932861328,157.9199981689453,158.67999267578125,116359900
2013-04-15,124.05450439453124,155.1199951171875,158.1300048828125,155.10000610351562,158.0,217259000
2013-04-16,125.88591003417967,157.41000366210938,157.49000549316406,155.91000366210938,156.2899932861328,147507800
2013-04-17,124.04655456542967,155.11000061035156,156.32000732421875,154.27999877929688,156.2899932861328,226834800
2013-04-18,123.27080535888672,154.13999938964844,155.41000366210938,153.5500030517578,155.3699951171875,167583200
2013-04-19,124.3424072265625,155.47999572753906,155.5500030517578,154.1199951171875,154.5,149687600
2013-04-22,124.89423370361328,156.1699981689453,156.5399932861328,154.75,155.77999877929688,106553500
2013-04-23,126.18182373046876,157.77999877929688,157.92999267578125,156.1699981689453,156.9499969482422,166141300
2013-04-24,126.26177215576172,157.8800048828125,158.3000030517578,157.5399932861328,157.8300018310547,96781200
2013-04-25,126.77361297607422,158.52000427246094,159.27000427246094,158.10000610351562,158.33999633789062,131060600
2013-04-26,126.5496597290039,158.24000549316406,158.60000610351562,157.72999572753906,158.3300018310547,95918800
2013-04-29,127.39742279052734,159.3000030517578,159.64999389648438,158.4199981689453,158.6699981689453,88572800
2013-04-30,127.70124053955078,159.67999267578125,159.72000122070312,158.61000061035156,159.27000427246094,116010700
2013-05-01,126.58168029785156,158.27999877929688,159.41000366210938,158.10000610351562,159.3300018310547,138874200
2013-05-02,127.75733184814452,159.75,159.88999938964844,158.52999877929688,158.67999267578125,96407600
2013-05-03,129.0528564453125,161.3699951171875,161.8800048828125,159.77999877929688,161.13999938964844,144202300
2013-05-06,129.3807830810547,161.77999877929688,162.00999450683594,161.4199981689453,161.49000549316406,66882100
2013-05-07,130.0364990234375,162.60000610351562,162.64999389648438,161.6699981689453,162.1300048828125,90359200
2013-05-08,130.62826538085938,163.33999633789062,163.38999938964844,162.3300018310547,162.4199981689453,97419200
2013-05-09,130.26046752929688,162.8800048828125,163.6999969482422,162.47000122070312,163.27000427246094,106738600
2013-05-10,130.684326171875,163.41000366210938,163.5500030517578,162.50999450683594,162.99000549316406,103203000
2013-05-13,130.7882843017578,163.5399932861328,163.80999755859375,162.82000732421875,163.1999969482422,81843200
2013-05-14,132.13978576660156,165.22999572753906,165.35000610351562,163.6699981689453,163.6699981689453,119000900
2013-05-15,132.85157775878906,166.1199951171875,166.4499969482422,164.91000366210938,164.9600067138672,120718500
2013-05-16,132.22776794433594,165.33999633789062,166.36000061035156,165.08999633789062,165.77999877929688,109913600
2013-05-17,133.50729370117188,166.94000244140625,167.0399932861328,165.72999572753906,165.9499969482422,129801000
2013-05-20,133.49932861328125,166.92999267578125,167.5800018310547,166.61000061035156,166.77999877929688,85071200
2013-05-21,133.69126892089844,167.1699981689453,167.8000030517578,166.5,167.0800018310547,95804200
2013-05-22,132.69961547851562,165.92999267578125,169.07000732421875,165.1699981689453,167.33999633789062,244031800
2013-05-23,132.31576538085938,165.4499969482422,165.91000366210938,163.94000244140625,164.16000366210938,211064400
2013-05-24,132.20375061035156,165.30999755859375,165.3800048828125,163.97999572753906,164.47000122070312,151573900
2013-05-28,132.99554443359375,166.3000030517578,167.77999877929688,165.80999755859375,167.0399932861328,143679800
2013-05-29,132.13182067871094,165.22000122070312,165.8000030517578,164.33999633789062,165.4199981689453,160363400
2013-05-30,132.61965942382812,165.8300018310547,166.58999633789062,165.22000122070312,165.35000610351562,107793800
2013-05-31,130.7162628173828,163.4499969482422,166.30999755859375,163.1300048828125,165.3699951171875,176850100
2013-06-03,131.43600463867188,164.35000610351562,164.4600067138672,162.66000366210938,163.8300018310547,168390700
2013-06-04,130.80426025390625,163.55999755859375,165.10000610351562,162.72999572753906,164.44000244140625,157631500
2013-06-05,128.97286987304688,161.27000427246094,163.4199981689453,161.1300048828125,163.08999633789062,211737800
2013-06-06,130.14048767089844,162.72999572753906,162.74000549316406,160.25,161.1999969482422,200225500
2013-06-07,131.79591369628906,164.8000030517578,164.9499969482422,163.13999938964844,163.85000610351562,188337800
2013-06-10,131.79591369628906,164.8000030517578,165.39999389648438,164.3699951171875,165.30999755859375,105667100
2013-06-11,130.43638610839844,163.10000610351562,164.5399932861328,162.74000549316406,163.3000030517578,159505400
2013-06-12,129.35675048828125,161.75,164.38999938964844,161.60000610351562,164.22000122070312,177361500
2013-06-13,131.3240966796875,164.2100067138672,164.5,161.3000030517578,161.66000366210938,163587800
2013-06-14,130.50033569335938,163.17999267578125,164.6699981689453,162.91000366210938,164.02999877929688,141197500
2013-06-17,131.50804138183594,164.44000244140625,165.22000122070312,163.22000122070312,164.2899932861328,136295600
2013-06-18,132.54766845703125,165.74000549316406,165.99000549316406,164.52000427246094,164.52999877929688,114695600
2013-06-19,130.7162628173828,163.4499969482422,165.88999938964844,163.3800048828125,165.60000610351562,206149500
2013-06-20,127.47738647460938,159.39999389648438,163.47000122070312,158.97999572753906,161.86000061035156,321255900
2013-06-21,127.88656616210938,159.07000732421875,159.75999450683594,157.47000122070312,159.63999938964844,271956800
2013-06-24,126.27062225341795,157.05999755859375,158.42999267578125,155.72999572753906,157.41000366210938,222329000
2013-06-25,127.48463439941406,158.57000732421875,160.10000610351562,157.4199981689453,158.47999572753906,162262200
2013-06-26,128.74681091308594,160.13999938964844,160.5,159.25,159.8699951171875,134848000
2013-06-27,129.5026092529297,161.0800018310547,161.82000732421875,160.9499969482422,161.10000610351562,129483700
2013-06-28,128.9719696044922,160.4199981689453,161.39999389648438,159.86000061035156,160.6300048828125,160402900
2013-07-01,129.72767639160156,161.36000061035156,162.47999572753906,161.0800018310547,161.25999450683594,131954800
2013-07-02,129.60707092285156,161.2100067138672,162.3000030517578,160.5,161.1199951171875,154863700
2013-07-03,129.66334533691406,161.27999877929688,161.77000427246094,160.22000122070312,160.47999572753906,75216400
2013-07-05,131.06228637695312,163.02000427246094,163.0800018310547,161.3000030517578,162.47000122070312,122416900
2013-07-08,131.8099365234375,163.9499969482422,164.38999938964844,163.0800018310547,163.86000061035156,108092500
2013-07-09,132.75863647460938,165.1300048828125,165.3300018310547,164.27000427246094,164.97999572753906,119298000
2013-07-10,132.80686950683594,165.19000244140625,165.75,164.6300048828125,164.97000122070312,121410100
2013-07-11,134.61581420898438,167.44000244140625,167.61000061035156,165.17999267578125,167.11000061035156,135592200
2013-07-12,134.67208862304688,167.50999450683594,167.92999267578125,167.1300048828125,167.38999938964844,104212700
2013-07-15,135.18661499023438,168.14999389648438,168.38999938964844,167.67999267578125,167.97000122070312,69450600
2013-07-16,134.68011474609375,167.52000427246094,168.36000061035156,167.07000732421875,168.25999450683594,88702100
2013-07-17,135.0258026123047,167.9499969482422,168.47999572753906,167.72999572753906,168.16000366210938,92873900
2013-07-18,135.76539611816406,168.8699951171875,169.27000427246094,168.1999969482422,168.30999755859375,103620100
2013-07-19,136.00660705566406,169.1699981689453,169.22999572753906,168.30999755859375,168.52000427246094,103831700
2013-07-22,136.2719268798828,169.5,169.74000549316406,169.00999450683594,169.41000366210938,79428600
2013-07-23,135.9824981689453,169.13999938964844,169.8300018310547,169.0500030517578,169.8000030517578,80829700
2013-07-24,135.4840545654297,168.52000427246094,169.86000061035156,168.17999267578125,169.7899932861328,112914000
2013-07-25,135.8136444091797,168.92999267578125,169.0800018310547,167.94000244140625,168.22000122070312,111088600
2013-07-26,135.95834350585938,169.11000061035156,169.16000366210938,167.52000427246094,168.22000122070312,107814600
2013-07-29,135.54034423828125,168.58999633789062,169.05999755859375,168.11000061035156,168.67999267578125,79695000
2013-07-30,135.54034423828125,168.58999633789062,169.27999877929688,168.19000244140625,169.10000610351562,85209600
2013-07-31,135.6368408203125,168.7100067138672,169.85000610351562,168.49000549316406,168.94000244140625,142388700
2013-08-01,137.2045135498047,170.66000366210938,170.80999755859375,169.89999389648438,169.99000549316406,110438400
2013-08-02,137.43771362304688,170.9499969482422,170.97000122070312,170.0500030517578,170.27999877929688,91116700
2013-08-05,137.23667907714844,170.6999969482422,170.9600067138672,170.35000610351562,170.57000732421875,54072700
2013-08-06,136.4568634033203,169.72999572753906,170.74000549316406,169.35000610351562,170.3699951171875,87495000
2013-08-07,136.01470947265625,169.17999267578125,169.42999267578125,168.5500030517578,169.19000244140625,84854700
2013-08-08,136.51312255859375,169.8000030517578,170.17999267578125,168.92999267578125,169.97999572753906,102181300
2013-08-09,136.11915588378906,169.30999755859375,170.10000610351562,168.72000122070312,169.5800018310547,91757700
2013-08-12,135.95834350585938,169.11000061035156,169.30999755859375,168.3800048828125,168.4600067138672,68593300
2013-08-13,136.36033630371094,169.61000061035156,169.89999389648438,168.41000366210938,169.41000366210938,80806000
2013-08-14,135.66094970703125,168.74000549316406,169.8000030517578,168.6999969482422,169.52999877929688,79829200
2013-08-15,133.7635498046875,166.3800048828125,167.42999267578125,166.08999633789062,167.41000366210938,152931800
2013-08-16,133.3214111328125,165.8300018310547,166.6300048828125,165.5,166.05999755859375,130868200
2013-08-19,132.46925354003906,164.77000427246094,166.2100067138672,164.75999450683594,165.63999938964844,96437600
2013-08-20,133.120361328125,165.5800018310547,166.1999969482422,164.86000061035156,165.0399932861328,89294400
2013-08-21,132.3004150390625,164.55999755859375,166.02999877929688,164.19000244140625,165.1199951171875,159530500
2013-08-22,133.50628662109375,166.05999755859375,166.3000030517578,164.88999938964844,164.89999389648438,101471400
2013-08-23,133.9564971923828,166.6199951171875,166.8300018310547,165.77000427246094,166.5500030517578,90888900
2013-08-26,133.45809936523438,166.0,167.3000030517578,165.88999938964844,166.7899932861328,89702100
2013-08-27,131.31149291992188,163.3300018310547,166.0,163.2100067138672,164.36000061035156,158619400
2013-08-28,131.77789306640625,163.91000366210938,164.49000549316406,163.0500030517578,163.25999450683594,108113000
2013-08-29,131.98684692382812,164.1699981689453,165.0399932861328,163.39999389648438,163.5500030517578,119200500
2013-08-30,131.56875610351562,163.64999389648438,164.52999877929688,163.1699981689453,164.50999450683594,134928900
2013-09-03,132.16371154785156,164.38999938964844,165.5800018310547,163.6999969482422,165.22999572753906,142375100
2013-09-04,133.25704956054688,165.75,166.02999877929688,164.1300048828125,164.42999267578125,97389400
2013-09-05,133.42593383789062,165.9600067138672,166.39999389648438,165.72999572753906,165.85000610351562,63090500
2013-09-06,133.49024963378906,166.0399932861328,166.97999572753906,164.47999572753906,166.50999450683594,159756500
2013-09-09,134.76852416992188,167.6300048828125,167.72999572753906,166.4499969482422,166.4499969482422,87559300
2013-09-10,135.76539611816406,168.8699951171875,168.89999389648438,168.25999450683594,168.63999938964844,105847200
2013-09-11,136.1915283203125,169.39999389648438,169.39999389648438,168.35000610351562,168.63999938964844,94545900
2013-09-12,135.82977294921875,168.9499969482422,169.55999755859375,168.72000122070312,169.33999633789062,83209000
2013-09-13,136.13525390625,169.3300018310547,169.4600067138672,168.74000549316406,169.1300048828125,72727800
2013-09-16,136.9231414794922,170.30999755859375,171.24000549316406,170.0399932861328,171.16000366210938,106299200
2013-09-17,137.53421020507812,171.07000732421875,171.11000061035156,170.4600067138672,170.4600067138672,82523300
2013-09-18,139.1260223388672,173.0500030517578,173.52000427246094,170.5800018310547,171.00999450683594,203460600
2013-09-19,138.8928680419922,172.75999450683594,173.60000610351562,172.58999633789062,173.52000427246094,146616900
2013-09-20,137.9218292236328,170.72000122070312,172.3300018310547,170.5800018310547,172.3300018310547,132867100
2013-09-23,137.28358459472656,169.92999267578125,170.64999389648438,169.38999938964844,170.49000549316406,104616500
2013-09-24,136.96041870117188,169.52999877929688,170.52999877929688,169.2100067138672,169.89999389648438,106333100
2013-09-25,136.56451416015625,169.0399932861328,169.97999572753906,168.88999938964844,169.63999938964844,117306500
2013-09-26,137.0897216796875,169.69000244140625,170.1699981689453,169.0500030517578,169.32000732421875,77146900
2013-09-27,136.45956420898438,168.91000366210938,169.13999938964844,168.47000122070312,168.83999633789062,99141800
2013-09-30,135.7324676513672,168.00999450683594,168.5399932861328,167.14999389648438,167.47999572753906,143937000
2013-10-01,136.80691528320312,169.33999633789062,169.5,167.97000122070312,168.13999938964844,127160000
2013-10-02,136.67767333984375,169.17999267578125,169.33999633789062,167.8300018310547,168.35000610351562,113350000
2013-10-03,135.4173583984375,167.6199951171875,168.94000244140625,166.83999633789062,168.7899932861328,176698000
2013-10-04,136.44332885742188,168.88999938964844,169.05999755859375,167.52999877929688,167.75,96878000
2013-10-07,135.26385498046875,167.42999267578125,168.4499969482422,167.25,167.4199981689453,96295000
2013-10-08,133.68849182128906,165.47999572753906,167.6199951171875,165.36000061035156,167.39999389648438,178015000
2013-10-09,133.7854766845703,165.60000610351562,166.1999969482422,164.52999877929688,165.8000030517578,168973000
2013-10-10,136.66958618164062,169.1699981689453,169.25999450683594,167.22999572753906,167.2899932861328,195955000
2013-10-11,137.5501708984375,170.25999450683594,170.32000732421875,168.77000427246094,168.91000366210938,105040000
2013-10-14,138.09947204589844,170.94000244140625,171.0800018310547,169.0800018310547,169.2100067138672,112106000
2013-10-15,137.0977325439453,169.6999969482422,171.14999389648438,169.47000122070312,170.50999450683594,155485000
2013-10-16,139.01243591308594,172.07000732421875,172.16000366210938,170.63999938964844,170.72000122070312,161676000
2013-10-17,139.94154357910156,173.22000122070312,173.32000732421875,171.33999633789062,171.3699951171875,129389000
2013-10-18,140.88673400878906,174.38999938964844,174.50999450683594,173.50999450683594,173.86000061035156,138316000
2013-10-21,140.89474487304688,174.39999389648438,174.75,174.00999450683594,174.4499969482422,104104000
2013-10-22,141.71080017089844,175.41000366210938,175.92999267578125,174.42999267578125,174.91000366210938,126663000
2013-10-23,141.0321502685547,174.57000732421875,174.88999938964844,173.9600067138672,174.80999755859375,105484000
2013-10-24,141.500732421875,175.14999389648438,175.3699951171875,174.50999450683594,174.9199981689453,70350000
2013-10-25,142.14700317382812,175.9499969482422,176.0,175.1699981689453,175.50999450683594,93625000
2013-10-28,142.37319946289062,176.22999572753906,176.47000122070312,175.6999969482422,175.88999938964844,84979000
2013-10-29,143.13262939453125,177.1699981689453,177.24000549316406,176.3800048828125,176.6300048828125,87401000
2013-10-30,142.4216766357422,176.2899932861328,177.50999450683594,175.66000366210938,177.3800048828125,140002000
2013-10-31,142.01771545410156,175.7899932861328,176.88999938964844,175.52999877929688,176.14999389648438,133795000
2013-11-01,142.3570556640625,176.2100067138672,176.61000061035156,175.22000122070312,176.02000427246094,142805000
2013-11-04,142.85797119140625,176.8300018310547,176.89999389648438,175.97999572753906,176.69000244140625,85677000
2013-11-05,142.40553283691406,176.27000427246094,176.75,175.57000732421875,176.13999938964844,85825000
2013-11-06,143.13262939453125,177.1699981689453,177.5,176.5399932861328,177.02999877929688,87348000
2013-11-07,141.32302856445312,174.92999267578125,177.63999938964844,174.75999450683594,177.5,157000000
2013-11-08,143.22958374023438,177.2899932861328,177.30999755859375,174.85000610351562,174.8699951171875,136713000
2013-11-11,143.25379943847656,177.32000732421875,177.52999877929688,176.91000366210938,177.1199951171875,62614000
2013-11-12,142.9630126953125,176.9600067138672,177.36000061035156,176.3699951171875,176.94000244140625,83990000
2013-11-13,144.11019897460938,178.3800048828125,178.42999267578125,176.08999633789062,176.08999633789062,103844000
2013-11-14,144.8292236328125,179.27000427246094,179.4199981689453,178.25,178.5399932861328,103435000
2013-11-15,145.45936584472656,180.0500030517578,180.1199951171875,179.3300018310547,179.55999755859375,102818000
2013-11-18,144.95037841796875,179.4199981689453,180.5,179.02000427246094,180.3500061035156,104796000
2013-11-19,144.63525390625,179.02999877929688,179.8699951171875,178.72000122070312,179.3300018310547,93891000
2013-11-20,144.18289184570312,178.47000122070312,179.92999267578125,177.97999572753906,179.38999938964844,124909000
2013-11-21,145.34620666503906,179.91000366210938,180.0500030517578,178.86000061035156,178.97000122070312,92841000
2013-11-22,146.07342529296875,180.80999755859375,180.8300018310547,179.77000427246094,179.97999572753906,81296000
2013-11-25,145.9279327392578,180.6300048828125,181.1699981689453,180.3699951171875,181.1300048828125,79486000
2013-11-26,145.96826171875,180.67999267578125,181.22000122070312,180.41000366210935,180.72000122070312,86994000
2013-11-27,146.32374572753906,181.1199951171875,181.2400054931641,180.6499938964844,180.8699951171875,58800000
2013-11-29,146.22682189941406,181.0,181.75,180.8000030517578,181.32000732421875,55870900
2013-12-02,145.84713745117188,180.52999877929688,181.42999267578125,180.25,181.08999633789065,99726000
2013-12-03,145.21702575683594,179.75,180.38999938964844,179.1699981689453,179.94000244140625,116563000
2013-12-04,145.20082092285156,179.72999572753906,180.47999572753903,178.35000610351562,179.10000610351562,123033000
2013-12-05,144.5625457763672,178.94000244140625,179.74000549316406,178.77000427246094,179.41000366210938,106934000
2013-12-06,146.17837524414062,180.94000244140625,181.11000061035156,180.1499938964844,180.6699981689453,127728000
2013-12-09,146.54998779296875,181.3999938964844,181.6699981689453,181.16000366210935,181.47000122070312,70124000
2013-12-10,146.0248565673828,180.75,181.36000061035156,180.63999938964844,180.97999572753903,80976000
2013-12-11,144.3849334716797,178.72000122070312,180.8500061035156,178.5,180.82000732421875,130591000
2013-12-12,143.90821838378906,178.1300048828125,178.86000061035156,177.75999450683594,178.63999938964844,115565000
2013-12-13,143.89207458496094,178.11000061035156,178.66000366210938,177.77000427246094,178.5,107808000
2013-12-16,144.78878784179688,179.22000122070312,179.80999755859375,178.89999389648438,178.9499969482422,96195000
2013-12-17,144.3283233642578,178.64999389648438,179.41000366210938,178.25,179.3800048828125,89886000
2013-12-18,146.7923126220703,181.6999969482422,181.72999572753903,177.32000732421875,178.9199981689453,234906000
2013-12-19,146.62271118164062,181.4900054931641,181.6999969482422,180.7100067138672,181.17999267578125,136531200
2013-12-20,147.47560119628906,181.55999755859375,181.9900054931641,180.57000732421875,180.69000244140625,197087000
2013-12-23,148.26351928710938,182.52999877929688,182.63999938964844,182.07000732421875,182.4499969482422,85598000
2013-12-24,148.58839416503906,182.92999267578125,183.0099945068359,182.52999877929688,182.5399932861328,45368800
2013-12-26,149.34378051757812,183.86000061035156,183.9600067138672,183.32000732421875,183.33999633789065,63365000
2013-12-27,149.33563232421875,183.8500061035156,184.17999267578125,183.66000366210935,184.1000061035156,61814000
2013-12-30,149.31129455566406,183.82000732421875,184.02000427246097,183.5800018310547,183.8699951171875,56857000
2013-12-31,150.0179443359375,184.69000244140625,184.69000244140625,183.92999267578125,184.07000732421875,86119900
2014-01-02,148.58026123046875,182.9199981689453,184.07000732421875,182.47999572753903,183.97999572753903,119636900
2014-01-03,148.55589294433594,182.88999938964844,183.6000061035156,182.6300048828125,183.22999572753903,81390600
2014-01-06,148.12538146972656,182.36000061035156,183.55999755859375,182.0800018310547,183.4900054931641,108028200
2014-01-07,149.03512573242188,183.47999572753903,183.7899932861328,182.9499969482422,183.08999633789065,86144200
2014-01-08,149.06765747070312,183.52000427246097,183.8300018310547,182.88999938964844,183.4499969482422,96582300
2014-01-09,149.16505432128906,183.63999938964844,184.1300048828125,182.8000030517578,184.11000061035156,90683400
2014-01-10,149.57127380371094,184.13999938964844,184.22000122070312,183.0099945068359,183.9499969482422,102026400
2014-01-13,147.58119201660156,181.69000244140625,184.17999267578125,181.33999633789065,183.6699981689453,149892000
2014-01-14,149.18948364257812,183.6699981689453,183.77000427246097,181.9499969482422,182.2899932861328,105016100
2014-01-15,149.99362182617188,184.66000366210935,184.94000244140625,183.7100067138672,184.1000061035156,98525800
2014-01-16,149.7986297607422,184.4199981689453,184.66000366210935,183.8300018310547,184.27999877929688,72290600
2014-01-17,149.16505432128906,183.63999938964844,184.4499969482422,183.32000732421875,184.1000061035156,107848700
2014-01-21,149.60372924804688,184.17999267578125,184.77000427246097,183.0500030517578,184.6999969482422,88621200
2014-01-22,149.701171875,184.3000030517578,184.57000732421875,183.91000366210935,184.4900054931641,61270900
2014-01-23,148.4746551513672,182.7899932861328,183.3999938964844,181.82000732421875,183.3699951171875,132496900
2014-01-24,145.3068389892578,178.88999938964844,181.66000366210935,178.8300018310547,181.6000061035156,208677100
2014-01-27,144.59202575683594,178.00999450683594,179.52000427246094,177.1199951171875,179.05999755859375,180843100
2014-01-28,145.45303344726562,179.07000732421875,179.3000030517578,178.1199951171875,178.13999938964844,110463200
2014-01-29,144.05587768554688,177.35000610351562,178.5500030517578,176.8800048828125,177.5800018310547,216597300
2014-01-30,145.58297729492188,179.22999572753906,179.80999755859375,178.25999450683594,178.8300018310547,118938100
2014-01-31,144.73008728027344,178.17999267578125,179.2899932861328,176.9199981689453,177.00999450683594,194677900
2014-02-03,141.472900390625,174.1699981689453,178.3699951171875,173.8300018310547,177.97000122070312,254837100
2014-02-04,142.46388244628906,175.38999938964844,175.83999633789062,174.11000061035156,174.9499969482422,165012400
2014-02-05,142.28518676757812,175.1699981689453,175.55999755859375,173.7100067138672,174.77999877929688,164230500
2014-02-06,144.16151428222656,177.47999572753906,177.47999572753906,175.22000122070312,175.5800018310547,132877600
2014-02-07,145.94850158691406,179.67999267578125,179.8699951171875,177.72999572753906,178.30999755859375,170787200
2014-02-10,146.21653747558594,180.00999450683594,180.07000732421875,179.2100067138672,179.6999969482422,92218800
2014-02-11,147.8167266845703,181.97999572753903,182.44000244140625,180.0399932861328,180.16000366210935,117814100
2014-02-12,147.8898162841797,182.07000732421875,182.8300018310547,181.7100067138672,182.25,94717700
2014-02-13,148.6533660888672,183.0099945068359,183.1999969482422,180.8300018310547,180.83999633789065,100542200
2014-02-14,149.47377014160156,184.02000427246097,184.36000061035156,182.6699981689453,182.83999633789065,96498400
2014-02-18,149.6524658203125,184.2400054931641,184.4900054931641,183.6499938964844,184.17999267578125,80460900
2014-02-19,148.6614990234375,183.02000427246097,184.9499969482422,182.8699951171875,183.7599945068359,126524300
2014-02-20,149.53872680664062,184.1000061035156,184.52000427246097,182.6000061035156,183.27000427246097,104998100
2014-02-21,149.36814880371094,183.88999938964844,184.88999938964844,183.8000030517578,184.4499969482422,118116400
2014-02-24,150.19668579101562,184.91000366210935,186.1499938964844,184.1999969482422,184.27999877929688,114063900
2014-02-25,150.1398468017578,184.83999633789065,185.58999633789065,184.22999572753903,185.05999755859375,117085000
2014-02-26,150.14791870117188,184.8500061035156,185.6000061035156,184.3300018310547,185.11000061035156,98677200
2014-02-27,150.9358673095703,185.82000732421875,185.8699951171875,184.3699951171875,184.5800018310547,93880800
2014-02-28,151.317626953125,186.2899932861328,187.1499938964844,185.0500030517578,185.7899932861328,150842000
2014-03-03,150.2534942626953,184.97999572753903,185.4499969482422,183.75,184.6499938964844,167748500
2014-03-04,152.365478515625,187.5800018310547,187.97999572753903,186.75,186.7899932861328,167545900
2014-03-05,152.50352478027344,187.75,188.07000732421875,187.4499969482422,187.7400054931641,88376900
2014-03-06,152.85275268554688,188.17999267578125,188.61000061035156,187.77999877929688,188.2100067138672,82516500
2014-03-07,152.91781616210938,188.2599945068359,188.9600067138672,187.42999267578125,188.9600067138672,114513500
2014-03-10,152.83656311035156,188.16000366210935,188.22999572753903,187.0800018310547,187.97000122070312,74939200
2014-03-11,152.08119201660156,187.22999572753903,188.7100067138672,186.8000030517578,188.44000244140625,99009100
2014-03-12,152.1217803955078,187.27999877929688,187.3500061035156,185.8999938964844,186.32000732421875,104824400
2014-03-13,150.41595458984375,185.17999267578125,187.9900054931641,184.66000366210935,187.83999633789065,155014300
2014-03-14,149.99362182617188,184.66000366210935,185.8000030517578,184.44000244140625,184.8500061035156,153919600
2014-03-17,151.35015869140625,186.3300018310547,186.77000427246097,185.5099945068359,185.58999633789065,98359500
2014-03-18,152.4303741455078,187.66000366210935,187.91000366210935,186.5099945068359,186.7100067138672,101804600
2014-03-19,151.61813354492188,186.66000366210935,187.94000244140625,185.47000122070312,187.67999267578125,176267300
2014-03-20,152.50352478027344,187.75,187.88999938964844,185.9199981689453,186.25,117241000
2014-03-21,151.91201782226562,186.1999969482422,189.02000427246097,186.02999877929688,187.7100067138672,163128000
2014-03-24,151.2838134765625,185.42999267578125,187.07000732421875,184.6199951171875,186.83999633789065,121411000
2014-03-25,152.0017852783203,186.30999755859375,186.94000244140625,185.27000427246097,186.3699951171875,103852000
2014-03-26,150.9084930419922,184.97000122070312,187.33999633789065,184.9199981689453,187.0399932861328,119843000
2014-03-27,150.59036254882812,184.5800018310547,185.33999633789065,183.8999938964844,184.75,142383000
2014-03-28,151.3328094482422,185.4900054931641,186.4199981689453,185.0,185.11000061035156,101642000
2014-03-31,152.5728302001953,187.0099945068359,187.3000030517578,185.52000427246097,186.6699981689453,99745000
2014-04-01,153.5845489501953,188.25,188.36000061035156,187.0,187.6199951171875,89193000
2014-04-02,154.09848022460938,188.8800048828125,189.1300048828125,188.13999938964844,188.4900054931641,78774000
2014-04-03,153.89451599121094,188.6300048828125,189.22000122070312,188.0500030517578,189.1699981689453,77435000
2014-04-04,152.0751495361328,186.3999938964844,189.6999969482422,186.1000061035156,189.66000366210935,169381000
2014-04-07,150.39456176757812,184.33999633789065,186.2599945068359,183.9600067138672,185.9499969482422,140803000
2014-04-08,151.0145721435547,185.1000061035156,185.3999938964844,183.58999633789065,184.2599945068359,112660000
2014-04-09,152.63815307617188,187.08999633789065,187.1499938964844,185.05999755859375,185.6000061035156,100254000
2014-04-10,149.431884765625,183.16000366210935,187.1699981689453,182.92999267578125,187.0800018310547,172959000
2014-04-11,148.08566284179688,181.5099945068359,183.4199981689453,181.30999755859375,182.13999938964844,167251000
2014-04-14,149.2523651123047,182.94000244140625,183.3699951171875,181.44000244140625,182.92999267578125,132382000
2014-04-15,150.2803192138672,184.1999969482422,184.3300018310547,181.5099945068359,183.32000732421875,157093000
2014-04-16,151.85491943359375,186.1300048828125,186.13999938964844,184.6499938964844,185.47000122070312,105197000
2014-04-17,152.06703186035156,186.38999938964844,186.91000366210935,185.55999755859375,185.8800048828125,105255000
2014-04-21,152.59732055664062,187.0399932861328,187.1000061035156,186.2100067138672,186.44000244140625,68329000
2014-04-22,153.2908477783203,187.88999938964844,188.3999938964844,187.1300048828125,187.22999572753903,85790000
2014-04-23,152.93185424804688,187.4499969482422,187.9199981689453,187.3000030517578,187.82000732421875,73869000
2014-04-24,153.2418975830078,187.8300018310547,188.38999938964844,186.92999267578125,188.3699951171875,88170000
2014-04-25,151.98550415039062,186.2899932861328,187.3300018310547,185.8699951171875,187.22000122070312,100380000
2014-04-28,152.46681213378906,186.8800048828125,187.69000244140625,184.9600067138672,187.0500030517578,135121000
2014-04-29,153.17654418945312,187.75,188.0399932861328,187.0800018310547,187.47999572753903,84098000
2014-04-30,153.63348388671875,188.30999755859375,188.5,187.17999267578125,187.44000244140625,101508000
2014-05-01,153.64981079101562,188.3300018310547,188.83999633789065,187.72999572753903,188.22000122070312,93019000
2014-05-02,153.42950439453125,188.05999755859375,189.13999938964844,187.77999877929688,188.30999755859375,98122000
2014-05-05,153.72325134277344,188.4199981689453,188.5500030517578,186.6199951171875,187.13999938964844,75883000
2014-05-06,152.38525390625,186.77999877929688,188.1300048828125,186.7400054931641,188.0,85454000
2014-05-07,153.2826690673828,187.8800048828125,187.97000122070312,186.0099945068359,187.41000366210935,106500000
2014-05-08,153.11952209472656,187.67999267578125,189.0500030517578,187.0800018310547,187.7100067138672,93618000
2014-05-09,153.34791564941406,187.9600067138672,188.0399932861328,186.8300018310547,187.7100067138672,83679000
2014-05-12,154.8408966064453,189.7899932861328,189.8800048828125,188.0,188.8000030517578,86940000
2014-05-13,154.97964477539062,189.9600067138672,190.4199981689453,189.77000427246097,190.0399932861328,66454000
2014-05-14,154.24537658691406,189.05999755859375,189.8800048828125,188.7899932861328,189.7899932861328,72367000
2014-05-15,152.89105224609375,187.3999938964844,188.72000122070312,186.47999572753903,188.67999267578125,154956000
2014-05-16,153.42138671875,188.0500030517578,188.1300048828125,186.72000122070312,187.5099945068359,97458000
2014-05-19,153.9842987060547,188.7400054931641,188.88999938964844,187.52000427246097,187.69000244140625,63839000
2014-05-20,153.01336669921875,187.5500030517578,188.6699981689453,187.07000732421875,188.6499938964844,111644000
2014-05-21,154.3025360107422,189.1300048828125,189.22000122070312,188.05999755859375,188.08999633789065,89093000
2014-05-22,154.6777801513672,189.58999633789065,189.97999572753903,188.86000061035156,189.17999267578125,61549000
2014-05-23,155.29783630371094,190.3500061035156,190.47999572753903,189.58999633789065,189.7599945068359,61092800
2014-05-27,156.25241088867188,191.52000427246097,191.5800018310547,190.9499969482422,191.05999755859375,72010000
2014-05-28,156.13818359375,191.3800048828125,191.82000732421875,191.05999755859375,191.52000427246097,66723000
2014-05-29,156.94586181640625,192.3699951171875,192.3999938964844,191.3300018310547,191.82000732421875,64377000
2014-05-30,157.1987762451172,192.67999267578125,192.8000030517578,192.02999877929688,192.19000244140625,76316000
2014-06-02,157.3782196044922,192.8999938964844,192.9900054931641,191.97000122070312,192.9499969482422,64656000
2014-06-03,157.2966766357422,192.8000030517578,192.8999938964844,192.25,192.42999267578125,65047000
2014-06-04,157.6147918701172,193.19000244140625,193.3000030517578,192.27000427246097,192.47000122070312,55529000
2014-06-05,158.64280700683594,194.4499969482422,194.6499938964844,192.6999969482422,193.41000366210935,92103000
2014-06-06,159.40155029296875,195.3800048828125,195.42999267578125,194.77999877929688,194.8699951171875,78696000
2014-06-09,159.56472778320312,195.5800018310547,196.0500030517578,195.1699981689453,195.3500061035156,65119000
2014-06-10,159.5810546875,195.6000061035156,195.63999938964844,194.9199981689453,195.33999633789065,57129000
2014-06-11,159.02626037597656,194.9199981689453,195.1199951171875,194.47999572753903,194.8999938964844,68772000
2014-06-12,157.9004364013672,193.5399932861328,194.8000030517578,193.11000061035156,194.69000244140625,106350000
2014-06-13,158.38182067871094,194.1300048828125,194.32000732421875,193.3000030517578,193.9199981689453,82017000
2014-06-16,158.5122833251953,194.2899932861328,194.6999969482422,193.66000366210935,193.88999938964844,87424000
2014-06-17,158.952880859375,194.8300018310547,194.97000122070312,193.80999755859375,194.02000427246097,84834000
2014-06-18,160.11952209472656,196.2599945068359,196.3699951171875,194.3999938964844,194.8300018310547,105267000
2014-06-19,160.29901123046875,196.47999572753903,196.6000061035156,195.8000030517578,196.42999267578125,85929000
2014-06-20,160.6244354248047,195.94000244140625,196.1000061035156,195.6999969482422,196.02999877929688,100587000
2014-06-23,160.5752716064453,195.8800048828125,196.0500030517578,195.52000427246097,195.9900054931641,70611000
2014-06-24,159.6079559326172,194.6999969482422,196.5,194.47999572753903,195.52999877929688,96237000
2014-06-25,160.32936096191406,195.5800018310547,195.77999877929688,194.25,194.2899932861328,82782000
2014-06-26,160.21458435058594,195.44000244140625,195.6300048828125,194.1300048828125,195.61000061035156,84312000
2014-06-27,160.5260772705078,195.82000732421875,195.8800048828125,194.88999938964844,194.97999572753903,71445100
2014-06-30,160.44412231445312,195.72000122070312,196.1699981689453,195.52999877929688,195.6999969482422,70201200
2014-07-01,161.51795959472656,197.02999877929688,197.6300048828125,196.1300048828125,196.1999969482422,90470000
2014-07-02,161.6819610595703,197.22999572753903,197.47999572753903,196.9600067138672,197.0500030517578,52475000
2014-07-03,162.4770965576172,198.1999969482422,198.2899932861328,197.63999938964844,197.7899932861328,52938800
2014-07-07,161.91146850585938,197.5099945068359,197.97999572753903,197.22000122070312,197.82000732421875,61696000
2014-07-08,160.87037658691406,196.2400054931641,197.22000122070312,195.7599945068359,197.1499938964844,108143000
2014-07-09,161.59176635742188,197.1199951171875,197.3000030517578,196.30999755859375,196.72999572753903,72992000
2014-07-10,160.95240783691406,196.33999633789065,196.86000061035156,195.05999755859375,195.22000122070312,99040000
2014-07-11,161.1737060546875,196.61000061035156,196.75,195.77999877929688,196.22000122070312,64243000
2014-07-14,161.9852752685547,197.6000061035156,197.86000061035156,197.44000244140625,197.61000061035156,58658000
2014-07-15,161.6819610595703,197.22999572753903,198.1000061035156,196.36000061035156,197.72000122070312,111307000
2014-07-16,162.28038024902344,197.9600067138672,198.2599945068359,197.4199981689453,198.11000061035156,79986400
2014-07-17,160.4359130859375,195.7100067138672,198.1000061035156,195.42999267578125,197.3500061035156,145398000
2014-07-18,162.075439453125,197.7100067138672,197.91000366210935,196.2400054931641,196.3500061035156,124330000
2014-07-21,161.7721405029297,197.33999633789065,197.5,196.42999267578125,197.08999633789065,67592000
2014-07-22,162.4770965576172,198.1999969482422,198.55999755859375,197.8699951171875,198.0099945068359,67678000
2014-07-23,162.8378143310547,198.63999938964844,198.8500061035156,198.1000061035156,198.5,65612000
2014-07-24,162.84600830078125,198.6499938964844,199.05999755859375,198.4499969482422,198.8300018310547,56888000
2014-07-25,162.08363342285156,197.72000122070312,198.2599945068359,197.3300018310547,198.08999633789065,76837000
2014-07-28,162.1492156982422,197.8000030517578,198.08999633789065,196.6199951171875,197.7599945068359,69259000
2014-07-29,161.4524383544922,196.9499969482422,198.4499969482422,196.9199981689453,198.1699981689453,80466000
2014-07-30,161.47703552246094,196.97999572753903,197.91000366210935,196.16000366210935,197.6499938964844,104222000
2014-07-31,158.28814697265625,193.08999633789065,195.77999877929688,192.97000122070312,195.61000061035156,183479000
2014-08-01,157.804443359375,192.5,193.7599945068359,191.57000732421875,192.55999755859375,189261000
2014-08-04,158.94390869140625,193.88999938964844,194.3000030517578,192.0500030517578,192.8699951171875,91340000
2014-08-05,157.40272521972656,192.0099945068359,193.6000061035156,191.30999755859375,193.1000061035156,152690000
2014-08-06,157.45196533203125,192.07000732421875,192.88999938964844,191.0800018310547,191.11000061035156,94818000
2014-08-07,156.5994110107422,191.02999877929688,193.1300048828125,190.5500030517578,192.94000244140625,135733000
2014-08-08,158.41111755371094,193.2400054931641,193.3699951171875,190.9499969482422,191.4600067138672,117014000
2014-08-11,158.87017822265625,193.8000030517578,194.66000366210935,193.7100067138672,193.97000122070312,74544000
2014-08-12,158.6488037109375,193.52999877929688,194.1499938964844,192.94000244140625,193.61000061035156,73632000
2014-08-13,159.7227325439453,194.83999633789065,195.05999755859375,193.9600067138672,194.2899932861328,69047000
2014-08-14,160.4768829345703,195.7599945068359,195.7599945068359,194.97999572753903,195.16000366210935,57371000
2014-08-15,160.44412231445312,195.72000122070312,196.6499938964844,194.30999755859375,196.47000122070312,139951000
2014-08-18,161.78855895996094,197.36000061035156,197.4499969482422,196.69000244140625,196.8000030517578,75424000
2014-08-19,162.63290405273438,198.38999938964844,198.5399932861328,197.44000244140625,197.83999633789065,59135000
2014-08-20,163.06727600097656,198.9199981689453,199.16000366210935,198.0800018310547,198.1199951171875,72763000
2014-08-21,163.5428009033203,199.5,199.7599945068359,198.92999267578125,199.08999633789065,67791000
2014-08-22,163.28871154785156,199.19000244140625,199.69000244140625,198.7400054931641,199.33999633789065,76107000
2014-08-25,164.11660766601562,200.1999969482422,200.58999633789065,199.1499938964844,200.13999938964844,63855000
2014-08-26,164.22323608398438,200.3300018310547,200.82000732421875,200.27999877929688,200.3300018310547,47298000
2014-08-27,164.15760803222656,200.25,200.57000732421875,199.94000244140625,200.42999267578125,47874000
2014-08-28,164.06744384765625,200.13999938964844,200.27000427246097,199.38999938964844,199.58999633789065,58330000
2014-08-29,164.53475952148438,200.7100067138672,200.72999572753903,199.82000732421875,200.4499969482422,65907000
2014-09-02,164.4527587890625,200.61000061035156,201.0,199.86000061035156,200.97000122070312,72426000
2014-09-03,164.36260986328125,200.5,201.41000366210935,200.22000122070312,201.3800048828125,57462000
2014-09-04,164.12478637695312,200.2100067138672,201.5800018310547,199.66000366210935,200.83999633789065,85236000
2014-09-05,164.8626251220703,201.11000061035156,201.19000244140625,199.41000366210935,200.1699981689453,102177000
2014-09-08,164.4364013671875,200.58999633789065,201.2100067138672,200.0,200.9199981689453,64146000
2014-09-09,163.39523315429688,199.32000732421875,200.5500030517578,198.91000366210935,200.41000366210935,88591000
2014-09-10,164.01014709472656,200.07000732421875,200.1999969482422,198.77000427246097,199.42999267578125,67251000
2014-09-11,164.19862365722656,200.3000030517578,200.3300018310547,199.1199951171875,199.27000427246097,66774400
2014-09-12,163.239501953125,199.1300048828125,200.1199951171875,198.55999755859375,200.1000061035156,117409300
2014-09-15,163.11648559570312,198.97999572753903,199.32000732421875,198.3800048828125,199.16000366210935,76401000
2014-09-16,164.34616088867188,200.47999572753903,200.83999633789065,198.5,198.61000061035156,116201000
2014-09-17,164.56753540039062,200.75,201.67999267578125,199.75,200.77000427246097,151266000
2014-09-18,165.44467163085938,201.82000732421875,201.8500061035156,201.1000061035156,201.36000061035156,94990000
2014-09-19,165.2956085205078,200.6999969482422,201.8999938964844,200.2899932861328,201.52000427246097,121649000
2014-09-22,164.01901245117188,199.1499938964844,200.3800048828125,198.72999572753903,200.3500061035156,125553000
2014-09-23,163.0801544189453,198.0099945068359,199.2599945068359,197.9499969482422,198.42999267578125,111393000
2014-09-24,164.3567352294922,199.55999755859375,199.69000244140625,197.52000427246097,198.0399932861328,107276000
2014-09-25,161.70477294921875,196.33999633789065,199.0500030517578,196.27000427246097,199.0399932861328,150300000
2014-09-26,162.98953247070312,197.8999938964844,198.38999938964844,196.4199981689453,196.6999969482422,103547000
2014-09-29,162.6930389404297,197.5399932861328,197.88999938964844,196.0500030517578,196.1999969482422,95112000
2014-09-30,162.26473999023438,197.02000427246097,198.3000030517578,196.61000061035156,197.69000244140625,131302000
2014-10-01,160.06581115722656,194.3500061035156,196.77000427246097,193.91000366210935,196.6999969482422,177798000
2014-10-02,160.09046936035156,194.3800048828125,195.05999755859375,192.3500061035156,194.17999267578125,157285000
2014-10-03,161.85296630859375,196.52000427246097,196.94000244140625,195.0800018310547,195.67999267578125,121569000
2014-10-06,161.6635284423828,196.2899932861328,197.6000061035156,195.5800018310547,197.33999633789065,104778000
2014-10-07,159.16807556152344,193.2599945068359,195.72000122070312,193.22000122070312,195.27999877929688,147913000
2014-10-08,161.9517822265625,196.63999938964844,196.9199981689453,192.36000061035156,193.3699951171875,186461000
2014-10-09,158.7397918701172,192.7400054931641,196.6000061035156,192.5800018310547,196.3300018310547,210705000
2014-10-10,156.9278564453125,190.5399932861328,193.6499938964844,190.4900054931641,192.69000244140625,221909000
2014-10-13,154.34999084472656,187.41000366210935,191.1499938964844,187.3000030517578,190.4600067138672,230939000
2014-10-14,154.5888214111328,187.6999969482422,189.82000732421875,187.0399932861328,188.4199981689453,215847000
2014-10-15,153.54287719726562,186.42999267578125,187.69000244140625,181.9199981689453,185.16000366210935,380715000
2014-10-16,153.4110870361328,186.27000427246097,187.5800018310547,182.88999938964844,183.05999755859375,270391000
2014-10-17,155.22300720214844,188.47000122070312,189.75,187.6199951171875,188.4199981689453,214625000
2014-10-20,156.73019409179688,190.3000030517578,190.4499969482422,188.07000732421875,188.1300048828125,130011000
2014-10-21,159.8351593017578,194.07000732421875,194.1999969482422,191.47999572753903,191.67999267578125,154949000
2014-10-22,158.6985626220703,192.69000244140625,194.91000366210935,192.61000061035156,194.41000366210935,151822000
2014-10-23,160.54344177246094,194.92999267578125,196.1999969482422,194.2599945068359,194.6199951171875,154944000
2014-10-24,161.77886962890625,196.42999267578125,196.4900054931641,194.4900054931641,195.25,117927000
2014-10-27,161.5564727783203,196.16000366210935,196.4499969482422,195.02999877929688,195.72999572753903,82954000
2014-10-28,163.40956115722656,198.41000366210935,198.4199981689453,196.72999572753903,196.82000732421875,106736000
2014-10-29,163.16249084472656,198.11000061035156,199.1199951171875,196.8000030517578,198.5500030517578,142557000
2014-10-30,164.20848083496094,199.3800048828125,199.9499969482422,197.3999938964844,197.5800018310547,113330000
2014-10-31,166.08627319335938,201.66000366210935,201.82000732421875,200.77000427246097,201.77999877929688,146903000
2014-11-03,166.1768341064453,201.77000427246097,202.4499969482422,201.30999755859375,201.9199981689453,93600000
2014-11-04,165.600341796875,201.07000732421875,201.6000061035156,200.05999755859375,201.22999572753903,93343000
2014-11-05,166.6463165283203,202.33999633789065,202.58999633789065,201.4499969482422,202.5399932861328,91709000
2014-11-06,167.31332397460938,203.1499938964844,203.2599945068359,201.63999938964844,202.38999938964844,107089000
2014-11-07,167.4698944091797,203.33999633789065,203.6000061035156,202.61000061035156,203.1699981689453,89540000
2014-11-10,167.99700927734375,203.97999572753903,204.0399932861328,203.1300048828125,203.3800048828125,66319000
2014-11-11,168.16165161132812,204.17999267578125,204.30999755859375,203.6499938964844,204.05999755859375,54499400
2014-11-12,167.98056030273438,203.9600067138672,204.2400054931641,203.30999755859375,203.3500061035156,90120300
2014-11-13,168.16995239257812,204.19000244140625,204.8300018310547,203.2100067138672,204.16000366210935,85357900
2014-11-14,168.21116638183594,204.2400054931641,204.4900054931641,203.72000122070312,204.1000061035156,80417500
2014-11-17,168.31826782226562,204.3699951171875,204.5800018310547,203.6499938964844,203.8500061035156,80441000
2014-11-18,169.2900390625,205.5500030517578,205.9199981689453,204.44000244140625,204.44000244140625,76068100
2014-11-19,169.01824951171875,205.22000122070312,205.5500030517578,204.3000030517578,205.30999755859375,82373000
2014-11-20,169.3147430419922,205.5800018310547,205.7100067138672,204.17999267578125,204.2599945068359,72840300
2014-11-21,170.22068786621094,206.67999267578125,207.83999633789065,205.97999572753903,207.63999938964844,142327300
2014-11-24,170.6983642578125,207.2599945068359,207.38999938964844,206.91000366210935,207.1699981689453,65880800
2014-11-25,170.5748748779297,207.11000061035156,207.7899932861328,206.8000030517578,207.5399932861328,79108300
2014-11-26,171.01132202148438,207.63999938964844,207.7599945068359,207.02999877929688,207.2899932861328,62167800
2014-11-28,170.64895629882812,207.1999969482422,207.8699951171875,206.91000366210935,207.4900054931641,57890100
2014-12-01,169.46295166015625,205.7599945068359,206.5399932861328,205.3800048828125,206.3999938964844,103968400
2014-12-02,170.55838012695312,207.08999633789065,207.33999633789065,205.77999877929688,205.80999755859375,74507200
2014-12-03,171.2172393798828,207.88999938964844,208.1499938964844,207.1000061035156,207.3000030517578,68952000
2014-12-04,171.02780151367188,207.66000366210935,208.27000427246097,206.6999969482422,207.5399932861328,91316600
2014-12-05,171.30783081054688,208.0,208.47000122070312,207.5500030517578,207.8699951171875,91025500
2014-12-08,170.1630096435547,206.61000061035156,208.1199951171875,205.92999267578125,207.52000427246097,108588200
2014-12-09,170.04779052734375,206.47000122070312,206.6000061035156,203.91000366210935,204.3699951171875,125180100
2014-12-10,167.32167053222656,203.16000366210935,205.97999572753903,202.92999267578125,205.91000366210935,159856400
2014-12-11,168.16995239257812,204.19000244140625,206.19000244140625,203.7100067138672,203.8800048828125,159012800
2014-12-12,165.45208740234375,200.88999938964844,203.82000732421875,200.8500061035156,202.63999938964844,202330200
2014-12-15,164.31546020507812,199.5099945068359,202.52999877929688,198.77999877929688,201.97999572753903,189965800
2014-12-16,162.99774169921875,197.91000366210935,202.3999938964844,197.86000061035156,198.5800018310547,259543800
2014-12-17,166.19334411621094,201.7899932861328,202.33999633789065,198.2899932861328,198.44000244140625,253910100
2014-12-18,170.3030548095703,206.77999877929688,212.97000122070312,203.9199981689453,204.7400054931641,257633900
2014-12-19,171.02767944335938,206.52000427246097,207.3300018310547,205.61000061035156,206.42999267578125,245084600
2014-12-22,171.81442260742188,207.47000122070312,207.47000122070312,206.4600067138672,206.75,148318900
2014-12-23,172.04627990722656,207.75,208.22999572753903,207.3999938964844,208.1699981689453,122167900
2014-12-24,172.0628204345703,207.77000427246097,208.33999633789065,207.72000122070312,208.02000427246097,42963400
2014-12-26,172.6177215576172,208.44000244140625,208.8500061035156,208.25,208.30999755859375,57326700
2014-12-29,172.84959411621094,208.72000122070312,208.97000122070312,208.13999938964844,208.22000122070312,79643900
2014-12-30,171.9220733642578,207.6000061035156,208.3699951171875,207.5099945068359,208.2100067138672,73540800
2014-12-31,170.21609497070312,205.5399932861328,208.19000244140625,205.38999938964844,207.9900054931641,130333800
2015-01-02,170.1249542236328,205.42999267578125,206.8800048828125,204.17999267578125,206.3800048828125,121465900
2015-01-05,167.0526580810547,201.72000122070312,204.3699951171875,201.3500061035156,204.1699981689453,169632600
2015-01-06,165.47915649414062,199.82000732421875,202.72000122070312,198.86000061035156,202.08999633789065,209151400
2015-01-07,167.54122924804688,202.30999755859375,202.72000122070312,200.8800048828125,201.4199981689453,125346700
2015-01-08,170.51422119140625,205.8999938964844,206.16000366210935,203.9900054931641,204.0099945068359,147217800
2015-01-09,169.1477813720703,204.25,206.4199981689453,203.5099945068359,206.3999938964844,158567300
2015-01-12,167.82275390625,202.6499938964844,204.6000061035156,201.9199981689453,204.41000366210935,144396100
2015-01-13,167.35072326660156,202.0800018310547,205.47999572753903,200.5099945068359,204.1199951171875,214553300
2015-01-14,166.3404083251953,200.86000061035156,201.1000061035156,198.57000732421875,199.6499938964844,192991100
2015-01-15,164.8166046142578,199.02000427246097,202.0099945068359,198.8800048828125,201.6300048828125,176613900
2015-01-16,166.9780731201172,201.6300048828125,201.82000732421875,198.5500030517578,198.77000427246097,211879600
2015-01-20,167.3341522216797,202.05999755859375,202.72000122070312,200.1699981689453,202.3999938964844,130991100
2015-01-21,168.17889404296875,203.0800018310547,203.66000366210935,200.94000244140625,201.5,122942700
2015-01-22,170.67990112304688,206.1000061035156,206.2599945068359,202.3300018310547,203.9900054931641,174356000
2015-01-23,169.7440643310547,204.97000122070312,206.1000061035156,204.80999755859375,205.7899932861328,117516800
2015-01-26,170.14158630371094,205.4499969482422,205.55999755859375,203.8500061035156,204.7100067138672,92009700
2015-01-27,167.89727783203125,202.7400054931641,204.1199951171875,201.7400054931641,202.97000122070312,134044600
2015-01-28,165.74415588378906,200.13999938964844,204.2899932861328,199.91000366210935,204.1699981689453,168514300
2015-01-29,167.2761993408203,201.9900054931641,202.3000030517578,198.67999267578125,200.3800048828125,173585400
2015-01-30,165.17271423339844,199.4499969482422,202.1699981689453,199.1300048828125,200.57000732421875,197729700
2015-02-02,167.21820068359375,201.9199981689453,202.02999877929688,197.86000061035156,200.0500030517578,163107000
2015-02-03,169.6363983154297,204.83999633789065,204.8500061035156,202.5500030517578,203.0,124212900
2015-02-04,168.99044799804688,204.05999755859375,205.3800048828125,203.5099945068359,203.9199981689453,134306700
2015-02-05,170.6964111328125,206.1199951171875,206.3000030517578,204.77000427246097,204.86000061035156,97953200
2015-02-06,170.2244110107422,205.5500030517578,207.2400054931641,204.9199981689453,206.55999755859375,125672000
2015-02-09,169.46246337890625,204.6300048828125,205.63999938964844,204.13999938964844,204.77000427246097,87219000
2015-02-10,171.267822265625,206.80999755859375,207.1199951171875,204.67999267578125,205.8800048828125,96164200
2015-02-11,171.3671417236328,206.92999267578125,207.4499969482422,205.8300018310547,206.61000061035156,91087800
2015-02-12,173.01522827148438,208.9199981689453,208.9900054931641,206.97000122070312,207.88999938964844,97545900
2015-02-13,173.72743225097656,209.77999877929688,209.83999633789065,208.7599945068359,209.07000732421875,93670400
2015-02-17,174.00074768066406,210.11000061035156,210.32000732421875,209.1000061035156,209.3999938964844,76968200
2015-02-18,174.01727294921875,210.1300048828125,210.22000122070312,209.33999633789065,209.66000366210935,80652900
2015-02-19,173.89303588867188,209.97999572753903,210.4199981689453,209.2400054931641,209.41000366210935,91462500
2015-02-20,174.9364776611328,211.2400054931641,211.3300018310547,208.72999572753903,209.47999572753903,140896400
2015-02-23,174.9116973876953,211.2100067138672,211.2100067138672,210.47999572753903,210.94000244140625,74411100
2015-02-24,175.40853881835938,211.80999755859375,212.0500030517578,210.7599945068359,211.1199951171875,72472300
2015-02-25,175.25949096679688,211.6300048828125,212.2400054931641,211.22000122070312,211.66000366210935,73061700
2015-02-26,175.05247497558594,211.3800048828125,211.7100067138672,210.6499938964844,211.52000427246097,72697900
2015-02-27,174.4561767578125,210.66000366210935,211.5800018310547,210.6000061035156,211.2599945068359,108076000
2015-03-02,175.55763244628906,211.9900054931641,212.05999755859375,210.72000122070312,210.77999877929688,87491400
2015-03-03,174.83709716796875,211.1199951171875,212.0500030517578,210.0800018310547,211.47000122070312,110325800
2015-03-04,174.1000518798828,210.22999572753903,210.4900054931641,209.05999755859375,210.3999938964844,114497200
2015-03-05,174.2906036376953,210.4600067138672,210.8000030517578,209.8500061035156,210.6199951171875,76873000
2015-03-06,171.83924865722656,207.5,209.94000244140625,207.1000061035156,209.4199981689453,188128000
2015-03-09,172.55145263671875,208.36000061035156,208.7899932861328,207.5500030517578,207.7400054931641,89818900
2015-03-10,169.75233459472656,204.97999572753903,206.80999755859375,204.92999267578125,206.7100067138672,157121300
2015-03-11,169.3548583984375,204.5,205.5,204.3999938964844,205.2899932861328,110145700
2015-03-12,171.5079803466797,207.1000061035156,207.17999267578125,205.1999969482422,205.2599945068359,93993500
2015-03-13,170.45623779296875,205.8300018310547,207.92999267578125,204.5800018310547,206.77000427246097,162410900
2015-03-16,172.733642578125,208.5800018310547,208.69000244140625,205.86000061035156,206.7100067138672,136099200
2015-03-17,172.22019958496094,207.9600067138672,208.4199981689453,206.97999572753903,207.69000244140625,94510400
2015-03-18,174.2906036376953,210.4600067138672,211.27000427246097,206.6199951171875,207.38999938964844,228808500
2015-03-19,173.49549865722656,209.5,210.47000122070312,209.02999877929688,209.9600067138672,117917300
2015-03-20,175.02699279785156,210.41000366210935,211.02000427246097,209.4900054931641,209.7100067138672,177715100
2015-03-23,174.6859130859375,210.0,211.11000061035156,210.0,210.4199981689453,71784500
2015-03-24,173.70436096191406,208.82000732421875,210.3999938964844,208.7400054931641,209.8500061035156,77805300
2015-03-25,171.15890502929688,205.7599945068359,209.3500061035156,205.7100067138672,209.07000732421875,159521700
2015-03-26,170.7512969970703,205.27000427246097,206.3699951171875,204.1199951171875,204.9600067138672,153067200
2015-03-27,171.1422576904297,205.7400054931641,205.9499969482422,204.8999938964844,205.1300048828125,118939000
2015-03-30,173.23020935058594,208.25,208.61000061035156,206.9600067138672,206.97999572753903,96180400
2015-03-31,171.71617126464844,206.42999267578125,208.1000061035156,206.36000061035156,207.2599945068359,126768700
2015-04-01,171.10899353027344,205.6999969482422,206.4199981689453,204.5099945068359,206.38999938964844,137303600
2015-04-02,171.7245635986328,206.44000244140625,206.97999572753903,205.3999938964844,205.6199951171875,86900900
2015-04-06,172.88082885742188,207.8300018310547,208.4499969482422,205.2100067138672,205.3699951171875,114368200
2015-04-07,172.4232940673828,207.27999877929688,208.7599945068359,207.2400054931641,207.86000061035156,81236300
2015-04-08,173.0055389404297,207.97999572753903,208.5099945068359,207.0800018310547,207.5500030517578,89351900
2015-04-09,173.7708740234375,208.8999938964844,209.17999267578125,207.19000244140625,207.77999877929688,85548900
2015-04-10,174.71917724609375,210.0399932861328,210.08999633789065,208.9600067138672,209.1999969482422,72722900
2015-04-13,173.9289093017578,209.08999633789065,210.6300048828125,209.02999877929688,209.8699951171875,74436600
2015-04-14,174.26168823242188,209.4900054931641,209.7100067138672,208.1000061035156,208.8500061035156,75099900
2015-04-15,175.04356384277344,210.42999267578125,211.0399932861328,209.9499969482422,210.0500030517578,99529300
2015-04-16,174.99365234375,210.3699951171875,210.97999572753903,209.7899932861328,210.02999877929688,68934900
2015-04-17,172.9806671142578,207.9499969482422,209.22999572753903,207.0099945068359,208.94000244140625,191113200
2015-04-20,174.56114196777344,209.8500061035156,210.25,208.9600067138672,209.05999755859375,92189500
2015-04-21,174.3531951904297,209.6000061035156,210.86000061035156,209.2400054931641,210.6699981689453,72559800
2015-04-22,175.2099609375,210.6300048828125,210.8500061035156,208.8999938964844,210.0099945068359,78264600
2015-04-23,175.65086364746094,211.16000366210935,211.94000244140625,210.0099945068359,210.1499938964844,102585900
2015-04-24,176.05845642089844,211.6499938964844,211.97000122070312,211.11000061035156,211.66000366210935,61327400
2015-04-27,175.32643127441406,210.77000427246097,212.47999572753903,210.5399932861328,212.3300018310547,79358100
2015-04-28,175.88372802734375,211.44000244140625,211.5,209.3300018310547,210.7400054931641,86863500
2015-04-29,175.16009521484375,210.57000732421875,211.2899932861328,209.6000061035156,210.3699951171875,125684900
2015-04-30,173.4049072265625,208.4600067138672,210.3500061035156,207.6199951171875,209.8800048828125,161304900
2015-05-01,175.28485107421875,210.72000122070312,210.77000427246097,209.27999877929688,209.3999938964844,103399700
2015-05-04,175.7839813232422,211.32000732421875,212.02000427246097,211.1000061035156,211.22999572753903,70927200
2015-05-05,173.7708740234375,208.8999938964844,211.4600067138672,208.72999572753903,211.02999877929688,113326200
2015-05-06,173.05545043945312,208.0399932861328,209.92999267578125,206.7599945068359,209.55999755859375,135060200
2015-05-07,173.74591064453125,208.8699951171875,209.3800048828125,207.52000427246097,207.9199981689453,88244900
2015-05-08,176.03350830078125,211.6199951171875,211.86000061035156,210.77999877929688,210.8800048828125,155877300
2015-05-11,175.19329833984375,210.61000061035156,211.88999938964844,210.52000427246097,211.57000732421875,75708100
2015-05-12,174.66925048828125,209.97999572753903,210.6300048828125,208.6199951171875,209.61000061035156,119727600
2015-05-13,174.7025146484375,210.02000427246097,211.22000122070312,209.7400054931641,210.47000122070312,94667900
2015-05-14,176.52432250976562,212.2100067138672,212.32000732421875,210.91000366210935,211.2400054931641,95934000
2015-05-15,176.71559143066406,212.44000244140625,212.61000061035156,211.86000061035156,212.44000244140625,76510100
2015-05-18,177.2646026611328,213.1000061035156,213.3999938964844,212.16000366210935,212.2400054931641,74549700
2015-05-19,177.20635986328125,213.02999877929688,213.57000732421875,212.69000244140625,213.2400054931641,72114600
2015-05-20,177.0815887451172,212.8800048828125,213.77999877929688,212.5,213.1499938964844,76857500
2015-05-21,177.5973663330078,213.5,213.75,212.5099945068359,212.7100067138672,64764600
2015-05-22,177.17311096191406,212.9900054931641,213.5399932861328,212.91000366210935,213.0399932861328,57433500
2015-05-26,175.26817321777344,210.6999969482422,212.91000366210935,210.1999969482422,212.3999938964844,124308600
2015-05-27,176.93190002441406,212.6999969482422,212.97999572753903,210.7599945068359,211.25,93214000
2015-05-28,176.73219299316406,212.4600067138672,212.58999633789065,211.6300048828125,212.3300018310547,74974600
2015-05-29,175.6342315673828,211.13999938964844,212.42999267578125,210.82000732421875,212.3800048828125,124919600
2015-06-01,175.99191284179688,211.57000732421875,212.33999633789065,210.6199951171875,211.94000244140625,93338800
2015-06-02,175.81716918945312,211.36000061035156,212.19000244140625,210.27000427246097,211.02000427246097,91531000
2015-06-03,176.28305053710938,211.9199981689453,212.6699981689453,211.3300018310547,212.0,87820900
2015-06-04,174.79400634765625,210.1300048828125,211.86000061035156,209.75,211.07000732421875,151882800
2015-06-05,174.49456787109375,209.77000427246097,210.5800018310547,208.97999572753903,209.9499969482422,121704700
2015-06-08,173.4215087890625,208.47999572753903,209.82000732421875,208.38999938964844,209.63999938964844,89063300
2015-06-09,173.39657592773438,208.4499969482422,209.1000061035156,207.69000244140625,208.4499969482422,105034700
2015-06-10,175.47621154785156,210.9499969482422,211.41000366210935,209.3000030517578,209.3699951171875,134551300
2015-06-11,176.04180908203125,211.6300048828125,212.08999633789065,211.1999969482422,211.47999572753903,73876400
2015-06-12,174.69422912597656,210.0099945068359,211.47999572753903,209.67999267578125,210.63999938964844,135382400
2015-06-15,173.94558715820312,209.11000061035156,209.4499969482422,207.7899932861328,208.63999938964844,124384200
2015-06-16,174.8938446044922,210.25,210.3500061035156,208.72000122070312,208.92999267578125,85308200
2015-06-17,175.1766815185547,210.58999633789065,211.32000732421875,209.36000061035156,210.58999633789065,126708600
2015-06-18,176.9984130859375,212.77999877929688,213.33999633789065,210.6300048828125,211.30999755859375,165867900
2015-06-19,176.21266174316406,210.80999755859375,211.5500030517578,210.36000061035156,211.4600067138672,130478700
2015-06-22,177.1154327392578,211.88999938964844,212.58999633789065,211.63999938964844,211.91000366210935,70696000
2015-06-23,177.2408447265625,212.0399932861328,212.44000244140625,211.57000732421875,212.13999938964844,68476800
2015-06-24,175.95359802246094,210.5,212.1699981689453,210.47000122070312,211.72000122070312,92307300
2015-06-25,175.4185791015625,209.86000061035156,211.25,209.77000427246097,211.1000061035156,97107400
2015-06-26,175.38519287109375,209.82000732421875,210.5800018310547,209.16000366210935,210.2899932861328,104174800
2015-06-29,171.70726013183594,205.4199981689453,209.8300018310547,205.3300018310547,208.0500030517578,202621300
2015-06-30,172.0666961669922,205.8500061035156,207.32000732421875,205.27999877929688,207.2599945068359,182925100
2015-07-01,173.44590759277344,207.5,208.02999877929688,206.55999755859375,207.72999572753903,135979900
2015-07-02,173.2870635986328,207.30999755859375,208.27000427246097,206.80999755859375,208.07000732421875,104373700
2015-07-06,172.7938995361328,206.72000122070312,207.6499938964844,205.52999877929688,205.77000427246097,117975400
2015-07-07,173.8805389404297,208.02000427246097,208.1699981689453,204.11000061035156,206.9600067138672,173820200
2015-07-08,170.9633331298828,204.52999877929688,206.7599945068359,204.25,206.4199981689453,164020100
2015-07-09,171.2726287841797,204.8999938964844,207.3500061035156,204.77000427246097,207.0399932861328,144113100
2015-07-10,173.42916870117188,207.47999572753903,207.97999572753903,204.9499969482422,207.2899932861328,129456900
2015-07-13,175.34336853027344,209.77000427246097,209.8999938964844,208.94000244140625,208.9900054931641,106069400
2015-07-14,176.10403442382812,210.67999267578125,211.0500030517578,209.6499938964844,209.72000122070312,81709600
2015-07-15,176.04550170898438,210.61000061035156,211.27999877929688,210.0399932861328,210.72999572753903,97914100
2015-07-16,177.45809936523438,212.3000030517578,212.3000030517578,211.5800018310547,211.8699951171875,106683300
2015-07-17,177.60861206054688,212.47999572753903,212.5500030517578,211.8000030517578,212.2899932861328,89030000
2015-07-20,177.70057678222656,212.58999633789065,213.17999267578125,212.2100067138672,212.75,70446800
2015-07-21,176.99844360351562,211.75,212.7400054931641,211.38999938964844,212.42999267578125,77965000
2015-07-22,176.6807861328125,211.3699951171875,211.77000427246097,210.88999938964844,210.92999267578125,88667900
2015-07-23,175.68609619140625,210.17999267578125,211.6499938964844,209.75,211.52999877929688,90509100
2015-07-24,173.8638153076172,208.0,210.3699951171875,207.6000061035156,210.3000030517578,117755000
2015-07-27,172.85243225097656,206.7899932861328,207.5500030517578,206.2599945068359,206.94000244140625,132361100
2015-07-28,174.9755401611328,209.3300018310547,209.5,206.8000030517578,207.7899932861328,123544800
2015-07-29,176.17926025390625,210.77000427246097,211.0399932861328,209.30999755859375,209.47999572753903,105791300
2015-07-30,176.22108459472656,210.82000732421875,211.02000427246097,209.4199981689453,210.16000366210935,91304400
2015-07-31,175.95359802246094,210.5,211.4499969482422,210.16000366210935,211.4199981689453,103266900
2015-08-03,175.36009216308594,209.7899932861328,210.52999877929688,208.6499938964844,210.4600067138672,113965700
2015-08-04,175.01734924316406,209.3800048828125,210.25,208.8000030517578,209.6999969482422,81820800
2015-08-05,175.59413146972656,210.07000732421875,211.30999755859375,209.72999572753903,210.4499969482422,85786800
2015-08-06,174.15640258789062,208.3500061035156,210.4199981689453,207.6499938964844,210.2899932861328,116030800
2015-08-07,173.8220672607422,207.9499969482422,208.33999633789065,206.8699951171875,208.16000366210935,117858000
2015-08-10,176.01206970214844,210.57000732421875,210.6699981689453,209.27999877929688,209.27999877929688,80270700
2015-08-11,174.42388916015625,208.6699981689453,209.47000122070312,207.7599945068359,208.97000122070312,126081400
2015-08-12,174.6328582763672,208.9199981689453,209.13999938964844,205.36000061035156,207.11000061035156,172123700
2015-08-13,174.41552734375,208.66000366210935,209.5500030517578,208.0099945068359,208.72999572753903,89383300
2015-08-14,175.05079650878906,209.4199981689453,209.5099945068359,208.2599945068359,208.42999267578125,72786500
2015-08-17,176.0287628173828,210.58999633789065,210.58999633789065,208.16000366210935,208.7100067138672,79072600
2015-08-18,175.51890563964844,209.97999572753903,210.67999267578125,209.6999969482422,210.2599945068359,71692700
2015-08-19,174.13136291503906,208.32000732421875,210.0099945068359,207.3500061035156,209.08999633789065,172946000
2015-08-20,170.4952392578125,203.97000122070312,208.2899932861328,203.8999938964844,206.5099945068359,194327900
2015-08-21,165.3629150390625,197.8300018310547,203.94000244140625,197.52000427246097,201.72999572753903,346588500
2015-08-24,158.4000244140625,189.5,197.47999572753903,182.3999938964844,187.4900054931641,507244300
2015-08-25,156.5359649658203,187.27000427246097,195.4499969482422,186.9199981689453,195.42999267578125,369833100
2015-08-26,162.5460205078125,194.4600067138672,194.7899932861328,188.3699951171875,192.0800018310547,339257000
2015-08-27,166.56661987304688,199.27000427246097,199.4199981689453,195.2100067138672,197.02000427246097,274143900
2015-08-28,166.574951171875,199.27999877929688,199.83999633789065,197.9199981689453,198.5,160414400
2015-08-31,165.22915649414062,197.6699981689453,199.1300048828125,197.0099945068359,198.11000061035156,163298800
2015-09-01,160.29745483398438,191.77000427246097,194.77000427246097,190.72999572753903,193.1199951171875,256000400
2015-09-02,163.34011840820312,195.41000366210935,195.4600067138672,192.4199981689453,194.6199951171875,160269300
2015-09-03,163.45712280273438,195.5500030517578,198.0500030517578,194.9600067138672,196.2599945068359,152087800
2015-09-04,160.98289489746094,192.58999633789065,193.86000061035156,191.61000061035156,192.8500061035156,207081000
2015-09-08,165.028564453125,197.42999267578125,197.61000061035156,195.1699981689453,195.94000244140625,116025700
2015-09-09,162.82183837890625,194.7899932861328,199.47000122070312,194.3500061035156,199.32000732421875,149347700
2015-09-10,163.7078857421875,195.8500061035156,197.22000122070312,194.25,194.55999755859375,158611100
2015-09-11,164.4517364501953,196.7400054931641,196.82000732421875,194.52999877929688,195.3800048828125,119691200
2015-09-14,163.84161376953125,196.0099945068359,197.0099945068359,195.42999267578125,196.9499969482422,79452000
2015-09-15,165.88954162597656,198.4600067138672,198.9900054931641,195.9600067138672,196.61000061035156,113806200
2015-09-16,167.32723999023438,200.17999267578125,200.41000366210935,198.41000366210935,198.82000732421875,99581600
2015-09-17,166.9510955810547,199.72999572753903,202.88999938964844,199.27999877929688,200.02000427246097,276046600
2015-09-18,164.222900390625,195.4499969482422,198.67999267578125,194.9600067138672,195.7100067138672,223657500
2015-09-21,165.07147216796875,196.4600067138672,197.67999267578125,195.2100067138672,196.44000244140625,105726200
2015-09-22,162.92897033691406,193.91000366210935,194.4600067138672,192.55999755859375,193.8800048828125,153890900
2015-09-23,162.66839599609375,193.6000061035156,194.6699981689453,192.91000366210935,194.11000061035156,92790600
2015-09-24,162.08029174804688,192.8999938964844,193.4499969482422,190.55999755859375,192.1499938964844,159378800
2015-09-25,162.0382537841797,192.8500061035156,195.0,191.80999755859375,194.63999938964844,155054800
2015-09-28,157.97152709960938,188.0099945068359,191.91000366210935,187.63999938964844,191.77999877929688,178515900
2015-09-29,158.06394958496094,188.1199951171875,189.7400054931641,186.92999267578125,188.27000427246097,159045600
2015-09-30,161.01318359375,191.6300048828125,191.8300018310547,189.44000244140625,190.3699951171875,163452000
2015-10-01,161.4333038330078,192.1300048828125,192.4900054931641,189.82000732421875,192.0800018310547,131079000
2015-10-02,163.8447723388672,195.0,195.02999877929688,189.1199951171875,189.77000427246097,211003300
2015-10-05,166.76040649414062,198.47000122070312,198.7400054931641,196.3300018310547,196.4600067138672,126320800
2015-10-06,166.1890106201172,197.7899932861328,198.97999572753903,197.0,198.30999755859375,110274500
2015-10-07,167.55010986328125,199.41000366210935,199.8300018310547,197.47999572753903,198.8999938964844,124307300
2015-10-08,169.0625762939453,201.2100067138672,201.5500030517578,198.58999633789065,198.9499969482422,153055200
2015-10-09,169.1634063720703,201.3300018310547,201.8999938964844,200.5800018310547,201.3800048828125,107069200
2015-10-12,169.3230438232422,201.52000427246097,201.7599945068359,200.91000366210935,201.4199981689453,56395600
2015-10-13,168.25599670410156,200.25,202.16000366210935,200.0500030517578,200.6499938964844,88038700
2015-10-14,167.44932556152344,199.2899932861328,200.8699951171875,198.94000244140625,200.17999267578125,99106200
2015-10-15,170.0204315185547,202.3500061035156,202.36000061035156,199.63999938964844,200.0800018310547,134142200
2015-10-16,170.79344177246094,203.27000427246097,203.2899932861328,201.9199981689453,202.8300018310547,114580100
2015-10-19,170.87750244140625,203.3699951171875,203.3699951171875,202.1300048828125,202.5,76523900
2015-10-20,170.65899658203125,203.11000061035156,203.83999633789065,202.5500030517578,202.8500061035156,78448500
2015-10-21,169.60031127929688,201.8500061035156,203.7899932861328,201.6499938964844,203.61000061035156,102038000
2015-10-22,172.46551513671875,205.2599945068359,205.5099945068359,201.8500061035156,202.97999572753903,174911700
2015-10-23,174.35601806640625,207.5099945068359,207.9499969482422,206.3000030517578,207.25,144442300
2015-10-26,173.927490234375,207.0,207.3699951171875,206.55999755859375,207.3000030517578,69033000
2015-10-27,173.59141540527344,206.6000061035156,207.0,205.7899932861328,206.1999969482422,77905800
2015-10-28,175.5659637451172,208.9499969482422,208.97999572753903,206.2100067138672,207.0,135906700
2015-10-29,175.46514892578125,208.8300018310547,209.27000427246097,208.2100067138672,208.3500061035156,90525500
2015-10-30,174.70884704589844,207.92999267578125,209.44000244140625,207.7400054931641,209.05999755859375,131076900
2015-11-02,176.77587890625,210.38999938964844,210.6199951171875,208.1699981689453,208.32000732421875,86270800
2015-11-03,177.28842163085938,211.0,211.66000366210935,209.6999969482422,209.97000122070312,95246100
2015-11-04,176.7506561279297,210.36000061035156,211.5,209.72000122070312,211.3500061035156,96224500
2015-11-05,176.57418823242188,210.1499938964844,210.97999572753903,209.08999633789065,210.42999267578125,78408700
2015-11-06,176.48184204101562,210.0399932861328,210.32000732421875,208.4600067138672,209.7400054931641,110471500
2015-11-09,174.8349609375,208.0800018310547,209.4900054931641,206.9499969482422,209.30999755859375,131008700
2015-11-10,175.23825073242188,208.55999755859375,208.6000061035156,207.19000244140625,207.5099945068359,75874600
2015-11-11,174.54931640625,207.7400054931641,208.94000244140625,207.66000366210935,208.8800048828125,67846000
2015-11-12,172.11256408691406,204.83999633789065,207.05999755859375,204.82000732421875,206.5,121315200
2015-11-13,170.18006896972656,202.5399932861328,204.6699981689453,202.44000244140625,204.3500061035156,153577100
2015-11-16,172.7679901123047,205.6199951171875,205.69000244140625,202.17999267578125,202.32000732421875,117645200
2015-11-17,172.64195251464844,205.47000122070312,207.0399932861328,204.8800048828125,205.9900054931641,121123700
2015-11-18,175.38111877441406,208.72999572753903,208.8999938964844,205.9900054931641,206.0399932861328,121342500
2015-11-19,175.22987365722656,208.5500030517578,209.0500030517578,208.1999969482422,208.58999633789065,88220500
2015-11-20,175.86842346191406,209.30999755859375,210.1199951171875,208.86000061035156,209.4499969482422,94011500
2015-11-23,175.66673278808594,209.07000732421875,209.97999572753903,208.52000427246097,209.3800048828125,64931200
2015-11-24,175.9020233154297,209.3500061035156,209.8300018310547,207.41000366210935,207.8699951171875,98874400
2015-11-25,175.87684631347656,209.32000732421875,209.7400054931641,209.0099945068359,209.5,51980100
2015-11-27,176.07847595214844,209.55999755859375,209.8000030517578,208.86000061035156,209.42999267578125,37317800
2015-11-30,175.34747314453125,208.69000244140625,209.88999938964844,208.55999755859375,209.75,112822700
2015-12-01,177.01956176757812,210.67999267578125,210.82000732421875,209.11000061035156,209.44000244140625,97858400
2015-12-02,175.2130584716797,208.52999877929688,211.0,208.22999572753903,210.6199951171875,108441300
2015-12-03,172.75961303710938,205.61000061035156,209.1499938964844,204.75,208.8300018310547,166224200
2015-12-04,176.12892150878906,209.6199951171875,209.97000122070312,205.61000061035156,205.61000061035156,192913900
2015-12-07,175.06182861328125,208.3500061035156,209.72999572753903,207.1999969482422,209.22999572753903,102027100
2015-12-08,173.885498046875,206.9499969482422,208.2899932861328,205.77999877929688,206.4900054931641,103372400
2015-12-09,172.53271484375,205.33999633789065,208.67999267578125,204.17999267578125,206.19000244140625,162401500
2015-12-10,172.97802734375,205.8699951171875,207.42999267578125,205.13999938964844,205.4199981689453,116128900
2015-12-11,169.6255340576172,201.8800048828125,204.13999938964844,201.5099945068359,203.3500061035156,211173300
2015-12-14,170.48255920410156,202.8999938964844,203.0500030517578,199.9499969482422,202.07000732421875,182385200
2015-12-15,172.2722625732422,205.02999877929688,206.11000061035156,202.8699951171875,204.6999969482422,154069600
2015-12-16,174.7929229736328,208.02999877929688,208.38999938964844,204.8000030517578,206.3699951171875,197017000
2015-12-17,172.12937927246094,204.86000061035156,208.47999572753903,204.83999633789065,208.3999938964844,173092500
2015-12-18,169.06288146972656,200.02000427246097,202.92999267578125,199.8300018310547,202.77000427246097,251393500
2015-12-21,170.45761108398438,201.6699981689453,201.8800048828125,200.08999633789065,201.41000366210935,99094300
2015-12-22,172.00430297851562,203.5,203.8500061035156,201.5500030517578,202.72000122070312,111026200
2015-12-23,174.13436889648438,206.02000427246097,206.07000732421875,204.5800018310547,204.69000244140625,110987200
2015-12-24,173.846923828125,205.67999267578125,206.3300018310547,205.4199981689453,205.72000122070312,48539600
2015-12-28,173.44969177246094,205.2100067138672,205.2599945068359,203.94000244140625,204.86000061035156,65899900
2015-12-29,175.30075073242188,207.3999938964844,207.7899932861328,206.47000122070312,206.5099945068359,92640700
2015-12-30,174.05821228027344,205.92999267578125,207.2100067138672,205.7599945068359,207.11000061035156,63317700
2015-12-31,172.3170623779297,203.8699951171875,205.88999938964844,203.8699951171875,205.1300048828125,114877900
2016-01-04,169.90814208984375,201.02000427246097,201.02999877929688,198.58999633789065,200.4900054931641,222353500
2016-01-05,170.19554138183594,201.36000061035156,201.8999938964844,200.0500030517578,201.3999938964844,110845800
2016-01-06,168.04861450195312,198.82000732421875,200.05999755859375,197.6000061035156,198.33999633789065,152112600
2016-01-07,164.01687622070312,194.0500030517578,197.44000244140625,193.58999633789065,195.3300018310547,213436100
2016-01-08,162.21656799316406,191.9199981689453,195.8500061035156,191.5800018310547,195.19000244140625,209817200
2016-01-11,162.37713623046875,192.11000061035156,193.41000366210935,189.82000732421875,193.0099945068359,187941300
2016-01-12,163.68727111816406,193.66000366210935,194.5500030517578,191.13999938964844,193.82000732421875,172330500
2016-01-13,159.6047821044922,188.8300018310547,194.86000061035156,188.3800048828125,194.4499969482422,221168900
2016-01-14,162.2249755859375,191.92999267578125,193.2599945068359,187.66000366210935,189.5500030517578,240795600
2016-01-15,158.74266052246094,187.80999755859375,188.7599945068359,185.52000427246097,186.77000427246097,324846400
2016-01-19,158.9539794921875,188.05999755859375,190.11000061035156,186.1999969482422,189.9600067138672,195244400
2016-01-20,156.91696166992188,185.6499938964844,187.5,181.02000427246097,185.02999877929688,286547800
2016-01-21,157.79598999023438,186.69000244140625,188.8699951171875,184.63999938964844,186.2100067138672,195772900
2016-01-22,161.03321838378906,190.52000427246097,190.7599945068359,188.8800048828125,189.77999877929688,168319600
2016-01-25,158.59898376464844,187.63999938964844,190.1499938964844,187.41000366210935,189.9199981689453,130371700
2016-01-26,160.76280212402344,190.1999969482422,190.52999877929688,188.02000427246097,188.4199981689453,141036800
2016-01-27,159.0131378173828,188.1300048828125,191.55999755859375,187.05999755859375,189.5800018310547,185681700
2016-01-28,159.84141540527344,189.11000061035156,190.1999969482422,187.16000366210935,189.9600067138672,143798800
2016-01-29,163.73794555664062,193.72000122070312,193.8800048828125,189.8800048828125,190.02000427246097,210529300
2016-02-01,163.6787872314453,193.6499938964844,194.5800018310547,191.83999633789065,192.52999877929688,136061600
2016-02-02,160.7289581298828,190.16000366210935,191.97000122070312,189.5399932861328,191.9600067138672,182564900
2016-02-03,161.69252014160156,191.3000030517578,191.77999877929688,187.1000061035156,191.41000366210935,205054900
2016-02-04,161.94606018066406,191.6000061035156,192.75,189.9600067138672,190.7100067138672,139531800
2016-02-05,158.86097717285156,187.9499969482422,191.6699981689453,187.1999969482422,190.9900054931641,180788300
2016-02-08,156.72254943847656,185.4199981689453,186.1199951171875,182.8000030517578,185.77000427246097,191526700
2016-02-09,156.73098754882812,185.42999267578125,186.94000244140625,183.1999969482422,183.36000061035156,184513100
2016-02-10,156.5957794189453,185.27000427246097,188.33999633789065,185.1199951171875,186.41000366210935,148214100
2016-02-11,154.558837890625,182.86000061035156,184.1000061035156,181.08999633789065,182.33999633789065,219058900
2016-02-12,157.74530029296875,186.6300048828125,186.6499938964844,183.9600067138672,184.9600067138672,127632400
2016-02-16,160.40780639648438,189.77999877929688,189.80999755859375,187.6300048828125,188.77000427246097,120250700
2016-02-17,163.0279541015625,192.8800048828125,193.32000732421875,191.0099945068359,191.16000366210935,136009500
2016-02-18,162.36024475097656,192.08999633789065,193.27000427246097,191.72000122070312,193.1999969482422,102343000
2016-02-19,162.28416442871094,192.0,192.17999267578125,190.4499969482422,191.1699981689453,114793000
2016-02-22,164.6339111328125,194.77999877929688,194.9499969482422,193.7899932861328,193.8699951171875,103640300
2016-02-23,162.5546417236328,192.32000732421875,194.32000732421875,192.17999267578125,194.0,111455300
2016-02-24,163.29843139648438,193.1999969482422,193.52999877929688,189.32000732421875,190.6300048828125,150812200
2016-02-25,165.2762451171875,195.5399932861328,195.5500030517578,192.8300018310547,193.72999572753903,110728300
2016-02-26,164.89593505859375,195.08999633789065,196.67999267578125,194.8999938964844,196.57000732421875,129833700
2016-02-29,163.60275268554688,193.55999755859375,196.22999572753903,193.3300018310547,195.11000061035156,125918100
2016-03-01,167.4485321044922,198.11000061035156,198.2100067138672,194.4499969482422,195.0099945068359,141799700
2016-03-02,168.2008056640625,199.0,199.05999755859375,197.25,197.7400054931641,102415000
2016-03-03,168.86007690429688,199.77999877929688,199.8000030517578,198.11000061035156,198.7899932861328,95172200
2016-03-04,169.40943908691406,200.42999267578125,201.3500061035156,199.02999877929688,200.0099945068359,129293600
2016-03-07,169.54470825195312,200.58999633789065,201.07000732421875,199.25,199.33999633789065,100219000
2016-03-08,167.69366455078125,198.3999938964844,199.9199981689453,198.2100067138672,199.32000732421875,123974900
2016-03-09,168.52200317382812,199.3800048828125,199.7899932861328,198.42999267578125,199.36000061035156,94801200
2016-03-10,168.65721130371094,199.5399932861328,201.07000732421875,197.3800048828125,199.9600067138672,156838700
2016-03-11,171.3788604736328,202.7599945068359,202.80999755859375,199.52000427246097,201.2599945068359,137964500
2016-03-14,171.15908813476562,202.5,203.0399932861328,201.77000427246097,202.16000366210935,73612000
2016-03-15,170.8801727294922,202.1699981689453,202.52999877929688,201.0500030517578,201.36000061035156,93169100
2016-03-16,171.8690948486328,203.33999633789065,203.82000732421875,201.5500030517578,201.6000061035156,129303200
2016-03-17,172.95938110351562,204.6300048828125,205.22999572753903,202.77000427246097,203.2400054931641,134278500
2016-03-18,173.63909912109375,204.3800048828125,204.77999877929688,203.8000030517578,204.1699981689453,138372400
2016-03-21,173.885498046875,204.6699981689453,204.94000244140625,203.8000030517578,204.07000732421875,72926700
2016-03-22,173.79205322265625,204.55999755859375,205.22999572753903,203.57000732421875,203.7599945068359,97471900
2016-03-23,172.64508056640625,203.2100067138672,204.3300018310547,203.0099945068359,204.11000061035156,81052500
2016-03-24,172.568603515625,203.1199951171875,203.16000366210935,201.7400054931641,202.0,84360900
2016-03-28,172.67054748535156,203.2400054931641,203.86000061035156,202.7100067138672,203.61000061035156,62408200
2016-03-29,174.26776123046875,205.1199951171875,205.25,202.3999938964844,202.7599945068359,92922900
2016-03-30,175.03244018554688,206.02000427246097,206.8699951171875,205.58999633789065,206.3000030517578,86365300
2016-03-31,174.60763549804688,205.52000427246097,206.41000366210935,205.3300018310547,205.91000366210935,94584100
2016-04-01,175.7969970703125,206.9199981689453,207.13999938964844,203.97999572753903,204.3500061035156,114423500
2016-04-04,175.2278289794922,206.25,207.07000732421875,205.88999938964844,206.8300018310547,63497000
2016-04-05,173.47769165039062,204.19000244140625,206.2599945068359,203.88999938964844,204.6699981689453,99662200
2016-04-06,175.3722686767578,206.4199981689453,206.4900054931641,203.97999572753903,204.19000244140625,91839800
2016-04-07,173.27377319335938,203.9499969482422,205.55999755859375,203.08999633789065,205.13999938964844,113859000
2016-04-08,173.74105834960938,204.5,205.8500061035156,203.8699951171875,205.33999633789065,95040600
2016-04-11,173.333251953125,204.02000427246097,206.07000732421875,203.91000366210935,205.25,83757500
2016-04-12,174.9474639892578,205.9199981689453,206.25,203.6999969482422,204.22000122070312,115350600
2016-04-13,176.71456909179688,208.0,208.1000061035156,206.83999633789065,207.0,96336400
2016-04-14,176.7230682373047,208.0099945068359,208.6000061035156,207.6000061035156,208.07000732421875,65212900
2016-04-15,176.52772521972656,207.77999877929688,208.1699981689453,207.3999938964844,208.0099945068359,75761600
2016-04-18,177.76809692382812,209.2400054931641,209.27999877929688,207.0,207.77999877929688,82531000
2016-04-19,178.3288116455078,209.8999938964844,210.1999969482422,208.94000244140625,209.7400054931641,88316100
2016-04-20,178.49874877929688,210.1000061035156,210.9199981689453,209.38999938964844,209.9499969482422,81100300
2016-04-21,177.5386962890625,208.97000122070312,210.25,208.6499938964844,210.1199951171875,85695000
2016-04-22,177.5386962890625,208.97000122070312,209.2899932861328,207.91000366210935,208.5500030517578,99251700
2016-04-25,177.23289489746094,208.61000061035156,208.66000366210935,207.5399932861328,208.2599945068359,66166500
2016-04-26,177.4962615966797,208.9199981689453,209.52000427246097,208.36000061035156,209.0399932861328,75864200
2016-04-27,177.86151123046875,209.3500061035156,209.80999755859375,208.0500030517578,208.47000122070312,77329400
2016-04-28,176.247314453125,207.4499969482422,209.7599945068359,206.9600067138672,208.4600067138672,97216200
2016-04-29,175.29579162597656,206.3300018310547,207.1300048828125,205.02999877929688,206.72000122070312,142424100
2016-05-02,176.6890869140625,207.97000122070312,208.17999267578125,206.41000366210935,206.9199981689453,62188000
2016-05-03,175.15135192871094,206.16000366210935,206.8000030517578,205.27999877929688,206.52000427246097,106422100
2016-05-04,174.17433166503906,205.0099945068359,205.8500061035156,204.4199981689453,204.9900054931641,92243800
2016-05-05,174.14031982421875,204.97000122070312,205.97999572753903,204.47000122070312,205.55999755859375,67619200
2016-05-06,174.77752685546875,205.72000122070312,205.77000427246097,203.8800048828125,204.05999755859375,89315000
2016-05-09,174.9219512939453,205.88999938964844,206.3999938964844,205.36000061035156,205.57000732421875,74374900
2016-05-10,177.09693908691406,208.4499969482422,208.47000122070312,206.63999938964844,206.72000122070312,77472200
2016-05-11,175.44017028808594,206.5,208.5399932861328,206.5,207.91000366210935,81727000
2016-05-12,175.49124145507812,206.55999755859375,207.4900054931641,205.3699951171875,207.2899932861328,89586300
2016-05-13,173.9619140625,204.7599945068359,206.86000061035156,204.3800048828125,206.2100067138672,96474600
2016-05-16,175.67811584472656,206.77999877929688,207.33999633789065,204.88999938964844,204.9600067138672,77486800
2016-05-17,174.03842163085938,204.8500061035156,206.8000030517578,204.22999572753903,206.4600067138672,114924900
2016-05-18,174.08937072753906,204.91000366210935,206.3000030517578,203.6300048828125,204.44000244140625,120062100
2016-05-19,173.4862060546875,204.1999969482422,204.5399932861328,202.77999877929688,204.05999755859375,115430500
2016-05-20,174.58213806152344,205.4900054931641,206.1000061035156,204.86000061035156,204.9199981689453,104990400
2016-05-23,174.34426879882812,205.2100067138672,205.83999633789065,204.9900054931641,205.5099945068359,58682600
2016-05-24,176.6041717529297,207.8699951171875,208.2400054931641,206.13999938964844,206.1699981689453,93537800
2016-05-25,177.80206298828125,209.27999877929688,209.77000427246097,207.8699951171875,208.6699981689453,76621400
2016-05-26,177.85308837890625,209.33999633789065,209.7100067138672,208.97000122070312,209.44000244140625,55280700
2016-05-27,178.6177215576172,210.2400054931641,210.25,209.47000122070312,209.52999877929688,64211200
2016-05-31,178.2778778076172,209.83999633789065,210.69000244140625,209.17999267578125,210.55999755859375,109879400
2016-06-01,178.64320373535156,210.27000427246097,210.47999572753903,208.88999938964844,209.1199951171875,69936200
2016-06-02,179.1868896484375,210.91000366210935,210.92999267578125,209.2400054931641,209.8000030517578,63044700
2016-06-03,178.65167236328125,210.27999877929688,210.69000244140625,208.86000061035156,210.25,101757100
2016-06-06,179.56077575683594,211.3500061035156,211.77000427246097,210.5099945068359,210.6999969482422,64887000
2016-06-07,179.84107971191406,211.67999267578125,212.33999633789065,211.5,211.52999877929688,60974800
2016-06-08,180.42730712890625,212.3699951171875,212.52000427246097,211.69000244140625,211.83999633789065,66170900
2016-06-09,180.1808929443359,212.0800018310547,212.22000122070312,211.19000244140625,211.5099945068359,73786900
2016-06-10,178.47328186035156,210.07000732421875,210.86000061035156,209.42999267578125,210.4600067138672,113829200
2016-06-13,177.09693908691406,208.4499969482422,210.3699951171875,208.3500061035156,209.36000061035156,117751200
2016-06-14,176.74853515625,208.0399932861328,208.7400054931641,206.9199981689453,208.0,125059300
2016-06-15,176.502197265625,207.75,209.36000061035156,207.52999877929688,208.0399932861328,109124500
2016-06-16,177.02891540527344,208.3699951171875,208.57000732421875,205.58999633789065,207.75,149533100
2016-06-17,176.36964416503906,206.52000427246097,207.1999969482422,205.75,207.1699981689453,117055700
2016-06-20,177.50550842285156,207.8500061035156,209.61000061035156,207.75,208.82000732421875,82789600
2016-06-21,178.0093536376953,208.44000244140625,208.9199981689453,207.77999877929688,208.3000030517578,72461700
2016-06-22,177.718994140625,208.1000061035156,209.5,207.92999267578125,208.6499938964844,95560500
2016-06-23,180.0333709716797,210.80999755859375,210.8699951171875,209.27000427246097,209.80999755859375,102731400
2016-06-24,173.56854248046875,203.2400054931641,210.8500061035156,202.72000122070312,203.6300048828125,333444400
2016-06-27,170.45994567871094,199.6000061035156,201.6000061035156,198.6499938964844,201.58999633789065,230775800
2016-06-28,173.53436279296875,203.1999969482422,203.22999572753903,201.1199951171875,201.47999572753903,159382400
2016-06-29,176.4892120361328,206.66000366210935,206.92999267578125,204.72000122070312,204.83999633789065,137328600
2016-06-30,178.8975067138672,209.47999572753903,209.5399932861328,206.55999755859375,207.2100067138672,165021900
2016-07-01,179.27328491210938,209.9199981689453,210.4900054931641,209.2899932861328,209.47999572753903,106055300
2016-07-05,177.9837646484375,208.41000366210935,209.0800018310547,207.7100067138672,208.9499969482422,109803700
2016-07-06,179.05126953125,209.66000366210935,209.8000030517578,207.05999755859375,207.8300018310547,96021500
2016-07-07,178.94021606445312,209.52999877929688,210.6499938964844,208.6300048828125,209.8699951171875,85593800
2016-07-08,181.6047210693359,212.6499938964844,212.94000244140625,210.77999877929688,211.0500030517578,133971000
2016-07-11,182.2452087402344,213.3999938964844,214.07000732421875,212.9499969482422,213.19000244140625,73633900
2016-07-12,183.56895446777344,214.9499969482422,215.3000030517578,213.42999267578125,214.52999877929688,101275600
2016-07-13,183.54335021972656,214.9199981689453,215.4499969482422,214.3500061035156,215.44000244140625,87324100
2016-07-14,184.56817626953125,216.1199951171875,216.6699981689453,215.66000366210935,216.3999938964844,91230900
2016-07-15,184.3205108642578,215.8300018310547,217.0099945068359,215.30999755859375,216.77999877929688,107155400
2016-07-18,184.8158264160156,216.41000366210935,216.6000061035156,215.6699981689453,215.97000122070312,58725900
2016-07-19,184.62796020507812,216.19000244140625,216.22999572753903,215.6300048828125,215.9199981689453,54345700
2016-07-20,185.3965606689453,217.08999633789065,217.3699951171875,216.19000244140625,216.19000244140625,58159500
2016-07-21,184.69622802734375,216.27000427246097,217.22000122070312,215.75,216.9600067138672,67777300
2016-07-22,185.5246429443359,217.2400054931641,217.3000030517578,216.1000061035156,216.41000366210935,62787500
2016-07-25,185.02072143554688,216.6499938964844,217.05999755859375,215.97000122070312,217.0,55873100
2016-07-26,185.1061859130859,216.75,217.1699981689453,215.7599945068359,216.52999877929688,70080500
2016-07-27,184.9097595214844,216.52000427246097,217.27000427246097,215.6199951171875,217.19000244140625,84083900
2016-07-28,185.1232757568359,216.77000427246097,217.11000061035156,215.75,216.2899932861328,65035700
2016-07-29,185.42214965820312,217.1199951171875,217.5399932861328,216.1300048828125,216.4600067138672,79519400
2016-08-01,185.2684326171875,216.94000244140625,217.6499938964844,216.41000366210935,217.19000244140625,73311400
2016-08-02,184.0813446044922,215.5500030517578,216.8300018310547,214.57000732421875,216.6499938964844,92295500
2016-08-03,184.6193389892578,216.17999267578125,216.25,215.1300048828125,215.47999572753903,53993600
2016-08-04,184.8158264160156,216.41000366210935,216.77999877929688,214.25,216.30999755859375,46585500
2016-08-05,186.327392578125,218.17999267578125,218.22999572753903,216.41000366210935,216.41000366210935,71892200
2016-08-08,186.21641540527344,218.0500030517578,218.52000427246097,217.7400054931641,218.3999938964844,39906500
2016-08-09,186.327392578125,218.17999267578125,218.7599945068359,217.8000030517578,218.1300048828125,51251700
2016-08-10,185.8662567138672,217.63999938964844,218.3999938964844,217.22999572753903,218.30999755859375,57941100
2016-08-11,186.7287750244141,218.6499938964844,218.94000244140625,217.9499969482422,218.2599945068359,72504300
2016-08-12,186.56654357910156,218.4600067138672,218.7100067138672,217.9900054931641,218.2899932861328,61313500
2016-08-15,187.1045684814453,219.08999633789065,219.5,218.8800048828125,218.88999938964844,49813500
2016-08-16,186.1395568847656,217.9600067138672,218.67999267578125,217.9600067138672,218.6000061035156,53213600
2016-08-17,186.48963928222656,218.3699951171875,218.52999877929688,217.02000427246097,218.0,75134300
2016-08-18,186.9081115722656,218.86000061035156,218.8999938964844,218.2100067138672,218.33999633789065,52989300
2016-08-19,186.6348419189453,218.5399932861328,218.75,217.7400054931641,218.30999755859375,75443000
2016-08-22,186.62628173828125,218.52999877929688,218.8000030517578,217.8300018310547,218.2599945068359,61368800
2016-08-23,187.0020751953125,218.97000122070312,219.6000061035156,218.8999938964844,219.25,53399200
2016-08-24,186.0455780029297,217.8500061035156,218.91000366210935,217.36000061035156,218.8000030517578,71728900
2016-08-25,185.91748046875,217.6999969482422,218.19000244140625,217.22000122070312,217.3999938964844,69224800
2016-08-26,185.56732177734375,217.2899932861328,219.1199951171875,216.25,217.9199981689453,122506300
2016-08-29,186.4811553955078,218.36000061035156,218.6699981689453,217.3999938964844,217.44000244140625,70502200
2016-08-30,186.1737060546875,218.0,218.58999633789065,217.3500061035156,218.2599945068359,58114500
2016-08-31,185.64418029785156,217.3800048828125,217.75,216.47000122070312,217.61000061035156,85269500
2016-09-01,185.6527099609375,217.38999938964844,217.72999572753903,216.02999877929688,217.3699951171875,97844200
2016-09-02,186.48963928222656,218.3699951171875,218.8699951171875,217.6999969482422,218.38999938964844,79293900
2016-09-06,187.0532684326172,219.02999877929688,219.1199951171875,217.86000061035156,218.6999969482422,56702100
2016-09-07,187.03623962402344,219.0099945068359,219.22000122070312,218.3000030517578,218.83999633789065,76554900
2016-09-08,186.6092071533203,218.5099945068359,218.94000244140625,218.1499938964844,218.6199951171875,74102900
2016-09-09,182.1427459716797,213.27999877929688,217.02999877929688,213.25,216.97000122070312,221589100
2016-09-12,184.75607299804688,216.33999633789065,216.80999755859375,212.30999755859375,212.38999938964844,168110900
2016-09-13,182.10006713867188,213.22999572753903,215.1499938964844,212.5,214.83999633789065,182828800
2016-09-14,182.03170776367188,213.1499938964844,214.6999969482422,212.5,213.2899932861328,134185500
2016-09-15,183.85076904296875,215.27999877929688,215.72999572753903,212.75,212.9600067138672,134427900
2016-09-16,183.14002990722656,213.3699951171875,213.69000244140625,212.57000732421875,213.47999572753903,155236400
2016-09-19,183.1744384765625,213.41000366210935,214.8800048828125,213.02999877929688,214.1300048828125,80250500
2016-09-20,183.18299865722656,213.4199981689453,214.58999633789065,213.3800048828125,214.41000366210935,69665300
2016-09-21,185.2429656982422,215.82000732421875,216.02999877929688,213.44000244140625,214.2400054931641,110284400
2016-09-22,186.4102478027344,217.17999267578125,217.52999877929688,216.7100067138672,217.0,76678700
2016-09-23,185.3889007568359,215.9900054931641,216.8800048828125,215.8800048828125,216.72000122070312,73630900
2016-09-26,183.88682556152344,214.2400054931641,215.22999572753903,214.0099945068359,215.02000427246097,89827300
2016-09-27,185.02838134765625,215.57000732421875,215.67999267578125,213.6199951171875,214.0500030517578,78494800
2016-09-28,185.94680786132812,216.63999938964844,216.82000732421875,214.7100067138672,215.8300018310547,87411000
2016-09-29,184.26446533203125,214.67999267578125,216.8699951171875,214.0399932861328,216.3999938964844,128070600
2016-09-30,185.6549072265625,216.3000030517578,217.1199951171875,215.36000061035156,215.6499938964844,117202900
2016-10-03,185.20864868164065,215.77999877929688,216.0399932861328,215.0399932861328,215.82000732421875,83512100
2016-10-04,184.26446533203125,214.67999267578125,216.1699981689453,213.9900054931641,215.91000366210935,119948100
2016-10-05,185.07989501953125,215.6300048828125,216.1300048828125,215.3300018310547,215.41000366210935,72816000
2016-10-06,185.20864868164065,215.77999877929688,216.0399932861328,214.7400054931641,215.3699951171875,62927400
2016-10-07,184.57345581054688,215.0399932861328,216.3000030517578,214.19000244140625,216.1000061035156,89788300
2016-10-10,185.5347900390625,216.16000366210935,216.6999969482422,215.9900054931641,216.16000366210935,51855000
2016-10-11,183.1915740966797,213.42999267578125,215.7400054931641,212.5800018310547,215.66000366210935,130367400
2016-10-12,183.43194580078125,213.7100067138672,214.32000732421875,213.0099945068359,213.58999633789065,73866100
2016-10-13,182.8310546875,213.0099945068359,213.58999633789065,211.2100067138672,212.16000366210935,101357000
2016-10-14,182.9255523681641,213.1199951171875,214.69000244140625,213.02999877929688,214.1499938964844,93346200
2016-10-17,182.2902984619141,212.3800048828125,213.38999938964844,212.1699981689453,213.08999633789065,58275700
2016-10-18,183.43194580078125,213.7100067138672,214.30999755859375,213.27000427246097,214.2400054931641,76869700
2016-10-19,183.9211273193359,214.27999877929688,214.63999938964844,213.6000061035156,214.02000427246097,66519200
2016-10-20,183.57777404785156,213.8800048828125,214.52999877929688,213.11000061035156,213.8699951171875,73639800
2016-10-21,183.66363525390625,213.97999572753903,214.0800018310547,212.7599945068359,213.8800048828125,89089100
2016-10-24,184.44471740722656,214.88999938964844,215.32000732421875,214.47999572753903,215.0,60146600
2016-10-25,183.8267059326172,214.1699981689453,214.97999572753903,213.97999572753903,214.67999267578125,66542300
2016-10-26,183.45765686035156,213.7400054931641,214.4199981689453,212.92999267578125,213.2100067138672,75705500
2016-10-27,182.96841430664065,213.1699981689453,214.6199951171875,213.0800018310547,214.5800018310547,77220200
2016-10-28,182.4276885986328,212.5399932861328,213.92999267578125,211.7100067138672,213.13999938964844,140623200
2016-10-31,182.4362640380859,212.5500030517578,213.19000244140625,212.36000061035156,212.92999267578125,61272500
2016-11-01,181.11441040039065,211.0099945068359,212.9900054931641,209.6000061035156,212.92999267578125,122781800
2016-11-02,180.0243682861328,209.7400054931641,211.1000061035156,209.22999572753903,210.6499938964844,103330800
2016-11-03,179.200439453125,208.77999877929688,210.2400054931641,208.4600067138672,209.9900054931641,88939300
2016-11-04,179.0029754638672,208.5500030517578,209.88999938964844,208.3800048828125,208.91000366210935,109122100
2016-11-07,182.95123291015625,213.1499938964844,213.19000244140625,208.5500030517578,208.5500030517578,109794900
2016-11-08,183.7752227783203,214.11000061035156,214.77000427246097,212.3800048828125,212.69000244140625,106772100
2016-11-09,185.7236328125,216.3800048828125,217.1000061035156,212.33999633789065,212.3699951171875,258429000
2016-11-10,186.18711853027344,216.9199981689453,218.30999755859375,215.22000122070312,217.3000030517578,172113300
2016-11-11,185.75796508789065,216.4199981689453,216.6999969482422,215.32000732421875,216.0800018310547,100552700
2016-11-14,185.9038543701172,216.58999633789065,217.27000427246097,215.72000122070312,217.02999877929688,94580000
2016-11-15,187.35443115234375,218.27999877929688,218.27999877929688,216.8000030517578,217.0399932861328,91652600
2016-11-16,187.00254821777344,217.8699951171875,218.13999938964844,217.4199981689453,217.55999755859375,65617700
2016-11-17,187.96385192871097,218.9900054931641,219.05999755859375,217.9199981689453,218.0500030517578,69797200
2016-11-18,187.5432586669922,218.5,219.27000427246097,218.2899932861328,219.07000732421875,86265800
2016-11-21,188.95950317382812,220.1499938964844,220.17999267578125,219.0,219.1699981689453,72402600
2016-11-22,189.32859802246097,220.5800018310547,220.7899932861328,219.72999572753903,220.5099945068359,67429000
2016-11-23,189.43153381347656,220.6999969482422,220.7599945068359,219.75,219.97999572753903,56620200
2016-11-25,190.13540649414065,221.52000427246097,221.55999755859375,221.0099945068359,221.1000061035156,37872300
2016-11-28,189.24273681640625,220.47999572753903,221.47999572753903,220.36000061035156,221.16000366210935,76572500
2016-11-29,189.61180114746097,220.91000366210935,221.44000244140625,220.1699981689453,220.52000427246097,69886700
2016-11-30,189.1569061279297,220.3800048828125,221.82000732421875,220.30999755859375,221.6300048828125,113291800
2016-12-01,188.46170043945312,219.57000732421875,220.72999572753903,219.1499938964844,220.72999572753903,79040500
2016-12-02,188.5561065673828,219.67999267578125,220.25,219.2599945068359,219.6699981689453,74840300
2016-12-05,189.6890869140625,221.0,221.3999938964844,220.4199981689453,220.6499938964844,67837800
2016-12-06,190.28990173339844,221.6999969482422,221.7400054931641,220.66000366210935,221.22000122070312,59877400
2016-12-07,192.77902221679688,224.6000061035156,224.6699981689453,221.3800048828125,221.52000427246097,110738100
2016-12-08,193.25112915039065,225.1499938964844,225.6999969482422,224.2599945068359,224.57000732421875,99714400
2016-12-09,194.41842651367188,226.5099945068359,226.52999877929688,225.3699951171875,225.41000366210935,88005800
2016-12-12,194.19525146484375,226.25,226.9600067138672,225.7599945068359,226.3999938964844,102016100
2016-12-13,195.4912872314453,227.7599945068359,228.33999633789065,227.0,227.02000427246097,110477500
2016-12-14,193.8777008056641,225.8800048828125,228.22999572753903,225.3699951171875,227.41000366210935,142501800
2016-12-15,194.6758728027344,226.80999755859375,227.80999755859375,225.88999938964844,226.16000366210935,124972600
2016-12-16,194.2951812744141,225.0399932861328,226.0800018310547,224.6699981689453,226.0099945068359,156420200
2016-12-19,194.71826171875,225.52999877929688,226.02000427246097,225.0800018310547,225.25,90341100
2016-12-20,195.46937561035156,226.3999938964844,226.57000732421875,225.8800048828125,226.1499938964844,89838800
2016-12-21,194.92543029785156,225.77000427246097,226.4499969482422,225.77000427246097,226.25,67909000
2016-12-22,194.58872985839844,225.3800048828125,225.7400054931641,224.9199981689453,225.6000061035156,56219100
2016-12-23,194.8736572265625,225.7100067138672,225.72000122070312,225.2100067138672,225.42999267578125,36697800
2016-12-27,195.3571319580078,226.27000427246097,226.72999572753903,226.0,226.02000427246097,42672500
2016-12-28,193.7425994873047,224.3999938964844,226.58999633789065,224.27000427246097,226.57000732421875,64095000
2016-12-29,193.6994171142578,224.3500061035156,224.88999938964844,223.83999633789065,224.47999572753903,48696100
2016-12-30,192.991455078125,223.52999877929688,224.8300018310547,222.72999572753903,224.72999572753903,108998300
2017-01-03,194.4678649902344,225.2400054931641,225.8300018310547,223.8800048828125,225.0399932861328,91366500
2017-01-04,195.6247711181641,226.5800018310547,226.75,225.61000061035156,225.6199951171875,78744400
2017-01-05,195.46937561035156,226.3999938964844,226.5800018310547,225.47999572753903,226.27000427246097,78379000
2017-01-06,196.1687164306641,227.2100067138672,227.75,225.8999938964844,226.52999877929688,71559900
2017-01-09,195.52117919921875,226.4600067138672,227.07000732421875,226.4199981689453,226.91000366210935,46939700
2017-01-10,195.52117919921875,226.4600067138672,227.4499969482422,226.0099945068359,226.47999572753903,63771900
2017-01-11,196.07379150390625,227.1000061035156,227.1000061035156,225.58999633789065,226.36000061035156,74650000
2017-01-12,195.58164978027344,226.52999877929688,226.75,224.9600067138672,226.5,72113200
2017-01-13,196.0305938720703,227.0500030517578,227.3999938964844,226.69000244140625,226.72999572753903,62717900
2017-01-17,195.33990478515625,226.25,226.77999877929688,225.8000030517578,226.30999755859375,61240800
2017-01-18,195.77162170410156,226.75,226.8000030517578,225.8999938964844,226.5399932861328,54793300
2017-01-19,195.04632568359375,225.91000366210935,227.0,225.41000366210935,226.83999633789065,66608800
2017-01-20,195.76290893554688,226.7400054931641,227.30999755859375,225.97000122070312,226.6999969482422,129168600
2017-01-23,195.2535400390625,226.1499938964844,226.80999755859375,225.27000427246097,226.7400054931641,75061600
2017-01-24,196.50543212890625,227.6000061035156,228.0800018310547,226.27000427246097,226.3999938964844,95555300
2017-01-25,198.2062835693359,229.57000732421875,229.57000732421875,228.5099945068359,228.6999969482422,84437700
2017-01-26,197.99908447265625,229.3300018310547,229.7100067138672,229.0099945068359,229.3999938964844,59970700
2017-01-27,197.6882781982422,228.97000122070312,229.58999633789065,228.7599945068359,229.4199981689453,59711100
2017-01-30,196.46221923828125,227.5500030517578,228.1999969482422,226.41000366210935,228.1699981689453,79737300
2017-01-31,196.44500732421875,227.52999877929688,227.6000061035156,226.32000732421875,226.97999572753903,75880800
2017-02-01,196.5226593017578,227.6199951171875,228.58999633789065,226.94000244140625,227.52999877929688,79117700
2017-02-02,196.65223693847656,227.77000427246097,228.1000061035156,226.82000732421875,227.6199951171875,69657600
2017-02-03,198.00770568847656,229.33999633789065,229.5500030517578,228.4600067138672,228.82000732421875,80563200
2017-02-06,197.6537170410156,228.92999267578125,229.3300018310547,228.5399932861328,228.8699951171875,57790100
2017-02-07,197.66232299804688,228.94000244140625,229.66000366210935,228.72000122070312,229.3800048828125,57931200
2017-02-08,197.9214324951172,229.2400054931641,229.38999938964844,228.30999755859375,228.94000244140625,51566200
2017-02-09,199.09559631347656,230.6000061035156,230.9499969482422,229.2400054931641,229.2400054931641,65955200
2017-02-10,199.88124084472656,231.5099945068359,231.77000427246097,230.6199951171875,231.0,66015900
2017-02-13,200.9690704345703,232.77000427246097,233.07000732421875,232.0500030517578,232.0800018310547,55182100
2017-02-14,201.77203369140625,233.6999969482422,233.7100067138672,232.16000366210935,232.55999755859375,71109000
2017-02-15,202.8254547119141,234.9199981689453,235.13999938964844,233.38999938964844,233.4499969482422,86785800
2017-02-16,202.65269470214844,234.72000122070312,235.16000366210935,233.8500061035156,234.9499969482422,84722400
2017-02-17,202.9721221923828,235.08999633789065,235.08999633789065,233.92999267578125,233.9499969482422,77204100
2017-02-21,204.18087768554688,236.4900054931641,236.69000244140625,235.5099945068359,235.52000427246097,88946100
2017-02-22,203.99957275390625,236.27999877929688,236.5399932861328,235.8300018310547,236.02000427246097,62115200
2017-02-23,204.13771057128903,236.44000244140625,236.8999938964844,235.55999755859375,236.8800048828125,74615900
2017-02-24,204.39669799804688,236.7400054931641,236.7899932861328,235.41000366210935,235.4600067138672,82381600
2017-02-27,204.7162170410156,237.11000061035156,237.30999755859375,236.3500061035156,236.63999938964844,56515400
2017-02-28,204.1636962890625,236.47000122070312,236.9499969482422,236.02000427246097,236.6699981689453,96961900
2017-03-01,207.02142333984375,239.77999877929688,240.32000732421875,238.3699951171875,238.38999938964844,149158200
2017-03-02,205.7177276611328,238.27000427246097,239.57000732421875,238.2100067138672,239.55999755859375,70246000
2017-03-03,205.84722900390625,238.4199981689453,238.61000061035156,237.72999572753903,238.1699981689453,81974300
2017-03-06,205.2341766357422,237.7100067138672,238.1199951171875,237.0099945068359,237.5,55391500
2017-03-07,204.6211853027344,237.0,237.77000427246097,236.7599945068359,237.36000061035156,65103700
2017-03-08,204.2412872314453,236.55999755859375,237.63999938964844,236.3999938964844,237.33999633789065,78168800
2017-03-09,204.50030517578125,236.86000061035156,237.2400054931641,235.7400054931641,236.6999969482422,90683900
2017-03-10,205.2169647216797,237.69000244140625,238.02000427246097,236.58999633789065,237.97000122070312,81991700
2017-03-13,205.320556640625,237.80999755859375,237.86000061035156,237.2400054931641,237.6199951171875,57256800
2017-03-14,204.5349273681641,236.8999938964844,237.2400054931641,236.19000244140625,237.17999267578125,59880800
2017-03-15,206.30482482910156,238.9499969482422,239.44000244140625,237.2899932861328,237.55999755859375,96081800
2017-03-16,205.8990173339844,238.47999572753903,239.1999969482422,238.1000061035156,239.11000061035156,78344000
2017-03-17,205.53741455078125,237.02999877929688,237.97000122070312,237.02999877929688,237.75,89002100
2017-03-20,205.31199645996097,236.77000427246097,237.36000061035156,236.32000732421875,237.02999877929688,52537000
2017-03-21,202.6758270263672,233.72999572753903,237.61000061035156,233.5800018310547,237.47000122070312,131809300
2017-03-22,203.15281677246097,234.27999877929688,234.61000061035156,233.0500030517578,233.77000427246097,97569200
2017-03-23,202.93601989746097,234.02999877929688,235.33999633789065,233.6000061035156,234.27999877929688,100410300
2017-03-24,202.7886199951172,233.86000061035156,235.0399932861328,232.9600067138672,234.3800048828125,112504900
2017-03-27,202.58045959472656,233.6199951171875,233.9199981689453,231.61000061035156,231.92999267578125,87454500
2017-03-28,204.05458068847656,235.32000732421875,235.80999755859375,233.13999938964844,233.27000427246097,93483900
2017-03-29,204.2453765869141,235.5399932861328,235.80999755859375,234.72999572753903,234.9900054931641,61950400
2017-03-30,204.89572143554688,236.2899932861328,236.52000427246097,235.27000427246097,235.47000122070312,56737900
2017-03-31,204.41880798339844,235.7400054931641,236.5099945068359,235.67999267578125,235.8999938964844,73733100
2017-04-03,204.0632781982422,235.3300018310547,236.02999877929688,233.91000366210935,235.8000030517578,85546500
2017-04-04,204.19332885742188,235.47999572753903,235.5800018310547,234.55999755859375,235.0,56466200
2017-04-05,203.5863800048828,234.77999877929688,237.38999938964844,234.5399932861328,236.2599945068359,108800600
2017-04-06,204.1586456298828,235.44000244140625,236.0399932861328,234.42999267578125,234.94000244140625,69135800
2017-04-07,203.9505615234375,235.1999969482422,236.0,234.63999938964844,235.1499938964844,74412300
2017-04-10,204.07192993164065,235.33999633789065,236.2599945068359,234.72999572753903,235.36000061035156,67615300
2017-04-11,203.8291473388672,235.05999755859375,235.17999267578125,233.33999633789065,234.8999938964844,88045300
2017-04-12,202.93601989746097,234.02999877929688,234.9600067138672,233.77000427246097,234.7400054931641,81864400
2017-04-13,201.617919921875,232.5099945068359,234.4900054931641,232.5099945068359,233.63999938964844,92880400
2017-04-17,203.4042510986328,234.57000732421875,234.57000732421875,232.8800048828125,233.11000061035156,68405400
2017-04-18,202.7972412109375,233.8699951171875,234.4900054931641,233.0800018310547,233.72000122070312,83225800
2017-04-19,202.4243621826172,233.44000244140625,234.9499969482422,233.17999267578125,234.52000427246097,68699900
2017-04-20,204.07192993164065,235.33999633789065,235.8500061035156,233.77999877929688,234.1499938964844,92572200
2017-04-21,203.42156982421875,234.58999633789065,235.30999755859375,234.1300048828125,235.25,110389800
2017-04-24,205.6588134765625,237.1699981689453,237.41000366210935,234.55999755859375,237.17999267578125,119209900
2017-04-25,206.85548400878903,238.5500030517578,238.9499969482422,237.80999755859375,237.91000366210935,76698300
2017-04-26,206.7253875732422,238.3999938964844,239.52999877929688,238.3500061035156,238.5099945068359,84702500
2017-04-27,206.8988342285156,238.6000061035156,238.9499969482422,237.97999572753903,238.77000427246097,57410300
2017-04-28,206.44790649414065,238.0800018310547,238.92999267578125,237.92999267578125,238.8999938964844,63532800
2017-05-01,206.9681701660156,238.67999267578125,239.1699981689453,238.1999969482422,238.67999267578125,66882500
2017-05-02,207.0462646484375,238.77000427246097,238.97999572753903,238.3000030517578,238.83999633789065,57375700
2017-05-03,206.79473876953125,238.47999572753903,238.8800048828125,237.6999969482422,238.77000427246097,73137700
2017-05-04,207.03758239746097,238.7599945068359,238.9199981689453,237.77999877929688,238.8300018310547,61462700
2017-05-05,207.85264587402344,239.6999969482422,239.72000122070312,238.67999267578125,239.19000244140625,62001300
2017-05-08,207.8179626464844,239.66000366210935,239.9199981689453,239.1699981689453,239.75,48385700
2017-05-09,207.6272430419922,239.44000244140625,240.19000244140625,239.0399932861328,239.9600067138672,51363200
2017-05-10,208.00003051757812,239.8699951171875,239.8699951171875,239.1499938964844,239.38999938964844,54293800
2017-05-11,207.5751953125,239.3800048828125,239.57000732421875,238.1300048828125,239.3500061035156,62358300
2017-05-12,207.2283477783203,238.97999572753903,239.42999267578125,238.6699981689453,239.08999633789065,53912700
2017-05-15,208.37294006347656,240.3000030517578,240.44000244140625,239.4499969482422,239.47000122070312,61918900
2017-05-16,208.1821746826172,240.0800018310547,240.6699981689453,239.6300048828125,240.63999938964844,51241800
2017-05-17,204.4881896972656,235.82000732421875,240.0800018310547,235.75,240.0800018310547,172174100
2017-05-18,205.31199645996097,236.77000427246097,237.75,235.42999267578125,235.72999572753903,107047700
2017-05-19,206.6473388671875,238.30999755859375,239.0800018310547,237.27000427246097,237.3300018310547,115011400
2017-05-22,207.69656372070312,239.52000427246097,239.7100067138672,238.82000732421875,238.8999938964844,61010600
2017-05-23,208.15614318847656,240.0500030517578,240.2400054931641,239.5099945068359,239.9499969482422,48341700
2017-05-24,208.64175415039065,240.61000061035156,240.72999572753903,239.92999267578125,240.32000732421875,46927700
2017-05-25,209.6389312744141,241.7599945068359,242.0800018310547,240.9600067138672,241.1999969482422,64071700
2017-05-26,209.5956268310547,241.7100067138672,241.8999938964844,241.4499969482422,241.5399932861328,46629900
2017-05-30,209.41351318359375,241.5,241.7899932861328,241.16000366210935,241.33999633789065,35201900
2017-05-31,209.36151123046875,241.44000244140625,241.8800048828125,240.63999938964844,241.83999633789065,91796000
2017-06-01,211.02639770507812,243.36000061035156,243.3800048828125,241.63999938964844,241.97000122070312,68962000
2017-06-02,211.7287750244141,244.1699981689453,244.3500061035156,243.0800018310547,243.4199981689453,88666100
2017-06-05,211.5727081298828,243.9900054931641,244.3000030517578,243.7599945068359,243.97000122070312,44698800
2017-06-06,210.89630126953125,243.2100067138672,243.97999572753903,243.1199951171875,243.33999633789065,50375400
2017-06-07,211.2865295410156,243.66000366210935,243.9199981689453,242.8300018310547,243.6000061035156,54144300
2017-06-08,211.390625,243.77999877929688,244.3300018310547,243.1699981689453,243.77000427246097,65950700
2017-06-09,211.0697326660156,243.41000366210935,245.0099945068359,241.9499969482422,244.08999633789065,132256400
2017-06-12,211.02639770507812,243.36000061035156,243.4199981689453,242.3800048828125,243.1300048828125,86108100
2017-06-13,212.0583038330078,244.5500030517578,244.61000061035156,243.5800018310547,243.97999572753903,60067000
2017-06-14,211.78944396972656,244.2400054931641,244.8699951171875,243.2899932861328,244.86000061035156,78602300
2017-06-15,211.3819274902344,243.77000427246097,243.91000366210935,242.36000061035156,242.67999267578125,66464900
2017-06-16,211.42811584472656,242.63999938964844,242.8300018310547,241.6300048828125,242.77000427246097,84553100
2017-06-19,213.1882781982422,244.66000366210935,244.72999572753903,243.47999572753903,243.58999633789065,65123800
2017-06-20,211.75047302246097,243.0099945068359,244.2599945068359,242.9900054931641,244.25,56906400
2017-06-21,211.6981964111328,242.9499969482422,243.58999633789065,242.41000366210935,243.4600067138672,55977600
2017-06-22,211.60235595703125,242.83999633789065,243.52999877929688,242.63999938964844,242.9600067138672,44148100
2017-06-23,211.8551025390625,243.1300048828125,243.5099945068359,242.47000122070312,242.91000366210935,66986800
2017-06-26,211.9944610595703,243.2899932861328,244.3800048828125,243.0500030517578,243.8999938964844,56700500
2017-06-27,210.28660583496097,241.3300018310547,243.3800048828125,241.30999755859375,243.0399932861328,82247700
2017-06-28,212.1687469482422,243.4900054931641,243.72000122070312,242.22999572753903,242.5,70042600
2017-06-29,210.30401611328125,241.3500061035156,243.72000122070312,239.9600067138672,243.66000366210935,106949700
2017-06-30,210.6961212158203,241.8000030517578,242.7100067138672,241.5800018310547,242.27999877929688,86820700
2017-07-03,211.0533905029297,242.2100067138672,243.3800048828125,242.2100067138672,242.8800048828125,39153800
2017-07-05,211.54139709472656,242.77000427246097,243.0099945068359,241.6999969482422,242.6300048828125,54427600
2017-07-06,209.60696411132812,240.5500030517578,242.02999877929688,240.33999633789065,241.88999938964844,65400800
2017-07-07,210.9662628173828,242.11000061035156,242.27999877929688,240.55999755859375,241.2100067138672,57972300
2017-07-10,211.19287109375,242.3699951171875,242.8000030517578,241.7599945068359,242.11000061035156,36663300
2017-07-11,211.03598022460935,242.19000244140625,242.5500030517578,240.8500061035156,242.3699951171875,50354600
2017-07-12,212.6219024658203,244.0099945068359,244.1999969482422,243.3000030517578,243.3000030517578,59610400
2017-07-13,212.9791717529297,244.4199981689453,244.5500030517578,243.7599945068359,244.02000427246097,39471600
2017-07-14,213.97247314453125,245.55999755859375,245.97000122070312,244.30999755859375,244.4199981689453,60262700
2017-07-17,213.9463653564453,245.52999877929688,245.91000366210935,245.3300018310547,245.47000122070312,33531900
2017-07-18,214.0596160888672,245.66000366210935,245.72000122070312,244.6699981689453,245.05999755859375,42742500
2017-07-19,215.2185516357422,246.9900054931641,247.0,246.0099945068359,246.02000427246097,51034300
2017-07-20,215.31439208984375,247.1000061035156,247.4199981689453,246.47000122070312,247.27999877929688,47135200
2017-07-21,215.1227264404297,246.8800048828125,246.91000366210935,246.17999267578125,246.44000244140625,82340800
2017-07-24,215.07041931152344,246.82000732421875,246.97999572753903,246.27999877929688,246.7899932861328,46622300
2017-07-25,215.59324645996097,247.4199981689453,247.8000030517578,247.16000366210935,247.67999267578125,54915600
2017-07-26,215.6019592285156,247.42999267578125,247.7899932861328,247.1300048828125,247.75,47575400
2017-07-27,215.4015350341797,247.1999969482422,248.0,245.67999267578125,247.9600067138672,70766600
2017-07-28,215.14886474609375,246.91000366210935,247.05999755859375,246.1300048828125,246.6499938964844,50088400
2017-07-31,215.02687072753903,246.77000427246097,247.47999572753903,246.52999877929688,247.3699951171875,65838700
2017-08-01,215.506103515625,247.32000732421875,247.5,246.72000122070312,247.4600067138672,55050400
2017-08-02,215.61065673828125,247.44000244140625,247.6000061035156,246.3699951171875,247.47000122070312,47211200
2017-08-03,215.1923828125,246.9600067138672,247.33999633789065,246.63999938964844,247.30999755859375,40856000
2017-08-04,215.58450317382812,247.41000366210935,247.7899932861328,246.97000122070312,247.52000427246097,60191800
2017-08-07,215.9853515625,247.8699951171875,247.8699951171875,247.3699951171875,247.4900054931641,31995000
2017-08-08,215.45382690429688,247.2599945068359,248.91000366210935,246.8300018310547,247.5099945068359,61719400
2017-08-09,215.4450836181641,247.25,247.30999755859375,246.05999755859375,246.47000122070312,62632600
2017-08-10,212.404052734375,243.7599945068359,246.44000244140625,243.6999969482422,246.2899932861328,120479500
2017-08-11,212.7177734375,244.1199951171875,244.8000030517578,243.75,244.02000427246097,74869900
2017-08-14,214.8264617919922,246.5399932861328,246.7899932861328,245.5500030517578,245.58999633789065,73291900
2017-08-15,214.80026245117188,246.5099945068359,247.0,246.16000366210935,246.97999572753903,55242700
2017-08-16,215.1750030517578,246.94000244140625,247.57000732421875,246.4499969482422,247.11000061035156,56715500
2017-08-17,211.82020568847656,243.08999633789065,246.6000061035156,243.08999633789065,246.2400054931641,128490400
2017-08-18,211.4891357421875,242.7100067138672,244.19000244140625,242.1999969482422,242.8999938964844,136748000
2017-08-21,211.6546630859375,242.8999938964844,243.1999969482422,241.8300018310547,242.63999938964844,65469700
2017-08-22,213.8679351806641,245.44000244140625,245.6199951171875,243.5500030517578,243.57000732421875,63140100
2017-08-23,213.10113525390625,244.55999755859375,245.0500030517578,244.16000366210935,244.3300018310547,50203800
2017-08-24,212.6044464111328,243.9900054931641,245.17999267578125,243.75,245.0,50741700
2017-08-25,213.10113525390625,244.55999755859375,245.61000061035156,244.38999938964844,244.8999938964844,64445900
2017-08-28,213.10984802246097,244.57000732421875,245.1999969482422,244.08999633789065,245.1699981689453,40565600
2017-08-29,213.35385131835935,244.8500061035156,245.1499938964844,242.92999267578125,243.05999755859375,51135700
2017-08-30,214.36460876464844,246.0099945068359,246.32000732421875,244.6199951171875,244.8300018310547,62030800
2017-08-31,215.6542510986328,247.4900054931641,247.77000427246097,246.0500030517578,246.72000122070312,103803900
2017-09-01,215.95919799804688,247.83999633789065,248.3300018310547,247.6699981689453,247.9199981689453,62007000
2017-09-05,214.4081573486328,246.05999755859375,247.52000427246097,244.9499969482422,247.2599945068359,91398800
2017-09-06,215.14016723632812,246.8999938964844,247.27999877929688,246.22999572753903,246.83999633789065,57916900
2017-09-07,215.1139984130859,246.8699951171875,247.27000427246097,246.3999938964844,247.25,58034700
2017-09-08,214.86126708984375,246.5800018310547,247.11000061035156,246.3000030517578,246.5399932861328,63832800
2017-09-11,217.1529998779297,249.2100067138672,249.3000030517578,248.02000427246097,248.0399932861328,71364800
2017-09-12,217.88490295410156,250.0500030517578,250.08999633789065,249.4199981689453,249.6300048828125,56896000
2017-09-13,217.98947143554688,250.1699981689453,250.2100067138672,249.58999633789065,249.72000122070312,59228000
2017-09-14,217.9197235107422,250.08999633789065,250.32000732421875,249.6000061035156,249.8000030517578,95446300
2017-09-15,218.21316528320312,249.19000244140625,249.2899932861328,248.57000732421875,248.69000244140625,95432400
2017-09-18,218.67727661132812,249.72000122070312,250.1199951171875,249.27999877929688,249.61000061035156,46235200
2017-09-19,218.89614868164065,249.97000122070312,250.07000732421875,249.6000061035156,250.0,47108100
2017-09-20,218.9749755859375,250.05999755859375,250.19000244140625,248.9199981689453,250.07000732421875,59574100
2017-09-21,218.3882598876953,249.38999938964844,249.97999572753903,249.19000244140625,249.8800048828125,48211400
2017-09-22,218.43211364746097,249.44000244140625,249.6300048828125,249.02000427246097,249.0500030517578,51214000
2017-09-25,217.98548889160156,248.92999267578125,249.5500030517578,248.0800018310547,249.1499938964844,57064400
2017-09-26,218.11685180664065,249.0800018310547,249.6999969482422,248.80999755859375,249.4199981689453,54082000
2017-09-27,218.9662322998047,250.0500030517578,250.4900054931641,248.8699951171875,249.8800048828125,81001400
2017-09-28,219.2289123535156,250.3500061035156,250.44000244140625,249.6300048828125,249.72999572753903,44778800
2017-09-29,219.99954223632812,251.22999572753903,251.32000732421875,250.1300048828125,250.33999633789065,85578000
2017-10-02,220.95404052734375,252.32000732421875,252.32000732421875,251.2899932861328,251.4900054931641,59023000
2017-10-03,221.42691040039065,252.86000061035156,252.88999938964844,252.22999572753903,252.32000732421875,66810200
2017-10-04,221.68963623046875,253.16000366210935,253.44000244140625,252.55999755859375,252.69000244140625,55953600
2017-10-05,223.003173828125,254.66000366210935,254.67999267578125,253.1999969482422,253.5399932861328,63522800
2017-10-06,222.749267578125,254.3699951171875,254.6999969482422,253.8500061035156,254.1499938964844,80646000
2017-10-09,222.3814239501953,253.9499969482422,254.6999969482422,253.6499938964844,254.6300048828125,35803100
2017-10-10,222.9681396484375,254.6199951171875,255.0500030517578,253.97999572753903,254.6000061035156,43057400
2017-10-11,223.3184051513672,255.02000427246097,255.02000427246097,254.32000732421875,254.5099945068359,47674300
2017-10-12,222.9856109619141,254.63999938964844,255.05999755859375,254.3699951171875,254.66000366210935,47065100
2017-10-13,223.2570953369141,254.9499969482422,255.27000427246097,254.63999938964844,255.13999938964844,54800400
2017-10-16,223.5548553466797,255.2899932861328,255.5099945068359,254.82000732421875,255.2100067138672,38221700
2017-10-17,223.7124786376953,255.47000122070312,255.52000427246097,254.97999572753903,255.22999572753903,31561000
2017-10-18,223.9313812255859,255.72000122070312,255.9499969482422,255.5,255.8999938964844,40888300
2017-10-19,223.99270629882812,255.7899932861328,255.8300018310547,254.3500061035156,254.8300018310547,61903800
2017-10-20,225.14857482910156,257.1099853515625,257.1400146484375,255.77000427246097,256.70001220703125,89176400
2017-10-23,224.2728729248047,256.1099853515625,257.510009765625,256.0199890136719,257.4800109863281,63915300
2017-10-24,224.66697692871097,256.55999755859375,256.8299865722656,256.1499938964844,256.6000061035156,66935900
2017-10-25,223.5548553466797,255.2899932861328,256.30999755859375,254.0,256.17999267578125,103715300
2017-10-26,223.8438415527344,255.6199951171875,256.29998779296875,255.47999572753903,255.9900054931641,69798000
2017-10-27,225.67404174804688,257.7099914550781,257.8900146484375,255.6300048828125,256.4700012207031,85562500
2017-10-30,224.8334045410156,256.75,257.6000061035156,256.4100036621094,256.4700012207031,54285700
2017-10-31,225.18360900878903,257.1499938964844,257.44000244140625,256.80999755859375,257.17999267578125,60304800
2017-11-01,225.48138427734375,257.489990234375,258.42999267578125,257.07000732421875,258.0400085449219,54202700
2017-11-02,225.5689392089844,257.5899963378906,257.75,256.19000244140625,257.4100036621094,56449500
2017-11-03,226.3220367431641,258.45001220703125,258.5,257.29998779296875,257.7699890136719,59589700
2017-11-06,226.6722869873047,258.8500061035156,259.0,258.2200012207031,258.29998779296875,49652600
2017-11-07,226.51470947265625,258.6700134277344,259.3500061035156,258.0899963378906,258.9700012207031,57502200
2017-11-08,226.8999786376953,259.1099853515625,259.2200012207031,258.1499938964844,258.4700012207031,50469600
2017-11-09,226.076904296875,258.1700134277344,258.3900146484375,256.3599853515625,257.7300109863281,95085500
2017-11-10,226.0067901611328,258.0899963378906,258.2900085449219,257.3699951171875,257.7300109863281,59984700
2017-11-13,226.2168731689453,258.3299865722656,258.5899963378906,257.2699890136719,257.30999755859375,50228600
2017-11-14,225.6915740966797,257.7300109863281,257.8500061035156,256.5199890136719,257.4100036621094,61315200
2017-11-15,224.5618896484375,256.44000244140625,257.2200012207031,255.6300048828125,256.6199951171875,80811500
2017-11-16,226.47091674804688,258.6199951171875,259.0400085449219,257.4700012207031,257.5199890136719,67777000
2017-11-17,225.80535888671875,257.8599853515625,258.5899963378906,257.7699890136719,258.2200012207031,75756800
2017-11-20,226.19070434570312,258.29998779296875,258.5199890136719,257.8599853515625,258.1400146484375,48075500
2017-11-21,227.67056274414065,259.989990234375,260.20001220703125,258.260009765625,259.17999267578125,69176800
2017-11-22,227.46920776367188,259.760009765625,260.1499938964844,259.57000732421875,260.0,45033400
2017-11-24,227.9945831298828,260.3599853515625,260.4800109863281,260.1600036621094,260.32000732421875,27856500
2017-11-27,227.8807678222656,260.2300109863281,260.75,260.0,260.4100036621094,52274900
2017-11-28,230.1925811767578,262.8699951171875,262.8999938964844,260.6499938964844,260.760009765625,98971700
2017-11-29,230.0524749755859,262.7099914550781,263.6300048828125,262.20001220703125,263.0199890136719,77512100
2017-11-30,232.0665740966797,265.010009765625,266.04998779296875,263.6700134277344,263.760009765625,127894400
2017-12-01,231.58494567871097,264.4599914550781,265.30999755859375,260.760009765625,264.760009765625,164390900
2017-12-04,231.30471801757812,264.1400146484375,266.79998779296875,264.0799865722656,266.30999755859375,94040600
2017-12-05,230.47279357910156,263.19000244140625,265.1499938964844,263.0400085449219,263.19000244140625,77994500
2017-12-06,230.5165557861328,263.239990234375,263.7300109863281,262.7099914550781,263.29998779296875,75898600
2017-12-07,231.2433929443359,264.07000732421875,264.42999267578125,262.94000244140625,264.07000732421875,77218600
2017-12-08,232.50433349609375,265.510009765625,265.5199890136719,264.0299987792969,265.1600036621094,76563900
2017-12-11,233.2049560546875,266.30999755859375,266.3800048828125,265.4800109863281,266.30999755859375,83077500
2017-12-12,233.6165313720703,266.7799987792969,267.32000732421875,266.3500061035156,267.2099914550781,85195800
2017-12-13,233.5902099609375,266.75,267.55999755859375,266.6499938964844,267.05999755859375,102905400
2017-12-14,232.63572692871097,265.6600036621094,267.2200012207031,265.6000061035156,267.0899963378906,100666700
2017-12-15,234.572998046875,266.510009765625,267.0400085449219,265.3900146484375,265.45001220703125,144610300
2017-12-18,236.06051635742188,268.20001220703125,268.6000061035156,267.9800109863281,268.1000061035156,83653600
2017-12-19,235.15391540527344,267.1700134277344,268.5299987792969,267.0899963378906,268.4800109863281,82382900
2017-12-20,235.03070068359375,267.0299987792969,268.3299865722656,266.69000244140625,268.2699890136719,76751500
2017-12-21,235.5147247314453,267.5799865722656,268.3900146484375,267.29998779296875,267.739990234375,67032300
2017-12-22,235.4531707763672,267.510009765625,267.6400146484375,266.8999938964844,267.6000061035156,78720900
2017-12-26,235.17152404785156,267.19000244140625,267.44000244140625,266.8900146484375,267.04998779296875,45244400
2017-12-27,235.2859039306641,267.32000732421875,267.7300109863281,267.010009765625,267.3800048828125,57751000
2017-12-28,235.76998901367188,267.8699951171875,267.9200134277344,267.45001220703125,267.8900146484375,45116100
2017-12-29,234.8810577392578,266.8599853515625,268.54998779296875,266.6400146484375,268.5299987792969,96007400
2018-01-02,236.5621337890625,268.7699890136719,268.80999755859375,267.3999938964844,267.8399963378906,86655700
2018-01-03,238.05844116210935,270.4700012207031,270.6400146484375,268.9599914550781,268.9599914550781,90070400
2018-01-04,239.061767578125,271.6099853515625,272.1600036621094,270.5400085449219,271.20001220703125,80636400
2018-01-05,240.65492248535156,273.4200134277344,273.55999755859375,271.95001220703125,272.510009765625,83524000
2018-01-08,241.0950469970703,273.9200134277344,274.1000061035156,272.9800109863281,273.30999755859375,57319200
2018-01-09,241.6407012939453,274.5400085449219,275.25,274.0799865722656,274.3999938964844,57254000
2018-01-10,241.2710418701172,274.1199951171875,274.4200134277344,272.9200134277344,273.67999267578125,69574300
2018-01-11,243.03138732910156,276.1199951171875,276.1199951171875,274.55999755859375,274.75,62361500
2018-01-12,244.6156768798828,277.9200134277344,278.1099853515625,276.0799865722656,276.4200134277344,90816100
2018-01-16,243.77957153320312,276.9700012207031,280.0899963378906,276.17999267578125,279.3500061035156,106555100
2018-01-17,246.1031494140625,279.6099853515625,280.04998779296875,276.9700012207031,278.0299987792969,113258800
2018-01-18,245.6895294189453,279.1400146484375,279.9599914550781,278.5799865722656,279.4800109863281,100728000
2018-01-19,246.8072967529297,280.4100036621094,280.4100036621094,279.1400146484375,279.79998779296875,140920100
2018-01-22,248.81414794921875,282.69000244140625,282.69000244140625,280.1099853515625,280.1700134277344,91322400
2018-01-23,249.34214782714844,283.2900085449219,283.6199951171875,282.3699951171875,282.739990234375,97084700
2018-01-24,249.245361328125,283.17999267578125,284.70001220703125,281.8399963378906,284.0199890136719,134816100
2018-01-25,249.3509826660156,283.29998779296875,284.2699890136719,282.3999938964844,284.1600036621094,84587300
2018-01-26,252.2379150390625,286.5799865722656,286.6300048828125,283.9599914550781,284.25,107743100
2018-01-29,250.56556701660156,284.67999267578125,286.42999267578125,284.5,285.92999267578125,90118300
2018-01-30,247.9954833984375,281.760009765625,284.739990234375,281.2200012207031,282.6000061035156,131796400
2018-01-31,248.1186981201172,281.8999938964844,283.29998779296875,280.67999267578125,282.7300109863281,108364800
2018-02-01,247.8370819091797,281.5799865722656,283.05999755859375,280.67999267578125,281.07000732421875,90102500
2018-02-02,242.4416961669922,275.45001220703125,280.2300109863281,275.4100036621094,280.0799865722656,173174800
2018-02-05,232.3022003173828,263.92999267578125,275.8500061035156,263.30999755859375,273.45001220703125,294681800
2018-02-06,236.87904357910156,269.1300048828125,269.70001220703125,258.70001220703125,259.94000244140625,355026800
2018-02-07,235.593994140625,267.6700134277344,272.3599853515625,267.5799865722656,268.5,167376100
2018-02-08,226.7571258544922,257.6300048828125,268.1700134277344,257.5899963378906,268.010009765625,246449500
2018-02-09,230.16336059570312,261.5,263.6099853515625,252.9199981689453,260.79998779296875,283565300
2018-02-12,233.54315185546875,265.3399963378906,267.010009765625,261.6600036621094,263.8299865722656,143736000
2018-02-13,234.12413024902344,266.0,266.6199951171875,263.30999755859375,263.9700012207031,81223600
2018-02-14,237.2839202880859,269.5899963378906,270.0,264.29998779296875,264.30999755859375,120735700
2018-02-15,240.31167602539065,273.0299987792969,273.0400085449219,268.7699890136719,271.57000732421875,111200300
2018-02-16,240.38204956054688,273.1099853515625,275.32000732421875,272.2699890136719,272.32000732421875,160420100
2018-02-20,238.87696838378903,271.3999938964844,273.6700134277344,270.5,272.0299987792969,86369700
2018-02-21,237.688720703125,270.04998779296875,274.7200012207031,269.94000244140625,271.8999938964844,98883700
2018-02-22,237.9968109130859,270.3999938964844,273.04998779296875,269.6400146484375,271.1000061035156,110511300
2018-02-23,241.7903289794922,274.7099914550781,274.7099914550781,271.25,271.7900085449219,92766400
2018-02-26,244.59811401367188,277.8999938964844,278.010009765625,275.260009765625,275.92999267578125,86491400
2018-02-27,241.54396057128903,274.42999267578125,278.9200134277344,274.3599853515625,278.1099853515625,99099200
2018-02-28,239.09701538085935,271.6499938964844,276.19000244140625,271.2900085449219,275.67999267578125,121907800
2018-03-01,235.6203460693359,267.70001220703125,273.1700134277344,266.0,271.4100036621094,176855100
2018-03-02,236.83502197265625,269.0799865722656,269.7200012207031,264.82000732421875,265.79998779296875,139083200
2018-03-05,239.5723876953125,272.19000244140625,272.8900146484375,267.6099853515625,267.7300109863281,97307400
2018-03-06,240.17962646484375,272.8800048828125,273.3900146484375,271.17999267578125,273.29998779296875,79213200
2018-03-07,240.0915374755859,272.7799987792969,273.17999267578125,270.20001220703125,270.4200134277344,87063500
2018-03-08,241.25344848632812,274.1000061035156,274.239990234375,272.4200134277344,273.54998779296875,66901200
2018-03-09,245.451904296875,278.8699951171875,278.8699951171875,275.3399963378906,275.70001220703125,113625300
2018-03-12,245.1437225341797,278.5199890136719,279.9100036621094,278.0799865722656,279.20001220703125,71924800
2018-03-13,243.5595245361328,276.7200012207031,280.4100036621094,276.0299987792969,279.8399963378906,91968900
2018-03-14,242.3096618652344,275.29998779296875,278.0199890136719,274.6700134277344,277.80999755859375,105895100
2018-03-15,242.04551696777344,275.0,276.6099853515625,274.42999267578125,275.8800048828125,83433000
2018-03-16,242.3080291748047,274.20001220703125,275.3900146484375,274.1400146484375,274.5,100343700
2018-03-19,239.0295867919922,270.489990234375,274.3999938964844,268.6199951171875,273.3500061035156,109208400
2018-03-20,239.43606567382812,270.95001220703125,271.6700134277344,270.17999267578125,270.94000244140625,59757300
2018-03-21,238.97653198242188,270.42999267578125,273.2699890136719,270.19000244140625,270.8999938964844,78709600
2018-03-22,233.0028381347656,263.6700134277344,268.8699951171875,263.3599853515625,267.9100036621094,148785900
2018-03-23,228.03643798828125,258.04998779296875,264.5400085449219,257.8299865722656,264.1700134277344,183534800
2018-03-26,234.27528381347656,265.1099853515625,265.42999267578125,259.4100036621094,262.1300048828125,141956100
2018-03-27,230.28985595703125,260.6000061035156,266.7699890136719,258.8399963378906,266.1700134277344,129941400
2018-03-28,229.60940551757812,259.8299865722656,262.6400146484375,258.5799865722656,260.75,146452300
2018-03-29,232.5432891845703,263.1499938964844,265.260009765625,259.8399963378906,261.1199951171875,111601600
2018-04-02,227.5238494873047,257.4700012207031,263.1300048828125,254.6699981689453,262.54998779296875,186286300
2018-04-03,230.4401397705078,260.7699890136719,261.30999755859375,256.8399963378906,258.8699951171875,119956900
2018-04-04,232.90557861328125,263.55999755859375,264.3599853515625,256.6000061035156,256.75,123715300
2018-04-05,234.74363708496097,265.6400146484375,266.6400146484375,264.32000732421875,265.54998779296875,82652600
2018-04-06,229.51223754882812,259.7200012207031,265.1099853515625,258.0,263.4200134277344,179521200
2018-04-09,230.6433868408203,261.0,264.8399963378906,259.94000244140625,261.3699951171875,105442900
2018-04-10,234.3105926513672,265.1499938964844,266.0400085449219,262.9800109863281,264.2699890136719,103529000
2018-04-11,233.0823516845703,263.760009765625,265.6400146484375,263.3900146484375,263.4700012207031,91140200
2018-04-12,234.99993896484375,265.92999267578125,267.0,265.05999755859375,265.260009765625,68890500
2018-04-13,234.3105926513672,265.1499938964844,267.5400085449219,264.010009765625,267.4100036621094,85079200
2018-04-16,236.23703002929688,267.3299865722656,268.20001220703125,266.07000732421875,267.0,63405300
2018-04-17,238.76449584960935,270.19000244140625,270.8699951171875,268.75,269.3299865722656,64682000
2018-04-18,238.94122314453125,270.3900146484375,271.29998779296875,269.8699951171875,270.69000244140625,57303900
2018-04-19,237.6156005859375,268.8900146484375,269.8800048828125,267.7200012207031,269.6499938964844,77655900
2018-04-20,235.6008758544922,266.6099853515625,269.05999755859375,265.6099853515625,268.80999755859375,99953100
2018-04-23,235.56556701660156,266.57000732421875,267.8900146484375,265.3500061035156,267.260009765625,65558000
2018-04-24,232.39308166503903,262.9800109863281,267.9800109863281,261.2799987792969,267.7300109863281,112885500
2018-04-25,232.96749877929688,263.6300048828125,264.1300048828125,260.8500061035156,262.9100036621094,103840900
2018-04-26,235.33572387695312,266.30999755859375,267.25,264.2900085449219,264.7900085449219,67731900
2018-04-27,235.55667114257812,266.55999755859375,267.3399963378906,265.5,267.0,57053600
2018-04-30,233.74510192871097,264.510009765625,267.8900146484375,264.42999267578125,267.260009765625,82182300
2018-05-01,234.1603851318359,264.9800109863281,265.1000061035156,262.1099853515625,263.8699951171875,74203400
2018-05-02,232.5874481201172,263.20001220703125,265.67999267578125,262.760009765625,264.760009765625,86368900
2018-05-03,232.0749359130859,262.6199951171875,263.3599853515625,259.04998779296875,262.260009765625,136311500
2018-05-04,235.07943725585935,266.0199890136719,266.7900085449219,261.1499938964844,261.5199890136719,91222100
2018-05-07,235.87486267089844,266.9200134277344,268.0199890136719,266.1099853515625,266.8900146484375,55304900
2018-05-08,235.87486267089844,266.9200134277344,267.3299865722656,265.1499938964844,266.5,67499200
2018-05-09,238.15472412109375,269.5,269.8699951171875,267.0899963378906,267.67999267578125,59666100
2018-05-10,240.38156127929688,272.0199890136719,272.3900146484375,270.2200012207031,270.3399963378906,72063900
2018-05-11,241.1150665283203,272.8500061035156,273.1499938964844,271.5799865722656,272.1600036621094,59871500
2018-05-14,241.22996520996097,272.9800109863281,274.0799865722656,272.3599853515625,273.3399963378906,54790600
2018-05-15,239.5686187744141,271.1000061035156,271.6099853515625,270.0299987792969,271.5899963378906,87036100
2018-05-16,240.57601928710935,272.239990234375,272.760009765625,271.1099853515625,271.1400146484375,53942600
2018-05-17,240.3727874755859,272.010009765625,273.2300109863281,271.1300048828125,271.94000244140625,56536400
2018-05-18,239.77186584472656,271.3299865722656,272.0299987792969,270.92999267578125,271.6199951171875,64368000
2018-05-21,241.5745849609375,273.3699951171875,273.9800109863281,272.57000732421875,273.010009765625,58025900
2018-05-22,240.9030303955078,272.6099853515625,274.25,272.239990234375,273.9599914550781,52966400
2018-05-23,241.5657501220703,273.3599853515625,273.3900146484375,270.989990234375,271.1700134277344,64694200
2018-05-24,241.0708923339844,272.79998779296875,273.2200012207031,270.7799987792969,272.9100036621094,76043800
2018-05-25,240.49652099609375,272.1499938964844,272.8599853515625,271.5799865722656,272.1499938964844,56374800
2018-05-29,237.7305603027344,269.0199890136719,271.1700134277344,267.760009765625,270.30999755859375,115908600
2018-05-30,240.9030303955078,272.6099853515625,273.1099853515625,270.4200134277344,270.5,69678400
2018-05-31,239.42723083496097,270.94000244140625,272.489990234375,270.260009765625,272.1499938964844,93519900
2018-06-01,241.77783203125,273.6000061035156,273.94000244140625,272.3299865722656,272.4100036621094,71258400
2018-06-04,242.92660522460935,274.8999938964844,275.19000244140625,274.260009765625,274.5299987792969,45385200
2018-06-05,243.1034393310547,275.1000061035156,275.5299987792969,274.17999267578125,275.04998779296875,51135000
2018-06-06,245.1358642578125,277.3999938964844,277.5199890136719,275.0899963378906,275.7900085449219,62732200
2018-06-07,245.10939025878903,277.3699951171875,278.2799987792969,276.3399963378906,277.95001220703125,72969400
2018-06-08,245.8339385986328,278.19000244140625,278.25,276.6600036621094,276.8500061035156,72139700
2018-06-11,246.1609344482422,278.55999755859375,279.3699951171875,278.30999755859375,278.44000244140625,58892500
2018-06-12,246.47914123535156,278.9200134277344,279.3299865722656,278.19000244140625,279.0299987792969,72329000
2018-06-13,245.692626953125,278.0299987792969,279.4800109863281,277.79998779296875,279.19000244140625,79070600
2018-06-14,246.3111572265625,278.7300109863281,279.3299865722656,278.05999755859375,279.010009765625,77097600
2018-06-15,245.99693298339844,277.1300048828125,277.510009765625,275.3500061035156,276.6000061035156,120041600
2018-06-18,245.490966796875,276.55999755859375,276.70001220703125,274.95001220703125,275.489990234375,52917600
2018-06-19,244.55007934570312,275.5,275.75,273.5299987792969,274.0,97531500
2018-06-20,244.96731567382812,275.9700012207031,276.7200012207031,275.5899963378906,276.2699890136719,53785500
2018-06-21,243.4315948486328,274.239990234375,275.9800109863281,273.67999267578125,275.9599914550781,71061400
2018-06-22,243.87547302246097,274.739990234375,275.7900085449219,274.489990234375,275.6600036621094,54898500
2018-06-25,240.5555877685547,271.0,273.6199951171875,269.1000061035156,273.44000244140625,137854200
2018-06-26,241.08822631835935,271.6000061035156,272.55999755859375,270.7900085449219,271.6400146484375,68547400
2018-06-27,239.0909881591797,269.3500061035156,273.8699951171875,269.17999267578125,272.260009765625,105110700
2018-06-28,240.4580078125,270.8900146484375,271.75,268.489990234375,269.2900085449219,76650500
2018-06-29,240.80416870117188,271.2799987792969,273.6600036621094,271.1499938964844,272.1199951171875,97592500
2018-07-02,241.31898498535156,271.8599853515625,272.0400085449219,269.239990234375,269.510009765625,63554800
2018-07-03,240.46682739257812,270.8999938964844,272.9800109863281,270.4200134277344,272.8699951171875,42187100
2018-07-05,242.4285430908203,273.1099853515625,273.17999267578125,270.9599914550781,272.1700134277344,56925900
2018-07-06,244.47911071777344,275.4200134277344,275.8399963378906,272.7099914550781,273.1400146484375,66493700
2018-07-09,246.68035888671875,277.8999938964844,277.9599914550781,276.5,276.54998779296875,50550400
2018-07-10,247.56808471679688,278.8999938964844,279.010009765625,278.0799865722656,278.4100036621094,51966800
2018-07-11,245.75732421875,276.8599853515625,278.0400085449219,276.5199890136719,277.1499938964844,77054700
2018-07-12,247.9852752685547,279.3699951171875,279.42999267578125,277.6000061035156,278.2799987792969,60124700
2018-07-13,248.18055725097656,279.5899963378906,279.92999267578125,278.6600036621094,279.1700134277344,48216000
2018-07-16,247.95870971679688,279.3399963378906,279.79998779296875,278.8399963378906,279.6400146484375,48201000
2018-07-17,248.9617156982422,280.4700012207031,280.9100036621094,278.4100036621094,278.4700012207031,52315500
2018-07-18,249.48550415039065,281.05999755859375,281.17999267578125,280.05999755859375,280.55999755859375,44593500
2018-07-19,248.54454040527344,280.0,280.739990234375,279.4599914550781,280.30999755859375,61412100
2018-07-20,248.2604217529297,279.67999267578125,280.4800109863281,279.5,279.7699890136719,82337700
2018-07-23,248.7220916748047,280.20001220703125,280.42999267578125,279.05999755859375,279.45001220703125,47047600
2018-07-24,249.97369384765625,281.6099853515625,282.55999755859375,280.6300048828125,281.7900085449219,68026900
2018-07-25,252.1040954589844,284.010009765625,284.3699951171875,281.2799987792969,281.3299865722656,78882900
2018-07-26,251.50933837890625,283.3399963378906,284.1099853515625,283.0899963378906,283.20001220703125,57919500
2018-07-27,249.8049774169922,281.4200134277344,283.82000732421875,280.3800048828125,283.7099914550781,76768700
2018-07-30,248.50015258789065,279.95001220703125,281.69000244140625,279.3599853515625,281.510009765625,63742500
2018-07-31,249.72509765625,281.3299865722656,282.0199890136719,280.3800048828125,280.80999755859375,68570500
2018-08-01,249.3079376220703,280.8599853515625,282.1300048828125,280.1300048828125,281.55999755859375,53853300
2018-08-02,250.66612243652344,282.3900146484375,282.5799865722656,279.1600036621094,279.3900146484375,63426400
2018-08-03,251.74009704589844,283.6000061035156,283.6600036621094,282.3299865722656,282.5299987792969,53935400
2018-08-06,252.6632537841797,284.6400146484375,284.989990234375,283.20001220703125,283.6400146484375,39400900
2018-08-07,253.4976043701172,285.5799865722656,286.010009765625,285.239990234375,285.3900146484375,43196600
2018-08-08,253.39122009277344,285.4599914550781,285.9100036621094,284.94000244140625,285.3900146484375,42114600
2018-08-09,253.04495239257812,285.07000732421875,285.9700012207031,284.9200134277344,285.5299987792969,35717000
2018-08-10,251.3495178222656,283.1600036621094,284.05999755859375,282.3599853515625,283.45001220703125,77076000
2018-08-13,250.40866088867188,282.1000061035156,284.1600036621094,281.7699890136719,283.4700012207031,65732900
2018-08-14,252.0064392089844,283.8999938964844,284.1700134277344,282.4800109863281,282.9200134277344,43842000
2018-08-15,250.12448120117188,281.7799987792969,282.5400085449219,280.1600036621094,282.3800048828125,102925400
2018-08-16,252.14846801757812,284.05999755859375,285.0400085449219,283.3599853515625,283.3999938964844,69967900
2018-08-17,253.03607177734375,285.05999755859375,285.55999755859375,283.3699951171875,283.8299865722656,65618500
2018-08-20,253.5775909423828,285.6700134277344,285.9700012207031,285.05999755859375,285.57000732421875,39807500
2018-08-21,254.17230224609375,286.3399963378906,287.30999755859375,285.7099914550781,286.25,67272000
2018-08-22,254.0213928222656,286.1700134277344,286.760009765625,285.5799865722656,285.8800048828125,44993300
2018-08-23,253.68408203125,285.7900085449219,286.94000244140625,285.42999267578125,285.9700012207031,49204900
2018-08-24,255.21092224121097,287.510009765625,287.6700134277344,286.3800048828125,286.44000244140625,57487400
2018-08-27,257.2257995605469,289.7799987792969,289.8999938964844,288.67999267578125,288.8599853515625,57072400
2018-08-28,257.35015869140625,289.9200134277344,290.4200134277344,289.3999938964844,290.29998779296875,46943500
2018-08-29,258.73480224609375,291.4800109863281,291.739990234375,289.8900146484375,290.1600036621094,61485500
2018-08-30,257.6874694824219,290.29998779296875,291.3599853515625,289.6300048828125,290.94000244140625,61229500
2018-08-31,257.6963195800781,290.30999755859375,290.80999755859375,289.2900085449219,289.8399963378906,66140800
2018-09-04,257.25250244140625,289.80999755859375,290.2099914550781,288.67999267578125,289.8399963378906,57594400
2018-09-05,256.56005859375,289.0299987792969,289.6400146484375,287.8900146484375,289.4100036621094,72452400
2018-09-06,255.7878265380859,288.1600036621094,289.489990234375,287.0,289.1499938964844,65909900
2018-09-07,255.2907257080078,287.6000061035156,288.70001220703125,286.7099914550781,286.9800109863281,73524800
2018-09-10,255.73455810546875,288.1000061035156,289.0400085449219,287.8800048828125,288.739990234375,50210900
2018-09-11,256.577880859375,289.04998779296875,289.54998779296875,286.9800109863281,287.3699951171875,50530500
2018-09-12,256.6400146484375,289.1199951171875,289.79998779296875,288.2300109863281,289.05999755859375,59810800
2018-09-13,258.1578063964844,290.8299865722656,291.0400085449219,290.0,290.32000732421875,51034200
2018-09-14,258.2021789550781,290.8800048828125,291.2699890136719,290.0,291.05999755859375,55079900
2018-09-17,256.83526611328125,289.3399963378906,290.8599853515625,289.0299987792969,290.82000732421875,68244000
2018-09-18,258.22882080078125,290.9100036621094,291.5799865722656,289.54998779296875,289.5799865722656,61930400
2018-09-19,258.5040283203125,291.2200012207031,291.69000244140625,290.8299865722656,290.9700012207031,49080600
2018-09-20,260.59893798828125,293.5799865722656,293.94000244140625,291.239990234375,292.6400146484375,100360600
2018-09-21,260.3608093261719,291.989990234375,293.2200012207031,291.80999755859375,293.0899963378906,105479700
2018-09-24,259.49591064453125,291.0199890136719,291.5,290.3699951171875,291.3399963378906,53409600
2018-09-25,259.2551574707031,290.75,291.6499938964844,290.4800109863281,291.5299987792969,44370000
2018-09-26,258.4794006347656,289.8800048828125,292.239990234375,289.4100036621094,290.9100036621094,79739700
2018-09-27,259.2016906738281,290.69000244140625,291.9100036621094,290.1000061035156,290.4100036621094,59249500
2018-09-28,259.22845458984375,290.7200012207031,291.2799987792969,289.95001220703125,289.989990234375,70091400
2018-10-01,260.1290283203125,291.7300109863281,292.92999267578125,290.9800109863281,292.1099853515625,62078900
2018-10-02,259.9774475097656,291.55999755859375,292.3599853515625,291.1400146484375,291.55999755859375,47258200
2018-10-03,260.1200866699219,291.7200012207031,293.2099914550781,291.32000732421875,292.739990234375,64694600
2018-10-04,258.0870666503906,289.44000244140625,291.239990234375,287.6600036621094,291.17999267578125,111545900
2018-10-05,256.642578125,287.82000732421875,290.2699890136719,286.2200012207031,289.69000244140625,105951700
2018-10-08,256.642578125,287.82000732421875,288.2200012207031,285.5,287.04998779296875,87742200
2018-10-09,256.2680969238281,287.3999938964844,288.8599853515625,286.7699890136719,287.3900146484375,74339000
2018-10-10,248.15377807617188,278.29998779296875,286.9100036621094,277.8800048828125,286.8299865722656,214731000
2018-10-11,242.68780517578125,272.1700134277344,278.8999938964844,270.3599853515625,277.0799865722656,274840500
2018-10-12,246.0583343505859,275.95001220703125,277.0899963378906,272.3699951171875,276.7699890136719,183186500
2018-10-15,244.67623901367188,274.3999938964844,277.0400085449219,274.29998779296875,275.54998779296875,102263700
2018-10-16,250.0263671875,280.3999938964844,280.82000732421875,276.07000732421875,276.6000061035156,118255800
2018-10-17,250.0709228515625,280.45001220703125,281.1499938964844,277.55999755859375,280.44000244140625,110626000
2018-10-18,246.4595947265625,276.3999938964844,280.07000732421875,274.9700012207031,279.3999938964844,134557500
2018-10-19,246.32586669921875,276.25,279.29998779296875,275.4700012207031,277.1300048828125,139901600
2018-10-22,245.22019958496097,275.010009765625,277.3599853515625,274.4100036621094,277.0,82415800
2018-10-23,243.97178649902344,273.6099853515625,274.8699951171875,268.6099853515625,270.95001220703125,146352700
2018-10-24,236.5797882080078,265.32000732421875,273.760009765625,264.70001220703125,273.3299865722656,177806700
2018-10-25,240.82415771484375,270.0799865722656,271.80999755859375,266.2300109863281,267.3800048828125,138061500
2018-10-26,236.58871459960935,265.3299865722656,271.0,262.2900085449219,265.9200134277344,201574600
2018-10-29,235.2779235839844,263.8599853515625,270.25,259.8500061035156,268.79998779296875,160749100
2018-10-30,238.764404296875,267.7699890136719,268.1199951171875,263.1199951171875,263.6700134277344,157116000
2018-10-31,241.31459045410156,270.6300048828125,273.2300109863281,270.1199951171875,270.6499938964844,128296300
2018-11-01,243.88265991210935,273.510009765625,273.7300109863281,270.3800048828125,271.6000061035156,99495000
2018-11-02,242.4381866455078,271.8900146484375,275.2300109863281,269.5899963378906,274.75,122634100
2018-11-05,243.77566528320312,273.3900146484375,274.010009765625,271.3500061035156,272.44000244140625,65622500
2018-11-06,245.3182830810547,275.1199951171875,275.29998779296875,273.25,273.32000732421875,60085900
2018-11-07,250.5702209472656,281.010009765625,281.1000061035156,277.0799865722656,277.55999755859375,102752100
2018-11-08,250.1154937744141,280.5,281.2200012207031,279.2200012207031,280.1099853515625,65584900
2018-11-09,247.67230224609375,277.760009765625,279.239990234375,276.17999267578125,279.0299987792969,98812600
2018-11-12,243.0445251464844,272.57000732421875,277.4599914550781,271.989990234375,277.19000244140625,99673600
2018-11-13,242.58978271484375,272.05999755859375,275.3299865722656,271.25,273.0899963378906,98176600
2018-11-14,240.93116760253903,270.20001220703125,274.6099853515625,268.45001220703125,274.1600036621094,125335900
2018-11-15,243.44577026367188,273.0199890136719,273.5400085449219,267.010009765625,268.7799987792969,135101400
2018-11-16,244.0788421630859,273.7300109863281,274.75,271.2099914550781,271.7900085449219,126668000
2018-11-19,239.9503936767578,269.1000061035156,273.3800048828125,268.07000732421875,273.04998779296875,103061700
2018-11-20,235.50975036621097,264.1199951171875,267.0,263.1499938964844,265.3599853515625,136021300
2018-11-21,236.3123321533203,265.0199890136719,267.1499938964844,265.010009765625,265.8599853515625,75563700
2018-11-23,234.73402404785156,263.25,264.82000732421875,263.07000732421875,263.17999267578125,42807900
2018-11-26,238.5237579345703,267.5,267.75,265.3399963378906,265.7799987792969,79981400
2018-11-27,239.326171875,268.3999938964844,268.3999938964844,265.6600036621094,266.3399963378906,75502400
2018-11-28,244.8367156982422,274.5799865722656,274.5799865722656,268.3299865722656,269.6000061035156,127629600
2018-11-29,244.3017578125,273.9800109863281,275.54998779296875,272.42999267578125,273.7099914550781,82346400
2018-11-30,245.7909393310547,275.6499938964844,276.2799987792969,273.45001220703125,273.80999755859375,98204200
2018-12-03,249.0455017089844,279.29998779296875,280.3999938964844,277.510009765625,280.2799987792969,103176300
2018-12-04,240.97579956054688,270.25,278.8500061035156,269.8999938964844,278.3699951171875,177986000
2018-12-06,240.61016845703125,269.8399963378906,269.9700012207031,262.44000244140625,265.9200134277344,204185400
2018-12-07,235.01939392089844,263.57000732421875,271.2200012207031,262.6300048828125,269.4599914550781,161018900
2018-12-10,235.4652099609375,264.07000732421875,265.1600036621094,258.6199951171875,263.3699951171875,151445900
2018-12-11,235.51873779296875,264.1300048828125,267.8699951171875,262.4800109863281,267.6600036621094,121504400
2018-12-12,236.7046813964844,265.4599914550781,269.0,265.3699951171875,267.4700012207031,97976700
2018-12-13,236.62440490722656,265.3699951171875,267.489990234375,264.1199951171875,266.5199890136719,96662700
2018-12-14,232.25518798828125,260.4700012207031,264.0299987792969,259.8500061035156,262.9599914550781,116961100
2018-12-17,227.6986846923828,255.36000061035156,260.6499938964844,253.52999877929688,259.3999938964844,165492300
2018-12-18,227.44908142089844,255.0800018310547,257.95001220703125,253.27999877929688,257.20001220703125,134515100
2018-12-19,224.04283142089844,251.2599945068359,259.3999938964844,249.3500061035156,255.1699981689453,214992800
2018-12-20,220.3958740234375,247.1699981689453,251.6199951171875,244.6499938964844,249.86000061035156,252053400
2018-12-21,215.8800506591797,240.6999969482422,249.7100067138672,239.97999572753903,246.7400054931641,255345600
2018-12-24,210.1759033203125,234.33999633789065,240.83999633789065,234.27000427246097,239.0399932861328,147311600
2018-12-26,220.7949981689453,246.17999267578125,246.17999267578125,233.7599945068359,235.97000122070312,218485400
2018-12-27,222.4901123046875,248.07000732421875,248.2899932861328,238.9600067138672,242.57000732421875,186267300
2018-12-28,222.20309448242188,247.75,251.3999938964844,246.4499969482422,249.5800018310547,153100200
2018-12-31,224.1493377685547,249.9199981689453,250.19000244140625,247.47000122070312,249.55999755859375,144299400
2019-01-02,224.38253784179688,250.17999267578125,251.2100067138672,245.9499969482422,245.97999572753903,126925200
2019-01-03,219.02816772460935,244.2100067138672,248.57000732421875,243.6699981689453,248.22999572753903,144140700
2019-01-04,226.36459350585935,252.38999938964844,253.11000061035156,247.1699981689453,247.58999633789065,142628800
2019-01-07,228.14942932128903,254.3800048828125,255.9499969482422,251.69000244140625,252.69000244140625,103139100
2019-01-08,230.29298400878903,256.7699890136719,257.30999755859375,254.0,256.82000732421875,102512600
2019-01-09,231.3693084716797,257.9700012207031,258.9100036621094,256.19000244140625,257.55999755859375,95006600
2019-01-10,232.1854248046875,258.8800048828125,259.1600036621094,255.5,256.260009765625,96823900
2019-01-11,232.275146484375,258.9800109863281,259.010009765625,257.0299987792969,257.67999267578125,73858100
2019-01-14,230.85801696777344,257.3999938964844,258.29998779296875,256.4100036621094,256.8599853515625,70908200
2019-01-15,233.50387573242188,260.3500061035156,260.70001220703125,257.80999755859375,257.82000732421875,85208300
2019-01-16,234.06887817382812,260.9800109863281,261.9700012207031,260.6000061035156,260.8299865722656,77636700
2019-01-17,235.84471130371097,262.9599914550781,263.9200134277344,259.9599914550781,260.010009765625,96118400
2019-01-18,238.98377990722656,266.4599914550781,266.9800109863281,263.0,264.9800109863281,127900300
2019-01-22,235.75498962402344,262.8599853515625,265.05999755859375,261.05999755859375,264.82000732421875,115531200
2019-01-23,236.24835205078125,263.4100036621094,264.7900085449219,260.6600036621094,264.010009765625,86030300
2019-01-24,236.37387084960935,263.54998779296875,264.20001220703125,262.0799865722656,263.2099914550781,59204100
2019-01-25,238.3739318847656,265.7799987792969,266.70001220703125,263.6600036621094,265.6099853515625,96883400
2019-01-28,236.5622100830078,263.760009765625,263.8299865722656,261.7900085449219,263.3900146484375,85613700
2019-01-29,236.24835205078125,263.4100036621094,264.54998779296875,262.4800109863281,263.9200134277344,66136300
2019-01-30,239.98826599121097,267.5799865722656,268.5199890136719,264.25,265.1000061035156,92473700
2019-01-31,242.0959930419922,269.92999267578125,270.4700012207031,267.2699890136719,267.510009765625,104012100
2019-02-01,242.2126007080078,270.05999755859375,271.20001220703125,269.17999267578125,270.1499938964844,85782500
2019-02-04,243.9166259765625,271.9599914550781,272.0299987792969,269.3599853515625,270.1099853515625,60744800
2019-02-05,244.9390869140625,273.1000061035156,273.44000244140625,271.8800048828125,272.44000244140625,79552800
2019-02-06,244.6162872314453,272.739990234375,273.3399963378906,271.9200134277344,272.7900085449219,58347800
2019-02-07,242.28433227539065,270.1400146484375,271.54998779296875,268.2900085449219,270.94000244140625,95482000
2019-02-08,242.58035278320312,270.4700012207031,270.5799865722656,267.8299865722656,268.75,75788900
2019-02-11,242.71490478515625,270.6199951171875,271.489990234375,270.0299987792969,271.20001220703125,68021400
2019-02-12,245.83604431152344,274.1000061035156,274.5199890136719,272.3399963378906,272.4200134277344,72270200
2019-02-13,246.6342315673828,274.989990234375,275.92999267578125,274.55999755859375,275.0299987792969,65277200
2019-02-14,246.08712768554688,274.3800048828125,275.6400146484375,272.8699951171875,273.7799987792969,83234400
2019-02-15,248.76885986328125,277.3699951171875,277.4100036621094,276.1300048828125,276.3599853515625,97088700
2019-02-19,249.1993103027344,277.8500061035156,278.5799865722656,276.4700012207031,276.4800109863281,59120800
2019-02-20,249.70162963867188,278.4100036621094,278.9200134277344,277.25,277.80999755859375,76610800
2019-02-21,248.81369018554688,277.4200134277344,278.1000061035156,276.3500061035156,277.70001220703125,64214700
2019-02-22,250.35633850097656,279.1400146484375,279.3599853515625,277.3999938964844,278.1099853515625,78114600
2019-02-25,250.697021484375,279.5199890136719,281.30999755859375,279.42999267578125,280.7300109863281,69030700
2019-02-26,250.51773071289065,279.32000732421875,280.29998779296875,278.8999938964844,279.1300048828125,56844100
2019-02-27,250.41017150878903,279.20001220703125,279.5899963378906,277.4800109863281,278.5199890136719,56921600
2019-02-28,249.9437255859375,278.67999267578125,279.45001220703125,278.32000732421875,278.9599914550781,69268300
2019-03-01,251.5043487548828,280.4200134277344,280.8800048828125,278.82000732421875,280.44000244140625,78880500
2019-03-04,250.5894317626953,279.3999938964844,281.8699951171875,276.8399963378906,281.6000061035156,106494600
2019-03-05,250.24867248535156,279.0199890136719,279.760009765625,278.4100036621094,279.5400085449219,59114600
2019-03-06,248.73292541503903,277.3299865722656,279.1600036621094,276.9700012207031,279.1499938964844,75039800
2019-03-07,246.6521759033203,275.010009765625,276.989990234375,274.07000732421875,276.8299865722656,94885100
2019-03-08,246.15890502929688,274.4599914550781,274.6499938964844,272.4200134277344,272.94000244140625,85795800
2019-03-11,249.72845458984375,278.44000244140625,278.6199951171875,275.2300109863281,275.260009765625,65098900
2019-03-12,250.67022705078125,279.489990234375,280.07000732421875,278.8500061035156,279.05999755859375,79667500
2019-03-13,252.3293914794922,281.3399963378906,282.3800048828125,280.29998779296875,280.4800109863281,80639200
2019-03-14,252.16802978515625,281.1600036621094,281.8399963378906,280.6700134277344,281.3699951171875,67518400
2019-03-15,253.413818359375,281.30999755859375,282.2099914550781,280.3299865722656,280.5400085449219,81309000
2019-03-18,254.3326873779297,282.3299865722656,282.6600036621094,281.29998779296875,281.54998779296875,62199800
2019-03-19,254.3957366943359,282.3999938964844,284.3599853515625,281.4100036621094,283.510009765625,90268100
2019-03-20,253.63006591796875,281.54998779296875,283.5,280.32000732421875,282.1600036621094,84609200
2019-03-21,256.49468994140625,284.7300109863281,285.17999267578125,280.5899963378906,280.6400146484375,79550400
2019-03-22,251.5581970214844,279.25,283.79998779296875,279.17999267578125,283.2200012207031,122659300
2019-03-25,251.36900329589844,279.0400085449219,280.19000244140625,277.6400146484375,278.8699951171875,85575200
2019-03-26,253.24269104003903,281.1199951171875,282.17999267578125,279.55999755859375,280.989990234375,68125900
2019-03-27,251.91845703125,279.6499938964844,281.760009765625,277.92999267578125,281.1099853515625,72224700
2019-03-28,252.87335205078125,280.7099914550781,281.2099914550781,279.07000732421875,280.3500061035156,56238500
2019-03-29,254.46783447265625,282.4800109863281,282.8399963378906,281.1400146484375,282.3900146484375,82186800
2019-04-01,257.4856262207031,285.8299865722656,286.1600036621094,284.3999938964844,284.70001220703125,77617900
2019-04-02,257.61175537109375,285.9700012207031,286.2300109863281,285.0899963378906,286.0400085449219,40070400
2019-04-03,258.0171813964844,286.4200134277344,287.760009765625,285.75,287.32000732421875,68243200
2019-04-04,258.7018127441406,287.17999267578125,287.4599914550781,286.010009765625,286.7799987792969,48997500
2019-04-05,259.9538879394531,288.57000732421875,288.6300048828125,287.6000061035156,287.9200134277344,58621700
2019-04-08,260.152099609375,288.7900085449219,288.9100036621094,287.3699951171875,288.1000061035156,53566300
2019-04-09,258.81884765625,287.30999755859375,288.0799865722656,286.70001220703125,287.7200012207031,66142300
2019-04-10,259.7017517089844,288.2900085449219,288.3900146484375,287.30999755859375,287.7699890136719,52601500
2019-04-11,259.629638671875,288.2099914550781,288.8399963378906,287.5799865722656,288.8299865722656,55093100
2019-04-12,261.38623046875,290.1600036621094,290.4700012207031,288.260009765625,290.0,69727800
2019-04-15,261.2151184082031,289.9700012207031,290.3500061035156,289.0799865722656,290.239990234375,49596700
2019-04-16,261.38623046875,290.1600036621094,291.010009765625,289.5,290.95001220703125,52153200
2019-04-17,260.7467041015625,289.45001220703125,291.42999267578125,288.989990234375,291.3999938964844,58268300
2019-04-18,261.2601013183594,290.0199890136719,290.32000732421875,288.6600036621094,290.1000061035156,68708500
2019-04-22,261.4853820800781,290.2699890136719,290.44000244140625,289.07000732421875,289.1700134277344,40160100
2019-04-23,263.8365783691406,292.8800048828125,293.1400146484375,290.4200134277344,290.67999267578125,52246600
2019-04-24,263.2510070800781,292.2300109863281,293.1600036621094,292.07000732421875,292.7900085449219,50392900
2019-04-25,263.08880615234375,292.04998779296875,292.7799987792969,290.7300109863281,292.1199951171875,57770900
2019-04-26,264.3139953613281,293.4100036621094,293.489990234375,291.239990234375,292.1000061035156,50916400
2019-04-29,264.7283630371094,293.8699951171875,294.45001220703125,293.4100036621094,293.510009765625,57197700
2019-04-30,264.86346435546875,294.0199890136719,294.3399963378906,291.9200134277344,293.489990234375,81111700
2019-05-01,262.8726806640625,291.80999755859375,294.95001220703125,291.79998779296875,294.7200012207031,71671900
2019-05-02,262.30517578125,291.17999267578125,292.70001220703125,289.5199890136719,291.67999267578125,65030200
2019-05-03,264.87249755859375,294.0299987792969,294.3399963378906,291.29998779296875,292.82000732421875,56543700
2019-05-06,263.7824401855469,292.82000732421875,293.30999755859375,288.8999938964844,289.25,107198100
2019-05-07,259.3773498535156,287.92999267578125,290.80999755859375,285.80999755859375,290.1499938964844,144729900
2019-05-08,259.01715087890625,287.5299987792969,289.42999267578125,286.8699951171875,287.5299987792969,91568300
2019-05-09,258.2333068847656,286.6600036621094,287.3299865722656,283.29998779296875,285.2300109863281,103471100
2019-05-10,259.5305480957031,288.1000061035156,288.94000244140625,282.29998779296875,285.6199951171875,112429300
2019-05-13,253.0084991455078,280.8599853515625,283.489990234375,279.92999267578125,282.4200134277344,127290500
2019-05-14,255.2965850830078,283.3999938964844,285.1000061035156,281.8500061035156,281.989990234375,77003200
2019-05-15,256.7920227050781,285.05999755859375,285.7699890136719,281.3599853515625,281.5899963378906,73956400
2019-05-16,259.17022705078125,287.70001220703125,289.2099914550781,285.760009765625,285.8399963378906,76749600
2019-05-17,257.4946594238281,285.8399963378906,288.6000061035156,285.1199951171875,285.1400146484375,100353000
2019-05-20,255.7920684814453,283.95001220703125,285.9599914550781,283.1199951171875,284.05999755859375,62877600
2019-05-21,258.0981750488281,286.510009765625,286.92999267578125,285.54998779296875,285.8299865722656,46847100
2019-05-22,257.3054504394531,285.6300048828125,286.69000244140625,285.1000061035156,285.45001220703125,49482500
2019-05-23,254.16159057617188,282.1400146484375,283.2099914550781,280.57000732421875,283.1600036621094,98733800
2019-05-24,254.7381591796875,282.7799987792969,284.20001220703125,282.0899963378906,283.739990234375,55268100
2019-05-28,252.36880493164065,280.1499938964844,284.1499938964844,280.1300048828125,283.0899963378906,70029400
2019-05-29,250.67527770996097,278.2699890136719,279.3599853515625,276.7099914550781,278.9100036621094,104972900
2019-05-30,251.3600311279297,279.0299987792969,280.0400085449219,277.80999755859375,279.1099853515625,62523800
2019-05-31,247.97283935546875,275.2699890136719,277.1199951171875,275.239990234375,276.20001220703125,86862800
2019-06-03,247.34226989746097,274.57000732421875,276.54998779296875,273.0899963378906,275.30999755859375,96428000
2019-06-04,252.7111968994141,280.5299987792969,280.67999267578125,276.6199951171875,277.1199951171875,77231900
2019-06-05,254.9002990722656,282.9599914550781,282.989990234375,280.32000732421875,282.3299865722656,71169700
2019-06-06,256.5577697753906,284.79998779296875,285.54998779296875,282.57000732421875,283.2900085449219,69430400
2019-06-07,259.1251220703125,287.6499938964844,288.8500061035156,285.739990234375,285.92999267578125,74272200
2019-06-10,260.3143310546875,288.9700012207031,290.82000732421875,288.8699951171875,289.3699951171875,60799100
2019-06-11,260.2512512207031,288.8999938964844,291.3999938964844,288.17999267578125,290.989990234375,58641300
2019-06-12,259.791748046875,288.3900146484375,289.260009765625,287.82000732421875,288.6400146484375,47096300
2019-06-13,260.86370849609375,289.5799865722656,289.9800109863281,288.6199951171875,289.3999938964844,48945200
2019-06-14,260.5754699707031,289.260009765625,289.92999267578125,288.4100036621094,289.260009765625,52324700
2019-06-17,260.6746826171875,289.3699951171875,290.2200012207031,289.17999267578125,289.5199890136719,39205700
2019-06-18,263.4041748046875,292.3999938964844,293.57000732421875,290.989990234375,291.3900146484375,85434800
2019-06-19,263.99871826171875,293.05999755859375,293.6499938964844,291.4700012207031,292.54998779296875,78674400
2019-06-20,266.5209655761719,295.8599853515625,296.30999755859375,293.1300048828125,296.0400085449219,116570000
2019-06-21,266.1336364746094,294.0,295.5199890136719,293.760009765625,294.1300048828125,83309500
2019-06-24,265.8077087402344,293.6400146484375,294.5799865722656,293.4700012207031,294.2300109863281,47582700
2019-06-25,263.2006530761719,290.760009765625,293.7300109863281,290.6400146484375,293.70001220703125,82028700
2019-06-26,262.9381408691406,290.4700012207031,292.30999755859375,290.3500061035156,291.75,51584900
2019-06-27,263.87054443359375,291.5,292.05999755859375,290.8900146484375,291.30999755859375,40355200
2019-06-28,265.22833251953125,293.0,293.54998779296875,292.010009765625,292.5799865722656,59350900
2019-07-01,267.6362609863281,295.6600036621094,296.9200134277344,294.3299865722656,296.67999267578125,78705600
2019-07-02,268.3332824707031,296.42999267578125,296.489990234375,294.67999267578125,295.6099853515625,61504500
2019-07-03,270.4786376953125,298.79998779296875,298.82000732421875,297.0199890136719,297.17999267578125,40898900
2019-07-05,270.1708984375,298.4599914550781,298.6400146484375,296.010009765625,297.44000244140625,51677300
2019-07-08,268.6863708496094,296.82000732421875,298.260009765625,296.2200012207031,297.010009765625,45841800
2019-07-09,269.0212707519531,297.19000244140625,297.5199890136719,295.4800109863281,295.5400085449219,41101300
2019-07-10,270.30657958984375,298.6099853515625,299.6600036621094,297.7799987792969,298.3699951171875,58448500
2019-07-11,270.9403076171875,299.30999755859375,299.5799865722656,298.20001220703125,299.32000732421875,50826100
2019-07-12,272.15325927734375,300.6499938964844,300.7300109863281,299.510009765625,299.8500061035156,40326000
2019-07-15,272.2437438964844,300.75,301.1300048828125,300.19000244140625,301.1300048828125,33900000
2019-07-16,271.36572265625,299.7799987792969,300.8800048828125,299.44000244140625,300.6499938964844,36650100
2019-07-17,269.51910400390625,297.739990234375,299.92999267578125,297.739990234375,299.75,36036300
2019-07-18,270.5058288574219,298.8299865722656,299.25,296.70001220703125,297.19000244140625,51392600
2019-07-19,269.0030822753906,297.1700134277344,300.07000732421875,296.9800109863281,300.0400085449219,58678600
2019-07-22,269.6639099121094,297.8999938964844,298.5,297.0400085449219,297.6099853515625,43638100
2019-07-23,271.592041015625,300.0299987792969,300.0299987792969,298.2200012207031,299.1400146484375,44564500
2019-07-24,272.868408203125,301.44000244140625,301.44000244140625,299.0899963378906,299.19000244140625,47213200
2019-07-25,271.5648498535156,300.0,301.0,299.1099853515625,300.94000244140625,55394100
2019-07-26,273.38433837890625,302.010009765625,302.2300109863281,300.6199951171875,300.760009765625,45084100
2019-07-29,272.8864440917969,301.4599914550781,302.010009765625,300.8500061035156,301.8800048828125,38126500
2019-07-30,272.2166442871094,300.7200012207031,301.1700134277344,299.489990234375,299.9100036621094,45849000
2019-07-31,269.2384338378906,297.42999267578125,301.20001220703125,295.20001220703125,300.989990234375,104245200
2019-08-01,266.8939514160156,294.8399963378906,300.8699951171875,293.9599914550781,297.6000061035156,142646600
2019-08-02,264.8844299316406,292.6199951171875,294.1199951171875,290.8999938964844,293.8500061035156,116749700
2019-08-05,256.91845703125,283.82000732421875,288.2099914550781,281.7200012207031,288.0899963378906,178745400
2019-08-06,260.521240234375,287.79998779296875,288.0400085449219,284.2799987792969,285.9100036621094,120711700
2019-08-07,260.67510986328125,287.9700012207031,288.82000732421875,282.0400085449219,284.3999938964844,140572300
2019-08-08,265.78961181640625,293.6199951171875,293.6199951171875,289.010009765625,289.6199951171875,87713900
2019-08-09,263.9791564941406,291.6199951171875,293.239990234375,289.6499938964844,292.5799865722656,93730000
2019-08-12,260.7657165527344,288.07000732421875,291.6099853515625,287.0199890136719,289.9599914550781,65527600
2019-08-13,264.8209533691406,292.54998779296875,294.1499938964844,287.3599853515625,287.739990234375,94299800
2019-08-14,256.9909362792969,283.8999938964844,288.739990234375,283.760009765625,288.07000732421875,135622100
2019-08-15,257.6697998046875,284.6499938964844,285.6400146484375,282.3900146484375,284.8800048828125,99556600
2019-08-16,261.4717102050781,288.8500061035156,289.3299865722656,284.7099914550781,286.4800109863281,83018300
2019-08-19,264.6218566894531,292.3299865722656,293.0799865722656,291.44000244140625,292.19000244140625,53571800
2019-08-20,262.59417724609375,290.0899963378906,292.3599853515625,289.95001220703125,291.7699890136719,51596400
2019-08-21,264.73052978515625,292.45001220703125,292.8599853515625,291.7200012207031,292.4800109863281,49524700
2019-08-22,264.6490478515625,292.3599853515625,293.92999267578125,290.3999938964844,293.2300109863281,51666400
2019-08-23,257.85089111328125,284.8500061035156,292.760009765625,283.4700012207031,290.9200134277344,149161500
2019-08-26,260.7022399902344,288.0,288.0,285.5799865722656,287.2699890136719,72423800
2019-08-27,259.6794128417969,286.8699951171875,289.95001220703125,286.0299987792969,289.5400085449219,66668900
2019-08-28,261.5079040527344,288.8900146484375,289.07000732421875,285.25,286.1400146484375,59696700
2019-08-29,264.8481750488281,292.5799865722656,293.1600036621094,290.6099853515625,291.7200012207031,57899400
2019-08-30,264.73052978515625,292.45001220703125,294.239990234375,291.4200134277344,294.2200012207031,62901200
2019-09-03,263.18255615234375,290.739990234375,291.5799865722656,289.2699890136719,290.57000732421875,69101400
2019-09-04,266.1697998046875,294.0400085449219,294.05999755859375,292.30999755859375,293.1400146484375,46887300
2019-09-05,269.5914611816406,297.82000732421875,298.8299865722656,294.0,296.7900085449219,83258100
2019-09-06,269.79974365234375,298.04998779296875,298.760009765625,297.4200134277344,298.1700134277344,49584300
2019-09-09,269.9354553222656,298.20001220703125,299.239990234375,297.1600036621094,299.1400146484375,51260300
2019-09-10,269.8721923828125,298.1300048828125,298.20001220703125,295.9700012207031,297.3599853515625,57947100
2019-09-11,271.79119873046875,300.25,300.3399963378906,297.75,298.4700012207031,68821100
2019-09-12,272.7326354980469,301.2900085449219,302.4599914550781,300.4100036621094,301.25,72908700
2019-09-13,272.551513671875,301.0899963378906,302.1700134277344,300.67999267578125,301.7799987792969,62104800
2019-09-16,271.709716796875,300.1600036621094,301.1400146484375,299.45001220703125,299.8399963378906,58191200
2019-09-17,272.397705078125,300.9200134277344,301.0199890136719,299.75,299.94000244140625,41475500
2019-09-18,272.560546875,301.1000061035156,301.2200012207031,298.239990234375,300.489990234375,73375800
2019-09-19,272.54254150390625,301.0799865722656,302.6300048828125,300.7099914550781,301.5299987792969,76560500
2019-09-20,271.2548522949219,298.2799987792969,300.6700134277344,297.4100036621094,300.3599853515625,89565000
2019-09-23,271.19110107421875,298.2099914550781,299.0,297.2699890136719,297.54998779296875,43476800
2019-09-24,269.06317138671875,295.8699951171875,299.8399963378906,294.80999755859375,299.4100036621094,94869400
2019-09-25,270.6545715332031,297.6199951171875,298.1099853515625,294.3299865722656,295.9599914550781,71854000
2019-09-26,270.0907897949219,297.0,297.8599853515625,295.45001220703125,297.6300048828125,56179700
2019-09-27,268.63568115234375,295.3999938964844,297.95001220703125,293.69000244140625,297.8299865722656,84746600
2019-09-30,269.8815612792969,296.7699890136719,297.54998779296875,295.9200134277344,295.9700012207031,51662400
2019-10-01,266.6714172363281,293.239990234375,298.4599914550781,293.0,297.739990234375,88242400
2019-10-02,261.9608459472656,288.05999755859375,291.510009765625,286.6400146484375,291.5,122539500
2019-10-03,264.1070251464844,290.4200134277344,290.45001220703125,284.82000732421875,287.80999755859375,85278800
2019-10-04,267.68096923828125,294.3500061035156,294.6300048828125,291.0799865722656,291.1400146484375,65091200
2019-10-07,266.5260009765625,293.0799865722656,295.260009765625,292.7699890136719,293.4700012207031,59610500
2019-10-08,262.3882141113281,288.5299987792969,291.8500061035156,288.489990234375,291.0400085449219,95708100
2019-10-09,264.87994384765625,291.2699890136719,292.29998779296875,290.05999755859375,290.75,62359400
2019-10-10,266.6714172363281,293.239990234375,294.2099914550781,291.0,291.17999267578125,55296300
2019-10-11,269.4360046386719,296.2799987792969,298.739990234375,296.1400146484375,296.2699890136719,98720400
2019-10-14,269.1359558105469,295.95001220703125,296.6700134277344,295.57000732421875,295.92999267578125,40394800
2019-10-15,271.8004455566406,298.8800048828125,299.70001220703125,296.9700012207031,297.1000061035156,46754500
2019-10-16,271.3639831542969,298.3999938964844,299.1600036621094,297.9200134277344,298.3699951171875,48928200
2019-10-17,272.1641845703125,299.2799987792969,300.239990234375,298.5199890136719,299.67999267578125,45736600
2019-10-18,270.97283935546875,297.9700012207031,299.3999938964844,297.0299987792969,298.69000244140625,64304000
2019-10-21,272.80987548828125,299.989990234375,300.2099914550781,298.94000244140625,299.4200134277344,39048600
2019-10-22,271.918701171875,299.010009765625,300.8999938964844,298.9100036621094,300.5799865722656,48594700
2019-10-23,272.7098693847656,299.8800048828125,299.94000244140625,298.5,298.7300109863281,34352200
2019-10-24,273.15545654296875,300.3699951171875,301.07000732421875,299.4599914550781,300.9100036621094,35453100
2019-10-25,274.2740783691406,301.6000061035156,302.20001220703125,299.67999267578125,299.739990234375,45205400
2019-10-28,275.8199462890625,303.29998779296875,303.8500061035156,302.9100036621094,302.94000244140625,42147000
2019-10-29,275.7381286621094,303.2099914550781,304.2300109863281,302.8599853515625,303.0,44284900
2019-10-30,276.5838623046875,304.1400146484375,304.54998779296875,301.989990234375,303.42999267578125,49643900
2019-10-31,275.84722900390625,303.3299865722656,304.1300048828125,301.7300109863281,304.1300048828125,69053800
2019-11-01,278.4026184082031,306.1400146484375,306.19000244140625,304.739990234375,304.9200134277344,71141500
2019-11-04,279.5211486816406,307.3699951171875,308.0,306.9599914550781,307.8500061035156,60606900
2019-11-05,279.2121276855469,307.0299987792969,307.9200134277344,306.7099914550781,307.5899963378906,42933200
2019-11-06,279.2756652832031,307.1000061035156,307.3999938964844,306.05999755859375,307.0299987792969,46487100
2019-11-07,280.2579040527344,308.17999267578125,309.6499938964844,307.6600036621094,308.57000732421875,54272300
2019-11-08,280.9490051269531,308.94000244140625,309.0,307.0299987792969,307.79998779296875,49032100
2019-11-11,280.412353515625,308.3500061035156,308.5400085449219,307.2699890136719,307.4200134277344,35797300
2019-11-12,281.0035400390625,309.0,309.989990234375,308.1499938964844,308.75,46484600
2019-11-13,281.094482421875,309.1000061035156,309.5400085449219,307.6600036621094,307.9100036621094,53917700
2019-11-14,281.5036926269531,309.54998779296875,309.6400146484375,308.0899963378906,308.7900085449219,51219900
2019-11-15,283.54083251953125,311.7900085449219,311.8399963378906,310.260009765625,311.0199890136719,62023600
2019-11-18,283.7499084472656,312.0199890136719,312.2799987792969,311.0299987792969,311.5299987792969,49228000
2019-11-19,283.6680908203125,311.92999267578125,312.69000244140625,311.2200012207031,312.67999267578125,67804700
2019-11-20,282.61309814453125,310.7699890136719,311.8500061035156,309.05999755859375,311.2799987792969,79406200
2019-11-21,282.1584777832031,310.2699890136719,311.010009765625,309.3900146484375,310.8900146484375,54664700
2019-11-22,282.78607177734375,310.9599914550781,311.239990234375,309.8500061035156,311.0899963378906,44850200
2019-11-25,284.9775695800781,313.3699951171875,313.3699951171875,311.9800109863281,311.9800109863281,48647200
2019-11-26,285.6231994628906,314.0799865722656,314.2799987792969,313.05999755859375,313.4100036621094,37569000
2019-11-27,286.896484375,315.4800109863281,315.4800109863281,314.3699951171875,314.6099853515625,44444600
2019-11-29,285.8323974609375,314.30999755859375,315.1300048828125,314.05999755859375,314.8599853515625,36592700
2019-12-02,283.4043884277344,311.6400146484375,314.6600036621094,311.1700134277344,314.5899963378906,75767800
2019-12-03,281.5036926269531,309.54998779296875,309.6400146484375,307.1300048828125,308.6499938964844,73941700
2019-12-04,283.2406005859375,311.4599914550781,312.1199951171875,310.32000732421875,310.70001220703125,49080000
2019-12-05,283.7499084472656,312.0199890136719,312.25,310.5799865722656,312.2300109863281,40709000
2019-12-06,286.3416442871094,314.8699951171875,315.30999755859375,314.1099853515625,314.1199951171875,48927000
2019-12-09,285.4413757324219,313.8800048828125,315.17999267578125,313.79998779296875,314.44000244140625,34838500
2019-12-10,285.12310791015625,313.5299987792969,314.54998779296875,312.80999755859375,313.82000732421875,52649800
2019-12-11,285.9324951171875,314.4200134277344,314.70001220703125,313.44000244140625,314.0299987792969,53429100
2019-12-12,288.39697265625,317.1300048828125,317.989990234375,314.1700134277344,314.42999267578125,96389600
2019-12-13,288.5697021484375,317.32000732421875,318.6700134277344,316.0199890136719,316.8699951171875,81503900
2019-12-16,290.5521545410156,319.5,320.1499938964844,317.25,319.2200012207031,82749700
2019-12-17,290.6158447265625,319.57000732421875,320.25,319.4800109863281,319.9200134277344,61097700
2019-12-18,290.6340637207031,319.5899963378906,320.25,319.5299987792969,320.0,48133000
2019-12-19,291.82537841796875,320.8999938964844,320.9800109863281,319.5199890136719,319.79998779296875,85310500
2019-12-20,293.10479736328125,320.7300109863281,321.9700012207031,319.3900146484375,320.4599914550781,147142100
2019-12-23,293.5525817871094,321.2200012207031,321.6499938964844,321.05999755859375,321.5899963378906,52990000
2019-12-24,293.561767578125,321.2300109863281,321.5199890136719,320.8999938964844,321.4700012207031,20270000
2019-12-26,295.1243896484375,322.94000244140625,322.95001220703125,321.6400146484375,321.6499938964844,30911200
2019-12-27,295.0513000488281,322.8599853515625,323.79998779296875,322.2799987792969,323.739990234375,42528800
2019-12-30,293.4245910644531,321.0799865722656,323.1000061035156,320.54998779296875,322.95001220703125,49729100
2019-12-31,294.137451171875,321.8599853515625,322.1300048828125,320.1499938964844,320.5299987792969,57077300
2020-01-02,296.88818359375,324.8699951171875,324.8900146484375,322.5299987792969,323.5400085449219,59151200
2020-01-03,294.6399841308594,322.4100036621094,323.6400146484375,321.1000061035156,321.1600036621094,77709700
2020-01-06,295.76416015625,323.6400146484375,323.7300109863281,320.3599853515625,320.489990234375,55653900
2020-01-07,294.9324951171875,322.7300109863281,323.5400085449219,322.239990234375,323.0199890136719,40496400
2020-01-08,296.5043640136719,324.45001220703125,325.7799987792969,322.6700134277344,322.94000244140625,68296000
2020-01-09,298.5148620605469,326.6499938964844,326.7300109863281,325.5199890136719,326.1600036621094,48473300
2020-01-10,297.6559143066406,325.7099914550781,327.4599914550781,325.20001220703125,327.2900085449219,53029300
2020-01-13,299.702880859375,327.95001220703125,327.9599914550781,325.9200134277344,326.3900146484375,47086800
2020-01-14,299.2459716796875,327.45001220703125,328.6199951171875,326.8399963378906,327.4700012207031,62832800
2020-01-15,299.9222412109375,328.19000244140625,329.0199890136719,327.260009765625,327.3500061035156,72056600
2020-01-16,302.4171447753906,330.9200134277344,330.9200134277344,329.45001220703125,329.70001220703125,54050300
2020-01-17,303.3584289550781,331.95001220703125,332.17999267578125,330.8500061035156,331.70001220703125,95846000
2020-01-21,302.7643737792969,331.29998779296875,332.17999267578125,330.82000732421875,330.8999938964844,77742400
2020-01-22,302.8009338378906,331.3399963378906,332.95001220703125,331.1700134277344,332.239990234375,48914900
2020-01-23,303.14825439453125,331.7200012207031,332.1700134277344,329.4100036621094,330.6300048828125,51963000
2020-01-24,300.4522399902344,328.7699890136719,332.5299987792969,327.3599853515625,332.44000244140625,87578400
2020-01-27,295.6361083984375,323.5,325.1199951171875,322.6600036621094,323.0299987792969,84062500
2020-01-28,298.73419189453125,326.8900146484375,327.8500061035156,323.6000061035156,325.05999755859375,63834000
2020-01-29,298.4874572753906,326.6199951171875,328.6300048828125,326.3999938964844,328.3800048828125,53888900
2020-01-30,299.45611572265625,327.67999267578125,327.9100036621094,323.5400085449219,324.3599853515625,75491800
2020-01-31,294.0187072753906,321.7300109863281,327.1700134277344,320.7300109863281,327.0,113845600
2020-02-03,296.2027587890625,324.1199951171875,326.1600036621094,323.2200012207031,323.3500061035156,69083000
2020-02-04,300.71728515625,329.05999755859375,330.010009765625,327.7200012207031,328.07000732421875,62573200
2020-02-05,304.18994140625,332.8599853515625,333.0899963378906,330.6700134277344,332.2699890136719,65951100
2020-02-06,305.2135009765625,333.9800109863281,334.19000244140625,332.79998779296875,333.9100036621094,50359700
2020-02-07,303.5868225097656,332.20001220703125,333.989990234375,331.6000061035156,332.82000732421875,64139400
2020-02-10,305.8532409667969,334.67999267578125,334.75,331.19000244140625,331.2300109863281,42070000
2020-02-11,306.38323974609375,335.260009765625,337.0199890136719,334.67999267578125,336.1600036621094,54864500
2020-02-12,308.3572082519531,337.4200134277344,337.6499938964844,336.42999267578125,336.8299865722656,43992700
2020-02-13,308.0281982421875,337.05999755859375,338.1199951171875,335.55999755859375,335.8599853515625,54501900
2020-02-14,308.5216979980469,337.6000061035156,337.7300109863281,336.20001220703125,337.510009765625,64582200
2020-02-18,307.7266540527344,336.7300109863281,337.6700134277344,335.2099914550781,336.510009765625,57226200
2020-02-19,309.1979675292969,338.3399963378906,339.0799865722656,337.4800109863281,337.7900085449219,48814700
2020-02-20,307.92767333984375,336.95001220703125,338.6400146484375,333.67999267578125,337.739990234375,74163400
2020-02-21,304.75653076171875,333.4800109863281,335.80999755859375,332.5799865722656,335.4700012207031,113788200
2020-02-24,294.64923095703125,322.4200134277344,333.55999755859375,321.239990234375,323.1400146484375,161088400
2020-02-25,285.7207336425781,312.6499938964844,324.6099853515625,311.69000244140625,323.94000244140625,218913200
2020-02-26,284.6697692871094,311.5,318.1099853515625,310.70001220703125,314.17999267578125,194773800
2020-02-27,271.88470458984375,297.510009765625,311.55999755859375,297.510009765625,305.4599914550781,284353500
2020-02-28,270.742431640625,296.260009765625,297.8900146484375,285.5400085449219,288.70001220703125,384975800
2020-03-02,282.46734619140625,309.0899963378906,309.1600036621094,294.4599914550781,298.2099914550781,238703600
2020-03-03,274.3796081542969,300.239990234375,313.8399963378906,297.57000732421875,309.5,300139100
2020-03-04,285.91265869140625,312.8599853515625,313.1000061035156,303.3299865722656,306.1199951171875,176613400
2020-03-05,276.408447265625,302.4599914550781,308.4700012207031,300.010009765625,304.9800109863281,186366800
2020-03-06,271.83905029296875,297.4599914550781,298.7799987792969,290.2300109863281,293.1499938964844,228667200
2020-03-09,250.6099853515625,274.2300109863281,284.19000244140625,273.45001220703125,275.29998779296875,309417300
2020-03-10,263.5777893066406,288.4200134277344,288.5199890136719,273.5,284.6400146484375,276444100
2020-03-11,250.7287445068359,274.3599853515625,281.94000244140625,270.8800048828125,280.70001220703125,255316300
2020-03-12,226.7397003173828,248.11000061035156,266.6600036621094,247.67999267578125,256.0,392220700
2020-03-13,246.122802734375,269.32000732421875,271.4800109863281,248.52000427246097,263.0899963378906,329566100
2020-03-16,219.19113159179688,239.8500061035156,256.8999938964844,237.36000061035156,241.17999267578125,297240000
2020-03-17,231.02574157714844,252.8000030517578,256.1700134277344,237.07000732421875,245.0399932861328,262070500
2020-03-18,219.3282470703125,240.0,248.3699951171875,228.02000427246097,236.25,327597100
2020-03-19,219.79428100585935,240.5099945068359,247.3800048828125,232.22000122070312,239.25,289322000
2020-03-20,210.32244873046875,228.8000030517578,244.47000122070312,228.5,242.52999877929688,347158800
2020-03-23,204.9448699951172,222.9499969482422,229.67999267578125,218.2599945068359,228.19000244140625,326025200
2020-03-24,223.5135498046875,243.1499938964844,244.1000061035156,233.8000030517578,234.4199981689453,235494500
2020-03-25,226.85958862304688,246.7899932861328,256.3500061035156,239.75,244.8699951171875,299430300
2020-03-26,240.1058654785156,261.20001220703125,262.79998779296875,249.0500030517578,249.52000427246097,257632800
2020-03-27,232.9541778564453,253.4199981689453,260.80999755859375,251.0500030517578,253.27000427246097,224341200
2020-03-30,240.51950073242188,261.6499938964844,262.42999267578125,253.52999877929688,255.6999969482422,171369500
2020-03-31,236.93450927734375,257.75,263.3299865722656,256.2200012207031,260.55999755859375,194881100
2020-04-01,226.2712554931641,246.1499938964844,257.6600036621094,243.8999938964844,247.97999572753903,189554600
2020-04-02,231.49253845214844,251.8300018310547,252.67999267578125,244.58999633789065,245.19000244140625,177660400
2020-04-03,228.14651489257812,248.19000244140625,253.32000732421875,245.22000122070312,250.7599945068359,135561200
2020-04-06,243.47024536132812,264.8599853515625,267.0,248.1699981689453,257.8399963378906,188061200
2020-04-07,243.7184600830078,265.1300048828125,275.0299987792969,264.8900146484375,274.2099914550781,201427200
2020-04-08,251.89971923828125,274.0299987792969,276.0,265.25,267.9599914550781,153774500
2020-04-09,255.73292541503903,278.20001220703125,281.20001220703125,275.4700012207031,277.5799865722656,189999200
2020-04-13,253.3981475830078,275.6600036621094,277.510009765625,271.4100036621094,277.1400146484375,114839100
2020-04-14,260.8715515136719,283.7900085449219,284.8999938964844,275.510009765625,280.9800109863281,134143400
2020-04-15,255.3285217285156,277.760009765625,283.94000244140625,275.4599914550781,277.57000732421875,121775000
2020-04-16,256.560302734375,279.1000061035156,280.0299987792969,275.760009765625,279.1499938964844,131798300
2020-04-17,263.4914245605469,286.6400146484375,287.29998779296875,282.3999938964844,285.3800048828125,146684800
2020-04-20,258.8491516113281,281.5899963378906,286.7900085449219,281.3500061035156,282.6099853515625,100109300
2020-04-21,250.9897003173828,273.0400085449219,278.0400085449219,272.0199890136719,276.7300109863281,126385700
2020-04-22,256.560302734375,279.1000061035156,281.0,276.9100036621094,278.3500061035156,92951600
2020-04-23,256.5418395996094,279.0799865722656,283.94000244140625,278.75,280.489990234375,104709700
2020-04-24,260.1177062988281,282.9700012207031,283.70001220703125,278.5,280.7300109863281,85063200
2020-04-27,263.8682556152344,287.04998779296875,288.2699890136719,284.6199951171875,285.1199951171875,77896600
2020-04-28,262.6549377441406,285.7300109863281,291.3999938964844,285.3999938964844,291.0199890136719,105270000
2020-04-29,269.5307922363281,293.2099914550781,294.8800048828125,290.4100036621094,291.5299987792969,118745600
2020-04-30,267.02130126953125,290.4800109863281,293.32000732421875,288.5899963378906,291.7099914550781,122901700
2020-05-01,259.9523620605469,282.7900085449219,290.6600036621094,281.5199890136719,285.30999755859375,125180000
2020-05-04,260.6693420410156,283.57000732421875,283.8999938964844,279.1300048828125,280.739990234375,80873200
2020-05-05,263.0776672363281,286.19000244140625,289.25,283.7099914550781,286.6400146484375,79569900
2020-05-06,261.2944030761719,284.25,288.4599914550781,283.7799987792969,288.0400085449219,73632600
2020-05-07,264.4473876953125,287.67999267578125,289.7799987792969,287.1300048828125,287.75,75250400
2020-05-08,268.8230285644531,292.44000244140625,292.95001220703125,289.8599853515625,291.0899963378906,76452400
2020-05-11,268.8780517578125,292.5,294.0,289.8800048828125,290.3399963378906,79514200
2020-05-12,263.5189208984375,286.6700134277344,294.239990234375,286.5199890136719,293.7900085449219,95870800
2020-05-13,258.8583679199219,281.6000061035156,287.19000244140625,278.9599914550781,286.05999755859375,144721100
2020-05-14,261.9562072753906,284.9700012207031,285.1099853515625,272.989990234375,278.95001220703125,121977900
2020-05-15,263.1604309082031,286.2799987792969,286.3299865722656,281.3399963378906,282.3699951171875,111146300
2020-05-18,271.17620849609375,295.0,296.75,292.70001220703125,293.04998779296875,119703800
2020-05-19,268.3909606933594,291.9700012207031,296.2099914550781,291.95001220703125,294.3500061035156,95189300
2020-05-20,272.950439453125,296.92999267578125,297.8699951171875,295.57000732421875,295.82000732421875,85861700
2020-05-21,271.0659484863281,294.8800048828125,297.6700134277344,293.69000244140625,296.7900085449219,78293900
2020-05-22,271.5806579589844,295.44000244140625,295.6300048828125,293.2200012207031,294.57000732421875,63958200
2020-05-26,274.9266662597656,299.0799865722656,302.19000244140625,295.4599914550781,301.92999267578125,88951400
2020-05-27,279.0173645019531,303.5299987792969,303.57000732421875,296.8699951171875,302.1199951171875,104817400
2020-05-28,278.5025939941406,302.9700012207031,306.8399963378906,302.239990234375,304.6499938964844,90405200
2020-05-29,279.74359130859375,304.32000732421875,304.9599914550781,299.4700012207031,302.4599914550781,119090800
2020-06-01,280.8741455078125,305.54998779296875,306.2099914550781,303.05999755859375,303.6199951171875,55758300
2020-06-02,283.199951171875,308.0799865722656,308.1300048828125,305.1000061035156,306.54998779296875,74267200
2020-06-03,286.9687805175781,312.17999267578125,313.2200012207031,309.94000244140625,310.239990234375,92567600
2020-06-04,286.2149658203125,311.3599853515625,313.0,309.0799865722656,311.1099853515625,75794400
2020-06-05,293.5505676269531,319.3399963378906,321.2699890136719,317.1600036621094,317.2300109863281,150524700
2020-06-08,297.0989074707031,323.20001220703125,323.4100036621094,319.6300048828125,320.2200012207031,73641200
2020-06-09,294.8835144042969,320.7900085449219,323.2799987792969,319.3599853515625,320.29998779296875,77479200
2020-06-10,293.238037109375,319.0,322.3900146484375,318.2200012207031,321.4200134277344,95000800
2020-06-11,276.3331604003906,300.6099853515625,312.1499938964844,300.010009765625,311.4599914550781,209243600
2020-06-12,279.64239501953125,304.2099914550781,309.0799865722656,298.6000061035156,308.239990234375,194678900
2020-06-15,282.2530517578125,307.04998779296875,308.2799987792969,296.739990234375,298.0199890136719,135782700
2020-06-16,287.6856994628906,312.9599914550781,315.6400146484375,307.6700134277344,315.4800109863281,137627500
2020-06-17,286.49072265625,311.6600036621094,314.3900146484375,310.8599853515625,314.07000732421875,83398900
2020-06-18,286.6011047363281,311.7799987792969,312.29998779296875,309.510009765625,310.010009765625,80828700
2020-06-19,284.9632568359375,308.6400146484375,314.3800048828125,306.5299987792969,314.1700134277344,135549600
2020-06-22,286.7912902832031,310.6199951171875,311.04998779296875,306.75,307.989990234375,74649400
2020-06-23,288.1116027832031,312.04998779296875,314.5,311.6099853515625,313.489990234375,68471200
2020-06-24,280.76226806640625,304.0899963378906,310.510009765625,302.1000061035156,309.8399963378906,132813500
2020-06-25,283.7721252441406,307.3500061035156,307.6400146484375,301.2799987792969,303.4700012207031,89468000
2020-06-26,277.03216552734375,300.04998779296875,306.3900146484375,299.4200134277344,306.1600036621094,127961000
2020-06-29,281.1038513183594,304.4599914550781,304.6099853515625,298.92999267578125,301.4100036621094,79773300
2020-06-30,284.70465087890625,308.3599853515625,310.20001220703125,303.82000732421875,303.989990234375,113394800
2020-07-01,286.698974609375,310.5199890136719,311.8900146484375,309.07000732421875,309.57000732421875,72396500
2020-07-02,288.27777099609375,312.2300109863281,315.70001220703125,311.510009765625,314.239990234375,69344200
2020-07-06,292.7279968261719,317.04998779296875,317.67999267578125,315.55999755859375,316.3699951171875,61713800
2020-07-07,289.7088623046875,313.7799987792969,317.5199890136719,313.3699951171875,315.3800048828125,82910000
2020-07-08,291.9247741699219,316.17999267578125,316.29998779296875,312.70001220703125,314.6099853515625,54638600
2020-07-09,290.26287841796875,314.3800048828125,317.1000061035156,310.67999267578125,316.8399963378906,83354200
2020-07-10,293.2265930175781,317.5899963378906,317.8800048828125,312.760009765625,314.30999755859375,57550400
2020-07-13,290.68756103515625,314.8399963378906,322.7099914550781,314.1300048828125,320.1300048828125,102997500
2020-07-14,294.4546203613281,318.9200134277344,319.760009765625,312.0,313.29998779296875,93657000
2020-07-15,297.1598205566406,321.8500061035156,323.0400085449219,319.2699890136719,322.4100036621094,87196500
2020-07-16,296.18115234375,320.7900085449219,321.2799987792969,319.0899963378906,319.7900085449219,54622500
2020-07-17,297.039794921875,321.7200012207031,322.57000732421875,319.739990234375,321.8800048828125,62774900
2020-07-20,299.4403076171875,324.32000732421875,325.1300048828125,320.6199951171875,321.42999267578125,56308800
2020-07-21,300.0774230957031,325.010009765625,326.92999267578125,323.94000244140625,326.45001220703125,57292200
2020-07-22,301.78546142578125,326.8599853515625,327.20001220703125,324.5,324.6199951171875,57792900
2020-07-23,298.18463134765625,322.9599914550781,327.2300109863281,321.4800109863281,326.4700012207031,75738000
2020-07-24,296.26422119140625,320.8800048828125,321.989990234375,319.25,320.95001220703125,73766600
2020-07-27,298.4246520996094,323.2200012207031,323.4100036621094,320.7699890136719,321.6300048828125,48293000
2020-07-28,296.5320129394531,321.1700134277344,323.6400146484375,320.8500061035156,322.42999267578125,57495000
2020-07-29,300.1789245605469,325.1199951171875,325.7300109863281,322.0799865722656,322.1199951171875,48454200
2020-07-30,299.1078796386719,323.9599914550781,324.4100036621094,319.6400146484375,321.8999938964844,61861700
2020-07-31,301.4715270996094,326.5199890136719,326.6300048828125,321.3299865722656,325.8999938964844,84986800
2020-08-03,303.56744384765625,328.7900085449219,329.6199951171875,327.7300109863281,328.32000732421875,53077900
2020-08-04,304.739990234375,330.05999755859375,330.05999755859375,327.8599853515625,327.8599853515625,41917900
2020-08-05,306.63275146484375,332.1099853515625,332.3900146484375,331.17999267578125,331.4700012207031,42697700
2020-08-06,308.6824645996094,334.3299865722656,334.4599914550781,331.1300048828125,331.4800109863281,43679400
2020-08-07,308.904052734375,334.57000732421875,334.8800048828125,332.29998779296875,333.2799987792969,57308300
2020-08-10,309.8272399902344,335.57000732421875,335.7699890136719,332.9599914550781,335.05999755859375,44282100
2020-08-11,307.269775390625,332.79998779296875,337.5400085449219,332.010009765625,336.8500061035156,69601100
2020-08-12,311.5537109375,337.44000244140625,338.2799987792969,335.4100036621094,335.44000244140625,53774400
2020-08-13,310.99066162109375,336.8299865722656,338.25,335.8299865722656,336.6099853515625,41816100
2020-08-14,310.9998779296875,336.8399963378906,337.4200134277344,335.6199951171875,336.4100036621094,47260400
2020-08-17,311.98773193359375,337.9100036621094,338.3399963378906,336.8500061035156,337.94000244140625,35481000
2020-08-18,312.6618347167969,338.6400146484375,339.1000061035156,336.6099853515625,338.3399963378906,38733900
2020-08-19,311.35992431640625,337.2300109863281,339.6099853515625,336.6199951171875,339.04998779296875,68054200
2020-08-20,312.3293762207031,338.2799987792969,338.79998779296875,335.2200012207031,335.3599853515625,42207800
2020-08-21,313.4373779296875,339.4800109863281,339.7200012207031,337.54998779296875,337.9200134277344,55106600
2020-08-24,316.6134338378906,342.9200134277344,343.0,339.45001220703125,342.1199951171875,48588700
2020-08-25,317.721435546875,344.1199951171875,344.2099914550781,342.2699890136719,343.5299987792969,38463400
2020-08-26,320.90673828125,347.57000732421875,347.8599853515625,344.1700134277344,344.760009765625,50790200
2020-08-27,321.6084289550781,348.3299865722656,349.8999938964844,346.5299987792969,348.510009765625,58034100
2020-08-28,323.68572998046875,350.5799865722656,350.7200012207031,348.1499938964844,349.44000244140625,48588900
2020-08-31,322.5132751464844,349.30999755859375,351.29998779296875,349.05999755859375,350.3500061035156,66099200
2020-09-01,325.5508728027344,352.6000061035156,352.7099914550781,349.239990234375,350.2099914550781,54908700
2020-09-02,330.25958251953125,357.70001220703125,358.75,353.42999267578125,354.6700134277344,69540000
2020-09-03,318.8940124511719,345.3900146484375,356.3800048828125,342.5899963378906,355.8699951171875,148011100
2020-09-04,316.290283203125,342.57000732421875,347.8299865722656,334.8699951171875,346.1300048828125,139156300
2020-09-08,307.64837646484375,333.2099914550781,342.6400146484375,332.8800048828125,336.7099914550781,114465300
2020-09-09,313.7236022949219,339.7900085449219,342.4599914550781,336.6099853515625,337.54998779296875,91462300
2020-09-10,308.2762145996094,333.8900146484375,342.5299987792969,332.8500061035156,341.82000732421875,90569500
2020-09-11,308.43310546875,334.05999755859375,336.9700012207031,331.0,335.82000732421875,84680200
2020-09-14,312.49554443359375,338.4599914550781,340.3800048828125,334.2200012207031,337.489990234375,65605700
2020-09-15,314.07440185546875,340.1700134277344,342.0199890136719,338.4700012207031,341.1199951171875,52920900
2020-09-16,312.8280029296875,338.82000732421875,343.05999755859375,338.5199890136719,341.510009765625,82096000
2020-09-17,310.0766296386719,335.8399963378906,337.70001220703125,332.989990234375,333.55999755859375,91523300
2020-09-18,306.5067443847656,330.6499938964844,335.489990234375,327.9700012207031,335.3699951171875,105877900
2020-09-21,303.0954284667969,326.9700012207031,327.1300048828125,321.7300109863281,325.70001220703125,99450800
2020-09-22,306.1822814941406,330.29998779296875,330.8999938964844,325.8599853515625,328.57000732421875,63612100
2020-09-23,299.0816650390625,322.6400146484375,331.20001220703125,322.1000061035156,330.8999938964844,93112200
2020-09-24,299.8787841796875,323.5,326.79998779296875,319.79998779296875,321.2200012207031,76681300
2020-09-25,304.7270202636719,328.7300109863281,329.5799865722656,321.6400146484375,322.5799865722656,71069400
2020-09-28,309.78826904296875,334.19000244140625,334.9599914550781,332.1499938964844,333.2200012207031,64584600
2020-09-29,308.1011657714844,332.3699951171875,334.7699890136719,331.6199951171875,333.9700012207031,51304000
2020-09-30,310.43719482421875,334.8900146484375,338.2900085449219,332.8800048828125,333.0899963378906,104081100
2020-10-01,312.4301452636719,337.0400085449219,338.739990234375,335.010009765625,337.69000244140625,88698700
2020-10-02,309.4638366699219,333.8399963378906,337.010009765625,331.19000244140625,331.70001220703125,89431100
2020-10-05,314.95159912109375,339.760009765625,339.9599914550781,336.010009765625,336.05999755859375,45713100
2020-10-06,310.4742431640625,334.92999267578125,342.1700134277344,334.3800048828125,339.9100036621094,90128900
2020-10-07,315.8785705566406,340.760009765625,341.6300048828125,338.0899963378906,338.1199951171875,56999600
2020-10-08,318.67803955078125,343.7799987792969,343.8500061035156,341.8599853515625,342.8500061035156,45242500
2020-10-09,321.52386474609375,346.8500061035156,347.3500061035156,344.8900146484375,345.55999755859375,59528600
2020-10-12,326.6964416503906,352.42999267578125,354.0199890136719,349.05999755859375,349.5899963378906,80388500
2020-10-13,324.56439208984375,350.1300048828125,352.4700012207031,349.0899963378906,352.2799987792969,73255500
2020-10-14,322.5250549316406,347.92999267578125,351.92999267578125,347.1400146484375,350.75,57727900
2020-10-15,322.12640380859375,347.5,348.0199890136719,343.1300048828125,343.7099914550781,60357700
2020-10-16,321.9317321777344,347.2900085449219,350.75,347.1000061035156,348.9599914550781,89501900
2020-10-19,317.0372619628906,342.010009765625,349.3299865722656,341.0400085449219,348.6499938964844,68425600
2020-10-20,318.3072204589844,343.3800048828125,346.8800048828125,342.6400146484375,343.4599914550781,60051900
2020-10-21,317.7047119140625,342.7300109863281,345.6700134277344,342.3999938964844,343.3299865722656,63575000
2020-10-22,319.4474792480469,344.6099853515625,345.239990234375,340.6499938964844,342.9599914550781,55399300
2020-10-23,320.531982421875,345.7799987792969,345.989990234375,343.1300048828125,345.92999267578125,49143900
2020-10-26,314.6086120605469,339.3900146484375,342.9800109863281,335.6199951171875,342.1300048828125,91473000
2020-10-27,313.5240173339844,338.2200012207031,340.1199951171875,337.989990234375,339.760009765625,65994100
2020-10-28,302.80804443359375,326.6600036621094,338.25,326.1300048828125,332.1000061035156,127094300
2020-10-29,305.8857421875,329.9800109863281,333.3999938964844,325.0899963378906,326.9100036621094,90597700
2020-10-30,302.6968994140625,326.5400085449219,329.69000244140625,322.6000061035156,328.2799987792969,120287300
2020-11-02,306.0896301269531,330.20001220703125,332.3599853515625,327.239990234375,330.20001220703125,86068300
2020-11-03,311.4940185546875,336.0299987792969,338.25,330.2900085449219,333.69000244140625,93294200
2020-11-04,318.4555969238281,343.5400085449219,347.94000244140625,339.5899963378906,340.8599853515625,126959700
2020-11-05,324.6662902832031,350.239990234375,352.19000244140625,348.8599853515625,349.239990234375,82039700
2020-11-06,324.59222412109375,350.1600036621094,351.510009765625,347.6499938964844,349.92999267578125,74973000
2020-11-09,328.6709289550781,354.55999755859375,364.3800048828125,354.05999755859375,363.9700012207031,172304200
2020-11-10,328.1889343261719,354.0400085449219,355.17999267578125,350.510009765625,353.489990234375,85552000
2020-11-11,330.6268615722656,356.6700134277344,357.55999755859375,355.05999755859375,356.3999938964844,58649000
2020-11-12,327.41949462890625,353.2099914550781,356.7200012207031,351.260009765625,355.5799865722656,67546200
2020-11-13,331.9524841308594,358.1000061035156,358.8999938964844,354.7099914550781,355.2699890136719,62892200
2020-11-16,336.0960693359375,362.5700073242187,362.7799987792969,359.5899963378906,360.9800109863281,74541100
2020-11-17,334.2884521484375,360.6199951171875,361.9200134277344,358.3399963378906,359.9700012207031,66111000
2020-11-18,330.2653503417969,356.2799987792969,361.5,356.239990234375,360.9100036621094,70591300
2020-11-19,331.6558532714844,357.7799987792969,358.17999267578125,354.1499938964844,355.6000061035156,59940900
2020-11-20,329.3846740722656,355.3299865722656,357.7200012207031,355.25,357.5,70417300
2020-11-23,331.3592224121094,357.4599914550781,358.82000732421875,354.8699951171875,357.2799987792969,63230600
2020-11-24,336.698486328125,363.2200012207031,363.80999755859375,359.2900085449219,360.2099914550781,62415900
2020-11-25,336.179443359375,362.6600036621094,363.1600036621094,361.4800109863281,363.1300048828125,45330900
2020-11-27,337.1158142089844,363.6700134277344,364.1799926757813,362.5799865722656,363.8399963378906,28514100
2020-11-30,335.62335205078125,362.05999755859375,363.1199951171875,359.1700134277344,362.8299865722656,83872700
2020-12-01,339.29412841796875,366.0199890136719,367.6799926757813,364.9299926757813,365.5700073242187,74231400
2020-12-02,340.0079650878906,366.7900085449219,366.9599914550781,364.2000122070313,364.8200073242187,45927000
2020-12-03,339.9152526855469,366.69000244140625,368.19000244140625,365.5,366.6799926757813,62882000
2020-12-04,342.844482421875,369.8500061035156,369.8500061035156,367.2200012207031,367.3200073242187,50749900
2020-12-07,342.1399230957031,369.0899963378906,369.6199951171875,367.7200012207031,369.0199890136719,48944300
2020-12-08,343.1410827636719,370.1700134277344,370.7799987792969,367.6700134277344,367.7200012207031,42458900
2020-12-09,340.06353759765625,366.8500061035156,371.0499877929687,365.9500122070313,370.8800048828125,74098300
2020-12-10,339.9522705078125,366.7300109863281,367.8599853515625,364.4299926757813,365.3699951171875,57735400
2020-12-11,339.55364990234375,366.2999877929687,366.739990234375,363.260009765625,364.8999938964844,57698600
2020-12-14,338.033447265625,364.6600036621094,369.7999877929687,364.4700012207031,368.6400146484375,69216200
2020-12-15,342.603515625,369.5899963378906,369.5899963378906,365.9200134277344,367.3999938964844,63865300
2020-12-16,343.1410827636719,370.1700134277344,371.1600036621094,368.8699951171875,369.8200073242187,58420500
2020-12-17,345.0599670410156,372.239990234375,372.4599914550781,371.0499877929687,371.94000244140625,64119500
2020-12-18,343.6822509765625,369.1799926757813,371.1499938964844,367.0199890136719,370.9700012207031,136542300
2020-12-21,342.453369140625,367.8599853515625,378.4599914550781,362.0299987792969,364.9700012207031,96386700
2020-12-22,341.87615966796875,367.239990234375,368.3299865722656,366.0299987792969,368.2099914550781,47949000
2020-12-23,342.1833801269531,367.5700073242187,369.6199951171875,367.2200012207031,368.2799987792969,46201400
2020-12-24,343.5146789550781,369.0,369.0299987792969,367.4500122070313,368.0799865722656,26457900
2020-12-28,346.4656677246094,372.1700134277344,372.5899963378906,371.0700073242187,371.739990234375,39000400
2020-12-29,345.80474853515625,371.4599914550781,374.0,370.8299865722656,373.80999755859375,53680500
2020-12-30,346.2981262207031,371.989990234375,373.1000061035156,371.5700073242187,372.3399963378906,49455300
2020-12-31,348.0576171875,373.8800048828125,374.6600036621094,371.2300109863281,371.7799987792969,78520700
2021-01-04,343.3191223144531,368.7900085449219,375.4500122070313,364.8200073242187,375.30999755859375,110210800
2021-01-05,345.68359375,371.3299865722656,372.5,368.0499877929687,368.1000061035156,66426200
2021-01-06,347.7503967285156,373.5499877929687,376.9800109863281,369.1199951171875,369.7099914550781,107997700
2021-01-07,352.9170227050781,379.1000061035156,379.8999938964844,375.9100036621094,376.1000061035156,68766800
2021-01-08,354.9278869628906,381.260009765625,381.489990234375,377.1000061035156,380.5899963378906,71677200
2021-01-11,352.535400390625,378.69000244140625,380.5799865722656,377.7200012207031,377.8500061035156,51034700
2021-01-12,352.6097717285156,378.7699890136719,379.8599853515625,376.3599853515625,378.8900146484375,52547700
2021-01-13,353.5594177246094,379.7900085449219,380.8599853515625,377.8500061035156,378.69000244140625,45303600
2021-01-14,352.3212585449219,378.4599914550781,381.1300048828125,378.1000061035156,380.5899963378906,49989100
2021-01-15,349.75189208984375,375.7000122070313,377.5799865722656,373.7000122070313,376.7200012207031,107160000
2021-01-19,352.4981689453125,378.6499938964844,379.2300109863281,376.75,378.3399963378906,51233300
2021-01-20,357.376220703125,383.8900146484375,384.7900085449219,380.69000244140625,381.1099853515625,61836100
2021-01-21,357.70208740234375,384.239990234375,384.9500122070313,383.25,384.489990234375,47840100
2021-01-22,356.4360046386719,382.8800048828125,384.1300048828125,381.8399963378906,382.25,52860500
2021-01-25,357.8417663574219,384.3900146484375,384.7699890136719,378.4599914550781,383.6700134277344,70402000
2021-01-26,357.2831115722656,383.7900085449219,385.8500061035156,383.5400085449219,385.4100036621094,42665300
2021-01-27,348.5509338378906,374.4100036621094,380.3200073242187,372.010009765625,380.2200012207031,123351100
2021-01-28,351.54852294921875,377.6300048828125,381.9299926757813,375.8900146484375,376.3599853515625,94198100
2021-01-29,344.51068115234375,370.0700073242187,376.6700134277344,368.2699890136719,375.6300048828125,126765100
2021-02-01,350.2452697753906,376.2300109863281,377.3399963378906,370.3800048828125,373.7200012207031,75817600
2021-02-02,355.19781494140625,381.5499877929687,383.2200012207031,376.3200073242187,379.6499938964844,64450700
2021-02-03,355.4771423339844,381.8500061035156,383.7000122070313,380.4800109863281,382.44000244140625,52427100
2021-02-04,359.5173645019531,386.19000244140625,386.239990234375,381.9700012207031,382.9599914550781,47142600
2021-02-05,360.9323425292969,387.7099914550781,388.4700012207031,386.1400146484375,388.2000122070313,48669800
2021-02-08,363.5389404296875,390.510009765625,390.55999755859375,388.3500061035156,389.2699890136719,38365200
2021-02-09,363.29693603515625,390.25,390.8900146484375,389.1700134277344,389.6099853515625,35551100
2021-02-10,363.13873291015625,390.0799865722656,392.2799987792969,387.5,392.1199951171875,59154400
2021-02-11,363.72515869140625,390.7099914550781,391.69000244140625,388.1000061035156,391.239990234375,42913300
2021-02-12,365.52197265625,392.6400146484375,392.8999938964844,389.7699890136719,389.8500061035156,50593300
2021-02-16,365.2053833007813,392.2999877929687,394.1700134277344,391.5299987792969,393.9599914550781,50972400
2021-02-17,365.2891845703125,392.3900146484375,392.6600036621094,389.3299865722656,390.4200134277344,52290600
2021-02-18,363.7344970703125,390.7200012207031,391.5199890136719,387.739990234375,389.5899963378906,59712800
2021-02-19,363.0921630859375,390.0299987792969,392.3800048828125,389.5499877929687,392.0700073242187,83241000
2021-02-22,360.29931640625,387.0299987792969,389.6199951171875,386.739990234375,387.05999755859375,67414200
2021-02-23,360.7368469238281,387.5,388.9500122070313,380.2000122070313,384.6600036621094,107284100
2021-02-24,364.7119445800781,391.7699890136719,392.2300109863281,385.2699890136719,386.3299865722656,72433900
2021-02-25,355.92401123046875,382.3299865722656,391.8800048828125,380.7799987792969,390.4100036621094,146670500
2021-02-26,354.0899353027344,380.3599853515625,385.5799865722656,378.2300109863281,384.3500061035156,152701600
2021-03-01,362.6731872558594,389.5799865722656,390.9200134277344,380.5700073242187,385.5899963378906,105348800
2021-03-02,359.84320068359375,386.5400085449219,390.0700073242187,386.0,389.8200073242187,79595300
2021-03-03,355.0768127441406,381.4200134277344,386.8299865722656,381.30999755859375,385.7900085449219,119940200
2021-03-04,350.6827697753906,376.7000122070313,384.0,371.8800048828125,381.2200012207031,183433000
2021-03-05,357.13421630859375,383.6300048828125,384.760009765625,372.6400146484375,380.4599914550781,152039600
2021-03-08,355.3561096191406,381.7200012207031,387.6799926757813,381.4200134277344,384.6600036621094,123149200
2021-03-09,360.4296875,387.1700134277344,389.9100036621094,385.30999755859375,385.8500061035156,113633600
2021-03-10,362.6731872558594,389.5799865722656,391.3999938964844,388.1700134277344,389.69000244140625,109899400
2021-03-11,366.3504638671875,393.5299987792969,395.6499938964844,391.739990234375,392.2300109863281,86245000
2021-03-12,366.84381103515625,394.05999755859375,394.2099914550781,391.2000122070313,392.0700073242187,64653600
2021-03-15,369.031494140625,396.4100036621094,396.69000244140625,392.0299987792969,394.3299865722656,73427200
2021-03-16,368.5661010742187,395.9100036621094,397.8299865722656,395.0799865722656,397.0700073242187,73722500
2021-03-17,369.82281494140625,397.260009765625,398.1199951171875,393.2999877929687,394.5299987792969,97959300
2021-03-18,364.4420776367187,391.4800109863281,396.7200012207031,390.75,394.4800109863281,115349100
2021-03-19,363.7677612304687,389.4800109863281,391.5700073242187,387.1499938964844,389.8800048828125,113624500
2021-03-22,366.67242431640625,392.5899963378906,394.0700073242187,389.9700012207031,390.0299987792969,73778600
2021-03-23,363.7863464355469,389.5,393.4599914550781,388.6600036621094,391.9100036621094,90686600
2021-03-24,361.93707275390625,387.5199890136719,392.75,387.4700012207031,391.0,97588600
2021-03-25,363.97320556640625,389.7000122070313,390.5499877929687,383.8999938964844,385.9800109863281,116128600
2021-03-26,369.838623046875,395.9800109863281,396.4100036621094,390.2900085449219,390.9299926757813,114409100
2021-03-29,369.6518249511719,395.7799987792969,396.75,392.80999755859375,394.3999938964844,108107600
2021-03-30,368.6711120605469,394.7300109863281,395.4500122070313,393.0199890136719,394.4200134277344,76262200
2021-03-31,370.1654357910156,396.3299865722656,398.0,395.30999755859375,395.3399963378906,112734200
2021-04-01,374.1629028320313,400.6099853515625,400.6700134277344,398.1799926757813,398.3999938964844,99682900
2021-04-05,379.5333251953125,406.3599853515625,406.94000244140625,403.3800048828125,403.4599914550781,91684800
2021-04-06,379.30914306640625,406.1199951171875,407.239990234375,405.3999938964844,405.760009765625,62021000
2021-04-07,379.748046875,406.5899963378906,406.9599914550781,405.4500122070313,405.94000244140625,55836300
2021-04-08,381.5506896972656,408.5199890136719,408.5799865722656,406.9299926757813,407.9299926757813,57863100
2021-04-09,384.32464599609375,411.489990234375,411.6700134277344,408.260009765625,408.3900146484375,61104600
2021-04-12,384.4647216796875,411.6400146484375,411.9299926757813,410.2000122070313,410.8500061035156,56704900
2021-04-13,385.6041564941406,412.8599853515625,413.5299987792969,411.1199951171875,411.5299987792969,56551000
2021-04-14,384.287353515625,411.4500122070313,413.9599914550781,410.8699951171875,412.8299865722656,61659900
2021-04-15,388.4154968261719,415.8699951171875,416.1600036621094,413.69000244140625,413.739990234375,60229800
2021-04-16,389.7136840820313,417.260009765625,417.9100036621094,415.7300109863281,417.25,82037300
2021-04-19,387.7990112304687,415.2099914550781,416.739990234375,413.7900085449219,416.260009765625,78498500
2021-04-20,384.959716796875,412.1700134277344,415.0899963378906,410.5899963378906,413.9100036621094,81851800
2021-04-21,388.6023559570313,416.0700073242187,416.2900085449219,411.3599853515625,411.510009765625,66793000
2021-04-22,385.0531311035156,412.2699890136719,416.7799987792969,411.1300048828125,415.8900146484375,97582800
2021-04-23,389.2281188964844,416.739990234375,418.25,412.7900085449219,412.8699951171875,73209200
2021-04-26,390.0406188964844,417.6099853515625,418.2200012207031,416.80999755859375,417.44000244140625,52182400
2021-04-27,389.9565734863281,417.5199890136719,418.1400146484375,416.2999877929687,417.9299926757813,51303100
2021-04-28,389.8444519042969,417.3999938964844,419.010009765625,416.8999938964844,417.80999755859375,51238900
2021-04-29,392.3287963867187,420.05999755859375,420.7200012207031,416.44000244140625,420.3200073242187,78544300
2021-04-30,389.7510681152344,417.2999877929687,418.5400085449219,416.3399963378906,417.6300048828125,85527000
2021-05-03,390.5917053222656,418.2000122070313,419.8399963378906,417.6700134277344,419.4299926757813,68128300
2021-05-04,388.1819763183594,415.6199951171875,416.6000061035156,411.6700134277344,416.0700073242187,101591200
2021-05-05,388.303466796875,415.75,417.6300048828125,415.1499938964844,417.3800048828125,60162200
2021-05-06,391.4041748046875,419.0700073242187,419.2099914550781,413.6799926757813,415.8299865722656,74321400
2021-05-07,394.2528991699219,422.1199951171875,422.8200073242187,419.1600036621094,419.8900146484375,67733800
2021-05-10,390.3489685058594,417.94000244140625,422.739990234375,417.80999755859375,422.5,81852400
2021-05-11,386.8651428222656,414.2099914550781,415.2699890136719,410.05999755859375,413.1000061035156,116888000
2021-05-12,378.6461181640625,405.4100036621094,412.5899963378906,404.0,411.2300109863281,134811000
2021-05-13,383.1945495605469,410.2799987792969,412.3500061035156,407.0199890136719,407.0700073242187,106394000
2021-05-14,389.0786437988281,416.5799865722656,417.489990234375,413.1799926757813,413.2099914550781,82201600
2021-05-17,388.0885009765625,415.5199890136719,416.3900146484375,413.3599853515625,415.3900146484375,65129200
2021-05-18,384.7449340820313,411.94000244140625,416.05999755859375,411.7699890136719,415.7999877929687,59810200
2021-05-19,383.7362060546875,410.8599853515625,411.0499877929687,405.3299865722656,406.9200134277344,106467100
2021-05-20,387.8644409179687,415.2799987792969,416.6300048828125,411.6700134277344,411.7999877929687,78022200
2021-05-21,387.546875,414.94000244140625,418.2000122070313,414.4500122070313,416.8699951171875,76578700
2021-05-24,391.4976501464844,419.1700134277344,420.3200073242187,417.0799865722656,417.3399963378906,51376700
2021-05-25,390.6290588378906,418.239990234375,420.7099914550781,417.6199951171875,420.3299865722656,57451400
2021-05-26,391.4041748046875,419.0700073242187,419.6099853515625,417.760009765625,418.8699951171875,43088600
2021-05-27,391.6097412109375,419.2900085449219,420.7200012207031,418.989990234375,420.1700134277344,56707700
2021-05-28,392.3102416992187,420.0400085449219,421.25,419.7900085449219,420.9700012207031,58520200
2021-06-01,391.9646301269531,419.6700134277344,422.7200012207031,419.2000122070313,422.5700073242187,54216600
2021-06-02,392.5809631347656,420.3299865722656,421.2300109863281,419.2900085449219,420.3699951171875,49097100
2021-06-03,391.1240539550781,418.7699890136719,419.989990234375,416.2799987792969,417.8500061035156,58138800
2021-06-04,394.7012939453125,422.6000061035156,422.9200134277344,418.8399963378906,420.75,55938800
2021-06-07,394.31829833984375,422.19000244140625,422.7799987792969,421.19000244140625,422.5899963378906,51555000
2021-06-08,394.4023742675781,422.2799987792969,423.2099914550781,420.3200073242187,423.1099853515625,47134300
2021-06-09,393.81390380859375,421.6499938964844,423.260009765625,421.4100036621094,423.1799926757813,48436300
2021-06-10,395.64459228515625,423.6099853515625,424.6300048828125,421.5499877929687,422.9599914550781,51020100
2021-06-11,396.29827880859375,424.30999755859375,424.4299926757813,422.8200073242187,424.2000122070313,45570800
2021-06-14,397.18560791015625,425.260009765625,425.3699951171875,423.1000061035156,424.4299926757813,42358500
2021-06-15,396.4570617675781,424.4800109863281,425.4599914550781,423.5400085449219,425.4200134277344,51508500
2021-06-16,394.2435607910156,422.1099853515625,424.8699951171875,419.9200134277344,424.6300048828125,80386100
2021-06-17,394.11285400390625,421.9700012207031,423.0199890136719,419.3200073242187,421.6700134277344,90949700
2021-06-18,388.7960510253906,414.9200134277344,417.8299865722656,414.7000122070313,417.0899963378906,118676300
2021-06-21,394.3621215820313,420.8599853515625,421.05999755859375,415.9299926757813,416.7999877929687,72822000
2021-06-22,396.470458984375,423.1099853515625,424.0,420.0799865722656,420.8500061035156,57700300
2021-06-23,395.9925231933594,422.6000061035156,424.0499877929687,422.510009765625,423.19000244140625,49445400
2021-06-24,398.3351135253906,425.1000061035156,425.5499877929687,424.6199951171875,424.8900146484375,45110300
2021-06-25,399.7499694824219,426.6099853515625,427.0899963378906,425.5499877929687,425.8999938964844,58129500
2021-06-28,400.555908203125,427.4700012207031,427.6499938964844,425.8900146484375,427.1700134277344,53159600
2021-06-29,400.77142333984375,427.7000122070313,428.55999755859375,427.1300048828125,427.8800048828125,35970500
2021-06-30,401.1086730957031,428.05999755859375,428.7799987792969,427.1799926757813,427.2099914550781,64827900
2021-07-01,403.3294982910156,430.4299926757813,430.6000061035156,428.7999877929687,428.8699951171875,53441000
2021-07-02,406.4124145507813,433.7200012207031,434.1000061035156,430.5199890136719,431.6700134277344,57697700
2021-07-06,405.6720886230469,432.9299926757813,434.010009765625,430.010009765625,433.7799987792969,68710400
2021-07-07,407.1057434082031,434.4599914550781,434.760009765625,431.510009765625,433.6600036621094,63549500
2021-07-08,403.7886047363281,430.9200134277344,431.7300109863281,427.5199890136719,428.7799987792969,97595200
2021-07-09,408.0990295410156,435.5199890136719,435.8399963378906,430.7099914550781,432.5299987792969,76238600
2021-07-12,409.5608215332031,437.0799865722656,437.3500061035156,434.9700012207031,435.4299926757813,52889600
2021-07-13,408.1646423339844,435.5899963378906,437.8399963378906,435.30999755859375,436.239990234375,52911300
2021-07-14,408.773681640625,436.239990234375,437.9200134277344,434.9100036621094,437.3999938964844,64130400
2021-07-15,407.37750244140625,434.75,435.5299987792969,432.7200012207031,434.80999755859375,55126400
2021-07-16,404.18218994140625,431.3399963378906,436.05999755859375,430.9200134277344,436.010009765625,75874700
2021-07-19,398.21331787109375,424.9700012207031,431.4100036621094,421.9700012207031,426.19000244140625,147987000
2021-07-20,403.9198303222656,431.05999755859375,432.4200134277344,424.8299865722656,425.6799926757813,99608200
2021-07-21,407.1900329589844,434.5499877929687,434.7000122070313,431.010009765625,432.3399963378906,64724400
2021-07-22,408.0428466796875,435.4599914550781,435.7200012207031,433.69000244140625,434.739990234375,47878500
2021-07-23,412.24072265625,439.94000244140625,440.2999877929687,436.7900085449219,437.5199890136719,63766600
2021-07-26,413.252685546875,441.0199890136719,441.0299987792969,439.260009765625,439.30999755859375,43719200
2021-07-27,411.3693237304687,439.010009765625,439.94000244140625,435.989990234375,439.9100036621094,67397100
2021-07-28,411.20074462890625,438.8299865722656,440.2999877929687,437.30999755859375,439.6799926757813,52472400
2021-07-29,412.9060363769531,440.6499938964844,441.7999877929687,439.80999755859375,439.8200073242187,47435300
2021-07-30,410.9007873535156,438.510009765625,440.05999755859375,437.7699890136719,437.9100036621094,68951200
2021-08-02,410.0387268066406,437.5899963378906,440.9299926757813,437.2099914550781,440.3399963378906,58783300
2021-08-03,413.37457275390625,441.1499938964844,441.2799987792969,436.1000061035156,438.44000244140625,58053900
2021-08-04,411.3412170410156,438.9800109863281,441.1199951171875,438.7300109863281,439.7799987792969,46732200
2021-08-05,413.9461975097656,441.760009765625,441.8500061035156,439.8800048828125,440.2200012207031,38969700
2021-08-06,414.6301879882813,442.489990234375,442.94000244140625,441.7999877929687,442.1000061035156,46930000
2021-08-09,414.29290771484375,442.1300048828125,442.7999877929687,441.30999755859375,442.4599914550781,41222600
2021-08-10,414.8082275390625,442.6799926757813,443.44000244140625,441.8800048828125,442.6099853515625,43339300
2021-08-11,415.8389587402344,443.7799987792969,443.8800048828125,442.6199951171875,443.8200073242187,44034300
2021-08-12,417.0851440429687,445.1099853515625,445.260009765625,442.6600036621094,443.6199951171875,38909400
2021-08-13,417.8442687988281,445.9200134277344,445.94000244140625,445.0700073242187,445.5899963378906,39470300
2021-08-16,418.82818603515625,446.9700012207031,447.1099853515625,442.8699951171875,444.5299987792969,73740000
2021-08-17,416.0826416015625,444.0400085449219,444.9599914550781,440.8500061035156,444.239990234375,92673900
2021-08-18,411.528564453125,439.1799926757813,444.6300048828125,438.9200134277344,442.9599914550781,89351900
2021-08-19,412.165771484375,439.8599853515625,441.1400146484375,436.1199951171875,436.2699890136719,92812200
2021-08-20,415.4454040527344,443.3599853515625,443.7099914550781,439.7099914550781,440.2300109863281,72008700
2021-08-23,419.099853515625,447.260009765625,448.2300109863281,443.44000244140625,445.1600036621094,54973000
2021-08-24,419.7651672363281,447.9700012207031,448.5400085449219,447.4200134277344,447.9700012207031,38744700
2021-08-25,420.64599609375,448.9100036621094,449.4599914550781,447.7699890136719,448.1700134277344,40529700
2021-08-26,418.1628112792969,446.260009765625,448.8599853515625,446.1600036621094,448.6099853515625,57829600
2021-08-27,421.901611328125,450.25,450.6499938964844,447.05999755859375,447.1199951171875,77235100
2021-08-30,423.7569885253906,452.2300109863281,453.0700073242187,450.7099914550781,450.9700012207031,48357400
2021-08-31,423.1291809082031,451.55999755859375,452.489990234375,450.9200134277344,452.1300048828125,59300200
2021-09-01,423.35400390625,451.7999877929687,453.1099853515625,451.5499877929687,452.55999755859375,48721400
2021-09-02,424.6565246582031,453.19000244140625,454.0499877929687,451.9100036621094,453.3200073242187,42501000
2021-09-03,424.5534362792969,453.0799865722656,453.6300048828125,451.5499877929687,451.9800109863281,47170500
2021-09-07,423.0354309082031,451.4599914550781,452.80999755859375,450.739990234375,452.7099914550781,51671500
2021-09-08,422.52001953125,450.9100036621094,451.6700134277344,448.8599853515625,450.8900146484375,56181900
2021-09-09,420.7115783691406,448.9800109863281,452.5700073242187,448.7200012207031,450.7000122070313,57970400
2021-09-10,417.3944091796875,445.44000244140625,451.489990234375,445.30999755859375,451.0400085449219,89948200
2021-09-13,418.4626159667969,446.5799865722656,448.9200134277344,444.1099853515625,448.6400146484375,83738600
2021-09-14,416.2044372558594,444.1700134277344,448.3399963378906,443.2200012207031,448.1199951171875,78197100
2021-09-15,419.6808166503906,447.8800048828125,448.4100036621094,443.44000244140625,444.6199951171875,78792200
2021-09-16,419.01556396484375,447.1700134277344,448.3599853515625,444.0199890136719,447.3200073242187,77786700
2021-09-17,414.9338989257813,441.3999938964844,445.3699951171875,441.0199890136719,444.9200134277344,118425000
2021-09-20,408.0151672363281,434.0400085449219,436.55999755859375,428.8599853515625,434.8800048828125,166445500
2021-09-21,407.62982177734375,433.6300048828125,437.9100036621094,433.0700073242187,436.5299987792969,92526100
2021-09-22,411.6061706542969,437.8599853515625,440.0299987792969,433.75,436.0499877929687,102350100
2021-09-23,416.6072082519531,443.1799926757813,444.8900146484375,439.6000061035156,439.8500061035156,76396000
2021-09-24,417.29345703125,443.9100036621094,444.6700134277344,441.2099914550781,441.44000244140625,62094800
2021-09-27,416.0995178222656,442.6400146484375,444.0499877929687,441.8999938964844,442.80999755859375,61371100
2021-09-28,407.71441650390625,433.7200012207031,440.0400085449219,432.94000244140625,439.69000244140625,130436300
2021-09-29,408.4006042480469,434.4500122070313,437.0400085449219,433.8500061035156,435.19000244140625,82329200
2021-09-30,403.4089660644531,429.1400146484375,436.7699890136719,428.7799987792969,436.0199890136719,140506000
2021-10-01,408.2032470703125,434.239990234375,436.0299987792969,427.2300109863281,430.9800109863281,129240100
2021-10-04,402.9389343261719,428.6400146484375,433.9599914550781,426.3599853515625,433.0,128570000
2021-10-05,407.131591796875,433.1000061035156,435.489990234375,429.3900146484375,430.239990234375,90682500
2021-10-06,408.82366943359375,434.8999938964844,435.1199951171875,427.5400085449219,429.2699890136719,113032200
2021-10-07,412.3581237792969,438.6600036621094,441.6799926757813,438.2000122070313,438.3900146484375,72437500
2021-10-08,411.6061706542969,437.8599853515625,439.8900146484375,437.19000244140625,439.4800109863281,74557400
2021-10-11,408.626220703125,434.69000244140625,440.260009765625,434.6199951171875,437.1600036621094,65233300
2021-10-12,407.620361328125,433.6199951171875,436.1000061035156,432.7799987792969,435.6700134277344,71181200
2021-10-13,409.0868225097656,435.1799926757813,436.0499877929687,431.5400085449219,434.7099914550781,72974000
2021-10-14,415.9679260253906,442.5,442.6600036621094,438.5799865722656,439.0799865722656,70236800
2021-10-15,419.1358642578125,445.8699951171875,446.260009765625,444.0899963378906,444.75,66260200
2021-10-18,420.376708984375,447.19000244140625,447.5499877929687,443.2699890136719,443.9700012207031,62213200
2021-10-19,423.619873046875,450.6400146484375,450.7099914550781,448.2699890136719,448.9200134277344,46996800
2021-10-20,425.2837219238281,452.4100036621094,452.7300109863281,451.010009765625,451.1300048828125,49571600
2021-10-21,426.39300537109375,453.5899963378906,453.8299865722656,451.30999755859375,451.7699890136719,41305400
2021-10-22,425.95111083984375,453.1199951171875,454.6700134277344,451.0499877929687,453.1300048828125,58845100
2021-10-25,428.2354431152344,455.5499877929687,455.8999938964844,452.3900146484375,454.2799987792969,45214500
2021-10-26,428.6208801269531,455.9599914550781,458.489990234375,455.55999755859375,457.2000122070313,56075100
2021-10-27,426.7220764160156,453.94000244140625,457.1600036621094,453.8599853515625,456.4500122070313,72438000
2021-10-28,430.8393859863281,458.3200073242187,458.3999938964844,455.4500122070313,455.4599914550781,51437900
2021-10-29,431.7136535644531,459.25,459.55999755859375,455.55999755859375,455.8699951171875,70162400
2021-11-01,432.4563293457031,460.0400085449219,460.7000122070313,458.2000122070313,460.2999877929687,48433600
2021-11-02,434.2047119140625,461.8999938964844,462.2300109863281,460.0799865722656,460.2200012207031,48908400
2021-11-03,436.8556213378906,464.7200012207031,465.1499938964844,460.8299865722656,461.2999877929687,52509800
2021-11-04,438.9143676757813,466.9100036621094,467.0,464.989990234375,465.3599853515625,52847100
2021-11-05,440.4372863769531,468.5299987792969,470.6499938964844,466.9200134277344,469.2799987792969,66390600
2021-11-08,440.8132019042969,468.9299926757813,470.2300109863281,468.2000122070313,469.7000122070313,50405200
2021-11-09,439.3560791015625,467.3800048828125,469.5700073242187,465.8800048828125,469.3200073242187,51149100
2021-11-10,435.8215942382813,463.6199951171875,467.3800048828125,462.0400085449219,465.5799865722656,69429700
2021-11-11,435.9625549316406,463.7699890136719,465.2900085449219,463.75,465.2099914550781,34848500
2021-11-12,439.2527770996094,467.2699890136719,467.8599853515625,464.1099853515625,465.1199951171875,53466700
2021-11-15,439.4031372070313,467.4299926757813,468.80999755859375,466.2300109863281,468.6400146484375,46980500
2021-11-16,441.1422424316406,469.2799987792969,470.489990234375,467.0700073242187,467.1499938964844,48857500
2021-11-17,440.0706176757813,468.1400146484375,469.19000244140625,467.4800109863281,469.0,47858300
2021-11-18,441.5652465820313,469.7300109863281,470.010009765625,466.3399963378906,469.239990234375,50625600
2021-11-19,440.7756042480469,468.8900146484375,470.94000244140625,468.5,469.6099853515625,57315600
2021-11-22,439.5346984863281,467.5700073242187,473.5400085449219,467.3500061035156,470.8900146484375,72762000
2021-11-23,440.1175842285156,468.19000244140625,469.1000061035156,464.4500122070313,467.2200012207031,73206500
2021-11-24,441.2926025390625,469.44000244140625,469.5700073242187,465.19000244140625,466.05999755859375,61858800
2021-11-26,431.450439453125,458.9700012207031,463.8999938964844,457.7699890136719,462.3399963378906,112669600
2021-11-29,436.742919921875,464.6000061035156,466.55999755859375,461.7300109863281,464.0700073242187,86268800
2021-11-30,428.2448425292969,455.55999755859375,464.0299987792969,455.2999877929687,462.0,148559600
2021-12-01,423.4883117675781,450.5,464.6700134277344,450.2900085449219,461.6400146484375,131939200
2021-12-02,429.97454833984375,457.3999938964844,459.0700073242187,450.30999755859375,450.7300109863281,127637800
2021-12-03,426.233154296875,453.4200134277344,460.2999877929687,448.9200134277344,459.1700134277344,137331600
2021-12-06,431.2811279296875,458.7900085449219,460.7900085449219,453.55999755859375,456.1300048828125,98977500
2021-12-07,440.20220947265625,468.2799987792969,468.8800048828125,458.6499938964844,464.4100036621094,95484700
2021-12-08,441.3677978515625,469.5199890136719,470.0,466.8299865722656,468.7000122070313,72238800
2021-12-09,438.3879699707031,466.3500061035156,469.6300048828125,466.1400146484375,468.1499938964844,61272600
2021-12-10,442.51470947265625,470.739990234375,470.8999938964844,466.510009765625,469.2300109863281,77159800
2021-12-13,438.5947570800781,466.5700073242187,470.55999755859375,466.2699890136719,470.19000244140625,87724700
2021-12-14,435.5771789550781,463.3599853515625,465.739990234375,460.25,463.0899963378906,97264100
2021-12-15,442.383056640625,470.6000061035156,470.8599853515625,460.739990234375,463.4200134277344,116899300
2021-12-16,438.48193359375,466.4500122070313,472.8699951171875,464.7999877929687,472.5700073242187,116568600
2021-12-17,433.8152465820313,459.8699951171875,464.739990234375,458.05999755859375,461.5499877929687,135511600
2021-12-20,429.20220947265625,454.9800109863281,455.3999938964844,451.1400146484375,454.4800109863281,107134800
2021-12-21,436.8245239257813,463.05999755859375,463.2099914550781,456.30999755859375,458.6099853515625,69806300
2021-12-22,441.192138671875,467.69000244140625,467.80999755859375,462.5799865722656,462.7900085449219,58890200
2021-12-23,443.9372253417969,470.6000061035156,472.19000244140625,468.6400146484375,468.75,56439700
2021-12-27,450.2200012207031,477.260009765625,477.30999755859375,472.010009765625,472.05999755859375,56808600
2021-12-28,449.8520202636719,476.8699951171875,478.80999755859375,476.05999755859375,477.7200012207031,47274600
2021-12-29,450.4274291992187,477.4800109863281,478.55999755859375,475.9200134277344,476.9800109863281,54503000
2021-12-30,449.1822204589844,476.1600036621094,479.0,475.6700134277344,477.9299926757813,55329000
2021-12-31,448.0502624511719,474.9599914550781,476.8599853515625,474.6700134277344,475.6400146484375,65237400
2022-01-03,450.6444091796875,477.7099914550781,477.8500061035156,473.8500061035156,476.2999877929687,72668200
2022-01-04,450.4934387207031,477.5499877929687,479.9800109863281,475.5799865722656,479.2200012207031,71178700
2022-01-05,441.843017578125,468.3800048828125,477.9800109863281,468.2799987792969,477.1600036621094,104538900
2022-01-06,441.427978515625,467.94000244140625,470.8200073242187,465.4299926757813,467.8900146484375,86858900
2022-01-07,439.6828308105469,466.0899963378906,469.2000122070313,464.6499938964844,467.9500122070313,85111600
2022-01-10,439.1356201171875,465.510009765625,465.739990234375,456.6000061035156,462.7000122070313,119362000
2022-01-11,443.1355590820313,469.75,469.8500061035156,462.0499877929687,465.2300109863281,74303100
2022-01-12,444.33343505859375,471.0199890136719,473.2000122070313,468.94000244140625,471.5899963378906,67605400
2022-01-13,438.2111511230469,464.5299987792969,472.8800048828125,463.44000244140625,472.19000244140625,91173100
2022-01-14,438.3904418945313,464.7200012207031,465.0899963378906,459.8999938964844,461.19000244140625,95890900
2022-01-18,430.6266784667969,456.489990234375,459.9599914550781,455.30999755859375,459.739990234375,109709100
2022-01-19,426.1552734375,451.75,459.6099853515625,451.4599914550781,458.1300048828125,109357600
2022-01-20,421.4385070800781,446.75,458.739990234375,444.5,453.75,122379700
2022-01-21,413.1653442382813,437.9800109863281,448.05999755859375,437.9500122070313,445.55999755859375,202271200
2022-01-24,414.9201049804687,439.8399963378906,440.3800048828125,420.760009765625,432.0299987792969,251783900
2022-01-25,409.8542175292969,434.4700012207031,439.7200012207031,427.1499938964844,433.05999755859375,167997300
2022-01-26,408.8260803222656,433.3800048828125,444.0400085449219,428.8599853515625,440.7200012207031,186391100
2022-01-27,406.8072814941406,431.239990234375,441.5899963378906,429.4500122070313,438.260009765625,149878300
2022-01-28,416.9104919433594,441.9500122070313,442.0,427.8200073242187,432.6799926757813,164457400
2022-01-31,424.4194641113281,449.9100036621094,450.2799987792969,439.80999755859375,441.239990234375,152251400
2022-02-01,427.2872619628906,452.9500122070313,453.6300048828125,446.94000244140625,450.6799926757813,123155400
2022-02-02,431.4379577636719,457.3500061035156,458.1199951171875,453.0499877929687,455.5,117361000
2022-02-03,421.2969970703125,446.6000061035156,452.9700012207031,445.7099914550781,450.9500122070313,118024400
2022-02-04,423.2780456542969,448.7000122070313,452.7799987792969,443.8299865722656,446.3500061035156,118454400
2022-02-07,421.9196166992187,447.260009765625,450.989990234375,445.8500061035156,449.510009765625,84472900
2022-02-08,425.3912048339844,450.94000244140625,451.9200134277344,445.2200012207031,446.7300109863281,81012000
2022-02-09,431.6171875,457.5400085449219,457.8800048828125,455.010009765625,455.2200012207031,92589900
2022-02-10,423.8629455566406,449.3200073242187,457.7099914550781,447.2000122070313,451.3399963378906,140103700
2022-02-11,415.5049133300781,440.4599914550781,451.6099853515625,438.94000244140625,449.4100036621094,153214600
2022-02-14,414.146484375,439.0199890136719,441.6000061035156,435.3399963378906,439.9200134277344,123006300
2022-02-15,420.8254089355469,446.1000061035156,446.2799987792969,443.1799926757813,443.7300109863281,88482700
2022-02-16,421.2969970703125,446.6000061035156,448.05999755859375,441.94000244140625,443.9299926757813,84863600
2022-02-17,412.2975463867187,437.05999755859375,446.5700073242187,436.4200134277344,443.2200012207031,102259100
2022-02-18,409.62786865234375,434.2300109863281,438.6600036621094,431.8200073242187,437.3299865722656,132642900
2022-02-22,405.23193359375,429.5700073242187,435.5,425.8599853515625,431.8900146484375,124391800
2022-02-23,398.0436096191406,421.9500122070313,433.260009765625,421.3500061035156,432.6600036621094,132578000
2022-02-24,404.0338134765625,428.2999877929687,428.760009765625,410.6400146484375,411.0199890136719,213942900
2022-02-25,412.9484252929687,437.75,437.8399963378906,427.8599853515625,429.6099853515625,121804500
2022-02-28,411.8919372558594,436.6300048828125,438.2000122070313,430.7000122070313,432.0299987792969,145615000
2022-03-01,405.6186828613281,429.9800109863281,437.1700134277344,427.1099853515625,435.0400085449219,137785900
2022-03-02,413.08050537109375,437.8900146484375,439.7200012207031,431.5700073242187,432.3699951171875,117726500
2022-03-03,411.02398681640625,435.7099914550781,441.1099853515625,433.7999877929687,440.4700012207031,105501700
2022-03-04,407.6846008300781,432.1700134277344,433.3699951171875,427.8800048828125,431.75,113978200
2022-03-07,395.6664123535156,419.4299926757813,432.2999877929687,419.3599853515625,431.5499877929687,137896600
2022-03-08,392.66650390625,416.25,427.2099914550781,415.1199951171875,419.6199951171875,164772700
2022-03-09,403.1942443847656,427.4100036621094,429.510009765625,422.8200073242187,425.1400146484375,116990800
2022-03-10,401.3736877441406,425.4800109863281,426.4299926757813,420.44000244140625,422.5199890136719,93972700
2022-03-11,396.2701416015625,420.0700073242187,428.7699890136719,419.5299987792969,428.1199951171875,95636300
2022-03-14,393.37408447265625,417.0,424.5499877929687,415.7900085449219,420.8900146484375,95729200
2022-03-15,402.0245361328125,426.1700134277344,426.8399963378906,418.4200134277344,419.7699890136719,106219100
2022-03-16,410.9391784667969,435.6199951171875,435.6799926757813,424.7999877929687,429.8900146484375,144954800
2022-03-17,416.0803833007813,441.0700073242187,441.0700073242187,433.19000244140625,433.5899963378906,102676900
2022-03-18,420.6376647949219,444.5199890136719,444.8599853515625,437.2200012207031,438.0,106345500
2022-03-21,420.5145568847656,444.3900146484375,446.4599914550781,440.6799926757813,444.3399963378906,88349800
2022-03-22,425.4352111816406,449.5899963378906,450.5799865722656,445.8599853515625,445.8599853515625,74650400
2022-03-23,419.9562377929687,443.7999877929687,448.489990234375,443.7099914550781,446.9100036621094,79426100
2022-03-24,426.286865234375,450.489990234375,450.5,444.760009765625,445.94000244140625,64736900
2022-03-25,428.36865234375,452.69000244140625,452.9800109863281,448.4299926757813,451.1600036621094,77101300
2022-03-28,431.4156799316406,455.9100036621094,455.9100036621094,450.05999755859375,452.05999755859375,68529800
2022-03-29,436.752685546875,461.5499877929687,462.0700073242187,457.1799926757813,460.0199890136719,86581500
2022-03-30,434.0557556152344,458.7000122070313,461.2000122070313,456.4700012207031,460.3399963378906,79666900
2022-03-31,427.37506103515625,451.6400146484375,458.760009765625,451.1600036621094,457.8900146484375,121699900
2022-04-01,428.5863342285156,452.9200134277344,453.4599914550781,449.1400146484375,453.30999755859375,89048800
2022-04-04,432.2578125,456.7999877929687,456.9100036621094,452.260009765625,453.1300048828125,59601000
2022-04-05,426.7978820800781,451.0299987792969,457.8299865722656,449.8200073242187,455.2200012207031,74214500
2022-04-06,422.5301208496094,446.5199890136719,448.9299926757813,443.4700012207031,446.8900146484375,106898000
2022-04-07,424.6592712402344,448.7699890136719,450.69000244140625,443.5299987792969,445.5899963378906,78097200
2022-04-08,423.523681640625,447.5700073242187,450.6300048828125,445.94000244140625,447.9700012207031,79272700
2022-04-11,416.2846984863281,439.9200134277344,445.0,439.3900146484375,444.1099853515625,89770500
2022-04-12,414.7423095703125,438.2900085449219,445.75,436.6499938964844,443.0799865722656,84363600
2022-04-13,419.4925842285156,443.30999755859375,444.1099853515625,437.8399963378906,438.0299987792969,74070400
2022-04-14,414.2691955566406,437.7900085449219,444.7300109863281,437.6799926757813,443.5499877929687,97869500
2022-04-18,414.4394836425781,437.9700012207031,439.75,435.6099853515625,436.80999755859375,66002500
2022-04-19,421.1297302246094,445.0400085449219,445.7999877929687,437.6799926757813,437.8599853515625,77821000
2022-04-20,420.8173828125,444.7099914550781,447.5700073242187,443.4800109863281,446.9200134277344,65224400
2022-04-21,414.5247192382813,438.05999755859375,450.010009765625,437.1000061035156,448.5400085449219,85417300
2022-04-22,403.1504821777344,426.0400085449219,438.0799865722656,425.44000244140625,436.9100036621094,132471800
2022-04-25,405.48779296875,428.510009765625,428.69000244140625,418.8399963378906,423.6700134277344,119647700
2022-04-26,393.7445068359375,416.1000061035156,426.0400085449219,416.0700073242187,425.8299865722656,103996300
2022-04-27,394.8516540527344,417.2699890136719,422.9200134277344,415.010009765625,417.239990234375,122030000
2022-04-28,404.8253784179687,427.80999755859375,429.6400146484375,417.6000061035156,422.2900085449219,105449100
2022-04-29,389.86480712890625,412.0,425.8699951171875,411.2099914550781,423.5899963378906,145491100
2022-05-02,392.21148681640625,414.4800109863281,415.9200134277344,405.0199890136719,412.0700073242187,158312500
2022-05-03,394.009521484375,416.3800048828125,418.9299926757813,413.3599853515625,415.010009765625,100028200
2022-05-04,406.0081481933594,429.05999755859375,429.6600036621094,413.7099914550781,417.0799865722656,144247900
2022-05-05,391.5774841308594,413.80999755859375,425.0,409.44000244140625,424.5499877929687,172929100
2022-05-06,389.2402648925781,411.3399963378906,414.7999877929687,405.7300109863281,411.1000061035156,151770800
2022-05-09,376.7778015136719,398.1700134277344,406.4100036621094,396.5,405.1000061035156,155586100
2022-05-10,377.64837646484375,399.0899963378906,406.0799865722656,394.8200073242187,404.489990234375,132497200
2022-05-11,371.6490478515625,392.75,404.0400085449219,391.9599914550781,398.0700073242187,142361000
2022-05-12,371.2610168457031,392.3399963378906,395.7999877929687,385.1499938964844,389.3699951171875,125090800
2022-05-13,380.1371154785156,401.7200012207031,403.1799926757813,395.6099853515625,396.7099914550781,104174400
2022-05-16,378.5946960449219,400.0899963378906,403.9700012207031,397.6000061035156,399.9800109863281,78622400
2022-05-17,386.3824768066406,408.3200073242187,408.5700073242187,402.5799865722656,406.5299987792969,83029700
2022-05-18,370.8068237304687,391.8599853515625,403.7999877929687,390.5499877929687,403.5,117674500
2022-05-19,368.5357666015625,389.4599914550781,394.1400146484375,387.1099853515625,388.6199951171875,98510700
2022-05-20,368.6966247558594,389.6300048828125,397.0299987792969,380.5400085449219,393.25,131432200
2022-05-23,375.5949096679687,396.9200134277344,397.7300109863281,390.3800048828125,392.8299865722656,76414900
2022-05-24,372.7278137207031,393.8900146484375,395.1499938964844,386.9599914550781,392.55999755859375,91448800
2022-05-25,376.0207824707031,397.3699951171875,399.4500122070313,391.8900146484375,392.30999755859375,91472900
2022-05-26,383.5341491699219,405.30999755859375,407.0400085449219,398.4500122070313,398.6700134277344,82168300
2022-05-27,392.94970703125,415.260009765625,415.3800048828125,407.7000122070313,407.9100036621094,84768700
2022-05-31,390.7448120117187,412.9299926757813,416.4599914550781,410.0299987792969,413.5499877929687,95937000
2022-06-01,387.584228515625,409.5899963378906,416.239990234375,406.9299926757813,415.1700134277344,86585800
2022-06-02,394.9652099609375,417.3900146484375,417.44000244140625,407.0400085449219,409.4200134277344,79609600
2022-06-03,388.4832153320313,410.5400085449219,414.0400085449219,409.510009765625,412.3999938964844,71874300
2022-06-06,389.666015625,411.7900085449219,416.6099853515625,410.5499877929687,414.7799987792969,57508900
2022-06-07,393.40380859375,415.739990234375,416.2200012207031,407.6099853515625,408.1000061035156,59272400
2022-06-08,389.1267395019531,411.2200012207031,415.8200073242187,410.3800048828125,413.9299926757813,64350000
2022-06-09,379.8721618652344,401.44000244140625,411.739990234375,401.44000244140625,409.3399963378906,86289800
2022-06-10,368.8574523925781,389.7999877929687,395.7799987792969,389.75,394.8800048828125,132893900
2022-06-13,354.85260009765625,375.0,381.80999755859375,373.2999877929687,379.8500061035156,170004900
2022-06-14,353.7834167480469,373.8699951171875,377.94000244140625,370.5899963378906,376.8500061035156,104011800
2022-06-15,358.8270263671875,379.2000122070313,383.8999938964844,372.1199951171875,377.3599853515625,125666800
2022-06-16,346.9513244628906,366.6499938964844,370.94000244140625,364.0799865722656,370.510009765625,134473300
2022-06-17,347.6992492675781,365.8599853515625,369.3800048828125,362.1700134277344,365.510009765625,111113900
2022-06-21,356.45208740234375,375.0700073242187,376.5299987792969,371.80999755859375,371.8900146484375,76811900
2022-06-22,355.8057861328125,374.3900146484375,378.7200012207031,370.1799926757813,370.6199951171875,90059400
2022-06-23,359.2935791015625,378.05999755859375,378.8299865722656,372.8900146484375,376.6400146484375,79292100
2022-06-24,370.7169799804687,390.0799865722656,390.0899963378906,381.3699951171875,381.3999938964844,98050300
2022-06-27,369.3009033203125,388.5899963378906,391.3599853515625,387.44000244140625,391.0499877929687,66009600
2022-06-28,361.7550354003906,380.6499938964844,393.1600036621094,380.5299987792969,390.2300109863281,86548900
2022-06-29,361.4604797363281,380.3399963378906,382.2699890136719,378.4200134277344,381.2300109863281,65676000
2022-06-30,358.5238037109375,377.25,380.6600036621094,372.55999755859375,376.239990234375,112508300
2022-07-01,362.3157653808594,381.239990234375,381.7000122070313,373.7999877929687,376.55999755859375,74839700
2022-07-05,363.0,381.9599914550781,381.9800109863281,372.8999938964844,375.8800048828125,81438000
2022-07-06,364.2259521484375,383.25,385.8699951171875,379.6000061035156,382.1099853515625,70426200
2022-07-07,369.6810607910156,388.989990234375,389.8299865722656,383.2699890136719,385.1199951171875,64525900
2022-07-08,369.3769226074219,388.6700134277344,390.6400146484375,385.6600036621094,387.2699890136719,72397800
2022-07-11,365.1573181152344,384.2300109863281,386.8699951171875,383.5,385.8500061035156,58366900
2022-07-12,361.9261169433594,380.8299865722656,386.1600036621094,378.989990234375,383.6499938964844,62219200
2022-07-13,360.0253601074219,378.8299865722656,381.9200134277344,374.6600036621094,375.1000061035156,84224600
2022-07-14,359.1510314941406,377.9100036621094,379.0499877929687,371.0400085449219,373.6099853515625,89704800
2022-07-15,366.0127258300781,385.1300048828125,385.25,380.5400085449219,382.5499877929687,79060400
2022-07-18,362.9905090332031,381.9500122070313,389.0899963378906,380.6600036621094,388.3800048828125,63203600
2022-07-19,372.7982177734375,392.2699890136719,392.8699951171875,385.3900146484375,386.0799865722656,78506000
2022-07-20,375.1741333007813,394.7699890136719,396.260009765625,391.0299987792969,392.4700012207031,71843800
2022-07-21,378.9946594238281,398.7900085449219,398.8399963378906,391.6300048828125,394.1600036621094,64903900
2022-07-22,375.478271484375,395.0899963378906,400.1799926757813,392.75,398.9200134277344,72197300
2022-07-25,375.9344482421875,395.5700073242187,396.4700012207031,393.2099914550781,395.75,53631500
2022-07-26,371.4867858886719,390.8900146484375,394.05999755859375,389.9500122070313,393.8399963378906,52946400
2022-07-27,381.1329040527344,401.0400085449219,402.8800048828125,394.0499877929687,394.3599853515625,82342100
2022-07-28,385.9131774902344,406.0700073242187,406.7999877929687,398.1499938964844,401.8900146484375,73966600
2022-07-29,391.5394287109375,411.989990234375,413.0299987792969,406.7699890136719,407.5799865722656,87003700
2022-08-01,390.3798828125,410.7699890136719,413.4100036621094,408.3999938964844,409.1499938964844,69997500
2022-08-02,387.8044128417969,408.05999755859375,413.0,406.8200073242187,409.1199951171875,63435400
2022-08-03,393.8772888183594,414.4500122070313,415.6799926757813,410.0,410.2999877929687,67820600
2022-08-04,393.6111450195313,414.1700134277344,415.0899963378906,412.44000244140625,414.3699951171875,45656600
2022-08-05,392.9459228515625,413.4700012207031,414.1499938964844,409.6000061035156,409.6600036621094,56814900
2022-08-08,392.48968505859375,412.989990234375,417.6199951171875,411.8299865722656,415.25,53886100
2022-08-09,390.93121337890625,411.3500061035156,412.75,410.2200012207031,412.2200012207031,44931800
2022-08-10,399.1422424316406,419.989990234375,420.1400146484375,416.7200012207031,418.7799987792969,68665700
2022-08-11,399.1422424316406,419.989990234375,424.9500122070313,419.2099914550781,422.989990234375,59489700
2022-08-12,405.8993225097656,427.1000061035156,427.2099914550781,421.0299987792969,422.0299987792969,61694500
2022-08-15,407.5719604492187,428.8599853515625,429.4100036621094,424.7099914550781,424.7699890136719,54048300
2022-08-16,408.3702697753906,429.7000122070313,431.7300109863281,426.8800048828125,427.7300109863281,59289000
2022-08-17,405.4716796875,426.6499938964844,429.5,424.5400085449219,425.9100036621094,63563400
2022-08-18,406.6500854492187,427.8900146484375,428.6099853515625,425.5,426.8599853515625,49023200
2022-08-19,401.1855163574219,422.1400146484375,425.260009765625,421.2200012207031,424.9800109863281,68016900
2022-08-22,392.8318786621094,413.3500061035156,417.2300109863281,412.3999938964844,417.0499877929687,77695600
2022-08-23,391.8815612792969,412.3500061035156,415.4200134277344,411.7699890136719,412.8999938964844,49105200
2022-08-24,393.135986328125,413.6700134277344,415.1099853515625,411.3900146484375,412.1099853515625,49177800
2022-08-25,398.68609619140625,419.510009765625,419.55999755859375,414.0899963378906,415.239990234375,50942300
2022-08-26,385.19091796875,405.30999755859375,419.9599914550781,405.25,419.3900146484375,103087000
2022-08-29,382.6439514160156,402.6300048828125,405.8399963378906,401.2000122070313,402.2000122070313,65370800
2022-08-30,378.443359375,398.2099914550781,404.1000061035156,396.0,403.8500061035156,85652400
2022-08-31,375.5638732910156,395.1799926757813,401.239990234375,395.0400085449219,399.9299926757813,76029700
2022-09-01,376.7421875,396.4200134277344,396.7799987792969,390.0400085449219,392.8900146484375,78740100
2022-09-02,372.7697143554687,392.239990234375,401.55999755859375,390.3299865722656,400.2799987792969,99632100
2022-09-06,371.3631286621094,390.760009765625,394.1199951171875,388.4200134277344,393.1300048828125,76637400
2022-09-07,378.03472900390625,397.7799987792969,398.5899963378906,390.2000122070313,390.4299926757813,70964200
2022-09-08,380.5056762695313,400.3800048828125,400.8599853515625,394.1199951171875,395.3900146484375,80821700
2022-09-09,386.41693115234375,406.6000061035156,407.510009765625,402.4599914550781,402.739990234375,76706900
2022-09-12,390.5700378417969,410.9700012207031,411.7300109863281,408.4599914550781,408.7799987792969,69256300
2022-09-13,373.5870361328125,393.1000061035156,403.1000061035156,391.9200134277344,401.8299865722656,122947100
2022-09-14,375.0126037597656,394.6000061035156,396.2000122070313,391.1199951171875,394.4700012207031,85023700
2022-09-15,370.7549743652344,390.1199951171875,395.9599914550781,388.7799987792969,392.9599914550781,87633800
2022-09-16,367.9264831542969,385.55999755859375,386.25,382.1099853515625,384.1400146484375,103084800
2022-09-19,370.7797546386719,388.5499877929687,388.5499877929687,382.1799926757813,382.260009765625,73278500
2022-09-20,366.523681640625,384.0899963378906,386.1199951171875,381.2000122070313,385.05999755859375,77274900
2022-09-21,360.13018798828125,377.3900146484375,389.30999755859375,377.3800048828125,386.1099853515625,106746600
2022-09-22,357.1051330566406,374.2200012207031,378.2999877929687,373.44000244140625,376.5799865722656,89472600
2022-09-23,351.12188720703125,367.9500122070313,370.6199951171875,363.2900085449219,370.5799865722656,122346900
2022-09-26,347.6483459472656,364.30999755859375,370.2099914550781,363.0299987792969,366.4100036621094,92581200
2022-09-27,346.76092529296875,363.3800048828125,370.3999938964844,360.8699951171875,368.0199890136719,108294100
2022-09-28,353.58392333984375,370.5299987792969,372.2999877929687,362.6000061035156,364.3800048828125,110802200
2022-09-29,346.1979064941406,362.7900085449219,367.1099853515625,359.70001220703125,366.80999755859375,112952300
2022-09-30,340.8444519042969,357.17999267578125,365.9100036621094,357.0400085449219,361.7999877929687,153711200
2022-10-03,349.8431701660156,366.6099853515625,368.5499877929687,359.2099914550781,361.0799865722656,89756500
2022-10-04,360.68365478515625,377.9700012207031,378.0,366.5700073242187,372.3999938964844,103602800
2022-10-05,359.8439636230469,377.0899963378906,379.4599914550781,370.9500122070313,373.3900146484375,88065700
2022-10-06,356.1318054199219,373.2000122070313,378.7200012207031,372.6799926757813,375.6199951171875,82333500
2022-10-07,346.1979064941406,362.7900085449219,373.2900085449219,360.94000244140625,368.9700012207031,107789500
2022-10-10,343.5545654296875,360.0199890136719,364.2099914550781,357.6700134277344,363.9599914550781,76042800
2022-10-11,341.37884521484375,357.739990234375,363.0299987792969,355.7099914550781,358.239990234375,92482800
2022-10-12,340.2527770996094,356.55999755859375,359.82000732421875,356.29998779296875,358.1700134277344,76991800
2022-10-13,349.2323913574219,365.9700012207031,367.510009765625,348.1099853515625,349.2099914550781,147254500
2022-10-14,341.2738952636719,357.6300048828125,370.260009765625,356.9599914550781,368.5499877929687,123737000
2022-10-17,350.04364013671875,366.8200073242187,367.9800109863281,357.2799987792969,364.010009765625,93168200
2022-10-18,354.156494140625,371.1300048828125,375.4500122070313,367.5199890136719,375.1300048828125,97162900
2022-10-19,351.646728515625,368.5,371.8500061035156,365.5499877929687,368.989990234375,79746900
2022-10-20,348.6981201171875,365.4100036621094,372.6700134277344,364.6099853515625,368.0299987792969,88283100
2022-10-21,357.1719970703125,374.2900085449219,374.7999877929687,363.5400085449219,365.1199951171875,131038400
2022-10-24,361.5424499511719,378.8699951171875,380.05999755859375,373.1099853515625,375.8900146484375,85436900
2022-10-25,367.3158264160156,384.9200134277344,385.25,378.6700134277344,378.7900085449219,78846300
2022-10-26,364.5484313964844,382.0199890136719,387.5799865722656,381.3500061035156,381.6199951171875,104087300
2022-10-27,362.6017456054687,379.9800109863281,385.0,379.3299865722656,383.0700073242187,81971800
2022-10-28,371.228271484375,389.0199890136719,389.5199890136719,379.6799926757813,379.8699951171875,100302000
2022-10-31,368.5467834472656,386.2099914550781,388.3999938964844,385.260009765625,386.44000244140625,96631300
2022-11-01,366.93408203125,384.5199890136719,390.3900146484375,383.2900085449219,390.1400146484375,85407600
2022-11-02,357.7254638671875,374.8699951171875,388.6300048828125,374.760009765625,383.8999938964844,126990400
2022-11-03,354.0420227050781,371.010009765625,374.2000122070313,368.7900085449219,371.4700012207031,87100100
2022-11-04,359.13775634765625,376.3500061035156,378.8699951171875,370.0,377.0,103505200
2022-11-07,362.5730895996094,379.9500122070313,380.5700073242187,375.5299987792969,377.7099914550781,68286900
2022-11-08,364.52935791015625,382.0,385.1199951171875,377.7200012207031,381.1099853515625,84641100
2022-11-09,357.0192565917969,374.1300048828125,381.1400146484375,373.6099853515625,379.9299926757813,78495500
2022-11-10,376.6390075683594,394.69000244140625,395.0400085449219,385.6400146484375,388.0499877929687,141455800
2022-11-11,380.2842712402344,398.510009765625,399.3500061035156,393.6099853515625,395.5899963378906,93839900
2022-11-14,377.04925537109375,395.1199951171875,400.1799926757813,394.8299865722656,396.6600036621094,71903500
2022-11-15,380.26513671875,398.489990234375,402.30999755859375,394.489990234375,401.1499938964844,93194500
2022-11-16,377.36419677734375,395.4500122070313,397.7799987792969,394.7900085449219,396.7799987792969,68508500
2022-11-17,376.2095031738281,394.239990234375,394.9500122070313,390.1400146484375,390.4599914550781,74496300
2022-11-18,377.9176940917969,396.0299987792969,397.80999755859375,393.0400085449219,397.739990234375,92922500
2022-11-21,376.5435485839844,394.5899963378906,395.8200073242187,392.6600036621094,394.6400146484375,51243200
2022-11-22,381.6106872558594,399.8999938964844,400.0700073242187,395.1499938964844,396.6300048828125,60429000
2022-11-23,384.0154418945313,402.4200134277344,402.9299926757813,399.30999755859375,399.5499877929687,68261600
2022-11-25,383.9295349121094,402.3299865722656,402.9100036621094,401.5400085449219,401.8299865722656,30545400
2022-11-28,377.8031921386719,395.9100036621094,400.80999755859375,395.1099853515625,399.0899963378906,67881600
2022-11-29,377.1542663574219,395.2300109863281,397.2999877929687,393.2999877929687,396.0499877929687,52310000
2022-11-30,389.0348815917969,407.6799926757813,407.6799926757813,393.4800109863281,395.489990234375,144566700
2022-12-01,388.7486267089844,407.3800048828125,410.0,404.75,408.7699890136719,76398200
2022-12-02,388.3001403808594,406.9100036621094,407.8599853515625,402.1400146484375,402.25,85342700
2022-12-05,381.3148193359375,399.5899963378906,404.9299926757813,398.1700134277344,403.9500122070313,77289800
2022-12-06,375.81829833984375,393.8299865722656,399.989990234375,391.6400146484375,399.4200134277344,77972200
2022-12-07,375.1789245605469,393.1600036621094,395.6400146484375,391.9700012207031,392.94000244140625,65927900
2022-12-08,378.1180725097656,396.239990234375,397.3599853515625,393.2699890136719,395.1400146484375,60737900
2022-12-09,375.2934875488281,393.2799987792969,397.6199951171875,393.1499938964844,394.94000244140625,81447700
2022-12-12,380.7041015625,398.9500122070313,398.9500122070313,393.4100036621094,394.1099853515625,75405800
2022-12-13,383.5860595703125,401.9700012207031,410.489990234375,399.0700073242187,410.2200012207031,123782500
2022-12-14,381.133544921875,399.3999938964844,405.5,396.30999755859375,401.6099853515625,108111300
2022-12-15,371.8103942871094,389.6300048828125,395.25,387.8900146484375,394.2999877929687,117705900
2022-12-16,367.4207458496094,383.2699890136719,386.5799865722656,381.0400085449219,385.1799926757813,119858000
2022-12-19,364.3050842285156,380.0199890136719,383.8200073242187,378.2799987792969,383.4700012207031,79878100
2022-12-20,364.80364990234375,380.5400085449219,382.2300109863281,377.8500061035156,379.2300109863281,74427200
2022-12-21,370.2583923339844,386.2300109863281,387.4100036621094,382.69000244140625,383.25,78167400
2022-12-22,364.97613525390625,380.7200012207031,386.2099914550781,374.7699890136719,383.0499877929687,100120900
2022-12-23,367.0756530761719,382.9100036621094,383.05999755859375,378.0299987792969,379.6499938964844,59857300
2022-12-27,365.6280517578125,381.3999938964844,383.1499938964844,379.6499938964844,382.7900085449219,51638200
2022-12-28,361.0840759277344,376.6600036621094,383.3900146484375,376.4200134277344,381.3299865722656,70911500
2022-12-29,367.5837097167969,383.44000244140625,384.3500061035156,379.0799865722656,379.6300048828125,66970900
2022-12-30,366.6155395507813,382.4299926757813,382.5799865722656,378.4299926757813,380.6400146484375,84022200
2023-01-03,365.0721130371094,380.8200073242187,386.4299926757813,377.8299865722656,384.3699951171875,74850700
2023-01-04,367.8904724121094,383.760009765625,385.8800048828125,380.0,383.1799926757813,85934100
2023-01-05,363.6915893554687,379.3800048828125,381.8399963378906,378.760009765625,381.7200012207031,76970500
2023-01-06,372.03179931640625,388.0799865722656,389.25,379.4100036621094,382.6099853515625,104189600
2023-01-09,371.8209533691406,387.8599853515625,393.7000122070313,387.6700134277344,390.3699951171875,73978100
2023-01-10,374.4284362792969,390.5799865722656,390.6499938964844,386.2699890136719,387.25,65358100
2023-01-11,379.1641540527344,395.5199890136719,395.6000061035156,391.3800048828125,392.2300109863281,68881100
2023-01-12,380.5445861816406,396.9599914550781,398.489990234375,392.4200134277344,396.6700134277344,90157700
2023-01-13,382.02099609375,398.5,399.1000061035156,393.3399963378906,393.6199951171875,63903900
2023-01-17,381.3211364746094,397.7699890136719,400.2300109863281,397.05999755859375,398.4800109863281,62677300
2023-01-18,375.3008117675781,391.489990234375,400.1199951171875,391.2799987792969,399.010009765625,99632300
2023-01-19,372.5687255859375,388.6400146484375,391.0799865722656,387.260009765625,389.3599853515625,86958900
2023-01-20,379.50927734375,395.8800048828125,396.0400085449219,388.3800048828125,390.1000061035156,91806400
2023-01-23,384.0628051757813,400.6300048828125,402.6499938964844,395.7200012207031,396.7200012207031,84178800
2023-01-24,383.6506042480469,400.2000122070313,401.1499938964844,397.6400146484375,398.8800048828125,59524900
2023-01-25,383.79443359375,400.3500061035156,400.7000122070313,393.55999755859375,395.9500122070313,84800300
2023-01-26,388.0125122070313,404.75,404.9200134277344,400.0299987792969,403.1300048828125,72287400
2023-01-27,388.9040222167969,405.6799926757813,408.1600036621094,403.44000244140625,403.6600036621094,68346200
2023-01-30,384.0245666503906,400.5899963378906,405.1300048828125,400.2799987792969,402.7999877929687,74202000
2023-01-31,389.67095947265625,406.4800109863281,406.5299987792969,400.7699890136719,401.1300048828125,86811800
2023-02-01,393.8122863769531,410.7999877929687,413.6700134277344,402.3500061035156,405.2099914550781,101459200
2023-02-02,399.54498291015625,416.7799987792969,418.30999755859375,412.8800048828125,414.8599853515625,101654500
2023-02-03,395.2982177734375,412.3500061035156,416.9700012207031,411.0899963378906,411.5899963378906,94736800
2023-02-06,392.88238525390625,409.8299865722656,411.2900085449219,408.1000061035156,409.7900085449219,60295300
2023-02-07,398.0207824707031,415.19000244140625,416.489990234375,407.5700073242187,408.8699951171875,90990700
2023-02-08,393.6684875488281,410.6499938964844,414.5299987792969,409.9299926757813,413.1300048828125,76227500
2023-02-09,390.2557067871094,407.0899963378906,414.5700073242187,405.80999755859375,414.4100036621094,78694900
2023-02-10,391.1663818359375,408.0400085449219,408.44000244140625,405.010009765625,405.8599853515625,70769700
2023-02-13,395.75836181640625,412.8299865722656,412.9700012207031,408.239990234375,408.7200012207031,64913500
2023-02-14,395.5762023925781,412.6400146484375,415.0499877929687,408.510009765625,411.239990234375,88389300
2023-02-15,396.86077880859375,413.9800109863281,414.05999755859375,409.4700012207031,410.3500061035156,61555700
2023-02-16,391.396484375,408.2799987792969,412.9100036621094,408.1400146484375,408.7900085449219,76431500
2023-02-17,390.418701171875,407.260009765625,407.510009765625,404.0499877929687,406.05999755859375,89257800
2023-02-21,382.5865478515625,399.0899963378906,404.1600036621094,398.8200073242187,403.05999755859375,82655900
2023-02-22,382.059326171875,398.5400085449219,401.1300048828125,397.0199890136719,399.5199890136719,83742300
2023-02-23,384.0915832519531,400.6600036621094,402.2000122070313,396.25,401.55999755859375,96242400
2023-02-24,379.9885864257813,396.3800048828125,397.25,393.6400146484375,395.4200134277344,108194400
2023-02-27,381.2828063964844,397.7300109863281,401.2900085449219,396.75,399.8699951171875,80444700
2023-02-28,379.87359619140625,396.260009765625,399.2799987792969,396.1499938964844,397.2300109863281,96438600
2023-03-01,378.4164733886719,394.739990234375,396.69000244140625,393.3800048828125,395.4100036621094,99706800
2023-03-02,381.35943603515625,397.80999755859375,398.69000244140625,392.3299865722656,392.6799926757813,85127800
2023-03-03,387.4756774902344,404.19000244140625,404.4500122070313,399.0299987792969,399.7099914550781,90120000
2023-03-06,387.74407958984375,404.4700012207031,407.4500122070313,404.010009765625,405.0499877929687,72795900
2023-03-07,381.8004150390625,398.2699890136719,404.6700134277344,397.6300048828125,404.4200134277344,108310600
2023-03-08,382.4236145019531,398.9200134277344,399.7099914550781,396.5899963378906,398.3900146484375,74746600
2023-03-09,375.3678588867187,391.55999755859375,401.4800109863281,390.5299987792969,399.739990234375,111945300
2023-03-10,369.95159912109375,385.9100036621094,393.1600036621094,384.3200073242187,390.989990234375,189253000
2023-03-13,369.42431640625,385.3599853515625,390.3900146484375,380.6499938964844,381.80999755859375,157790000
2023-03-14,375.5309143066406,391.7300109863281,393.4500122070313,387.0499877929687,390.5,149752400
2023-03-15,373.1822509765625,389.2799987792969,389.489990234375,383.7099914550781,385.8900146484375,172996900
2023-03-16,379.729736328125,396.1099853515625,396.4700012207031,386.2900085449219,386.8200073242187,143254200
2023-03-17,375.2896423339844,389.989990234375,394.3999938964844,388.5499877929687,393.2200012207031,140553400
2023-03-20,378.8983154296875,393.739990234375,394.1700134277344,390.0700073242187,390.7999877929687,93055800
2023-03-21,383.87347412109375,398.9100036621094,399.4100036621094,395.5799865722656,397.239990234375,91524200
2023-03-22,377.3298034667969,392.1099853515625,402.489990234375,392.0700073242187,398.7300109863281,111746600
2023-03-23,378.3498229980469,393.1700134277344,399.2900085449219,390.3500061035156,395.0899963378906,119351300
2023-03-24,380.83258056640625,395.75,395.8399963378906,389.3999938964844,391.8399963378906,107682400
2023-03-27,381.544677734375,396.489990234375,398.9200134277344,395.55999755859375,398.1199951171875,74010400
2023-03-28,380.6882934570313,395.6000061035156,396.489990234375,393.69000244140625,395.7699890136719,62871700
2023-03-29,386.2214660644531,401.3500061035156,401.6000061035156,398.6799926757813,399.9299926757813,77497900
2023-03-30,388.4828796386719,403.7000122070313,404.3500061035156,401.760009765625,404.0899963378906,69840000
2023-03-31,393.9584655761719,409.3900146484375,409.7000122070313,404.5499877929687,404.6600036621094,112062600
2023-04-03,395.4596557617187,410.9500122070313,411.3699951171875,408.44000244140625,408.8500061035156,67391100
2023-04-04,393.2655944824219,408.6700134277344,411.9200134277344,407.239990234375,411.6199951171875,66601500
2023-04-05,392.23590087890625,407.6000061035156,408.7000122070313,405.8800048828125,407.9100036621094,65200200
2023-04-06,393.7659606933594,409.19000244140625,409.4800109863281,405.6799926757813,406.7699890136719,63743300
2023-04-10,394.170166015625,409.6099853515625,409.69000244140625,405.9700012207031,406.6099853515625,63681000
2023-04-11,394.2760009765625,409.7200012207031,411.1799926757813,408.9200134277344,410.260009765625,59297900
2023-04-12,392.6689147949219,408.0499877929687,412.1700134277344,407.44000244140625,411.8699951171875,86420400
2023-04-13,397.8846435546875,413.4700012207031,413.8399963378906,407.989990234375,409.1799926757813,85814800
2023-04-14,396.9126892089844,412.4599914550781,415.0899963378906,410.05999755859375,412.80999755859375,78161500
2023-04-17,398.33697509765625,413.94000244140625,413.9599914550781,411.0899963378906,412.3699951171875,66436400
2023-04-18,398.5967712402344,414.2099914550781,415.7200012207031,412.7799987792969,415.5799865722656,63560000
2023-04-19,398.5294189453125,414.1400146484375,415.0799865722656,412.1600036621094,412.2200012207031,55227300
2023-04-20,396.3545837402344,411.8800048828125,413.7000122070313,410.2699890136719,411.2099914550781,75840400
2023-04-21,396.6625061035156,412.2000122070313,412.6799926757813,410.1700134277344,412.19000244140625,73457400
2023-04-24,397.0762634277344,412.6300048828125,413.0700073242187,410.6000061035156,411.989990234375,64332100
2023-04-25,390.7732238769531,406.0799865722656,411.1600036621094,406.0199890136719,410.5799865722656,97766700
2023-04-26,389.1180114746094,404.3599853515625,407.8399963378906,403.7799987792969,406.7200012207031,80447000
2023-04-27,396.8646240234375,412.4100036621094,412.69000244140625,406.739990234375,407.0,92968400
2023-04-28,400.2519226074219,415.9299926757813,415.94000244140625,411.4299926757813,411.489990234375,89433100
2023-05-01,399.8478088378906,415.510009765625,417.6199951171875,415.2699890136719,415.4700012207031,62122300
2023-05-02,395.3537902832031,410.8399963378906,414.8200073242187,407.8200073242187,414.7699890136719,103998500
2023-05-03,392.6400146484375,408.0199890136719,413.8699951171875,407.7699890136719,411.3599853515625,91531800
2023-05-04,389.8590393066406,405.1300048828125,407.2699890136719,403.739990234375,406.9299926757813,94901900
2023-05-05,397.0762634277344,412.6300048828125,413.7200012207031,408.6400146484375,408.9100036621094,87891800
2023-05-08,397.18218994140625,412.739990234375,413.239990234375,411.2799987792969,412.9700012207031,50046800
2023-05-09,395.4403991699219,410.9299926757813,412.0899963378906,410.69000244140625,411.1300048828125,49220100
2023-05-10,397.28802490234375,412.8500061035156,414.5400085449219,408.8699951171875,413.8800048828125,96142900
2023-05-11,396.5951843261719,412.1300048828125,412.4299926757813,409.9700012207031,411.9500122070313,70157100
2023-05-12,396.0755004882813,411.5899963378906,413.6400146484375,409.0700073242187,413.4200134277344,70481500
2023-05-15,397.4420166015625,413.010009765625,413.4299926757813,410.2300109863281,412.2200012207031,54289400
2023-05-16,394.7860107421875,410.25,412.8200073242187,410.239990234375,411.8599853515625,57705500
2023-05-17,399.5783386230469,415.2300109863281,415.8599853515625,410.6400146484375,412.3500061035156,87287000
2023-05-18,403.4275207519531,419.2300109863281,419.6700134277344,414.6700134277344,414.8999938964844,97177200
2023-05-19,402.8405151367187,418.6199951171875,420.7200012207031,417.3500061035156,420.1700134277344,103793300
2023-05-22,403.004150390625,418.7900085449219,420.3900146484375,417.3500061035156,418.6400146484375,60745400
2023-05-23,398.4812622070313,414.0899963378906,418.7200012207031,413.6799926757813,417.0799865722656,86383500
2023-05-24,395.5943603515625,411.0899963378906,412.8200073242187,409.8800048828125,412.4200134277344,89213700
2023-05-25,399.0201721191406,414.6499938964844,416.1600036621094,412.4100036621094,414.739990234375,90961600
2023-05-26,404.1878051757813,420.0199890136719,420.7699890136719,415.25,415.3299865722656,93830000
2023-05-30,404.34173583984375,420.1799926757813,422.5799865722656,418.739990234375,422.0299987792969,72216000
2023-05-31,402.0995788574219,417.8500061035156,419.2200012207031,416.2200012207031,418.2799987792969,110811800
2023-06-01,405.9198913574219,421.8200073242187,422.9200134277344,416.7900085449219,418.0899963378906,88865000
2023-06-02,411.7900085449219,427.9200134277344,428.739990234375,423.9500122070313,424.5,91426200
2023-06-05,411.0008544921875,427.1000061035156,429.6199951171875,426.3699951171875,428.2799987792969,65460200
2023-06-06,411.8958435058594,428.0299987792969,428.5799865722656,425.989990234375,426.6700134277344,64022200
2023-06-07,410.4715881347656,426.5499877929687,429.6199951171875,426.1099853515625,428.44000244140625,85373300
2023-06-08,412.9542846679687,429.1300048828125,429.6000061035156,425.8200073242187,426.6199951171875,61952800
2023-06-09,413.6953430175781,429.8999938964844,431.989990234375,428.8699951171875,429.9599914550781,85742800
2023-06-12,417.44830322265625,433.7999877929687,433.8800048828125,430.1700134277344,430.9200134277344,76104300
2023-06-13,420.2005615234375,436.6600036621094,437.3299865722656,434.6300048828125,435.3200073242187,95899700
2023-06-14,420.7009582519531,437.1799926757813,439.05999755859375,433.5899963378906,437.010009765625,100612100
2023-06-15,425.9166259765625,442.6000061035156,443.8999938964844,436.2300109863281,436.3299865722656,110303100
2023-06-16,424.4658203125,439.4599914550781,443.6099853515625,438.9700012207031,443.0199890136719,114165800
2023-06-20,422.2637023925781,437.1799926757813,438.3699951171875,435.0299987792969,437.4500122070313,76160400
2023-06-21,420.10003662109375,434.94000244140625,436.989990234375,434.3299865722656,436.1600036621094,76982300
2023-06-22,421.6165466308594,436.510009765625,436.6199951171875,433.6000061035156,433.9500122070313,70637200
2023-06-23,418.4290466308594,433.2099914550781,435.05999755859375,432.4700012207031,432.9299926757813,92074500
2023-06-26,416.7195129394531,431.44000244140625,434.6099853515625,431.19000244140625,432.6199951171875,72823600
2023-06-27,421.28814697265625,436.1700134277344,436.80999755859375,431.8800048828125,432.3500061035156,72813700
2023-06-28,421.5007019042969,436.3900146484375,437.44000244140625,434.4100036621094,435.0499877929687,75636000
2023-06-29,423.1619567871094,438.1099853515625,438.2799987792969,435.5400085449219,435.9599914550781,67882300
2023-06-30,428.155517578125,443.2799987792969,444.2999877929687,441.1099853515625,441.44000244140625,104964000
2023-07-03,428.6481018066406,443.7900085449219,444.0799865722656,442.6300048828125,442.9200134277344,32793400
2023-07-05,428.01068115234375,443.1300048828125,443.8900146484375,441.8999938964844,441.9100036621094,58418400
2023-07-06,424.6590576171875,439.6600036621094,440.1000061035156,437.05999755859375,439.4200134277344,80658300
2023-07-07,423.58685302734375,438.5499877929687,442.6400146484375,438.2999877929687,438.6300048828125,86134200
2023-07-10,424.6590576171875,439.6600036621094,439.8399963378906,437.5899963378906,438.1799926757813,62443500
2023-07-11,427.3634338378906,442.4599914550781,442.9700012207031,439.44000244140625,440.4500122070313,64463800
2023-07-12,430.8020629882813,446.0199890136719,447.4800109863281,444.9100036621094,446.3900146484375,91924500
2023-07-13,434.2212219238281,449.55999755859375,450.3800048828125,447.4500122070313,447.8999938964844,72425200
2023-07-14,433.9508056640625,449.2799987792969,451.3599853515625,448.489990234375,450.4800109863281,69815800
2023-07-17,435.45758056640625,450.8399963378906,451.9299926757813,449.0799865722656,449.1300048828125,52680200
2023-07-18,438.6933288574219,454.19000244140625,454.8599853515625,450.0499877929687,450.5,80668200
2023-07-19,439.6688537597656,455.2000122070313,456.4299926757813,454.1099853515625,455.010009765625,65891700
2023-07-20,436.7518615722656,452.1799926757813,455.1000061035156,451.44000244140625,454.1700134277344,70591600
2023-07-21,436.7518615722656,452.1799926757813,454.1700134277344,452.1700134277344,453.9599914550781,71275600
2023-07-24,438.7029724121094,454.2000122070313,455.0400085449219,452.2999877929687,453.3699951171875,54023400
2023-07-25,439.900634765625,455.44000244140625,456.739990234375,453.8699951171875,453.9200134277344,55191200
2023-07-26,439.96826171875,455.510009765625,456.989990234375,453.3800048828125,454.4700012207031,71052900
2023-07-27,437.0512390136719,452.489990234375,459.44000244140625,451.5499877929687,459.0199890136719,92194400
2023-07-28,441.3302307128906,456.9200134277344,457.7799987792969,452.489990234375,455.8800048828125,80011800
2023-07-31,442.17047119140625,457.7900085449219,458.1600036621094,456.0499877929687,457.4100036621094,62040400
2023-08-01,440.9051208496094,456.4800109863281,457.25,455.489990234375,456.2699890136719,55291500
2023-08-02,434.7717895507813,450.1300048828125,453.5199890136719,449.3500061035156,453.25,93933400
2023-08-03,433.52587890625,448.8399963378906,450.7900085449219,447.3699951171875,448.0400085449219,64276100
2023-08-04,431.5650634765625,446.80999755859375,452.8999938964844,446.2699890136719,450.7200012207031,100128900
2023-08-07,435.3320007324219,450.7099914550781,450.8699951171875,447.989990234375,448.7099914550781,58357500
2023-08-08,433.43890380859375,448.75,450.7000122070313,445.2699890136719,448.0799865722656,71361300
2023-08-09,430.5412902832031,445.75,449.2000122070313,444.9599914550781,449.0299987792969,78789600
2023-08-10,430.6957702636719,445.9100036621094,451.7000122070313,444.7000122070313,448.19000244140625,93005500
2023-08-11,430.4446411132813,445.6499938964844,446.7000122070313,443.3500061035156,443.9700012207031,68690900
2023-08-14,432.82073974609375,448.1099853515625,448.1099853515625,444.3800048828125,444.7000122070313,47867400
2023-08-15,427.77886962890625,442.8900146484375,446.6400146484375,442.2999877929687,446.2699890136719,75707500
2023-08-16,424.6397399902344,439.6400146484375,444.1799926757813,439.5299987792969,442.4599914550781,80107200
2023-08-17,421.4039916992187,436.2900085449219,441.4299926757813,435.75,441.1600036621094,95711300
2023-08-18,421.6068420410156,436.5,437.5700073242187,433.010009765625,433.3699951171875,98852000
2023-08-21,424.3499450683594,439.3399963378906,440.1099853515625,435.3200073242187,437.5499877929687,68719000
2023-08-22,423.2005920410156,438.1499938964844,441.1799926757813,437.5700073242187,441.1799926757813,64994200
2023-08-23,427.9140625,443.0299987792969,443.6700134277344,439.1000061035156,439.25,68441000
2023-08-24,421.9836120605469,436.8900146484375,445.2200012207031,436.8599853515625,444.69000244140625,88517300
2023-08-25,424.95843505859375,439.9700012207031,441.2999877929687,435.0,438.6799926757813,102325100
2023-08-28,427.65325927734375,442.760009765625,443.3999938964844,439.9700012207031,442.239990234375,61595400
2023-08-29,433.8348388671875,449.1600036621094,449.4500122070313,442.4599914550781,442.6499938964844,83081900
2023-08-30,435.6217651367187,451.010009765625,451.6700134277344,448.7799987792969,449.510009765625,69053900
2023-08-31,434.9843444824219,450.3500061035156,452.8299865722656,450.1600036621094,451.6499938964844,66084600
2023-09-01,435.7956848144531,451.19000244140625,453.6700134277344,449.6799926757813,453.1700134277344,58944100
2023-09-05,433.9122009277344,449.239990234375,451.05999755859375,449.1700134277344,450.7300109863281,55166200
2023-09-06,430.99517822265625,446.2200012207031,448.510009765625,443.80999755859375,448.3999938964844,70758500
2023-09-07,429.6719665527344,444.8500061035156,445.5499877929687,442.75,443.1099853515625,70355400
2023-09-08,430.319091796875,445.5199890136719,447.1099853515625,444.5299987792969,444.8999938964844,61659700
2023-09-11,433.1491394042969,448.4500122070313,448.7699890136719,446.4700012207031,448.239990234375,60180100
2023-09-12,430.7731018066406,445.989990234375,448.5299987792969,445.3900146484375,446.9500122070313,67565400
2023-09-13,431.2753601074219,446.510009765625,447.7099914550781,445.0799865722656,446.2200012207031,60199300
2023-09-14,434.9939575195313,450.3599853515625,451.0799865722656,447.7200012207031,449.0700073242187,83430800
2023-09-15,429.75299072265625,443.3699951171875,447.4800109863281,442.9200134277344,447.1400146484375,111848900
2023-09-18,430.0050659179687,443.6300048828125,444.9700012207031,442.55999755859375,443.0499877929687,55752200
2023-09-19,429.1132507324219,442.7099914550781,443.2900085449219,439.94000244140625,442.6799926757813,66514600
2023-09-20,425.1683044433594,438.6400146484375,444.44000244140625,438.4299926757813,444.010009765625,82562600
2023-09-21,418.1409912109375,431.3900146484375,435.9700012207031,431.2300109863281,435.7000122070313,104095800
2023-09-22,417.2007751464844,430.4200134277344,434.1000061035156,429.989990234375,432.4500122070313,100829700
2023-09-25,418.9551696777344,432.2300109863281,432.2699890136719,428.7200012207031,429.1700134277344,70874500
2023-09-26,412.8001403808594,425.8800048828125,429.8200073242187,425.0199890136719,429.0899963378906,96168400
2023-09-27,412.9649658203125,426.0499877929687,427.6700134277344,422.2900085449219,427.0899963378906,104705800
2023-09-28,415.3591003417969,428.5199890136719,430.25,424.8699951171875,425.4800109863281,92258300
2023-09-29,414.3510437011719,427.4800109863281,431.8500061035156,425.9100036621094,431.6700134277344,115111300
2023-10-02,414.186279296875,427.30999755859375,428.6000061035156,424.4599914550781,426.6199951171875,83798600
2023-10-03,408.6419067382813,421.5899963378906,427.3699951171875,420.1799926757813,425.05999755859375,103760600
2023-10-04,411.6176452636719,424.6600036621094,425.4299926757813,420.55999755859375,422.0700073242187,87453000
2023-10-05,411.4625549316406,424.5,425.3699951171875,421.1700134277344,424.3599853515625,70142700
2023-10-06,416.3477478027344,429.5400085449219,431.1300048828125,420.6000061035156,421.9700012207031,113273300
2023-10-09,419.0133361816406,432.2900085449219,432.8800048828125,427.010009765625,427.5799865722656,80374400
2023-10-10,421.1941833496094,434.5400085449219,437.2200012207031,432.5299987792969,432.94000244140625,78607300
2023-10-11,422.9195556640625,436.3200073242187,436.5799865722656,433.1799926757813,435.6400146484375,62451700
2023-10-12,420.34124755859375,433.6600036621094,437.3399963378906,431.2300109863281,436.9500122070313,81154200
2023-10-13,418.24755859375,431.5,436.4500122070313,429.8800048828125,435.2099914550781,95143100
2023-10-16,422.6481323242187,436.0400085449219,437.1400146484375,433.5700073242187,433.8200073242187,75433200
2023-10-17,422.6287231445313,436.0199890136719,438.1400146484375,432.4500122070313,432.80999755859375,75324700
2023-10-18,416.9971618652344,430.2099914550781,435.1799926757813,429.0899963378906,434.19000244140625,93559800
2023-10-19,413.333251953125,426.4299926757813,432.8200073242187,425.7300109863281,430.9500122070313,121323000
2023-10-20,408.2542419433594,421.19000244140625,426.5400085449219,421.0799865722656,425.9800109863281,123919900
2023-10-23,407.5466003417969,420.4599914550781,424.4500122070313,417.7999877929687,419.6099853515625,92035100
2023-10-24,410.6192626953125,423.6300048828125,424.8200073242187,420.739990234375,422.6499938964844,78564200
2023-10-25,404.72601318359375,417.5499877929687,421.9200134277344,417.0199890136719,421.8900146484375,94223200
2023-10-26,399.8795471191406,412.5499877929687,417.3299865722656,411.6000061035156,416.4500122070313,115156800
2023-10-27,398.0669860839844,410.6799926757813,414.6000061035156,409.2099914550781,414.19000244140625,107367700
2023-10-30,402.8262023925781,415.5899963378906,416.6799926757813,412.2200012207031,413.55999755859375,86562700
2023-10-31,405.3560485839844,418.2000122070313,418.5299987792969,414.2099914550781,416.1799926757813,79665200
2023-11-01,409.6790466308594,422.6600036621094,423.5,418.6499938964844,419.2000122070313,98068100
2023-11-02,417.5303039550781,430.760009765625,430.9200134277344,426.55999755859375,426.5799865722656,94938900
2023-11-03,421.339599609375,434.69000244140625,436.2900085449219,433.010009765625,433.1400146484375,100167800
2023-11-06,422.3088684082031,435.69000244140625,436.1499938964844,433.6799926757813,435.4700012207031,67831700
2023-11-07,423.5108337402344,436.9299926757813,437.5899963378906,434.510009765625,435.69000244140625,64256100
2023-11-08,423.8209228515625,437.25,438.0899963378906,434.8699951171875,437.5499877929687,61746000
2023-11-09,420.5157165527344,433.8399963378906,438.4700012207031,433.3999938964844,438.4299926757813,83174400
2023-11-10,427.0777587890625,440.6099853515625,440.9299926757813,433.8299865722656,435.9800109863281,89462200
2023-11-13,426.6706848144531,440.19000244140625,441.3299865722656,438.4200134277344,439.2300109863281,52236100
2023-11-14,434.9484252929687,448.7300109863281,450.05999755859375,446.0899963378906,446.3200073242187,97176900
2023-11-15,435.86920166015625,449.6799926757813,451.3800048828125,448.7999877929687,450.1099853515625,77327600
2023-11-16,436.4023132324219,450.2300109863281,450.55999755859375,448.1199951171875,449.2200012207031,66665800
2023-11-17,436.9450988769531,450.7900085449219,451.4200134277344,449.2900085449219,450.239990234375,83133200
2023-11-20,440.30859375,454.260009765625,455.1300048828125,450.5199890136719,450.5299987792969,69936200
2023-11-21,439.3489379882813,453.2699890136719,454.1300048828125,451.9599914550781,453.1799926757813,49244600
2023-11-22,441.0451965332031,455.0199890136719,456.3800048828125,453.8900146484375,454.9800109863281,59394900
2023-11-24,441.3165893554687,455.2999877929687,455.5,454.7300109863281,455.0700073242187,29737400
2023-11-27,440.5218505859375,454.4800109863281,455.489990234375,454.0799865722656,454.6499938964844,50506000
2023-11-28,440.9579162597656,454.9299926757813,456.2699890136719,453.5,454.0799865722656,62115000
2023-11-29,440.6477966308594,454.6099853515625,458.3200073242187,454.2000122070313,457.1499938964844,63146000
2023-11-30,442.38287353515625,456.3999938964844,456.760009765625,453.3399963378906,455.4800109863281,79752700
2023-12-01,444.9999084472656,459.1000061035156,459.6499938964844,455.1600036621094,455.7699890136719,89183400
2023-12-04,442.6639404296875,456.69000244140625,459.1199951171875,454.3399963378906,455.6000061035156,72430900
2023-12-05,442.5766906738281,456.6000061035156,457.5899963378906,454.8699951171875,455.260009765625,69793500
2023-12-06,440.793212890625,454.760009765625,458.8399963378906,454.30999755859375,458.80999755859375,69124700
2023-12-07,444.1565856933594,458.2300109863281,458.8999938964844,456.2900085449219,456.9100036621094,66995400
2023-12-08,446.0661315917969,460.2000122070313,460.75,457.2099914550781,457.4599914550781,83194400
2023-12-11,447.8011169433594,461.989990234375,462.1700134277344,459.4700012207031,459.69000244140625,65002200
2023-12-12,449.8463745117187,464.1000061035156,464.2000122070313,460.6000061035156,461.6300048828125,68327600
2023-12-13,456.0497741699219,470.5,470.760009765625,464.1199951171875,464.489990234375,93278000
2023-12-14,457.513427734375,472.010009765625,473.7300109863281,469.25,472.5,119026000
2023-12-15,456.7601013183594,469.3299865722656,470.7000122070313,467.4299926757813,469.489990234375,141553700
2023-12-18,459.3294067382813,471.9700012207031,472.9800109863281,469.8900146484375,470.9800109863281,70375300
2023-12-19,462.12255859375,474.8399963378906,474.9200134277344,472.4500122070313,472.5299987792969,55761800
2023-12-20,455.71881103515625,468.260009765625,475.8999938964844,467.8200073242187,473.9599914550781,102921000
2023-12-21,460.0399169921875,472.7000122070313,472.9800109863281,468.8399963378906,471.3299865722656,86667500
2023-12-22,460.9643859863281,473.6499938964844,475.3800048828125,471.7000122070313,473.8599853515625,67160400
2023-12-26,462.910888671875,475.6499938964844,476.5799865722656,473.989990234375,474.0700073242187,55387000
2023-12-27,463.7478637695313,476.510009765625,476.6600036621094,474.8900146484375,475.44000244140625,68000300
2023-12-28,463.9230041503906,476.69000244140625,477.5499877929687,476.260009765625,476.8800048828125,77158100
2023-12-29,462.58001708984375,475.30999755859375,477.0299987792969,473.2999877929687,476.489990234375,122283100
2024-01-02,459.9912109375,472.6499938964844,473.6700134277344,470.489990234375,472.1600036621094,123623700
2024-01-03,456.234619140625,468.7900085449219,471.19000244140625,468.1700134277344,470.4299926757813,103585900
2024-01-04,454.7650146484375,467.2799987792969,470.9599914550781,467.0499877929687,468.2999877929687,84232200
2024-01-05,455.3879089355469,467.9200134277344,470.44000244140625,466.4299926757813,467.489990234375,86118900
2024-01-08,461.8889770507813,474.6000061035156,474.75,468.2999877929687,468.4299926757813,74879100
2024-01-09,461.1882934570313,473.8800048828125,474.9299926757813,471.3500061035156,471.8699951171875,65931400
2024-01-10,463.7965087890625,476.55999755859375,477.4500122070313,473.8699951171875,474.1600036621094,67310600
2024-01-11,463.5921020507813,476.3500061035156,478.1199951171875,472.260009765625,477.5899963378906,77940700
2024-01-12,463.9132690429687,476.6799926757813,478.6000061035156,475.2300109863281,477.8399963378906,58026400
2024-01-16,462.210205078125,474.9299926757813,476.6099853515625,473.05999755859375,475.260009765625,85014900
2024-01-17,459.640869140625,472.2900085449219,472.7900085449219,469.8699951171875,471.8200073242187,68843900
2024-01-18,463.7283935546875,476.489990234375,477.05999755859375,472.4200134277344,474.010009765625,91856200
2024-01-19,469.5093078613281,482.4299926757813,482.7200012207031,476.5400085449219,477.6499938964844,110834500
2024-01-22,470.5019836425781,483.4500122070313,485.2200012207031,482.7799987792969,484.010009765625,75844900
2024-01-23,471.8742065429687,484.8599853515625,485.1099853515625,482.8900146484375,484.010009765625,49945300
2024-01-24,472.3900146484375,485.3900146484375,488.7699890136719,484.8800048828125,487.80999755859375,81765000
2024-01-25,474.9593200683594,488.0299987792969,488.30999755859375,485.3900146484375,487.5799865722656,72525000
2024-01-26,474.35589599609375,487.4100036621094,489.1199951171875,486.5400085449219,487.5899963378906,76641600
2024-01-29,478.112548828125,491.2699890136719,491.4200134277344,487.1700134277344,487.7300109863281,61322800
2024-01-30,477.7427062988281,490.8900146484375,491.6199951171875,490.1099853515625,490.55999755859375,58618400
2024-01-31,469.9472351074219,482.8800048828125,489.0799865722656,482.8599853515625,488.6199951171875,126011100
2024-02-01,476.0979614257813,489.2000122070313,489.2300109863281,483.7999877929687,484.6300048828125,91891600
2024-02-02,481.1100463867187,494.3500061035156,496.0499877929687,489.2999877929687,489.6499938964844,99228200
2024-02-05,479.3581848144531,492.5499877929687,494.3800048828125,490.2300109863281,493.7000122070313,75757100
2024-02-06,480.7499694824219,493.9800109863281,494.3200073242187,492.0499877929687,493.5199890136719,55918600
2024-02-07,484.7596130371094,498.1000061035156,498.5299987792969,495.3599853515625,496.2900085449219,70556500
2024-02-08,484.97369384765625,498.3200073242187,498.7099914550781,497.260009765625,498.1000061035156,52343600
2024-02-09,487.7765502929687,501.2000122070313,501.6499938964844,498.489990234375,498.8399963378906,63979400
2024-02-12,487.56243896484375,500.9800109863281,503.5,500.239990234375,501.1700134277344,56502300
2024-02-13,480.8472900390625,494.0799865722656,497.0899963378906,490.7200012207031,494.5299987792969,113099200
2024-02-14,485.2169799804687,498.5700073242187,499.0700073242187,494.3999938964844,496.7900085449219,68387800
2024-02-15,488.56488037109375,502.010009765625,502.2000122070313,498.7999877929687,499.2900085449219,61683000
2024-02-16,486.1318359375,499.510009765625,502.8699951171875,498.75,501.7000122070313,75532900
2024-02-20,483.45550537109375,496.760009765625,498.4100036621094,494.4500122070313,497.7200012207031,71736700
2024-02-21,483.89349365234375,497.2099914550781,497.3699951171875,493.55999755859375,495.4200134277344,59293400
2024-02-22,493.9078369140625,507.5,508.489990234375,503.0199890136719,504.010009765625,76402500
2024-02-23,494.24847412109375,507.8500061035156,510.1300048828125,507.1000061035156,509.2699890136719,61321800
2024-02-26,492.438232421875,505.989990234375,508.75,505.8599853515625,508.2999877929687,50386700
2024-02-27,493.3531188964844,506.9299926757813,507.1600036621094,504.75,506.7000122070313,48854500
2024-02-28,492.7010192871094,506.260009765625,506.8599853515625,504.9599914550781,505.3299865722656,56506600
2024-02-29,494.4723205566406,508.0799865722656,509.739990234375,505.3500061035156,508.0700073242187,83924800
2024-03-01,499.1145324707031,512.8499755859375,513.2899780273438,508.55999755859375,508.9800109863281,76844800
2024-03-04,498.5793151855469,512.2999877929688,514.2000122070312,512.0,512.030029296875,49799300
2024-03-05,493.596435546875,507.1799926757813,510.7000122070313,504.9100036621094,510.239990234375,72855600
2024-03-06,496.0975341796875,509.75,512.0700073242188,508.4200134277344,510.5499877929687,68382400
2024-03-07,501.02203369140625,514.8099975585938,515.8900146484375,509.80999755859375,513.1400146484375,58652100
2024-03-08,498.0148010253906,511.7200012207031,518.219970703125,511.1300048828125,515.4600219726562,86532500
2024-03-11,497.5865783691406,511.2799987792969,511.8800048828125,508.5,510.4800109863281,62557200
2024-03-12,502.9392700195313,516.780029296875,517.3800048828125,510.8599853515625,513.4500122070312,73114400
2024-03-13,502.1509704589844,515.969970703125,517.2899780273438,514.489990234375,517.1099853515625,55104100
2024-03-14,501.1583557128906,514.9500122070312,517.1300048828125,511.8200073242187,516.969970703125,110171800
2024-03-15,497.7170715332031,509.8299865722656,511.7000122070313,508.1199951171875,510.2099914550781,107646300
2024-03-18,500.6751098632813,512.8599853515625,515.47998046875,512.4400024414062,514.0,88893300
2024-03-19,503.4574279785156,515.7100219726562,516.0,511.1199951171875,512.1500244140625,60755300
2024-03-20,508.114013671875,520.47998046875,520.6199951171875,515.0800170898438,515.77001953125,69594600
2024-03-21,509.7931518554687,522.2000122070312,524.1099853515625,521.9099731445312,523.3900146484375,60256100
2024-03-22,508.8266906738281,521.2100219726562,522.6099853515625,520.969970703125,522.1099853515625,79070800
2024-03-25,507.42095947265625,519.77001953125,520.9500122070312,519.6099853515625,519.7999877929688,48512100
2024-03-26,506.4836730957031,518.8099975585938,521.5800170898438,518.4000244140625,521.22998046875,65463700
2024-03-27,510.7401123046875,523.1699829101562,523.2100219726562,519.489990234375,521.7100219726562,82999800
2024-03-28,510.64251708984375,523.0700073242188,524.6099853515625,522.780029296875,523.2100219726562,96294900
2024-04-01,509.7539978027344,522.1599731445312,524.3800048828125,520.969970703125,523.8300170898438,62477500
2024-04-02,506.5130310058594,518.8400268554688,518.97998046875,516.47998046875,518.239990234375,74230300
2024-04-03,507.0694274902344,519.4099731445312,520.9500122070312,517.6699829101562,517.719970703125,59155800
2024-04-04,500.880126953125,513.0700073242188,523.8699951171875,512.760009765625,523.52001953125,96858100
2024-04-05,506.1127014160156,518.4299926757812,520.4400024414062,514.010009765625,514.4600219726562,74546500
2024-04-08,506.3958129882813,518.719970703125,520.1799926757812,517.8900146484375,519.1500244140625,48401800
2024-04-09,506.98150634765625,519.3200073242188,520.75,514.3499755859375,520.5,68049200
2024-04-10,501.9051818847656,514.1199951171875,516.1599731445312,512.0900268554688,513.47998046875,82652800
2024-04-11,505.6929931640625,518.0,519.47998046875,512.0800170898438,515.6799926757812,70099000
2024-04-12,498.7127990722656,510.8500061035156,515.8200073242188,509.0799865722656,514.3699951171875,92561100
2024-04-15,492.4648742675781,504.4500122070313,515.2999877929688,503.5799865722656,515.1300048828125,92101400
2024-04-16,491.5667724609375,503.5299987792969,506.5,502.2099914550781,504.94000244140625,73484000
2024-04-17,488.6575622558594,500.5499877929687,506.2200012207031,499.1199951171875,506.0499877929687,75910300
2024-04-18,487.6519775390625,499.5199890136719,504.1300048828125,498.55999755859375,501.9800109863281,74548100
2024-04-19,483.3956298828125,495.1600036621094,500.4599914550781,493.8599853515625,499.44000244140625,102212600
2024-04-22,487.8473205566406,499.7200012207031,502.3800048828125,495.4299926757813,497.8299865722656,67961000
2024-04-23,493.6363830566406,505.6499938964844,506.0899963378906,499.5299987792969,501.7799987792969,64633600
2024-04-24,493.402099609375,505.4100036621094,507.3699951171875,503.1300048828125,506.55999755859375,55928100
2024-04-25,491.5276794433594,503.489990234375,504.2699890136719,497.489990234375,499.1799926757813,69122400
2024-04-26,496.1844177246094,508.260009765625,509.8800048828125,505.7000122070313,506.3500061035156,64306100
2024-04-29,497.9416198730469,510.05999755859375,510.75,507.25,510.0899963378906,46415400
2024-04-30,490.0535888671875,501.9800109863281,509.55999755859375,501.9800109863281,508.55999755859375,77483600
2024-05-01,488.4622802734375,500.3500061035156,508.19000244140625,499.8699951171875,501.3800048828125,80242800
2024-05-02,493.0310974121094,505.0299987792969,505.8900146484375,499.5499877929687,504.1499938964844,62550200
2024-05-03,499.1423950195313,511.2900085449219,512.5499877929688,508.55999755859375,511.1600036621094,72756700
2024-05-06,504.29693603515625,516.5700073242188,516.6099853515625,513.2999877929688,513.75,47264700
2024-05-07,504.85345458984375,517.1400146484375,518.5700073242188,516.4500122070312,517.5599975585938,52561300
2024-05-08,504.9022521972656,517.1900024414062,517.739990234375,515.1400146484375,515.260009765625,42047200
2024-05-09,507.8113403320313,520.1699829101562,520.2100219726562,516.7100219726562,517.3800048828125,43643700
2024-05-10,508.4655151367187,520.8400268554688,522.6400146484375,519.5900268554688,521.8099975585938,52233200
2024-05-13,508.5338745117187,520.9099731445312,522.6699829101562,519.739990234375,522.5599975585938,36716400
2024-05-14,510.8670654296875,523.2999877929688,523.8300170898438,520.5599975585938,521.1099853515625,57535900
2024-05-15,517.1931762695312,529.780029296875,530.0800170898438,525.1799926757812,525.8300170898438,59504900
2024-05-16,516.1290283203125,528.6900024414062,531.52001953125,528.5399780273438,529.8800048828125,50244800
2024-05-17,516.8709716796875,529.4500122070312,529.52001953125,527.3200073242188,528.8099975585938,59187600
2024-05-20,517.4664306640625,530.0599975585938,531.5599975585938,529.1699829101562,529.5700073242188,37764200
2024-05-21,518.7355346679688,531.3599853515625,531.52001953125,529.0700073242188,529.280029296875,33437000
2024-05-22,517.2418823242188,529.8300170898438,531.3800048828125,527.5999755859375,530.6500244140625,48390000
2024-05-23,513.4638061523438,525.9600219726562,533.0700073242188,524.719970703125,532.9600219726562,57211200
2024-05-24,516.8612060546875,529.4400024414062,530.27001953125,526.8800048828125,527.8499755859375,41291100
2024-05-28,517.2223510742188,529.8099975585938,530.510009765625,527.1099853515625,530.27001953125,36269600
2024-05-29,513.6004638671875,526.0999755859375,527.3099975585938,525.3699951171875,525.6799926757812,45190300
2024-05-30,510.1935119628906,522.6099853515625,525.2000122070312,521.3300170898438,524.52001953125,46377600
2024-05-31,514.84033203125,527.3699951171875,527.5,518.3599853515625,523.5900268554688,90785800
2024-06-03,515.2601318359375,527.7999877929688,529.3099975585938,522.5999755859375,529.02001953125,46835700
2024-06-04,515.8361206054688,528.3900146484375,529.1500244140625,524.9600219726562,526.4600219726562,34632700
2024-06-05,521.9669189453125,534.6699829101562,534.6900024414062,528.72998046875,530.77001953125,47610400
2024-06-06,521.95703125,534.6599731445312,535.4199829101562,532.6799926757812,534.97998046875,30808500
2024-06-07,521.3225708007812,534.010009765625,536.8900146484375,532.5399780273438,533.6599731445312,43224500
2024-06-10,522.9332885742188,535.6599731445312,535.989990234375,532.5700073242188,533.1799926757812,35686100
2024-06-11,524.1926879882812,536.9500122070312,537.010009765625,532.0499877929688,534.0700073242188,36383400
2024-06-12,528.4979858398438,541.3599853515625,544.1199951171875,540.2999877929688,541.6300048828125,63251300
2024-06-13,529.5621337890625,542.4500122070312,543.3300170898438,539.5900268554688,543.1500244140625,44760900
2024-06-14,529.8842163085938,542.780029296875,542.8099975585938,539.8499755859375,540.8800048828125,40089900
2024-06-17,534.1015625,547.0999755859375,548.530029296875,541.6099853515625,542.0800170898438,55839500
2024-06-18,535.4586181640625,548.489990234375,548.6199951171875,546.72998046875,547.1599731445312,41376400
2024-06-20,534.00390625,547.0,550.1199951171875,545.1799926757812,549.4400024414062,70328200
2024-06-21,533.2880859375,544.510009765625,545.6500244140625,543.02001953125,544.4000244140625,64338600
2024-06-24,531.554443359375,542.739990234375,546.9500122070312,542.6199951171875,544.3300170898438,45528700
2024-06-25,533.6015014648438,544.8300170898438,545.2000122070312,542.4400024414062,543.989990234375,37936200
2024-06-26,534.2675170898438,545.510009765625,546.239990234375,543.030029296875,543.6900024414062,38550600
2024-06-27,535.109619140625,546.3699951171875,546.9600219726562,544.6099853515625,545.3699951171875,35041500
2024-06-28,533.0040283203125,544.219970703125,550.280029296875,542.9500122070312,547.1599731445312,76144500
2024-07-01,534.1009521484375,545.3400268554688,545.8800048828125,542.52001953125,545.6300048828125,40297800
2024-07-02,537.6953125,549.010009765625,549.010009765625,543.6500244140625,543.7000122070312,40434800
2024-07-03,540.0947265625,551.4600219726562,551.8300170898438,548.6500244140625,548.6900024414062,32789900
2024-07-05,543.2092895507812,554.6400146484375,555.0499877929688,551.1199951171875,551.77001953125,41488400
2024-07-08,543.8360595703125,555.280029296875,556.25,554.1900024414062,555.4400024414062,36110500
2024-07-09,544.3649291992188,555.8200073242188,557.1799926757812,555.52001953125,556.260009765625,27289700
2024-07-10,549.7516479492188,561.3200073242188,561.6699829101562,556.77001953125,557.0700073242188,38701200
2024-07-11,545.0113525390625,556.47998046875,562.3300170898438,555.8300170898438,561.4400024414062,53054200
2024-07-12,548.448974609375,559.989990234375,563.6699829101562,557.1500244140625,557.6300048828125,53084400
2024-07-15,549.957275390625,561.530029296875,564.8400268554688,559.6300048828125,562.030029296875,40584300
2024-07-16,553.2185668945312,564.8599853515625,565.1599731445312,562.0999755859375,562.8699951171875,36475300
2024-07-17,545.4618530273438,556.9400024414062,560.510009765625,556.6099853515625,558.7999877929688,57119000
2024-07-18,541.2699584960938,552.6599731445312,559.52001953125,550.4299926757812,558.510009765625,56270400
2024-07-19,537.67578125,548.989990234375,554.0800170898438,547.9099731445312,552.4199829101562,65509100
2024-07-22,543.2190551757812,554.6500244140625,555.27001953125,551.02001953125,553.0,43346700
2024-07-23,542.3670043945312,553.780029296875,556.739990234375,553.280029296875,554.5399780273438,34439600
2024-07-24,530.0755615234375,541.22998046875,549.1699829101562,540.2899780273438,548.8599853515625,74515300
2024-07-25,527.313720703125,538.4099731445312,547.4600219726562,537.4500122070312,541.3499755859375,61158300
2024-07-26,533.2194213867188,544.4400024414062,547.1900024414062,541.489990234375,542.280029296875,53763800
2024-07-29,533.532958984375,544.760009765625,547.0499877929688,542.719970703125,546.02001953125,39515800
2024-07-30,530.829833984375,542.0,547.3400268554688,538.52001953125,546.260009765625,46853600
2024-07-31,539.4581909179688,550.8099975585938,553.5,547.5800170898438,548.97998046875,65663400
2024-08-01,531.8189086914062,543.010009765625,554.8699951171875,539.4299926757812,552.5700073242188,76428700
2024-08-02,521.9172973632812,532.9000244140625,536.989990234375,528.5999755859375,535.75,82789100
2024-08-05,506.7171020507813,517.3800048828125,523.5800170898438,510.2699890136719,511.6400146484375,146267400
2024-08-06,511.3889465332031,522.1500244140625,529.75,517.8699951171875,519.219970703125,84826300
2024-08-07,507.97076416015625,518.6599731445312,531.5900268554688,518.0499877929688,528.469970703125,70698300
2024-08-08,519.7136840820312,530.6500244140625,531.2899780273438,521.8400268554688,523.9099731445312,63276600
2024-08-09,522.0054321289062,532.989990234375,534.510009765625,528.5599975585938,529.8099975585938,45619600
2024-08-12,522.2797241210938,533.27001953125,535.72998046875,530.9500122070312,534.2100219726562,42542100
2024-08-13,530.8689575195312,542.0399780273438,542.280029296875,536.280029296875,536.530029296875,52333100
2024-08-14,532.5436401367188,543.75,544.9600219726562,540.1199951171875,542.8499755859375,42446900
2024-08-15,541.6716918945312,553.0700073242188,553.3599853515625,548.8800048828125,549.5,60846800
2024-08-16,542.8861083984375,554.3099975585938,555.02001953125,551.260009765625,551.4199829101562,44430700
2024-08-19,548.0768432617188,559.6099853515625,559.6099853515625,553.8599853515625,554.72998046875,39121800
2024-08-20,547.1856689453125,558.7000122070312,560.8400268554688,557.3300170898438,559.1500244140625,33732300
2024-08-21,549.0659790039062,560.6199951171875,562.1099853515625,554.72998046875,559.77001953125,41514600
2024-08-22,544.7566528320312,556.219970703125,563.1799926757812,554.97998046875,562.5599975585938,56121500
2024-08-23,550.544921875,562.1300048828125,563.0900268554688,557.2899780273438,559.530029296875,50639400
2024-08-26,549.2325439453125,560.7899780273438,563.9099731445312,559.0499877929688,563.1799926757812,35788600
2024-08-27,549.9866943359375,561.5599975585938,562.0599975585938,558.3200073242188,559.489990234375,32693900
2024-08-28,546.7938232421875,558.2999877929688,561.6500244140625,555.0399780273438,561.2100219726562,41066000
2024-08-29,546.8428344726562,558.3499755859375,563.6799926757812,557.1799926757812,560.3099975585938,38715200
2024-08-30,552.0629272460938,563.6799926757812,564.2000122070312,557.1400146484375,560.77001953125,62700100
2024-09-03,540.7019653320312,552.0800170898438,560.8099975585938,549.510009765625,560.469970703125,60600100
2024-09-04,539.5953369140625,550.9500122070312,554.4299926757812,549.4600219726562,550.2000122070312,47224900
2024-09-05,538.2828979492188,549.6099853515625,553.7999877929688,547.0999755859375,550.8900146484375,44264300
2024-09-06,529.2234497070312,540.3599853515625,551.5999755859375,539.4400024414062,549.9400024414062,68493800
2024-09-09,535.1488037109375,546.4099731445312,547.7100219726562,542.6799926757812,544.6500244140625,40445800
2024-09-10,537.479736328125,548.7899780273438,549.1500244140625,543.3800048828125,548.3599853515625,36394600
2024-09-11,542.9937744140625,554.4199829101562,555.3599853515625,539.9600219726562,548.7000122070312,75248600
2024-09-12,547.5675659179688,559.0900268554688,559.4000244140625,552.739990234375,555.010009765625,51819600
2024-09-13,550.4273681640625,562.010009765625,563.030029296875,559.4500122070312,559.7100219726562,39310500
2024-09-16,551.2403564453125,562.8400268554688,563.1099853515625,559.9000244140625,561.739990234375,36656100
2024-09-17,551.465576171875,563.0700073242188,566.5800170898438,560.7899780273438,565.0999755859375,49321000
2024-09-18,549.8299560546875,561.4000244140625,568.6900024414062,560.8300170898438,563.739990234375,59044900
2024-09-19,559.2125244140625,570.97998046875,572.8800048828125,568.0800170898438,571.010009765625,75315500
2024-09-20,558.245849609375,568.25,569.3099975585938,565.1699829101562,567.8400268554688,77503100
2024-09-23,559.6408081054688,569.6699829101562,570.3300170898438,568.0999755859375,569.3400268554688,44116900
2024-09-24,561.2420654296875,571.2999877929688,571.3599853515625,567.5999755859375,570.47998046875,46805700
2024-09-25,560.0043334960938,570.0399780273438,571.8900146484375,568.9099731445312,571.1400146484375,38428600
2024-09-26,562.2244873046875,572.2999877929688,574.7100219726562,569.9000244140625,574.3800048828125,48336000
2024-09-27,561.4090576171875,571.469970703125,574.219970703125,570.4199829101562,573.3900146484375,42100900
2024-09-30,563.6588134765625,573.760009765625,574.3800048828125,568.0800170898438,570.4199829101562,63557400
2024-10-01,558.6092529296875,568.6199951171875,574.0599975585938,566.0,573.4000244140625,72668800
2024-10-02,558.8450317382812,568.8599853515625,569.9000244140625,565.27001953125,567.7100219726562,38097800
2024-10-03,557.8234252929688,567.8200073242188,569.7999877929688,565.489990234375,567.3599853515625,40846500
2024-10-04,562.8924560546875,572.97998046875,573.3599853515625,568.0999755859375,572.3499755859375,42939100
2024-10-07,557.8037719726562,567.7999877929688,571.9600219726562,566.6300048828125,571.2999877929688,49964700
2024-10-08,563.0791625976562,573.1699829101562,573.780029296875,569.530029296875,570.4199829101562,37398700
2024-10-09,566.9793090820312,577.1400146484375,577.7100219726562,572.5499877929688,573.1599731445312,37912200
2024-10-10,565.987060546875,576.1300048828125,577.5800170898438,574.489990234375,575.77001953125,44138100
2024-10-11,569.3764038085938,579.5800170898438,580.3300170898438,575.9099731445312,576.0499877929688,42268000
2024-10-14,574.0328369140625,584.3200073242188,585.27001953125,580.72998046875,581.219970703125,36217200
2024-10-15,569.5728759765625,579.780029296875,584.9000244140625,578.5399780273438,584.5900268554688,54203600
2024-10-16,572.0484619140625,582.2999877929688,582.8300170898438,578.9600219726562,579.780029296875,30725400
2024-10-17,572.0975341796875,582.3499755859375,586.1199951171875,582.1599731445312,585.9099731445312,34393700
2024-10-18,574.2981567382812,584.5900268554688,585.3900146484375,582.5800170898438,584.0700073242188,37416800
2024-10-21,573.3551025390625,583.6300048828125,584.8499755859375,580.5999755859375,583.8499755859375,36439000
2024-10-22,573.050537109375,583.3200073242188,584.5,580.3800048828125,581.0499877929688,34183800
2024-10-23,567.8142700195312,577.989990234375,581.7100219726562,574.4199829101562,581.260009765625,49314600
2024-10-24,569.0422973632812,579.239990234375,580.0599975585938,576.5700073242188,579.97998046875,34979900
2024-10-25,568.8458251953125,579.0399780273438,584.4600219726562,578.0800170898438,581.510009765625,47268200
2024-10-28,570.6043701171875,580.8300170898438,582.7100219726562,580.52001953125,582.5800170898438,30174700
2024-10-29,571.52783203125,581.77001953125,582.9099731445312,578.4299926757812,579.8499755859375,42899700
2024-10-30,569.798828125,580.010009765625,583.3200073242188,579.2899780273438,581.2899780273438,41435800
2024-10-31,558.6289672851562,568.6400146484375,575.6300048828125,568.4400024414062,575.5599975585938,60182500
2024-11-01,560.9866943359375,571.0399780273438,575.5499877929688,570.6199951171875,571.3200073242188,45667500
2024-11-04,559.7783813476562,569.8099975585938,572.5,567.8900146484375,571.1799926757812,38217000
2024-11-05,566.5469970703125,576.7000122070312,576.739990234375,570.52001953125,570.739990234375,39478300
2024-11-06,580.6345825195312,591.0399780273438,591.9299926757812,585.3900146484375,589.2000122070312,68182000
2024-11-07,585.1241455078125,595.6099853515625,596.6500244140625,593.0,593.0800170898438,47233200
2024-11-08,587.6588134765625,598.1900024414062,599.6400146484375,596.1699829101562,596.1699829101562,46444900
2024-11-11,588.2186889648438,598.760009765625,600.1699829101562,597.0,599.8099975585938,37586800
2024-11-12,586.3914794921875,596.9000244140625,599.2899780273438,594.3699951171875,598.6799926757812,43006100
2024-11-13,586.6763305664062,597.1900024414062,599.22998046875,594.9600219726562,597.3699951171875,47388600
2024-11-14,582.9039306640625,593.3499755859375,597.8099975585938,592.6500244140625,597.3200073242188,38904100
2024-11-15,575.437744140625,585.75,590.2000122070312,583.8599853515625,589.719970703125,75988800
2024-11-18,577.7954711914062,588.1500244140625,589.489990234375,585.3400268554688,586.219970703125,37001700
2024-11-19,579.90771484375,590.2999877929688,591.0399780273438,584.030029296875,584.7100219726562,49412000
2024-11-20,580.1041259765625,590.5,590.7899780273438,584.6300048828125,590.3800048828125,50032600
2024-11-21,583.2183227539062,593.6699829101562,595.1199951171875,587.4500122070312,593.4000244140625,46750300
2024-11-22,585.02587890625,595.510009765625,596.1500244140625,593.1500244140625,593.6599731445312,38226400
2024-11-25,587.0104370117188,597.530029296875,600.8599853515625,595.2000122070312,599.52001953125,42441400
2024-11-26,590.0755004882812,600.6500244140625,601.3300170898438,598.0700073242188,598.7999877929688,45621300
2024-11-27,588.2874145507812,598.8300170898438,600.8499755859375,597.280029296875,600.4600219726562,34000200
2024-11-29,591.9419555664062,602.5499877929688,603.3499755859375,599.3800048828125,599.6599731445312,30177400
2024-12-02,593.0029296875,603.6300048828125,604.3200073242188,602.469970703125,602.969970703125,31746000
2024-12-03,593.2779541015625,603.9099731445312,604.1599731445312,602.3400268554688,603.3900146484375,26906600
2024-12-04,596.9619140625,607.6599731445312,607.9099731445312,604.9500122070312,605.6300048828125,42787600
2024-12-05,595.9796752929688,606.6599731445312,608.47998046875,606.2999877929688,607.6599731445312,28762200
2024-12-06,597.1093139648438,607.8099975585938,609.0700073242188,607.02001953125,607.4400024414062,31241500
2024-12-09,594.0344848632812,604.6799926757812,607.8599853515625,604.0800170898438,607.6900024414062,34742700
2024-12-10,592.1875610351562,602.7999877929688,605.7999877929688,602.1300048828125,605.3699951171875,37234500
2024-12-11,596.7655639648438,607.4600219726562,608.4299926757812,605.5,605.780029296875,28677700
2024-12-12,593.690673828125,604.3300170898438,607.1599731445312,604.3300170898438,606.5800170898438,31543800
2024-12-13,593.57275390625,604.2100219726562,607.1300048828125,602.8099975585938,606.4000244140625,35904700
2024-12-16,596.1072998046875,606.7899780273438,607.780029296875,605.2100219726562,606.0,43695200
2024-12-17,593.6513671875,604.2899780273438,605.1699829101562,602.8900146484375,604.1900024414062,55773500
2024-12-18,575.9584350585938,586.280029296875,606.4099731445312,585.8900146484375,603.97998046875,108248700
2024-12-19,575.781494140625,586.0999755859375,593.0,585.8499755859375,591.3599853515625,85919500
2024-12-20,582.6973266601562,591.1500244140625,595.75,580.9099731445312,581.77001953125,125716700
2024-12-23,586.1866455078125,594.6900024414062,595.2999877929688,587.6599731445312,590.8900146484375,57635800
2024-12-24,592.7020263671875,601.2999877929688,601.3400268554688,595.469970703125,596.0599975585938,33160100
2024-12-26,592.7416381835938,601.3400268554688,602.47998046875,598.0800170898438,599.5,41219100
2024-12-27,586.5020141601562,595.010009765625,597.780029296875,590.760009765625,597.5399780273438,64969300
2024-12-30,579.8091430664062,588.219970703125,591.739990234375,584.4099731445312,587.8900146484375,56578800
2024-12-31,577.69970703125,586.0800170898438,590.6400146484375,584.4199829101562,589.9099731445312,57052700
2025-01-02,576.2803344726562,584.6400146484375,591.1300048828125,580.5,589.3900146484375,50204000
2025-01-03,583.48583984375,591.9500122070312,592.5999755859375,586.4299926757812,587.530029296875,37888500
2025-01-06,586.8469848632812,595.3599853515625,599.7000122070312,593.5999755859375,596.27001953125,47679400
2025-01-07,580.2132568359375,588.6300048828125,597.75,586.780029296875,597.4199829101562,60393100
2025-01-08,581.0609741210938,589.489990234375,590.5800170898438,585.2000122070312,588.7000122070312,47304700
2025-01-10,572.1895751953125,580.489990234375,585.9500122070312,578.5499877929688,585.8800048828125,73105000
2025-01-13,573.0768432617188,581.3900146484375,581.75,575.3499755859375,575.77001953125,47910100
2025-01-14,573.8652954101562,582.1900024414062,585.0,578.3499755859375,584.3599853515625,48420600
2025-01-15,584.3040161132812,592.780029296875,593.9400024414062,589.2000122070312,590.3300170898438,56900200
2025-01-16,583.1802368164062,591.6400146484375,594.3499755859375,590.9299926757812,594.1699829101562,43319700
2025-01-17,589.035400390625,597.5800170898438,599.3599853515625,595.6099853515625,596.9600219726562,58070600
2025-01-21,594.4270629882812,603.0499877929688,603.0599975585938,598.6699829101562,600.6699829101562,42532900
2025-01-22,597.7686157226562,606.4400024414062,607.8200073242188,605.3599853515625,605.9199829101562,48196000
2025-01-23,601.03125,609.75,609.75,605.52001953125,605.7999877929688,41152100
2025-01-24,599.2766723632812,607.969970703125,610.780029296875,606.7999877929688,609.8099975585938,34604700
2025-01-27,590.7996826171875,599.3699951171875,599.6900024414062,594.6400146484375,594.8099975585938,70361100
2025-01-28,595.8761596679688,604.52001953125,605.3699951171875,597.25,600.6199951171875,44433300
2025-01-29,593.2048950195312,601.8099975585938,604.1300048828125,599.219970703125,603.719970703125,37177400
2025-01-30,596.3886108398438,605.0399780273438,606.5999755859375,600.719970703125,603.9600219726562,39281300
2025-01-31,593.214599609375,601.8200073242188,609.9600219726562,601.0499877929688,607.5,66566900
2025-02-03,589.2225341796875,597.77001953125,600.2899780273438,590.489990234375,592.6699829101562,65857200
2025-02-04,593.1752319335938,601.780029296875,602.2999877929688,597.280029296875,597.8300170898438,33457800
2025-02-05,595.580322265625,604.219970703125,604.3699951171875,598.5800170898438,600.6400146484375,30653100
2025-02-06,597.650390625,606.3200073242188,606.4500122070312,602.6300048828125,605.989990234375,35771500
2025-02-07,592.1797485351562,600.77001953125,608.1300048828125,600.0499877929688,606.8900146484375,50788500
2025-02-10,596.2012939453125,604.8499755859375,605.5,602.739990234375,604.030029296875,26048700
2025-02-11,596.6548461914062,605.3099975585938,605.8599853515625,602.4299926757812,602.5499877929688,30056700
2025-02-12,594.7326049804688,603.3599853515625,604.5499877929688,598.510009765625,599.2000122070312,45076100
2025-02-13,601.0115356445312,609.72998046875,609.9400024414062,603.2000122070312,604.47998046875,40921300
2025-02-14,600.9819946289062,609.7000122070312,610.989990234375,609.0700073242188,609.9400024414062,26910400
2025-02-18,602.746337890625,611.489990234375,611.489990234375,608.3800048828125,610.8800048828125,26749000
2025-02-19,604.1658935546875,612.9299926757812,613.22998046875,609.5599975585938,610.0800170898438,31011100
2025-02-20,601.6522216796875,610.3800048828125,611.6799926757812,607.02001953125,611.5399780273438,36554000
2025-02-21,591.3615112304688,599.9400024414062,610.2999877929688,599.469970703125,610.1599731445312,76519800
2025-02-24,588.670654296875,597.2100219726562,603.030029296875,596.489990234375,602.02001953125,50737200
2025-02-25,585.7430419921875,594.239990234375,597.8900146484375,589.5599975585938,597.1500244140625,58266500
2025-02-26,586.0387573242188,594.5399780273438,599.5800170898438,591.8599853515625,595.9299926757812,43321600
2025-02-27,576.6845092773438,585.0499877929688,598.02001953125,584.6500244140625,596.8499755859375,74196700
2025-02-28,585.6838989257812,594.1799926757812,594.719970703125,582.4400024414062,585.5599975585938,88744100
2025-03-03,575.4227294921875,583.77001953125,597.3400268554688,579.9000244140625,596.1799926757812,74249200
2025-03-04,568.6116333007812,576.8599853515625,585.3900146484375,572.25,579.7100219726562,109648200
2025-03-05,574.722900390625,583.0599975585938,584.8800048828125,573.0800170898438,576.6900024414062,71230500
2025-03-06,564.5209350585938,572.7100219726562,580.1699829101562,570.1199951171875,575.47998046875,80094900
2025-03-07,567.68505859375,575.9199829101562,577.3900146484375,565.6300048828125,570.9000244140625,81158800
2025-03-10,552.5643920898438,560.5800170898438,569.5399780273438,555.5900268554688,567.5900268554688,99326600
2025-03-11,547.9710083007812,555.9199829101562,564.02001953125,552.02001953125,559.4000244140625,88102100
2025-03-12,550.8788452148438,558.8699951171875,563.1099853515625,553.6900024414062,562.1699829101562,69588200
2025-03-13,543.5352783203125,551.4199829101562,559.1099853515625,549.6799926757812,558.489990234375,74079400
2025-03-14,554.762451171875,562.8099975585938,563.8300170898438,551.489990234375,556.1099853515625,62660300
2025-03-17,559.0404052734375,567.1500244140625,569.7100219726562,562.3499755859375,562.7899780273438,49008700
2025-03-18,552.9981079101562,561.02001953125,565.02001953125,559.0599975585938,564.7999877929688,66041400
2025-03-19,559.0206909179688,567.1300048828125,570.9500122070312,561.6300048828125,562.8300170898438,66556000
2025-03-20,557.4041748046875,565.489990234375,570.5700073242188,562.5999755859375,563.3300170898438,62958200
2025-03-21,557.5880737304688,563.97998046875,564.8900146484375,558.030029296875,559.280029296875,83763000
2025-03-24,567.5736694335938,574.0800170898438,575.1500244140625,570.2000122070312,570.7999877929688,58766800
2025-03-25,568.9379272460938,575.4600219726562,576.4099731445312,573.6900024414062,575.2999877929688,38355700
2025-03-26,562.1458129882812,568.5900268554688,576.3300170898438,567.1900024414062,575.1900024414062,51848300
2025-03-27,560.6528930664062,567.0800170898438,570.9000244140625,564.9400024414062,567.1799926757812,42164200
2025-03-28,549.3623657226562,555.6599731445312,566.27001953125,555.0700073242188,565.530029296875,71662700
2025-03-31,553.0501098632812,559.3900146484375,560.7100219726562,546.8699951171875,549.8300170898438,95328200
2025-04-01,554.6121826171875,560.969970703125,562.9400024414062,553.6799926757812,557.4500122070312,54609600
2025-04-02,558.1220092773438,564.52001953125,567.4199829101562,554.8099975585938,555.0499877929688,76014500
2025-04-03,530.6173095703125,536.7000122070312,547.969970703125,536.7000122070312,545.1099853515625,125986000
2025-04-04,499.5533447265625,505.2799987792969,525.8699951171875,505.05999755859375,523.6699829101562,217965100
2025-04-07,498.6635437011719,504.3800048828125,523.1699829101562,481.7999877929687,489.19000244140625,256611400
2025-04-08,490.8531188964844,496.4800109863281,524.97998046875,489.1600036621094,521.8599853515625,165816600
2025-04-09,542.4021606445312,548.6199951171875,548.6199951171875,493.0499877929687,493.44000244140625,241867300
2025-04-10,518.6345825195312,524.5800170898438,533.5,509.3200073242187,532.1699829101562,162331200
2025-04-11,527.888427734375,533.9400024414062,536.4299926757812,520.0700073242188,523.010009765625,97866300
2025-04-14,533.009765625,539.1199951171875,544.280029296875,533.8599853515625,544.0499877929688,68034000
2025-04-15,531.5169067382812,537.6099853515625,543.22998046875,536.8099975585938,539.6699829101562,56892900
2025-04-16,519.7022705078125,525.6599731445312,537.8900146484375,520.2899780273438,531.6799926757812,83484800
2025-04-17,520.44384765625,526.4099731445312,531.1699829101562,523.9099731445312,527.6400146484375,79868100
2025-04-21,508.0558776855469,513.8800048828125,521.7000122070312,508.4599914550781,521.1599731445312,69368100
2025-04-22,521.2743530273438,527.25,529.2999877929688,519.1900024414062,520.1400146484375,75948100
2025-04-23,529.3517456054688,535.4199829101562,545.4299926757812,533.8800048828125,540.4299926757812,90590700
2025-04-24,540.4940795898438,546.6900024414062,547.4299926757812,535.4500122070312,536.719970703125,64150400
2025-04-25,544.3992919921875,550.6400146484375,551.0499877929688,543.6900024414062,546.6500244140625,61119600
2025-04-28,544.6068725585938,550.8499755859375,553.5499877929688,545.02001953125,551.3900146484375,47613800
2025-04-29,548.0375366210938,554.3200073242188,555.4500122070312,548.5499877929688,548.9099731445312,47775100
2025-04-30,548.2550048828125,554.5399780273438,556.52001953125,541.52001953125,547.5700073242188,93101500
2025-05-01,552.1405029296875,558.469970703125,564.0700073242188,557.8599853515625,560.3699951171875,63186100
2025-05-02,560.3365478515625,566.760009765625,568.3800048828125,562.3800048828125,564.72998046875,60717300
2025-05-05,557.1233520507812,563.510009765625,566.6500244140625,561.7000122070312,562.5700073242188,38659200
2025-05-06,552.4667358398438,558.7999877929688,563.3499755859375,556.9600219726562,557.9299926757812,48264700
2025-05-07,554.7901611328125,561.1500244140625,563.8200073242188,556.0399780273438,560.1500244140625,55588000
2025-05-08,558.6558837890625,565.0599975585938,570.3099975585938,561.7000122070312,565.239990234375,65130800
2025-05-09,557.9439697265625,564.3400268554688,567.5,562.760009765625,566.47998046875,37603400
2025-05-12,576.3826293945312,582.989990234375,583.0,577.0399780273438,581.469970703125,78993600
2025-05-13,580.1890258789062,586.8400268554688,589.0800170898438,582.8400268554688,583.4099731445312,67947200
2025-05-14,580.9304809570312,587.5900268554688,588.97998046875,585.5399780273438,587.8099975585938,66283500
2025-05-15,583.7679443359375,590.4600219726562,590.969970703125,585.0999755859375,585.5599975585938,71268100
2025-05-16,587.4655151367188,594.2000122070312,594.5,589.280029296875,591.25,76052100
2025-05-19,588.108154296875,594.8499755859375,595.5399780273438,588.0999755859375,588.0999755859375,68168500
2025-05-20,586.130859375,592.8499755859375,594.0499877929688,589.5999755859375,593.0900268554688,60614500
2025-05-21,576.2540893554688,582.8599853515625,592.5800170898438,581.8200073242188,588.4400024414062,95197700
2025-05-22,576.4815063476562,583.0900268554688,586.6199951171875,581.4099731445312,582.6599731445312,70860400
2025-05-23,572.5465087890625,579.1099853515625,581.8099975585938,575.5999755859375,575.97998046875,76029000
2025-05-27,584.4501342773438,591.1500244140625,591.3099975585938,578.4299926757812,586.0700073242188,72588500
2025-05-28,581.0689086914062,587.72998046875,592.77001953125,586.989990234375,591.5599975585938,68445500
2025-05-29,583.3626098632812,590.0499877929688,593.2000122070312,586.0700073242188,593.0599975585938,69973300
2025-05-30,582.7100830078125,589.3900146484375,591.1300048828125,583.239990234375,588.9299926757812,90601200
2025-06-02,585.992431640625,592.7100219726562,592.7899780273438,585.0599975585938,587.760009765625,61630500
2025-06-03,589.3341064453125,596.0900268554688,597.0800170898438,591.8499755859375,592.3400268554688,63606200
2025-06-04,589.1759643554688,595.9299926757812,597.9500122070312,595.489990234375,596.9600219726562,57314200
2025-06-05,586.32861328125,593.0499877929688,599.0,591.0499877929688,597.6300048828125,92278700
2025-06-06,592.3495483398438,599.1400146484375,600.8300170898438,596.8599853515625,598.6599731445312,66588700
2025-06-09,592.8834228515625,599.6799926757812,601.25,598.489990234375,599.719970703125,53016400
2025-06-10,596.2449340820312,603.0800170898438,603.469970703125,599.0900268554688,600.219970703125,66247000
2025-06-11,594.54443359375,601.3599853515625,605.0599975585938,599.27001953125,604.1900024414062,73658200
2025-06-12,596.9072875976562,603.75,603.75,599.52001953125,600.010009765625,64129000
2025-06-13,590.2338256835938,597.0,601.8499755859375,595.47998046875,598.5,89506000
2025-06-16,595.8494262695312,602.6799926757812,604.4500122070312,600.219970703125,600.4000244140625,79984100
2025-06-17,590.7578735351562,597.530029296875,601.75,596.760009765625,600.2100219726562,82209400
2025-06-18,590.6688232421875,597.4400024414062,601.219970703125,596.469970703125,598.4400024414062,76605000
2025-06-20,589.2816772460938,594.280029296875,599.4600219726562,592.8599853515625,598.3800048828125,94051400
2025-06-23,595.1021728515625,600.1500244140625,600.5399780273438,591.8900146484375,595.0399780273438,87426000
2025-06-24,601.6764526367188,606.780029296875,607.8499755859375,603.4099731445312,604.3300170898438,67735300
2025-06-25,602.0135498046875,607.1199951171875,608.6099853515625,605.5399780273438,607.9099731445312,62114800
2025-06-26,606.7236938476562,611.8699951171875,612.3099975585938,608.3699951171875,608.989990234375,78548400
2025-06-27,609.7380981445312,614.9099731445312,616.3900146484375,610.8300170898438,612.8800048828125,86258400
2025-06-30,612.6533203125,617.8499755859375,619.219970703125,615.0399780273438,617.3800048828125,92502500
2025-07-01,612.455078125,617.6500244140625,618.8300170898438,615.52001953125,616.3599853515625,70030100
2025-07-02,615.2315063476562,620.4500122070312,620.489990234375,616.6099853515625,617.239990234375,66510400
2025-07-03,620.0804443359375,625.3400268554688,626.280029296875,622.4299926757812,622.4500122070312,51065800
2025-07-07,615.4595336914062,620.6799926757812,624.030029296875,617.8699951171875,623.3599853515625,74814500
2025-07-08,615.1224365234375,620.3400268554688,622.1099853515625,619.52001953125,621.3499755859375,59024600
2025-07-09,618.8110961914062,624.0599975585938,624.719970703125,620.9099731445312,622.77001953125,66113300
2025-07-10,620.5562744140625,625.8200073242188,626.8699951171875,623.010009765625,624.2000122070312,57529000
2025-07-11,618.3748168945312,623.6199951171875,624.8599853515625,621.530029296875,622.739990234375,63670200
2025-07-14,619.5548095703125,624.8099975585938,625.1599731445312,621.7999877929688,623.1599731445312,51898500
2025-07-15,616.9072875976562,622.1400146484375,627.8599853515625,622.0599975585938,627.52001953125,74317300
2025-07-16,618.9697265625,624.219970703125,624.72998046875,618.0499877929688,623.739990234375,88987500
2025-07-17,622.7576293945312,628.0399780273438,628.4000244140625,624.1799926757812,624.4000244140625,68885700
2025-07-18,622.301513671875,627.5800170898438,629.469970703125,626.4600219726562,629.2999877929688,65621600
2025-07-21,623.4815063476562,628.77001953125,631.5399780273438,628.3400268554688,628.77001953125,63375000
2025-07-22,623.5707397460938,628.8599853515625,629.72998046875,626.1900024414062,629.0999755859375,60046300
2025-07-23,628.875732421875,634.2100219726562,634.2100219726562,629.72998046875,631.5499877929688,70511000
2025-07-24,629.083984375,634.4199829101562,636.1500244140625,633.989990234375,634.5999755859375,71307100
2025-07-25,631.7413940429688,637.0999755859375,637.5800170898438,634.8400268554688,635.0900268554688,56865400
2025-07-28,631.5828247070312,636.9400024414062,638.0399780273438,635.5399780273438,637.47998046875,54917100
2025-07-29,629.9169311523438,635.260009765625,638.6699829101562,634.3400268554688,638.3499755859375,60556300
2025-07-30,629.1236572265625,634.4600219726562,637.6799926757812,631.5399780273438,635.9199829101562,80418900
2025-07-31,626.763671875,632.0800170898438,639.8499755859375,630.77001953125,639.4600219726562,103385200
2025-08-01,616.4907836914062,621.719970703125,626.3400268554688,619.2899780273438,626.2999877929688,140103600
2025-08-04,625.8612670898438,631.1699829101562,631.219970703125,625.5800170898438,625.6699829101562,73218000
2025-08-05,622.688232421875,627.969970703125,632.6099853515625,627.0399780273438,631.7899780273438,68051400
2025-08-06,627.4578247070312,632.780029296875,633.4400024414062,628.1300048828125,629.0499877929688,64357500
2025-08-07,626.9322509765625,632.25,636.97998046875,629.1099853515625,636.239990234375,74205800
2025-08-08,631.82080078125,637.1799926757812,637.6500244140625,633.739990234375,634.0599975585938,64051600
2025-08-11,630.5713500976562,635.9199829101562,638.9500122070312,634.6599731445312,637.4600219726562,58742300
2025-08-12,637.284423828125,642.6900024414062,642.8499755859375,636.7899780273438,638.2899780273438,64730800
2025-08-13,639.4659423828125,644.8900146484375,646.1900024414062,642.6799926757812,644.9099731445312,60092800
2025-08-14,639.5254516601562,644.9500122070312,645.6199951171875,642.3400268554688,642.7899780273438,59327500
2025-08-15,638.0281372070312,643.4400024414062,646.0900268554688,642.52001953125,645.989990234375,68592500
2025-08-18,637.8893432617188,643.2999877929688,644.0,642.1799926757812,642.8599853515625,43804900
2025-08-19,634.4286499023438,639.8099975585938,644.1099853515625,638.47998046875,643.1199951171875,69750700
2025-08-20,632.742919921875,638.1099853515625,639.6599731445312,632.9500122070312,639.4000244140625,88890300
2025-08-21,630.2044677734375,635.5499877929688,637.969970703125,633.8099975585938,636.280029296875,54805800
2025-08-22,639.8823852539062,645.3099975585938,646.5,637.25,637.760009765625,84083200
2025-08-25,637.0662231445312,642.469970703125,645.2899780273438,642.3499755859375,644.0399780273438,51274300
2025-08-26,639.733642578125,645.1599731445312,645.510009765625,641.5700073242188,642.2000122070312,51581600
2025-08-27,641.1912841796875,646.6300048828125,647.3699951171875,644.4199829101562,644.5700073242188,48341100
2025-08-28,643.4620361328125,648.9199829101562,649.47998046875,645.3400268554688,647.239990234375,61519500
2025-08-29,639.6245727539062,645.0499877929688,647.8400268554688,643.1400146484375,647.469970703125,74522200
2025-09-02,634.884765625,640.27001953125,640.489990234375,634.9199829101562,637.5,81983500
2025-09-03,638.3255615234375,643.739990234375,644.2100219726562,640.4600219726562,642.6699829101562,70820900
2025-09-04,643.660400390625,649.1199951171875,649.1500244140625,643.510009765625,644.4199829101562,65219200
2025-09-05,641.7960815429688,647.239990234375,652.2100219726562,643.3300170898438,651.47998046875,85178900
2025-09-08,643.3728637695312,648.8300170898438,649.8400268554688,647.22998046875,648.6199951171875,63133100
2025-09-09,644.8601684570312,650.3300170898438,650.8599853515625,647.219970703125,648.969970703125,66133900
2025-09-10,646.724365234375,652.2100219726562,654.5499877929688,650.6300048828125,653.6199951171875,78034500
2025-09-11,652.0987548828125,657.6300048828125,658.3300170898438,653.5900268554688,654.1799926757812,69934400
2025-09-12,651.8805541992188,657.4099731445312,659.1099853515625,656.9000244140625,657.5999755859375,72780100
2025-09-15,655.3511962890625,660.9099731445312,661.0399780273438,659.3400268554688,659.6400146484375,63772400
2025-09-16,654.4488525390625,660.0,661.780029296875,659.2100219726562,661.469970703125,61169000
2025-09-17,653.6357421875,659.1799926757812,661.719970703125,654.2999877929688,660.010009765625,101952200
2025-09-18,656.6898193359375,662.260009765625,664.8900146484375,660.27001953125,661.8900146484375,90459200
2025-09-19,659.9423217773438,663.7000122070312,664.5499877929688,660.3699951171875,662.3300170898438,97945600
2025-09-22,663.0645141601562,666.8400268554688,667.2899780273438,662.1699829101562,662.2000122070312,69452200
2025-09-23,659.4551391601562,663.2100219726562,667.3400268554688,661.97998046875,666.719970703125,81708900
2025-09-24,657.3569946289062,661.0999755859375,664.6099853515625,659.6699829101562,664.510009765625,68082200
2025-09-25,654.3242797851562,658.0499877929688,659.4099731445312,654.4099731445312,657.9400024414062,89622100
2025-09-26,658.072998046875,661.8200073242188,662.3699951171875,657.8800048828125,659.510009765625,69179200
2025-09-29,659.9224243164062,663.6799926757812,665.280029296875,661.8599853515625,664.3599853515625,73499000
2025-09-30,662.4082641601562,666.1799926757812,666.6500244140625,661.6099853515625,662.9299926757812,86288000
2025-10-01,664.6654663085938,668.4500122070312,669.3699951171875,663.0599975585938,663.1699829101562,72545400
2025-10-02,665.4309692382812,669.219970703125,670.5700073242188,666.780029296875,670.4500122070312,56896000
2025-10-03,665.421142578125,669.2100219726562,672.6799926757812,668.1599731445312,669.989990234375,70494400
2025-10-06,667.8074951171875,671.6099853515625,672.510009765625,669.4600219726562,671.6199951171875,54623300
2025-10-07,665.3316040039062,669.1199951171875,672.989990234375,667.6699829101562,672.5399780273438,72020100
2025-10-08,669.2990112304688,673.1099853515625,673.2100219726562,669.4199829101562,670.25,60702200
2025-10-09,667.3600463867188,671.1599731445312,673.9400024414062,669.2100219726562,673.530029296875,66501900
2025-10-10,649.32275390625,653.02001953125,673.9500122070312,652.8400268554688,672.1300048828125,159422600
2025-10-13,659.2860107421875,663.0399780273438,665.1300048828125,659.77001953125,660.6500244140625,79560500
2025-10-14,658.4805908203125,662.22998046875,665.8300170898438,653.1699829101562,657.1699829101562,88779600
2025-10-15,661.4039916992188,665.1699829101562,670.22998046875,658.9299926757812,666.8200073242188,81702600
2025-10-16,656.899658203125,660.6400146484375,668.7100219726562,657.1099853515625,666.8200073242188,110563300
2025-10-17,660.62841796875,664.3900146484375,665.760009765625,658.1400146484375,659.5,96500900
2025-10-20,667.499267578125,671.2999877929688,672.2100219726562,667.27001953125,667.3200073242188,60493400
2025-10-21,667.4892578125,671.2899780273438,672.989990234375,669.97998046875,671.4400024414062,56249000
2025-10-22,664.0191040039062,667.7999877929688,672.0,663.2999877929688,672.0,80564000
2025-10-23,667.9566650390625,671.760009765625,672.7100219726562,667.7999877929688,668.1199951171875,65604500
2025-10-24,673.4155883789062,677.25,678.469970703125,675.6500244140625,676.4600219726562,74356500
2025-10-27,681.3603515625,685.239990234375,685.5399780273438,682.1199951171875,682.72998046875,63339800
2025-10-28,683.1700439453125,687.0599975585938,688.9099731445312,684.8300170898438,687.0499877929688,61738100
2025-10-29,683.4981689453125,687.3900146484375,689.7000122070312,682.8699951171875,688.719970703125,85657100
2025-10-30,675.98095703125,679.8300170898438,685.9400024414062,679.8300170898438,683.9000244140625,76335800
2025-10-31,678.1983642578125,682.0599975585938,685.0800170898438,679.239990234375,685.0399780273438,87164100
2025-11-03,679.4711303710938,683.3400268554688,685.7999877929688,679.9400024414062,685.6699829101562,57315000
2025-11-04,671.4169921875,675.239990234375,679.9600219726562,674.5800170898438,676.1099853515625,78427000
2025-11-05,673.7437133789062,677.5800170898438,680.8599853515625,674.1699829101562,674.97998046875,74402400
2025-11-06,666.514892578125,670.3099975585938,677.3800048828125,668.719970703125,676.469970703125,85035300
2025-11-07,667.1710815429688,670.969970703125,671.0800170898438,661.2100219726562,667.9099731445312,100592400
2025-11-10,677.5819091796875,681.4400024414062,682.1799926757812,675.030029296875,677.239990234375,75842900
2025-11-11,679.1329956054688,683.0,683.5700073242188,678.72998046875,679.9500122070312,58953400
2025-11-12,679.5108642578125,683.3800048828125,684.9600219726562,680.9500122070312,684.7899780273438,62312500
2025-11-13,668.2350463867188,672.0399780273438,680.8599853515625,670.52001953125,680.5,103457800
2025-11-14,668.125732421875,671.9299926757812,675.6599731445312,663.27001953125,665.3800048828125,96846700
2025-11-17,661.901123046875,665.6699829101562,673.7100219726562,662.1699829101562,669.7000122070312,90456100
2025-11-18,656.3428344726562,660.0800170898438,665.1199951171875,655.8599853515625,662.0999755859375,114467500
2025-11-19,658.87841796875,662.6300048828125,667.3400268554688,658.75,660.780029296875,94703000
2025-11-20,648.8355712890625,652.530029296875,675.5599975585938,651.8900146484375,672.9099731445312,165293500
2025-11-21,655.2987670898438,659.030029296875,664.5499877929688,650.8499755859375,655.0499877929688,123956200
2025-11-24,664.9437866210938,668.72998046875,670.0599975585938,661.5900268554688,662.6900024414062,80437900
2025-11-25,671.1981811523438,675.02001953125,676.2100219726562,664.47998046875,668.6300048828125,81077100
2025-11-26,675.8318481445312,679.6799926757812,681.7000122070312,676.719970703125,677.6300048828125,71879600
2025-11-28,679.5208129882812,683.3900146484375,683.6699829101562,680.5,680.8599853515625,49212000
2025-12-01,676.4185180664062,680.27001953125,682.989990234375,678.739990234375,678.8099975585938,61201200
2025-12-02,677.67138671875,681.530029296875,683.8200073242188,679.3300170898438,681.9199829101562,62953800
2025-12-03,680.0180053710938,683.8900146484375,684.9099731445312,679.6900024414062,680.5700073242188,57238500
2025-12-04,680.51513671875,684.3900146484375,685.3699951171875,681.3400268554688,685.2999877929688,61970300
2025-12-05,681.8078002929688,685.6900024414062,688.3900146484375,684.5800170898438,685.469970703125,79241000
2025-12-08,679.7594604492188,683.6300048828125,686.6400146484375,681.5700073242188,686.5900268554688,55231500
2025-12-09,679.1727294921875,683.0399780273438,685.3900146484375,682.5900268554688,683.1500244140625,58310100
2025-12-10,683.6771850585938,687.5700073242188,688.969970703125,681.3099975585938,682.5599975585938,85671300
2025-12-11,685.26806640625,689.1699829101562,689.25,682.1699829101562,685.1400146484375,86173700
2025-12-12,677.9000244140625,681.760009765625,688.8800048828125,679.1699829101562,688.1699829101562,113160300
2025-12-15,676.8758544921875,680.72998046875,685.760009765625,679.25,685.739990234375,90811000
2025-12-16,675.0264282226562,678.8699951171875,681.0800170898438,674.97998046875,679.22998046875,122030600
2025-12-17,667.5986938476562,671.4000244140625,680.4400024414062,671.2000122070312,679.8900146484375,110625200
2025-12-18,672.6399536132812,676.469970703125,680.739990234375,674.9000244140625,677.5999755859375,108650100
2025-12-19,678.7363891601562,680.5900268554688,681.0900268554688,676.469970703125,676.5900268554688,103599500
2025-12-22,682.96484375,684.8300170898438,685.3599853515625,680.5900268554688,683.9400024414062,69556700
2025-12-23,686.0863037109375,687.9600219726562,688.2000122070312,683.8699951171875,683.9199829101562,64840000
2025-12-24,688.4996948242188,690.3800048828125,690.8300170898438,687.7999877929688,687.9500122070312,39445600
2025-12-26,688.4298706054688,690.3099975585938,691.6599731445312,689.27001953125,690.6400146484375,41613300
2025-12-29,685.9765625,687.8499755859375,689.2000122070312,686.0700073242188,687.5399780273438,62559500
2025-12-30,685.138916015625,687.010009765625,688.5599975585938,686.5800170898438,687.4500122070312,47160700
2025-12-31,680.062744140625,681.9199829101562,687.3599853515625,681.7100219726562,687.1400146484375,74144800
2026-01-02,681.309326171875,683.1699829101562,686.8699951171875,679.8200073242188,685.7100219726562,89377200
2026-01-05,685.846923828125,687.719970703125,689.4299926757812,686.3800048828125,686.5399780273438,71927200
2026-01-06,689.92578125,691.8099975585938,692.3200073242188,687.780029296875,687.9299926757812,69273800
2026-01-07,687.701904296875,689.5800170898438,693.9600219726562,689.3200073242188,692.1900024414062,75588300
2026-01-08,687.632080078125,689.510009765625,690.6199951171875,687.489990234375,688.8200073242188,64019200
2026-01-09,692.1796264648438,694.0700073242188,695.3099975585938,689.1799926757812,690.6300048828125,80125500
2026-01-12,693.2666625976562,695.1599731445312,696.0900268554688,690.6300048828125,690.6799926757812,63976000
2026-01-13,691.8804931640625,693.77001953125,696.0900268554688,691.3499755859375,695.489990234375,78309700
2026-01-14,688.479736328125,690.3599853515625,691.719970703125,686.0399780273438,691.0,94676700
2026-01-15,690.3546142578125,692.239990234375,695.4500122070312,691.25,694.5700073242188,77862000
2026-01-16,689.7761840820312,691.6599731445312,694.25,690.0999755859375,693.6599731445312,79289200
2026-01-20,675.7345581054688,677.5800170898438,684.77001953125,676.5700073242188,681.489990234375,111623300
2026-01-21,683.5332641601562,685.4000244140625,688.739990234375,678.1300048828125,679.6500244140625,127844500
2026-01-22,687.103515625,688.97998046875,691.1300048828125,686.9199829101562,689.8499755859375,77112200
2026-01-23,687.352783203125,689.22998046875,690.9600219726562,687.1599731445312,688.1500244140625,63059600
2026-01-26,690.84326171875,692.72998046875,694.1300048828125,689.9199829101562,690.489990234375,60473800
2026-01-27,693.5957641601562,695.489990234375,696.530029296875,693.5700073242188,694.1799926757812,55506100
2026-01-28,693.5259399414062,695.4199829101562,697.8400268554688,693.9400024414062,697.0499877929688,61172200
2026-01-29,692.1497192382812,694.0399780273438,697.0599975585938,684.8300170898438,696.3900146484375,97486200
2026-01-30,690.0853271484375,691.969970703125,694.2100219726562,687.1199951171875,691.7899780273438,101835100
2026-02-02,693.5159912109375,695.4099731445312,696.9299926757812,689.4199829101562,689.5800170898438,79286500
2026-02-03,687.6520385742188,689.530029296875,696.9600219726562,684.030029296875,696.2100219726562,107904600
2026-02-04,684.3211059570312,686.1900024414062,691.4500122070312,681.760009765625,690.3499755859375,105204600
2026-02-05,675.7744750976562,677.6199951171875,683.6900024414062,675.7899780273438,680.9400024414062,113610800
2026-02-06,688.739013671875,690.6199951171875,692.3099975585938,680.8499755859375,681.4600219726562,89127600
2026-02-09,692.0599975585938,693.9500122070312,695.8699951171875,688.3400268554688,689.4199829101562,73885200
2026-02-10,690.2349243164062,692.1199951171875,696.5399780273438,691.6599731445312,694.9500122070312,65185700
2026-02-11,690.075439453125,691.9600219726562,697.1400146484375,689.1799926757812,696.3900146484375,76353900
2026-02-12,679.41455078125,681.27001953125,695.3499755859375,680.3699951171875,694.239990234375,118829000
2026-02-13,679.8931884765625,681.75,686.280029296875,677.52001953125,681.6900024414062,96267500
2026-02-17,680.9901733398438,682.8499755859375,684.9400024414062,675.780029296875,680.1400146484375,81354700
2026-02-18,684.4208374023438,686.2899780273438,689.1500244140625,682.8300170898438,684.02001953125,73570300
2026-02-19,682.61572265625,684.47998046875,686.1799926757812,681.5499877929688,683.8400268554688,58649400
2026-02-20,687.5523071289062,689.4299926757812,690.0599975585938,681.72998046875,682.3200073242188,100034000
2026-02-23,680.531494140625,682.3900146484375,690.0,680.3699951171875,687.8300170898438,90558100
2026-02-24,685.4779052734375,687.3499755859375,688.3499755859375,680.0,681.9000244140625,73798700
2026-02-25,691.26220703125,693.1500244140625,693.6799926757812,690.0999755859375,690.1799926757812,56369500
2026-02-26,687.422607421875,689.2999877929688,693.2999877929688,684.3499755859375,693.280029296875,71671000
2026-02-27,684.1216430664062,685.989990234375,686.8599853515625,681.6400146484375,683.0900268554688,83308900
2026-03-02,684.5106201171875,686.3800048828125,688.6199951171875,678.02001953125,678.7000122070312,87477200
2026-03-03,678.4771118164062,680.3300170898438,682.6099853515625,669.6599731445312,675.0599975585938,105003100
2026-03-04,683.2639770507812,685.1300048828125,687.0900268554688,679.6199951171875,681.6300048828125,79182200
2026-03-05,679.4544067382812,681.3099975585938,685.530029296875,675.6099853515625,682.0800170898438,106606500
2026-03-06,670.5487060546875,672.3800048828125,676.1099853515625,669.760009765625,673.4099731445312,100687000
2026-03-09,676.4227294921875,678.27001953125,679.9199829101562,662.3900146484375,666.3900146484375,102667700
2026-03-10,675.3356323242188,677.1799926757812,683.3599853515625,674.760009765625,677.719970703125,81505300
2026-03-11,674.4879760742188,676.3300170898438,680.0800170898438,673.3400268554688,677.5800170898438,68441700
2026-03-12,664.2459106445312,666.0599975585938,671.6500244140625,665.8699951171875,671.1599731445312,108882200
2026-03-13,660.4862060546875,662.2899780273438,672.3400268554688,661.3599853515625,669.27001953125,97200200
2026-03-16,667.2078857421875,669.030029296875,672.0700073242188,667.1199951171875,668.3800048828125,82023100
2026-03-17,668.9630126953125,670.7899780273438,674.4400024414062,669.7000122070312,672.3900146484375,87128000
2026-03-18,659.6285400390625,661.4299926757812,669.719970703125,661.1900024414062,668.3599853515625,82062600
2026-03-19,658.0029907226562,659.7999877929688,662.97998046875,655.1699829101562,656.969970703125,111272500
2026-03-20,648.5700073242188,648.5700073242188,656.6900024414062,644.719970703125,656.510009765625,163617500
2026-03-23,655.3800048828125,655.3800048828125,662.6199951171875,653.9400024414062,658.0700073242188,134802700
2026-03-24,653.1799926757812,653.1799926757812,657.030029296875,649.8800048828125,651.3200073242188,96457500
2026-03-25,656.8200073242188,656.8200073242188,660.8900146484375,654.239990234375,658.6699829101562,90653800
2026-03-26,645.0900268554688,645.0900268554688,654.8499755859375,644.8200073242188,652.0599975585938,96494400
2026-03-27,634.0900268554688,634.0900268554688,642.6599731445312,633.1099853515625,642.5,103649400
2026-03-30,631.969970703125,631.969970703125,640.3699951171875,629.280029296875,640.1099853515625,99275900
2026-03-31,650.3400268554688,650.3400268554688,651.5399780273438,637.97998046875,638.9400024414062,152534100
2026-04-01,655.239990234375,655.239990234375,658.52001953125,653.0,653.9000244140625,97841500
2026-04-02,655.8300170898438,655.8300170898438,658.2000122070312,645.1099853515625,646.4199829101562,68358700
2026-04-06,658.9299926757812,658.9299926757812,659.719970703125,655.52001953125,655.8599853515625,39105800
2026-04-07,659.219970703125,659.219970703125,659.6099853515625,651.0599975585938,656.6500244140625,69980400
2026-04-08,676.010009765625,676.010009765625,677.0800170898438,671.4600219726562,676.3900146484375,93606100
2026-04-09,679.9099731445312,679.9099731445312,681.1599731445312,673.77001953125,674.8400268554688,57134400
2026-04-10,679.4600219726562,679.4600219726562,682.030029296875,678.4500122070312,681.3200073242188,42253500
2026-04-13,686.0999755859375,686.0999755859375,686.2999877929688,676.5800170898438,677.4099731445312,54185800
2026-04-14,694.4600219726562,694.4600219726562,694.5800170898438,687.6599731445312,687.6900024414062,63480500
2026-04-15,699.9400024414062,699.9400024414062,700.280029296875,694.2000122070312,695.260009765625,58240400
2026-04-16,701.6599731445312,701.6599731445312,702.780029296875,698.530029296875,701.0599975585938,49972400
2026-04-17,710.1400146484375,710.1400146484375,712.3900146484375,705.760009765625,706.1400146484375,70661900
2026-04-20,708.719970703125,708.719970703125,709.9099731445312,706.1400146484375,708.780029296875,43546800
2026-04-21,704.0800170898438,704.0800170898438,711.280029296875,702.6400146484375,710.280029296875,58941400
2026-04-22,711.2100219726562,711.2100219726562,711.4500122070312,708.219970703125,709.1500244140625,42518500
2026-04-23,708.4500122070312,708.4500122070312,712.3599853515625,702.280029296875,709.5,56174000
2026-04-24,713.9400024414062,713.9400024414062,714.469970703125,709.010009765625,710.75,45182000
2026-04-27,715.1699829101562,715.1699829101562,715.6300048828125,712.2999877929688,713.1699829101562,33135900
2026-04-28,711.6900024414062,711.6900024414062,712.8800048828125,709.25,711.8200073242188,43117400
2026-04-29,711.5800170898438,711.5800170898438,712.2000122070312,708.3699951171875,711.0,41859200
2026-04-30,718.6599731445312,718.6599731445312,719.7899780273438,710.4500122070312,714.6300048828125,67240900
2026-05-01,720.6500244140625,720.6500244140625,724.8699951171875,720.469970703125,721.25,43049800
2026-05-04,718.010009765625,718.010009765625,722.1199951171875,714.989990234375,720.0700073242188,51950600
2026-05-05,723.77001953125,723.77001953125,725.0399780273438,721.489990234375,721.77001953125,36933200
2026-05-06,733.8300170898438,733.8300170898438,734.5900268554688,727.8200073242188,728.1599731445312,53288900
2026-05-07,731.5800170898438,731.5800170898438,736.1300048828125,729.75,735.0499877929688,51724600
2026-05-08,737.6199951171875,737.6199951171875,738.0800170898438,734.5700073242188,734.9299926757812,47227100
2026-05-11,739.2999877929688,739.2999877929688,740.7899780273438,736.4500122070312,736.4500122070312,44024000
2026-05-12,738.1799926757812,738.1799926757812,738.8400268554688,731.8300170898438,736.8900146484375,54185300
2026-05-13,742.3099975585938,742.3099975585938,743.9099731445312,735.469970703125,738.469970703125,44200200
2026-05-14,748.1699829101562,748.1699829101562,749.530029296875,743.5599975585938,743.6500244140625,45307600
2026-05-15,739.1699829101562,739.1699829101562,743.4600219726562,737.9600219726562,741.7899780273438,59580378
2026-05-18,738.6500244140625,738.6500244140625,741.4199829101562,733.3900146484375,739.8300170898438,47723100
2026-05-19,735.9199829101562,735.9199829101562,737.6300048828125,731.530029296875,734.780029296875,35098664
2026-05-20,739.982177734375,739.982177734375,741.8699951171875,733.8983154296875,735.7100219726562,19359349
2026-05-21,742.77001953125,742.77001953125,744.8699951171875,737.030029296875,738.6400146484375,39934128
2026-05-22,745.7000122070312,745.7000122070312,748.9400024414062,744.47998046875,746.239990234375,32242294
2026-05-26,750.5599975585938,750.5599975585938,752.1300048828125,748.3699951171875,750.010009765625,35977360
2026-05-27,750.4500122070312,750.4500122070312,751.3800048828125,748.219970703125,750.8800048828125,35893499
2026-05-28,754.6500244140625,754.6500244140625,755.1500244140625,749.22998046875,750.25,35346762
2026-05-29,756.489990234375,756.489990234375,758.0750122070312,754.6900024414062,755.9000244140625,45376081
2026-06-01,758.469970703125,758.469970703125,760.280029296875,754.6900024414062,755.3599853515625,38439176
2026-06-02,759.5700073242188,759.5700073242188,760.385009765625,756.75,757.030029296875,26951269
2026-06-03,754.1300048828125,754.1300048828125,758.7999877929688,753.5701293945312,758.1500244140625,43721234
2026-06-04,757.1599731445312,757.1599731445312,758.3099975585938,751.469970703125,752.0999755859375,45160319
2026-06-05,737.4099731445312,737.4099731445312,752.8200073242188,735.5250244140625,752.3099975585938,78720244
2026-06-08,739.27001953125,739.27001953125,745.3400268554688,738.1900024414062,743.3599853515625,41824280
2026-06-09,737.1099853515625,737.1099853515625,746.9000244140625,722.5900268554688,743.6300048828125,75814276
2026-06-10,725.489990234375,725.489990234375,738.3800048828125,725.3300170898438,733.3900146484375,51756696
2026-06-11,737.6699829101562,737.6699829101562,740.0,724.4119873046875,728.760009765625,73232352
2026-06-12,741.77001953125,741.77001953125,744.4400024414062,735.0499877929688,740.7100219726562,48155199
2026-06-15,754.8300170898438,754.8300170898438,756.6799926757812,751.760009765625,751.8499755859375,60176400
2026-06-16,750.3300170898438,750.3300170898438,755.4400024414062,749.8800048828125,754.5499877929688,67093100
2026-06-17,740.9600219726562,740.9600219726562,752.1500244140625,739.219970703125,751.2899780273438,85718600
2026-06-18,747.14501953125,747.14501953125,748.1799926757812,743.8599853515625,747.760009765625,41528631
2026-06-22,744.2838745117188,744.2838745117188,750.1799926757812,743.1300048828125,747.7000122070312,42455858
2026-06-23,733.72998046875,733.72998046875,739.6300048828125,732.2999877929688,733.8099975585938,55454401
2026-06-24,733.2999877929688,733.2999877929688,739.9450073242188,730.85498046875,735.1699829101562,45349023
2026-06-25,733.5,733.5,739.3499755859375,729.5999755859375,738.9099731445312,47273505
2026-06-26,728.989990234375,728.989990234375,736.530029296875,726.8599853515625,728.9450073242188,50465740
2026-06-29,740.9400024414062,740.9400024414062,741.5579833984375,732.1099853515625,736.5250244140625,47117782
2026-06-30,746.47998046875,746.47998046875,748.02001953125,740.8900146484375,741.2899780273438,45480181
2026-07-01,745.719970703125,745.719970703125,749.4349975585938,742.375,745.0,39119066
2026-07-02,744.780029296875,744.780029296875,751.3099975585938,740.030029296875,747.4000244140625,46819546
2026-07-06,751.260009765625,751.260009765625,752.4000244140625,747.4099731445312,748.739990234375,42581021
2026-07-07,747.6199951171875,747.6199951171875,750.9600219726562,745.2100219726562,750.219970703125,40095496
2026-07-08,745.3200073242188,745.3200073242188,746.1400146484375,739.510009765625,743.1599731445312,38418610
2026-07-09,751.5999755859375,751.5999755859375,751.969970703125,745.5900268554688,747.3499755859375,34359506
2026-07-10,754.9404907226562,754.9404907226562,755.4199829101562,748.0999755859375,752.0499877929688,36604688
2026-07-13,749.0800170898438,749.0800170898438,753.9105224609375,748.030029296875,752.469970703125,39255891
2026-07-14,751.8599853515625,751.8599853515625,753.2999877929688,748.6599731445312,750.9099731445312,31765895
2026-07-15,754.7449951171875,754.7449951171875,755.5800170898438,750.2000122070312,754.239990234375,36741829
2026-07-16,750.77001953125,750.77001953125,754.5700073242188,747.8900146484375,752.760009765625,40872196
2026-07-17,743.1500244140625,743.1500244140625,747.2899780273438,740.7999877929688,742.0800170898438,52962020
2026-07-20,742.2100219726562,742.2100219726562,748.72998046875,741.5103149414062,747.0599975585938,41004709
2026-07-21,748.3200073242188,748.3200073242188,749.0399780273438,744.1900024414062,746.2899780273438,27416531
2026-07-22,747.469970703125,747.469970703125,750.02001953125,746.3699951171875,746.6199951171875,28206331
2026-07-23,738.2999877929688,738.2999877929688,742.5599975585938,735.2100219726562,739.3699951171875,49701345
2026-07-24,738.9299926757812,738.9299926757812,743.719970703125,737.2899780273438,738.510009765625,41480799
2026-07-27,739.0900268554688,739.0900268554688,745.530029296875,735.8699951171875,744.9099731445312,41461200
2026-07-28,740.8599853515625,740.8599853515625,742.7899780273438,735.97998046875,739.1900024414062,47322200
2026-07-29,729.52001953125,729.52001953125,742.6699829101562,729.0999755859375,739.969970703125,59968865
2026-07-30,741.739990234375,741.739990234375,742.4500122070312,734.5900268554688,736.0499877929688,53992777
2026-07-31,746.8900146484375,746.8900146484375,748.89501953125,737.6799926757812,744.6799926757812,51642019
2026-08-03,757.6400146484375,757.6400146484375,758.5800170898438,748.7999877929688,749.4400024414062,51941340
2026-08-04,771.22998046875,771.22998046875,773.4099731445312,760.52001953125,760.6300048828125,58652412
2026-08-05,769.77001953125,769.77001953125,776.8499755859375,769.52001953125,775.8499755859375,40163863
2026-08-06,768.5999755859375,768.5999755859375,771.8200073242188,767.4600219726562,770.2100219726562,33043052
2026-08-07,773.219970703125,773.219970703125,773.9149780273438,769.6099853515625,771.02001953125,36846747
2026-08-10,773.0499877929688,773.0499877929688,775.030029296875,771.8900146484375,772.5999755859375,31958749
2026-08-11,770.5900268554688,770.5900268554688,774.6099853515625,769.3400268554688,774.530029296875,30250845
2026-08-12,772.469970703125,772.469970703125,774.8699951171875,771.2899780273438,774.7100219726562,27220388
2026-08-13,777.8800048828125,777.8800048828125,779.3699951171875,774.1110229492188,774.8699951171875,30258928
2026-08-14,776.3200073242188,776.3200073242188,778.7999877929688,775.4301147460938,778.5399780273438,25381140
2026-08-17,773.6900024414062,773.6900024414062,776.7750244140625,773.0999755859375,776.1799926757812,17997874
