Price,Adj Close,Close,High,Low,Open,Volume
Ticker,TLT,TLT,TLT,TLT,TLT,TLT
Date,,,,,,
2002-07-30,36.1094856262207,81.5199966430664,81.9000015258789,81.5199966430664,81.75,6100
2002-07-31,36.55686950683594,82.52999877929688,82.80000305175781,81.9000015258789,81.94999694824219,29400
2002-08-01,36.76506042480469,83.0,83.0199966430664,82.54000091552734,82.54000091552734,25000
2002-08-02,37.141571044921875,83.8499984741211,84.0999984741211,82.87999725341797,83.16000366210938,52800
2002-08-05,37.305477142333984,84.22000122070312,84.44000244140625,83.8499984741211,84.04000091552734,61100
2002-08-06,36.986541748046875,83.5,83.9000015258789,83.22000122070312,83.87000274658203,64900
2002-08-07,37.07516098022461,83.69999694824219,84.13999938964844,83.36000061035156,83.5999984741211,40300
2002-08-08,37.07516098022461,83.69999694824219,83.7699966430664,83.36000061035156,83.58000183105469,40900
2002-08-09,37.59782791137695,84.87999725341797,84.87999725341797,84.0,84.0,35900
2002-08-12,37.828155517578125,85.4000015258789,86.69999694824219,85.13999938964844,85.30000305175781,32100
2002-08-13,38.29324722290039,86.44999694824219,86.47000122070312,85.37000274658203,85.77999877929688,75400
2002-08-14,38.43943786621094,86.77999877929688,87.9000015258789,86.75,87.45999908447266,130000
2002-08-15,38.102787017822266,86.0199966430664,86.5,85.8499984741211,86.37999725341797,87100
2002-08-16,37.67755126953125,85.05999755859375,86.5199966430664,84.81999969482422,86.44000244140625,85000
2002-08-19,37.7927131652832,85.31999969482422,85.33999633789062,84.70999908447266,85.05000305175781,47300
2002-08-20,38.2135009765625,86.2699966430664,86.29000091552734,85.5999984741211,85.62000274658203,40800
2002-08-21,38.00979995727539,85.80999755859375,86.0999984741211,85.62999725341797,85.68000030517578,40000
2002-08-22,37.67755126953125,85.05999755859375,85.55000305175781,85.05999755859375,85.55000305175781,34400
2002-08-23,38.04964065551758,85.9000015258789,85.94999694824219,85.19999694824219,85.19999694824219,20100
2002-08-26,38.08504486083984,85.9800033569336,86.20999908447266,85.66999816894531,85.69999694824219,23900
2002-08-27,37.84588241577149,85.44000244140625,85.68000030517578,85.19999694824219,85.4000015258789,301800
2002-08-28,38.03634262084961,85.87000274658203,86.18000030517578,85.83999633789062,86.04000091552734,18100
2002-08-29,38.34196090698242,86.55999755859375,86.86000061035156,86.3499984741211,86.76000213623047,135700
2002-08-30,38.57233428955078,87.08000183105469,87.12999725341797,86.44999694824219,86.75,78100
2002-09-03,39.16532516479492,88.04000091552734,88.04000091552734,87.0,87.08000183105469,102100
2002-09-04,39.15642166137695,88.0199966430664,88.30000305175781,87.83999633789062,88.02999877929688,66300
2002-09-05,39.369964599609375,88.5,88.6500015258789,87.37999725341797,88.56999969482422,648400
2002-09-06,38.907283782958984,87.45999908447266,88.19000244140625,87.19999694824219,87.97000122070312,140000
2002-09-09,38.84946823120117,87.33000183105469,87.83000183105469,87.26000213623047,87.5,83800
2002-09-10,39.03632736206055,87.75,88.0,87.0,87.16999816894531,336000
2002-09-11,38.831695556640625,87.29000091552734,87.30000305175781,86.75,87.0,177700
2002-09-12,39.13420486450195,87.97000122070312,88.13999938964844,87.47000122070312,87.4800033569336,43400
2002-09-13,39.49451446533203,88.77999877929688,88.94000244140625,88.18000030517578,88.33000183105469,155100
2002-09-16,39.56125259399414,88.93000030517578,89.22000122070312,88.9000015258789,89.19999694824219,73000
2002-09-17,39.63685989379883,89.0999984741211,89.31999969482422,88.36000061035156,88.63999938964844,75400
2002-09-18,39.64575958251953,89.12000274658203,89.55999755859375,89.0199966430664,89.16000366210938,196600
2002-09-19,39.91268539428711,89.72000122070312,89.7699966430664,89.26000213623047,89.69999694824219,109900
2002-09-20,39.72584533691406,89.30000305175781,89.5199966430664,89.05999755859375,89.44999694824219,113500
2002-09-23,40.081729888916016,90.0999984741211,90.23999786376952,89.7699966430664,90.0,163200
2002-09-24,40.33974075317383,90.68000030517578,90.94000244140624,90.20999908447266,90.3000030517578,251900
2002-09-25,39.85042572021485,89.58000183105469,90.36000061035156,89.26000213623047,90.0999984741211,127200
2002-09-26,39.756988525390625,89.37000274658203,89.52999877929688,88.61000061035156,89.05000305175781,429000
2002-09-27,40.05503463745117,90.04000091552734,90.04000091552734,89.4800033569336,89.52999877929688,298200
2002-09-30,40.21518325805664,90.4000015258789,90.9000015258789,90.08000183105467,90.66000366210938,297800
2002-10-01,39.716400146484375,88.94000244140625,89.30000305175781,88.80000305175781,89.16000366210938,257500
2002-10-02,39.94411087036133,89.44999694824219,89.4800033569336,88.83999633789062,89.23999786376953,91000
2002-10-03,39.845890045166016,89.2300033569336,89.51000213623047,88.80000305175781,89.30000305175781,29900
2002-10-04,39.97090148925781,89.51000213623047,89.72000122070312,88.4000015258789,88.4000015258789,131000
2002-10-07,40.03790664672851,89.66000366210938,89.95999908447266,89.45999908447266,89.9000015258789,433800
2002-10-08,40.05128860473633,89.69000244140625,90.5199966430664,89.36000061035156,89.5,530900
2002-10-09,40.25672149658203,90.1500015258789,90.37999725341795,89.94999694824219,90.3000030517578,402900
2002-10-10,39.939666748046875,89.44000244140625,90.16999816894533,89.27999877929688,90.16999816894533,97100
2002-10-11,39.46630096435547,88.37999725341797,89.22000122070312,88.05999755859375,89.0999984741211,421800
2002-10-14,39.40826797485352,88.25,88.55000305175781,88.06999969482422,88.5,18300
2002-10-15,38.474979400634766,86.16000366210938,87.30000305175781,86.1500015258789,87.0,297100
2002-10-16,38.49283218383789,86.19999694824219,86.5999984741211,85.88999938964844,86.5999984741211,125200
2002-10-17,38.02395248413086,85.1500015258789,85.55999755859375,85.06999969482422,85.13999938964844,233400
2002-10-18,38.1222038269043,85.37000274658203,85.38999938964844,84.27999877929688,85.0199966430664,459100
2002-10-21,37.75154495239258,84.54000091552734,85.5999984741211,84.5,85.5,134900
2002-10-22,37.64439010620117,84.30000305175781,84.8499984741211,84.22000122070312,84.8499984741211,205000
2002-10-23,37.65776443481445,84.33000183105469,85.19999694824219,84.18000030517578,84.75,127800
2002-10-24,37.988243103027344,85.06999969482422,85.25,84.08000183105469,84.16000366210938,339600
2002-10-25,38.12665557861328,85.37999725341797,85.55999755859375,85.1500015258789,85.3499984741211,146100
2002-10-28,38.073036193847656,85.26000213623047,85.63999938964844,85.19999694824219,85.55999755859375,97800
2002-10-29,38.5687370300293,86.37000274658203,86.88999938964844,85.7699966430664,85.81999969482422,125000
2002-10-30,38.55534744262695,86.33999633789062,86.68000030517578,86.06999969482422,86.37000274658203,31900
2002-10-31,38.72951126098633,86.7300033569336,86.86000061035156,86.0199966430664,86.05000305175781,512700
2002-11-01,38.56755447387695,85.9800033569336,86.93000030517578,85.25,86.30000305175781,125100
2002-11-04,38.39710235595703,85.5999984741211,85.75,85.25,85.4800033569336,342500
2002-11-05,38.24909210205078,85.2699966430664,85.5999984741211,85.08999633789062,85.5999984741211,73800
2002-11-06,38.40159225463867,85.61000061035156,86.12999725341797,84.91000366210938,85.05000305175781,118500
2002-11-07,39.3525505065918,87.7300033569336,87.7300033569336,86.8499984741211,87.05000305175781,147900
2002-11-08,39.671016693115234,88.44000244140625,88.6500015258789,87.94999694824219,88.4000015258789,294700
2002-11-11,39.886322021484375,88.91999816894531,88.91999816894531,88.4000015258789,88.55000305175781,70000
2002-11-12,39.657588958740234,88.41000366210938,89.1500015258789,88.37000274658203,89.1500015258789,494300
2002-11-13,39.74281692504883,88.5999984741211,88.69000244140625,87.95999908447266,88.44999694824219,104700
2002-11-14,38.91745376586914,86.76000213623047,87.6500015258789,86.76000213623047,87.6500015258789,118000
2002-11-15,39.0744514465332,87.11000061035156,87.2300033569336,86.26000213623047,86.54000091552734,110700
2002-11-18,39.249393463134766,87.5,87.62999725341797,86.95999908447266,87.0199966430664,32200
2002-11-19,39.392921447753906,87.81999969482422,88.2300033569336,87.51000213623047,87.94999694824219,51800
2002-11-20,39.00715255737305,86.95999908447266,88.22000122070312,86.80999755859375,88.19999694824219,307400
2002-11-21,38.63037872314453,86.12000274658203,86.5,85.86000061035156,86.5,323200
2002-11-22,38.59445571899414,86.04000091552734,86.38999938964844,85.87999725341797,86.33000183105469,184800
2002-11-25,38.52271270751953,85.87999725341797,86.37999725341797,85.80000305175781,86.0,288200
2002-11-26,39.00715255737305,86.95999908447266,87.0199966430664,86.1500015258789,86.19999694824219,377800
2002-11-27,38.12797164916992,85.0,86.33000183105469,84.95999908447266,86.25,325600
2002-11-29,38.37467956542969,85.55000305175781,85.62999725341797,85.13999938964844,85.16000366210938,31700
2002-12-02,38.410301208496094,85.23999786376953,85.4000015258789,84.1500015258789,84.36000061035156,284900
2002-12-03,38.4643669128418,85.36000061035156,85.69999694824219,85.12000274658203,85.69999694824219,113800
2002-12-04,38.66263198852539,85.80000305175781,86.0,85.55000305175781,85.9000015258789,129000
2002-12-05,38.76178359985352,86.0199966430664,86.27999877929688,85.26000213623047,85.27999877929688,206400
2002-12-06,38.829345703125,86.16999816894531,87.08999633789062,85.76000213623047,87.0,440500
2002-12-09,39.045658111572266,86.6500015258789,86.8499984741211,86.16999816894531,86.19999694824219,400300
2002-12-10,39.1492919921875,86.87999725341797,86.93000030517578,86.5,86.61000061035156,151600
2002-12-11,39.410667419433594,87.45999908447266,87.6500015258789,86.95999908447266,87.1500015258789,163800
2002-12-12,39.37459945678711,87.37999725341797,87.5999984741211,87.05999755859375,87.05999755859375,135800
2002-12-13,38.99159240722656,86.52999877929688,87.16000366210938,86.52999877929688,87.13999938964844,425800
2002-12-16,38.698673248291016,85.87999725341797,86.9000015258789,85.83999633789062,86.9000015258789,115700
2002-12-17,38.698673248291016,85.87999725341797,86.3499984741211,85.68000030517578,86.30000305175781,290600
2002-12-18,39.000606536865234,86.55000305175781,86.69000244140625,86.25,86.4800033569336,191000
2002-12-19,39.347557067871094,87.31999969482422,87.48999786376953,86.6500015258789,86.80000305175781,134400
2002-12-20,39.37459945678711,87.37999725341797,87.55999755859375,87.1500015258789,87.2300033569336,41900
2002-12-23,39.38360595703125,87.4000015258789,87.4000015258789,86.25,87.36000061035156,74200
2002-12-24,39.60441589355469,87.88999938964844,88.08000183105469,87.83999633789062,88.0,46600
2002-12-26,39.681007385253906,88.05999755859375,88.05999755859375,87.7300033569336,87.9000015258789,13500
2002-12-27,40.11809539794922,89.02999877929688,89.02999877929688,88.27999877929688,88.55000305175781,140200
2002-12-30,40.21274948120117,89.23999786376953,89.23999786376953,88.62999725341797,88.9000015258789,274900
2002-12-31,40.111297607421875,88.56999969482422,89.33000183105469,88.31999969482422,88.94999694824219,109400
2003-01-02,39.0742073059082,86.27999877929688,87.9000015258789,86.20999908447266,87.69999694824219,192100
2003-01-03,39.164764404296875,86.4800033569336,86.54000091552734,85.83000183105469,86.1500015258789,311200
2003-01-06,39.06062698364258,86.25,86.29000091552734,85.80999755859375,86.16999816894531,35600
2003-01-07,39.20098114013672,86.55999755859375,86.75,86.16999816894531,86.19000244140625,69800
2003-01-08,39.3957405090332,86.98999786376953,87.13999938964844,86.77999877929688,86.87999725341797,160100
2003-01-09,38.63947296142578,85.31999969482422,86.16999816894531,85.0199966430664,86.16999816894531,237500
2003-01-10,38.73908615112305,85.54000091552734,85.91999816894531,85.12000274658203,85.91999816894531,145200
2003-01-13,38.802467346191406,85.68000030517578,85.87000274658203,85.4000015258789,85.54000091552734,53300
2003-01-14,38.93833541870117,85.9800033569336,86.27999877929688,85.95999908447266,86.0,98900
2003-01-15,39.128517150878906,86.4000015258789,86.69999694824219,86.19999694824219,86.27999877929688,129600
2003-01-16,39.18289566040039,86.5199966430664,86.5999984741211,85.62000274658203,86.37999725341797,57900
2003-01-17,39.37761306762695,86.94999694824219,87.23999786376953,86.93000030517578,87.0999984741211,97700
2003-01-21,39.60407257080078,87.44999694824219,87.44999694824219,86.80000305175781,86.87999725341797,107500
2003-01-22,39.798828125,87.87999725341797,87.9000015258789,87.5199966430664,87.68000030517578,107100
2003-01-23,39.60407257080078,87.44999694824219,87.69999694824219,87.30000305175781,87.31999969482422,110700
2003-01-24,39.83955383300781,87.97000122070312,88.44000244140625,87.73999786376953,87.73999786376953,285300
2003-01-27,39.69465637207031,87.6500015258789,88.04000091552734,87.5,87.9000015258789,150500
2003-01-28,39.69465637207031,87.6500015258789,87.77999877929688,87.0999984741211,87.6500015258789,454700
2003-01-29,39.47724533081055,87.16999816894531,87.87999725341797,86.9800033569336,87.83000183105469,221400
2003-01-30,39.7716064453125,87.81999969482422,87.9000015258789,87.0999984741211,87.19999694824219,108600
2003-01-31,39.880313873291016,88.05999755859375,88.20999908447266,87.54000091552734,87.9000015258789,182300
2003-02-03,39.938499450683594,87.87999725341797,87.91000366210938,87.30999755859375,87.66999816894531,55200
2003-02-04,40.115726470947266,88.2699966430664,88.4000015258789,88.11000061035156,88.37000274658203,56900
2003-02-05,39.77033996582031,87.51000213623047,88.69999694824219,87.43000030517578,88.2300033569336,223300
2003-02-06,40.093017578125,88.22000122070312,88.26000213623047,87.79000091552734,87.83999633789062,120900
2003-02-07,40.183868408203125,88.41999816894531,88.5199966430664,87.62999725341797,87.7699966430664,247200
2003-02-10,39.90214157104492,87.80000305175781,88.4000015258789,87.69000244140625,88.12000274658203,76600
2003-02-11,39.89303970336914,87.77999877929688,87.91000366210938,87.43000030517578,87.5999984741211,259100
2003-02-12,40.0339241027832,88.08999633789062,88.12999725341797,87.66999816894531,87.80000305175781,121300
2003-02-13,40.25208282470703,88.56999969482422,89.18000030517578,88.16999816894531,88.2699966430664,440200
2003-02-14,39.906707763671875,87.80999755859375,88.37000274658203,87.61000061035156,88.30000305175781,829700
2003-02-18,39.9566764831543,87.91999816894531,87.9800033569336,87.33999633789062,87.55999755859375,213200
2003-02-19,40.2293701171875,88.5199966430664,88.69999694824219,88.25,88.38999938964844,62100
2003-02-20,40.365692138671875,88.81999969482422,88.9000015258789,88.33999633789062,88.33999633789062,486700
2003-02-21,40.129398345947266,88.30000305175781,88.72000122070312,88.20999908447266,88.55999755859375,250400
2003-02-24,40.32025909423828,88.72000122070312,88.9000015258789,88.62000274658203,88.87999725341797,168200
2003-02-25,40.50658416748047,89.12999725341797,89.6500015258789,89.0,89.4000015258789,358500
2003-02-26,40.788387298583984,89.75,89.75,89.1500015258789,89.37999725341797,334000
2003-02-27,40.856536865234375,89.9000015258789,89.98999786376953,89.30999755859375,89.45999908447266,695700
2003-02-28,41.1155891418457,90.47000122070312,90.54000091552734,89.58000183105469,89.68000030517578,213100
2003-03-03,41.165748596191406,90.23999786376952,90.4499969482422,89.91000366210938,90.0,204100
2003-03-04,41.19310760498047,90.3000030517578,90.4499969482422,90.0199966430664,90.12999725341795,83100
2003-03-05,41.32997512817383,90.5999984741211,90.62999725341795,90.04000091552734,90.62000274658205,126000
2003-03-06,41.17030334472656,90.25,90.68000030517578,90.05999755859375,90.5500030517578,166000
2003-03-07,41.311763763427734,90.55999755859376,90.79000091552734,90.05000305175781,90.72000122070312,263800
2003-03-10,41.52610397338867,91.02999877929688,91.02999877929688,90.68000030517578,90.80999755859376,147200
2003-03-11,41.4531135559082,90.87000274658205,91.16000366210938,90.7300033569336,90.98999786376952,82800
2003-03-12,41.60369110107422,91.1999969482422,91.36000061035156,90.87999725341795,90.91999816894533,454800
2003-03-13,40.8372802734375,89.5199966430664,90.38999938964844,89.5199966430664,90.1500015258789,830200
2003-03-14,41.03800582885742,89.95999908447266,90.12000274658205,89.62000274658203,89.9000015258789,590900
2003-03-17,40.54534912109375,88.87999725341797,90.5199966430664,88.86000061035156,90.5199966430664,724400
2003-03-18,40.16215896606445,88.04000091552734,89.19999694824219,88.01000213623047,88.95999908447266,415200
2003-03-19,39.86566925048828,87.38999938964844,88.06999969482422,87.33000183105469,88.04000091552734,398400
2003-03-20,39.80178451538086,87.25,87.94999694824219,86.76000213623047,87.81999969482422,206700
2003-03-21,39.25432968139648,86.05000305175781,87.05000305175781,86.05000305175781,86.91999816894531,843400
2003-03-24,39.87472152709961,87.41000366210938,87.5999984741211,86.8499984741211,87.0999984741211,373800
2003-03-25,39.82914733886719,87.30999755859375,87.81999969482422,86.9000015258789,87.6500015258789,606400
2003-03-26,39.91126251220703,87.48999786376953,87.6500015258789,87.25,87.25,309500
2003-03-27,39.93862533569336,87.55000305175781,87.87000274658203,87.33000183105469,87.75,191600
2003-03-28,40.02981948852539,87.75,88.08000183105469,87.72000122070312,87.91999816894531,253400
2003-03-31,40.5544548034668,88.9000015258789,88.93000030517578,88.30000305175781,88.30000305175781,643800
2003-04-01,40.43899917602539,88.2699966430664,88.79000091552734,87.9000015258789,88.4000015258789,289800
2003-04-02,40.01753234863281,87.3499984741211,87.69999694824219,87.27999877929688,87.6500015258789,312200
2003-04-03,39.99463653564453,87.30000305175781,87.58000183105469,87.13999938964844,87.25,245600
2003-04-04,39.88008499145508,87.05000305175781,87.30000305175781,86.87999725341797,87.05999755859375,184900
2003-04-07,39.7884521484375,86.8499984741211,86.86000061035156,85.91999816894531,86.22000122070312,485400
2003-04-08,40.10917663574219,87.55000305175781,87.58999633789062,86.98999786376953,87.05000305175781,194700
2003-04-09,40.228294372558594,87.80999755859375,87.86000061035156,87.16999816894531,87.4000015258789,102400
2003-04-10,40.040409088134766,87.4000015258789,87.8499984741211,87.3499984741211,87.75,53300
2003-04-11,39.97630310058594,87.26000213623047,87.31999969482422,86.58999633789062,86.81999969482422,450000
2003-04-14,39.86635208129883,87.0199966430664,87.11000061035156,86.70999908447266,87.0999984741211,207100
2003-04-15,40.081695556640625,87.48999786376953,87.52999877929688,87.04000091552734,87.33000183105469,128500
2003-04-16,40.246604919433594,87.8499984741211,87.9000015258789,87.47000122070312,87.52999877929688,97700
2003-04-17,40.31072235107422,87.98999786376953,88.4000015258789,87.80000305175781,88.23999786376953,106200
2003-04-21,40.22367858886719,87.80000305175781,87.83000183105469,87.26000213623047,87.4800033569336,148000
2003-04-22,40.20076751708984,87.75,88.26000213623047,87.62000274658203,88.1500015258789,299900
2003-04-23,40.28327941894531,87.93000030517578,88.01000213623047,87.5999984741211,87.77999877929688,42700
2003-04-24,40.64516067504883,88.72000122070312,88.98999786376953,88.4000015258789,88.4000015258789,199000
2003-04-25,40.736812591552734,88.91999816894531,89.0999984741211,88.68000030517578,88.75,529700
2003-04-28,40.67266082763672,88.77999877929688,89.08999633789062,88.77999877929688,89.08999633789062,80500
2003-04-29,40.60392761230469,88.62999725341797,88.7699966430664,88.31999969482422,88.52999877929688,177500
2003-04-30,40.97958755493164,89.44999694824219,89.5199966430664,88.7300033569336,88.79000091552734,293400
2003-05-01,40.999420166015625,89.0199966430664,89.5999984741211,88.80000305175781,89.19999694824219,231200
2003-05-02,40.677001953125,88.31999969482422,89.06999969482422,88.2699966430664,89.05999755859375,231500
2003-05-05,40.893455505371094,88.79000091552734,88.87000274658203,88.19999694824219,88.30999755859375,77700
2003-05-06,41.09611511230469,89.2300033569336,89.4000015258789,88.5199966430664,88.83999633789062,260600
2003-05-07,41.575138092041016,90.2699966430664,90.33000183105467,89.81999969482422,90.0,306900
2003-05-08,41.67643356323242,90.48999786376952,90.9000015258789,90.27999877929688,90.5999984741211,437400
2003-05-09,41.71787643432617,90.58000183105467,90.62000274658205,90.1999969482422,90.3000030517578,110000
2003-05-12,41.98040771484375,91.1500015258789,91.19000244140624,90.7300033569336,91.13999938964844,364700
2003-05-13,42.0725212097168,91.3499984741211,91.37000274658205,90.83000183105467,90.9000015258789,227800
2003-05-14,42.71730422973633,92.75,92.9800033569336,91.62000274658205,91.83000183105467,1426500
2003-05-15,42.850868225097656,93.04000091552734,93.56999969482422,92.5999984741211,92.5999984741211,810300
2003-05-16,43.164024353027344,93.72000122070312,93.76000213623048,92.9499969482422,93.4800033569336,703900
2003-05-19,43.01666259765625,93.4000015258789,94.23999786376952,93.12999725341795,94.11000061035156,817800
2003-05-20,43.65226745605469,94.77999877929688,94.77999877929688,93.12000274658205,93.1500015258789,606600
2003-05-21,43.64763641357422,94.7699966430664,95.66000366210938,94.12000274658205,94.25,1799600
2003-05-22,44.03451156616211,95.61000061035156,95.6999969482422,94.9000015258789,95.0999984741211,576200
2003-05-23,44.14502716064453,95.8499984741211,96.20999908447266,95.63999938964844,95.7699966430664,690600
2003-05-27,43.34828186035156,94.12000274658205,95.70999908447266,94.12000274658205,95.62000274658205,846400
2003-05-28,43.27459335327149,93.95999908447266,94.13999938964844,93.30999755859376,93.9000015258789,730500
2003-05-29,43.65226745605469,94.77999877929688,94.8000030517578,94.06999969482422,94.3000030517578,508300
2003-05-30,43.569339752197266,94.5999984741211,94.73999786376952,93.97000122070312,94.4499969482422,722200
2003-06-02,43.24929428100586,93.51000213623048,93.87999725341795,93.08999633789062,93.87999725341795,478600
2003-06-03,43.596187591552734,94.26000213623048,94.58000183105467,93.70999908447266,93.76000213623048,389400
2003-06-04,43.7257194519043,94.54000091552734,94.70999908447266,94.0500030517578,94.45999908447266,394100
2003-06-05,43.3834228515625,93.8000030517578,95.37999725341795,93.8000030517578,95.1999969482422,820900
2003-06-06,43.54069900512695,94.13999938964844,94.1500015258789,93.37999725341795,93.6999969482422,276800
2003-06-09,43.8320426940918,94.7699966430664,94.87999725341795,94.2699966430664,94.6999969482422,282200
2003-06-10,44.354705810546875,95.9000015258789,95.93000030517578,95.06999969482422,95.08000183105467,534800
2003-06-11,44.29917907714844,95.77999877929688,96.5999984741211,95.6999969482422,96.25,633600
2003-06-12,44.64608383178711,96.52999877929688,96.7300033569336,96.01000213623048,96.11000061035156,315400
2003-06-13,44.94673156738281,97.18000030517578,97.27999877929688,96.76000213623048,96.93000030517578,478400
2003-06-16,44.52119064331055,96.26000213623048,97.66000366210938,96.26000213623048,97.5,789300
2003-06-17,44.16967010498047,95.5,96.02999877929688,95.4000015258789,95.97000122070312,691600
2003-06-18,43.60542678833008,94.27999877929688,95.05999755859376,94.1999969482422,95.05999755859376,657600
2003-06-19,43.52215194702149,94.0999984741211,94.4800033569336,93.5,93.95999908447266,817700
2003-06-20,43.36030578613281,93.75,94.0500030517578,93.02999877929688,93.9000015258789,561700
2003-06-23,43.61930084228515,94.30999755859376,94.43000030517578,93.52999877929688,93.81999969482422,819900
2003-06-24,44.02168655395508,95.18000030517578,95.18000030517578,94.01000213623048,94.1500015258789,292900
2003-06-25,43.318695068359375,93.66000366210938,95.48999786376952,93.4499969482422,95.41999816894533,1002800
2003-06-26,42.73591995239258,92.4000015258789,93.25,92.12000274658205,93.25,1423800
2003-06-27,42.58328628540039,92.06999969482422,92.5500030517578,91.5500030517578,92.5500030517578,735900
2003-06-30,42.78218460083008,92.5,92.5199966430664,91.68000030517578,91.91999816894533,541900
2003-07-01,42.56997299194336,91.69000244140624,92.48999786376952,91.51000213623048,92.1500015258789,449000
2003-07-02,42.676815032958984,91.91999816894533,92.06999969482422,91.11000061035156,91.1999969482422,338800
2003-07-03,42.06391525268555,90.5999984741211,91.70999908447266,90.5999984741211,91.6999969482422,559100
2003-07-07,41.79460906982422,90.0199966430664,90.58999633789062,90.0199966430664,90.27999877929688,465400
2003-07-08,41.8317985534668,90.0999984741211,90.4800033569336,89.62999725341797,90.43000030517578,389600
2003-07-09,41.966453552246094,90.38999938964844,90.69000244140624,90.11000061035156,90.52999877929688,270400
2003-07-10,41.95249557495117,90.36000061035156,90.75,90.12000274658205,90.69000244140624,718000
2003-07-11,42.15213394165039,90.79000091552734,90.79000091552734,90.20999908447266,90.3000030517578,389500
2003-07-14,41.669281005859375,89.75,90.87000274658205,89.62999725341797,90.68000030517578,465900
2003-07-15,40.69426727294922,87.6500015258789,89.86000061035156,87.4000015258789,89.54000091552734,3171100
2003-07-16,40.92646408081055,88.1500015258789,88.72000122070312,87.1500015258789,87.41000366210938,1205400
2003-07-17,40.80107879638672,87.87999725341797,88.04000091552734,87.18000030517578,87.33000183105469,1030600
2003-07-18,40.71748733520508,87.69999694824219,87.95999908447266,87.44000244140625,87.6500015258789,550800
2003-07-21,39.85393905639648,85.83999633789062,87.5999984741211,85.6500015258789,87.5,1267600
2003-07-22,40.0489387512207,86.26000213623047,86.36000061035156,85.44000244140625,85.97000122070312,1576900
2003-07-23,40.18362045288086,86.55000305175781,87.05000305175781,86.4000015258789,86.80000305175781,1374700
2003-07-24,39.83073425292969,85.79000091552734,86.08000183105469,85.55000305175781,85.9000015258789,701100
2003-07-25,39.72394561767578,85.55999755859375,86.62000274658203,85.4000015258789,85.9800033569336,1273500
2003-07-28,39.189998626708984,84.41000366210938,85.29000091552734,84.4000015258789,85.23999786376953,1268500
2003-07-29,38.65610122680664,83.26000213623047,85.3499984741211,83.26000213623047,84.18000030517578,2139300
2003-07-30,39.09248733520508,84.19999694824219,84.72000122070312,83.56999969482422,83.73999786376953,1963400
2003-07-31,38.5121955871582,82.94999694824219,83.70999908447266,82.2300033569336,83.69000244140625,4706400
2003-08-01,38.48324966430664,82.51000213623047,82.79000091552734,81.9800033569336,82.0999984741211,3061200
2003-08-04,38.81438446044922,83.22000122070312,83.22000122070312,82.3499984741211,82.4800033569336,1858700
2003-08-05,38.25935745239258,82.02999877929688,83.29000091552734,81.80000305175781,83.20999908447266,2413000
2003-08-06,39.01494598388672,83.6500015258789,83.7699966430664,82.37000274658203,82.5,2549700
2003-08-07,39.17817687988281,84.0,84.05000305175781,83.13999938964844,83.80000305175781,1796400
2003-08-08,39.01962661743164,83.66000366210938,84.79000091552734,83.6500015258789,84.33999633789062,2399100
2003-08-11,38.823726654052734,83.23999786376953,83.56999969482422,82.91000366210938,83.55000305175781,1355000
2003-08-12,38.64180374145508,82.8499984741211,83.6500015258789,82.80000305175781,83.41999816894531,1534200
2003-08-13,37.89558792114258,81.25,82.3499984741211,81.19000244140625,82.19999694824219,2258100
2003-08-14,38.2686882019043,82.05000305175781,82.0999984741211,80.91000366210938,81.44000244140625,1612300
2003-08-15,38.245365142822266,82.0,82.5,81.9000015258789,82.19999694824219,515100
2003-08-18,38.42264175415039,82.37999725341797,82.5999984741211,82.01000213623047,82.30000305175781,655300
2003-08-19,39.01494598388672,83.6500015258789,83.6500015258789,82.5,82.55000305175781,1086500
2003-08-20,38.80507278442383,83.19999694824219,83.87000274658203,82.73999786376953,83.83000183105469,503600
2003-08-21,38.71179962158203,83.0,83.44999694824219,82.41999816894531,83.05999755859375,783600
2003-08-22,38.88433074951172,83.37000274658203,83.8499984741211,82.9000015258789,82.94999694824219,413200
2003-08-25,38.581199645996094,82.72000122070312,83.54000091552734,82.25,83.31999969482422,648200
2003-08-26,38.88433074951172,83.37000274658203,83.37000274658203,82.31999969482422,82.44999694824219,837200
2003-08-27,38.70712661743164,82.98999786376953,83.2699966430664,82.61000061035156,83.2699966430664,409100
2003-08-28,39.10820007324219,83.8499984741211,83.9800033569336,83.2300033569336,83.2300033569336,557200
2003-08-29,39.01494598388672,83.6500015258789,83.98999786376953,83.37999725341797,83.94000244140625,651100
2003-09-02,38.444339752197266,82.05999755859375,83.6500015258789,82.04000091552734,83.62999725341797,868700
2003-09-03,38.50522994995117,82.19000244140625,82.4800033569336,81.87999725341797,82.4800033569336,639900
2003-09-04,38.72074890136719,82.6500015258789,82.70999908447266,82.16000366210938,82.48999786376953,562900
2003-09-05,39.38600540161133,84.06999969482422,84.08999633789062,83.16999816894531,83.4000015258789,838000
2003-09-08,38.97842025756836,83.19999694824219,84.44999694824219,83.19999694824219,83.62999725341797,621100
2003-09-09,39.259490966796875,83.80000305175781,83.94000244140625,82.91999816894531,83.5199966430664,599900
2003-09-10,39.6577033996582,84.6500015258789,84.69999694824219,83.81999969482422,83.9000015258789,1285900
2003-09-11,39.40003204345703,84.0999984741211,84.37999725341797,83.80000305175781,84.26000213623047,859500
2003-09-12,39.67177963256836,84.68000030517578,85.37999725341797,84.44999694824219,85.0199966430664,1375300
2003-09-15,39.610870361328125,84.55000305175781,84.88999938964844,84.11000061035156,84.5,367100
2003-09-16,39.549957275390625,84.41999816894531,84.5,83.9000015258789,84.37000274658203,655200
2003-09-17,40.0418815612793,85.47000122070312,85.55999755859375,84.4800033569336,84.72000122070312,1223900
2003-09-18,40.06999206542969,85.52999877929688,85.6500015258789,84.83000183105469,85.6500015258789,615000
2003-09-19,40.116844177246094,85.62999725341797,86.02999877929688,85.48999786376953,85.6500015258789,869300
2003-09-22,39.79823684692383,84.94999694824219,85.18000030517578,84.2300033569336,85.0,1126400
2003-09-23,40.06999206542969,85.52999877929688,85.54000091552734,84.63999938964844,84.87999725341797,632100
2003-09-24,40.41665267944336,86.2699966430664,86.48999786376953,85.33999633789062,85.54000091552734,1005300
2003-09-25,40.618133544921875,86.69999694824219,86.72000122070312,86.1500015258789,86.30000305175781,846800
2003-09-26,40.98356246948242,87.4800033569336,87.48999786376953,86.81999969482422,86.94000244140625,1869700
2003-09-29,40.65560531616211,86.77999877929688,87.44999694824219,86.66000366210938,87.0199966430664,743000
2003-09-30,41.33023452758789,88.22000122070312,88.25,86.95999908447266,87.0,1623900
2003-10-01,41.173583984375,87.5199966430664,87.93000030517578,87.3499984741211,87.5,931900
2003-10-02,40.98543167114258,87.12000274658203,87.44999694824219,86.4000015258789,86.83999633789062,1194100
2003-10-03,40.12446975708008,85.29000091552734,86.19999694824219,85.0999984741211,86.05000305175781,1451200
2003-10-06,40.29853439331055,85.66000366210938,85.79000091552734,85.08000183105469,85.12000274658203,507200
2003-10-07,39.83277130126953,84.66999816894531,85.56999969482422,84.62999725341797,85.44999694824219,594200
2003-10-08,39.823368072509766,84.6500015258789,84.9800033569336,84.3499984741211,84.44999694824219,811800
2003-10-09,39.54111862182617,84.05000305175781,84.12999725341797,83.6500015258789,83.91999816894531,1385600
2003-10-10,39.776363372802734,84.55000305175781,84.7300033569336,84.30000305175781,84.5,256600
2003-10-13,39.621097564697266,84.22000122070312,84.5,84.22000122070312,84.3499984741211,116300
2003-10-14,39.348236083984375,83.63999938964844,84.0999984741211,83.55000305175781,83.75,337100
2003-10-15,39.15533828735352,83.2300033569336,83.30000305175781,82.8499984741211,83.16000366210938,465600
2003-10-16,39.00012969970703,82.9000015258789,83.7699966430664,82.75,83.4800033569336,564900
2003-10-17,39.30119323730469,83.54000091552734,83.69000244140625,83.01000213623047,83.08000183105469,354500
2003-10-20,39.43293762207031,83.81999969482422,84.1500015258789,83.41999816894531,83.44999694824219,281600
2003-10-21,39.578758239746094,84.12999725341797,84.37999725341797,83.8499984741211,84.02999877929688,429700
2003-10-22,39.96452713012695,84.94999694824219,85.0,84.4000015258789,84.5999984741211,798000
2003-10-23,39.6728515625,84.33000183105469,85.0,84.0199966430664,85.0,1055600
2003-10-24,40.11505126953125,85.2699966430664,85.5999984741211,84.66000366210938,85.0,1412200
2003-10-27,40.03508758544922,85.0999984741211,85.33000183105469,84.80000305175781,85.1500015258789,346900
2003-10-28,40.24678039550781,85.55000305175781,85.69000244140625,84.56999969482422,84.8499984741211,2200300
2003-10-29,39.88454818725586,84.77999877929688,85.3499984741211,84.61000061035156,85.27999877929688,926600
2003-10-30,39.70579528808594,84.4000015258789,84.55000305175781,83.80000305175781,84.0,936300
2003-10-31,40.07744216918945,85.19000244140625,85.22000122070312,83.73999786376953,84.7300033569336,887400
2003-11-03,39.88754653930664,84.44000244140625,84.58000183105469,84.04000091552734,84.55999755859375,957700
2003-11-04,40.11427307128906,84.91999816894531,84.97000122070312,84.58999633789062,84.6500015258789,246500
2003-11-05,39.84029769897461,84.33999633789062,84.81999969482422,84.26000213623047,84.81999969482422,275100
2003-11-06,39.467132568359375,83.55000305175781,83.91999816894531,83.5,83.7699966430664,861600
2003-11-07,39.44349670410156,83.5,83.58999633789062,83.05000305175781,83.12000274658203,725700
2003-11-10,39.41041946411133,83.43000030517578,83.83999633789062,83.19999694824219,83.5999984741211,553900
2003-11-11,39.4151611328125,83.44000244140625,83.5,83.36000061035156,83.44999694824219,99900
2003-11-12,39.70330429077149,84.05000305175781,84.1500015258789,83.79000091552734,83.86000061035156,321400
2003-11-13,40.317405700683594,85.3499984741211,85.37000274658203,84.54000091552734,84.5999984741211,920400
2003-11-14,40.5866584777832,85.91999816894531,85.95999908447266,85.19999694824219,85.30000305175781,484800
2003-11-17,40.648075103759766,86.05000305175781,86.58999633789062,85.94999694824219,86.13999938964844,695000
2003-11-18,40.898414611816406,86.58000183105469,86.61000061035156,85.77999877929688,85.97000122070312,632200
2003-11-19,40.44493103027344,85.62000274658203,86.62000274658203,85.55999755859375,86.41999816894531,553900
2003-11-20,40.8370246887207,86.44999694824219,86.48999786376953,85.80000305175781,86.25,373300
2003-11-21,40.86065673828125,86.5,86.93000030517578,86.5,86.58000183105469,516900
2003-11-24,40.5252571105957,85.79000091552734,86.30999755859375,85.75,86.18000030517578,573800
2003-11-25,40.74728012084961,86.26000213623047,86.5199966430664,85.94999694824219,85.94999694824219,298700
2003-11-26,40.5819206237793,85.91000366210938,86.4000015258789,85.33000183105469,86.0999984741211,613800
2003-11-28,40.213470458984375,85.12999725341797,85.4000015258789,85.12999725341797,85.3499984741211,311300
2003-12-01,39.989410400390625,84.23999786376953,84.56999969482422,83.80000305175781,84.4000015258789,1106600
2003-12-02,40.1602897644043,84.5999984741211,84.5999984741211,84.0,84.4000015258789,589100
2003-12-03,39.99893951416016,84.26000213623047,84.77999877929688,83.94999694824219,84.51000213623047,1446100
2003-12-04,40.08905792236328,84.44999694824219,84.66999816894531,84.19000244140625,84.26000213623047,561500
2003-12-05,40.72994613647461,85.80000305175781,86.2300033569336,85.12000274658203,85.30000305175781,1163800
2003-12-08,40.44511032104492,85.19999694824219,85.77999877929688,85.08999633789062,85.77999877929688,436200
2003-12-09,40.1602897644043,84.5999984741211,85.69999694824219,84.36000061035156,85.44999694824219,939200
2003-12-10,40.226749420166016,84.73999786376953,85.0999984741211,84.55000305175781,85.06999969482422,555700
2003-12-11,40.516319274902344,85.3499984741211,85.37999725341797,84.37000274658203,84.51000213623047,510500
2003-12-12,40.592308044433594,85.51000213623047,85.87999725341797,85.41999816894531,85.41999816894531,553100
2003-12-15,40.5685920715332,85.45999908447266,85.87999725341797,85.18000030517578,85.5,690000
2003-12-16,40.70145034790039,85.73999786376953,85.86000061035156,85.2699966430664,85.4000015258789,462800
2003-12-17,40.97682571411133,86.31999969482422,86.6500015258789,86.19999694824219,86.2300033569336,533100
2003-12-18,41.34706115722656,87.0999984741211,87.0999984741211,86.30000305175781,86.30000305175781,708100
2003-12-19,41.332855224609375,87.06999969482422,87.06999969482422,86.61000061035156,86.97000122070312,477600
2003-12-22,41.21891403198242,86.83000183105469,87.33999633789062,86.6500015258789,87.12000274658203,483700
2003-12-23,40.753684997558594,85.8499984741211,86.69999694824219,85.8499984741211,86.52999877929688,446600
2003-12-24,41.13819885253906,86.66000366210938,86.66000366210938,86.16999816894531,86.37000274658203,138900
2003-12-26,41.29010391235352,86.9800033569336,87.04000091552734,86.9000015258789,86.9000015258789,80500
2003-12-29,40.91984558105469,86.19999694824219,86.7699966430664,86.16999816894531,86.69999694824219,187800
2003-12-30,40.753684997558594,85.8499984741211,86.13999938964844,85.5999984741211,85.80000305175781,393900
2003-12-31,40.7536735534668,85.44999694824219,85.56999969482422,85.30000305175781,85.37000274658203,171400
2004-01-02,40.27200698852539,84.44000244140625,85.08999633789062,84.08000183105469,85.08999633789062,867100
2004-01-05,40.16704177856445,84.22000122070312,84.37999725341797,83.9000015258789,84.01000213623047,626400
2004-01-06,40.610618591308594,85.1500015258789,85.38999938964844,84.5,84.54000091552734,690500
2004-01-07,40.772762298583984,85.48999786376953,85.69999694824219,84.88999938964844,85.0999984741211,252000
2004-01-08,40.758487701416016,85.45999908447266,85.63999938964844,85.18000030517578,85.30000305175781,513300
2004-01-09,41.46910095214844,86.94999694824219,87.06999969482422,86.01000213623047,86.87999725341797,1623000
2004-01-12,41.435699462890625,86.87999725341797,87.37999725341797,86.5999984741211,86.5999984741211,863200
2004-01-13,41.71710586547851,87.47000122070312,87.47000122070312,86.55999755859375,86.68000030517578,465700
2004-01-14,41.92220306396485,87.9000015258789,87.91999816894531,87.1500015258789,87.48999786376953,1180300
2004-01-15,42.079551696777344,88.2300033569336,88.30999755859375,87.5999984741211,87.94999694824219,1537200
2004-01-16,41.78385925292969,87.61000061035156,88.80000305175781,87.61000061035156,88.68000030517578,751800
2004-01-20,41.774314880371094,87.58999633789062,87.93000030517578,87.5,87.5,629600
2004-01-21,41.87449645996094,87.80000305175781,87.80999755859375,87.44000244140625,87.75,570500
2004-01-22,42.1796875,88.44000244140625,88.4800033569336,87.70999908447266,87.94999694824219,443600
2004-01-23,41.674171447753906,87.37999725341797,88.9000015258789,87.26000213623047,88.55999755859375,1021300
2004-01-26,41.42137145996094,86.8499984741211,87.36000061035156,86.66999816894531,87.30000305175781,639500
2004-01-27,41.67893600463867,87.38999938964844,87.4000015258789,86.7300033569336,86.7300033569336,576100
2004-01-28,41.31169891357422,86.62000274658203,87.8499984741211,85.86000061035156,87.25,1823800
2004-01-29,41.225860595703125,86.44000244140625,86.58000183105469,86.0199966430664,86.22000122070312,814500
2004-01-30,41.51200866699219,87.04000091552734,87.22000122070312,86.5999984741211,86.9000015258789,526200
2004-02-02,41.424842834472656,86.5,86.87999725341797,86.37999725341797,86.44999694824219,335600
2004-02-03,41.63557815551758,86.94000244140625,86.98999786376953,86.5999984741211,86.91999816894531,350900
2004-02-04,41.55413818359375,86.7699966430664,86.86000061035156,86.4800033569336,86.79000091552734,645700
2004-02-05,41.3913459777832,86.43000030517578,87.08000183105469,86.23999786376953,86.83999633789062,971400
2004-02-06,41.84627532958984,87.37999725341797,87.44999694824219,87.02999877929688,87.13999938964844,798200
2004-02-09,41.97077560424805,87.63999938964844,87.63999938964844,87.38999938964844,87.55999755859375,272400
2004-02-10,41.73615646362305,87.1500015258789,87.55000305175781,87.04000091552734,87.4800033569336,203200
2004-02-11,42.04742431640625,87.80000305175781,88.19999694824219,86.91000366210938,87.0199966430664,1335100
2004-02-12,41.870243072509766,87.43000030517578,88.0,87.26000213623047,87.8499984741211,256700
2004-02-13,42.04742431640625,87.80000305175781,88.0999984741211,87.56999969482422,87.80000305175781,513600
2004-02-17,42.01866912841797,87.73999786376953,87.88999938964844,87.52999877929688,87.86000061035156,644100
2004-02-18,42.07617950439453,87.86000061035156,88.18000030517578,87.69000244140625,88.0999984741211,990900
2004-02-19,42.11925506591797,87.94999694824219,87.94999694824219,87.47000122070312,87.52999877929688,668900
2004-02-20,41.82710647583008,87.33999633789062,87.83000183105469,87.19999694824219,87.75,1009800
2004-02-23,42.085723876953125,87.87999725341797,87.87999725341797,87.31999969482422,87.38999938964844,504000
2004-02-24,42.16238784790039,88.04000091552734,88.38999938964844,87.86000061035156,88.05000305175781,940900
2004-02-25,42.2293701171875,88.18000030517578,88.36000061035156,88.02999877929688,88.22000122070312,572300
2004-02-26,42.09531784057617,87.9000015258789,87.95999908447266,87.54000091552734,87.8499984741211,399100
2004-02-27,42.45926284790039,88.66000366210938,88.77999877929688,87.95999908447266,88.22000122070312,836000
2004-03-01,42.44291305541992,88.2699966430664,88.63999938964844,88.04000091552734,88.45999908447266,771900
2004-03-02,42.173675537109375,87.70999908447266,88.19999694824219,87.4000015258789,88.12000274658203,676000
2004-03-03,42.09673309326172,87.55000305175781,87.63999938964844,87.11000061035156,87.38999938964844,718000
2004-03-04,42.284236907958984,87.94000244140625,87.94999694824219,87.33999633789062,87.4000015258789,421600
2004-03-05,43.10170364379883,89.63999938964844,90.0,89.5199966430664,89.7699966430664,2789800
2004-03-08,43.35648727416992,90.16999816894533,90.31999969482422,90.0,90.05999755859375,1309400
2004-03-09,43.64497375488281,90.7699966430664,90.8499984741211,90.19000244140624,90.25,829000
2004-03-10,43.61616516113281,90.70999908447266,90.93000030517578,90.4800033569336,90.5199966430664,878900
2004-03-11,43.67866897583008,90.83999633789062,91.0500030517578,90.1500015258789,91.0500030517578,1337100
2004-03-12,43.409423828125,90.27999877929688,90.80999755859376,90.22000122070312,90.61000061035156,442100
2004-03-15,43.48154830932617,90.43000030517578,90.63999938964844,90.2300033569336,90.41999816894533,756200
2004-03-16,43.84218215942383,91.18000030517578,91.18000030517578,90.05000305175781,90.29000091552734,1374200
2004-03-17,43.769996643066406,91.02999877929688,91.4800033569336,90.9000015258789,91.47000122070312,1936500
2004-03-18,43.539268493652344,90.5500030517578,91.05999755859376,90.4000015258789,90.70999908447266,1842100
2004-03-19,43.48154830932617,90.43000030517578,90.5999984741211,90.20999908447266,90.47000122070312,366700
2004-03-22,43.745994567871094,90.9800033569336,90.9800033569336,90.58999633789062,90.58999633789062,947200
2004-03-23,43.822906494140625,91.13999938964844,91.13999938964844,90.75,90.88999938964844,562200
2004-03-24,43.79887008666992,91.08999633789062,91.2300033569336,90.91999816894533,91.16000366210938,327400
2004-03-25,43.63054275512695,90.73999786376952,90.94000244140624,90.6500015258789,90.72000122070312,514000
2004-03-26,43.16901016235352,89.77999877929688,90.5999984741211,89.5999984741211,90.4800033569336,1378600
2004-03-29,42.880489349365234,89.18000030517578,89.2300033569336,88.9000015258789,89.05000305175781,2454000
2004-03-30,42.85162353515625,89.12000274658203,89.43000030517578,89.06999969482422,89.30000305175781,1021000
2004-03-31,43.05836486816406,89.55000305175781,89.62999725341797,89.20999908447266,89.25,1647300
2004-04-01,42.91747283935547,88.91000366210938,89.05999755859375,88.55000305175781,88.9800033569336,1309200
2004-04-02,41.855464935302734,86.70999908447266,87.12999725341797,86.41000366210938,87.12999725341797,2603700
2004-04-05,41.52728271484375,86.02999877929688,86.38999938964844,85.91000366210938,86.31999969482422,1422700
2004-04-06,41.75412368774414,86.5,86.5,86.19999694824219,86.4000015258789,1695400
2004-04-07,41.65757751464844,86.30000305175781,86.80000305175781,86.25,86.30000305175781,659600
2004-04-08,41.53689193725586,86.05000305175781,86.41999816894531,85.9800033569336,86.16999816894531,893700
2004-04-12,41.38725280761719,85.73999786376953,85.87000274658203,85.5999984741211,85.80999755859375,311700
2004-04-13,40.9383544921875,84.80999755859375,85.11000061035156,84.7699966430664,84.93000030517578,1449500
2004-04-14,40.904537200927734,84.73999786376953,84.76000213623047,83.9800033569336,83.9800033569336,2529200
2004-04-15,40.66323471069336,84.23999786376953,84.80000305175781,84.18000030517578,84.66999816894531,1184800
2004-04-16,40.81769561767578,84.55999755859375,84.87000274658203,84.41000366210938,84.68000030517578,986900
2004-04-19,40.730770111083984,84.37999725341797,84.91000366210938,84.30000305175781,84.8499984741211,682100
2004-04-20,40.35908126831055,83.61000061035156,84.43000030517578,83.61000061035156,84.2699966430664,1618700
2004-04-21,40.556983947753906,84.0199966430664,84.31999969482422,83.72000122070312,83.72000122070312,763600
2004-04-22,40.79832077026367,84.5199966430664,84.58999633789062,84.13999938964844,84.25,1024300
2004-04-23,40.56665802001953,84.04000091552734,84.33999633789062,83.75,84.11000061035156,963200
2004-04-26,40.634254455566406,84.18000030517578,84.29000091552734,84.05999755859375,84.08999633789062,515800
2004-04-27,40.7886962890625,84.5,84.55000305175781,84.08000183105469,84.4000015258789,1033400
2004-04-28,40.40736389160156,83.70999908447266,84.43000030517578,83.61000061035156,84.30000305175781,1215700
2004-04-29,40.2094841003418,83.30000305175781,84.18000030517578,83.01000213623047,83.75,2504900
2004-04-30,40.37360382080078,83.63999938964844,83.80000305175781,83.2699966430664,83.43000030517578,831500
2004-05-03,40.4244499206543,83.41999816894531,83.56999969482422,83.0999984741211,83.0999984741211,668800
2004-05-04,40.14826202392578,82.8499984741211,83.9000015258789,82.69000244140625,83.62999725341797,3950900
2004-05-05,40.03680419921875,82.62000274658203,83.26000213623047,82.5,83.26000213623047,2236600
2004-05-06,39.9301872253418,82.4000015258789,82.6500015258789,82.37000274658203,82.55999755859375,3163200
2004-05-07,39.40682220458984,81.31999969482422,81.5,81.0999984741211,81.44999694824219,1756400
2004-05-10,39.314735412597656,81.12999725341797,81.61000061035156,81.11000061035156,81.4800033569336,958700
2004-05-11,39.4940185546875,81.5,81.5199966430664,81.11000061035156,81.11000061035156,766000
2004-05-12,39.23234558105469,80.95999908447266,81.44000244140625,80.94000244140625,81.4000015258789,1945700
2004-05-13,39.082122802734375,80.6500015258789,80.91999816894531,80.51000213623047,80.88999938964844,1187000
2004-05-14,39.40196990966797,81.30999755859375,81.38999938964844,80.7300033569336,81.04000091552734,4086400
2004-05-17,39.75086975097656,82.02999877929688,82.06999969482422,81.68000030517578,81.87000274658203,1735600
2004-05-18,39.59577178955078,81.70999908447266,81.91000366210938,81.56999969482422,81.69999694824219,674200
2004-05-19,39.4649772644043,81.44000244140625,81.44999694824219,81.1500015258789,81.4000015258789,319200
2004-05-20,39.7702522277832,82.06999969482422,82.0999984741211,81.62000274658203,81.73999786376953,1745900
2004-05-21,39.61032485961914,81.73999786376953,82.37999725341797,81.58999633789062,82.37000274658203,1461900
2004-05-24,39.73634719848633,82.0,82.08000183105469,81.68000030517578,81.93000030517578,314800
2004-05-25,39.852630615234375,82.23999786376953,82.31999969482422,82.01000213623047,82.02999877929688,645300
2004-05-26,40.065879821777344,82.68000030517578,82.7300033569336,82.31999969482422,82.4000015258789,505500
2004-05-27,40.380828857421875,83.33000183105469,83.4000015258789,82.83000183105469,83.02999877929688,1122800
2004-05-28,40.269386291503906,83.0999984741211,83.5,82.75,83.0199966430664,612700
2004-06-01,39.90066909790039,82.0199966430664,82.4000015258789,81.69999694824219,82.37000274658203,662000
2004-06-02,39.79849624633789,81.80999755859375,82.12999725341797,81.76000213623047,82.0199966430664,906600
2004-06-03,39.88117218017578,81.9800033569336,82.05000305175781,81.58999633789062,81.80000305175781,1173600
2004-06-04,39.64767074584961,81.5,82.12999725341797,81.44000244140625,82.04000091552734,568200
2004-06-07,39.65742492675781,81.5199966430664,81.58999633789062,81.22000122070312,81.41999816894531,377200
2004-06-08,39.73038482666016,81.66999816894531,81.68000030517578,81.08000183105469,81.19999694824219,1294200
2004-06-09,39.56012725830078,81.31999969482422,81.5199966430664,81.0,81.44999694824219,589400
2004-06-10,39.637943267822266,81.4800033569336,81.5999984741211,81.1500015258789,81.36000061035156,336200
2004-06-14,39.32172775268555,80.83000183105469,81.26000213623047,80.76000213623047,81.19999694824219,892200
2004-06-15,40.15359878540039,82.54000091552734,82.62000274658203,81.80999755859375,81.80999755859375,1567400
2004-06-16,39.99794387817383,82.22000122070312,82.33999633789062,81.98999786376953,82.05000305175781,494700
2004-06-17,40.2606315612793,82.76000213623047,82.7699966430664,81.97000122070312,82.08999633789062,552800
2004-06-18,40.173072814941406,82.58000183105469,82.8499984741211,82.37000274658203,82.76000213623047,394500
2004-06-21,40.2022819519043,82.63999938964844,82.75,82.48999786376953,82.62999725341797,731900
2004-06-22,40.08061981201172,82.38999938964844,82.58999633789062,82.36000061035156,82.43000030517578,362700
2004-06-23,40.15851211547851,82.55000305175781,82.68000030517578,82.18000030517578,82.29000091552734,302900
2004-06-24,40.40171432495117,83.05000305175781,83.33999633789062,82.9000015258789,83.26000213623047,1087900
2004-06-25,40.44063186645508,83.12999725341797,83.1500015258789,82.87000274658203,82.91999816894531,253200
2004-06-28,40.027095794677734,82.27999877929688,82.87000274658203,82.18000030517578,82.77999877929688,573100
2004-06-29,40.28010177612305,82.80000305175781,82.83999633789062,82.16999816894531,82.4000015258789,401500
2004-06-30,40.69359588623047,83.6500015258789,83.75,82.91000366210938,83.02999877929688,1730800
2004-07-01,40.769779205322266,83.47000122070312,83.55999755859375,82.93000030517578,83.3499984741211,1099300
2004-07-02,41.199607849121094,84.3499984741211,84.69000244140625,84.26000213623047,84.66000366210938,1293300
2004-07-06,41.13125991821289,84.20999908447266,84.58999633789062,84.13999938964844,84.56999969482422,351600
2004-07-07,41.14588928222656,84.23999786376953,84.41999816894531,84.12999725341797,84.19999694824219,303500
2004-07-08,41.17032241821289,84.29000091552734,84.54000091552734,84.2300033569336,84.30000305175781,715200
2004-07-09,41.21427917480469,84.37999725341797,84.41999816894531,84.08999633789062,84.25,2152900
2004-07-12,41.27289962768555,84.5,84.66000366210938,84.44000244140625,84.61000061035156,1297800
2004-07-13,41.15077590942383,84.25,84.2699966430664,83.94999694824219,84.19999694824219,307100
2004-07-14,41.16541290283203,84.27999877929688,84.37000274658203,84.1500015258789,84.31999969482422,241400
2004-07-15,41.20938873291016,84.37000274658203,84.37999725341797,84.16999816894531,84.29000091552734,562700
2004-07-16,41.75642776489258,85.48999786376953,85.5,84.8499984741211,84.8499984741211,2970600
2004-07-19,41.78575134277344,85.55000305175781,85.56999969482422,85.36000061035156,85.41000366210938,978300
2004-07-20,41.40964889526367,84.77999877929688,85.37999725341797,84.5999984741211,85.30999755859375,1091500
2004-07-21,41.29730224609375,84.55000305175781,84.55999755859375,84.19000244140625,84.41000366210938,662800
2004-07-22,41.355918884277344,84.66999816894531,84.8499984741211,84.58000183105469,84.58000183105469,154700
2004-07-23,41.49269485473633,84.94999694824219,84.97000122070312,84.77999877929688,84.77999877929688,209200
2004-07-26,41.29730224609375,84.55000305175781,84.83999633789062,84.45999908447266,84.83999633789062,712000
2004-07-27,40.74050521850586,83.41000366210938,84.47000122070312,83.41000366210938,84.4000015258789,961200
2004-07-28,40.74534225463867,83.41999816894531,83.52999877929688,83.04000091552734,83.22000122070312,495200
2004-07-29,40.83815002441406,83.61000061035156,83.6500015258789,83.2699966430664,83.2699966430664,519600
2004-07-30,41.31684875488281,84.58999633789062,84.62999725341797,84.0,84.06999969482422,578400
2004-08-02,41.37077713012695,84.37000274658203,84.61000061035156,84.31999969482422,84.5,714800
2004-08-03,41.53750228881836,84.70999908447266,84.83000183105469,84.4000015258789,84.48999786376953,509500
2004-08-04,41.557125091552734,84.75,85.12000274658203,84.5,84.68000030517578,481300
2004-08-05,41.6747932434082,84.98999786376953,85.08999633789062,84.86000061035156,84.87999725341797,623100
2004-08-06,42.376007080078125,86.41999816894531,86.86000061035156,86.12000274658203,86.41000366210938,1240900
2004-08-09,42.2288932800293,86.12000274658203,86.33999633789062,86.06999969482422,86.1500015258789,322100
2004-08-10,42.07689666748047,85.80999755859375,86.44000244140625,85.80999755859375,86.26000213623047,860100
2004-08-11,42.25831604003906,86.18000030517578,86.2699966430664,85.7300033569336,85.81999969482422,898400
2004-08-12,42.3465690612793,86.36000061035156,86.36000061035156,85.88999938964844,86.0,697500
2004-08-13,42.48387145996094,86.63999938964844,86.9000015258789,86.5199966430664,86.66999816894531,637500
2004-08-16,42.336769104003906,86.33999633789062,86.52999877929688,86.0199966430664,86.47000122070312,729400
2004-08-17,42.57704544067383,86.83000183105469,86.8499984741211,86.36000061035156,86.4000015258789,182000
2004-08-18,42.371070861816406,86.41000366210938,87.05999755859375,86.4000015258789,87.02999877929688,365300
2004-08-19,42.47405624389648,86.62000274658203,86.75,86.33999633789062,86.5,372900
2004-08-20,42.43482208251953,86.54000091552734,86.75,86.4000015258789,86.58000183105469,875400
2004-08-23,42.18962097167969,86.04000091552734,86.16999816894531,85.97000122070312,86.11000061035156,1007200
2004-08-24,42.21415328979492,86.08999633789062,86.13999938964844,85.7699966430664,85.94999694824219,1044200
2004-08-25,42.36127471923828,86.38999938964844,86.63999938964844,86.25,86.31999969482422,588200
2004-08-26,42.60152816772461,86.87999725341797,86.87999725341797,86.44000244140625,86.55999755859375,478000
2004-08-27,42.57211685180664,86.81999969482422,87.02999877929688,86.63999938964844,86.83000183105469,304400
2004-08-30,42.773155212402344,87.2300033569336,87.2300033569336,86.91999816894531,87.0,259100
2004-08-31,43.03793716430664,87.7699966430664,88.0,87.23999786376953,87.30000305175781,1721100
2004-09-01,43.08228302001953,87.51000213623047,87.69999694824219,87.1500015258789,87.69999694824219,1388900
2004-09-02,42.65886688232422,86.6500015258789,87.37000274658203,86.6500015258789,87.37000274658203,867000
2004-09-03,42.663795471191406,86.66000366210938,86.66000366210938,86.0,86.47000122070312,958100
2004-09-07,42.61949920654297,86.56999969482422,86.58000183105469,86.19000244140625,86.23999786376953,475500
2004-09-08,42.9788932800293,87.30000305175781,87.31999969482422,86.18000030517578,86.26000213623047,584800
2004-09-09,42.816444396972656,86.97000122070312,87.58000183105469,86.86000061035156,87.22000122070312,284800
2004-09-10,42.88042449951172,87.0999984741211,87.52999877929688,87.05999755859375,87.37999725341797,711700
2004-09-13,43.06751251220703,87.4800033569336,87.52999877929688,87.12000274658203,87.19999694824219,152900
2004-09-14,43.111820220947266,87.56999969482422,87.68000030517578,87.18000030517578,87.36000061035156,695700
2004-09-15,43.01333999633789,87.37000274658203,87.5,87.18000030517578,87.5,642500
2004-09-16,43.50074005126953,88.36000061035156,88.4800033569336,87.5,87.55999755859375,1103400
2004-09-17,43.284122467041016,87.91999816894531,88.38999938964844,87.88999938964844,88.12999725341797,765400
2004-09-20,43.56966781616211,88.5,88.56999969482422,88.19000244140625,88.26000213623047,727200
2004-09-21,43.697662353515625,88.76000213623047,88.91999816894531,88.0999984741211,88.36000061035156,1018500
2004-09-22,44.1506233215332,89.68000030517578,89.80999755859375,88.6500015258789,88.80000305175781,2541200
2004-09-23,43.97336196899414,89.31999969482422,89.87999725341797,89.31999969482422,89.66999816894531,2391000
2004-09-24,44.027488708496094,89.43000030517578,89.48999786376953,89.0999984741211,89.3499984741211,1984300
2004-09-27,44.219512939453125,89.81999969482422,89.88999938964844,89.56999969482422,89.5999984741211,1420800
2004-09-28,44.042259216308594,89.45999908447266,89.94999694824219,89.22000122070312,89.68000030517578,1161100
2004-09-29,43.614013671875,88.58999633789062,88.87000274658203,88.55999755859375,88.69999694824219,1970700
2004-09-30,43.44656753540039,88.25,88.37000274658203,87.95999908447266,88.13999938964844,1945700
2004-10-01,43.229583740234375,87.44999694824219,87.62999725341797,87.29000091552734,87.5,1999300
2004-10-04,43.29385757446289,87.58000183105469,87.5999984741211,87.0,87.0,1106200
2004-10-05,43.29385757446289,87.58000183105469,87.69999694824219,87.41999816894531,87.52999877929688,501700
2004-10-06,43.09611129760742,87.18000030517578,87.47000122070312,87.0199966430664,87.44999694824219,531300
2004-10-07,42.908294677734375,86.80000305175781,87.18000030517578,86.73999786376953,87.0,2128600
2004-10-08,43.476776123046875,87.94999694824219,88.20999908447266,87.75,87.97000122070312,1534500
2004-10-11,43.52120590209961,88.04000091552734,88.0999984741211,87.7300033569336,87.94999694824219,60800
2004-10-12,43.620079040527344,88.23999786376953,88.38999938964844,88.16000366210938,88.33999633789062,757900
2004-10-13,43.77831268310547,88.55999755859375,88.55999755859375,87.94999694824219,88.0,648000
2004-10-14,43.98588943481445,88.9800033569336,89.01000213623047,88.41000366210938,88.5,717100
2004-10-15,43.83267593383789,88.66999816894531,88.98999786376953,88.18000030517578,88.80999755859375,746400
2004-10-18,43.85243606567383,88.70999908447266,88.79000091552734,88.37000274658203,88.6500015258789,613600
2004-10-19,43.96614074707031,88.94000244140625,88.98999786376953,88.2699966430664,88.33000183105469,505400
2004-10-20,44.26766586303711,89.55000305175781,89.61000061035156,89.19999694824219,89.26000213623047,1127100
2004-10-21,44.297359466552734,89.61000061035156,89.9000015258789,89.44000244140625,89.44000244140625,1649200
2004-10-22,44.40114974975586,89.81999969482422,89.81999969482422,89.37000274658203,89.5,491500
2004-10-25,44.43574523925781,89.88999938964844,90.08999633789062,89.80000305175781,90.06999969482422,246800
2004-10-26,44.30228805541992,89.62000274658203,90.01000213623047,89.62000274658203,89.94999694824219,503700
2004-10-27,43.86728286743164,88.73999786376953,90.05000305175781,88.72000122070312,89.87000274658203,2351800
2004-10-28,44.01057434082031,89.02999877929688,89.16000366210938,88.5199966430664,88.73999786376953,839200
2004-10-29,44.21330642700195,89.44000244140625,89.48999786376953,88.91999816894531,89.11000061035156,1169300
2004-11-01,43.93831634521485,88.5199966430664,89.0,88.4000015258789,88.75,923500
2004-11-02,44.00284194946289,88.6500015258789,88.7300033569336,88.30999755859375,88.4800033569336,709300
2004-11-03,44.022701263427734,88.69000244140625,88.75,88.0,88.02999877929688,1066600
2004-11-04,44.067386627197266,88.77999877929688,89.0999984741211,88.75,88.86000061035156,2285100
2004-11-05,43.585880279541016,87.80999755859375,87.93000030517578,87.5199966430664,87.73999786376953,1838000
2004-11-08,43.43205261230469,87.5,87.5999984741211,87.4000015258789,87.5,454100
2004-11-09,43.407196044921875,87.44999694824219,87.7300033569336,87.4000015258789,87.4000015258789,373000
2004-11-10,43.24341583251953,87.12000274658203,87.47000122070312,86.91000366210938,87.30999755859375,1303400
2004-11-11,43.14909362792969,86.93000030517578,87.44999694824219,86.93000030517578,87.44999694824219,309700
2004-11-12,43.61567306518555,87.87000274658203,88.11000061035156,87.33000183105469,87.33999633789062,1125900
2004-11-15,43.65538024902344,87.94999694824219,88.0,87.73999786376953,87.94999694824219,763200
2004-11-16,43.65538024902344,87.94999694824219,87.94999694824219,87.69999694824219,87.80999755859375,520900
2004-11-17,44.02765274047851,88.69999694824219,88.76000213623047,87.88999938964844,87.88999938964844,1249400
2004-11-18,44.16170501708984,88.97000122070312,89.05999755859375,88.41000366210938,88.55000305175781,891500
2004-11-19,43.80925750732422,88.26000213623047,89.02999877929688,88.08999633789062,88.9000015258789,1244500
2004-11-22,44.0375862121582,88.72000122070312,88.87000274658203,88.30000305175781,88.3499984741211,511500
2004-11-23,44.09218978881836,88.83000183105469,89.19999694824219,88.4800033569336,88.5,746300
2004-11-24,44.09218978881836,88.83000183105469,88.91000366210938,88.7300033569336,88.91000366210938,309700
2004-11-26,43.80427169799805,88.25,88.33999633789062,88.2300033569336,88.29000091552734,697100
2004-11-29,43.33770751953125,87.30999755859375,87.5999984741211,87.16999816894531,87.47000122070312,1546400
2004-11-30,43.1540412902832,86.94000244140625,87.16000366210938,86.62999725341797,86.94000244140625,1754500
2004-12-01,43.086788177490234,86.44999694824219,86.75,86.18000030517578,86.69999694824219,2489800
2004-12-02,42.91233444213867,86.0999984741211,86.30000305175781,86.01000213623047,86.16999816894531,2881500
2004-12-03,43.5802001953125,87.44000244140625,87.66000366210938,86.93000030517578,87.1500015258789,2233700
2004-12-06,43.7297248840332,87.73999786376953,87.8499984741211,87.44999694824219,87.48999786376953,1314100
2004-12-07,43.78453063964844,87.8499984741211,87.88999938964844,87.5,87.73999786376953,784300
2004-12-08,44.46734619140625,89.22000122070312,89.22000122070312,88.36000061035156,88.41000366210938,2639700
2004-12-09,44.17329788208008,88.62999725341797,89.2699966430664,88.56999969482422,88.98999786376953,1428900
2004-12-10,44.28290557861328,88.8499984741211,89.05000305175781,88.66999816894531,88.94999694824219,1445000
2004-12-13,44.37762451171875,89.04000091552734,89.29000091552734,88.80000305175781,88.81999969482422,677400
2004-12-14,44.55204772949219,89.38999938964844,89.44000244140625,88.69999694824219,88.73999786376953,1568200
2004-12-15,44.95575714111328,90.1999969482422,90.25,89.83999633789062,89.94999694824219,2511500
2004-12-16,44.29291534423828,88.87000274658203,89.88999938964844,88.8499984741211,89.88999938964844,1998200
2004-12-17,44.23308563232422,88.75,88.87999725341797,88.43000030517578,88.4800033569336,1319800
2004-12-20,44.3128547668457,88.91000366210938,89.0999984741211,88.81999969482422,88.87000274658203,230500
2004-12-21,44.447410583496094,89.18000030517578,89.23999786376953,88.9000015258789,89.05999755859375,245200
2004-12-22,44.29788589477539,88.87999725341797,89.20999908447266,88.69999694824219,89.20999908447266,511600
2004-12-23,44.15338516235352,88.58999633789062,88.79000091552734,88.56999969482422,88.73999786376953,738600
2004-12-27,43.80948257446289,87.9000015258789,88.37000274658203,87.69999694824219,88.33000183105469,1322600
2004-12-28,43.774559020996094,87.83000183105469,87.91000366210938,87.4000015258789,87.86000061035156,1253500
2004-12-29,43.7297248840332,87.73999786376953,88.0,87.56999969482422,87.87000274658203,567500
2004-12-30,44.02376937866211,88.33000183105469,88.44999694824219,87.73999786376953,87.80000305175781,626400
2004-12-31,44.30144500732422,88.55000305175781,88.6500015258789,88.30000305175781,88.37000274658203,1056400
2005-01-03,44.39650344848633,88.73999786376953,88.83999633789062,88.16000366210938,88.18000030517578,1168000
2005-01-04,43.93120193481445,87.80999755859375,88.75,87.80999755859375,88.72000122070312,1935400
2005-01-05,44.166351318359375,88.27999877929688,88.55000305175781,87.94000244140625,87.98999786376953,1094100
2005-01-06,44.19636154174805,88.33999633789062,88.54000091552734,88.22000122070312,88.29000091552734,1057400
2005-01-07,44.29645538330078,88.54000091552734,88.87000274658203,88.3499984741211,88.76000213623047,738700
2005-01-10,44.36647415161133,88.68000030517578,88.72000122070312,88.47000122070312,88.63999938964844,379400
2005-01-11,44.6265983581543,89.19999694824219,89.27999877929688,88.73999786376953,88.9000015258789,844100
2005-01-12,44.6866569519043,89.31999969482422,89.44000244140625,88.80000305175781,88.87000274658203,722000
2005-01-13,45.11691665649414,90.18000030517578,90.18000030517578,89.7300033569336,89.75,1876700
2005-01-14,45.11190414428711,90.16999816894533,90.4000015258789,89.80999755859375,89.9000015258789,1043800
2005-01-18,45.261993408203125,90.47000122070312,90.48999786376952,89.7300033569336,89.80000305175781,1251600
2005-01-19,45.39207458496094,90.7300033569336,90.83999633789062,90.2699966430664,90.8000030517578,655800
2005-01-20,45.48217010498047,90.91000366210938,91.0199966430664,90.3499984741211,90.41999816894533,1064200
2005-01-21,45.53216171264648,91.01000213623048,91.0500030517578,90.5199966430664,90.5999984741211,606300
2005-01-24,45.72727584838867,91.4000015258789,91.5,91.0,91.08999633789062,561400
2005-01-25,45.29703140258789,90.54000091552734,91.4000015258789,90.51000213623048,91.36000061035156,1942200
2005-01-26,45.38206100463867,90.70999908447266,90.91999816894533,90.62999725341795,90.8499984741211,709800
2005-01-27,45.29703140258789,90.54000091552734,90.6999969482422,90.33999633789062,90.5199966430664,463900
2005-01-28,45.75228118896485,91.4499969482422,91.5999984741211,91.16999816894533,91.22000122070312,1128000
2005-01-31,45.88235855102539,91.70999908447266,91.75,91.29000091552734,91.33000183105467,1313900
2005-02-01,45.80958557128906,91.22000122070312,91.5,91.0500030517578,91.44000244140624,948200
2005-02-02,45.91501235961914,91.43000030517578,91.45999908447266,91.08999633789062,91.1999969482422,760300
2005-02-03,45.88991165161133,91.37999725341795,91.44000244140624,91.05999755859376,91.05999755859376,505800
2005-02-04,46.52767562866211,92.6500015258789,92.94000244140624,92.45999908447266,92.47000122070312,3483900
2005-02-07,46.87422180175781,93.33999633789062,93.41999816894533,92.6999969482422,92.73999786376952,1064600
2005-02-08,47.14036178588867,93.87000274658205,94.12000274658205,93.33000183105467,93.37000274658205,1383800
2005-02-09,47.265899658203125,94.12000274658205,94.23999786376952,93.37999725341795,93.44000244140624,2125800
2005-02-10,46.62810516357422,92.8499984741211,93.68000030517578,92.75,93.48999786376952,1240000
2005-02-11,46.59797286987305,92.79000091552734,92.9800033569336,92.4000015258789,92.45999908447266,1275200
2005-02-14,46.743629455566406,93.08000183105467,93.20999908447266,92.7300033569336,92.9000015258789,295000
2005-02-15,46.507606506347656,92.61000061035156,92.86000061035156,92.56999969482422,92.5999984741211,900200
2005-02-16,46.331844329833984,92.26000213623048,92.56999969482422,91.8000030517578,92.51000213623048,1189700
2005-02-17,46.04057312011719,91.68000030517578,92.13999938964844,91.5999984741211,91.76000213623048,1146400
2005-02-18,45.6287956237793,90.86000061035156,90.9499969482422,90.45999908447266,90.5500030517578,2655800
2005-02-22,45.42791366577149,90.45999908447266,90.75,90.4000015258789,90.62999725341795,914600
2005-02-23,45.57853698730469,90.76000213623048,91.16999816894533,90.43000030517578,91.13999938964844,1115000
2005-02-24,45.47812271118164,90.55999755859376,91.33000183105467,90.55999755859376,91.16000366210938,798500
2005-02-25,45.69907760620117,91.0,91.13999938964844,90.62000274658205,90.88999938964844,588800
2005-02-28,45.20693588256836,90.0199966430664,91.0999984741211,89.88999938964844,91.0999984741211,2797300
2005-03-01,45.19282913208008,89.70999908447266,89.86000061035156,89.44999694824219,89.54000091552734,1648500
2005-03-02,45.13234329223633,89.58999633789062,89.72000122070312,89.41999816894531,89.44999694824219,1139300
2005-03-03,45.107215881347656,89.54000091552734,89.80000305175781,89.44999694824219,89.62000274658203,1600600
2005-03-04,45.595821380615234,90.51000213623048,90.66999816894533,89.87000274658203,89.98999786376953,1567000
2005-03-07,45.77725601196289,90.87000274658205,90.98999786376952,90.75,90.8499984741211,889800
2005-03-08,45.3439826965332,90.01000213623047,90.2699966430664,89.94000244140625,90.12999725341795,680400
2005-03-09,44.60344314575195,88.54000091552734,89.4000015258789,88.44000244140625,89.18000030517578,2549600
2005-03-10,44.87546920776367,89.08000183105469,89.33000183105469,88.38999938964844,88.73999786376953,1357700
2005-03-11,44.54802703857422,88.43000030517578,88.87000274658203,88.4000015258789,88.6500015258789,1017900
2005-03-14,44.81500625610352,88.95999908447266,89.0,88.30000305175781,88.37000274658203,805000
2005-03-15,44.53291320800781,88.4000015258789,89.30000305175781,88.4000015258789,89.29000091552734,963900
2005-03-16,44.80492401123047,88.94000244140625,89.36000061035156,88.54000091552734,88.54000091552734,2097800
2005-03-17,44.95101547241211,89.2300033569336,89.58000183105469,89.12000274658203,89.3499984741211,1025300
2005-03-18,44.66891098022461,88.66999816894531,88.9800033569336,88.66999816894531,88.9000015258789,722700
2005-03-21,44.542991638183594,88.41999816894531,88.66999816894531,88.37999725341797,88.66999816894531,893100
2005-03-22,44.16514205932617,87.66999816894531,89.05000305175781,87.54000091552734,88.94000244140625,2544900
2005-03-23,44.37671661376953,88.08999633789062,88.16000366210938,87.52999877929688,87.52999877929688,1951700
2005-03-24,44.4673957824707,88.2699966430664,88.45999908447266,88.18000030517578,88.31999969482422,746800
2005-03-28,44.19533920288086,87.7300033569336,88.0,87.72000122070312,87.98999786376953,382200
2005-03-29,44.45732116699219,88.25,88.27999877929688,87.98999786376953,88.08000183105469,1135000
2005-03-30,44.67899703979492,88.69000244140625,88.75,88.16000366210938,88.19999694824219,1095600
2005-03-31,45.00139236450195,89.33000183105469,89.38999938964844,88.86000061035156,89.19999694824219,2410900
2005-04-01,45.153114318847656,89.30000305175781,89.66000366210938,88.5,89.52999877929688,2805300
2005-04-04,45.1429328918457,89.27999877929688,89.66000366210938,89.16999816894531,89.27999877929688,754800
2005-04-05,45.02668380737305,89.05000305175781,89.36000061035156,88.93000030517578,89.23999786376953,733300
2005-04-06,45.18341445922851,89.36000061035156,89.44000244140625,89.19999694824219,89.41000366210938,402800
2005-04-07,44.81937789916992,88.63999938964844,89.58000183105469,88.61000061035156,89.30000305175781,973000
2005-04-08,44.97615051269531,88.94999694824219,89.0,88.33999633789062,88.55999755859375,438600
2005-04-11,45.21879577636719,89.43000030517578,89.62000274658203,88.94000244140625,88.97000122070312,1460200
2005-04-12,45.638526916503906,90.26000213623048,90.4000015258789,89.12000274658203,89.2300033569336,1931500
2005-04-13,45.527225494384766,90.04000091552734,90.44000244140624,89.80000305175781,90.3499984741211,1001700
2005-04-14,45.45647048950195,89.9000015258789,90.12000274658205,89.66000366210938,90.08000183105467,1461800
2005-04-15,46.05817031860352,91.08999633789062,91.12000274658205,90.22000122070312,90.54000091552734,2807300
2005-04-18,46.02274703979492,91.0199966430664,91.38999938964844,90.94000244140624,91.37000274658205,3510800
2005-04-19,46.4677734375,91.9000015258789,92.04000091552734,91.31999969482422,91.33999633789062,1733600
2005-04-20,46.35144805908203,91.66999816894533,91.7699966430664,91.18000030517578,91.22000122070312,1617900
2005-04-21,45.866058349609375,90.70999908447266,91.41999816894533,90.6999969482422,91.3000030517578,1288500
2005-04-22,46.2503662109375,91.47000122070312,91.58000183105467,91.08999633789062,91.2699966430664,876300
2005-04-25,46.38682174682617,91.73999786376952,91.81999969482422,91.51000213623048,91.66000366210938,818300
2005-04-26,46.3160514831543,91.5999984741211,92.0500030517578,91.33999633789062,91.98999786376952,549300
2005-04-27,46.47785949707031,91.91999816894533,92.1999969482422,91.8000030517578,92.0500030517578,684900
2005-04-28,46.82164764404297,92.5999984741211,92.6500015258789,91.9499969482422,92.0500030517578,1062000
2005-04-29,46.740814208984375,92.44000244140624,92.94000244140624,92.22000122070312,92.56999969482422,1445100
2005-05-02,46.730621337890625,92.08999633789062,92.26000213623048,91.70999908447266,92.1500015258789,1358200
2005-05-03,46.85751724243164,92.33999633789062,92.54000091552734,91.91999816894533,92.06999969482422,1884900
2005-05-04,46.44646835327149,91.52999877929688,91.72000122070312,91.0500030517578,91.4499969482422,2211500
2005-05-05,46.55302047729492,91.73999786376952,91.83999633789062,91.20999908447266,91.3000030517578,1757900
2005-05-06,46.207984924316406,91.05999755859376,91.1999969482422,90.80999755859376,90.93000030517578,850600
2005-05-09,46.25362777709961,91.1500015258789,91.23999786376952,91.0,91.01000213623048,327800
2005-05-10,46.58348846435547,91.8000030517578,91.8000030517578,91.33999633789062,91.36000061035156,495500
2005-05-11,46.72552108764648,92.08000183105467,92.5199966430664,91.98999786376952,92.13999938964844,1058700
2005-05-12,46.90825271606445,92.44000244140624,92.47000122070312,91.72000122070312,92.0,657000
2005-05-13,47.090911865234375,92.8000030517578,93.0199966430664,92.56999969482422,92.70999908447266,1698100
2005-05-16,47.03511428833008,92.69000244140624,93.06999969482422,92.68000030517578,93.04000091552734,824800
2005-05-17,47.167022705078125,92.9499969482422,93.19000244140624,92.9000015258789,92.95999908447266,856300
2005-05-18,47.48160552978515,93.56999969482422,93.8000030517578,93.33999633789062,93.6999969482422,1092300
2005-05-19,47.359867095947266,93.33000183105467,93.6999969482422,93.27999877929688,93.6999969482422,948800
2005-05-20,47.415672302246094,93.44000244140624,93.51000213623048,93.20999908447266,93.25,806800
2005-05-23,47.786128997802734,94.16999816894533,94.2300033569336,93.56999969482422,93.5999984741211,905600
2005-05-24,47.91805267333984,94.43000030517578,94.6500015258789,94.18000030517578,94.52999877929688,1695400
2005-05-25,47.5831298828125,93.7699966430664,94.6500015258789,93.7300033569336,94.58999633789062,1923300
2005-05-26,47.56792068481445,93.73999786376952,94.06999969482422,93.58999633789062,93.58999633789062,978300
2005-05-27,47.61863327026367,93.83999633789062,93.9800033569336,93.54000091552734,93.73999786376952,650600
2005-05-31,48.207279205322266,95.0,95.0500030517578,94.22000122070312,94.22000122070312,1979000
2005-06-01,48.797569274902344,95.80999755859376,95.83999633789062,95.19000244140624,95.1999969482422,3823200
2005-06-02,48.91471862792969,96.04000091552734,96.19000244140624,95.7300033569336,95.7300033569336,1703400
2005-06-03,48.51237106323242,95.25,97.0,95.1999969482422,96.9000015258789,5558100
2005-06-06,48.766990661621094,95.75,95.87999725341795,95.3499984741211,95.5,1088700
2005-06-07,49.15413284301758,96.51000213623048,96.58000183105467,96.0500030517578,96.47000122070312,1503100
2005-06-08,48.91984176635742,96.0500030517578,96.4499969482422,96.0500030517578,96.30999755859376,1272400
2005-06-09,48.87907028198242,95.97000122070312,96.01000213623048,95.43000030517578,95.66999816894533,612700
2005-06-10,48.32901763916016,94.88999938964844,95.5500030517578,94.86000061035156,95.5500030517578,1464800
2005-06-13,48.03868865966797,94.31999969482422,94.52999877929688,94.16999816894533,94.4800033569336,1616700
2005-06-14,47.72292709350586,93.6999969482422,94.16000366210938,93.56999969482422,94.0500030517578,1984500
2005-06-15,47.809539794921875,93.87000274658205,93.87000274658205,93.33000183105467,93.38999938964844,1996800
2005-06-16,48.04890823364258,94.33999633789062,94.41999816894533,93.56999969482422,93.8000030517578,1370300
2005-06-17,48.04383087158203,94.33000183105467,94.47000122070312,94.0199966430664,94.11000061035156,555900
2005-06-20,47.96233749389648,94.16999816894533,94.1999969482422,93.5999984741211,93.81999969482422,453000
2005-06-21,48.31373596191406,94.86000061035156,94.86000061035156,94.31999969482422,94.37999725341795,503100
2005-06-22,48.89945602416992,96.01000213623048,96.08999633789062,95.26000213623048,95.48999786376952,952200
2005-06-23,48.84854507446289,95.91000366210938,95.9800033569336,95.54000091552734,95.8000030517578,996300
2005-06-24,49.09302520751953,96.38999938964844,96.4499969482422,96.0199966430664,96.23999786376952,928000
2005-06-27,49.22540283203125,96.6500015258789,96.80999755859376,96.3499984741211,96.48999786376952,1203600
2005-06-28,48.88930130004883,95.98999786376952,96.37000274658205,95.91000366210938,96.31999969482422,982400
2005-06-29,48.812870025634766,95.83999633789062,96.4800033569336,95.5999984741211,96.47000122070312,1682400
2005-06-30,49.25086212158203,96.6999969482422,96.72000122070312,95.80999755859376,95.86000061035156,2159400
2005-07-01,48.65396499633789,95.1999969482422,96.26000213623048,94.98999786376952,96.04000091552734,2222700
2005-07-05,48.193973541259766,94.3000030517578,94.73999786376952,94.2699966430664,94.3499984741211,1076100
2005-07-06,48.459720611572266,94.81999969482422,94.83000183105467,94.43000030517578,94.62999725341795,854100
2005-07-07,48.56196975708008,95.0199966430664,95.5500030517578,94.95999908447266,95.43000030517578,1678000
2005-07-08,48.362648010253906,94.62999725341795,95.25,94.31999969482422,95.25,1259300
2005-07-11,48.362648010253906,94.62999725341795,94.6500015258789,93.9499969482422,94.11000061035156,982000
2005-07-12,48.09178924560547,94.0999984741211,94.52999877929688,94.05999755859376,94.3499984741211,743700
2005-07-13,48.02023696899414,93.95999908447266,94.0999984741211,93.86000061035156,94.0500030517578,886600
2005-07-14,47.89754104614258,93.72000122070312,94.13999938964844,93.5999984741211,94.0999984741211,874300
2005-07-15,48.02531814575195,93.97000122070312,94.02999877929688,93.5,93.5,1064700
2005-07-18,47.667572021484375,93.2699966430664,93.97000122070312,93.0999984741211,93.8499984741211,1204500
2005-07-19,47.83622741699219,93.5999984741211,93.72000122070312,93.12000274658205,93.2300033569336,1226900
2005-07-20,48.09688949584961,94.11000061035156,94.23999786376952,93.18000030517578,93.51000213623048,1884500
2005-07-21,47.44271087646485,92.83000183105467,93.54000091552734,92.68000030517578,93.4800033569336,3824200
2005-07-22,47.81070709228515,93.5500030517578,93.62000274658205,93.02999877929688,93.0999984741211,1614900
2005-07-25,47.63690185546875,93.20999908447266,93.70999908447266,93.13999938964844,93.4000015258789,305100
2005-07-26,47.713592529296875,93.36000061035156,93.41000366210938,93.16999816894533,93.2699966430664,340500
2005-07-27,47.63690185546875,93.20999908447266,93.2699966430664,93.01000213623048,93.06999969482422,593300
2005-07-28,48.06111526489258,94.04000091552734,94.16999816894533,93.37999725341795,93.37999725341795,578900
2005-07-29,47.58579635620117,93.11000061035156,93.8000030517578,92.8499984741211,93.8000030517578,1699500
2005-08-01,47.4088249206543,92.41999816894533,92.5999984741211,92.0199966430664,92.5,1760300
2005-08-02,47.25499725341797,92.12000274658205,92.45999908447266,91.95999908447266,92.2699966430664,1071400
2005-08-03,47.485782623291016,92.56999969482422,92.66000366210938,92.25,92.25,591100
2005-08-04,47.3883056640625,92.37999725341795,92.79000091552734,92.1999969482422,92.58999633789062,1046800
2005-08-05,47.01897811889648,91.66000366210938,91.87000274658205,91.5500030517578,91.6999969482422,1041600
2005-08-08,46.93172454833984,91.48999786376952,91.8499984741211,91.44000244140624,91.68000030517578,836600
2005-08-09,47.106201171875,91.83000183105467,91.8499984741211,91.27999877929688,91.6999969482422,1474800
2005-08-10,47.054893493652344,91.7300033569336,92.0999984741211,91.54000091552734,92.01000213623048,909300
2005-08-11,47.38319396972656,92.37000274658205,92.4499969482422,91.6999969482422,92.02999877929688,881600
2005-08-12,47.86541748046875,93.30999755859376,93.44000244140624,92.56999969482422,92.62000274658205,1765100
2005-08-15,47.74225234985352,93.06999969482422,93.3000030517578,93.0500030517578,93.26000213623048,954300
2005-08-16,48.075714111328125,93.72000122070312,93.9000015258789,93.5,93.68000030517578,1311000
2005-08-17,47.75765609741211,93.0999984741211,93.7300033569336,92.9800033569336,93.51000213623048,1278200
2005-08-18,48.11161422729492,93.79000091552734,93.80999755859376,93.2699966430664,93.4499969482422,833900
2005-08-19,48.10648727416992,93.77999877929688,93.83999633789062,93.33999633789062,93.36000061035156,439200
2005-08-22,48.055206298828125,93.68000030517578,93.8000030517578,93.1999969482422,93.54000091552734,599300
2005-08-23,48.27574920654297,94.11000061035156,94.2300033569336,93.6500015258789,93.7300033569336,491800
2005-08-24,48.32194519042969,94.1999969482422,94.33000183105467,93.8499984741211,94.2699966430664,998200
2005-08-25,48.475830078125,94.5,94.61000061035156,94.05999755859376,94.27999877929688,812400
2005-08-26,48.46044158935547,94.47000122070312,94.87999725341795,94.1999969482422,94.6500015258789,874600
2005-08-29,48.5219841003418,94.58999633789062,94.87999725341795,94.5,94.83000183105467,550100
2005-08-30,48.829742431640625,95.19000244140624,95.3499984741211,94.72000122070312,94.83000183105467,1392700
2005-08-31,49.24013900756836,95.98999786376952,96.0,95.3000030517578,95.30999755859376,1310800
2005-09-01,48.94365310668945,95.08000183105467,95.73999786376952,94.93000030517578,95.30999755859376,1899000
2005-09-02,48.98481750488281,95.16000366210938,95.29000091552734,94.8000030517578,94.87999725341795,621400
2005-09-06,48.63995361328125,94.48999786376952,95.16999816894533,94.4800033569336,95.01000213623048,965300
2005-09-07,48.18179702758789,93.5999984741211,94.18000030517578,93.36000061035156,94.18000030517578,1090200
2005-09-08,48.23326110839844,93.6999969482422,93.9800033569336,93.5999984741211,93.88999938964844,373100
2005-09-09,48.38772201538086,94.0,94.31999969482422,93.87999725341795,93.95999908447266,426300
2005-09-12,48.053096771240234,93.3499984741211,93.70999908447266,93.19000244140624,93.66000366210938,917300
2005-09-13,48.30531311035156,93.83999633789062,94.12000274658205,93.63999938964844,93.76000213623048,450400
2005-09-14,48.12001037597656,93.4800033569336,93.87999725341795,93.37999725341795,93.81999969482422,346400
2005-09-15,47.723670959472656,92.70999908447266,93.3499984741211,92.4000015258789,93.3499984741211,2225800
2005-09-16,47.409645080566406,92.0999984741211,92.4800033569336,91.87999725341795,92.3000030517578,2145500
2005-09-19,47.512603759765625,92.3000030517578,92.44000244140624,92.0999984741211,92.18000030517578,886100
2005-09-20,47.63612747192383,92.54000091552734,92.8000030517578,91.87999725341795,92.29000091552734,1848800
2005-09-21,48.0788688659668,93.4000015258789,93.41000366210938,93.12999725341795,93.27999877929688,993000
2005-09-22,48.03250503540039,93.30999755859376,93.4499969482422,93.12999725341795,93.37000274658205,761700
2005-09-23,47.672149658203125,92.61000061035156,93.0999984741211,92.61000061035156,93.0500030517578,656800
2005-09-26,47.4559440612793,92.19000244140624,92.37999725341795,92.0999984741211,92.11000061035156,680900
2005-09-27,47.52289581298828,92.31999969482422,92.55999755859376,91.94000244140624,92.2699966430664,827800
2005-09-28,47.842063903808594,92.94000244140624,93.0199966430664,92.26000213623048,92.38999938964844,712800
2005-09-29,47.625858306884766,92.5199966430664,92.61000061035156,92.36000061035156,92.5999984741211,657100
2005-09-30,47.46110916137695,92.1999969482422,92.69000244140624,92.0,92.58000183105467,1391800
2005-10-03,47.09004211425781,91.12000274658205,92.1999969482422,91.0999984741211,91.79000091552734,1370900
2005-10-04,47.24509811401367,91.41999816894533,91.54000091552734,91.20999908447266,91.37000274658205,783200
2005-10-05,47.45181655883789,91.81999969482422,91.9800033569336,91.56999969482422,91.68000030517578,1215800
2005-10-06,47.27095031738281,91.47000122070312,91.73999786376952,91.44000244140624,91.6999969482422,340000
2005-10-07,47.46220016479492,91.83999633789062,91.9499969482422,90.95999908447266,91.08999633789062,1337800
2005-10-10,47.43112564086914,91.77999877929688,91.97000122070312,91.62000274658205,91.8499984741211,159700
2005-10-11,47.33298873901367,91.58999633789062,91.91999816894533,91.4499969482422,91.83999633789062,679100
2005-10-12,46.873016357421875,90.6999969482422,91.44000244140624,90.6500015258789,91.44000244140624,1105700
2005-10-13,46.70245742797851,90.37000274658205,90.5,90.08000183105467,90.25,1376600
2005-10-14,46.63011169433594,90.2300033569336,90.6999969482422,89.81999969482422,90.5999984741211,1042600
2005-10-17,46.619781494140625,90.20999908447266,90.61000061035156,90.12000274658205,90.41999816894533,1058200
2005-10-18,46.67145538330078,90.30999755859376,90.4800033569336,90.2300033569336,90.45999908447266,878200
2005-10-19,46.69215393066406,90.3499984741211,90.87000274658205,90.3499984741211,90.66000366210938,904800
2005-10-20,46.816158294677734,90.58999633789062,90.5999984741211,90.12999725341795,90.27999877929688,810300
2005-10-21,47.250274658203125,91.43000030517578,91.47000122070312,90.75,90.83000183105467,1252800
2005-10-24,46.88335037231445,90.72000122070312,91.41000366210938,90.48999786376952,91.31999969482422,939100
2005-10-25,46.480262756347656,89.94000244140625,91.0500030517578,89.93000030517578,90.81999969482422,632900
2005-10-26,46.13914489746094,89.27999877929688,89.69999694824219,89.16000366210938,89.44999694824219,2895800
2005-10-27,46.30454635620117,89.5999984741211,89.79000091552734,89.30000305175781,89.5999984741211,1197400
2005-10-28,46.3096923828125,89.61000061035156,89.87999725341797,89.12000274658203,89.72000122070312,750400
2005-10-31,46.3975715637207,89.77999877929688,90.04000091552734,89.58000183105469,89.7699966430664,547700
2005-11-01,46.344085693359375,89.27999877929688,89.6500015258789,89.08999633789062,89.43000030517578,647100
2005-11-02,46.12610626220703,88.86000061035156,89.38999938964844,88.83000183105469,89.08000183105469,781100
2005-11-03,45.81465148925781,88.26000213623047,88.97000122070312,88.23999786376953,88.88999938964844,962900
2005-11-04,45.741981506347656,88.12000274658203,88.63999938964844,87.86000061035156,88.41999816894531,1888700
2005-11-07,45.89772033691406,88.41999816894531,88.56999969482422,88.3499984741211,88.5,1121600
2005-11-08,46.344085693359375,89.27999877929688,89.31999969482422,88.88999938964844,88.88999938964844,1396800
2005-11-09,45.86653900146485,88.36000061035156,88.93000030517578,88.36000061035156,88.77999877929688,1140300
2005-11-10,46.42716217041016,89.44000244140625,89.4800033569336,88.62999725341797,88.72000122070312,1695200
2005-11-11,46.45313262939453,89.48999786376953,89.69999694824219,89.44000244140625,89.5999984741211,193700
2005-11-14,46.105342864990234,88.81999969482422,89.44999694824219,88.62000274658203,89.37999725341797,1230100
2005-11-15,46.406402587890625,89.4000015258789,89.6500015258789,88.75,88.75,839800
2005-11-16,46.89432144165039,90.33999633789062,90.44000244140624,89.75,89.80000305175781,1822300
2005-11-17,47.008541107177734,90.55999755859376,90.9000015258789,90.05000305175781,90.16999816894533,1003100
2005-11-18,46.790523529052734,90.13999938964844,90.4499969482422,90.05999755859375,90.37000274658205,734200
2005-11-21,46.93068313598633,90.41000366210938,90.66000366210938,90.33000183105467,90.33999633789062,503300
2005-11-22,46.992958068847656,90.52999877929688,90.66999816894533,90.3499984741211,90.37000274658205,1026900
2005-11-23,46.8112907409668,90.18000030517578,90.69000244140624,89.86000061035156,90.58999633789062,768300
2005-11-25,46.98258590698242,90.51000213623048,90.54000091552734,90.33999633789062,90.41000366210938,421500
2005-11-28,47.21616744995117,90.95999908447266,91.13999938964844,90.5199966430664,90.5199966430664,883400
2005-11-29,46.76974868774414,90.0999984741211,91.11000061035156,90.02999877929688,91.08000183105467,889200
2005-11-30,46.71784591674805,90.0,90.3000030517578,89.81999969482422,90.3000030517578,1642800
2005-12-01,46.64485549926758,89.47000122070312,90.01000213623047,89.18000030517578,90.0,1214800
2005-12-02,46.660491943359375,89.5,89.55000305175781,89.1500015258789,89.2699966430664,746200
2005-12-05,46.45195007324219,89.0999984741211,89.3499984741211,88.8499984741211,89.3499984741211,431100
2005-12-06,46.926368713378906,90.01000213623047,90.12000274658205,89.31999969482422,89.41000366210938,968800
2005-12-07,46.749122619628906,89.66999816894531,89.91000366210938,89.5199966430664,89.80000305175781,386600
2005-12-08,47.051517486572266,90.25,90.36000061035156,89.80000305175781,89.9800033569336,976200
2005-12-09,46.681373596191406,89.54000091552734,90.01000213623047,89.47000122070312,89.9800033569336,817400
2005-12-12,46.59272766113281,89.37000274658203,89.75,89.13999938964844,89.75,440500
2005-12-13,46.76477813720703,89.69999694824219,89.81999969482422,89.37999725341797,89.72000122070312,598700
2005-12-14,47.2443962097168,90.62000274658205,90.81999969482422,90.13999938964844,90.1999969482422,635000
2005-12-15,47.12971115112305,90.4000015258789,90.44000244140624,89.98999786376953,90.44000244140624,724300
2005-12-16,47.28611373901367,90.6999969482422,90.93000030517578,90.55999755859376,90.83000183105467,684500
2005-12-19,47.33305358886719,90.79000091552734,91.0999984741211,90.55999755859376,90.5999984741211,469800
2005-12-20,47.27568435668945,90.68000030517578,90.8000030517578,90.4000015258789,90.58000183105467,236000
2005-12-21,47.19226837158203,90.5199966430664,90.58000183105467,90.29000091552734,90.52999877929688,193100
2005-12-22,47.56765365600586,91.23999786376952,91.30999755859376,90.91000366210938,90.91999816894533,692700
2005-12-23,47.8596076965332,91.8000030517578,92.04000091552734,91.0999984741211,91.19000244140624,2295800
2005-12-27,48.2506103515625,92.5500030517578,92.58999633789062,91.8000030517578,91.97000122070312,519500
2005-12-28,48.11607360839844,91.91000366210938,92.25,91.75,92.02999877929688,1295700
2005-12-29,48.22078704833984,92.11000061035156,92.12999725341795,91.69000244140624,92.02999877929688,740600
2005-12-30,48.11083984375,91.9000015258789,92.58999633789062,91.6999969482422,92.54000091552734,1099500
2006-01-03,48.04798889160156,91.77999877929688,92.25,91.4800033569336,91.58999633789062,1392700
2006-01-04,48.1632194519043,92.0,92.06999969482422,91.41999816894533,91.54000091552734,387600
2006-01-05,48.105621337890625,91.88999938964844,92.13999938964844,91.6999969482422,91.87999725341795,453400
2006-01-06,48.016578674316406,91.72000122070312,91.9000015258789,91.48999786376952,91.7699966430664,1193700
2006-01-09,48.04798889160156,91.77999877929688,91.77999877929688,91.54000091552734,91.6999969482422,413600
2006-01-10,47.660621643066406,91.04000091552734,91.68000030517578,91.02999877929688,91.62999725341795,698900
2006-01-11,47.58207702636719,90.88999938964844,91.29000091552734,90.75,91.25,394600
2006-01-12,47.90141296386719,91.5,91.5199966430664,91.0,91.12999725341795,626600
2006-01-13,48.17888259887695,92.02999877929688,92.3000030517578,91.58000183105467,91.58999633789062,491000
2006-01-17,48.393524169921875,92.44000244140624,92.5,91.93000030517578,92.0,454300
2006-01-18,48.3778190612793,92.41000366210938,92.7699966430664,92.12000274658205,92.76000213623048,622100
2006-01-19,48.2364501953125,92.13999938964844,92.44000244140624,91.95999908447266,92.06999969482422,490600
2006-01-20,48.36210632324219,92.37999725341795,92.4800033569336,92.0500030517578,92.31999969482422,842600
2006-01-23,48.34641647338867,92.3499984741211,92.5,91.7300033569336,91.8000030517578,720400
2006-01-24,48.11083984375,91.9000015258789,92.19000244140624,91.76000213623048,92.0,300500
2006-01-25,47.587284088134766,90.9000015258789,91.56999969482422,90.79000091552734,91.51000213623048,1204500
2006-01-26,47.38316345214844,90.51000213623048,90.5999984741211,90.05000305175781,90.5500030517578,764100
2006-01-27,47.38316345214844,90.51000213623048,90.8000030517578,90.16000366210938,90.8000030517578,1091400
2006-01-30,47.33602523803711,90.41999816894533,90.5,90.23999786376952,90.3000030517578,308500
2006-01-31,47.4669075012207,90.66999816894533,90.7300033569336,90.1999969482422,90.3499984741211,676100
2006-02-01,47.30457305908203,90.04000091552734,90.45999908447266,89.8499984741211,90.1500015258789,622300
2006-02-02,47.39388656616211,90.20999908447266,90.41000366210938,89.86000061035156,90.04000091552734,658500
2006-02-03,47.730125427246094,90.8499984741211,91.0,89.81999969482422,90.0,1524600
2006-02-06,47.82469940185547,91.02999877929688,91.20999908447266,90.88999938964844,90.9800033569336,755100
2006-02-07,47.5987663269043,90.5999984741211,91.12000274658205,90.5,91.12000274658205,280500
2006-02-08,47.48847579956055,90.38999938964844,90.87999725341795,90.29000091552734,90.87999725341795,261700
2006-02-09,47.70388412475586,90.8000030517578,90.9000015258789,90.05999755859375,90.13999938964844,1119200
2006-02-10,47.441162109375,90.3000030517578,91.37999725341795,90.23999786376952,91.1999969482422,938000
2006-02-13,47.4463996887207,90.30999755859376,90.36000061035156,90.16000366210938,90.23999786376952,218700
2006-02-14,47.27830505371094,89.98999786376953,90.1999969482422,89.72000122070312,89.9000015258789,836100
2006-02-15,47.39388656616211,90.20999908447266,90.47000122070312,89.87999725341797,90.13999938964844,720300
2006-02-16,47.40436172485352,90.2300033569336,90.3000030517578,90.0,90.1999969482422,427800
2006-02-17,47.782657623291016,90.9499969482422,91.06999969482422,90.8000030517578,90.8000030517578,731400
2006-02-21,47.70388412475586,90.8000030517578,91.0,90.77999877929688,90.9000015258789,433300
2006-02-22,48.029598236083984,91.41999816894533,91.4499969482422,91.08999633789062,91.12000274658205,559000
2006-02-23,47.90877151489258,91.19000244140624,91.30999755859376,90.93000030517578,91.30999755859376,288300
2006-02-24,47.8352165222168,91.0500030517578,91.44000244140624,90.9499969482422,91.44000244140624,485700
2006-02-27,47.75636291503906,90.9000015258789,91.3499984741211,90.7300033569336,91.3499984741211,446200
2006-02-28,47.99281692504883,91.3499984741211,91.44000244140624,90.91999816894533,91.0,744200
2006-03-01,47.70283508300781,90.4800033569336,90.87000274658205,90.37999725341795,90.7699966430664,713600
2006-03-02,47.37071990966797,89.8499984741211,90.0999984741211,89.4000015258789,90.05999755859375,1640000
2006-03-03,47.096527099609375,89.33000183105469,89.55000305175781,89.2300033569336,89.4800033569336,1253300
2006-03-06,46.685298919677734,88.55000305175781,88.98999786376953,88.5,88.9800033569336,872700
2006-03-07,46.7169303894043,88.61000061035156,88.75,88.30999755859375,88.4000015258789,1692900
2006-03-08,46.70112228393555,88.58000183105469,88.87999725341797,88.44999694824219,88.56999969482422,1184700
2006-03-09,46.7169303894043,88.61000061035156,88.66999816894531,88.2699966430664,88.55999755859375,282100
2006-03-10,46.54295349121094,88.27999877929688,88.47000122070312,88.01000213623047,88.31999969482422,1086900
2006-03-13,46.5060920715332,88.20999908447266,88.2699966430664,88.01000213623047,88.13999938964844,1740100
2006-03-14,46.81713104248047,88.80000305175781,88.98999786376953,88.44999694824219,88.44999694824219,904400
2006-03-15,46.56404876708984,88.31999969482422,88.54000091552734,88.1500015258789,88.44000244140625,971000
2006-03-16,46.985836029052734,89.12000274658203,89.33000183105469,88.43000030517578,88.51000213623047,1048000
2006-03-17,46.84347915649414,88.8499984741211,89.0,88.75,88.8499984741211,703500
2006-03-20,46.91727828979492,88.98999786376953,89.23999786376953,88.9800033569336,89.2300033569336,576000
2006-03-21,46.67475128173828,88.52999877929688,89.1500015258789,88.36000061035156,89.1500015258789,817200
2006-03-22,46.77494430541992,88.72000122070312,88.9800033569336,88.62999725341797,88.75,205500
2006-03-23,46.62731170654297,88.44000244140625,88.87000274658203,88.33999633789062,88.81999969482422,613400
2006-03-24,46.97000503540039,89.08999633789062,89.29000091552734,88.5,88.52999877929688,954800
2006-03-27,46.7960319519043,88.76000213623047,89.05000305175781,88.5999984741211,89.05000305175781,467100
2006-03-28,46.35844039916992,87.93000030517578,88.43000030517578,87.83999633789062,88.4000015258789,1094900
2006-03-29,46.13702392578125,87.51000213623047,88.0199966430664,87.37000274658203,87.83000183105469,1071700
2006-03-30,45.815406799316406,86.9000015258789,87.29000091552734,86.58999633789062,87.13999938964844,1152000
2006-03-31,45.79957962036133,86.87000274658203,87.13999938964844,86.80000305175781,86.9800033569336,1167700
2006-04-03,45.81439971923828,86.56999969482422,86.69000244140625,86.08000183105469,86.18000030517578,1549700
2006-04-04,45.76678085327149,86.4800033569336,86.9000015258789,86.36000061035156,86.69999694824219,749100
2006-04-05,45.83027648925781,86.5999984741211,86.77999877929688,86.5,86.69999694824219,638600
2006-04-06,45.48098373413086,85.94000244140625,86.29000091552734,85.76000213623047,86.29000091552734,2022100
2006-04-07,45.03647232055664,85.0999984741211,85.62999725341797,84.9000015258789,85.43000030517578,1956500
2006-04-10,45.121116638183594,85.26000213623047,85.30000305175781,84.95999908447266,85.1500015258789,1527100
2006-04-11,45.279911041259766,85.55999755859375,85.69999694824219,85.33000183105469,85.58000183105469,1237300
2006-04-12,45.004695892333984,85.04000091552734,85.7300033569336,85.0,85.5999984741211,1902000
2006-04-13,44.68716049194336,84.44000244140625,84.63999938964844,84.2699966430664,84.5,3219400
2006-04-17,44.851219177246094,84.75,84.97000122070312,84.3499984741211,84.54000091552734,1465400
2006-04-18,44.93061828613281,84.9000015258789,85.2699966430664,84.73999786376953,84.94999694824219,2680300
2006-04-19,44.65543746948242,84.37999725341797,84.58999633789062,84.05999755859375,84.44999694824219,1830300
2006-04-20,44.61835861206055,84.30999755859375,84.51000213623047,84.12000274658203,84.41999816894531,1378200
2006-04-21,44.8776969909668,84.80000305175781,84.86000061035156,84.25,84.52999877929688,1303000
2006-04-24,45.0576171875,85.13999938964844,85.38999938964844,84.8499984741211,84.94000244140625,991500
2006-04-25,44.52309036254883,84.12999725341797,85.0999984741211,84.05999755859375,85.04000091552734,2067400
2006-04-26,44.44902038574219,83.98999786376953,84.08000183105469,83.7300033569336,83.8499984741211,1544900
2006-04-27,44.50723648071289,84.0999984741211,84.30000305175781,83.6500015258789,83.75,1864200
2006-04-28,44.53896713256836,84.16000366210938,84.20999908447266,83.76000213623047,83.97000122070312,809400
2006-05-01,44.20427322387695,83.19999694824219,83.68000030517578,83.12000274658203,83.66999816894531,1795500
2006-05-02,44.3211669921875,83.41999816894531,83.54000091552734,83.26000213623047,83.26000213623047,1097900
2006-05-03,44.22549057006836,83.23999786376953,83.43000030517578,82.94000244140625,83.41999816894531,1114000
2006-05-04,44.15108871459961,83.0999984741211,83.4000015258789,83.0999984741211,83.37999725341797,977800
2006-05-05,44.41678237915039,83.5999984741211,84.08000183105469,83.48999786376953,84.0,1685900
2006-05-08,44.443336486816406,83.6500015258789,83.7699966430664,83.52999877929688,83.73999786376953,666400
2006-05-09,44.41678237915039,83.5999984741211,83.68000030517578,83.33000183105469,83.55000305175781,341300
2006-05-10,44.49649429321289,83.75,84.0199966430664,83.3499984741211,83.80000305175781,1320200
2006-05-11,44.27864074707031,83.33999633789062,83.45999908447266,83.08999633789062,83.45999908447266,1189800
2006-05-12,43.91206359863281,82.6500015258789,83.01000213623047,82.55999755859375,82.80999755859375,1804700
2006-05-15,44.087371826171875,82.9800033569336,83.2300033569336,82.6500015258789,82.6500015258789,1433500
2006-05-16,44.41678237915039,83.5999984741211,83.63999938964844,83.08000183105469,83.08000183105469,1677600
2006-05-17,44.1405143737793,83.08000183105469,83.08000183105469,82.72000122070312,82.91000366210938,1440800
2006-05-18,44.74085235595703,84.20999908447266,84.2300033569336,83.52999877929688,83.55000305175781,2177700
2006-05-19,44.85775375366211,84.43000030517578,84.86000061035156,84.08000183105469,84.12000274658203,2619500
2006-05-22,44.953392028808594,84.61000061035156,85.1500015258789,84.4800033569336,84.83999633789062,2652000
2006-05-23,44.926795959472656,84.55999755859375,84.55999755859375,84.02999877929688,84.05000305175781,1394900
2006-05-24,44.94810485839844,84.5999984741211,85.0,84.52999877929688,84.80999755859375,1226300
2006-05-25,44.772727966308594,84.2699966430664,84.7300033569336,84.19000244140625,84.72000122070312,678000
2006-05-26,44.74085235595703,84.20999908447266,84.5,84.20999908447266,84.23999786376953,398400
2006-05-30,44.71963882446289,84.16999816894531,84.30000305175781,84.01000213623047,84.19000244140625,482200
2006-05-31,44.45396041870117,83.66999816894531,84.43000030517578,83.58000183105469,84.33999633789062,880700
2006-06-01,44.65240478515625,83.70999908447266,83.83999633789062,83.3499984741211,83.4000015258789,1561100
2006-06-02,45.22850036621094,84.79000091552734,84.88999938964844,84.5,84.72000122070312,2041900
2006-06-05,45.16982650756836,84.68000030517578,84.81999969482422,84.51000213623047,84.80999755859375,1102900
2006-06-06,45.38321304321289,85.08000183105469,85.18000030517578,84.58999633789062,84.66000366210938,2188000
2006-06-07,45.39387130737305,85.0999984741211,85.0999984741211,84.6500015258789,84.7300033569336,1324100
2006-06-08,45.4845085144043,85.2699966430664,85.77999877929688,85.11000061035156,85.23999786376953,3496700
2006-06-09,45.72459411621094,85.72000122070312,85.81999969482422,85.3499984741211,85.3499984741211,657200
2006-06-12,45.76189422607422,85.79000091552734,85.79000091552734,85.52999877929688,85.68000030517578,528700
2006-06-13,45.793914794921875,85.8499984741211,85.94000244140625,85.55000305175781,85.8499984741211,1448300
2006-06-14,45.33516311645508,84.98999786376953,85.55999755859375,84.91000366210938,85.5,1439100
2006-06-15,45.07380676269531,84.5,84.83999633789062,84.41000366210938,84.69000244140625,1734600
2006-06-16,44.972442626953125,84.30999755859375,84.76000213623047,84.18000030517578,84.69999694824219,1184600
2006-06-19,44.90842819213867,84.19000244140625,84.29000091552734,83.9800033569336,84.20999908447266,1233700
2006-06-20,44.833740234375,84.05000305175781,84.19000244140625,83.87999725341797,84.12999725341797,611400
2006-06-21,44.84444046020508,84.06999969482422,84.25,84.06999969482422,84.25,476000
2006-06-22,44.58837890625,83.58999633789062,83.9000015258789,83.55999755859375,83.83999633789062,745500
2006-06-23,44.49772262573242,83.41999816894531,83.7300033569336,83.3499984741211,83.62000274658203,675500
2006-06-26,44.4123649597168,83.26000213623047,83.47000122070312,83.12000274658203,83.41999816894531,526100
2006-06-27,44.63105010986328,83.66999816894531,83.73999786376953,83.37999725341797,83.37999725341797,429100
2006-06-28,44.3963508605957,83.2300033569336,83.62999725341797,83.19000244140625,83.62999725341797,381300
2006-06-29,44.545684814453125,83.51000213623047,83.81999969482422,83.36000061035156,83.58000183105469,1609300
2006-06-30,44.97779083251953,84.31999969482422,84.4000015258789,83.5,83.5,1219000
2006-07-03,44.93337631225586,83.91000366210938,83.95999908447266,83.7300033569336,83.9000015258789,716800
2006-07-05,44.57453536987305,83.23999786376953,83.41999816894531,82.94999694824219,83.4000015258789,1289200
2006-07-06,44.847652435302734,83.75,83.79000091552734,83.33000183105469,83.33000183105469,451400
2006-07-07,45.13683319091797,84.29000091552734,84.45999908447266,84.08000183105469,84.19999694824219,1356900
2006-07-10,45.17966079711914,84.37000274658203,84.4000015258789,84.05000305175781,84.18000030517578,480400
2006-07-11,45.32423400878906,84.63999938964844,84.86000061035156,84.58000183105469,84.58999633789062,423800
2006-07-12,45.3349609375,84.66000366210938,84.81999969482422,84.2699966430664,84.33000183105469,641000
2006-07-13,45.51164245605469,84.98999786376953,85.05000305175781,84.68000030517578,84.69999694824219,1347400
2006-07-14,45.53847122192383,85.04000091552734,85.16000366210938,84.81999969482422,84.81999969482422,1343900
2006-07-17,45.60806655883789,85.16999816894531,85.19000244140625,84.8499984741211,84.97000122070312,514100
2006-07-18,45.217140197753906,84.44000244140625,84.75,84.4000015258789,84.69999694824219,621000
2006-07-19,45.64554214477539,85.23999786376953,85.30000305175781,84.23999786376953,84.33000183105469,1267400
2006-07-20,45.77943420410156,85.48999786376953,85.62999725341797,84.97000122070312,84.97000122070312,1320200
2006-07-21,45.69377517700195,85.33000183105469,85.66999816894531,85.19999694824219,85.5999984741211,652100
2006-07-24,45.666969299316406,85.27999877929688,85.51000213623047,85.20999908447266,85.41000366210938,393900
2006-07-25,45.53313064575195,85.02999877929688,85.37999725341797,84.9000015258789,85.2300033569336,948200
2006-07-26,45.69911575317383,85.33999633789062,85.37000274658203,84.87000274658203,84.91000366210938,717100
2006-07-27,45.62948226928711,85.20999908447266,85.4800033569336,85.12000274658203,85.4800033569336,295500
2006-07-28,45.891868591308594,85.69999694824219,85.88999938964844,85.5999984741211,85.6500015258789,769800
2006-07-31,45.950740814208984,85.80999755859375,85.80999755859375,85.55000305175781,85.62000274658203,375100
2006-08-01,45.94648361206055,85.45999908447266,85.5,85.04000091552734,85.31999969482422,577800
2006-08-02,46.11851119995117,85.77999877929688,85.77999877929688,85.19999694824219,85.37000274658203,477400
2006-08-03,46.12931060791016,85.80000305175781,86.04000091552734,85.5199966430664,85.62999725341797,500500
2006-08-04,46.408836364746094,86.31999969482422,86.4800033569336,86.29000091552734,86.4000015258789,1246000
2006-08-07,46.435760498046875,86.37000274658203,86.38999938964844,86.18000030517578,86.33000183105469,1127600
2006-08-08,46.33356475830078,86.18000030517578,86.56999969482422,86.08999633789062,86.37999725341797,844400
2006-08-09,46.18303298950195,85.9000015258789,86.0199966430664,85.70999908447266,85.75,372400
2006-08-10,46.11314392089844,85.7699966430664,85.8499984741211,85.44999694824219,85.8499984741211,539000
2006-08-11,45.91421127319336,85.4000015258789,85.52999877929688,85.36000061035156,85.47000122070312,450800
2006-08-14,45.83355712890625,85.25,85.37000274658203,85.19000244140625,85.3499984741211,662300
2006-08-15,46.22071838378906,85.97000122070312,86.08999633789062,85.77999877929688,85.77999877929688,1093800
2006-08-16,46.532508850097656,86.55000305175781,86.63999938964844,86.45999908447266,86.56999969482422,838900
2006-08-17,46.51634979248047,86.5199966430664,86.7699966430664,86.41999816894531,86.7699966430664,922300
2006-08-18,46.65079116821289,86.7699966430664,86.91000366210938,86.6500015258789,86.72000122070312,1050700
2006-08-21,46.81743621826172,87.08000183105469,87.08000183105469,86.87000274658203,86.88999938964844,676400
2006-08-22,46.833595275878906,87.11000061035156,87.2300033569336,86.97000122070312,87.0,749300
2006-08-23,46.85508728027344,87.1500015258789,87.23999786376953,86.86000061035156,87.05999755859375,801700
2006-08-24,46.94109725952149,87.30999755859375,87.44000244140625,87.23999786376953,87.41000366210938,1206700
2006-08-25,47.01097869873047,87.44000244140625,87.58999633789062,87.19999694824219,87.23999786376953,569000
2006-08-28,47.053985595703125,87.5199966430664,87.5199966430664,87.23999786376953,87.41000366210938,582300
2006-08-29,47.118526458740234,87.63999938964844,87.63999938964844,86.9800033569336,87.25,1345600
2006-08-30,47.2421760559082,87.87000274658203,87.87000274658203,87.66000366210938,87.83000183105469,1180500
2006-08-31,47.3551139831543,88.08000183105469,88.19999694824219,87.73999786376953,87.73999786376953,1272400
2006-09-01,47.37125396728515,87.76000213623047,87.9000015258789,87.47000122070312,87.62000274658203,893400
2006-09-05,47.074424743652344,87.20999908447266,87.63999938964844,87.16000366210938,87.51000213623047,2271300
2006-09-06,47.009639739990234,87.08999633789062,87.08999633789062,86.72000122070312,86.88999938964844,1853400
2006-09-07,47.10139465332031,87.26000213623047,87.31999969482422,86.73999786376953,86.93000030517578,1716100
2006-09-08,47.1391716003418,87.33000183105469,87.5999984741211,87.33000183105469,87.48999786376953,540300
2006-09-11,47.09597396850586,87.25,87.48999786376953,86.94999694824219,87.48999786376953,557600
2006-09-12,47.333499908447266,87.69000244140625,87.70999908447266,87.0,87.1500015258789,820800
2006-09-13,47.3551025390625,87.7300033569336,88.02999877929688,87.66000366210938,88.02999877929688,797000
2006-09-14,47.24715042114258,87.52999877929688,87.87000274658203,87.41999816894531,87.6500015258789,672800
2006-09-15,47.20933532714844,87.45999908447266,87.94999694824219,87.44999694824219,87.76000213623047,1047200
2006-09-18,47.133766174316406,87.31999969482422,87.37999725341797,86.97000122070312,86.97000122070312,871400
2006-09-19,47.66278076171875,88.30000305175781,88.30000305175781,87.83999633789062,87.86000061035156,1229600
2006-09-20,47.73296356201172,88.43000030517578,88.4800033569336,88.13999938964844,88.37999725341797,827400
2006-09-21,48.17015075683594,89.23999786376953,89.27999877929688,88.3499984741211,88.3499984741211,1698600
2006-09-22,48.40767288208008,89.68000030517578,89.69999694824219,89.31999969482422,89.31999969482422,1428600
2006-09-25,48.74769592285156,90.30999755859376,90.30999755859376,89.80999755859375,89.83999633789062,2607600
2006-09-26,48.54262924194336,89.93000030517578,90.0999984741211,89.81999969482422,90.0,2200000
2006-09-27,48.4022216796875,89.66999816894531,90.27999877929688,89.62999725341797,90.25,1165400
2006-09-28,48.32128143310547,89.5199966430664,89.58999633789062,89.2699966430664,89.43000030517578,1796800
2006-09-29,48.261932373046875,89.41000366210938,89.7300033569336,89.08999633789062,89.69000244140625,1398000
2006-10-02,48.39412689208984,89.30000305175781,89.44999694824219,88.97000122070312,89.0999984741211,1211900
2006-10-03,48.32914352416992,89.18000030517578,89.44000244140625,89.1500015258789,89.4000015258789,854900
2006-10-04,48.68137741088867,89.83000183105469,89.8499984741211,89.33000183105469,89.33000183105469,1155500
2006-10-05,48.3399543762207,89.19999694824219,89.54000091552734,88.94999694824219,89.54000091552734,1241600
2006-10-06,47.83595657348633,88.2699966430664,89.0999984741211,88.22000122070312,89.08999633789062,2472400
2006-10-09,47.96599578857422,88.51000213623047,88.5999984741211,88.01000213623047,88.0999984741211,834900
2006-10-10,47.58663558959961,87.80999755859375,88.11000061035156,87.62999725341797,87.94999694824219,1398700
2006-10-11,47.44575500488281,87.55000305175781,88.02999877929688,87.41999816894531,87.94999694824219,1521600
2006-10-12,47.472862243652344,87.5999984741211,87.7699966430664,87.4800033569336,87.62999725341797,586400
2006-10-13,47.23442840576172,87.16000366210938,87.36000061035156,87.11000061035156,87.29000091552734,1414100
2006-10-16,47.44575500488281,87.55000305175781,87.55999755859375,87.37000274658203,87.4000015258789,897600
2006-10-17,47.48371505737305,87.62000274658203,88.05000305175781,87.51000213623047,87.87999725341797,730800
2006-10-18,47.58127212524414,87.80000305175781,87.87999725341797,87.55000305175781,87.69000244140625,499600
2006-10-19,47.49453353881836,87.63999938964844,87.76000213623047,87.36000061035156,87.58999633789062,797300
2006-10-20,47.44575500488281,87.55000305175781,87.69999694824219,87.55000305175781,87.61000061035156,280700
2006-10-23,47.256107330322266,87.19999694824219,87.20999908447266,86.87999725341797,87.1500015258789,1200600
2006-10-24,47.256107330322266,87.19999694824219,87.25,87.1500015258789,87.16999816894531,243400
2006-10-25,47.630027770996094,87.88999938964844,87.97000122070312,87.2300033569336,87.2699966430664,558400
2006-10-26,47.93891906738281,88.45999908447266,88.5199966430664,88.1500015258789,88.1500015258789,1558300
2006-10-27,48.161102294921875,88.87000274658203,89.05000305175781,88.69999694824219,89.0199966430664,1601500
2006-10-30,48.29663848876953,89.12000274658203,89.12000274658203,88.83999633789062,88.88999938964844,901200
2006-10-31,48.67053985595703,89.80999755859375,89.87000274658203,89.13999938964844,89.25,964600
2006-11-01,48.939823150634766,89.95999908447266,90.12000274658205,89.44999694824219,89.61000061035156,1440100
2006-11-02,48.738563537597656,89.58999633789062,89.7699966430664,89.4800033569336,89.62999725341797,853300
2006-11-03,48.16188430786133,88.52999877929688,88.83999633789062,88.30000305175781,88.66999816894531,1534100
2006-11-06,48.30330657958984,88.79000091552734,88.79000091552734,88.3499984741211,88.3499984741211,528000
2006-11-07,48.526371002197266,89.19999694824219,89.51000213623047,89.12000274658203,89.27999877929688,525900
2006-11-08,48.70043182373047,89.5199966430664,89.5199966430664,89.08999633789062,89.23999786376953,706300
2006-11-09,48.67327880859375,89.47000122070312,89.58999633789062,89.37999725341797,89.47000122070312,729600
2006-11-10,48.88541412353515,89.86000061035156,90.04000091552734,89.6500015258789,89.6500015258789,738100
2006-11-13,48.8745231628418,89.83999633789062,89.83999633789062,89.47000122070312,89.83999633789062,462400
2006-11-14,49.06496047973633,90.19000244140624,90.38999938964844,90.12000274658205,90.33999633789062,916400
2006-11-15,48.87996673583984,89.8499984741211,90.05000305175781,89.73999786376953,90.05000305175781,1803200
2006-11-16,48.65694046020508,89.44000244140625,90.05000305175781,89.27999877929688,90.0,1494400
2006-11-17,48.934356689453125,89.94999694824219,90.22000122070312,89.51000213623047,89.55999755859375,1752000
2006-11-20,49.010528564453125,90.08999633789062,90.12000274658205,89.86000061035156,90.0,857200
2006-11-21,49.130218505859375,90.30999755859376,90.38999938964844,89.95999908447266,90.13999938964844,605100
2006-11-22,49.21185302734375,90.45999908447266,90.51000213623048,90.2699966430664,90.36000061035156,770300
2006-11-24,49.298866271972656,90.62000274658205,90.9000015258789,90.62000274658205,90.75,533400
2006-11-27,49.47834777832031,90.9499969482422,90.9499969482422,90.12000274658205,90.2300033569336,784500
2006-11-28,49.58177947998047,91.13999938964844,91.25,90.76000213623048,91.23999786376952,1466300
2006-11-29,49.46754837036133,90.93000030517578,91.36000061035156,90.91000366210938,91.3000030517578,1206400
2006-11-30,49.79393005371094,91.52999877929688,91.62999725341795,91.13999938964844,91.2699966430664,1428600
2006-12-01,49.92062759399414,91.41999816894533,91.8000030517578,91.1500015258789,91.27999877929688,1156000
2006-12-04,50.00801467895508,91.58000183105467,91.62000274658205,91.22000122070312,91.3000030517578,460700
2006-12-05,49.773189544677734,91.1500015258789,91.5199966430664,91.0,91.36000061035156,1833700
2006-12-06,49.67490005493164,90.97000122070312,91.18000030517578,90.88999938964844,91.02999877929688,936100
2006-12-07,49.63665390014648,90.9000015258789,91.08999633789062,90.75,90.98999786376952,739200
2006-12-08,49.27626419067383,90.23999786376952,90.97000122070312,90.19000244140624,90.8499984741211,2090300
2006-12-11,49.489253997802734,90.62999725341795,90.73999786376952,90.51000213623048,90.62999725341795,727700
2006-12-12,49.59300231933594,90.81999969482422,90.97000122070312,90.4499969482422,90.7300033569336,802800
2006-12-13,49.15068054199219,90.01000213623047,90.3499984741211,89.81999969482422,90.30999755859376,1217900
2006-12-14,48.97047805786133,89.68000030517578,89.9000015258789,89.5999984741211,89.81999969482422,687600
2006-12-15,48.997779846191406,89.7300033569336,90.66000366210938,89.5999984741211,90.58000183105467,1162100
2006-12-18,49.014190673828125,89.76000213623047,89.83999633789062,89.58999633789062,89.72000122070312,441400
2006-12-19,48.948638916015625,89.63999938964844,89.80999755859375,89.51000213623047,89.51000213623047,930700
2006-12-20,48.943172454833984,89.62999725341797,89.68000030517578,89.55000305175781,89.6500015258789,336800
2006-12-21,49.188926696777344,90.08000183105467,90.19000244140624,89.5999984741211,89.70999908447266,770700
2006-12-22,48.812129974365234,89.38999938964844,89.8499984741211,89.20999908447266,89.83000183105469,1433200
2006-12-26,48.95955276489258,89.66000366210938,89.69000244140625,89.36000061035156,89.44999694824219,496200
2006-12-27,48.599578857421875,88.69999694824219,89.33000183105469,88.69999694824219,89.27999877929688,840700
2006-12-28,48.489994049072266,88.5,88.95999908447266,88.05999755859375,88.9000015258789,1080200
2006-12-29,48.45163345336914,88.43000030517578,88.55000305175781,88.20999908447266,88.3499984741211,775500
2007-01-03,48.79683303833008,89.05999755859375,89.45999908447266,88.66000366210938,89.22000122070312,1870400
2007-01-04,49.09270858764648,89.5999984741211,89.6500015258789,89.22000122070312,89.22000122070312,1697000
2007-01-05,48.8790397644043,89.20999908447266,89.4000015258789,88.75,88.80000305175781,1298400
2007-01-08,48.96663665771485,89.37000274658203,89.37000274658203,89.05000305175781,89.12000274658203,414200
2007-01-09,48.96663665771485,89.37000274658203,89.4800033569336,89.22000122070312,89.4800033569336,481500
2007-01-10,48.74749755859375,88.97000122070312,89.12999725341797,88.87999725341797,89.06999969482422,519600
2007-01-11,48.46262741088867,88.44999694824219,88.80000305175781,88.26000213623047,88.79000091552734,1293500
2007-01-12,48.23796844482422,88.04000091552734,88.83999633789062,87.9000015258789,88.1500015258789,846300
2007-01-16,48.342071533203125,88.2300033569336,88.23999786376953,88.02999877929688,88.2300033569336,702800
2007-01-17,48.194122314453125,87.95999908447266,88.2699966430664,87.81999969482422,88.20999908447266,724200
2007-01-18,48.342071533203125,88.2300033569336,88.27999877929688,87.77999877929688,87.94000244140625,918300
2007-01-19,48.21055221557617,87.98999786376953,88.1500015258789,87.87000274658203,88.1500015258789,882500
2007-01-22,48.32561874389648,88.19999694824219,88.33000183105469,88.12000274658203,88.1500015258789,432000
2007-01-23,48.007843017578125,87.62000274658203,88.05000305175781,87.56999969482422,88.0199966430664,1096800
2007-01-24,48.002349853515625,87.61000061035156,87.69999694824219,87.5,87.66000366210938,463700
2007-01-25,47.65716552734375,86.9800033569336,87.47000122070312,86.87999725341797,87.44999694824219,1397000
2007-01-26,47.61881256103515,86.91000366210938,87.08000183105469,86.6500015258789,86.77999877929688,1576800
2007-01-29,47.51472473144531,86.72000122070312,87.0999984741211,86.5999984741211,87.05999755859375,1015300
2007-01-30,47.569522857666016,86.81999969482422,86.91000366210938,86.76000213623047,86.88999938964844,1295100
2007-01-31,47.969486236572266,87.55000305175781,87.61000061035156,86.69999694824219,86.69999694824219,2078000
2007-02-01,47.911678314208984,87.08999633789062,87.76000213623047,87.0,87.6500015258789,986200
2007-02-02,47.97222137451172,87.19999694824219,87.38999938964844,87.08000183105469,87.08000183105469,814700
2007-02-05,48.038238525390625,87.31999969482422,87.45999908447266,87.16000366210938,87.4000015258789,395500
2007-02-06,48.30231475830078,87.80000305175781,87.83000183105469,87.16000366210938,87.19999694824219,770500
2007-02-07,48.44533920288086,88.05999755859375,88.12000274658203,87.83999633789062,87.9000015258789,836200
2007-02-08,48.483856201171875,88.12999725341797,88.30999755859375,87.91000366210938,87.98999786376953,980200
2007-02-09,48.208778381347656,87.62999725341797,87.91999816894531,87.55000305175781,87.88999938964844,878300
2007-02-12,48.0987548828125,87.43000030517578,87.6500015258789,87.33000183105469,87.48999786376953,467600
2007-02-13,47.99422454833984,87.23999786376953,87.48999786376953,87.19999694824219,87.48999786376953,1310600
2007-02-14,48.45082473754883,88.06999969482422,88.19000244140625,87.5199966430664,87.5199966430664,2262500
2007-02-15,48.59389877319336,88.33000183105469,88.58000183105469,88.33000183105469,88.52999877929688,893800
2007-02-16,48.76441955566406,88.63999938964844,88.72000122070312,88.4800033569336,88.58999633789062,1476700
2007-02-20,48.87447738647461,88.83999633789062,88.8499984741211,88.5,88.5,847400
2007-02-21,48.79194259643555,88.69000244140625,88.69999694824219,88.4800033569336,88.52999877929688,379800
2007-02-22,48.52790069580078,88.20999908447266,88.44999694824219,88.08999633789062,88.41000366210938,485200
2007-02-23,48.87447738647461,88.83999633789062,88.94000244140625,88.48999786376953,88.52999877929688,735700
2007-02-26,49.19905853271485,89.43000030517578,89.44000244140625,89.11000061035156,89.1500015258789,763400
2007-02-27,49.82073593139648,90.55999755859376,91.26000213623048,89.5999984741211,89.73999786376953,3243200
2007-02-28,49.59515380859375,90.1500015258789,90.47000122070312,89.88999938964844,90.16000366210938,1701900
2007-03-01,49.563682556152344,89.75,90.43000030517578,89.6500015258789,90.27999877929688,2423900
2007-03-02,49.8121337890625,90.1999969482422,90.4800033569336,89.66999816894531,89.95999908447266,1619800
2007-03-05,49.89505386352539,90.3499984741211,90.5,90.05999755859375,90.4800033569336,1505200
2007-03-06,49.74593353271485,90.08000183105467,90.36000061035156,89.98999786376953,90.05999755859375,837400
2007-03-07,49.93916320800781,90.43000030517578,90.5,89.9800033569336,90.08000183105467,915400
2007-03-08,49.89505386352539,90.3499984741211,90.41999816894533,90.11000061035156,90.29000091552734,574700
2007-03-09,49.370365142822266,89.4000015258789,89.9000015258789,89.19000244140625,89.37999725341797,1534700
2007-03-12,49.563682556152344,89.75,89.9800033569336,89.68000030517578,89.7300033569336,594400
2007-03-13,49.86190414428711,90.29000091552734,90.33999633789062,89.9800033569336,90.2300033569336,553800
2007-03-14,49.63547897338867,89.87999725341797,90.54000091552734,89.83999633789062,90.1500015258789,1698100
2007-03-15,49.62996673583984,89.87000274658203,89.95999908447266,89.66999816894531,89.76000213623047,394900
2007-03-16,49.61888885498047,89.8499984741211,89.91999816894531,89.6500015258789,89.66999816894531,623800
2007-03-19,49.51397705078125,89.66000366210938,89.69999694824219,89.5199966430664,89.58000183105469,693900
2007-03-20,49.541603088378906,89.70999908447266,89.94999694824219,89.69000244140625,89.91000366210938,768400
2007-03-21,49.563682556152344,89.75,90.08999633789062,88.69000244140625,89.37999725341797,1513400
2007-03-22,49.17156600952149,89.04000091552734,89.4800033569336,88.83000183105469,89.4800033569336,1484300
2007-03-23,49.03350067138672,88.79000091552734,89.19999694824219,88.77999877929688,89.19000244140625,1679700
2007-03-26,49.094261169433594,88.9000015258789,89.2699966430664,88.5,88.62000274658203,763600
2007-03-27,49.01141357421875,88.75,88.80999755859375,88.55999755859375,88.63999938964844,619800
2007-03-28,48.91204833984375,88.56999969482422,89.11000061035156,88.41000366210938,88.91000366210938,816900
2007-03-29,48.84577178955078,88.44999694824219,88.66999816894531,88.31999969482422,88.54000091552734,823000
2007-03-30,48.75188064575195,88.27999877929688,88.91999816894531,88.22000122070312,88.6500015258789,2015100
2007-04-02,48.832794189453125,88.0999984741211,88.22000122070312,88.01000213623047,88.11000061035156,579600
2007-04-03,48.771820068359375,87.98999786376953,88.16999816894531,87.9800033569336,88.0199966430664,617000
2007-04-04,48.82171630859375,88.08000183105469,88.33999633789062,87.9000015258789,88.16999816894531,576900
2007-04-05,48.63880920410156,87.75,88.12000274658203,87.70999908447266,88.0999984741211,436400
2007-04-09,48.317291259765625,87.16999816894531,87.30999755859375,87.12999725341797,87.27999877929688,1283900
2007-04-10,48.461456298828125,87.43000030517578,87.55000305175781,87.30999755859375,87.38999938964844,674400
2007-04-11,48.42820739746094,87.37000274658203,87.58000183105469,87.27999877929688,87.47000122070312,476200
2007-04-12,48.43925094604492,87.38999938964844,87.56999969482422,87.27999877929688,87.5,495100
2007-04-13,48.28961944580078,87.12000274658203,87.47000122070312,87.01000213623047,87.41000366210938,557800
2007-04-16,48.5556755065918,87.5999984741211,87.68000030517578,87.4000015258789,87.4000015258789,833600
2007-04-17,48.827266693115234,88.08999633789062,88.16000366210938,87.83999633789062,87.88999938964844,1254200
2007-04-18,49.07114028930664,88.52999877929688,88.55999755859375,88.36000061035156,88.37000274658203,450800
2007-04-19,48.987998962402344,88.37999725341797,88.70999908447266,88.19999694824219,88.66000366210938,1305900
2007-04-20,48.860496520996094,88.1500015258789,88.44999694824219,88.05999755859375,88.44999694824219,664500
2007-04-23,49.037864685058594,88.47000122070312,88.58999633789062,88.04000091552734,88.13999938964844,419000
2007-04-24,49.22081756591797,88.80000305175781,88.81999969482422,88.44999694824219,88.44999694824219,881300
2007-04-25,49.048954010009766,88.48999786376953,88.79000091552734,88.11000061035156,88.56999969482422,569000
2007-04-26,48.69425201416016,87.8499984741211,88.43000030517578,87.8499984741211,88.43000030517578,2048400
2007-04-27,48.68314743041992,87.83000183105469,88.05000305175781,87.77999877929688,88.01000213623047,428700
2007-04-30,49.19307327270508,88.75,88.75,88.25,88.33000183105469,485700
2007-05-01,49.22867965698242,88.48999786376953,88.63999938964844,88.11000061035156,88.58000183105469,487200
2007-05-02,49.20083236694336,88.44000244140625,88.4800033569336,88.29000091552734,88.44000244140625,443900
2007-05-03,49.08962631225586,88.23999786376953,88.37000274658203,88.01000213623047,88.37000274658203,427000
2007-05-04,49.28985977172851,88.5999984741211,88.63999938964844,88.5,88.5199966430664,262000
2007-05-07,49.42338562011719,88.83999633789062,88.8499984741211,88.66999816894531,88.69999694824219,210200
2007-05-08,49.31214141845703,88.63999938964844,89.01000213623047,88.63999938964844,89.01000213623047,488400
2007-05-09,49.1174201965332,88.29000091552734,88.66000366210938,88.26000213623047,88.6500015258789,634900
2007-05-10,49.2342643737793,88.5,88.58999633789062,88.30999755859375,88.4000015258789,519500
2007-05-11,49.06178665161133,88.19000244140625,88.69999694824219,88.12999725341797,88.63999938964844,1238400
2007-05-14,48.933815002441406,87.95999908447266,88.27999877929688,87.95999908447266,88.2300033569336,315200
2007-05-15,48.917144775390625,87.93000030517578,88.20999908447266,87.66000366210938,88.19000244140625,382400
2007-05-16,48.883766174316406,87.87000274658203,88.0,87.83000183105469,87.86000061035156,599500
2007-05-17,48.683475494384766,87.51000213623047,87.72000122070312,87.41000366210938,87.5999984741211,397000
2007-05-18,48.36085891723633,86.93000030517578,87.5,86.87999725341797,87.3499984741211,856500
2007-05-21,48.505496978759766,87.19000244140625,87.23999786376953,86.83000183105469,86.93000030517578,821100
2007-05-22,48.255130767822266,86.73999786376953,87.19999694824219,86.68000030517578,87.18000030517578,920200
2007-05-23,48.11603927612305,86.48999786376953,86.83999633789062,86.30999755859375,86.83999633789062,914500
2007-05-24,48.16058349609375,86.56999969482422,86.58999633789062,85.95999908447266,86.45999908447266,1598200
2007-05-25,48.049285888671875,86.37000274658203,86.61000061035156,86.33000183105469,86.4000015258789,754900
2007-05-29,48.04371643066406,86.36000061035156,86.56999969482422,85.83000183105469,86.51000213623047,1055700
2007-05-30,48.14389419555664,86.54000091552734,86.79000091552734,86.38999938964844,86.79000091552734,612000
2007-05-31,48.05484771728515,86.37999725341797,86.58000183105469,86.04000091552734,86.55999755859375,1725900
2007-06-01,47.80244064331055,85.58999633789062,86.83999633789062,85.54000091552734,85.9000015258789,1694300
2007-06-04,48.02021408081055,85.9800033569336,86.0199966430664,85.66999816894531,85.83000183105469,877700
2007-06-05,47.71866989135742,85.44000244140625,85.94000244140625,85.37999725341797,85.88999938964844,1145400
2007-06-06,47.6962776184082,85.4000015258789,85.54000091552734,85.26000213623047,85.36000061035156,1129200
2007-06-07,46.841773986816406,83.87000274658203,84.70999908447266,83.7300033569336,84.62999725341797,5010400
2007-06-08,46.80270004272461,83.80000305175781,84.12000274658203,83.36000061035156,83.61000061035156,5307600
2007-06-11,46.66863250732422,83.55999755859375,83.88999938964844,83.26000213623047,83.48999786376953,2043800
2007-06-12,45.99284744262695,82.3499984741211,83.41999816894531,82.19999694824219,82.91000366210938,9043900
2007-06-13,46.54021835327149,83.33000183105469,83.76000213623047,82.6500015258789,82.69999694824219,8751200
2007-06-14,46.42291259765625,83.12000274658203,83.70999908447266,83.05000305175781,83.13999938964844,3384700
2007-06-15,46.74125289916992,83.69000244140625,83.7300033569336,83.19999694824219,83.41999816894531,5827200
2007-06-18,46.64630508422851,83.5199966430664,83.6500015258789,82.23999786376953,83.62999725341797,17704600
2007-06-19,47.08196258544922,84.30000305175781,84.44999694824219,83.72000122070312,83.81999969482422,4620100
2007-06-20,46.702144622802734,83.62000274658203,84.08000183105469,83.58999633789062,84.0199966430664,3031700
2007-06-21,46.47877883911133,83.22000122070312,83.69999694824219,83.20999908447266,83.54000091552734,850400
2007-06-22,46.78034973144531,83.76000213623047,83.7699966430664,82.94999694824219,83.05000305175781,2118900
2007-06-25,47.0372428894043,84.22000122070312,84.3499984741211,83.95999908447266,84.1500015258789,1323500
2007-06-26,47.04841613769531,84.23999786376953,84.31999969482422,83.97000122070312,84.29000091552734,2187800
2007-06-27,47.093116760253906,84.31999969482422,84.73999786376953,84.19999694824219,84.61000061035156,6109300
2007-06-28,47.08196258544922,84.30000305175781,84.58000183105469,84.18000030517578,84.31999969482422,3612500
2007-06-29,47.56781768798828,85.16999816894531,85.30000305175781,84.63999938964844,84.8499984741211,1962200
2007-07-02,47.81789016723633,85.29000091552734,85.37000274658203,84.80999755859375,84.80999755859375,2811700
2007-07-03,47.52635955810547,84.7699966430664,85.33999633789062,84.70999908447266,85.25,1387500
2007-07-05,46.99371337890625,83.81999969482422,84.41999816894531,83.72000122070312,84.30999755859375,4586800
2007-07-06,46.803104400634766,83.4800033569336,83.55000305175781,83.27999877929688,83.54000091552734,1437800
2007-07-09,46.97129440307617,83.77999877929688,83.93000030517578,83.68000030517578,83.87000274658203,795400
2007-07-10,47.7674446105957,85.19999694824219,85.19999694824219,84.43000030517578,84.4800033569336,2258000
2007-07-11,47.27410507202149,84.31999969482422,85.08999633789062,84.31999969482422,84.94999694824219,1191300
2007-07-12,47.11149597167969,84.02999877929688,84.58000183105469,83.87000274658203,84.55000305175781,1941200
2007-07-13,47.24041748046875,84.26000213623047,84.55000305175781,83.94000244140625,84.44999694824219,725900
2007-07-16,47.69453048706055,85.06999969482422,85.11000061035156,84.5199966430664,84.5199966430664,952000
2007-07-17,47.59364700317383,84.88999938964844,85.08999633789062,84.5,84.86000061035156,734200
2007-07-18,47.77305603027344,85.20999908447266,85.54000091552734,84.80999755859375,84.93000030517578,1836800
2007-07-19,47.761817932128906,85.19000244140625,85.26000213623047,84.80000305175781,84.9000015258789,1021000
2007-07-20,48.19351959228515,85.95999908447266,86.08000183105469,85.31999969482422,85.37999725341797,1459900
2007-07-23,48.115013122558594,85.81999969482422,85.97000122070312,85.69000244140625,85.69000244140625,777900
2007-07-24,48.29448318481445,86.13999938964844,86.16000366210938,85.72000122070312,86.01000213623047,1351600
2007-07-25,48.389747619628906,86.30999755859375,86.38999938964844,86.0,86.06999969482422,881100
2007-07-26,48.79339218139648,87.02999877929688,87.45999908447266,86.6500015258789,86.73999786376953,2866400
2007-07-27,48.933570861816406,87.27999877929688,87.55999755859375,86.8499984741211,87.05000305175781,5367800
2007-07-30,48.79339218139648,87.02999877929688,87.36000061035156,86.91000366210938,87.19000244140625,1803900
2007-07-31,49.1466064453125,87.66000366210938,87.75,86.94999694824219,87.12999725341797,2467600
2007-08-01,49.040252685546875,87.12999725341797,87.54000091552734,87.08999633789062,87.26000213623047,2154700
2007-08-02,49.16408157348633,87.3499984741211,87.44999694824219,86.98999786376953,87.20999908447266,2079400
2007-08-03,49.49053192138672,87.93000030517578,87.93000030517578,87.27999877929688,87.27999877929688,1577600
2007-08-06,49.13032913208008,87.29000091552734,87.72000122070312,87.16999816894531,87.69999694824219,1298400
2007-08-07,49.090877532958984,87.22000122070312,87.70999908447266,86.91999816894531,87.43000030517578,1890800
2007-08-08,48.49427032470703,86.16000366210938,86.88999938964844,85.86000061035156,86.88999938964844,6453000
2007-08-09,48.561859130859375,86.27999877929688,86.86000061035156,85.72000122070312,86.75,2637500
2007-08-10,48.44931411743164,86.08000183105469,86.69999694824219,85.9800033569336,86.48999786376953,1496400
2007-08-13,48.589962005615234,86.33000183105469,86.4000015258789,85.9000015258789,85.91999816894531,1312600
2007-08-14,48.71942901611328,86.55999755859375,86.77999877929688,86.01000213623047,86.0199966430664,1314700
2007-08-15,48.54494094848633,86.25,86.75,86.25,86.6500015258789,1101700
2007-08-16,49.04588317871094,87.13999938964844,87.5999984741211,86.76000213623047,86.87000274658203,2410200
2007-08-17,48.84891891479492,86.79000091552734,86.91000366210938,86.05000305175781,86.4000015258789,2114400
2007-08-20,48.87701797485352,86.83999633789062,87.2699966430664,86.83000183105469,86.95999908447266,1048700
2007-08-21,49.11345672607422,87.26000213623047,87.41000366210938,87.05000305175781,87.0999984741211,1517200
2007-08-22,49.03462219238281,87.12000274658203,87.30999755859375,86.80999755859375,87.05000305175781,1137800
2007-08-23,49.20351028442383,87.41999816894531,87.68000030517578,87.02999877929688,87.08999633789062,1618800
2007-08-24,49.44551467895508,87.8499984741211,88.08000183105469,87.55999755859375,87.7699966430664,1614600
2007-08-27,49.70438766479492,88.30999755859375,88.4800033569336,88.1500015258789,88.27999877929688,1585400
2007-08-28,49.788841247558594,88.45999908447266,88.73999786376953,88.27999877929688,88.43000030517578,1298900
2007-08-29,49.65376663208008,88.22000122070312,88.7699966430664,88.16000366210938,88.48999786376953,2686700
2007-08-30,49.9858283996582,88.80999755859375,88.95999908447266,88.47000122070312,88.61000061035156,1806800
2007-08-31,50.02523040771485,88.87999725341797,89.19999694824219,88.54000091552734,88.58999633789062,2763200
2007-09-04,50.0489616394043,88.55999755859375,89.12999725341797,88.19999694824219,88.83000183105469,931000
2007-09-05,50.450191497802734,89.2699966430664,89.3499984741211,88.72000122070312,88.76000213623047,1271500
2007-09-06,50.32026672363281,89.04000091552734,89.48999786376953,88.94999694824219,89.30999755859375,1768400
2007-09-07,51.03229522705078,90.3000030517578,90.5,89.69000244140625,89.75,2852200
2007-09-10,51.42790222167969,91.0,91.2699966430664,90.5,90.5,2495200
2007-09-11,51.38835144042969,90.93000030517578,91.2699966430664,90.6999969482422,90.87999725341795,3925400
2007-09-12,51.19621658325195,90.58999633789062,90.94000244140624,90.41999816894533,90.9000015258789,4458300
2007-09-13,50.7384033203125,89.77999877929688,90.33000183105467,89.58000183105469,90.3000030517578,2020600
2007-09-14,50.81190872192383,89.91000366210938,90.58999633789062,89.62000274658203,90.58000183105467,1357200
2007-09-17,51.05488204956055,90.33999633789062,90.38999938964844,89.76000213623047,89.81999969482422,1285400
2007-09-18,50.670631408691406,89.66000366210938,90.23999786376952,89.0,89.80000305175781,3132800
2007-09-19,50.20159149169922,88.83000183105469,89.01000213623047,88.37000274658203,88.70999908447266,3854700
2007-09-20,49.25210189819336,87.1500015258789,88.29000091552734,87.0999984741211,88.18000030517578,5903200
2007-09-21,49.67034149169922,87.88999938964844,88.12999725341797,87.58000183105469,87.58000183105469,2217600
2007-09-24,49.81161880493164,88.13999938964844,88.27999877929688,87.91000366210938,88.02999877929688,1943600
2007-09-25,49.63640975952149,87.83000183105469,88.62000274658203,87.83000183105469,88.5,2513500
2007-09-26,49.68162536621094,87.91000366210938,88.12999725341797,87.43000030517578,87.62000274658203,2646400
2007-09-27,50.02641296386719,88.5199966430664,88.77999877929688,88.1500015258789,88.23999786376953,1802900
2007-09-28,50.13936996459961,88.72000122070312,89.33000183105469,88.22000122070312,89.16000366210938,1254700
2007-10-01,50.42591857910156,88.87999725341797,88.9800033569336,88.43000030517578,88.69000244140625,1399400
2007-10-02,50.584747314453125,89.16000366210938,89.37000274658203,88.68000030517578,88.75,887800
2007-10-03,50.43722915649414,88.9000015258789,89.43000030517578,88.7300033569336,89.33000183105469,1164600
2007-10-04,50.63015365600586,89.23999786376953,89.31999969482422,88.91000366210938,89.01000213623047,1128700
2007-10-05,50.08548355102539,88.27999877929688,88.44000244140625,87.70999908447266,88.30999755859375,2184700
2007-10-08,50.04576110839844,88.20999908447266,88.5,87.7699966430664,87.7699966430664,280100
2007-10-09,49.98337936401367,88.0999984741211,88.36000061035156,87.77999877929688,88.16000366210938,901000
2007-10-10,50.0117301940918,88.1500015258789,88.43000030517578,87.79000091552734,87.9800033569336,855500
2007-10-11,49.96070861816406,88.05999755859375,88.08999633789062,87.44999694824219,87.5199966430664,1533400
2007-10-12,49.71668243408203,87.62999725341797,88.18000030517578,87.4800033569336,87.5199966430664,1133900
2007-10-15,49.728050231933594,87.6500015258789,87.72000122070312,87.4000015258789,87.4800033569336,553300
2007-10-16,49.745059967041016,87.68000030517578,87.9800033569336,87.54000091552734,87.6500015258789,855500
2007-10-17,50.28973388671875,88.63999938964844,88.94999694824219,87.7699966430664,87.7699966430664,2377000
2007-10-18,50.56769943237305,89.12999725341797,89.33999633789062,89.0199966430664,89.11000061035156,1374100
2007-10-19,51.32231521606445,90.45999908447266,90.5999984741211,89.61000061035156,89.62999725341797,2561800
2007-10-22,51.32795715332031,90.47000122070312,90.6500015258789,90.06999969482422,90.58000183105467,1866500
2007-10-23,51.2598876953125,90.3499984741211,90.5199966430664,90.0999984741211,90.26000213623048,1046600
2007-10-24,51.64002227783203,91.0199966430664,91.38999938964844,90.55999755859376,90.70999908447266,2829300
2007-10-25,51.46413803100586,90.70999908447266,91.18000030517578,90.6999969482422,91.05999755859376,3062200
2007-10-26,51.344974517822266,90.5,91.0,90.33999633789062,90.37000274658205,1366500
2007-10-29,51.54355239868164,90.8499984741211,90.98999786376952,90.4800033569336,90.5,881000
2007-10-30,51.51524353027344,90.8000030517578,91.01000213623048,90.41999816894533,90.7300033569336,1439600
2007-10-31,51.04998397827149,89.9800033569336,90.6999969482422,89.75,90.5,2498500
2007-11-01,51.713260650634766,90.75,91.01000213623048,89.95999908447266,89.95999908447266,2563400
2007-11-02,51.87852478027344,91.04000091552734,91.54000091552734,90.20999908447266,90.4499969482422,1927700
2007-11-05,51.85575866699219,91.0,91.38999938964844,90.8000030517578,91.16000366210938,1021500
2007-11-06,51.60500717163086,90.55999755859376,91.1500015258789,90.4800033569336,90.5999984741211,575800
2007-11-07,51.69617462158203,90.72000122070312,90.76000213623048,90.31999969482422,90.54000091552734,1456100
2007-11-08,51.60500717163086,90.55999755859376,90.94000244140624,90.43000030517578,90.6500015258789,2179600
2007-11-09,52.04378509521485,91.33000183105467,91.58999633789062,90.93000030517578,91.04000091552734,887200
2007-11-12,52.2318000793457,91.66000366210938,91.98999786376952,91.3499984741211,91.98999786376952,460600
2007-11-13,52.038116455078125,91.31999969482422,91.48999786376952,91.16999816894533,91.41999816894533,1116600
2007-11-14,52.09506607055664,91.41999816894533,91.51000213623048,90.91999816894533,90.9499969482422,684400
2007-11-15,52.58511734008789,92.27999877929688,92.55999755859376,91.48999786376952,91.61000061035156,1312900
2007-11-16,52.65922546386719,92.41000366210938,92.6999969482422,92.20999908447266,92.2699966430664,1333800
2007-11-19,53.00109100341797,93.01000213623048,93.41999816894533,92.41000366210938,92.54000091552734,1343900
2007-11-20,52.944149017333984,92.91000366210938,93.29000091552734,92.8000030517578,93.08999633789062,1367800
2007-11-21,53.251861572265625,93.4499969482422,93.58000183105467,93.23999786376952,93.4000015258789,1297800
2007-11-23,53.411407470703125,93.7300033569336,93.8000030517578,93.30999755859376,93.44000244140624,437400
2007-11-26,54.46560287475586,95.58000183105467,96.36000061035156,94.12000274658205,94.22000122070312,4427000
2007-11-27,53.947052001953125,94.66999816894533,95.25,93.98999786376952,94.95999908447266,3100300
2007-11-28,53.58235549926758,94.02999877929688,94.69000244140624,93.83999633789062,94.55999755859376,2088100
2007-11-29,54.04391860961914,94.83999633789062,95.41999816894533,94.66000366210938,94.81999969482422,1594500
2007-11-30,53.78178787231445,94.37999725341795,94.38999938964844,93.73999786376952,93.87999725341795,1952100
2007-12-03,54.208595275878906,94.75,95.0999984741211,94.27999877929688,94.76000213623048,1272700
2007-12-04,54.2028923034668,94.73999786376952,95.05999755859376,94.1500015258789,94.9000015258789,1721200
2007-12-05,53.55638885498047,93.61000061035156,94.47000122070312,93.55999755859376,94.22000122070312,1866000
2007-12-06,53.08724212646485,92.79000091552734,93.33999633789062,92.54000091552734,93.31999969482422,2270200
2007-12-07,52.49227523803711,91.75,92.3499984741211,91.37999725341795,92.18000030517578,2171000
2007-12-10,52.17758560180664,91.1999969482422,91.69000244140624,90.75,91.63999938964844,2242500
2007-12-11,53.20168685913086,92.98999786376952,93.2300033569336,91.58000183105467,91.7300033569336,2892400
2007-12-12,52.65242385864258,92.02999877929688,92.6500015258789,91.2699966430664,91.4499969482422,2225400
2007-12-13,52.08031463623047,91.02999877929688,91.81999969482422,90.9000015258789,91.61000061035156,1222100
2007-12-14,51.84003829956055,90.61000061035156,90.91999816894533,90.5,90.79000091552734,1354900
2007-12-17,52.30343246459961,91.41999816894533,91.54000091552734,90.93000030517578,91.06999969482422,2046200
2007-12-18,52.64097595214844,92.01000213623048,92.3000030517578,91.5500030517578,91.58999633789062,1417100
2007-12-19,53.33900451660156,93.2300033569336,93.55999755859376,91.87999725341795,92.4000015258789,2252400
2007-12-20,53.224552154541016,93.02999877929688,93.87000274658205,93.0199966430664,93.26000213623048,1659400
2007-12-21,52.44647216796875,91.66999816894533,92.91999816894533,91.66000366210938,92.9000015258789,1767600
2007-12-24,52.200462341308594,91.23999786376952,91.47000122070312,91.08000183105467,91.22000122070312,550300
2007-12-26,51.74279022216797,90.44000244140624,91.62999725341795,90.27999877929688,91.0199966430664,674700
2007-12-27,52.30683135986328,91.05999755859376,91.16000366210938,90.51000213623048,90.87999725341795,468600
2007-12-28,53.1225700378418,92.4800033569336,92.58000183105467,91.5,91.6500015258789,1967800
2007-12-31,53.444183349609375,93.04000091552734,93.27999877929688,92.5999984741211,92.77999877929688,1647600
2008-01-02,54.21394348144531,94.37999725341795,94.7300033569336,93.1999969482422,93.25,2959600
2008-01-03,54.13921356201172,94.25,94.37999725341795,93.66999816894533,94.0,1256700
2008-01-04,54.15072250366211,94.2699966430664,94.79000091552734,94.1999969482422,94.5,2420200
2008-01-07,54.386287689208984,94.68000030517578,94.77999877929688,94.02999877929688,94.18000030517578,1315500
2008-01-08,54.323055267333984,94.56999969482422,94.70999908447266,93.93000030517578,94.44000244140624,1604800
2008-01-09,54.426475524902344,94.75,95.3000030517578,94.62000274658205,94.79000091552734,2203500
2008-01-10,53.69126510620117,93.47000122070312,94.9499969482422,93.30999755859376,94.87000274658205,2681800
2008-01-11,54.11053466796875,94.1999969482422,94.27999877929688,93.4000015258789,93.5199966430664,1872900
2008-01-14,54.311580657958984,94.5500030517578,94.5500030517578,94.0,94.1999969482422,906100
2008-01-15,54.92044448852539,95.61000061035156,95.62999725341795,95.06999969482422,95.16000366210938,1435300
2008-01-16,54.52415466308594,94.91999816894533,95.88999938964844,94.7300033569336,95.68000030517578,3505100
2008-01-17,55.23062515258789,96.1500015258789,96.29000091552734,94.93000030517578,94.95999908447266,2940500
2008-01-18,54.851531982421875,95.48999786376952,95.7699966430664,95.22000122070312,95.5500030517578,2676800
2008-01-22,55.437442779541016,96.51000213623048,96.62000274658205,95.3000030517578,96.41000366210938,5423500
2008-01-23,55.31105422973633,96.29000091552734,98.16000366210938,95.87999725341795,97.9800033569336,7636600
2008-01-24,54.20244216918945,94.36000061035156,95.75,94.33999633789062,95.5500030517578,5676700
2008-01-25,55.115760803222656,95.9499969482422,96.0,94.12999725341795,94.19000244140624,4371100
2008-01-28,54.90897750854492,95.58999633789062,96.0,95.36000061035156,95.68000030517578,1633500
2008-01-29,54.53558349609375,94.94000244140624,95.31999969482422,94.58000183105467,95.27999877929688,3100200
2008-01-30,54.17947769165039,94.31999969482422,94.7699966430664,93.58999633789062,94.69000244140624,3468000
2008-01-31,54.56432342529297,94.98999786376952,95.43000030517578,94.62999725341795,95.3000030517578,11441000
2008-02-01,54.8923225402832,95.2300033569336,95.4000015258789,94.55999755859376,95.0,4163700
2008-02-04,54.3273811340332,94.25,94.66000366210938,94.12999725341795,94.38999938964844,1729600
2008-02-05,54.742431640625,94.97000122070312,95.61000061035156,94.7699966430664,95.41000366210938,2594600
2008-02-06,54.5753059387207,94.68000030517578,94.8499984741211,94.36000061035156,94.62999725341795,1339800
2008-02-07,53.399375915527344,92.63999938964844,94.52999877929688,92.0500030517578,94.52999877929688,5419700
2008-02-08,54.01041412353515,93.6999969482422,93.7300033569336,93.08999633789062,93.25,2832800
2008-02-11,54.23519515991211,94.08999633789062,94.6999969482422,93.7300033569336,94.27999877929688,2960200
2008-02-12,53.912384033203125,93.52999877929688,93.6500015258789,92.95999908447266,93.31999969482422,2897700
2008-02-13,53.34172821044922,92.54000091552734,93.41999816894533,92.4000015258789,92.93000030517578,3697500
2008-02-14,52.55781936645508,91.18000030517578,92.0999984741211,90.66000366210938,91.8000030517578,7505000
2008-02-15,52.96131896972656,91.87999725341795,92.06999969482422,91.45999908447266,91.61000061035156,3687800
2008-02-19,52.42522430419922,90.9499969482422,91.6999969482422,90.63999938964844,91.13999938964844,2911600
2008-02-20,52.78839492797851,91.58000183105467,91.58000183105467,90.55999755859376,90.62000274658205,2550100
2008-02-21,53.347503662109375,92.5500030517578,92.8499984741211,92.0500030517578,92.08000183105467,4197200
2008-02-22,53.04197311401367,92.0199966430664,92.8499984741211,91.87000274658205,92.48999786376952,1959700
2008-02-25,52.500118255615234,91.08000183105467,92.13999938964844,90.6500015258789,91.9499969482422,3460900
2008-02-26,52.517478942871094,91.11000061035156,91.33999633789062,90.7300033569336,90.95999908447266,2618900
2008-02-27,52.56359100341797,91.19000244140624,91.56999969482422,90.61000061035156,91.43000030517578,2494400
2008-02-28,53.49736022949219,92.80999755859376,92.83999633789062,92.19000244140624,92.33999633789062,3410900
2008-02-29,54.31584548950195,94.2300033569336,94.45999908447266,93.5199966430664,93.6500015258789,3822000
2008-03-03,54.17584609985352,93.63999938964844,94.1999969482422,93.25,93.66999816894533,2036900
2008-03-04,53.64939498901367,92.7300033569336,94.12000274658205,92.52999877929688,93.94000244140624,3401100
2008-03-05,53.00719451904297,91.62000274658205,93.05999755859376,91.5,93.05999755859376,3871200
2008-03-06,53.2906494140625,92.11000061035156,92.44000244140624,91.66999816894533,91.81999969482422,1342600
2008-03-07,53.360107421875,92.2300033569336,93.3499984741211,91.73999786376952,93.29000091552734,3601300
2008-03-10,54.146934509277344,93.58999633789062,94.12999725341795,92.61000061035156,92.70999908447266,3579000
2008-03-11,53.6840934753418,92.79000091552734,93.02999877929688,92.20999908447266,93.0,3309200
2008-03-12,54.71967315673828,94.58000183105467,94.68000030517578,92.97000122070312,93.12999725341795,4752900
2008-03-13,54.29158782958984,93.83999633789062,95.19000244140624,93.26000213623048,95.02999877929688,5763500
2008-03-14,54.96269989013672,95.0,95.80999755859376,94.62000274658205,94.62000274658205,6174800
2008-03-17,55.385047912597656,95.7300033569336,96.30999755859376,95.30999755859376,95.58999633789062,3329300
2008-03-18,55.17100524902344,95.36000061035156,96.16000366210938,94.9499969482422,95.3000030517578,4022300
2008-03-19,56.08512115478515,96.94000244140624,97.47000122070312,95.12000274658205,95.12000274658205,5206400
2008-03-20,56.22396087646485,97.18000030517578,97.75,96.87000274658205,97.0,3905900
2008-03-24,55.13630676269531,95.3000030517578,96.4800033569336,95.1999969482422,96.4800033569336,5596200
2008-03-25,55.36768341064453,95.6999969482422,95.81999969482422,95.27999877929688,95.37999725341795,2038200
2008-03-26,55.13630676269531,95.3000030517578,96.1999969482422,95.2300033569336,95.77999877929688,1652000
2008-03-27,54.74863815307617,94.62999725341795,95.36000061035156,94.54000091552734,94.63999938964844,2405700
2008-03-28,55.280948638916016,95.5500030517578,95.55999755859376,94.75,95.08999633789062,1745500
2008-03-31,55.47761535644531,95.88999938964844,96.31999969482422,95.66999816894533,96.11000061035156,2546300
2008-04-01,54.57476043701172,93.93000030517578,94.8499984741211,93.77999877929688,94.80999755859376,3821800
2008-04-02,54.6909294128418,94.12999725341795,94.86000061035156,93.98999786376952,93.98999786376952,3794200
2008-04-03,54.81290817260742,94.33999633789062,94.66999816894533,94.12000274658205,94.5,2839100
2008-04-04,55.312652587890625,95.1999969482422,95.55999755859376,94.98999786376952,95.16999816894533,1745200
2008-04-07,55.02210235595703,94.6999969482422,94.77999877929688,93.9000015258789,94.62000274658205,2231800
2008-04-08,54.83034133911133,94.37000274658205,95.23999786376952,94.26000213623048,95.18000030517578,1305200
2008-04-09,55.39978790283203,95.3499984741211,95.63999938964844,94.5500030517578,94.55999755859376,2883600
2008-04-10,55.21382141113281,95.02999877929688,95.5,94.56999969482422,95.30999755859376,1846500
2008-04-11,55.58570861816406,95.66999816894533,95.91999816894533,95.47000122070312,95.5999984741211,1987700
2008-04-14,55.2603759765625,95.11000061035156,95.6999969482422,94.98999786376952,95.33999633789062,3195300
2008-04-15,54.57476043701172,93.93000030517578,94.58000183105467,93.9000015258789,94.41999816894533,2821600
2008-04-16,54.040184020996094,93.01000213623048,94.05999755859376,92.43000030517578,93.8000030517578,4691100
2008-04-17,53.947227478027344,92.8499984741211,93.18000030517578,92.23999786376952,92.9800033569336,2020000
2008-04-18,53.900733947753906,92.7699966430664,92.87999725341795,91.81999969482422,92.0,2199700
2008-04-21,54.11571502685547,93.13999938964844,93.27999877929688,92.3000030517578,92.41000366210938,2805800
2008-04-22,54.301639556884766,93.45999908447266,93.66999816894533,92.91000366210938,92.91000366210938,1799700
2008-04-23,54.12152099609375,93.1500015258789,93.62999725341795,92.52999877929688,93.08999633789062,1221100
2008-04-24,53.66252517700195,92.36000061035156,92.45999908447266,91.80999755859376,92.26000213623048,3213600
2008-04-25,53.34876251220703,91.81999969482422,92.25,91.5,92.13999938964844,1742000
2008-04-28,53.511470794677734,92.0999984741211,92.3499984741211,91.41000366210938,91.52999877929688,1883900
2008-04-29,53.714847564697266,92.4499969482422,92.86000061035156,92.1500015258789,92.37999725341795,1269100
2008-04-30,54.0982551574707,93.11000061035156,93.1999969482422,91.8499984741211,92.41999816894533,2827500
2008-05-01,54.10179901123047,92.77999877929688,93.6500015258789,92.37999725341795,93.44000244140624,3226500
2008-05-02,53.419525146484375,91.61000061035156,92.41000366210938,91.54000091552734,91.77999877929688,2730800
2008-05-05,53.419525146484375,91.61000061035156,91.87000274658205,91.13999938964844,91.86000061035156,1309300
2008-05-06,53.03472900390625,90.9499969482422,92.08000183105467,90.79000091552734,92.01000213623048,4037500
2008-05-07,53.26212310791016,91.33999633789062,91.43000030517578,90.62000274658205,90.7300033569336,3876200
2008-05-08,53.74026870727539,92.16000366210938,92.1999969482422,91.41999816894533,91.44000244140624,2829500
2008-05-09,53.93849563598633,92.5,92.87000274658205,92.20999908447266,92.7300033569336,2064300
2008-05-12,53.856903076171875,92.36000061035156,93.16000366210938,92.3499984741211,92.76000213623048,1947400
2008-05-13,53.26792907714844,91.3499984741211,92.0500030517578,91.30999755859376,91.83000183105467,2123300
2008-05-14,53.291263580322266,91.38999938964844,92.01000213623048,90.72000122070312,92.0,2600900
2008-05-15,53.77524185180664,92.22000122070312,92.33000183105467,91.08999633789062,91.16999816894533,2164300
2008-05-16,53.55365753173828,91.83999633789062,92.88999938964844,91.77999877929688,91.87999725341795,1902600
2008-05-19,53.6236457824707,91.95999908447266,92.26000213623048,91.3000030517578,92.26000213623048,1348200
2008-05-20,53.90351486206055,92.44000244140624,92.5,91.9000015258789,92.44000244140624,1466000
2008-05-21,53.91518020629883,92.45999908447266,92.66999816894533,91.86000061035156,92.0500030517578,1762100
2008-05-22,53.27961349487305,91.37000274658205,91.93000030517578,90.83999633789062,91.93000030517578,2855900
2008-05-23,53.51286315917969,91.7699966430664,92.3000030517578,91.6999969482422,91.83000183105467,1802000
2008-05-27,53.15132522583008,91.1500015258789,91.55999755859376,90.9800033569336,91.37999725341795,1985800
2008-05-28,52.678951263427734,90.33999633789062,90.66000366210938,90.13999938964844,90.54000091552734,3250700
2008-05-29,52.29998779296875,89.69000244140625,90.0999984741211,89.13999938964844,90.01000213623047,3302400
2008-05-30,52.64402389526367,90.27999877929688,90.44000244140624,90.05999755859375,90.12999725341795,2514600
2008-06-02,52.84703826904297,90.3000030517578,90.63999938964844,89.62000274658203,89.9800033569336,3076400
2008-06-03,53.227516174316406,90.9499969482422,91.41000366210938,89.80999755859375,90.05999755859375,2447700
2008-06-04,52.75346374511719,90.13999938964844,91.38999938964844,89.9000015258789,91.38999938964844,2813000
2008-06-05,52.43741226196289,89.5999984741211,90.02999877929688,89.44999694824219,89.81999969482422,2632200
2008-06-06,53.11628723144531,90.76000213623048,91.08999633789062,90.20999908447266,90.44000244140624,3864800
2008-06-09,53.11628723144531,90.76000213623048,91.38999938964844,90.19000244140624,90.4800033569336,1812000
2008-06-10,52.770992279052734,90.16999816894533,90.70999908447266,89.69999694824219,90.6500015258789,1935300
2008-06-11,52.64810943603515,89.95999908447266,90.72000122070312,89.70999908447266,90.05000305175781,2265400
2008-06-12,52.12138366699219,89.05999755859375,89.63999938964844,88.81999969482422,89.55999755859375,4413100
2008-06-13,52.01020431518555,88.87000274658203,89.54000091552734,88.68000030517578,88.97000122070312,1983600
2008-06-16,52.02190780639648,88.88999938964844,89.18000030517578,88.62000274658203,89.11000061035156,1756800
2008-06-17,52.12718963623047,89.06999969482422,89.2699966430664,88.58999633789062,89.1500015258789,1712200
2008-06-18,52.566139221191406,89.81999969482422,89.97000122070312,89.08999633789062,89.29000091552734,2590000
2008-06-19,52.255977630615234,89.29000091552734,89.75,89.02999877929688,89.5199966430664,1700500
2008-06-20,52.56028747558594,89.80999755859375,90.06999969482422,89.69000244140625,89.94000244140625,4580900
2008-06-23,52.67148208618164,90.0,90.43000030517578,89.83000183105469,90.08000183105467,1594100
2008-06-24,53.02265167236328,90.5999984741211,90.80999755859376,90.13999938964844,90.37999725341795,3118400
2008-06-25,53.04603576660156,90.63999938964844,90.76000213623048,89.80999755859375,90.6500015258789,3251600
2008-06-26,53.40303421020508,91.25,91.44000244140624,90.79000091552734,91.0,4052300
2008-06-27,54.02925109863281,92.31999969482422,92.44000244140624,91.4499969482422,91.7300033569336,4144800
2008-06-30,54.04096221923828,92.33999633789062,92.81999969482422,92.08000183105467,92.41000366210938,3743000
2008-07-01,53.91289520263672,91.79000091552734,92.7699966430664,91.68000030517578,92.69000244140624,3805100
2008-07-02,54.1948356628418,92.2699966430664,92.37999725341795,91.87000274658205,91.95999908447266,2413700
2008-07-03,54.077396392822266,92.06999969482422,92.3000030517578,91.54000091552734,91.70999908447266,1405100
2008-07-07,54.32404327392578,92.48999786376952,93.1500015258789,91.58000183105467,92.06999969482422,3528400
2008-07-08,54.676490783691406,93.08999633789062,93.13999938964844,92.41999816894533,92.5,2176600
2008-07-09,54.91728591918945,93.5,93.63999938964844,92.91999816894533,92.94000244140624,1582000
2008-07-10,54.911415100097656,93.48999786376952,93.76000213623048,92.94000244140624,93.33000183105467,2723600
2008-07-11,54.1302375793457,92.16000366210938,93.73999786376952,91.86000061035156,93.5199966430664,5466000
2008-07-14,54.6059455871582,92.97000122070312,93.26000213623048,92.29000091552734,92.37999725341795,4135400
2008-07-15,54.588375091552734,92.94000244140624,93.43000030517578,92.6999969482422,93.06999969482422,4541400
2008-07-16,53.60163497924805,91.26000213623048,92.23999786376952,91.20999908447266,92.08000183105467,3435900
2008-07-17,53.3255500793457,90.79000091552734,91.61000061035156,90.55999755859376,91.26000213623048,5899900
2008-07-18,53.12586975097656,90.4499969482422,91.1999969482422,90.3000030517578,90.76000213623048,3475200
2008-07-21,53.33148193359375,90.8000030517578,90.9000015258789,90.25,90.4499969482422,3657200
2008-07-22,53.0671272277832,90.3499984741211,90.76000213623048,90.02999877929688,90.63999938964844,2675200
2008-07-23,52.96142578125,90.16999816894533,90.37000274658205,89.75,90.22000122070312,2871900
2008-07-24,53.4782829284668,91.0500030517578,91.25,90.3499984741211,90.3499984741211,2613300
2008-07-25,52.943817138671875,90.13999938964844,90.83999633789062,90.0,90.5500030517578,3765300
2008-07-28,53.4782829284668,91.0500030517578,91.47000122070312,90.6999969482422,90.9499969482422,1275900
2008-07-29,53.26095962524414,90.68000030517578,90.98999786376952,90.30999755859376,90.66000366210938,1349100
2008-07-30,53.31380462646485,90.7699966430664,91.29000091552734,90.02999877929688,90.08999633789062,1667500
2008-07-31,53.84245300292969,91.66999816894533,92.0500030517578,91.2699966430664,91.72000122070312,3898700
2008-08-01,53.961517333984375,91.54000091552734,91.55999755859376,90.83000183105467,90.97000122070312,1804800
2008-08-04,53.83773040771485,91.33000183105467,91.63999938964844,91.01000213623048,91.08999633789062,2029900
2008-08-05,53.436893463134766,90.6500015258789,91.5999984741211,90.62000274658205,91.3499984741211,2191200
2008-08-06,53.21875762939453,90.27999877929688,90.41000366210938,89.81999969482422,90.41000366210938,3139500
2008-08-07,54.08531188964844,91.75,91.9000015258789,90.43000030517578,90.62999725341795,2765600
2008-08-08,54.232696533203125,92.0,92.08000183105467,91.54000091552734,91.88999938964844,1035400
2008-08-11,53.71395492553711,91.12000274658205,91.77999877929688,90.5999984741211,91.77999877929688,3939400
2008-08-12,54.214988708496094,91.97000122070312,92.02999877929688,91.6999969482422,91.80999755859376,1315000
2008-08-13,54.026371002197266,91.6500015258789,92.3499984741211,91.45999908447266,92.3000030517578,1940300
2008-08-14,54.37409591674805,92.23999786376952,92.5999984741211,92.06999969482422,92.26000213623048,2605300
2008-08-15,54.845760345458984,93.04000091552734,93.1999969482422,92.56999969482422,92.66999816894533,1964900
2008-08-18,55.06388473510742,93.41000366210938,93.54000091552734,92.95999908447266,93.08000183105467,1262200
2008-08-19,54.851654052734375,93.0500030517578,93.52999877929688,92.88999938964844,93.44000244140624,1944700
2008-08-20,55.00486755371094,93.30999755859376,93.70999908447266,93.1500015258789,93.37999725341795,2500000
2008-08-21,54.90468978881836,93.13999938964844,93.62999725341795,92.75,93.62999725341795,2267000
2008-08-22,54.86933135986328,93.08000183105467,93.16999816894533,92.63999938964844,93.11000061035156,1990000
2008-08-25,55.41754913330078,94.01000213623048,94.33000183105467,93.8499984741211,94.12000274658205,2028300
2008-08-26,55.46467971801758,94.08999633789062,94.1999969482422,93.70999908447266,93.95999908447266,1270900
2008-08-27,55.55900573730469,94.25,94.29000091552734,93.44000244140624,93.48999786376952,1555300
2008-08-28,55.564884185791016,94.26000213623048,94.41000366210938,93.69000244140624,93.91000366210938,1886500
2008-08-29,55.31734848022461,93.83999633789062,94.16000366210938,93.51000213623048,94.0199966430664,1739100
2008-09-02,55.8320198059082,94.37000274658205,94.41000366210938,92.83999633789062,92.9800033569336,2916000
2008-09-03,56.06868362426758,94.7699966430664,94.88999938964844,94.26000213623048,94.2699966430664,2105000
2008-09-04,56.51839828491211,95.52999877929688,95.55999755859376,94.80999755859376,95.0,3049800
2008-09-05,56.48875045776367,95.4800033569336,96.30999755859376,95.41000366210938,96.0199966430664,4167800
2008-09-08,56.72539520263672,95.87999725341795,95.87999725341795,94.55999755859376,94.9000015258789,5426200
2008-09-09,57.28743362426758,96.83000183105467,96.87999725341795,95.54000091552734,95.83000183105467,3890200
2008-09-10,56.93244171142578,96.2300033569336,96.66000366210938,95.81999969482422,95.9800033569336,2407900
2008-09-11,56.902870178222656,96.18000030517578,96.86000061035156,96.0,96.79000091552734,3592000
2008-09-12,56.16929244995117,94.94000244140624,96.33000183105467,94.75,96.20999908447266,4138200
2008-09-15,57.9914665222168,98.0199966430664,98.16999816894533,96.06999969482422,96.27999877929688,5889900
2008-09-16,57.979610443115234,98.0,100.86000061035156,97.91000366210938,100.70999908447266,6684400
2008-09-17,58.26956558227539,98.48999786376952,99.37999725341795,97.7300033569336,98.91999816894533,4371300
2008-09-18,57.4176139831543,97.0500030517578,98.48999786376952,96.91999816894533,97.9499969482422,4188300
2008-09-19,55.59541320800781,93.97000122070312,95.0199966430664,93.6999969482422,93.86000061035156,7169200
2008-09-22,55.58943939208984,93.95999908447266,93.95999908447266,92.5999984741211,92.93000030517578,4726300
2008-09-23,55.37649154663086,93.5999984741211,94.0999984741211,93.12999725341795,93.61000061035156,2236000
2008-09-24,55.61905670166016,94.01000213623048,94.75,93.5999984741211,93.97000122070312,1014900
2008-09-25,55.50664520263672,93.81999969482422,94.58999633789062,93.1500015258789,94.58999633789062,1881200
2008-09-26,55.908958435058594,94.5,94.79000091552734,94.06999969482422,94.06999969482422,1992800
2008-09-29,57.535926818847656,97.25,97.93000030517578,95.16000366210938,95.16999816894533,4799800
2008-09-30,56.133785247802734,94.87999725341795,97.29000091552734,94.5999984741211,97.04000091552734,1358100
2008-10-01,56.83999252319336,95.77999877929688,96.9000015258789,94.9499969482422,96.04000091552734,1767800
2008-10-02,57.29689025878906,96.5500030517578,96.8499984741211,96.06999969482422,96.56999969482422,931900
2008-10-03,57.801307678222656,97.4000015258789,97.79000091552734,95.48999786376952,97.37999725341795,1903100
2008-10-06,58.85176467895508,99.16999816894533,99.86000061035156,98.62000274658205,98.73999786376952,2906200
2008-10-07,58.67372131347656,98.87000274658205,99.66999816894533,97.9800033569336,98.31999969482422,1972000
2008-10-08,57.83100128173828,97.4499969482422,99.94000244140624,96.68000030517578,99.68000030517578,3386300
2008-10-09,57.34440994262695,96.62999725341795,97.6999969482422,96.22000122070312,97.37000274658205,1785400
2008-10-10,56.94086837768555,95.9499969482422,96.91000366210938,95.51000213623048,96.61000061035156,2200000
2008-10-13,56.21095275878906,94.72000122070312,95.9499969482422,94.26000213623048,95.11000061035156,1532100
2008-10-14,55.84893798828125,94.11000061035156,95.26000213623048,93.9000015258789,94.25,2100000
2008-10-15,56.383033752441406,95.01000213623048,95.04000091552734,93.41999816894533,94.12000274658205,1449500
2008-10-16,56.09225082397461,94.5199966430664,95.2699966430664,94.18000030517578,94.98999786376952,1063200
2008-10-17,55.70649337768555,93.87000274658205,94.9000015258789,93.0199966430664,94.69000244140624,1691800
2008-10-20,56.1515998840332,94.62000274658205,94.94000244140624,93.36000061035156,93.44000244140624,1146800
2008-10-21,56.448265075683594,95.12000274658205,95.98999786376952,94.73999786376952,95.08999633789062,1243700
2008-10-22,57.59361267089844,97.0500030517578,97.48999786376952,95.8499984741211,96.12000274658205,1069800
2008-10-23,58.020896911621094,97.7699966430664,98.88999938964844,96.81999969482422,97.9499969482422,1802000
2008-10-24,57.40372467041016,96.7300033569336,99.0500030517578,96.4499969482422,98.81999969482422,1495400
2008-10-27,57.44529724121094,96.8000030517578,98.20999908447266,96.29000091552734,97.7699966430664,1534100
2008-10-28,56.608524322509766,95.38999938964844,96.9000015258789,95.1500015258789,96.18000030517578,1505500
2008-10-29,56.323699951171875,94.91000366210938,96.01000213623048,94.43000030517578,95.7699966430664,1745800
2008-10-30,55.8133544921875,94.0500030517578,94.8000030517578,93.8000030517578,94.5,1326000
2008-10-31,55.08933639526367,92.83000183105467,94.91999816894533,92.6500015258789,94.63999938964844,2282500
2008-11-03,55.238250732421875,92.70999908447266,93.11000061035156,92.3499984741211,92.72000122070312,1111600
2008-11-04,56.27498626708984,94.4499969482422,94.70999908447266,92.58999633789062,92.95999908447266,1608800
2008-11-05,56.94232940673828,95.56999969482422,95.66999816894533,94.4000015258789,94.88999938964844,1931700
2008-11-06,56.531192779541016,94.87999725341795,95.0500030517578,93.80999755859376,94.5999984741211,919700
2008-11-07,56.16180419921875,94.26000213623048,94.5199966430664,93.5500030517578,94.5199966430664,1277100
2008-11-10,56.43589401245117,94.72000122070312,95.0999984741211,93.68000030517578,93.8000030517578,1352100
2008-11-11,56.602691650390625,95.0,95.80999755859376,94.95999908447266,95.20999908447266,696000
2008-11-12,56.96610641479492,95.61000061035156,96.06999969482422,95.16000366210938,95.58000183105467,1199400
2008-11-13,55.60169982910156,93.31999969482422,95.25,93.25,94.91000366210938,1631900
2008-11-14,56.70398712158203,95.16999816894533,95.45999908447266,94.79000091552734,95.11000061035156,1059300
2008-11-17,56.9542121887207,95.58999633789062,96.02999877929688,95.29000091552734,95.68000030517578,490300
2008-11-18,57.68709945678711,96.81999969482422,97.0,95.95999908447266,96.37999725341795,924800
2008-11-19,59.16469192504883,99.3000030517578,99.37000274658205,97.20999908447266,97.47000122070312,2090400
2008-11-20,62.221248626708984,104.43000030517578,104.44000244140624,101.0999984741211,101.81999969482422,5459800
2008-11-21,61.321590423583984,102.91999816894533,103.9800033569336,101.4499969482422,103.25,3249300
2008-11-24,60.362308502197266,101.30999755859376,102.29000091552734,101.0,102.1500015258789,1587300
2008-11-25,62.13785934448242,104.29000091552734,104.47000122070312,102.68000030517578,103.9499969482422,2632700
2008-11-26,62.221248626708984,104.43000030517578,105.62000274658205,104.08999633789062,104.72000122070312,2577600
2008-11-28,62.98981475830078,105.72000122070312,105.97000122070312,104.94000244140624,105.25,986400
2008-12-01,65.40206909179688,109.4000015258789,110.41000366210938,107.12999725341795,107.75,4031600
2008-12-02,65.65318298339844,109.81999969482422,110.37000274658205,108.19000244140624,108.55999755859376,3289300
2008-12-03,65.8385009765625,110.12999725341795,110.80999755859376,108.55999755859376,110.2699966430664,2951000
2008-12-04,67.13574981689453,112.3000030517578,112.48999786376952,110.37000274658205,111.12999725341795,2825400
2008-12-05,66.04774475097656,110.4800033569336,113.0,110.41999816894533,111.9499969482422,4557600
2008-12-08,65.90423583984375,110.23999786376952,111.25,109.69000244140624,110.4800033569336,2119500
2008-12-09,67.20748138427734,112.41999816894533,112.52999877929688,110.25,110.58000183105467,2055500
2008-12-10,67.04608917236328,112.1500015258789,112.1500015258789,111.12000274658205,111.37000274658205,2414900
2008-12-11,67.1776123046875,112.37000274658205,112.43000030517578,110.87000274658205,112.18000030517578,2416900
2008-12-12,67.1776123046875,112.37000274658205,112.55999755859376,110.33999633789062,112.54000091552734,2547100
2008-12-15,67.94284057617188,113.6500015258789,113.94000244140624,112.0500030517578,112.3499984741211,1707700
2008-12-16,69.62273406982422,116.45999908447266,116.9000015258789,113.97000122070312,116.45999908447266,4015100
2008-12-17,71.51185607910156,119.62000274658205,121.12999725341795,119.26000213623048,120.7699966430664,6407500
2008-12-18,73.01237487792969,122.12999725341795,123.1500015258789,120.4499969482422,120.73999786376952,4442000
2008-12-19,73.09014892578125,122.26000213623048,122.98999786376952,121.27999877929688,121.44000244140624,2668500
2008-12-22,72.52816772460938,121.31999969482422,122.38999938964844,120.7300033569336,122.38999938964844,2221400
2008-12-23,72.4324951171875,121.16000366210938,121.5,119.9000015258789,120.13999938964844,1746400
2008-12-24,72.27705383300781,120.9000015258789,121.31999969482422,120.62000274658205,120.7300033569336,717200
2008-12-26,72.51622009277344,121.3000030517578,121.97000122070312,121.1999969482422,121.58999633789062,454400
2008-12-29,72.4292221069336,120.75,122.01000213623048,120.61000061035156,121.43000030517578,1416000
2008-12-30,73.1190414428711,121.9000015258789,121.91999816894533,120.06999969482422,120.48999786376952,2590500
2008-12-31,71.58946228027344,119.3499984741211,122.0,118.8499984741211,121.41000366210938,2738000
2009-01-02,69.78994750976562,116.3499984741211,120.4499969482422,116.3499984741211,120.0500030517578,3464200
2009-01-05,67.99050903320312,113.3499984741211,116.16000366210938,112.5999984741211,115.5999984741211,5395200
2009-01-06,67.30668640136719,112.20999908447266,113.26000213623048,111.0,111.62000274658205,4109300
2009-01-07,67.57063293457031,112.6500015258789,112.68000030517578,111.4000015258789,111.95999908447266,2565600
2009-01-08,67.51663970947266,112.55999755859376,112.91999816894533,111.98999786376952,112.63999938964844,2603600
2009-01-09,67.61860656738281,112.7300033569336,113.3499984741211,111.2699966430664,111.45999908447266,2727900
2009-01-12,68.32042694091797,113.9000015258789,114.0500030517578,111.56999969482422,111.56999969482422,2462800
2009-01-13,68.39240264892578,114.0199966430664,114.08000183105467,112.95999908447266,113.5,1767400
2009-01-14,69.52005004882812,115.9000015258789,116.04000091552734,114.6500015258789,114.6500015258789,2494800
2009-01-15,69.63404846191406,116.08999633789062,116.91999816894533,115.58000183105467,116.1999969482422,2827200
2009-01-16,68.56036376953125,114.3000030517578,116.08999633789062,113.36000061035156,113.41999816894533,2994800
2009-01-20,68.54835510253906,114.27999877929688,114.62999725341795,112.2300033569336,112.29000091552734,3268300
2009-01-21,66.38296508789062,110.66999816894533,113.04000091552734,110.4000015258789,111.93000030517578,2838100
2009-01-22,65.10535430908203,108.54000091552734,110.7699966430664,107.87999725341795,110.5999984741211,4016600
2009-01-23,64.59545135498047,107.69000244140624,108.31999969482422,106.69000244140624,107.91999816894533,2676200
2009-01-26,64.03164672851562,106.75,107.81999969482422,106.3000030517578,107.43000030517578,2240900
2009-01-27,65.53716278076172,109.26000213623048,109.58999633789062,107.62999725341795,107.8000030517578,3420800
2009-01-28,63.899688720703125,106.52999877929688,109.80999755859376,105.72000122070312,109.30999755859376,4348100
2009-01-29,62.43007278442383,104.08000183105467,106.30999755859376,103.66000366210938,105.55999755859376,3724400
2009-01-30,62.23214340209961,103.75,104.87000274658205,103.44000244140624,104.5500030517578,2630000
2009-02-02,63.39000701904297,105.38999938964844,105.68000030517578,103.38999938964844,104.0199966430664,2700200
2009-02-03,61.88021469116211,102.87999725341795,104.83000183105467,102.75,104.3000030517578,2846400
2009-02-04,61.663761138916016,102.5199966430664,102.87000274658205,101.62000274658205,102.75,2305400
2009-02-05,61.717926025390625,102.61000061035156,103.87999725341795,102.20999908447266,103.23999786376952,2279500
2009-02-06,61.52541732788086,102.29000091552734,102.86000061035156,101.9000015258789,102.25,1667500
2009-02-09,61.72389602661133,102.62000274658205,102.66999816894533,101.05999755859376,101.69000244140624,2257300
2009-02-10,63.065189361572266,104.8499984741211,104.95999908447266,103.4499969482422,104.11000061035156,3782800
2009-02-11,63.88322067260742,106.20999908447266,106.5,105.52999877929688,105.70999908447266,2774200
2009-02-12,63.28175354003906,105.20999908447266,106.18000030517578,104.73999786376952,105.9800033569336,1818400
2009-02-13,61.59758377075195,102.41000366210938,103.9499969482422,102.2300033569336,103.9499969482422,2466800
2009-02-17,63.51630783081055,105.5999984741211,105.66000366210938,104.3499984741211,104.5500030517578,2813900
2009-02-18,62.975006103515625,104.6999969482422,106.55999755859376,104.3000030517578,106.05999755859376,2768600
2009-02-19,61.90434646606445,102.91999816894533,104.05999755859376,102.2300033569336,102.69000244140624,3219400
2009-02-20,62.50579071044922,103.91999816894533,105.16000366210938,103.3000030517578,104.2699966430664,4272000
2009-02-23,63.083274841308594,104.87999725341795,104.87999725341795,103.16999816894533,103.5999984741211,2688700
2009-02-24,63.017086029052734,104.7699966430664,106.68000030517578,104.7699966430664,105.6999969482422,4197100
2009-02-25,62.289283752441406,103.55999755859376,105.48999786376952,103.02999877929688,105.23999786376952,3908100
2009-02-26,61.63369369506836,102.47000122070312,103.26000213623048,101.9800033569336,102.87000274658205,2611100
2009-02-27,61.27878952026367,101.87999725341795,103.01000213623048,101.20999908447266,102.56999969482422,3267700
2009-03-02,62.293338775634766,103.27999877929688,103.27999877929688,102.08999633789062,102.22000122070312,3302000
2009-03-03,61.87714767456055,102.58999633789062,103.56999969482422,101.80999755859376,102.2300033569336,3084900
2009-03-04,61.59364318847656,102.12000274658205,102.25,101.16000366210938,101.48999786376952,3178400
2009-03-05,63.30662155151367,104.95999908447266,105.44000244140624,103.44000244140624,104.0199966430664,4562400
2009-03-06,62.8843994140625,104.26000213623048,105.97000122070312,104.08999633789062,104.26000213623048,3125900
2009-03-09,62.51649856567383,103.6500015258789,104.5500030517578,103.12000274658205,104.51000213623048,2070500
2009-03-10,61.31616973876953,101.66000366210938,102.75,101.51000213623048,102.43000030517578,2602600
2009-03-11,61.97968673706055,102.76000213623048,102.76000213623048,100.93000030517578,101.29000091552734,3101500
2009-03-12,62.27521896362305,103.25,103.97000122070312,102.30999755859376,102.66000366210938,3558900
2009-03-13,61.961578369140625,102.7300033569336,103.87999725341795,102.33000183105467,102.75,2504000
2009-03-16,60.984493255615234,101.11000061035156,101.4499969482422,100.5,100.81999969482422,3265600
2009-03-17,60.65275192260742,100.55999755859376,102.33000183105467,100.38999938964844,101.72000122070312,3076200
2009-03-18,62.95071792602539,104.37000274658205,108.06999969482422,100.9000015258789,101.12000274658205,8578800
2009-03-19,63.02914810180664,104.5,105.66000366210938,104.22000122070312,105.62000274658205,3650900
2009-03-20,62.67931365966797,103.91999816894533,105.0,103.77999877929688,104.62000274658205,3479700
2009-03-23,62.13651657104492,103.0199966430664,104.41999816894533,102.97000122070312,104.29000091552734,2097000
2009-03-24,62.7275505065918,104.0,105.16000366210938,101.93000030517578,102.19000244140624,5477100
2009-03-25,61.8831672668457,102.5999984741211,103.72000122070312,102.30999755859376,103.29000091552734,2549600
2009-03-26,62.60090255737305,103.79000091552734,104.05999755859376,102.16000366210938,102.44000244140624,2385300
2009-03-27,63.06532287597656,104.55999755859376,104.93000030517578,103.55999755859376,104.1500015258789,1853900
2009-03-30,63.30662155151367,104.95999908447266,105.87000274658205,103.94000244140624,105.44000244140624,2300100
2009-03-31,63.75896072387695,105.70999908447266,105.8000030517578,105.0,105.04000091552734,1094600
2009-04-01,64.34086608886719,106.37000274658205,106.55999755859376,105.52999877929688,106.12000274658205,2383400
2009-04-02,63.5544548034668,105.06999969482422,106.06999969482422,104.83999633789062,105.88999938964844,1766300
2009-04-03,62.25403594970703,102.91999816894533,105.16000366210938,102.66000366210938,104.91000366210938,3316800
2009-04-06,61.98785400390625,102.4800033569336,103.58999633789062,102.22000122070312,103.54000091552734,1418100
2009-04-07,62.1451301574707,102.73999786376952,103.30999755859376,102.4800033569336,102.54000091552734,1312600
2009-04-08,62.69559097290039,103.6500015258789,103.86000061035156,102.9499969482422,103.06999969482422,1007800
2009-04-09,61.9093017578125,102.3499984741211,103.18000030517578,101.9800033569336,102.47000122070312,1088800
2009-04-13,62.47780227661133,103.29000091552734,103.51000213623048,102.93000030517578,102.95999908447266,946600
2009-04-14,62.804500579833984,103.83000183105467,104.20999908447266,102.93000030517578,103.25,1336000
2009-04-15,62.69559097290039,103.6500015258789,104.3000030517578,102.87999725341795,104.12999725341795,1152500
2009-04-16,62.19955825805664,102.83000183105467,103.4499969482422,102.77999877929688,102.8499984741211,1055600
2009-04-17,61.5161018371582,101.6999969482422,102.70999908447266,101.37000274658205,102.47000122070312,2582800
2009-04-20,62.44757461547851,103.23999786376952,103.4000015258789,102.4499969482422,102.62999725341795,1714400
2009-04-21,61.83066177368164,102.22000122070312,104.20999908447266,102.22000122070312,104.04000091552734,909100
2009-04-22,61.4555778503418,101.5999984741211,102.55999755859376,101.11000061035156,102.4499969482422,2278100
2009-04-23,61.44951248168945,101.58999633789062,101.75,100.94000244140624,101.3499984741211,1688300
2009-04-24,60.83252716064453,100.56999969482422,100.9800033569336,100.0999984741211,100.79000091552734,2830000
2009-04-27,61.092674255371094,101.0,101.19000244140624,100.05999755859376,101.06999969482422,2294600
2009-04-28,60.094600677490234,99.3499984741211,101.58000183105467,99.08999633789062,101.5,2332500
2009-04-29,59.56230926513672,98.47000122070312,100.08000183105467,98.1500015258789,99.66999816894533,3752600
2009-04-30,59.326438903808594,98.08000183105467,98.36000061035156,97.38999938964844,97.9800033569336,2778100
2009-05-01,58.91808319091797,97.11000061035156,97.29000091552734,96.56999969482422,97.12000274658205,2772200
2009-05-04,59.11225128173828,97.43000030517578,97.81999969482422,96.79000091552734,97.36000061035156,2246700
2009-05-05,59.039459228515625,97.30999755859376,97.83000183105467,96.76000213623048,97.45999908447266,1369000
2009-05-06,58.89992141723633,97.08000183105467,98.0,97.0,97.12000274658205,2045900
2009-05-07,57.46196365356445,94.70999908447266,96.6999969482422,94.33000183105467,95.94000244140624,5755200
2009-05-08,57.60152053833008,94.94000244140624,95.38999938964844,94.63999938964844,95.0199966430664,2193400
2009-05-11,58.420616149902344,96.29000091552734,96.4499969482422,95.79000091552734,96.0500030517578,2167400
2009-05-12,58.63291549682617,96.63999938964844,97.0199966430664,95.8000030517578,96.18000030517578,2304800
2009-05-13,59.27001953125,97.69000244140624,97.93000030517578,97.23999786376952,97.36000061035156,1917500
2009-05-14,59.50054931640625,98.06999969482422,98.25,97.3000030517578,97.5999984741211,1704600
2009-05-15,59.48234558105469,98.04000091552734,98.0500030517578,97.45999908447266,98.0,2306600
2009-05-18,58.56010437011719,96.5199966430664,98.11000061035156,96.37000274658205,98.01000213623048,2234700
2009-05-19,58.2507438659668,96.01000213623048,96.47000122070312,95.70999908447266,96.19000244140624,1624300
2009-05-20,58.86347198486328,97.0199966430664,97.16000366210938,95.83000183105467,95.93000030517578,2825700
2009-05-21,57.38308334350586,94.58000183105467,97.63999938964844,94.3499984741211,97.5500030517578,4771700
2009-05-22,56.74604797363281,93.52999877929688,94.48999786376952,93.3499984741211,93.81999969482422,4483400
2009-05-26,55.890586853027344,92.12000274658205,94.0999984741211,92.12000274658205,94.0500030517578,3633100
2009-05-27,54.90163040161133,90.48999786376952,92.58000183105467,90.37999725341795,92.23999786376952,7490200
2009-05-28,55.69645690917969,91.8000030517578,91.9800033569336,90.2300033569336,91.7699966430664,9824300
2009-05-29,57.134376525878906,94.16999816894533,94.2300033569336,91.63999938964844,91.6999969482422,4746700
2009-06-01,55.44523620605469,91.08999633789062,92.37999725341795,90.56999969482422,92.33999633789062,6987000
2009-06-02,55.74346923828125,91.58000183105467,91.7699966430664,90.77999877929688,91.61000061035156,5063600
2009-06-03,56.266971588134766,92.44000244140624,92.61000061035156,91.33000183105467,91.95999908447266,6727200
2009-06-04,55.10438919067383,90.52999877929688,91.72000122070312,90.23999786376952,91.43000030517578,5438600
2009-06-05,54.68440246582031,89.83999633789062,90.9000015258789,89.55000305175781,89.91000366210938,8439600
2009-06-08,54.54442596435547,89.61000061035156,90.7300033569336,89.4800033569336,90.41000366210938,4084000
2009-06-09,54.53826141357422,89.5999984741211,90.30999755859376,89.25,90.19000244140624,6046300
2009-06-10,53.68004608154297,88.19000244140625,89.43000030517578,87.55999755859375,88.87000274658203,12142000
2009-06-11,54.27656173706055,89.16999816894531,89.5199966430664,87.69000244140625,87.76000213623047,10692800
2009-06-12,54.76353073120117,89.97000122070312,90.6500015258789,89.41999816894531,89.41999816894531,6606800
2009-06-15,55.256553649902344,90.77999877929688,91.1500015258789,90.4800033569336,90.54000091552734,4518700
2009-06-16,56.21826171875,92.36000061035156,92.43000030517578,90.8000030517578,90.95999908447266,5376000
2009-06-17,55.901737213134766,91.83999633789062,93.33000183105467,91.83999633789062,92.4499969482422,7197200
2009-06-18,55.05567932128906,90.4499969482422,91.58000183105467,90.11000061035156,91.25,6794000
2009-06-19,55.81045913696289,91.69000244140624,91.6999969482422,90.20999908447266,90.33000183105467,4750700
2009-06-22,56.35219955444336,92.58000183105467,92.91000366210938,92.05999755859376,92.44000244140624,3952300
2009-06-23,57.01567459106445,93.66999816894533,93.80999755859376,92.58000183105467,92.7699966430664,5356900
2009-06-24,56.44350051879883,92.7300033569336,94.06999969482422,92.66000366210938,93.6500015258789,6550400
2009-06-25,57.4782600402832,94.43000030517578,94.5,92.66999816894533,93.22000122070312,7140000
2009-06-26,57.57567596435547,94.58999633789062,94.9000015258789,94.20999908447266,94.62000274658205,4050400
2009-06-29,57.660865783691406,94.7300033569336,95.37000274658205,94.58000183105467,95.06999969482422,4334900
2009-06-30,57.56344985961914,94.56999969482422,95.11000061035156,93.80999755859376,94.19000244140624,3743700
2009-07-01,57.44929122924805,94.08000183105467,94.08999633789062,93.23999786376952,93.41999816894533,3379900
2009-07-02,57.58360290527344,94.3000030517578,94.61000061035156,94.0,94.33000183105467,2645100
2009-07-06,57.47369766235352,94.12000274658205,94.29000091552734,93.38999938964844,94.0500030517578,1886700
2009-07-07,57.85840606689453,94.75,94.87999725341795,93.61000061035156,93.62000274658205,2592400
2009-07-08,58.92705535888672,96.5,96.80999755859376,94.88999938964844,95.12000274658205,7912900
2009-07-09,58.22479248046875,95.3499984741211,95.7300033569336,94.4499969482422,95.3499984741211,5241400
2009-07-10,58.76215744018555,96.2300033569336,96.33000183105467,95.43000030517578,95.62000274658205,3981900
2009-07-13,58.43245697021485,95.69000244140624,96.5999984741211,95.55999755859376,96.31999969482422,2604300
2009-07-14,57.46155548095703,94.0999984741211,95.12999725341795,93.6999969482422,94.76000213623048,3629100
2009-07-15,55.98373031616211,91.68000030517578,93.0,91.66999816894533,92.66000366210938,4664200
2009-07-16,56.58827209472656,92.66999816894533,93.18000030517578,92.5,92.80999755859376,4225200
2009-07-17,55.715087890625,91.23999786376952,92.36000061035156,91.23999786376952,91.9000015258789,3845700
2009-07-20,56.00816345214844,91.72000122070312,92.48999786376952,90.8000030517578,90.8499984741211,4436500
2009-07-21,57.12567138671875,93.5500030517578,93.6999969482422,91.29000091552734,91.4499969482422,3895300
2009-07-22,56.612701416015625,92.70999908447266,93.52999877929688,92.36000061035156,93.4000015258789,1986700
2009-07-23,55.57463836669922,91.01000213623048,92.8000030517578,90.56999969482422,92.76000213623048,3818800
2009-07-24,55.84331512451172,91.4499969482422,91.4499969482422,90.7699966430664,91.0,1765300
2009-07-27,55.20211410522461,90.4000015258789,90.66000366210938,89.94000244140625,90.2300033569336,2755900
2009-07-28,55.690670013427734,91.1999969482422,91.81999969482422,90.43000030517578,90.72000122070312,3324800
2009-07-29,55.99593734741211,91.6999969482422,92.29000091552734,90.94000244140624,92.16999816894533,2910200
2009-07-30,56.789756774902344,93.0,93.1500015258789,91.2300033569336,91.54000091552734,4040700
2009-07-31,57.89504623413086,94.80999755859376,94.86000061035156,93.27999877929688,93.8499984741211,5697000
2009-08-03,57.01765060424805,93.05999755859376,93.87000274658205,92.61000061035156,93.80999755859376,4029300
2009-08-04,56.56430435180664,92.31999969482422,93.72000122070312,91.66999816894533,93.62999725341795,3832200
2009-08-05,55.71875762939453,90.94000244140624,92.75,90.87000274658205,91.30999755859376,4458300
2009-08-06,55.9086799621582,91.25,91.88999938964844,90.41999816894533,90.9000015258789,3228500
2009-08-07,55.44301986694336,90.48999786376952,90.93000030517578,90.22000122070312,90.41999816894533,3543200
2009-08-10,56.1353759765625,91.62000274658205,91.63999938964844,90.41000366210938,90.51000213623048,3150100
2009-08-11,56.78486251831055,92.68000030517578,92.87000274658205,91.98999786376952,92.38999938964844,3677800
2009-08-12,56.17829513549805,91.69000244140624,93.06999969482422,91.08999633789062,92.9499969482422,4729200
2009-08-13,56.97474670410156,92.98999786376952,93.1500015258789,91.5,91.8000030517578,3922300
2009-08-14,57.195281982421875,93.3499984741211,94.1999969482422,93.20999908447266,93.3000030517578,4410400
2009-08-17,58.04088592529297,94.7300033569336,94.75,93.87000274658205,93.9499969482422,3569700
2009-08-18,57.70392608642578,94.18000030517578,94.7699966430664,94.01000213623048,94.66000366210938,2557900
2009-08-19,58.181766510009766,94.95999908447266,95.37000274658205,94.41000366210938,95.16999816894533,3518200
2009-08-20,58.65968322753906,95.73999786376952,95.87000274658205,94.77999877929688,95.37999725341795,3282700
2009-08-21,57.45270156860352,93.7699966430664,95.7300033569336,93.75,95.63999938964844,6258300
2009-08-24,58.494293212890625,95.47000122070312,95.47000122070312,93.45999908447266,93.48999786376952,4460200
2009-08-25,58.82516098022461,96.01000213623048,96.08999633789062,94.91000366210938,95.37000274658205,3359700
2009-08-26,59.09471130371094,96.4499969482422,96.5500030517578,95.91000366210938,96.18000030517578,3225800
2009-08-27,58.86190032958984,96.06999969482422,96.62000274658205,95.7300033569336,96.18000030517578,2514000
2009-08-28,59.13148880004883,96.51000213623048,96.51000213623048,95.30999755859376,95.44000244140624,2072500
2009-08-31,59.18663024902344,96.5999984741211,96.86000061035156,95.76000213623048,96.36000061035156,2899800
2009-09-01,59.04342269897461,96.05999755859376,96.58000183105467,95.13999938964844,95.81999969482422,3304200
2009-09-02,59.903926849365234,97.45999908447266,97.66000366210938,96.23999786376952,96.4800033569336,4345000
2009-09-03,59.535152435302734,96.86000061035156,97.12000274658205,96.5500030517578,96.83999633789062,2703800
2009-09-04,58.52095413208008,95.20999908447266,96.5999984741211,95.05999755859376,96.44000244140624,3643000
2009-09-08,58.109134674072266,94.54000091552734,95.37000274658205,94.36000061035156,94.4800033569336,2468900
2009-09-09,58.041534423828125,94.43000030517578,94.43000030517578,93.5199966430664,93.88999938964844,3182400
2009-09-10,59.111045837402344,96.16999816894533,96.70999908447266,94.91000366210938,94.93000030517578,4417300
2009-09-11,59.43678283691406,96.6999969482422,97.68000030517578,96.5999984741211,96.81999969482422,4826200
2009-09-14,58.84672927856445,95.73999786376952,96.66999816894533,95.6500015258789,96.0199966430664,2119500
2009-09-15,58.5455322265625,95.25,95.7699966430664,95.06999969482422,95.19000244140624,2187900
2009-09-16,58.650020599365234,95.41999816894533,95.9499969482422,94.5999984741211,95.33999633789062,3732300
2009-09-17,59.3875846862793,96.62000274658205,96.7300033569336,95.16999816894533,95.69000244140624,2832000
2009-09-18,58.85904312133789,95.76000213623048,96.52999877929688,95.66999816894533,96.1999969482422,2813300
2009-09-21,58.99422836303711,95.9800033569336,96.48999786376952,95.36000061035156,96.0999984741211,3050200
2009-09-22,59.11719512939453,96.18000030517578,96.37000274658205,95.51000213623048,95.6500015258789,2068000
2009-09-23,59.2954216003418,96.47000122070312,96.58000183105467,95.1999969482422,95.94000244140624,5712000
2009-09-24,59.46747970581055,96.75,97.08999633789062,96.16999816894533,96.5,4658400
2009-09-25,60.22359085083008,97.9800033569336,98.05999755859376,96.7699966430664,97.36000061035156,3854500
2009-09-28,60.752174377441406,98.83999633789062,98.93000030517578,98.11000061035156,98.31999969482422,4263300
2009-09-29,60.69682312011719,98.75,99.16999816894533,98.1500015258789,98.31999969482422,3123200
2009-09-30,60.64148712158203,98.66000366210938,99.12999725341795,98.36000061035156,98.55999755859376,2744800
2009-10-01,61.47197341918945,99.6999969482422,100.05999755859376,98.8000030517578,98.95999908447266,5754400
2009-10-02,61.046630859375,99.01000213623048,100.30999755859376,98.87999725341795,100.27999877929688,4827700
2009-10-05,61.05277633666992,99.0199966430664,99.66000366210938,98.7699966430664,99.47000122070312,2910100
2009-10-06,60.44849395751953,98.04000091552734,98.8000030517578,97.9800033569336,98.76000213623048,3936200
2009-10-07,61.1575813293457,99.19000244140624,99.33000183105467,98.5999984741211,98.66999816894533,3591000
2009-10-08,60.516334533691406,98.1500015258789,99.76000213623048,97.68000030517578,99.70999908447266,5871600
2009-10-09,59.12907028198242,95.9000015258789,97.70999908447266,95.5,97.62000274658205,8135900
2009-10-12,59.22154235839844,96.0500030517578,96.33000183105467,95.5999984741211,96.02999877929688,1939700
2009-10-13,59.529808044433594,96.5500030517578,96.8499984741211,96.26000213623048,96.62000274658205,2886500
2009-10-14,58.64811706542969,95.12000274658205,96.0999984741211,94.9000015258789,95.51000213623048,5421000
2009-10-15,58.37682342529297,94.68000030517578,95.41999816894533,94.37000274658205,94.56999969482422,3736900
2009-10-16,58.85160446166992,95.4499969482422,95.52999877929688,94.7300033569336,95.19000244140624,3716800
2009-10-19,59.314022064208984,96.1999969482422,96.20999908447266,95.37999725341795,95.58999633789062,3163800
2009-10-20,59.634647369384766,96.72000122070312,97.25,96.54000091552734,97.0199966430664,2912400
2009-10-21,59.27704620361328,96.13999938964844,96.20999908447266,95.51000213623048,96.16000366210938,3355200
2009-10-22,58.98723602294922,95.66999816894533,95.83000183105467,95.33000183105467,95.37999725341795,2572200
2009-10-23,58.54329299926758,94.9499969482422,95.41999816894533,94.87000274658205,94.87999725341795,2996200
2009-10-26,57.78494644165039,93.72000122070312,94.51000213623048,93.5500030517578,94.44000244140624,4127400
2009-10-27,58.57414627075195,95.0,95.11000061035156,93.91999816894533,93.97000122070312,4476300
2009-10-28,58.85160446166992,95.4499969482422,95.8000030517578,94.95999908447266,95.13999938964844,4585400
2009-10-29,58.21040344238281,94.41000366210938,95.05999755859376,93.9499969482422,94.81999969482422,4645300
2009-10-30,59.0550651550293,95.77999877929688,96.01000213623048,94.87000274658205,95.0999984741211,5118000
2009-11-02,58.794071197509766,95.0500030517578,95.58000183105467,94.8000030517578,95.51000213623048,3463800
2009-11-03,58.20639419555664,94.0999984741211,95.36000061035156,94.0,95.27999877929688,4470700
2009-11-04,57.67444610595703,93.23999786376952,94.06999969482422,92.8000030517578,93.61000061035156,5349500
2009-11-05,57.67444610595703,93.23999786376952,93.23999786376952,92.8000030517578,92.87000274658205,2852000
2009-11-06,57.73015975952149,93.33000183105467,93.4499969482422,92.45999908447266,93.37999725341795,3381100
2009-11-09,57.798187255859375,93.44000244140624,93.6999969482422,93.12999725341795,93.27999877929688,1697800
2009-11-10,57.69301223754883,93.2699966430664,94.0999984741211,92.91000366210938,94.0500030517578,2549900
2009-11-11,57.93425750732422,93.66000366210938,94.16000366210938,93.4800033569336,93.62999725341795,1771100
2009-11-12,57.829105377197266,93.48999786376952,93.58999633789062,92.4499969482422,93.23999786376952,3431300
2009-11-13,58.09505081176758,93.91999816894533,94.05999755859376,93.4499969482422,93.83000183105467,1594200
2009-11-16,58.77546310424805,95.0199966430664,95.4499969482422,94.5199966430664,94.6500015258789,5175700
2009-11-17,59.090938568115234,95.52999877929688,95.8000030517578,94.80999755859376,94.98999786376952,3174400
2009-11-18,58.74452590942383,94.97000122070312,95.52999877929688,94.73999786376952,95.44000244140624,2413600
2009-11-19,58.849708557128906,95.13999938964844,95.81999969482422,94.91000366210938,95.23999786376952,2969800
2009-11-20,58.83732223510742,95.12000274658205,95.37000274658205,94.58999633789062,95.0,4136300
2009-11-23,58.76309585571289,95.0,95.0999984741211,94.33999633789062,94.54000091552734,3219300
2009-11-24,59.134254455566406,95.5999984741211,95.6999969482422,94.98999786376952,95.11000061035156,2895200
2009-11-25,59.40641403198242,96.04000091552734,96.2300033569336,94.97000122070312,95.48999786376952,2789300
2009-11-27,59.62907028198242,96.4000015258789,96.55999755859376,96.08999633789062,96.4000015258789,2249100
2009-11-30,59.7713508605957,96.62999725341795,96.7300033569336,96.0,96.1999969482422,3115800
2009-12-01,59.10549545288086,95.25,95.93000030517578,95.19000244140624,95.76000213623048,3979100
2009-12-02,59.1551628112793,95.33000183105467,95.95999908447266,94.98999786376952,95.29000091552734,2193900
2009-12-03,58.54082107543945,94.33999633789062,94.83999633789062,94.23999786376952,94.43000030517578,3947300
2009-12-04,57.920318603515625,93.33999633789062,93.6500015258789,92.91000366210938,93.29000091552734,6108100
2009-12-07,57.99478530883789,93.45999908447266,93.73999786376952,93.08999633789062,93.2699966430664,2774200
2009-12-08,58.08169174194336,93.5999984741211,94.37000274658205,93.37000274658205,94.0500030517578,2378600
2009-12-09,57.8148307800293,93.16999816894533,94.0500030517578,92.68000030517578,93.69000244140624,3494300
2009-12-10,57.15082931518555,92.0999984741211,92.8000030517578,91.9499969482422,92.69000244140624,4446300
2009-12-11,57.14463806152344,92.08999633789062,92.26000213623048,91.30999755859376,91.83999633789062,3053400
2009-12-14,57.21289825439453,92.1999969482422,92.5,92.0500030517578,92.3499984741211,2380400
2009-12-15,56.958499908447266,91.79000091552734,92.0,91.48999786376952,91.56999969482422,2993900
2009-12-16,56.89022445678711,91.68000030517578,92.25,91.36000061035156,91.93000030517578,3301600
2009-12-17,57.827247619628906,93.19000244140624,93.2300033569336,92.19000244140624,92.5,4428900
2009-12-18,57.57901763916016,92.79000091552734,93.5,92.6500015258789,93.1999969482422,3789500
2009-12-21,56.55509948730469,91.13999938964844,92.1999969482422,91.13999938964844,92.05999755859376,3524000
2009-12-22,56.2386589050293,90.62999725341795,90.87000274658205,90.41999816894533,90.8000030517578,3078800
2009-12-23,56.25110626220703,90.6500015258789,91.38999938964844,90.5,90.95999908447266,2336000
2009-12-24,55.667781829833984,89.70999908447266,90.36000061035156,89.66999816894531,90.33000183105467,1698900
2009-12-28,55.51267623901367,89.45999908447266,89.62999725341797,89.30000305175781,89.45999908447266,3170900
2009-12-29,55.87881088256836,89.7300033569336,89.88999938964844,89.19999694824219,89.26000213623047,2617000
2009-12-30,56.24627685546875,90.31999969482422,90.4800033569336,89.86000061035156,89.91999816894531,1919100
2009-12-31,55.97850036621094,89.88999938964844,90.11000061035156,89.05000305175781,89.76000213623047,3242400
2010-01-04,55.928619384765625,89.80999755859375,90.0999984741211,89.58000183105469,89.83999633789062,2829100
2010-01-05,56.28986740112305,90.38999938964844,90.62999725341795,90.0,90.05000305175781,2841600
2010-01-06,55.536354064941406,89.18000030517578,90.26000213623048,89.12000274658203,90.16999816894533,4099600
2010-01-07,55.62971496582031,89.33000183105469,89.63999938964844,89.12000274658203,89.22000122070312,2793200
2010-01-08,55.60485076904297,89.29000091552734,89.55999755859375,88.76000213623047,89.51000213623047,2910700
2010-01-11,55.2996826171875,88.80000305175781,89.36000061035156,88.7699966430664,88.98999786376953,2181300
2010-01-12,56.24627685546875,90.31999969482422,90.38999938964844,89.83999633789062,90.16000366210938,4321200
2010-01-13,55.59235382080078,89.2699966430664,90.27999877929688,89.22000122070312,89.93000030517578,4755000
2010-01-14,56.37078857421875,90.5199966430664,90.5199966430664,89.54000091552734,89.69000244140625,4188800
2010-01-15,56.71951675415039,91.08000183105467,91.33000183105467,90.9800033569336,91.02999877929688,4142800
2010-01-19,56.557594299316406,90.81999969482422,91.12000274658205,90.41999816894533,90.72000122070312,2496000
2010-01-20,57.13058853149414,91.73999786376952,91.7699966430664,91.2699966430664,91.31999969482422,2800500
2010-01-21,57.39209747314453,92.16000366210938,92.38999938964844,91.45999908447266,91.5500030517578,4363100
2010-01-22,57.2924690246582,92.0,92.30999755859376,91.7699966430664,92.08999633789062,3666900
2010-01-25,57.03089904785156,91.58000183105467,91.91999816894533,91.48999786376952,91.54000091552734,2419500
2010-01-26,57.049617767333984,91.61000061035156,92.11000061035156,91.30999755859376,92.0199966430664,3138100
2010-01-27,57.01847839355469,91.55999755859376,92.08999633789062,91.37000274658205,91.75,3325700
2010-01-28,56.987274169921875,91.51000213623048,91.6999969482422,91.05999755859376,91.12999725341795,3058200
2010-01-29,57.48554992675781,92.30999755859376,92.36000061035156,91.25,91.41000366210938,4930600
2010-02-01,56.963722229003906,91.1500015258789,91.7300033569336,91.0500030517578,91.70999908447266,3598500
2010-02-02,57.126197814941406,91.41000366210938,91.4499969482422,91.04000091552734,91.18000030517578,3047500
2010-02-03,56.463714599609375,90.3499984741211,90.97000122070312,90.2699966430664,90.80999755859376,5343700
2010-02-04,57.35740280151367,91.77999877929688,91.81999969482422,90.9000015258789,90.98999786376952,6095000
2010-02-05,57.482398986816406,91.9800033569336,92.41999816894533,91.20999908447266,91.37000274658205,6875800
2010-02-08,57.557395935058594,92.0999984741211,92.1500015258789,91.6500015258789,91.87000274658205,3386000
2010-02-09,56.98240280151367,91.18000030517578,92.22000122070312,91.13999938964844,91.73999786376952,4790000
2010-02-10,56.43873596191406,90.30999755859376,91.5999984741211,90.1999969482422,91.31999969482422,5068000
2010-02-11,56.13251495361328,89.81999969482422,90.27999877929688,89.37999725341797,90.1999969482422,5087500
2010-02-12,56.363712310791016,90.19000244140624,90.41999816894533,89.94999694824219,90.30999755859376,2833800
2010-02-16,56.46999740600586,90.36000061035156,90.44000244140624,89.7300033569336,89.7300033569336,2440900
2010-02-17,55.82625198364258,89.33000183105469,90.08999633789062,89.08000183105469,89.91999816894531,4368200
2010-02-18,55.601322174072266,88.97000122070312,89.5,88.51000213623047,89.45999908447266,5121800
2010-02-19,55.90127182006836,89.44999694824219,89.51000213623047,88.9000015258789,89.23999786376953,3502500
2010-02-22,55.6700553894043,89.08000183105469,89.31999969482422,88.91999816894531,89.12000274658203,3382600
2010-02-23,56.5387077331543,90.47000122070312,90.54000091552734,89.30000305175781,89.33999633789062,5474500
2010-02-24,56.67618942260742,90.69000244140624,90.87999725341795,90.18000030517578,90.5500030517578,4423200
2010-02-25,56.99492263793945,91.1999969482422,91.29000091552734,90.9000015258789,91.18000030517578,3707700
2010-02-26,57.28868865966797,91.66999816894533,92.05999755859376,91.41000366210938,91.45999908447266,4349100
2010-03-01,57.2635383605957,91.33999633789062,91.52999877929688,90.95999908447266,91.33000183105467,2415200
2010-03-02,57.1883659362793,91.22000122070312,91.27999877929688,90.6999969482422,90.87999725341795,2260600
2010-03-03,57.0441780090332,90.98999786376952,91.08000183105467,90.6999969482422,91.01000213623048,2156100
2010-03-04,57.34505462646485,91.47000122070312,91.68000030517578,90.83000183105467,90.95999908447266,2374700
2010-03-05,56.59275817871094,90.2699966430664,90.87000274658205,90.12000274658205,90.83000183105467,3823200
2010-03-08,56.29815673828125,89.80000305175781,89.97000122070312,89.69999694824219,89.9000015258789,2850400
2010-03-09,56.31060028076172,89.81999969482422,90.0,89.4000015258789,89.9800033569336,2573700
2010-03-10,56.16644287109375,89.58999633789062,89.69999694824219,89.19000244140625,89.48999786376953,3216200
2010-03-11,56.373348236083984,89.91999816894531,90.13999938964844,89.37000274658203,89.38999938964844,2621000
2010-03-12,56.72439956665039,90.4800033569336,90.6500015258789,89.7300033569336,89.7699966430664,3099100
2010-03-15,56.64920425415039,90.36000061035156,90.47000122070312,90.05000305175781,90.3499984741211,1936800
2010-03-16,57.10056686401367,91.08000183105467,91.08999633789062,90.54000091552734,90.55999755859376,3932600
2010-03-17,57.34505462646485,91.47000122070312,91.47000122070312,91.06999969482422,91.30999755859376,3481200
2010-03-18,57.156986236572266,91.16999816894533,91.4800033569336,91.01000213623048,91.41999816894533,2750300
2010-03-19,57.21344757080078,91.26000213623048,91.58000183105467,90.87000274658205,91.26000213623048,2976300
2010-03-22,57.276123046875,91.36000061035156,91.48999786376952,91.22000122070312,91.3499984741211,2452300
2010-03-23,57.00651168823242,90.93000030517578,91.31999969482422,90.91000366210938,91.06999969482422,2910000
2010-03-24,55.965797424316406,89.2699966430664,90.25,89.05999755859375,89.83999633789062,8049300
2010-03-25,55.60845947265625,88.69999694824219,89.23999786376953,88.37000274658203,89.12999725341797,8268400
2010-03-26,55.765193939208984,88.94999694824219,89.12000274658203,88.48999786376953,88.54000091552734,4110700
2010-03-29,55.55204772949219,88.61000061035156,88.8499984741211,88.30999755859375,88.77999877929688,3245100
2010-03-30,55.72760391235352,88.88999938964844,88.94999694824219,88.2699966430664,88.5199966430664,3254600
2010-03-31,56.11004638671875,89.5,89.5199966430664,88.94999694824219,89.22000122070312,4263900
2010-04-01,55.97282409667969,88.94999694824219,89.02999877929688,88.43000030517578,88.7699966430664,2912400
2010-04-05,55.04153823852539,87.47000122070312,88.13999938964844,87.41000366210938,87.9800033569336,5652000
2010-04-06,55.129608154296875,87.61000061035156,87.8499984741211,87.3499984741211,87.80000305175781,3584600
2010-04-07,55.83440780639648,88.7300033569336,88.91999816894531,87.30000305175781,87.44999694824219,6389900
2010-04-08,55.859580993652344,88.7699966430664,89.12999725341797,88.4800033569336,88.88999938964844,3797600
2010-04-09,55.991756439208984,88.9800033569336,89.05999755859375,88.41000366210938,88.61000061035156,2311300
2010-04-12,56.28748321533203,89.44999694824219,89.55999755859375,89.08999633789062,89.16999816894531,2939600
2010-04-13,56.469974517822266,89.73999786376953,89.94999694824219,89.5199966430664,89.88999938964844,3090900
2010-04-14,56.073524475097656,89.11000061035156,89.87000274658203,89.11000061035156,89.76000213623047,3570100
2010-04-15,56.136478424072266,89.20999908447266,89.5,88.68000030517578,88.8499984741211,3698000
2010-04-16,56.54547500610352,89.86000061035156,89.98999786376953,89.23999786376953,89.4000015258789,8303900
2010-04-19,56.40705108642578,89.63999938964844,90.02999877929688,89.5199966430664,89.87000274658203,3211500
2010-04-20,56.60841751098633,89.95999908447266,89.98999786376953,89.63999938964844,89.8499984741211,2285000
2010-04-21,57.07407760620117,90.6999969482422,90.83000183105467,90.26000213623048,90.2699966430664,4162200
2010-04-22,56.90416717529297,90.43000030517578,91.08999633789062,90.33000183105467,90.9000015258789,2841400
2010-04-23,56.70283126831055,90.11000061035156,90.36000061035156,89.87000274658203,90.20999908447266,4776000
2010-04-26,56.76570510864258,90.20999908447266,90.6500015258789,89.94000244140625,90.51000213623048,4753900
2010-04-27,57.56486892700195,91.4800033569336,91.91999816894533,90.6999969482422,90.8499984741211,13199200
2010-04-28,57.07407760620117,90.6999969482422,91.3499984741211,90.4800033569336,91.12999725341795,8379500
2010-04-29,57.31315612792969,91.08000183105467,91.22000122070312,90.5199966430664,90.86000061035156,4067200
2010-04-30,57.97390365600586,92.12999725341795,92.16999816894533,91.11000061035156,91.27999877929688,6924800
2010-05-03,57.89812850952149,91.69000244140624,92.0199966430664,91.27999877929688,91.41999816894533,4211800
2010-05-04,58.94002151489258,93.33999633789062,93.47000122070312,92.55999755859376,92.80999755859376,11054800
2010-05-05,59.28733825683594,93.88999938964844,94.8499984741211,93.3499984741211,94.05999755859376,12219100
2010-05-06,61.11855697631836,96.79000091552734,100.0,93.77999877929688,94.16000366210938,19578200
2010-05-07,60.354515075683594,95.58000183105467,98.08999633789062,95.2699966430664,95.87999725341795,18740600
2010-05-10,59.104209899902344,93.5999984741211,93.94000244140624,93.08999633789062,93.16000366210938,10240100
2010-05-11,58.952659606933594,93.36000061035156,94.0199966430664,92.98999786376952,93.9800033569336,7729100
2010-05-12,58.50435256958008,92.6500015258789,93.26000213623048,92.61000061035156,93.13999938964844,5530800
2010-05-13,58.88950729370117,93.26000213623048,93.5500030517578,92.1999969482422,93.26000213623048,6849700
2010-05-14,59.91249465942383,94.87999725341795,95.5,94.08999633789062,94.12000274658205,9796500
2010-05-17,59.6914176940918,94.52999877929688,95.70999908447266,94.47000122070312,94.72000122070312,6302200
2010-05-18,60.60708236694336,95.9800033569336,96.16999816894533,94.7699966430664,94.9000015258789,9904100
2010-05-19,60.80914306640625,96.3000030517578,96.9499969482422,95.93000030517578,95.94000244140624,14121200
2010-05-20,62.091007232666016,98.33000183105467,98.56999969482422,97.52999877929688,97.91000366210938,17666900
2010-05-21,62.154144287109375,98.43000030517578,99.75,97.86000061035156,99.61000061035156,18670600
2010-05-24,61.93938064575195,98.08999633789062,98.87000274658205,97.9000015258789,98.73999786376952,7721100
2010-05-25,62.242557525634766,98.56999969482422,99.88999938964844,98.4000015258789,99.6500015258789,12952700
2010-05-26,62.06570053100586,98.29000091552734,98.4000015258789,97.4000015258789,98.22000122070312,12644800
2010-05-27,60.657615661621094,96.05999755859376,96.98999786376952,95.87999725341795,96.83000183105467,7653200
2010-05-28,60.935420989990234,96.5,96.77999877929688,96.0199966430664,96.48999786376952,5805500
2010-06-01,61.36376190185547,96.8499984741211,97.29000091552734,96.25,97.2300033569336,5536200
2010-06-02,60.78082275390625,95.93000030517578,97.19000244140624,95.81999969482422,96.98999786376952,5656400
2010-06-03,60.33733749389648,95.2300033569336,95.91000366210938,95.0999984741211,95.20999908447266,8499500
2010-06-04,61.959327697753906,97.79000091552734,97.9499969482422,96.6999969482422,96.94000244140624,7479600
2010-06-07,62.43453598022461,98.54000091552734,98.58999633789062,97.33000183105467,97.5199966430664,5288200
2010-06-08,62.12405776977539,98.0500030517578,98.51000213623048,97.76000213623048,97.93000030517578,5510800
2010-06-09,62.054344177246094,97.94000244140624,98.12000274658205,97.20999908447266,97.5999984741211,5598000
2010-06-10,60.945556640625,96.19000244140624,97.29000091552734,96.08999633789062,97.1999969482422,6075100
2010-06-11,61.71854782104492,97.41000366210938,97.80999755859376,96.61000061035156,97.08999633789062,6266700
2010-06-14,61.4017448425293,96.91000366210938,97.04000091552734,96.22000122070312,96.31999969482422,5310400
2010-06-15,61.14830017089844,96.51000213623048,97.25,96.0500030517578,97.11000061035156,4920100
2010-06-16,61.49678421020508,97.05999755859376,97.22000122070312,96.38999938964844,97.19000244140624,4011100
2010-06-17,61.997318267822266,97.8499984741211,98.2300033569336,97.06999969482422,97.1500015258789,5650900
2010-06-18,61.89594268798828,97.69000244140624,98.11000061035156,97.56999969482422,97.88999938964844,4171700
2010-06-21,61.71854782104492,97.41000366210938,97.5500030517578,96.41000366210938,96.45999908447266,5740900
2010-06-22,62.45355224609375,98.56999969482422,98.5999984741211,97.41999816894533,97.68000030517578,5658900
2010-06-23,62.87801742553711,99.23999786376952,99.56999969482422,98.56999969482422,98.61000061035156,9137800
2010-06-24,62.50422668457031,98.6500015258789,99.58999633789062,98.3499984741211,99.3499984741211,6184600
2010-06-25,62.75764846801758,99.0500030517578,99.33000183105467,98.16000366210938,98.31999969482422,5148300
2010-06-28,63.346885681152344,99.9800033569336,100.0,99.41999816894533,99.5999984741211,5436000
2010-06-29,64.03752899169922,101.06999969482422,101.12999725341795,100.16000366210938,100.31999969482422,7334200
2010-06-30,64.46831512451172,101.75,101.79000091552734,100.8000030517578,101.41000366210938,7205700
2010-07-01,64.57003784179688,101.5999984741211,102.66000366210938,101.37999725341795,101.56999969482422,12893400
2010-07-02,64.05523681640625,100.79000091552734,101.44000244140624,100.16000366210938,101.11000061035156,6297600
2010-07-06,64.58275604248047,101.62000274658205,101.75,100.73999786376952,100.83000183105467,6620400
2010-07-07,63.82645797729492,100.43000030517578,101.51000213623048,100.33999633789062,101.45999908447266,5727800
2010-07-08,63.41974258422851,99.79000091552734,100.16000366210938,99.5500030517578,99.81999969482422,6260600
2010-07-09,63.05748748779297,99.22000122070312,99.63999938964844,99.18000030517578,99.4000015258789,4286000
2010-07-12,63.03205108642578,99.18000030517578,99.83999633789062,99.04000091552734,99.33000183105467,4062100
2010-07-13,62.491798400878906,98.33000183105467,98.88999938964844,98.18000030517578,98.8499984741211,5842500
2010-07-14,63.12105941772461,99.31999969482422,99.48999786376952,98.38999938964844,98.72000122070312,5417300
2010-07-15,63.75018310546875,100.30999755859376,100.58999633789062,99.6999969482422,99.73999786376952,6996100
2010-07-16,64.06159973144531,100.8000030517578,101.12999725341795,100.2699966430664,100.30999755859376,7512400
2010-07-19,63.6676025390625,100.18000030517578,100.75,99.9800033569336,100.55999755859376,4305800
2010-07-20,63.762916564941406,100.33000183105467,100.9000015258789,100.18000030517578,100.66999816894533,5076600
2010-07-21,64.84331512451172,102.02999877929688,102.27999877929688,100.41000366210938,100.4499969482422,7894200
2010-07-22,64.09341430664062,100.8499984741211,101.5199966430664,100.81999969482422,101.51000213623048,5759700
2010-07-23,63.41337585449219,99.77999877929688,100.97000122070312,99.69000244140624,100.8000030517578,6259100
2010-07-26,63.305328369140625,99.61000061035156,99.80999755859376,99.0,99.62999725341795,4856400
2010-07-27,62.69521713256836,98.6500015258789,99.18000030517578,98.56999969482422,98.77999877929688,5328000
2010-07-28,62.89863204956055,98.97000122070312,99.19000244140624,98.2699966430664,98.48999786376952,5507200
2010-07-29,62.879539489746094,98.94000244140624,99.0199966430664,97.91999816894533,98.0999984741211,6305500
2010-07-30,63.85826110839844,100.4800033569336,100.61000061035156,99.8499984741211,100.1999969482422,7683200
2010-08-02,62.96179962158203,98.75,99.33000183105467,98.75,99.23999786376952,5769200
2010-08-03,63.32525634765625,99.31999969482422,99.66000366210938,98.93000030517578,99.1999969482422,4363500
2010-08-04,62.84066390991211,98.55999755859376,99.51000213623048,98.55999755859376,99.5,3820400
2010-08-05,63.13396072387695,99.0199966430664,99.48999786376952,98.83999633789062,99.33999633789062,3704200
2010-08-06,63.822540283203125,100.0999984741211,100.20999908447266,99.48999786376952,99.79000091552734,6042400
2010-08-09,63.58660125732422,99.7300033569336,99.9800033569336,99.61000061035156,99.73999786376952,2578500
2010-08-10,63.72055435180664,99.94000244140624,101.01000213623048,99.47000122070312,100.05999755859376,11251000
2010-08-11,64.57496643066406,101.27999877929688,101.38999938964844,100.30999755859376,100.30999755859376,6778300
2010-08-12,64.41552734375,101.02999877929688,101.94000244140624,100.87000274658205,101.58000183105467,7590100
2010-08-13,65.2188720703125,102.29000091552734,102.4499969482422,101.4800033569336,101.62000274658205,7843600
2010-08-16,66.85110473632812,104.8499984741211,104.88999938964844,104.06999969482422,104.20999908447266,7976200
2010-08-17,66.46852111816406,104.25,104.86000061035156,104.0,104.8499984741211,6756800
2010-08-18,66.64703369140625,104.52999877929688,105.6500015258789,104.48999786376952,105.0,7721600
2010-08-19,67.68629455566406,106.16000366210938,106.61000061035156,104.63999938964844,104.79000091552734,13128500
2010-08-20,67.60986328125,106.04000091552734,106.83000183105467,105.83999633789062,106.41000366210938,7040300
2010-08-23,67.6225814819336,106.05999755859376,106.19000244140624,105.25,105.6500015258789,6360100
2010-08-24,68.7064437866211,107.76000213623048,108.12999725341795,106.66999816894533,107.04000091552734,9812100
2010-08-25,68.48329162597656,107.41000366210938,109.33999633789062,107.06999969482422,108.8000030517578,13299800
2010-08-26,69.12728881835938,108.41999816894533,108.48999786376952,107.29000091552734,107.55999755859376,7039900
2010-08-27,67.16985321044922,105.3499984741211,108.33000183105467,105.1999969482422,107.7699966430664,13514000
2010-08-30,68.45783233642578,107.37000274658205,107.4000015258789,105.81999969482422,106.20999908447266,5535300
2010-08-31,69.21649932861328,108.55999755859376,108.6500015258789,107.62000274658205,108.22000122070312,8397000
2010-09-01,67.78535461425781,106.0,107.0500030517578,105.08999633789062,107.0199966430664,12480700
2010-09-02,67.06912231445312,104.87999725341795,105.3000030517578,104.4000015258789,105.1999969482422,8167600
2010-09-03,66.23780822753906,103.58000183105467,103.94000244140624,102.6999969482422,102.72000122070312,9210700
2010-09-07,67.59354400634766,105.6999969482422,105.77999877929688,104.80999755859376,105.08999633789062,6018400
2010-09-08,67.05632781982422,104.86000061035156,105.20999908447266,104.36000061035156,105.08999633789062,6698400
2010-09-09,65.73265075683594,102.79000091552734,103.83999633789062,102.63999938964844,103.6999969482422,8588900
2010-09-10,65.43206787109375,102.31999969482422,102.6999969482422,101.8499984741211,102.25,6910300
2010-09-13,65.75182342529297,102.81999969482422,103.0500030517578,101.7699966430664,101.8000030517578,7054800
2010-09-14,66.38493347167969,103.80999755859376,103.81999969482422,102.97000122070312,103.02999877929688,5978100
2010-09-15,65.40013885498047,102.2699966430664,103.26000213623048,102.13999938964844,102.75,7919100
2010-09-16,64.75424194335938,101.26000213623048,101.81999969482422,100.8499984741211,101.52999877929688,17116200
2010-09-17,65.01644134521484,101.66999816894533,102.16000366210938,101.31999969482422,101.83000183105467,9203600
2010-09-20,65.3936767578125,102.26000213623048,102.4499969482422,101.69000244140624,102.1500015258789,5277800
2010-09-21,66.3017807006836,103.68000030517578,104.0199966430664,102.26000213623048,102.66999816894533,12664000
2010-09-22,66.89651489257812,104.61000061035156,105.06999969482422,103.8499984741211,104.5500030517578,8229400
2010-09-23,67.08834075927734,104.91000366210938,105.45999908447266,104.23999786376952,105.41000366210938,7412200
2010-09-24,66.1866226196289,103.5,104.11000061035156,103.5,103.95999908447266,8942500
2010-09-27,67.33772277832031,105.3000030517578,105.4499969482422,104.4800033569336,104.52999877929688,7061600
2010-09-28,67.79815673828125,106.0199966430664,106.31999969482422,105.33999633789062,105.37999725341795,8262900
2010-09-29,67.51679229736328,105.58000183105467,106.2699966430664,105.3499984741211,106.16999816894533,5507100
2010-09-30,67.47203063964844,105.51000213623048,105.58999633789062,104.02999877929688,105.4000015258789,10618400
2010-10-01,67.14596557617188,104.61000061035156,105.13999938964844,103.9800033569336,104.2300033569336,9368400
2010-10-04,67.31922149658203,104.87999725341795,104.93000030517578,104.41000366210938,104.62000274658205,4422700
2010-10-05,66.91493225097656,104.25,104.80999755859376,103.93000030517578,104.7300033569336,8491800
2010-10-06,67.75572204589844,105.55999755859376,106.0999984741211,104.86000061035156,104.9000015258789,6476100
2010-10-07,67.1908950805664,104.68000030517578,105.37999725341795,104.66999816894533,105.16999816894533,5780700
2010-10-08,66.89567565917969,104.22000122070312,105.45999908447266,104.22000122070312,104.87000274658205,6128700
2010-10-11,66.90849304199219,104.23999786376952,104.43000030517578,103.94000244140624,104.11000061035156,1474200
2010-10-12,66.24732971191406,103.20999908447266,104.76000213623048,103.18000030517578,104.41000366210938,6122400
2010-10-13,66.14466857910156,103.0500030517578,103.12000274658205,102.04000091552734,102.3499984741211,8168400
2010-10-14,65.15620422363281,101.51000213623048,103.6500015258789,101.47000122070312,103.29000091552734,10945000
2010-10-15,64.3602294921875,100.2699966430664,101.0500030517578,99.88999938964844,100.5999984741211,12694700
2010-10-18,64.88016510009766,101.08000183105467,101.4499969482422,100.77999877929688,101.1999969482422,5592200
2010-10-19,65.27167510986328,101.69000244140624,102.08999633789062,100.5500030517578,100.58000183105467,8017500
2010-10-20,65.41290283203125,101.91000366210938,102.27999877929688,101.20999908447266,101.37000274658205,5515800
2010-10-21,64.63623046875,100.6999969482422,101.91000366210938,100.69000244140624,101.69000244140624,6836100
2010-10-22,65.07269287109375,101.37999725341795,101.47000122070312,100.41000366210938,100.44000244140624,4770700
2010-10-25,65.25880432128906,101.66999816894533,102.29000091552734,101.5500030517578,102.12000274658205,5632300
2010-10-26,64.25112915039062,100.0999984741211,101.05999755859376,100.0500030517578,100.86000061035156,8432000
2010-10-27,63.68626403808594,99.22000122070312,100.16999816894533,99.22000122070312,99.68000030517578,9245200
2010-10-28,63.85956954956055,99.48999786376952,99.83000183105467,99.16000366210938,99.58000183105467,8052600
2010-10-29,64.45652770996094,100.41999816894533,100.45999908447266,99.62000274658205,99.81999969482422,6753800
2010-11-01,64.17900085449219,99.66999816894533,100.80999755859376,99.48999786376952,100.8000030517578,5921000
2010-11-02,65.02251434326172,100.9800033569336,101.08999633789062,100.41999816894533,100.45999908447266,6537400
2010-11-03,63.69606399536133,98.91999816894533,102.2699966430664,98.43000030517578,101.7300033569336,25541800
2010-11-04,64.19187927246094,99.69000244140624,99.87000274658205,99.08000183105467,99.16999816894533,13246500
2010-11-05,63.09076690673828,97.9800033569336,98.8000030517578,97.9800033569336,98.3499984741211,12435000
2010-11-08,63.37409210205078,98.41999816894533,98.91999816894533,97.81999969482422,98.58999633789062,6795200
2010-11-09,61.97678756713867,96.25,98.5199966430664,96.19000244140624,98.48999786376952,15061700
2010-11-10,62.06047821044922,96.37999725341795,96.73999786376952,95.0,96.3499984741211,18540400
2010-11-11,62.028282165527344,96.33000183105467,96.62999725341795,96.13999938964844,96.4499969482422,3368100
2010-11-12,61.6934700012207,95.80999755859376,96.73999786376952,95.80999755859376,96.20999908447266,11739500
2010-11-15,60.405670166015625,93.80999755859376,95.72000122070312,93.80999755859376,95.33000183105467,14978700
2010-11-16,61.9059944152832,96.13999938964844,96.25,93.98999786376952,94.91000366210938,19901300
2010-11-17,61.5647087097168,95.61000061035156,96.76000213623048,95.33999633789062,95.8000030517578,9915600
2010-11-18,61.81581115722656,96.0,96.0,94.8000030517578,95.68000030517578,12424800
2010-11-19,62.19572067260742,96.58999633789062,96.58999633789062,95.79000091552734,96.08999633789062,8359500
2010-11-22,62.459739685058594,97.0,97.62000274658205,96.23999786376952,97.37000274658205,10413500
2010-11-23,62.76881408691406,97.4800033569336,97.9499969482422,97.23999786376952,97.66999816894533,9566900
2010-11-24,61.64837265014648,95.73999786376952,96.98999786376952,95.58000183105467,96.80999755859376,11467600
2010-11-26,62.50480651855469,97.06999969482422,97.12000274658205,96.5500030517578,96.72000122070312,4848900
2010-11-29,63.039268493652344,97.9000015258789,97.9499969482422,97.08999633789062,97.55999755859376,8950000
2010-11-30,63.36764907836914,98.41000366210938,99.2699966430664,98.11000061035156,99.20999908447266,11947600
2010-12-01,61.95911407470703,95.88999938964844,97.11000061035156,95.88999938964844,96.6500015258789,15441200
2010-12-02,61.79751968383789,95.63999938964844,96.54000091552734,95.52999877929688,95.95999908447266,9318700
2010-12-03,61.31285858154297,94.88999938964844,96.33000183105467,94.8499984741211,96.27999877929688,10194800
2010-12-06,62.178714752197266,96.2300033569336,96.25,95.30999755859376,95.5199966430664,7001800
2010-12-07,60.84769058227539,94.16999816894533,94.91999816894533,93.16000366210938,94.72000122070312,18533100
2010-12-08,60.259708404541016,93.26000213623048,93.8000030517578,92.11000061035156,93.72000122070312,19275900
2010-12-09,60.55697250366211,93.72000122070312,94.2699966430664,92.7300033569336,93.5999984741211,17477100
2010-12-10,60.18861389160156,93.1500015258789,93.86000061035156,93.13999938964844,93.29000091552734,7078500
2010-12-13,60.41473388671875,93.5,94.02999877929688,92.55999755859376,93.0500030517578,12399900
2010-12-14,59.53596115112305,92.13999938964844,93.0199966430664,91.44000244140624,92.4000015258789,23516400
2010-12-15,58.760623931884766,90.94000244140624,92.23999786376952,90.47000122070312,92.08000183105467,26084000
2010-12-16,59.167755126953125,91.56999969482422,91.58000183105467,90.56999969482422,91.02999877929688,17939000
2010-12-17,60.24678039550781,93.23999786376952,93.7699966430664,91.86000061035156,91.87999725341795,16849700
2010-12-20,60.18221664428711,93.13999938964844,94.2300033569336,92.63999938964844,93.75,13703500
2010-12-21,60.60215759277344,93.79000091552734,93.79000091552734,92.48999786376952,93.12999725341795,8985100
2010-12-22,60.16922378540039,93.12000274658205,93.5500030517578,92.93000030517578,93.47000122070312,6440900
2010-12-23,60.04648208618164,92.93000030517578,93.2300033569336,92.52999877929688,93.18000030517578,7091800
2010-12-27,60.582740783691406,93.76000213623048,93.87999725341795,92.3000030517578,92.76000213623048,5285900
2010-12-28,59.39628601074219,91.61000061035156,93.06999969482422,91.30999755859376,92.93000030517578,13972100
2010-12-29,60.4012451171875,93.16000366210938,93.5199966430664,91.47000122070312,91.76000213623048,13115400
2010-12-30,60.35586929321289,93.08999633789062,93.27999877929688,92.41000366210938,92.87999725341795,7029900
2010-12-31,61.023677825927734,94.12000274658205,94.6999969482422,93.44000244140624,93.51000213623048,8516000
2011-01-03,60.56330490112305,93.41000366210938,94.30999755859376,92.9499969482422,93.1999969482422,13799400
2011-01-04,60.63463592529297,93.5199966430664,93.7699966430664,92.91000366210938,93.41000366210938,10466900
2011-01-05,59.29901885986328,91.45999908447266,92.69000244140624,91.19000244140624,92.48999786376952,17568000
2011-01-06,59.558387756347656,91.86000061035156,92.12000274658205,91.16000366210938,91.54000091552734,9317500
2011-01-07,59.87604522705078,92.3499984741211,92.62999725341795,91.02999877929688,91.51000213623048,12694600
2011-01-10,60.2001953125,92.8499984741211,92.98999786376952,92.18000030517578,92.58000183105467,8295200
2011-01-11,59.86307144165039,92.33000183105467,92.5999984741211,91.69000244140624,92.48999786376952,9495400
2011-01-12,59.39628601074219,91.61000061035156,92.16999816894533,91.4499969482422,91.73999786376952,9522900
2011-01-13,59.92792510986328,92.43000030517578,92.7699966430664,91.4499969482422,91.62000274658205,14502400
2011-01-14,59.545352935791016,91.83999633789062,92.9000015258789,91.76000213623048,92.77999877929688,8960700
2011-01-18,59.26660919189453,91.41000366210938,91.70999908447266,90.7300033569336,91.29000091552734,10663600
2011-01-19,59.69449615478515,92.06999969482422,92.06999969482422,91.36000061035156,91.41000366210938,8886900
2011-01-20,58.87112045288086,90.8000030517578,91.61000061035156,90.38999938964844,91.5,14203400
2011-01-21,59.337913513183594,91.5199966430664,91.5199966430664,90.51000213623048,90.69000244140624,9085600
2011-01-24,59.36384582519531,91.55999755859376,91.9000015258789,91.37999725341795,91.87000274658205,7700200
2011-01-25,59.92792510986328,92.43000030517578,92.9000015258789,91.31999969482422,91.94000244140624,13438100
2011-01-26,59.020206451416016,91.02999877929688,92.26000213623048,90.88999938964844,92.22000122070312,13322900
2011-01-27,59.28605651855469,91.44000244140624,91.6500015258789,90.66999816894533,91.06999969482422,10868700
2011-01-28,59.59726333618164,91.91999816894533,92.27999877929688,90.7699966430664,90.80999755859376,11993200
2011-01-31,59.14338684082031,91.22000122070312,91.9800033569336,91.0500030517578,91.66000366210938,8647600
2011-02-01,58.85060501098633,90.4499969482422,90.83999633789062,90.13999938964844,90.5500030517578,11508400
2011-02-02,58.86366271972656,90.47000122070312,91.0,89.9000015258789,90.9000015258789,13624600
2011-02-03,58.37564468383789,89.72000122070312,90.56999969482422,89.70999908447266,89.95999908447266,12785800
2011-02-04,57.7835693359375,88.80999755859375,89.6500015258789,88.7699966430664,89.5,17172200
2011-02-07,58.08282852172851,89.2699966430664,89.30000305175781,88.56999969482422,88.69999694824219,8554800
2011-02-08,57.5493278503418,88.44999694824219,89.54000091552734,88.36000061035156,89.30999755859375,10454200
2011-02-09,58.050315856933594,89.22000122070312,89.66000366210938,88.13999938964844,88.69000244140625,13078600
2011-02-10,57.380165100097656,88.19000244140625,89.13999938964844,88.18000030517578,88.9000015258789,10486800
2011-02-11,58.20650100708008,89.45999908447266,89.52999877929688,88.73999786376953,89.02999877929688,11333400
2011-02-14,58.24555587768555,89.5199966430664,89.93000030517578,89.30999755859375,89.30999755859375,8033500
2011-02-15,58.505802154541016,89.91999816894531,89.97000122070312,89.37000274658203,89.55999755859375,7298000
2011-02-16,58.317100524902344,89.62999725341797,90.31999969482422,89.33999633789062,89.87000274658203,8446300
2011-02-17,58.408164978027344,89.7699966430664,90.18000030517578,89.66000366210938,90.0199966430664,6732500
2011-02-18,58.22600555419922,89.48999786376953,89.55000305175781,89.08000183105469,89.41999816894531,6080700
2011-02-22,59.097877502441406,90.83000183105467,90.94000244140624,89.70999908447266,89.91000366210938,11905700
2011-02-23,59.31256866455078,91.16000366210938,91.5500030517578,90.73999786376952,91.0999984741211,14522600
2011-02-24,59.68993377685547,91.73999786376952,92.04000091552734,91.44000244140624,91.62999725341795,12110900
2011-02-25,60.04130935668945,92.27999877929688,92.27999877929688,91.63999938964844,91.73999786376952,6841700
2011-02-28,60.11940383911133,92.4000015258789,92.5199966430664,92.08000183105467,92.3000030517578,9682500
2011-03-01,60.293678283691406,92.37000274658205,92.4000015258789,91.47000122070312,91.5199966430664,8048700
2011-03-02,59.36675262451172,90.9499969482422,91.98999786376952,90.94000244140624,91.83999633789062,8526400
2011-03-03,58.78581237792969,90.05999755859375,90.77999877929688,89.9800033569336,90.52999877929688,10607600
2011-03-04,59.27536392211914,90.80999755859376,90.8499984741211,90.0,90.0999984741211,9316200
2011-03-07,58.89676284790039,90.2300033569336,90.86000061035156,89.8499984741211,90.0199966430664,7522300
2011-03-08,58.53783416748047,89.68000030517578,90.33999633789062,89.6500015258789,90.11000061035156,8498700
2011-03-09,59.105655670166016,90.5500030517578,90.81999969482422,89.8499984741211,90.08999633789062,8904800
2011-03-10,60.09782791137695,92.06999969482422,92.0999984741211,90.63999938964844,90.87000274658205,13385800
2011-03-11,59.758399963378906,91.5500030517578,92.08000183105467,91.33000183105467,92.04000091552734,8407600
2011-03-14,59.73226165771485,91.51000213623048,91.91999816894533,91.31999969482422,91.4800033569336,6765200
2011-03-15,60.626556396484375,92.87999725341795,93.0500030517578,92.36000061035156,92.8000030517578,14893800
2011-03-16,61.31192398071289,93.93000030517578,94.94000244140624,93.08000183105467,93.37000274658205,24294200
2011-03-17,60.841915130615234,93.20999908447266,93.61000061035156,92.76000213623048,93.23999786376952,10528500
2011-03-18,61.00514221191406,93.45999908447266,93.4800033569336,92.69000244140624,92.75,7260900
2011-03-21,60.646114349365234,92.91000366210938,93.18000030517578,92.56999969482422,93.12999725341795,10542900
2011-03-22,60.84847259521485,93.22000122070312,93.29000091552734,92.73999786376952,92.80999755859376,6904700
2011-03-23,60.770145416259766,93.0999984741211,93.87999725341795,92.93000030517578,93.8499984741211,8358000
2011-03-24,60.3132438659668,92.4000015258789,92.87999725341795,92.38999938964844,92.76000213623048,9477600
2011-03-25,60.163124084472656,92.16999816894533,92.95999908447266,92.0199966430664,92.86000061035156,6447200
2011-03-28,60.24795913696289,92.3000030517578,92.66999816894533,92.0,92.12000274658205,3996800
2011-03-29,59.78453063964844,91.58999633789062,92.5,91.56999969482422,91.9800033569336,6487200
2011-03-30,60.261009216308594,92.31999969482422,92.31999969482422,91.55999755859376,91.72000122070312,5048300
2011-03-31,60.13701248168945,92.12999725341795,92.72000122070312,91.61000061035156,92.66999816894533,9654300
2011-04-01,60.42936325073242,92.19000244140624,92.2699966430664,91.41999816894533,91.5,7860400
2011-04-04,60.49493789672851,92.29000091552734,92.58000183105467,92.12999725341795,92.1999969482422,4469100
2011-04-05,60.25237655639648,91.91999816894533,92.37999725341795,91.66999816894533,92.16000366210938,9951600
2011-04-06,59.34776306152344,90.54000091552734,91.79000091552734,90.54000091552734,91.7699966430664,9090900
2011-04-07,59.22982406616211,90.36000061035156,90.76000213623048,90.12999725341795,90.52999877929688,9265100
2011-04-08,58.9151611328125,89.87999725341797,90.31999969482422,89.8499984741211,89.93000030517578,7605700
2011-04-11,58.96761703491211,89.95999908447266,90.22000122070312,89.6500015258789,89.83000183105469,5734000
2011-04-12,59.60342025756836,90.93000030517578,91.23999786376952,90.55999755859376,90.61000061035156,7686500
2011-04-13,59.97702407836914,91.5,91.5,90.44000244140624,90.54000091552734,7959300
2011-04-14,59.93119812011719,91.43000030517578,91.7699966430664,91.22000122070312,91.54000091552734,7609600
2011-04-15,60.74398040771485,92.66999816894533,92.70999908447266,92.06999969482422,92.26000213623048,10222900
2011-04-18,60.8817024230957,92.87999725341795,93.0999984741211,91.4499969482422,91.98999786376952,12036700
2011-04-19,61.143836975097656,93.27999877929688,93.27999877929688,92.76000213623048,92.86000061035156,5295100
2011-04-20,60.75053024291992,92.68000030517578,93.26000213623048,92.61000061035156,93.06999969482422,6754100
2011-04-21,60.69808578491211,92.5999984741211,93.2300033569336,92.55999755859376,92.88999938964844,3365600
2011-04-25,60.92748260498047,92.9499969482422,92.97000122070312,92.5,92.62999725341795,3626900
2011-04-26,61.51742935180664,93.8499984741211,93.87000274658205,93.18000030517578,93.2699966430664,7506300
2011-04-27,60.8881950378418,92.88999938964844,93.56999969482422,92.75,93.44000244140624,8869300
2011-04-28,61.353538513183594,93.5999984741211,93.5999984741211,92.97000122070312,93.22000122070312,8110200
2011-04-29,61.54367446899414,93.88999938964844,93.91999816894533,93.3499984741211,93.47000122070312,5900000
2011-05-02,61.64239883422851,93.63999938964844,93.68000030517578,93.16999816894533,93.31999969482422,5285100
2011-05-03,61.99125671386719,94.16999816894533,94.16999816894533,93.58000183105467,93.95999908447266,6486600
2011-05-04,62.26776885986328,94.58999633789062,94.72000122070312,94.2699966430664,94.30999755859376,7406300
2011-05-05,62.86025619506836,95.48999786376952,95.62999725341795,94.80999755859376,94.91999816894533,9600000
2011-05-06,62.58380889892578,95.06999969482422,95.48999786376952,94.3499984741211,94.51000213623048,9451500
2011-05-09,62.517921447753906,94.97000122070312,95.1999969482422,94.83999633789062,94.9000015258789,3731200
2011-05-10,62.0703125,94.29000091552734,94.88999938964844,94.29000091552734,94.6999969482422,5458300
2011-05-11,62.42578125,94.83000183105467,95.08999633789062,94.18000030517578,94.31999969482422,6078700
2011-05-12,62.03082656860352,94.2300033569336,95.11000061035156,93.91000366210938,94.9499969482422,8015800
2011-05-13,62.59033966064453,95.08000183105467,95.48999786376952,94.52999877929688,94.6500015258789,8380000
2011-05-16,62.939266204833984,95.61000061035156,95.79000091552734,94.76000213623048,95.02999877929688,6053600
2011-05-17,63.58439636230469,96.58999633789062,96.5999984741211,95.9800033569336,96.02999877929688,9826900
2011-05-18,62.74176788330078,95.30999755859376,96.38999938964844,95.27999877929688,96.2699966430664,7707600
2011-05-19,62.71541213989258,95.2699966430664,95.31999969482422,94.45999908447266,94.45999908447266,8052400
2011-05-20,62.748348236083984,95.31999969482422,95.41000366210938,94.72000122070312,95.0199966430664,5602300
2011-05-23,63.05117416381836,95.77999877929688,96.19000244140624,95.58999633789062,95.7300033569336,6300000
2011-05-24,63.28817367553711,96.13999938964844,96.13999938964844,95.45999908447266,95.63999938964844,5549100
2011-05-25,62.9919319152832,95.69000244140624,96.27999877929688,95.54000091552734,96.1500015258789,5664500
2011-05-26,63.53168869018555,96.51000213623048,96.5500030517578,95.88999938964844,95.97000122070312,8307900
2011-05-27,63.50535583496094,96.47000122070312,96.51000213623048,95.87999725341795,96.12999725341795,5390600
2011-05-31,63.65020751953125,96.69000244140624,96.76000213623048,96.08999633789062,96.18000030517578,7003900
2011-06-01,64.51042175292969,97.63999938964844,97.72000122070312,96.88999938964844,96.91999816894533,12746400
2011-06-02,63.281532287597656,95.77999877929688,96.91000366210938,95.77999877929688,96.48999786376952,15738700
2011-06-03,63.64490509033203,96.33000183105467,96.5999984741211,95.56999969482422,96.58000183105467,10644100
2011-06-06,63.16265869140625,95.5999984741211,95.98999786376952,95.20999908447266,95.47000122070312,8776900
2011-06-07,63.45330810546875,96.04000091552734,96.05999755859376,95.12000274658205,95.2300033569336,7399200
2011-06-08,63.94882583618164,96.79000091552734,96.83999633789062,96.16999816894533,96.26000213623048,7401800
2011-06-09,63.691184997558594,96.4000015258789,97.33000183105467,95.93000030517578,97.0999984741211,9963000
2011-06-10,64.1800765991211,97.13999938964844,97.38999938964844,96.8000030517578,96.91000366210938,7710800
2011-06-13,63.85636520385742,96.6500015258789,97.29000091552734,96.63999938964844,96.73999786376952,5540000
2011-06-14,62.89173126220703,95.19000244140624,95.9000015258789,95.12999725341795,95.73999786376952,8672400
2011-06-15,64.03472137451172,96.91999816894533,96.94000244140624,95.37000274658205,95.37999725341795,12979100
2011-06-16,64.325439453125,97.36000061035156,97.52999877929688,96.8000030517578,97.0999984741211,10961200
2011-06-17,64.02151489257812,96.9000015258789,97.1500015258789,96.63999938964844,96.86000061035156,9622900
2011-06-20,64.10079956054688,97.0199966430664,97.36000061035156,96.58999633789062,97.33000183105467,6613800
2011-06-21,63.81669235229492,96.58999633789062,97.02999877929688,96.2699966430664,96.6999969482422,7894900
2011-06-22,63.85636520385742,96.6500015258789,97.05999755859376,96.41000366210938,96.95999908447266,5503700
2011-06-23,64.34522247314453,97.38999938964844,97.73999786376952,97.1500015258789,97.23999786376952,8586800
2011-06-24,64.07435607910156,96.9800033569336,97.69000244140624,96.9800033569336,97.36000061035156,7960900
2011-06-27,63.195648193359375,95.6500015258789,96.87000274658205,95.5500030517578,96.8499984741211,9331300
2011-06-28,62.686866760253906,94.87999725341795,95.68000030517578,94.72000122070312,95.4800033569336,12634300
2011-06-29,62.2706298828125,94.25,95.1999969482422,94.0199966430664,94.9499969482422,11084900
2011-06-30,62.17156600952149,94.0999984741211,94.30999755859376,93.13999938964844,94.2300033569336,11555600
2011-07-01,62.07209777832031,93.62999725341795,94.2300033569336,93.36000061035156,94.12999725341795,6637200
2011-07-05,62.21134948730469,93.83999633789062,94.16999816894533,93.69000244140624,94.04000091552734,4615600
2011-07-06,62.52954864501953,94.31999969482422,94.4499969482422,93.83999633789062,94.19000244140624,5652700
2011-07-07,62.34392929077149,94.04000091552734,94.13999938964844,93.5500030517578,93.83000183105467,6823700
2011-07-08,63.22562789916992,95.37000274658205,95.61000061035156,94.83000183105467,94.83999633789062,12129300
2011-07-11,64.17366027832031,96.8000030517578,96.8000030517578,95.75,96.04000091552734,9760800
2011-07-12,64.3924560546875,97.12999725341795,97.30999755859376,96.55999755859376,97.3000030517578,9083900
2011-07-13,64.57144165039062,97.4000015258789,97.43000030517578,96.11000061035156,96.70999908447266,13112200
2011-07-14,63.649959564208984,96.01000213623048,97.9000015258789,96.01000213623048,96.62000274658205,11471500
2011-07-15,63.75601959228515,96.16999816894533,96.1999969482422,95.23999786376952,95.29000091552734,7086200
2011-07-18,63.139461517333984,95.23999786376952,96.16999816894533,95.1999969482422,96.05999755859376,8206500
2011-07-19,64.45209503173828,97.22000122070312,97.2699966430664,95.16999816894533,95.31999969482422,15249400
2011-07-20,63.68972396850586,96.06999969482422,96.83999633789062,95.87000274658205,96.72000122070312,9673300
2011-07-21,63.199119567871094,95.33000183105467,95.86000061035156,94.9000015258789,95.23999786376952,11099200
2011-07-22,63.67644500732422,96.0500030517578,96.08999633789062,95.52999877929688,95.69000244140624,4974500
2011-07-25,62.98039245605469,95.0,96.0500030517578,94.83000183105467,94.97000122070312,10869400
2011-07-26,63.41128921508789,95.6500015258789,95.87000274658205,95.23999786376952,95.3000030517578,7682800
2011-07-27,63.41790771484375,95.66000366210938,95.83999633789062,95.0999984741211,95.33999633789062,11224200
2011-07-28,63.65658950805664,96.0199966430664,96.30999755859376,95.70999908447266,96.11000061035156,7081600
2011-07-29,64.91618347167969,97.91999816894533,98.52999877929688,96.77999877929688,96.88999938964844,19582400
2011-08-01,65.5714111328125,98.58000183105467,98.94000244140624,97.3499984741211,97.38999938964844,14348200
2011-08-02,67.54023742675781,101.54000091552734,101.56999969482422,98.88999938964844,99.22000122070312,20850600
2011-08-03,67.67322540283203,101.73999786376952,103.41999816894533,101.36000061035156,101.56999969482422,21179700
2011-08-04,70.08111572265625,105.36000061035156,105.5500030517578,102.2699966430664,102.37999725341795,34076600
2011-08-05,68.05905151367188,102.31999969482422,105.5,102.27999877929688,103.44000244140624,41677700
2011-08-08,70.20753479003906,105.5500030517578,105.79000091552734,102.9499969482422,103.18000030517578,38259500
2011-08-09,70.42032623291016,105.87000274658205,109.37000274658205,103.0,105.01000213623048,39881400
2011-08-10,72.51564025878906,109.0199966430664,109.06999969482422,106.94000244140624,107.62999725341795,46221000
2011-08-11,68.85720825195312,103.5199966430664,107.80999755859376,103.1999969482422,107.33999633789062,37790100
2011-08-12,70.22079467773438,105.56999969482422,105.66000366210938,104.06999969482422,104.44000244140624,15590800
2011-08-15,69.50906372070312,104.5,105.4800033569336,104.47000122070312,104.94000244140624,10051700
2011-08-16,70.65979766845703,106.2300033569336,106.63999938964844,104.62999725341795,104.66000366210938,15993200
2011-08-17,71.89705657958984,108.08999633789062,108.0999984741211,105.7699966430664,106.31999969482422,15906600
2011-08-18,73.37364196777344,110.30999755859376,112.13999938964844,109.27999877929688,110.08999633789062,27274600
2011-08-19,73.96565246582031,111.1999969482422,111.41000366210938,110.2300033569336,110.6500015258789,15708400
2011-08-22,73.7793960571289,110.91999816894533,111.26000213623048,110.38999938964844,110.45999908447266,13157700
2011-08-23,72.7617416381836,109.38999938964844,111.16999816894533,109.3499984741211,109.76000213623048,16017800
2011-08-24,70.69306945800781,106.27999877929688,109.41000366210938,106.1500015258789,109.29000091552734,14621600
2011-08-25,71.4580307006836,107.43000030517578,107.9000015258789,106.36000061035156,106.69000244140624,10565900
2011-08-26,72.16309356689453,108.48999786376952,109.2699966430664,107.33000183105467,108.69000244140624,11504800
2011-08-29,71.16533660888672,106.98999786376952,107.4000015258789,106.5999984741211,106.6999969482422,6764300
2011-08-30,72.30941009521484,108.70999908447266,109.1500015258789,108.25,108.43000030517578,9508700
2011-08-31,71.19194793701172,107.02999877929688,108.95999908447266,107.02999877929688,108.80999755859376,12186000
2011-09-01,72.70105743408203,108.97000122070312,108.9800033569336,106.08000183105467,107.47000122070312,10686600
2011-09-02,75.06283569335938,112.51000213623048,112.58000183105467,110.66000366210938,111.38999938964844,16557100
2011-09-06,75.84347534179688,113.68000030517578,114.93000030517578,113.38999938964844,114.41999816894533,14016200
2011-09-07,74.39567565917969,111.51000213623048,112.37000274658205,111.30999755859376,112.27999877929688,11524300
2011-09-08,75.06283569335938,112.51000213623048,112.62999725341795,111.33999633789062,112.3000030517578,11480900
2011-09-09,75.86346435546875,113.70999908447266,114.18000030517578,112.20999908447266,112.54000091552734,11492700
2011-09-12,75.9434814453125,113.83000183105467,114.25,113.0999984741211,113.56999969482422,7602200
2011-09-13,74.8626708984375,112.20999908447266,113.58999633789062,112.11000061035156,113.4000015258789,9282400
2011-09-14,75.49653625488281,113.16000366210938,113.3499984741211,111.81999969482422,111.97000122070312,11948500
2011-09-15,74.34231567382812,111.43000030517578,112.48999786376952,111.43000030517578,111.9800033569336,8884000
2011-09-16,74.88268280029297,112.23999786376952,112.58999633789062,111.25,111.30999755859376,10053500
2011-09-19,76.3104476928711,114.37999725341795,115.19000244140624,114.12000274658205,114.1999969482422,13033500
2011-09-20,76.63069915771484,114.86000061035156,114.87000274658205,114.0500030517578,114.37000274658205,6360600
2011-09-21,79.16593170166016,118.66000366210938,118.79000091552734,114.1999969482422,114.62999725341795,18687100
2011-09-22,82.14151000976562,123.12000274658205,123.87000274658205,121.2300033569336,121.41000366210938,25041400
2011-09-23,80.61363220214844,120.83000183105467,123.36000061035156,120.83000183105467,123.12000274658205,15173800
2011-09-26,79.3193359375,118.88999938964844,120.56999969482422,118.58000183105467,120.12000274658205,15110100
2011-09-27,78.10514068603516,117.06999969482422,117.3000030517578,116.26000213623048,116.75,13589600
2011-09-28,78.07845306396484,117.02999877929688,117.11000061035156,115.76000213623048,116.9000015258789,12642600
2011-09-29,78.61882781982422,117.83999633789062,118.81999969482422,117.08999633789062,117.61000061035156,12341800
2011-09-30,80.5936279296875,120.8000030517578,120.91000366210938,118.98999786376952,120.0199966430664,13546400
2011-10-03,82.81157684326172,123.80999755859376,123.80999755859376,121.11000061035156,121.87999725341795,15882000
2011-10-04,81.76148986816406,122.23999786376952,125.02999877929688,122.18000030517578,124.37000274658205,17301400
2011-10-05,81.17286682128906,121.36000061035156,121.77999877929688,120.66000366210938,121.66000366210938,14275000
2011-10-06,79.67463684082031,119.12000274658205,121.01000213623048,119.12000274658205,120.63999938964844,9681600
2011-10-07,79.08604431152344,118.23999786376952,119.0500030517578,116.8499984741211,117.75,11564600
2011-10-10,77.96900939941406,116.56999969482422,116.91000366210938,115.8000030517578,116.81999969482422,3567600
2011-10-11,77.7081527709961,116.18000030517578,117.36000061035156,115.9000015258789,117.29000091552734,7520200
2011-10-12,76.57781219482422,114.48999786376952,115.12000274658205,113.4800033569336,114.6999969482422,14033400
2011-10-13,77.34036254882812,115.62999725341795,116.5500030517578,114.95999908447266,115.02999877929688,11263300
2011-10-14,76.21660614013672,113.9499969482422,114.61000061035156,113.61000061035156,113.87999725341795,8411000
2011-10-17,77.5342788696289,115.91999816894533,115.97000122070312,114.22000122070312,114.3000030517578,9664000
2011-10-18,77.05271911621094,115.1999969482422,116.81999969482422,114.3000030517578,116.13999938964844,12495600
2011-10-19,77.0260009765625,115.16000366210938,115.73999786376952,114.16000366210938,114.54000091552734,6629300
2011-10-20,76.47748565673828,114.33999633789062,115.66999816894533,114.06999969482422,114.45999908447266,7832100
2011-10-21,75.668212890625,113.12999725341795,114.1999969482422,113.12999725341795,113.86000061035156,9906300
2011-10-24,75.7952651977539,113.31999969482422,114.08000183105467,113.0500030517578,113.93000030517578,6344500
2011-10-25,77.72156524658203,116.1999969482422,116.3499984741211,113.3499984741211,113.37999725341795,11791200
2011-10-26,76.36376953125,114.16999816894533,116.20999908447266,114.06999969482422,115.38999938964844,12747000
2011-10-27,73.77527618408203,110.3000030517578,112.8499984741211,109.81999969482422,112.5199966430664,19471400
2011-10-28,74.55117797851562,111.45999908447266,111.95999908447266,110.76000213623048,110.9000015258789,10127900
2011-10-31,77.50753021240234,115.87999725341795,115.87999725341795,113.45999908447266,113.61000061035156,15242100
2011-11-01,80.10205078125,119.4499969482422,119.48999786376952,117.16999816894533,118.70999908447266,24400600
2011-11-02,79.10284423828125,117.95999908447266,118.36000061035156,116.41999816894533,116.62999725341795,13181100
2011-11-03,78.01654052734375,116.33999633789062,117.3499984741211,115.98999786376952,116.33999633789062,8386700
2011-11-04,78.11042022705078,116.4800033569336,117.0500030517578,115.52999877929688,115.72000122070312,7583700
2011-11-07,78.60664367675781,117.22000122070312,118.3499984741211,116.31999969482422,116.63999938964844,9279700
2011-11-08,77.60081481933594,115.72000122070312,117.54000091552734,115.5,116.75,7539400
2011-11-09,79.21015930175781,118.12000274658205,119.12999725341795,117.06999969482422,118.26000213623048,13004500
2011-11-10,78.02992248535156,116.36000061035156,117.61000061035156,115.20999908447266,116.77999877929688,11644600
2011-11-11,77.55378723144531,115.6500015258789,116.16999816894533,115.5,115.83000183105467,2483900
2011-11-14,78.80109405517578,117.51000213623048,117.5999984741211,116.20999908447266,116.38999938964844,9252600
2011-11-15,78.69383239746094,117.3499984741211,118.45999908447266,116.72000122070312,117.6999969482422,7587500
2011-11-16,79.41130828857422,118.41999816894533,118.43000030517578,117.18000030517578,117.95999908447266,7470000
2011-11-17,80.0483627319336,119.37000274658205,120.16000366210938,118.04000091552734,118.04000091552734,9907900
2011-11-18,80.02828979492188,119.33999633789062,119.5500030517578,118.31999969482422,119.18000030517578,6792600
2011-11-21,80.50444793701172,120.0500030517578,120.7300033569336,119.91000366210938,120.37999725341795,7345600
2011-11-22,81.40299987792969,121.38999938964844,121.41000366210938,119.8499984741211,120.3499984741211,7866300
2011-11-23,82.20101928710938,122.58000183105467,123.0500030517578,121.02999877929688,121.16000366210938,10129300
2011-11-25,81.00739288330078,120.8000030517578,121.87000274658205,120.73999786376952,121.8000030517578,4311900
2011-11-28,80.96710968017578,120.73999786376952,121.1500015258789,118.58000183105467,118.62999725341795,7661900
2011-11-29,80.30318450927734,119.75,120.91999816894533,119.08000183105467,120.02999877929688,8952800
2011-11-30,79.04927062988281,117.87999725341795,118.55999755859376,117.26000213623048,118.33999633789062,11806800
2011-12-01,78.652587890625,117.0,117.23999786376952,115.8000030517578,116.29000091552734,9647200
2011-12-02,79.75507354736328,118.63999938964844,118.68000030517578,116.55999755859376,116.62000274658205,7764900
2011-12-05,79.59375,118.4000015258789,118.83000183105467,116.87999725341795,117.0,7862800
2011-12-06,78.83415222167969,117.2699966430664,118.29000091552734,116.7699966430664,117.80999755859376,8506300
2011-12-07,79.1164321899414,117.69000244140624,118.23999786376952,116.8499984741211,117.33000183105467,6588300
2011-12-08,80.10465240478516,119.16000366210938,119.33000183105467,117.41000366210938,117.72000122070312,8800500
2011-12-09,78.45762634277344,116.70999908447266,119.12999725341795,116.62999725341795,119.06999969482422,9855100
2011-12-12,79.33160400390625,118.01000213623048,118.48999786376952,117.61000061035156,117.91000366210938,5734600
2011-12-13,80.07102966308594,119.11000061035156,119.62999725341795,117.16000366210938,117.27999877929688,8901800
2011-12-14,81.58357238769531,121.36000061035156,121.38999938964844,119.48999786376952,119.79000091552734,11247700
2011-12-15,81.28108215332031,120.91000366210938,121.31999969482422,120.37000274658205,120.66000366210938,5438700
2011-12-16,82.22892761230469,122.31999969482422,122.62000274658205,121.29000091552734,121.37999725341795,9321900
2011-12-19,83.27094268798828,123.87000274658205,124.0199966430664,122.26000213623048,122.31999969482422,7845100
2011-12-20,81.19364929199219,120.77999877929688,122.66999816894533,120.61000061035156,122.66000366210938,13945400
2011-12-21,80.06431579589844,119.0999984741211,120.83000183105467,119.06999969482422,120.62999725341795,11600100
2011-12-22,80.40045928955078,119.5999984741211,120.41999816894533,119.3499984741211,120.0,5247400
2011-12-23,79.50634765625,118.2699966430664,118.70999908447266,117.73999786376952,118.55999755859376,5409700
2011-12-27,79.88400268554688,118.4499969482422,118.4499969482422,117.62000274658205,117.94000244140624,4270300
2011-12-28,81.36099243164062,120.63999938964844,121.0500030517578,118.4499969482422,118.73999786376952,8302300
2011-12-29,81.5093765258789,120.86000061035156,121.08999633789062,120.05999755859376,120.4800033569336,4305000
2011-12-30,81.77234649658203,121.25,121.76000213623048,120.88999938964844,121.11000061035156,5948800
2012-01-03,80.54491424560547,119.43000030517578,120.1999969482422,118.93000030517578,119.41999816894533,9076900
2012-01-04,79.5872802734375,118.01000213623048,119.27999877929688,117.68000030517578,119.26000213623048,8417100
2012-01-05,79.44567108154297,117.8000030517578,119.0999984741211,117.56999969482422,118.16999816894533,6465800
2012-01-06,80.0728759765625,118.7300033569336,118.95999908447266,117.70999908447266,117.75,7348500
2012-01-09,79.93124389648438,118.5199966430664,119.54000091552734,118.3000030517578,118.47000122070312,5582400
2012-01-10,79.7963638305664,118.31999969482422,118.87000274658205,117.68000030517578,117.7300033569336,8932500
2012-01-11,80.8349380493164,119.86000061035156,120.05999755859376,118.9800033569336,119.04000091552734,8634500
2012-01-12,80.7203140258789,119.69000244140624,120.19000244140624,119.23999786376952,119.9499969482422,7205400
2012-01-13,81.52283477783203,120.87999725341795,121.63999938964844,120.80999755859376,121.0999984741211,9819000
2012-01-17,81.90054321289062,121.44000244140624,121.62999725341795,120.83000183105467,120.9499969482422,5449900
2012-01-18,80.90913391113281,119.97000122070312,121.61000061035156,119.91000366210938,121.52999877929688,5804000
2012-01-19,79.7963638305664,118.31999969482422,119.55999755859376,117.91999816894533,119.33000183105467,8625700
2012-01-20,78.89260864257812,116.9800033569336,117.95999908447266,116.97000122070312,117.70999908447266,6548200
2012-01-23,78.39354705810547,116.23999786376952,116.63999938964844,115.5500030517578,116.12999725341795,7274800
2012-01-24,78.5351791381836,116.4499969482422,116.70999908447266,115.77999877929688,116.70999908447266,5776500
2012-01-25,78.34637451171875,116.16999816894533,118.52999877929688,115.88999938964844,116.05999755859376,12867600
2012-01-26,79.38494110107422,117.70999908447266,117.70999908447266,116.58999633789062,116.6500015258789,7638500
2012-01-27,79.63445281982422,118.08000183105467,118.33000183105467,117.01000213623048,117.83000183105467,5165300
2012-01-30,80.5718994140625,119.47000122070312,120.38999938964844,119.33999633789062,119.83999633789062,8388400
2012-01-31,81.50263214111328,120.8499984741211,120.91000366210938,119.19000244140624,119.26000213623048,7998300
2012-02-01,80.56903076171875,119.18000030517578,119.9000015258789,118.80999755859376,119.75,7925200
2012-02-02,80.53524780273438,119.12999725341795,119.4800033569336,118.63999938964844,118.95999908447266,5596900
2012-02-03,78.8045654296875,116.56999969482422,116.8000030517578,115.97000122070312,116.45999908447266,12467400
2012-02-06,79.58875274658203,117.7300033569336,117.8000030517578,116.33999633789062,116.69000244140624,6180600
2012-02-07,78.60175323486328,116.2699966430664,116.87999725341795,115.7699966430664,116.62000274658205,8794800
2012-02-08,78.6625747680664,116.36000061035156,116.79000091552734,115.9800033569336,116.1999969482422,7613400
2012-02-09,78.07447052001953,115.48999786376952,116.04000091552734,114.62000274658205,115.86000061035156,11477700
2012-02-10,79.08849334716797,116.98999786376952,117.33000183105467,116.5199966430664,116.8000030517578,7193100
2012-02-13,79.18986511230469,117.13999938964844,117.37000274658205,116.43000030517578,116.5999984741211,6422900
2012-02-14,79.60909271240234,117.76000213623048,118.27999877929688,117.2300033569336,117.44000244140624,8271200
2012-02-15,79.467041015625,117.5500030517578,118.2699966430664,117.48999786376952,117.66000366210938,6846100
2012-02-16,78.83161926269531,116.61000061035156,117.5999984741211,116.12999725341795,117.2699966430664,9036200
2012-02-17,78.81136322021484,116.58000183105467,116.61000061035156,115.76000213623048,115.86000061035156,6338000
2012-02-21,77.93926239013672,115.29000091552734,115.91999816894533,114.9499969482422,115.7699966430664,8338300
2012-02-22,78.91948699951172,116.73999786376952,116.76000213623048,115.80999755859376,115.88999938964844,7736800
2012-02-23,78.91948699951172,116.73999786376952,117.22000122070312,115.93000030517578,116.13999938964844,5163900
2012-02-24,79.43327331542969,117.5,117.58000183105467,116.9499969482422,117.2300033569336,5676900
2012-02-27,80.13631439208984,118.54000091552734,118.8499984741211,118.12000274658205,118.5,8180700
2012-02-28,79.8726806640625,118.1500015258789,119.13999938964844,117.94000244140624,118.87000274658205,6615700
2012-02-29,79.38599395751953,117.43000030517578,118.41999816894533,116.95999908447266,118.37000274658205,14235000
2012-03-01,78.63858795166016,116.05999755859376,116.68000030517578,115.54000091552734,116.16999816894533,12265600
2012-03-02,79.37716674804688,117.1500015258789,117.4800033569336,116.5500030517578,116.5999984741211,6669600
2012-03-05,78.74703979492188,116.22000122070312,117.44000244140624,116.22000122070312,116.95999908447266,6921900
2012-03-06,79.70235443115234,117.62999725341795,118.11000061035156,117.44000244140624,117.4499969482422,6299700
2012-03-07,79.21451568603516,116.91000366210938,117.61000061035156,116.80999755859376,117.45999908447266,5567500
2012-03-08,78.42176055908203,115.73999786376952,116.56999969482422,115.63999938964844,116.31999969482422,7982100
2012-03-09,78.57763671875,115.97000122070312,115.98999786376952,114.9000015258789,115.48999786376952,6975600
2012-03-12,78.56409454345703,115.9499969482422,116.5199966430664,115.87000274658205,116.31999969482422,5280000
2012-03-13,77.18183135986328,113.91000366210938,115.41000366210938,113.88999938964844,115.2699966430664,14413600
2012-03-14,75.23725128173828,111.04000091552734,112.75,110.9499969482422,112.6999969482422,24515300
2012-03-15,75.35242462158203,111.20999908447266,111.73999786376952,110.87999725341795,110.9000015258789,14154000
2012-03-16,75.50144958496094,111.43000030517578,111.44000244140624,110.1999969482422,110.5,13427200
2012-03-19,74.60025787353516,110.0999984741211,111.4800033569336,109.69000244140624,111.36000061035156,14011400
2012-03-20,74.89842224121094,110.54000091552734,110.87000274658205,109.8499984741211,110.43000030517578,9443800
2012-03-21,75.74539184570312,111.79000091552734,111.88999938964844,110.80999755859376,110.86000061035156,10242000
2012-03-22,75.98929595947266,112.1500015258789,112.37000274658205,111.87000274658205,112.29000091552734,8009800
2012-03-23,76.70755767822266,113.20999908447266,113.38999938964844,112.66000366210938,112.69000244140624,8465300
2012-03-26,76.31455993652344,112.62999725341795,113.01000213623048,111.8000030517578,112.83000183105467,8118600
2012-03-27,76.86336517333984,113.44000244140624,113.6999969482422,112.6999969482422,112.77999877929688,6972300
2012-03-28,76.7549819946289,113.27999877929688,113.94000244140624,112.8499984741211,112.91999816894533,7886000
2012-03-29,77.33088684082031,114.12999725341795,114.19000244140624,113.58000183105467,114.0199966430664,7692900
2012-03-30,76.02315521240234,112.1999969482422,114.2699966430664,112.19000244140624,114.20999908447266,9467500
2012-04-02,76.4443359375,112.52999877929688,113.3000030517578,112.1999969482422,113.0,8944000
2012-04-03,75.11966705322266,110.58000183105467,113.44000244140624,110.56999969482422,113.01000213623048,14774300
2012-04-04,76.15227508544922,112.0999984741211,112.12000274658205,111.41000366210938,111.7699966430664,10095600
2012-04-05,76.70249938964844,112.91000366210938,113.06999969482422,112.33000183105467,113.0,6364100
2012-04-09,78.49591827392578,115.5500030517578,115.7699966430664,115.23999786376952,115.54000091552734,14374600
2012-04-10,79.38590240478516,116.86000061035156,117.29000091552734,115.77999877929688,115.9499969482422,14421300
2012-04-11,78.43474578857422,115.45999908447266,116.05999755859376,115.3499984741211,115.70999908447266,8713000
2012-04-12,78.10868835449219,114.9800033569336,115.75,114.81999969482422,115.66999816894533,9008500
2012-04-13,79.37229919433594,116.83999633789062,116.9000015258789,116.12000274658205,116.1500015258789,8607700
2012-04-16,79.25675201416016,116.66999816894533,117.5999984741211,116.56999969482422,116.6999969482422,7735000
2012-04-17,79.20922088623047,116.5999984741211,116.83000183105467,116.25,116.52999877929688,5398600
2012-04-18,79.44021606445312,116.94000244140624,117.12000274658205,116.7300033569336,117.0500030517578,4074400
2012-04-19,79.51493835449219,117.0500030517578,117.47000122070312,117.0199966430664,117.25,5374300
2012-04-20,79.52848815917969,117.06999969482422,117.12999725341795,116.33000183105467,116.55999755859376,5043300
2012-04-23,80.10596466064453,117.91999816894533,118.41000366210938,117.79000091552734,118.11000061035156,5170100
2012-04-24,79.54212188720703,117.08999633789062,117.76000213623048,117.08000183105467,117.61000061035156,4336600
2012-04-25,79.13449096679688,116.48999786376952,117.31999969482422,115.69000244140624,116.41000366210938,8859500
2012-04-26,79.6100082397461,117.19000244140624,117.45999908447266,116.58999633789062,117.41999816894533,5133000
2012-04-27,79.67794036865234,117.29000091552734,117.36000061035156,116.79000091552734,117.0199966430664,3112900
2012-04-30,79.69832611083984,117.31999969482422,117.75,117.19000244140624,117.56999969482422,4198400
2012-05-01,79.28498077392578,116.43000030517578,117.62000274658205,116.06999969482422,117.43000030517578,7214300
2012-05-02,79.84339904785156,117.25,117.31999969482422,116.8000030517578,117.22000122070312,3565700
2012-05-03,79.82296752929688,117.22000122070312,117.37000274658205,116.55999755859376,116.63999938964844,3522900
2012-05-04,80.44947052001953,118.13999938964844,118.19000244140624,117.4000015258789,117.4800033569336,6367300
2012-05-07,80.46302795410156,118.16000366210938,118.45999908447266,118.0199966430664,118.31999969482422,3228200
2012-05-08,80.89210510253906,118.79000091552734,119.51000213623048,118.66000366210938,118.69000244140624,6051600
2012-05-09,80.94654846191406,118.87000274658205,119.56999969482422,118.44000244140624,119.4499969482422,5828900
2012-05-10,80.70817565917969,118.5199966430664,118.62000274658205,117.44000244140624,118.0199966430664,6300000
2012-05-11,81.37556457519531,119.5,119.5999984741211,118.95999908447266,119.48999786376952,5234300
2012-05-14,82.51275634765625,121.16999816894533,121.3000030517578,120.5999984741211,120.87000274658205,8789400
2012-05-15,82.84647369384766,121.66000366210938,121.7300033569336,120.81999969482422,121.08999633789062,6766400
2012-05-16,83.08483123779297,122.01000213623048,122.18000030517578,120.72000122070312,120.9800033569336,6462300
2012-05-17,84.55569458007812,124.16999816894533,124.27999877929688,122.0199966430664,122.02999877929688,14863400
2012-05-18,84.57611846923828,124.1999969482422,124.44000244140624,123.11000061035156,123.2699966430664,10137700
2012-05-21,84.39903259277344,123.94000244140624,124.4499969482422,123.62000274658205,123.9000015258789,9583500
2012-05-22,83.45934295654297,122.55999755859376,122.87999725341795,122.05999755859376,122.75,12475500
2012-05-23,84.03815460205078,123.41000366210938,124.5199966430664,123.36000061035156,123.5500030517578,11744900
2012-05-24,83.7181396484375,122.94000244140624,123.79000091552734,122.75,123.2300033569336,10256200
2012-05-25,84.03133392333984,123.4000015258789,123.54000091552734,123.13999938964844,123.43000030517578,4723600
2012-05-29,83.77259063720703,123.0199966430664,123.80999755859376,123.0,123.38999938964844,5874100
2012-05-30,85.89717864990234,126.13999938964844,126.31999969482422,125.3000030517578,125.31999969482422,17170800
2012-05-31,86.89139556884766,127.5999984741211,129.0800018310547,126.66999816894533,127.02999877929688,31174500
2012-06-01,88.95421600341797,130.36000061035156,130.3800048828125,128.52999877929688,128.8699951171875,23526000
2012-06-04,88.25141143798828,129.3300018310547,130.17999267578125,128.94000244140625,129.30999755859375,11681200
2012-06-05,87.07086944580078,127.5999984741211,128.63999938964844,127.58999633789062,128.52999877929688,12482800
2012-06-06,85.33079528808594,125.0500030517578,127.5999984741211,125.0500030517578,127.55999755859376,20806700
2012-06-07,85.46047973632812,125.23999786376952,125.73999786376952,124.38999938964844,124.6500015258789,18898200
2012-06-08,85.43999481201172,125.20999908447266,126.9499969482422,124.56999969482422,126.75,11239600
2012-06-11,85.82890319824219,125.77999877929688,126.20999908447266,124.7699966430664,124.79000091552734,10693800
2012-06-12,85.04420471191406,124.62999725341795,125.62999725341795,124.5,124.97000122070312,10921700
2012-06-13,85.88350677490234,125.86000061035156,126.27999877929688,124.37999725341795,124.8499984741211,11100000
2012-06-14,85.77434539794922,125.6999969482422,126.27999877929688,125.19000244140624,125.9499969482422,7688200
2012-06-15,86.2520523071289,126.4000015258789,126.8499984741211,126.13999938964844,126.58000183105467,6421400
2012-06-18,86.71602630615234,127.08000183105467,127.33999633789062,126.26000213623048,127.1500015258789,6698400
2012-06-19,85.5832748413086,125.41999816894533,126.37000274658205,125.33000183105467,126.27999877929688,8227900
2012-06-20,86.0063705444336,126.04000091552734,126.51000213623048,124.08999633789062,124.56999969482422,13720300
2012-06-21,86.46353149414062,126.70999908447266,127.25,125.88999938964844,125.9499969482422,9776600
2012-06-22,85.31031036376953,125.0199966430664,126.22000122070312,125.01000213623048,125.9000015258789,7830400
2012-06-25,86.5522689819336,126.83999633789062,127.0199966430664,126.2699966430664,126.36000061035156,6113800
2012-06-26,86.2110366821289,126.33999633789062,126.9499969482422,125.94000244140624,126.11000061035156,5359700
2012-06-27,86.34754180908203,126.54000091552734,126.79000091552734,126.02999877929688,126.55999755859376,5860700
2012-06-28,86.5590591430664,126.8499984741211,127.4800033569336,126.79000091552734,127.3000030517578,5257800
2012-06-29,85.43317413330078,125.1999969482422,125.62999725341795,124.62999725341795,125.02999877929688,8881900
2012-07-02,86.31463623046875,126.22000122070312,127.20999908447266,125.37000274658205,125.4499969482422,7818500
2012-07-03,85.65129089355469,125.25,126.0,125.20999908447266,125.9499969482422,5773100
2012-07-05,86.0889663696289,125.88999938964844,126.31999969482422,125.25,125.3499984741211,5974700
2012-07-06,86.8890609741211,127.05999755859376,127.20999908447266,126.61000061035156,126.66999816894533,5818300
2012-07-09,87.65496063232422,128.17999267578125,128.25999450683594,127.11000061035156,127.37999725341795,5647000
2012-07-10,87.83277893066406,128.44000244140625,128.74000549316406,127.72000122070312,127.86000061035156,4288000
2012-07-11,87.94217681884766,128.60000610351562,129.47000122070312,128.25999450683594,128.58999633789062,5960900
2012-07-12,88.5644760131836,129.50999450683594,129.55999755859375,128.89999389648438,129.0500030517578,6421000
2012-07-13,88.33194732666016,129.1699981689453,129.24000549316406,128.60000610351562,129.22999572753906,4175300
2012-07-16,88.74231719970703,129.77000427246094,130.61000061035156,129.61000061035156,130.3000030517578,5283500
2012-07-17,88.04474639892578,128.75,129.82000732421875,128.63999938964844,129.25999450683594,5590900
2012-07-18,88.09265899658203,128.82000732421875,129.33999633789062,128.7899932861328,129.25999450683594,4011000
2012-07-19,87.86695861816406,128.49000549316406,129.10000610351562,128.11000061035156,128.4600067138672,5246300
2012-07-20,88.94061279296875,130.05999755859375,130.3000030517578,129.4199981689453,129.60000610351562,6365900
2012-07-23,89.43978881835938,130.7899932861328,131.44000244140625,130.50999450683594,131.30999755859375,6141100
2012-07-24,90.14420318603516,131.82000732421875,132.0399932861328,130.27999877929688,130.35000610351562,6748800
2012-07-25,90.37664794921876,132.16000366210938,132.2100067138672,131.47999572753906,131.6300048828125,5328000
2012-07-26,89.54922485351562,130.9499969482422,131.77999877929688,130.89999389648438,131.52999877929688,6606200
2012-07-27,87.86013793945312,128.47999572753906,130.00999450683594,126.95999908447266,129.88999938964844,14685100
2012-07-30,88.51663970947266,129.44000244140625,129.47999572753906,128.25,128.38999938964844,6025300
2012-07-31,88.6944351196289,129.6999969482422,129.8800048828125,128.5800018310547,129.80999755859375,7448600
2012-08-01,88.25101470947266,128.77999877929688,129.74000549316406,128.14999389648438,128.52999877929688,7972000
2012-08-02,88.75127410888672,129.50999450683594,130.69000244140625,129.1300048828125,129.58999633789062,7972000
2012-08-03,87.31901550292969,127.41999816894533,128.02999877929688,126.7699966430664,127.83999633789062,9084800
2012-08-06,87.35333251953125,127.47000122070312,128.13999938964844,127.37000274658205,127.66999816894533,3673600
2012-08-07,86.22943878173828,125.83000183105467,126.12999725341795,125.43000030517578,125.95999908447266,6613600
2012-08-08,85.77030944824219,125.16000366210938,126.38999938964844,125.04000091552734,126.16000366210938,7250700
2012-08-09,85.7085952758789,125.06999969482422,125.3000030517578,123.75,124.7699966430664,7553500
2012-08-10,86.14034271240234,125.6999969482422,126.31999969482422,125.5999984741211,126.1999969482422,4670500
2012-08-13,85.9964599609375,125.48999786376952,126.37999725341795,125.48999786376952,126.11000061035156,3543700
2012-08-14,84.83148193359375,123.79000091552734,124.41000366210938,123.75,123.95999908447266,7994000
2012-08-15,83.63906860351562,122.0500030517578,123.1999969482422,121.9000015258789,123.0199966430664,11191000
2012-08-16,82.92640686035156,121.01000213623048,122.5,120.5199966430664,122.20999908447266,13240000
2012-08-17,83.33068084716797,121.5999984741211,122.12000274658205,121.31999969482422,121.4000015258789,6341100
2012-08-20,83.50202941894531,121.8499984741211,122.19000244140624,121.5,121.5500030517578,4427100
2012-08-21,83.87206268310547,122.38999938964844,122.4499969482422,120.66000366210938,121.47000122070312,9532700
2012-08-22,85.25635528564453,124.41000366210938,124.51000213623048,123.20999908447266,123.5199966430664,11384400
2012-08-23,85.61263275146484,124.93000030517578,125.13999938964844,124.6500015258789,124.73999786376952,7139100
2012-08-24,85.53047180175781,124.80999755859376,125.55999755859376,124.66999816894533,125.47000122070312,5001400
2012-08-27,86.03074645996094,125.54000091552734,125.8000030517578,125.2699966430664,125.33999633789062,3906100
2012-08-28,86.23625183105469,125.83999633789062,126.36000061035156,125.58999633789062,125.75,3412600
2012-08-29,85.85939025878906,125.29000091552734,125.62999725341795,124.9499969482422,125.61000061035156,3762700
2012-08-30,86.30484771728516,125.94000244140624,126.44000244140624,125.7300033569336,126.2699966430664,3886400
2012-08-31,87.52460479736328,127.72000122070312,127.72000122070312,125.7300033569336,125.77999877929688,9192600
2012-09-04,87.43671417236328,127.31999969482422,127.62999725341795,126.76000213623048,126.91999816894533,6009300
2012-09-05,87.02468872070312,126.72000122070312,127.19000244140624,126.5500030517578,126.81999969482422,3466700
2012-09-06,85.57563781738281,124.61000061035156,125.52999877929688,124.5500030517578,125.52999877929688,6505100
2012-09-07,85.17729949951172,124.02999877929688,126.18000030517578,123.91999816894533,126.13999938964844,7335300
2012-09-10,85.38335418701172,124.33000183105467,124.33000183105467,123.51000213623048,123.69000244140624,4912100
2012-09-11,84.84768676757812,123.5500030517578,124.0999984741211,123.29000091552734,124.0199966430664,3523300
2012-09-12,83.79009246826172,122.01000213623048,122.41000366210938,121.68000030517578,122.22000122070312,7040900
2012-09-13,83.46046447753906,121.52999877929688,123.08999633789062,120.2699966430664,122.38999938964844,12280200
2012-09-14,81.24223327636719,118.3000030517578,119.8499984741211,118.0500030517578,119.76000213623048,16871600
2012-09-17,82.21747589111328,119.72000122070312,119.9000015258789,118.8000030517578,118.87000274658205,5573300
2012-09-18,82.62947845458984,120.31999969482422,120.9000015258789,119.95999908447266,120.70999908447266,5366200
2012-09-19,83.1719970703125,121.11000061035156,121.37999725341795,120.61000061035156,121.33999633789062,5903300
2012-09-20,83.37805938720703,121.41000366210938,122.31999969482422,120.9800033569336,122.13999938964844,4604200
2012-09-21,83.47422790527344,121.5500030517578,121.63999938964844,120.66999816894533,120.75,4144300
2012-09-24,84.12660217285156,122.5,122.6999969482422,122.18000030517578,122.25,3627400
2012-09-25,84.95758819580078,123.70999908447266,123.73999786376952,122.12999725341795,122.8000030517578,5893500
2012-09-26,85.87091827392578,125.04000091552734,125.08999633789062,124.4499969482422,124.55999755859376,7193400
2012-09-27,85.2597427368164,124.1500015258789,124.8000030517578,123.7699966430664,124.5500030517578,5147700
2012-09-28,85.30779266357422,124.22000122070312,125.23999786376952,123.80999755859376,124.75,7173400
2012-10-01,85.62429809570312,124.41999816894533,124.47000122070312,123.37999725341795,123.97000122070312,4842600
2012-10-02,85.50736236572266,124.25,124.5199966430664,123.80999755859376,123.91000366210938,3540100
2012-10-03,85.5348892211914,124.29000091552734,124.3000030517578,123.62000274658205,123.86000061035156,3800900
2012-10-04,84.46820831298828,122.73999786376952,123.8000030517578,122.56999969482422,123.45999908447266,6214800
2012-10-05,83.3740005493164,121.1500015258789,121.68000030517578,120.91999816894533,121.56999969482422,8340700
2012-10-08,84.07594299316406,122.16999816894533,122.2699966430664,121.69000244140624,121.9800033569336,1568400
2012-10-09,83.92455291748047,121.9499969482422,122.18000030517578,121.37999725341795,121.47000122070312,4752700
2012-10-10,84.516357421875,122.80999755859376,122.95999908447266,121.26000213623048,121.45999908447266,5429800
2012-10-11,85.10132598876953,123.66000366210938,123.66000366210938,121.88999938964844,121.95999908447266,5194100
2012-10-12,85.3146743774414,123.97000122070312,124.77999877929688,123.77999877929688,124.06999969482422,4934900
2012-10-15,85.12203979492188,123.69000244140624,124.13999938964844,123.43000030517578,123.77999877929688,3036100
2012-10-16,83.94519805908203,121.9800033569336,122.94000244140624,121.94000244140624,122.9000015258789,5398700
2012-10-17,83.1675033569336,120.8499984741211,121.26000213623048,120.56999969482422,121.16999816894533,6932500
2012-10-18,82.6583251953125,120.11000061035156,121.52999877929688,119.87000274658205,121.12000274658205,8558600
2012-10-19,83.78004455566406,121.73999786376952,121.80999755859376,120.27999877929688,120.33999633789062,7616700
2012-10-22,83.24322509765625,120.95999908447266,121.83999633789062,120.94000244140624,121.43000030517578,6910600
2012-10-23,84.43377685546875,122.69000244140624,122.7300033569336,122.0199966430664,122.0999984741211,5760600
2012-10-24,83.6010513305664,121.4800033569336,122.29000091552734,121.4800033569336,121.86000061035156,6824500
2012-10-25,83.17438507080078,120.86000061035156,121.54000091552734,120.33000183105467,120.55999755859376,5292500
2012-10-26,84.39936828613281,122.63999938964844,122.6500015258789,121.2699966430664,121.44000244140624,5889400
2012-10-31,84.89491271972656,123.36000061035156,123.6999969482422,122.62999725341795,122.68000030517578,5025600
2012-11-01,84.19982147216797,122.3499984741211,122.87999725341795,122.08000183105467,122.7699966430664,3659700
2012-11-02,84.13790893554688,122.26000213623048,122.30999755859376,121.23999786376952,121.27999877929688,3527800
2012-11-05,84.61272430419922,122.9499969482422,123.25,122.79000091552734,122.81999969482422,2935700
2012-11-06,83.81449127197266,121.79000091552734,122.86000061035156,121.77999877929688,122.5500030517578,4484600
2012-11-07,85.3353271484375,124.0,124.52999877929688,123.76000213623048,123.9499969482422,10071000
2012-11-08,86.6015853881836,125.83999633789062,125.86000061035156,123.43000030517578,123.79000091552734,8579500
2012-11-09,86.69795989990234,125.9800033569336,125.9800033569336,125.18000030517578,125.62999725341795,5036900
2012-11-12,86.84246063232422,126.19000244140624,126.37999725341795,125.79000091552734,125.83999633789062,2072200
2012-11-13,87.13151550292969,126.61000061035156,126.81999969482422,125.98999786376952,126.8000030517578,2863800
2012-11-14,87.2141342163086,126.7300033569336,126.79000091552734,125.5999984741211,125.72000122070312,4694600
2012-11-15,87.04206085205078,126.4800033569336,127.0199966430664,126.0,126.0999984741211,5549600
2012-11-16,86.96635437011719,126.37000274658205,127.19000244140624,126.27999877929688,126.36000061035156,4591100
2012-11-19,86.47772979736328,125.66000366210938,125.80999755859376,125.3000030517578,125.45999908447266,3621600
2012-11-20,85.61060333251953,124.4000015258789,125.66999816894533,124.37999725341795,125.4800033569336,4659300
2012-11-21,85.56241607666016,124.33000183105467,124.41999816894533,124.0199966430664,124.19000244140624,2422800
2012-11-23,85.47985076904297,124.20999908447266,124.4499969482422,124.11000061035156,124.3000030517578,987200
2012-11-26,85.88591003417969,124.8000030517578,125.5199966430664,124.75,125.16000366210938,2799000
2012-11-27,86.22306823730469,125.29000091552734,125.38999938964844,124.6999969482422,124.94000244140624,2544400
2012-11-28,86.09922790527344,125.11000061035156,126.1999969482422,125.08999633789062,125.97000122070312,3569700
2012-11-29,86.11299896240234,125.12999725341795,125.44000244140624,124.66000366210938,124.86000061035156,2761000
2012-11-30,85.87897491455078,124.79000091552734,125.54000091552734,124.70999908447266,125.4800033569336,3702300
2012-12-03,85.95832824707031,124.66000366210938,124.79000091552734,123.62000274658205,123.72000122070312,5427800
2012-12-04,86.45475769042969,125.37999725341795,125.41000366210938,124.83999633789062,125.0199966430664,2586300
2012-12-05,86.41338348388672,125.31999969482422,125.80999755859376,125.16999816894533,125.4000015258789,1978200
2012-12-06,86.59955596923828,125.58999633789062,126.08000183105467,125.51000213623048,125.86000061035156,2301200
2012-12-07,85.79974365234375,124.43000030517578,124.95999908447266,124.33999633789062,124.5,4020900
2012-12-10,86.17899322509766,124.9800033569336,125.08000183105467,124.54000091552734,124.95999908447266,2134300
2012-12-11,85.52384185791016,124.02999877929688,124.30999755859376,123.83000183105467,124.26000213623048,3777900
2012-12-12,84.53095245361328,122.58999633789062,124.33999633789062,122.56999969482422,123.83000183105467,7119700
2012-12-13,84.59297180175781,122.68000030517578,123.18000030517578,122.12999725341795,122.29000091552734,6381500
2012-12-14,85.22738647460938,123.5999984741211,123.70999908447266,123.08000183105467,123.19000244140624,3832800
2012-12-17,83.95172882080078,121.75,123.5199966430664,121.70999908447266,123.5,6870000
2012-12-18,83.09672546386719,120.51000213623048,121.77999877929688,119.9000015258789,121.4000015258789,12024200
2012-12-19,83.37250518798828,120.91000366210938,121.6500015258789,120.72000122070312,120.97000122070312,4880500
2012-12-20,83.3863296508789,120.93000030517578,121.63999938964844,120.62000274658205,121.29000091552734,4567900
2012-12-21,84.2965087890625,122.25,122.43000030517578,121.9499969482422,122.30999755859376,6087700
2012-12-24,84.14482116699219,122.02999877929688,122.08000183105467,121.87000274658205,122.0,1071100
2012-12-26,84.44746398925781,122.1999969482422,122.20999908447266,121.80999755859376,121.9499969482422,2247800
2012-12-27,84.73081970214844,122.61000061035156,123.29000091552734,121.83000183105467,121.87999725341795,4262700
2012-12-28,85.21458435058594,123.30999755859376,123.33999633789062,122.77999877929688,123.13999938964844,3928200
2012-12-31,83.74263763427734,121.18000030517578,122.97000122070312,120.91000366210938,122.87000274658205,6423000
2013-01-02,82.62309265136719,119.55999755859376,119.9000015258789,119.41000366210938,119.76000213623048,7472700
2013-01-03,81.50358581542969,117.94000244140624,119.48999786376952,117.9000015258789,119.37999725341795,10004300
2013-01-04,81.82144927978516,118.4000015258789,118.44000244140624,117.36000061035156,117.66000366210938,9574600
2013-01-07,81.85601806640625,118.4499969482422,118.7300033569336,118.0,118.37000274658205,4193100
2013-01-08,82.39506530761719,119.2300033569336,119.29000091552734,118.81999969482422,119.04000091552734,4380900
2013-01-09,82.31905364990234,119.12000274658205,119.54000091552734,118.87000274658205,119.25,3870300
2013-01-10,82.09097290039062,118.79000091552734,119.3000030517578,118.36000061035156,118.62999725341795,5602800
2013-01-11,82.82347869873047,119.8499984741211,119.86000061035156,118.3499984741211,118.5199966430664,4770700
2013-01-14,82.595458984375,119.5199966430664,120.27999877929688,119.37000274658205,120.04000091552734,3064600
2013-01-15,82.97554779052734,120.06999969482422,120.6999969482422,119.97000122070312,120.61000061035156,5357800
2013-01-16,83.1482925415039,120.31999969482422,120.68000030517578,120.01000213623048,120.62999725341795,4286100
2013-01-17,82.31905364990234,119.12000274658205,119.5500030517578,118.75,119.33000183105467,7019200
2013-01-18,82.95482635498047,120.04000091552734,120.20999908447266,119.45999908447266,119.56999969482422,4660000
2013-01-22,83.11378479003906,120.2699966430664,120.3000030517578,119.37999725341795,119.5500030517578,3874100
2013-01-23,82.98936462402344,120.08999633789062,120.58000183105467,119.9499969482422,120.33999633789062,2848800
2013-01-24,82.69910430908203,119.66999816894533,119.97000122070312,119.26000213623048,119.87000274658205,4178900
2013-01-25,81.56576538085938,118.02999877929688,118.5999984741211,117.7699966430664,118.41999816894533,8750700
2013-01-28,81.26861572265625,117.5999984741211,117.72000122070312,117.0,117.0199966430664,6059900
2013-01-29,80.8194351196289,116.9499969482422,118.08000183105467,116.87000274658205,117.62000274658205,5553900
2013-01-30,80.68124389648438,116.75,116.95999908447266,116.16000366210938,116.66999816894533,9586800
2013-01-31,81.07512664794922,117.31999969482422,117.33999633789062,116.5500030517578,117.02999877929688,6789200
2013-02-01,80.02239990234375,115.54000091552734,117.8499984741211,115.51000213623048,117.7300033569336,10928600
2013-02-04,81.04739379882812,117.0199966430664,117.27999877929688,116.41999816894533,116.58999633789062,9291900
2013-02-05,80.32716369628906,115.9800033569336,116.43000030517578,115.86000061035156,116.2699966430664,6676500
2013-02-06,80.9850845336914,116.93000030517578,116.97000122070312,116.0500030517578,116.5199966430664,5892000
2013-02-07,80.80501556396484,116.66999816894533,117.58999633789062,116.62000274658205,116.7699966430664,5951700
2013-02-08,81.1166763305664,117.12000274658205,117.16000366210938,116.2300033569336,116.8000030517578,5603400
2013-02-11,81.0543212890625,117.02999877929688,117.37999725341795,116.91999816894533,117.0500030517578,3679900
2013-02-12,80.85345458984375,116.73999786376952,117.0199966430664,116.45999908447266,116.69000244140624,4513700
2013-02-13,80.19550323486328,115.79000091552734,116.2699966430664,115.5500030517578,115.8000030517578,6586400
2013-02-14,80.92278289794922,116.83999633789062,117.04000091552734,115.98999786376952,116.29000091552734,7096000
2013-02-15,80.687255859375,116.5,116.73999786376952,116.06999969482422,116.66000366210938,5861800
2013-02-19,80.28556060791016,115.91999816894533,116.9000015258789,115.83999633789062,116.86000061035156,7383600
2013-02-20,80.5279769897461,116.2699966430664,116.37000274658205,115.56999969482422,115.69000244140624,9603900
2013-02-21,80.99889373779297,116.9499969482422,117.30999755859376,116.73999786376952,116.9000015258789,8297400
2013-02-22,81.0543212890625,117.02999877929688,117.33999633789062,116.87999725341795,116.9800033569336,5316900
2013-02-25,82.6473159790039,119.33000183105467,119.3499984741211,116.29000091552734,116.3499984741211,15948700
2013-02-26,82.16942596435547,118.63999938964844,119.66999816894533,118.58999633789062,118.7300033569336,9822100
2013-02-27,81.92701721191406,118.29000091552734,119.54000091552734,118.0,119.48999786376952,7459600
2013-02-28,82.079345703125,118.51000213623048,118.66000366210938,117.9800033569336,118.43000030517578,6023400
2013-03-01,82.5263671875,118.9000015258789,119.20999908447266,118.54000091552734,118.83999633789062,7786800
2013-03-04,82.08909606933594,118.2699966430664,118.97000122070312,118.26000213623048,118.79000091552734,4511400
2013-03-05,81.8531723022461,117.93000030517578,118.1999969482422,117.68000030517578,118.06999969482422,6539300
2013-03-06,81.11044311523438,116.86000061035156,117.5,116.8499984741211,117.11000061035156,6514900
2013-03-07,80.48579406738281,115.95999908447266,116.51000213623048,115.91000366210938,116.41000366210938,8526700
2013-03-08,79.64595794677734,114.75,115.36000061035156,114.62000274658205,114.87000274658205,15423600
2013-03-11,79.72230529785156,114.86000061035156,115.2300033569336,114.73999786376952,115.12000274658205,5815800
2013-03-12,80.29834747314453,115.69000244140624,115.79000091552734,115.2300033569336,115.25,9264200
2013-03-13,80.21510314941406,115.56999969482422,115.73999786376952,115.02999877929688,115.23999786376952,7371500
2013-03-14,79.97217559814453,115.22000122070312,115.63999938964844,114.9800033569336,115.08999633789062,9352100
2013-03-15,80.34696197509766,115.76000213623048,115.87999725341795,115.3000030517578,115.33000183105467,9673400
2013-03-18,80.957763671875,116.63999938964844,116.87999725341795,116.1500015258789,116.83000183105467,9152200
2013-03-19,81.5060806274414,117.43000030517578,117.88999938964844,116.6999969482422,116.77999877929688,11986200
2013-03-20,80.59681701660156,116.12000274658205,116.98999786376952,116.08000183105467,116.70999908447266,8543900
2013-03-21,81.37420654296875,117.23999786376952,117.25,116.52999877929688,116.86000061035156,6119400
2013-03-22,81.4366226196289,117.33000183105467,117.5,116.7699966430664,117.3000030517578,6323800
2013-03-25,81.36027526855469,117.22000122070312,117.77999877929688,116.66999816894533,116.7699966430664,5839800
2013-03-26,81.45745086669922,117.36000061035156,117.91000366210938,116.77999877929688,116.87000274658205,5093200
2013-03-27,82.15157318115234,118.36000061035156,118.7699966430664,118.18000030517578,118.3000030517578,7742900
2013-03-28,81.73514556884766,117.76000213623048,118.4499969482422,117.68000030517578,118.12000274658205,5826400
2013-04-01,82.35070037841797,118.38999938964844,118.41999816894533,117.48999786376952,117.5199966430664,6113800
2013-04-02,82.01681518554688,117.91000366210938,118.13999938964844,117.75,118.06999969482422,5438000
2013-04-03,82.7541732788086,118.97000122070312,119.29000091552734,118.25,118.30999755859376,9527400
2013-04-04,83.74188995361328,120.38999938964844,120.41000366210938,119.47000122070312,119.58999633789062,9365700
2013-04-05,85.43218994140625,122.81999969482422,123.43000030517578,122.62999725341795,122.87999725341795,18626200
2013-04-08,84.77832794189453,121.87999725341795,122.87000274658205,121.77999877929688,122.66999816894533,8020300
2013-04-09,84.56964874267578,121.58000183105467,122.23999786376952,121.37999725341795,122.02999877929688,7176100
2013-04-10,83.40798950195312,119.91000366210938,120.66000366210938,119.9000015258789,120.58999633789062,10765200
2013-04-11,83.56798553466797,120.13999938964844,120.48999786376952,119.88999938964844,120.16999816894533,7501800
2013-04-12,84.81306457519531,121.93000030517578,121.94000244140624,120.9000015258789,121.33000183105467,9253000
2013-04-15,85.55042266845703,122.98999786376952,123.02999877929688,121.87000274658205,122.12999725341795,12948400
2013-04-16,84.84788513183594,121.9800033569336,122.5199966430664,121.87999725341795,121.91999816894533,6553500
2013-04-17,85.41128540039062,122.79000091552734,123.52999877929688,122.3000030517578,122.3000030517578,9020900
2013-04-18,85.61994934082031,123.08999633789062,123.22000122070312,122.5999984741211,122.80999755859376,7009500
2013-04-19,85.43914794921875,122.83000183105467,122.9800033569336,122.62999725341795,122.94000244140624,5474300
2013-04-22,85.5017318725586,122.91999816894533,123.29000091552734,122.66999816894533,122.83999633789062,4519400
2013-04-23,85.20262908935547,122.48999786376952,123.79000091552734,122.37999725341795,123.26000213623048,8042900
2013-04-24,85.41829681396484,122.8000030517578,122.81999969482422,122.3000030517578,122.47000122070312,3673600
2013-04-25,85.04959869384766,122.2699966430664,122.37000274658205,122.0999984741211,122.25,4297800
2013-04-26,85.82864379882812,123.38999938964844,123.51000213623048,123.01000213623048,123.1999969482422,4898800
2013-04-29,85.5156478881836,122.94000244140624,123.7300033569336,122.76000213623048,123.58000183105467,4916000
2013-04-30,85.56430053710938,123.01000213623048,123.69000244140624,122.66999816894533,123.26000213623048,4477400
2013-05-01,86.44332885742188,124.01000213623048,124.26000213623048,123.43000030517578,123.45999908447266,10724600
2013-05-02,86.331787109375,123.8499984741211,123.97000122070312,123.51000213623048,123.58999633789062,4171800
2013-05-03,84.29635620117188,120.93000030517578,122.19000244140624,120.83000183105467,122.16000366210938,11283600
2013-05-06,84.08727264404297,120.62999725341795,121.25,120.31999969482422,121.1500015258789,5121900
2013-05-07,83.75962829589844,120.16000366210938,120.5,120.0500030517578,120.19000244140624,5049200
2013-05-08,83.89203643798828,120.3499984741211,120.83000183105467,120.16999816894533,120.2699966430664,5732900
2013-05-09,83.67598724365234,120.04000091552734,121.31999969482422,119.9800033569336,120.51000213623048,7527000
2013-05-10,82.77674102783203,118.75,119.79000091552734,117.8499984741211,119.76000213623048,11689000
2013-05-13,82.14244842529297,117.83999633789062,118.19000244140624,117.62999725341795,117.87999725341795,8050800
2013-05-14,81.25017547607422,116.55999755859376,118.44000244140624,116.54000091552734,118.3499984741211,9236100
2013-05-15,81.79390716552734,117.33999633789062,117.72000122070312,116.41999816894533,117.52999877929688,14608600
2013-05-16,82.64431762695312,118.55999755859376,118.94000244140624,117.93000030517578,117.97000122070312,8458400
2013-05-17,81.59870910644531,117.05999755859376,118.1500015258789,116.9800033569336,117.9499969482422,7435500
2013-05-20,81.50115203857422,116.91999816894533,117.66999816894533,116.79000091552734,117.62999725341795,5839800
2013-05-21,82.14244842529297,117.83999633789062,117.87000274658205,116.41999816894533,116.93000030517578,7781800
2013-05-22,80.92253875732422,116.08999633789062,118.5500030517578,115.8000030517578,118.0199966430664,18361500
2013-05-23,81.30595397949219,116.63999938964844,117.23999786376952,115.7699966430664,117.1500015258789,9207100
2013-05-24,81.41751861572266,116.8000030517578,117.41999816894533,116.70999908447266,116.9800033569336,5357600
2013-05-28,79.3541488647461,113.83999633789062,116.2699966430664,113.81999969482422,116.08999633789062,13567500
2013-05-29,80.24641418457031,115.12000274658205,115.18000030517578,114.45999908447266,114.62000274658205,11298600
2013-05-30,80.05120086669922,114.83999633789062,115.37000274658205,114.52999877929688,115.25,10011800
2013-05-31,79.77935791015625,114.4499969482422,115.0199966430664,113.16999816894533,114.97000122070312,18158800
2013-06-03,80.20211029052734,114.77999877929688,115.48999786376952,113.6999969482422,113.77999877929688,15564500
2013-06-04,79.46145629882812,113.72000122070312,114.48999786376952,113.66000366210938,113.95999908447266,7504300
2013-06-05,80.55848693847656,115.29000091552734,115.31999969482422,114.12999725341795,114.29000091552734,8056100
2013-06-06,80.50955963134766,115.22000122070312,116.79000091552734,114.41000366210938,114.87999725341795,8925200
2013-06-07,79.07015991210938,113.16000366210938,114.83000183105467,113.16000366210938,114.22000122070312,10459300
2013-06-10,78.69280242919922,112.62000274658205,113.12000274658205,112.37999725341795,112.6999969482422,7892600
2013-06-11,79.6291732788086,113.95999908447266,113.95999908447266,112.12000274658205,112.2699966430664,12841200
2013-06-12,78.49016571044922,112.33000183105467,113.83000183105467,112.2699966430664,113.0,10193200
2013-06-13,79.71998596191406,114.08999633789062,114.16999816894533,112.88999938964844,113.06999969482422,12506300
2013-06-14,79.53129577636719,113.81999969482422,114.66000366210938,113.81999969482422,114.0999984741211,6679100
2013-06-17,79.1120834350586,113.22000122070312,114.08000183105467,113.0,114.0199966430664,5982100
2013-06-18,79.15401458740234,113.27999877929688,113.68000030517578,112.72000122070312,112.8499984741211,5192700
2013-06-19,78.33645629882812,112.11000061035156,113.79000091552734,111.62000274658205,113.73999786376952,17138200
2013-06-20,77.05076599121094,110.2699966430664,111.20999908447266,109.27999877929688,110.75,27898500
2013-06-21,75.74409484863281,108.4000015258789,110.41000366210938,108.37000274658205,110.1500015258789,19781000
2013-06-24,76.05855560302734,108.8499984741211,109.38999938964844,107.76000213623048,107.83000183105467,24588900
2013-06-25,75.38077545166016,107.87999725341795,109.0199966430664,107.86000061035156,108.9000015258789,11078000
2013-06-26,75.8698959350586,108.58000183105467,109.0500030517578,108.04000091552734,109.0,13582200
2013-06-27,76.64550018310547,109.69000244140624,109.97000122070312,108.9499969482422,109.54000091552734,12026000
2013-06-28,77.16956329345703,110.44000244140624,110.4800033569336,108.72000122070312,109.01000213623048,12017000
2013-07-01,77.32502746582031,110.41000366210938,110.5,109.43000030517578,109.7300033569336,5500400
2013-07-02,77.27603912353516,110.33999633789062,110.8000030517578,110.23999786376952,110.5,5333900
2013-07-03,77.044921875,110.01000213623048,110.6500015258789,110.01000213623048,110.30999755859376,3839000
2013-07-05,74.41860961914062,106.26000213623048,107.5,106.16999816894533,107.27999877929688,14511900
2013-07-08,75.1399917602539,107.29000091552734,107.55999755859376,106.9499969482422,107.06999969482422,8044200
2013-07-09,75.21699523925781,107.4000015258789,107.62000274658205,107.06999969482422,107.48999786376952,4700400
2013-07-10,74.62867736816406,106.55999755859376,107.38999938964844,106.3000030517578,107.38999938964844,10792200
2013-07-11,75.50411987304688,107.80999755859376,107.87000274658205,106.94000244140624,107.4499969482422,10035500
2013-07-12,75.4410629272461,107.72000122070312,108.47000122070312,107.33999633789062,108.33999633789062,4730800
2013-07-15,75.8403091430664,108.29000091552734,108.31999969482422,107.6999969482422,107.8000030517578,4574800
2013-07-16,76.09941864013672,108.66000366210938,108.76000213623048,108.2699966430664,108.43000030517578,3650200
2013-07-17,76.2395248413086,108.86000061035156,109.36000061035156,108.66000366210938,109.19000244140624,5932000
2013-07-18,75.28700256347656,107.5,108.66999816894533,107.4800033569336,108.61000061035156,9066400
2013-07-19,76.47760772705078,109.1999969482422,109.20999908447266,108.25,108.30999755859376,8523800
2013-07-22,76.58963012695312,109.36000061035156,109.69000244140624,109.12999725341795,109.36000061035156,3972600
2013-07-23,76.26752471923828,108.9000015258789,109.0,108.31999969482422,108.66999816894533,5015500
2013-07-24,75.301025390625,107.5199966430664,107.88999938964844,106.79000091552734,107.6500015258789,8853100
2013-07-25,75.2730484008789,107.4800033569336,107.5999984741211,106.80999755859376,106.97000122070312,6443400
2013-07-26,75.73527526855469,108.13999938964844,108.27999877929688,107.63999938964844,108.04000091552734,6795500
2013-07-29,75.18196105957031,107.3499984741211,107.81999969482422,107.06999969482422,107.6500015258789,6397800
2013-07-30,75.1539535522461,107.30999755859376,107.76000213623048,107.0500030517578,107.70999908447266,3635400
2013-07-31,75.4271011352539,107.6999969482422,107.91999816894533,105.8499984741211,106.05999755859376,10483100
2013-08-01,73.9737548828125,105.36000061035156,106.48999786376952,105.0,106.48999786376952,13568600
2013-08-02,74.78817749023438,106.5199966430664,106.61000061035156,105.9800033569336,106.01000213623048,9568400
2013-08-05,74.21240997314453,105.6999969482422,106.25,105.54000091552734,106.19000244140624,6611800
2013-08-06,74.43013000488281,106.01000213623048,106.01000213623048,105.33999633789062,105.52999877929688,4589000
2013-08-07,74.9847412109375,106.8000030517578,106.94000244140624,106.16999816894533,106.16999816894533,7183400
2013-08-08,75.18841552734375,107.08999633789062,107.5999984741211,106.79000091552734,106.9800033569336,5510900
2013-08-09,75.3077621459961,107.26000213623048,107.2699966430664,106.4800033569336,106.5999984741211,3623400
2013-08-12,74.79520416259766,106.52999877929688,107.62999725341795,106.47000122070312,107.61000061035156,7562800
2013-08-13,73.7139663696289,104.98999786376952,105.36000061035156,104.8000030517578,105.33000183105467,11485600
2013-08-14,73.82633209228516,105.1500015258789,105.36000061035156,104.87000274658205,104.94000244140624,6431600
2013-08-15,72.82928466796875,103.7300033569336,104.62999725341795,103.69000244140624,104.0999984741211,11846300
2013-08-16,72.57655334472656,103.37000274658205,103.97000122070312,102.66999816894533,103.95999908447266,10175900
2013-08-19,71.94468688964844,102.47000122070312,103.01000213623048,102.20999908447266,102.93000030517578,9022000
2013-08-20,72.49933624267578,103.26000213623048,103.36000061035156,102.8499984741211,102.88999938964844,10050100
2013-08-21,71.70590209960938,102.12999725341795,103.1999969482422,102.11000061035156,102.7699966430664,13248800
2013-08-22,72.43614196777344,103.16999816894533,103.2300033569336,102.23999786376952,102.45999908447266,8751200
2013-08-23,73.22248840332031,104.29000091552734,104.38999938964844,102.73999786376952,103.01000213623048,17441200
2013-08-26,73.58763122558594,104.80999755859376,104.88999938964844,104.33000183105467,104.55999755859376,5879100
2013-08-27,74.5143814086914,106.12999725341795,106.25,105.04000091552734,105.29000091552734,11573300
2013-08-28,73.91050720214844,105.2699966430664,105.56999969482422,104.94000244140624,105.41000366210938,7497900
2013-08-29,74.50028991699219,106.11000061035156,106.30999755859376,104.79000091552734,104.87999725341795,6672400
2013-08-30,74.41607666015625,105.98999786376952,106.68000030517578,105.73999786376952,106.0199966430664,8987600
2013-09-03,73.36646270751953,104.22000122070312,104.66999816894533,103.51000213623048,104.58999633789062,12084300
2013-09-04,73.20455932617188,103.98999786376952,104.6500015258789,103.9499969482422,104.4499969482422,4579600
2013-09-05,72.18379211425781,102.54000091552734,103.5999984741211,102.52999877929688,103.47000122070312,12290600
2013-09-06,72.5428466796875,103.0500030517578,103.81999969482422,102.80999755859376,103.25,9478400
2013-09-09,72.57803344726562,103.0999984741211,103.80999755859376,103.08000183105467,103.8000030517578,6874900
2013-09-10,72.0711669921875,102.37999725341795,103.33999633789062,102.36000061035156,102.7300033569336,8069000
2013-09-11,72.71175384521484,103.29000091552734,103.30999755859376,102.19000244140624,102.91999816894533,8962400
2013-09-12,72.61322021484375,103.1500015258789,104.0,103.05999755859376,103.8499984741211,6254400
2013-09-13,72.89481353759766,103.5500030517578,103.83000183105467,103.2300033569336,103.51000213623048,6106200
2013-09-16,72.40904235839844,102.86000061035156,104.41000366210938,102.8499984741211,104.33000183105467,8231600
2013-09-17,73.00746154785156,103.70999908447266,103.73999786376952,102.97000122070312,103.37000274658205,8795300
2013-09-18,73.90851593017578,104.98999786376952,105.5500030517578,102.9800033569336,103.62999725341795,19749200
2013-09-19,73.47205352783203,104.37000274658205,105.08999633789062,104.16000366210938,105.0500030517578,11627800
2013-09-20,73.85928344726562,104.91999816894533,105.18000030517578,104.4499969482422,104.69000244140624,8421000
2013-09-23,74.40132904052734,105.69000244140624,105.7300033569336,105.11000061035156,105.20999908447266,10242100
2013-09-24,75.20379638671875,106.83000183105467,106.83999633789062,105.83999633789062,105.98999786376952,11446600
2013-09-25,75.3586654663086,107.0500030517578,107.27999877929688,106.38999938964844,106.54000091552734,8130900
2013-09-26,74.83070373535156,106.3000030517578,106.62000274658205,106.19000244140624,106.4800033569336,5117100
2013-09-27,75.01372528076172,106.55999755859376,106.81999969482422,106.25,106.29000091552734,6460000
2013-09-30,74.90109252929688,106.4000015258789,106.9000015258789,106.18000030517578,106.66000366210938,8438800
2013-10-01,74.67383575439453,105.8000030517578,106.02999877929688,105.52999877929688,105.9000015258789,7592500
2013-10-02,74.78675842285156,105.95999908447266,106.4800033569336,105.76000213623048,105.93000030517578,5967200
2013-10-03,74.66676330566406,105.79000091552734,106.41000366210938,105.6999969482422,105.75,6648900
2013-10-04,74.61029815673828,105.70999908447266,105.77999877929688,105.3499984741211,105.66999816894533,5545300
2013-10-07,74.91374969482422,106.13999938964844,106.36000061035156,105.9800033569336,106.1999969482422,5761100
2013-10-08,74.9349594116211,106.16999816894533,106.51000213623048,105.83000183105467,105.9800033569336,5904000
2013-10-09,74.33504486083984,105.31999969482422,105.94000244140624,105.3000030517578,105.87000274658205,8439000
2013-10-10,74.45504760742188,105.48999786376952,105.52999877929688,104.51000213623048,104.8000030517578,9944100
2013-10-11,74.43388366699219,105.45999908447266,106.2300033569336,105.41000366210938,106.16000366210938,6500800
2013-10-14,73.83390808105469,104.61000061035156,105.63999938964844,104.33000183105467,105.38999938964844,4205600
2013-10-15,73.78450775146484,104.54000091552734,105.3000030517578,104.52999877929688,105.1500015258789,8291000
2013-10-16,74.70903778076172,105.8499984741211,105.86000061035156,104.2699966430664,104.47000122070312,14460200
2013-10-17,75.3866958618164,106.80999755859376,107.12000274658205,106.29000091552734,106.5199966430664,11303400
2013-10-18,75.54899597167969,107.04000091552734,107.4800033569336,106.9800033569336,107.11000061035156,9487800
2013-10-21,75.30901336669922,106.6999969482422,106.91999816894533,106.45999908447266,106.91000366210938,6161600
2013-10-22,76.14897155761719,107.88999938964844,108.12000274658205,107.55999755859376,107.5999984741211,9708500
2013-10-23,76.4454116821289,108.30999755859376,108.7300033569336,108.04000091552734,108.06999969482422,9163100
2013-10-24,76.14897155761719,107.88999938964844,108.66999816894533,107.87000274658205,108.61000061035156,7631400
2013-10-25,76.43126678466797,108.29000091552734,108.4499969482422,108.08000183105467,108.12999725341795,4429500
2013-10-28,76.17012786865234,107.91999816894533,108.37999725341795,107.91000366210938,108.01000213623048,6466400
2013-10-29,76.26895141601562,108.05999755859376,108.06999969482422,107.51000213623048,107.62000274658205,5270500
2013-10-30,75.81017303466797,107.41000366210938,108.20999908447266,107.20999908447266,107.93000030517578,10199300
2013-10-31,75.97248840332031,107.63999938964844,108.01000213623048,107.13999938964844,107.91000366210938,11452100
2013-11-01,75.15011596679688,106.19000244140624,107.0,106.13999938964844,106.97000122070312,11349500
2013-11-04,75.2209243774414,106.29000091552734,106.66999816894533,106.22000122070312,106.47000122070312,4733200
2013-11-05,74.32217407226562,105.0199966430664,105.83000183105467,104.98999786376952,105.79000091552734,8753400
2013-11-06,74.35749816894531,105.06999969482422,105.13999938964844,104.69000244140624,104.94000244140624,5643000
2013-11-07,74.98736572265625,105.95999908447266,106.0500030517578,104.97000122070312,105.0500030517578,7893700
2013-11-08,73.1827621459961,103.41000366210938,104.11000061035156,103.38999938964844,103.97000122070312,16889900
2013-11-11,72.90675354003906,103.0199966430664,103.58000183105467,102.95999908447266,103.52999877929688,4927200
2013-11-12,73.24647521972656,103.5,103.58999633789062,103.18000030517578,103.20999908447266,4839500
2013-11-13,73.515380859375,103.87999725341795,104.04000091552734,103.73999786376952,103.87000274658205,5782900
2013-11-14,73.96829223632812,104.5199966430664,105.12000274658205,104.1500015258789,104.30999755859376,8895500
2013-11-15,74.11692810058594,104.7300033569336,104.73999786376952,104.30999755859376,104.66000366210938,6344800
2013-11-18,74.56278991699219,105.36000061035156,105.41000366210938,104.6500015258789,104.6500015258789,5451300
2013-11-19,73.99659729003906,104.55999755859376,105.13999938964844,104.41000366210938,104.9499969482422,7251100
2013-11-20,72.73692321777344,102.77999877929688,104.83999633789062,102.6500015258789,104.41999816894533,14190900
2013-11-21,72.85716247558594,102.9499969482422,103.19000244140624,102.16000366210938,102.51000213623048,8903000
2013-11-22,73.53660583496094,103.91000366210938,104.12999725341795,103.4800033569336,103.48999786376952,7950700
2013-11-25,73.74895477294922,104.20999908447266,104.41999816894533,103.83999633789062,103.83999633789062,3755500
2013-11-26,74.02494049072266,104.5999984741211,104.93000030517578,104.4800033569336,104.48999786376952,6659200
2013-11-27,73.89751434326172,104.41999816894533,104.6999969482422,103.95999908447266,104.68000030517578,6063000
2013-11-29,73.9187240600586,104.4499969482422,104.5999984741211,103.9499969482422,104.08000183105467,5084400
2013-12-02,73.34384155273438,103.33000183105467,103.91000366210938,103.22000122070312,103.8000030517578,7527800
2013-12-03,73.61355590820312,103.70999908447266,103.95999908447266,103.45999908447266,103.6999969482422,5076900
2013-12-04,72.91085052490234,102.72000122070312,103.0500030517578,102.37999725341795,102.75,8502700
2013-12-05,72.70500946044922,102.43000030517578,102.8499984741211,102.22000122070312,102.4800033569336,7445700
2013-12-06,73.05282592773438,102.91999816894533,102.98999786376952,102.36000061035156,102.55999755859376,7352000
2013-12-09,73.22315979003906,103.16000366210938,103.2300033569336,102.83000183105467,102.9000015258789,5678800
2013-12-10,73.74842071533203,103.9000015258789,103.9499969482422,103.4499969482422,103.83999633789062,7040400
2013-12-11,73.18057250976562,103.0999984741211,103.7699966430664,103.0199966430664,103.5500030517578,8190900
2013-12-12,72.90377044677734,102.70999908447266,103.16000366210938,102.62999725341795,103.02999877929688,6208600
2013-12-13,73.2586669921875,103.20999908447266,103.3000030517578,102.79000091552734,103.13999938964844,6471300
2013-12-16,72.98899841308594,102.83000183105467,103.69000244140624,102.7300033569336,103.58000183105467,6376400
2013-12-17,73.31543731689453,103.29000091552734,103.4000015258789,102.58999633789062,102.61000061035156,6014400
2013-12-18,72.94635772705078,102.7699966430664,103.72000122070312,102.45999908447266,102.83000183105467,12973200
2013-12-19,72.8753433227539,102.66999816894533,103.01000213623048,102.4499969482422,102.86000061035156,6708400
2013-12-20,73.99685668945312,104.25,104.29000091552734,103.3000030517578,103.72000122070312,12425700
2013-12-23,73.57803344726562,103.66000366210938,104.41000366210938,103.66000366210938,104.0500030517578,6378600
2013-12-24,72.98899841308594,102.83000183105467,103.3499984741211,102.8000030517578,103.2300033569336,4897000
2013-12-26,72.70763397216797,102.0999984741211,102.36000061035156,102.01000213623048,102.3499984741211,4645300
2013-12-27,72.50112915039062,101.80999755859376,102.30999755859376,101.69000244140624,102.06999969482422,4755000
2013-12-30,72.99966430664062,102.51000213623048,102.58000183105467,102.08000183105467,102.1500015258789,4491700
2013-12-31,72.53672790527344,101.86000061035156,102.5500030517578,101.16999816894533,102.29000091552734,7218600
2014-01-02,72.75746154785156,102.16999816894533,102.38999938964844,101.69000244140624,101.72000122070312,8580800
2014-01-03,72.75746154785156,102.16999816894533,102.4499969482422,101.76000213623048,101.80999755859376,4083800
2014-01-06,73.06369018554688,102.5999984741211,103.0,102.37000274658205,102.37999725341795,7796200
2014-01-07,73.2488784790039,102.86000061035156,102.98999786376952,102.55999755859376,102.81999969482422,4428100
2014-01-08,73.04948425292969,102.58000183105467,102.69000244140624,102.0999984741211,102.4499969482422,8513000
2014-01-09,73.47676086425781,103.18000030517578,103.20999908447266,102.51000213623048,102.97000122070312,6991100
2014-01-10,74.35267639160156,104.41000366210938,104.54000091552734,103.69000244140624,103.7699966430664,13197400
2014-01-13,74.72294616699219,104.93000030517578,105.13999938964844,104.47000122070312,104.51000213623048,9667400
2014-01-14,74.38111114501953,104.4499969482422,104.83000183105467,104.38999938964844,104.6500015258789,10343100
2014-01-15,74.3028335571289,104.33999633789062,104.51000213623048,103.93000030517578,104.04000091552734,7507500
2014-01-16,74.80130767822266,105.04000091552734,105.06999969482422,104.72000122070312,104.8499984741211,7137700
2014-01-17,75.11460876464844,105.4800033569336,105.5199966430664,104.79000091552734,104.86000061035156,7588600
2014-01-21,75.17156219482422,105.55999755859376,105.73999786376952,105.4000015258789,105.4499969482422,6436000
2014-01-22,74.98641204833984,105.3000030517578,105.75,105.23999786376952,105.37000274658205,4646700
2014-01-23,76.0475082397461,106.79000091552734,107.08999633789062,105.87999725341795,105.87999725341795,12960600
2014-01-24,76.53886413574219,107.4800033569336,107.48999786376952,106.98999786376952,107.19000244140624,11122200
2014-01-27,76.00477600097656,106.7300033569336,107.5999984741211,106.6999969482422,107.22000122070312,9218200
2014-01-28,76.18994140625,106.98999786376952,106.98999786376952,106.5500030517578,106.91000366210938,5661500
2014-01-29,76.81656646728516,107.87000274658205,108.1500015258789,106.98999786376952,107.37000274658205,11709400
2014-01-30,76.59584045410156,107.55999755859376,107.66999816894533,107.11000061035156,107.47000122070312,5956900
2014-01-31,77.10856628417969,108.27999877929688,108.41000366210938,107.8499984741211,108.1999969482422,14690900
2014-02-03,78.0480728149414,109.31999969482422,109.33999633789062,107.61000061035156,107.79000091552734,20780300
2014-02-04,77.21992492675781,108.16000366210938,108.66999816894533,107.97000122070312,108.5199966430664,9573500
2014-02-05,76.5060043334961,107.16000366210938,107.77999877929688,107.01000213623048,107.69000244140624,10312200
2014-02-06,76.17758178710938,106.6999969482422,107.0199966430664,106.5199966430664,106.97000122070312,5708700
2014-02-07,76.24182891845703,106.79000091552734,107.22000122070312,106.44000244140624,106.45999908447266,7039200
2014-02-10,76.45602416992188,107.08999633789062,107.12000274658205,106.56999969482422,106.61000061035156,4370500
2014-02-11,76.01334381103516,106.47000122070312,106.69000244140624,106.16000366210938,106.61000061035156,5904900
2014-02-12,75.6207275390625,105.91999816894533,106.20999908447266,105.62000274658205,106.16999816894533,6723300
2014-02-13,76.04902648925781,106.5199966430664,106.7300033569336,106.3000030517578,106.58999633789062,6874600
2014-02-14,76.09190368652344,106.58000183105467,106.63999938964844,106.2699966430664,106.56999969482422,4989100
2014-02-18,76.26324462890625,106.81999969482422,107.1999969482422,106.62000274658205,106.66000366210938,4855800
2014-02-19,75.94200134277344,106.37000274658205,107.18000030517578,106.3000030517578,107.18000030517578,5522500
2014-02-20,75.75633239746094,106.11000061035156,106.62999725341795,105.69000244140624,106.31999969482422,5103200
2014-02-21,76.15614318847656,106.66999816894533,106.68000030517578,105.9499969482422,105.9499969482422,5250700
2014-02-24,75.96336364746094,106.4000015258789,106.73999786376952,106.16999816894533,106.6999969482422,3816700
2014-02-25,76.64163208007812,107.3499984741211,107.36000061035156,106.88999938964844,106.91000366210938,6225400
2014-02-26,77.04857635498047,107.91999816894533,107.91999816894533,107.23999786376952,107.30999755859376,7203900
2014-02-27,77.46983337402344,108.51000213623048,108.55999755859376,108.0999984741211,108.27999877929688,5394700
2014-02-28,77.51262664794922,108.56999969482422,108.73999786376952,107.77999877929688,108.27999877929688,8462600
2014-03-03,78.03004455566406,109.02999877929688,109.18000030517578,108.63999938964844,108.87999725341795,11089400
2014-03-04,76.85636138916016,107.38999938964844,108.3499984741211,107.36000061035156,108.3499984741211,8068100
2014-03-05,77.02098083496094,107.62000274658205,107.77999877929688,107.1999969482422,107.33999633789062,4798500
2014-03-06,76.26234436035156,106.55999755859376,106.97000122070312,106.5199966430664,106.76000213623048,7418200
2014-03-07,75.78286743164062,105.88999938964844,106.16999816894533,105.5999984741211,105.63999938964844,8270300
2014-03-10,75.8902587890625,106.04000091552734,106.11000061035156,105.77999877929688,105.94000244140624,3744300
2014-03-11,76.09058380126953,106.31999969482422,106.33999633789062,105.77999877929688,105.9800033569336,3815700
2014-03-12,76.62020874023438,107.05999755859376,107.26000213623048,106.77999877929688,106.91999816894533,6430500
2014-03-13,77.65077209472656,108.5,108.52999877929688,106.6500015258789,106.6999969482422,11815500
2014-03-14,77.66509246826172,108.5199966430664,108.9800033569336,108.31999969482422,108.97000122070312,9232800
2014-03-17,77.08541107177734,107.70999908447266,108.3000030517578,107.66999816894533,108.18000030517578,7381900
2014-03-18,77.36454010009766,108.0999984741211,108.1500015258789,107.5999984741211,107.68000030517578,4819500
2014-03-19,76.76332092285156,107.26000213623048,107.9800033569336,106.80999755859376,107.91999816894533,11557600
2014-03-20,76.62736511230469,107.06999969482422,107.62999725341795,106.98999786376952,107.08999633789062,5224400
2014-03-21,77.45755767822266,108.2300033569336,108.31999969482422,107.37000274658205,107.41000366210938,8986200
2014-03-24,78.00862884521484,109.0,109.08999633789062,107.9499969482422,108.0500030517578,7536400
2014-03-25,77.71517944335938,108.58999633789062,108.81999969482422,108.16999816894533,108.41000366210938,5032000
2014-03-26,78.3235092163086,109.44000244140624,109.4800033569336,108.4800033569336,108.5500030517578,7147200
2014-03-27,78.71713256835938,109.98999786376952,110.38999938964844,109.41999816894533,109.63999938964844,9772200
2014-03-28,78.27338409423828,109.37000274658205,109.88999938964844,109.0199966430664,109.86000061035156,6027000
2014-03-31,78.0801773071289,109.0999984741211,111.06999969482422,108.33999633789062,108.73999786376952,7488400
2014-04-01,77.41290283203125,107.88999938964844,108.36000061035156,107.83999633789062,108.26000213623048,9067300
2014-04-02,76.96803283691406,107.2699966430664,107.5500030517578,107.16999816894533,107.38999938964844,6887200
2014-04-03,77.3052749633789,107.73999786376952,107.94000244140624,107.44000244140624,107.5199966430664,4937400
2014-04-04,77.82184600830078,108.45999908447266,108.69000244140624,107.8499984741211,107.87000274658205,8977500
2014-04-07,78.28824615478516,109.11000061035156,109.29000091552734,108.5999984741211,108.62000274658205,7562500
2014-04-08,78.47477722167969,109.37000274658205,109.47000122070312,108.72000122070312,109.02999877929688,4213800
2014-04-09,78.0873794555664,108.83000183105467,109.3499984741211,108.63999938964844,108.87999725341795,5771500
2014-04-10,78.8120346069336,109.83999633789062,110.22000122070312,108.9000015258789,108.91999816894533,12706400
2014-04-11,79.45065307617188,110.7300033569336,110.79000091552734,110.12999725341795,110.54000091552734,10267000
2014-04-14,79.24259185791016,110.44000244140624,110.6999969482422,110.3000030517578,110.4800033569336,4142600
2014-04-15,79.73761749267578,111.12999725341795,111.51000213623048,110.3499984741211,110.61000061035156,7752000
2014-04-16,79.83804321289062,111.2699966430664,111.2699966430664,110.37999725341795,110.43000030517578,5523000
2014-04-17,78.96271514892578,110.0500030517578,111.4499969482422,109.6999969482422,111.37000274658205,8622500
2014-04-21,78.89814758300781,109.95999908447266,110.62000274658205,109.83999633789062,110.37000274658205,4316300
2014-04-22,79.16362762451172,110.33000183105467,110.48999786376952,109.61000061035156,109.66000366210938,5748700
2014-04-23,79.61563873291016,110.95999908447266,111.0500030517578,110.52999877929688,110.5999984741211,5748600
2014-04-24,79.76634216308594,111.16999816894533,111.20999908447266,110.4499969482422,110.4499969482422,6337800
2014-04-25,79.88111114501953,111.33000183105467,111.98999786376952,111.31999969482422,111.48999786376952,5976500
2014-04-28,79.49369812011719,110.79000091552734,111.27999877929688,110.5500030517578,111.11000061035156,7606000
2014-04-29,79.38603973388672,110.63999938964844,110.7300033569336,110.04000091552734,110.16999816894533,5235200
2014-04-30,79.71611785888672,111.0999984741211,111.26000213623048,110.37999725341795,110.72000122070312,7721400
2014-05-01,80.5712890625,112.0199966430664,112.08000183105467,110.83999633789062,110.87999725341795,11556500
2014-05-02,81.06759643554688,112.70999908447266,113.0999984741211,111.3000030517578,111.54000091552734,12702100
2014-05-05,80.57849884033203,112.02999877929688,112.80999755859376,111.88999938964844,112.76000213623048,8043000
2014-05-06,80.90217590332031,112.4800033569336,112.6999969482422,112.04000091552734,112.11000061035156,6522600
2014-05-07,80.61446380615234,112.08000183105467,112.56999969482422,111.94000244140624,112.30999755859376,8199200
2014-05-08,80.26924133300781,111.5999984741211,112.76000213623048,111.45999908447266,112.33999633789062,10878800
2014-05-09,80.01026916503906,111.23999786376952,111.80999755859376,110.9800033569336,111.52999877929688,6000600
2014-05-12,79.68661499023438,110.79000091552734,111.12999725341795,110.54000091552734,111.01000213623048,4563800
2014-05-13,80.37713623046875,111.75,111.75,111.33000183105467,111.44000244140624,5501000
2014-05-14,81.2474365234375,112.95999908447266,113.2300033569336,112.55999755859376,112.62999725341795,8851400
2014-05-15,81.8947525024414,113.86000061035156,114.41000366210938,113.5999984741211,113.77999877929688,12627900
2014-05-16,81.66458129882812,113.54000091552734,114.0,113.41999816894533,113.61000061035156,5019200
2014-05-19,81.06036376953125,112.6999969482422,113.95999908447266,112.62000274658205,113.93000030517578,7403300
2014-05-20,81.24018096923828,112.9499969482422,113.4800033569336,112.58999633789062,112.5999984741211,6549800
2014-05-21,80.74395751953125,112.26000213623048,112.4000015258789,111.87000274658205,112.22000122070312,8224600
2014-05-22,80.62885284423828,112.0999984741211,112.4000015258789,111.79000091552734,112.26000213623048,6495700
2014-05-23,81.06036376953125,112.6999969482422,112.91000366210938,112.4499969482422,112.5199966430664,3835000
2014-05-27,81.53514099121094,113.36000061035156,113.4000015258789,112.4000015258789,112.8499984741211,6658300
2014-05-28,82.54203033447266,114.76000213623048,114.83999633789062,114.08999633789062,114.0999984741211,10361000
2014-05-29,82.1033706665039,114.1500015258789,115.19000244140624,114.12999725341795,114.87000274658205,10692000
2014-05-30,82.06736755371094,114.0999984741211,114.4000015258789,113.80999755859376,113.95999908447266,6518900
2014-06-02,81.45732879638672,112.95999908447266,113.68000030517578,112.5500030517578,113.04000091552734,11728200
2014-06-03,80.4549331665039,111.56999969482422,112.54000091552734,111.51000213623048,112.41000366210938,12694100
2014-06-04,80.43330383300781,111.54000091552734,111.81999969482422,111.2699966430664,111.76000213623048,7882000
2014-06-05,80.46939086914062,111.58999633789062,111.97000122070312,111.0199966430664,111.12999725341795,6915600
2014-06-06,80.46939086914062,111.58999633789062,112.41000366210938,111.48999786376952,112.12999725341795,7832800
2014-06-09,80.35399627685547,111.43000030517578,111.63999938964844,111.1999969482422,111.4499969482422,5162800
2014-06-10,80.05833435058594,111.0199966430664,111.2699966430664,110.83000183105467,111.04000091552734,5986000
2014-06-11,80.20255279541016,111.22000122070312,111.54000091552734,110.8499984741211,111.26000213623048,5569700
2014-06-12,80.9164810180664,112.20999908447266,112.3499984741211,111.0,111.3000030517578,9775900
2014-06-13,80.87317657470703,112.1500015258789,112.62000274658205,111.52999877929688,111.56999969482422,5412500
2014-06-16,81.07513427734375,112.43000030517578,112.62999725341795,112.0999984741211,112.20999908447266,5184600
2014-06-17,80.43330383300781,111.54000091552734,112.08999633789062,111.4800033569336,112.06999969482422,6668800
2014-06-18,81.0534896850586,112.4000015258789,112.76000213623048,111.55999755859376,111.8000030517578,11256500
2014-06-19,80.01506042480469,110.95999908447266,112.55999755859376,110.73999786376952,112.51000213623048,14215500
2014-06-20,80.62084197998047,111.8000030517578,111.8000030517578,110.9000015258789,110.97000122070312,7319100
2014-06-23,80.368408203125,111.4499969482422,112.18000030517578,111.41000366210938,112.08000183105467,5821700
2014-06-24,81.18330383300781,112.58000183105467,112.6500015258789,111.81999969482422,112.1500015258789,9698300
2014-06-25,81.39241790771484,112.87000274658205,113.36000061035156,112.69000244140624,113.0999984741211,5699300
2014-06-26,81.78178405761719,113.41000366210938,113.8000030517578,113.20999908447266,113.20999908447266,6628900
2014-06-27,81.6592025756836,113.23999786376952,113.81999969482422,113.16999816894533,113.68000030517578,7216500
2014-06-30,81.86114501953125,113.5199966430664,113.8000030517578,113.08999633789062,113.55999755859376,5593100
2014-07-01,81.1757583618164,112.27999877929688,112.73999786376952,112.1999969482422,112.5,8019200
2014-07-02,80.30817413330078,111.08000183105467,111.66999816894533,110.97000122070312,111.62999725341795,9382500
2014-07-03,80.01897430419922,110.68000030517578,110.86000061035156,110.33999633789062,110.37999725341795,6173900
2014-07-07,80.60456848144531,111.48999786376952,111.80999755859376,111.2300033569336,111.2699966430664,5928900
2014-07-08,81.50833892822266,112.73999786376952,112.86000061035156,112.23999786376952,112.23999786376952,6352100
2014-07-09,81.57339477539062,112.83000183105467,113.13999938964844,112.37999725341795,112.66000366210938,6395200
2014-07-10,81.59508514404297,112.86000061035156,113.66000366210938,112.81999969482422,113.54000091552734,7196900
2014-07-11,82.1156005859375,113.58000183105467,113.68000030517578,113.27999877929688,113.3499984741211,4676500
2014-07-14,81.76136016845703,113.08999633789062,113.41000366210938,112.93000030517578,113.27999877929688,4743300
2014-07-15,81.59508514404297,112.86000061035156,113.47000122070312,112.5,112.83000183105467,7720000
2014-07-16,82.02883911132812,113.45999908447266,113.58000183105467,112.94000244140624,113.0,4615800
2014-07-17,83.06273651123047,114.88999938964844,115.0500030517578,113.94000244140624,114.2300033569336,10901000
2014-07-18,82.79524993896484,114.5199966430664,114.95999908447266,114.11000061035156,114.87999725341795,6677900
2014-07-21,83.20738983154297,115.08999633789062,115.62999725341795,115.01000213623048,115.01000213623048,5724100
2014-07-22,83.38082885742188,115.33000183105467,115.45999908447266,114.6500015258789,115.08999633789062,5753200
2014-07-23,83.27236938476562,115.18000030517578,115.62999725341795,115.16999816894533,115.51000213623048,3489600
2014-07-24,82.650634765625,114.31999969482422,114.58000183105467,114.25,114.5199966430664,6609000
2014-07-25,83.62664794921875,115.66999816894533,115.68000030517578,115.16000366210938,115.33999633789062,7041800
2014-07-28,83.51097106933594,115.51000213623048,115.9000015258789,115.12000274658205,115.58999633789062,5138300
2014-07-29,83.8145980834961,115.93000030517578,116.06999969482422,115.41999816894533,115.87000274658205,6579300
2014-07-30,82.650634765625,114.31999969482422,115.37999725341795,114.16999816894533,115.1500015258789,12251200
2014-07-31,82.40480041503906,113.9800033569336,114.58000183105467,113.47000122070312,113.52999877929688,18254000
2014-08-01,83.042724609375,114.55999755859376,114.87000274658205,113.0500030517578,113.58000183105467,14951200
2014-08-04,82.82524108886719,114.26000213623048,114.80999755859376,114.26000213623048,114.52999877929688,5183800
2014-08-05,83.09345245361328,114.62999725341795,114.8000030517578,113.68000030517578,114.06999969482422,8032000
2014-08-06,83.14417266845703,114.6999969482422,115.47000122070312,114.5999984741211,115.47000122070312,7289200
2014-08-07,83.91980743408203,115.7699966430664,115.7699966430664,114.56999969482422,114.83999633789062,9745500
2014-08-08,83.73861694335938,115.5199966430664,116.41999816894533,115.37999725341795,115.93000030517578,9536700
2014-08-11,83.73137664794922,115.51000213623048,115.81999969482422,115.29000091552734,115.6500015258789,6668800
2014-08-12,83.18767547607422,114.76000213623048,115.44000244140624,114.7300033569336,115.41000366210938,8122400
2014-08-13,83.73137664794922,115.51000213623048,115.5199966430664,114.77999877929688,114.87000274658205,8210500
2014-08-14,84.40547180175781,116.44000244140624,116.5,115.38999938964844,115.93000030517578,9028200
2014-08-15,85.32610321044922,117.70999908447266,118.36000061035156,116.69000244140624,116.70999908447266,17606700
2014-08-18,84.4780044555664,116.54000091552734,117.3000030517578,116.38999938964844,117.20999908447266,7595300
2014-08-19,84.21704864501953,116.18000030517578,117.1500015258789,115.9800033569336,117.08000183105467,5936900
2014-08-20,84.07929992675781,115.98999786376952,116.11000061035156,115.56999969482422,116.04000091552734,7275600
2014-08-21,84.55047607421875,116.63999938964844,116.76000213623048,116.0199966430664,116.06999969482422,6790700
2014-08-22,85.02163696289062,117.29000091552734,117.43000030517578,116.20999908447266,116.73999786376952,10149900
2014-08-25,85.34059143066406,117.7300033569336,117.77999877929688,117.20999908447266,117.4499969482422,5760700
2014-08-26,85.06512451171875,117.3499984741211,117.98999786376952,117.20999908447266,117.94000244140624,5487600
2014-08-27,85.79004669189453,118.3499984741211,118.41000366210938,117.4000015258789,117.6999969482422,7265800
2014-08-28,86.23941802978516,118.97000122070312,119.37000274658205,118.66999816894533,119.12999725341795,9463600
2014-08-29,86.29741668701172,119.0500030517578,119.43000030517578,118.75,118.91999816894533,8512900
2014-09-02,84.80870056152344,116.7300033569336,117.37999725341795,116.6999969482422,117.27999877929688,10506000
2014-09-03,85.281005859375,117.37999725341795,117.37999725341795,116.30999755859376,116.4000015258789,6553900
2014-09-04,84.24205780029297,115.9499969482422,116.87999725341795,115.93000030517578,116.62000274658205,12528900
2014-09-05,84.08218383789062,115.7300033569336,116.5999984741211,115.44000244140624,116.44000244140624,6886000
2014-09-08,84.11857604980469,115.77999877929688,116.62999725341795,115.4499969482422,116.41000366210938,9326400
2014-09-09,84.05316162109375,115.69000244140624,115.88999938964844,115.4499969482422,115.48999786376952,5353100
2014-09-10,83.52276611328125,114.95999908447266,115.12000274658205,114.79000091552734,114.97000122070312,8729400
2014-09-11,83.24665832519531,114.58000183105467,115.54000091552734,114.56999969482422,115.26000213623048,9274800
2014-09-12,82.37483978271484,113.37999725341795,113.91999816894533,113.22000122070312,113.69000244140624,11114900
2014-09-15,82.49836730957031,113.5500030517578,114.06999969482422,113.36000061035156,113.8499984741211,5510700
2014-09-16,82.16413879394531,113.08999633789062,113.86000061035156,113.08000183105467,113.61000061035156,9304700
2014-09-17,81.95344543457031,112.8000030517578,113.83000183105467,112.7300033569336,113.52999877929688,12917000
2014-09-18,82.21501922607422,113.16000366210938,113.4800033569336,112.8499984741211,113.18000030517578,7031200
2014-09-19,83.26123046875,114.5999984741211,114.68000030517578,113.1999969482422,113.58000183105467,13236900
2014-09-22,83.36294555664062,114.73999786376952,115.04000091552734,114.44000244140624,114.66000366210938,6617200
2014-09-23,83.87882232666016,115.4499969482422,115.47000122070312,114.7699966430664,114.91000366210938,6362400
2014-09-24,83.4137954711914,114.80999755859376,115.5500030517578,114.63999938964844,115.29000091552734,5223300
2014-09-25,84.40190124511719,116.16999816894533,116.18000030517578,115.30999755859376,115.30999755859376,8947800
2014-09-26,84.2783432006836,116.0,116.29000091552734,115.62000274658205,116.0199966430664,7799600
2014-09-29,84.95401000976562,116.93000030517578,117.16999816894533,116.66000366210938,117.0,6791800
2014-09-30,84.47454071044922,116.2699966430664,117.04000091552734,116.12999725341795,116.66000366210938,7277500
2014-10-01,86.11260986328125,118.2300033569336,118.26000213623048,116.83000183105467,116.88999938964844,17194900
2014-10-02,85.36241149902344,117.1999969482422,118.1999969482422,117.13999938964844,117.83000183105467,8251800
2014-10-03,85.7265853881836,117.6999969482422,117.7699966430664,116.83000183105467,117.0,8561500
2014-10-06,85.77757263183594,117.7699966430664,118.19000244140624,117.36000061035156,117.62000274658205,4485500
2014-10-07,86.93563842773438,119.36000061035156,119.43000030517578,118.18000030517578,118.30999755859376,8837700
2014-10-08,86.95748901367188,119.38999938964844,119.5199966430664,118.51000213623048,119.4499969482422,9391300
2014-10-09,86.57875061035156,118.87000274658205,119.66999816894533,118.77999877929688,119.2699966430664,10291700
2014-10-10,87.43819427490234,120.0500030517578,120.08000183105467,119.30999755859376,119.5199966430664,8774400
2014-10-13,87.96989440917969,120.77999877929688,121.16999816894533,120.0500030517578,120.16000366210938,6450700
2014-10-14,88.54529571533203,121.56999969482422,121.77999877929688,120.68000030517578,121.30999755859376,11285400
2014-10-15,89.24454498291016,122.52999877929688,127.68000030517578,121.83999633789062,124.58000183105467,37407500
2014-10-16,88.67640686035156,121.75,124.12999725341795,121.44000244140624,124.12000274658205,18096600
2014-10-17,88.18110656738281,121.06999969482422,121.70999908447266,120.4800033569336,121.19000244140624,8524300
2014-10-20,88.50161743164062,121.51000213623048,121.8499984741211,120.94000244140624,121.77999877929688,7742500
2014-10-21,87.79512786865234,120.54000091552734,121.23999786376952,120.52999877929688,120.83999633789062,9754700
2014-10-22,87.88980102539062,120.66999816894533,120.8499984741211,120.22000122070312,120.47000122070312,9260200
2014-10-23,87.1104507446289,119.5999984741211,120.18000030517578,119.05999755859376,120.04000091552734,10936300
2014-10-24,87.19783782958984,119.72000122070312,120.41000366210938,119.47000122070312,119.93000030517578,5704900
2014-10-27,87.35809326171875,119.94000244140624,120.2699966430664,119.66000366210938,119.88999938964844,3391900
2014-10-28,86.81181335449219,119.19000244140624,119.6500015258789,119.08000183105467,119.4800033569336,5141300
2014-10-29,87.00846099853516,119.45999908447266,119.81999969482422,118.41999816894533,118.95999908447266,9105100
2014-10-30,87.08133697509766,119.55999755859376,120.45999908447266,119.51000213623048,120.31999969482422,7024400
2014-10-31,86.85551452636719,119.25,119.70999908447266,118.83000183105467,119.33999633789062,6664200
2014-11-03,86.85550689697266,118.95999908447266,119.16000366210938,118.20999908447266,118.9000015258789,9726600
2014-11-04,87.12567138671875,119.33000183105467,119.91000366210938,119.08000183105467,119.41999816894533,3664800
2014-11-05,87.00154113769531,119.16000366210938,119.37000274658205,118.81999969482422,118.91000366210938,4799600
2014-11-06,86.43939208984375,118.38999938964844,118.93000030517578,118.30999755859376,118.5999984741211,5901900
2014-11-07,87.43231201171875,119.75,119.75,118.68000030517578,118.72000122070312,8550500
2014-11-10,86.62921905517578,118.6500015258789,119.58000183105467,118.55999755859376,119.58000183105467,4787300
2014-11-11,86.68762969970703,118.7300033569336,118.80999755859376,118.33999633789062,118.4800033569336,2416500
2014-11-12,86.61460876464844,118.62999725341795,119.52999877929688,118.4499969482422,119.1999969482422,4040800
2014-11-13,86.81901550292969,118.91000366210938,119.18000030517578,118.44000244140624,118.6999969482422,4475900
2014-11-14,87.24247741699219,119.48999786376952,119.58999633789062,118.68000030517578,118.83999633789062,5191200
2014-11-17,87.02346801757812,119.19000244140624,119.79000091552734,118.87999725341795,119.77999877929688,4726200
2014-11-18,87.26438903808594,119.5199966430664,119.58000183105467,119.16000366210938,119.31999969482422,4471200
2014-11-19,86.70946502685547,118.76000213623048,119.58000183105467,118.76000213623048,118.87999725341795,5792500
2014-11-20,87.16216278076172,119.37999725341795,119.9499969482422,119.05999755859376,119.9000015258789,5683600
2014-11-21,87.68788146972656,120.0999984741211,120.16000366210938,119.5199966430664,119.56999969482422,3640100
2014-11-24,87.76089477539062,120.1999969482422,120.2699966430664,119.5500030517578,119.66999816894533,4033900
2014-11-25,88.4909896850586,121.1999969482422,121.2699966430664,120.30999755859376,120.37000274658205,6770000
2014-11-26,88.7319564819336,121.52999877929688,121.87000274658205,121.47000122070312,121.63999938964844,4339100
2014-11-28,89.4328384399414,122.48999786376952,122.66999816894533,122.12999725341795,122.12999725341795,4562200
2014-12-01,88.91109466552734,121.5,122.80999755859376,121.45999908447266,122.68000030517578,7728600
2014-12-02,88.047607421875,120.31999969482422,120.8499984741211,120.29000091552734,120.83999633789062,5757200
2014-12-03,88.39153289794922,120.79000091552734,120.8000030517578,120.12999725341795,120.3000030517578,4868600
2014-12-04,89.13060760498047,121.8000030517578,121.8000030517578,120.62000274658205,120.75,4250500
2014-12-05,88.61105346679688,121.08999633789062,121.5999984741211,120.5199966430664,121.56999969482422,8030700
2014-12-08,89.69414520263672,122.56999969482422,122.83999633789062,121.13999938964844,121.41999816894533,6021800
2014-12-09,90.15512084960938,123.1999969482422,123.97000122070312,122.95999908447266,123.5999984741211,6639700
2014-12-10,90.8136978149414,124.0999984741211,124.4000015258789,123.08000183105467,123.18000030517578,6439200
2014-12-11,91.18695831298828,124.61000061035156,124.61000061035156,123.29000091552734,123.73999786376952,7863500
2014-12-12,92.42364501953124,126.3000030517578,126.3499984741211,125.0199966430664,125.4499969482422,9317400
2014-12-15,92.23339080810548,126.04000091552734,126.6999969482422,125.43000030517578,125.63999938964844,9387400
2014-12-16,93.37491607666016,127.5999984741211,127.72000122070312,126.36000061035156,127.36000061035156,7426400
2014-12-17,92.5334014892578,126.4499969482422,127.19000244140624,125.6999969482422,126.91000366210938,11558800
2014-12-18,90.8868637084961,124.1999969482422,125.0999984741211,124.1999969482422,124.93000030517578,12758200
2014-12-19,92.10896301269533,125.87000274658205,125.9499969482422,124.44000244140624,124.58000183105467,7894500
2014-12-22,92.23339080810548,126.04000091552734,126.19000244140624,125.31999969482422,125.4499969482422,4118800
2014-12-23,90.4039306640625,123.54000091552734,125.5999984741211,123.48999786376952,125.4499969482422,7406100
2014-12-24,90.89601135253906,123.9499969482422,124.05999755859376,122.93000030517578,123.05999755859376,4871400
2014-12-26,91.23331451416016,124.41000366210938,124.58999633789062,124.0199966430664,124.5500030517578,2921300
2014-12-29,91.91532135009766,125.33999633789062,125.66000366210938,124.80999755859376,124.91000366210938,4070700
2014-12-30,92.16465759277344,125.68000030517578,126.20999908447266,125.52999877929688,125.9800033569336,4372600
2014-12-31,92.34065246582033,125.91999816894533,126.16999816894533,125.6500015258789,125.6999969482422,4993300
2015-01-02,93.36727905273438,127.31999969482422,127.66000366210938,126.1500015258789,126.29000091552734,9432000
2015-01-05,94.83399963378906,129.32000732421875,129.6300048828125,127.95999908447266,128.00999450683594,9789500
2015-01-06,96.54257202148438,131.64999389648438,132.49000549316406,130.19000244140625,130.6999969482422,18331300
2015-01-07,96.35197448730467,131.38999938964844,131.97000122070312,130.1699981689453,130.6999969482422,9762900
2015-01-08,95.0759735107422,129.64999389648438,130.3699951171875,129.4199981689453,130.36000061035156,8055300
2015-01-09,96.1172866821289,131.07000732421875,131.11000061035156,129.0399932861328,129.1999969482422,9398800
2015-01-12,96.6672592163086,131.82000732421875,132.30999755859375,130.9199981689453,131.0,6658100
2015-01-13,96.6672592163086,131.82000732421875,132.61000061035156,131.13999938964844,131.38999938964844,8260800
2015-01-14,97.40060424804688,132.82000732421875,134.1199951171875,132.6999969482422,133.72000122070312,12324500
2015-01-15,98.93324279785156,134.91000366210938,135.02999877929688,132.67999267578125,132.85000610351562,11454200
2015-01-16,97.6719207763672,133.19000244140625,134.67999267578125,133.02999877929688,134.3300018310547,9390500
2015-01-20,98.9699478149414,134.9600067138672,135.11000061035156,134.07000732421875,134.1300048828125,7758700
2015-01-21,97.82589721679688,133.39999389648438,135.58999633789062,132.9600067138672,135.1999969482422,9803900
2015-01-22,97.47391510009766,132.9199981689453,134.17999267578125,132.27999877929688,134.0,10200000
2015-01-23,98.83065795898438,134.77000427246094,135.1199951171875,134.14999389648438,134.3000030517578,7334600
2015-01-26,98.5299835205078,134.36000061035156,135.19000244140625,134.0500030517578,134.83999633789062,5966500
2015-01-27,98.68391418457033,134.57000732421875,136.1300048828125,134.14999389648438,135.72999572753906,8079600
2015-01-28,100.29727935791016,136.77000427246094,137.41000366210938,134.6999969482422,134.75,12230300
2015-01-29,99.6372299194336,135.8699951171875,136.6699981689453,135.4600067138672,136.1199951171875,8881400
2015-01-30,101.40460205078124,138.27999877929688,138.5,137.17999267578125,137.7100067138672,14871200
2015-02-02,101.02171325683594,137.47999572753906,137.9199981689453,136.66000366210938,136.6999969482422,13689900
2015-02-03,98.88346099853516,134.57000732421875,135.7899932861328,134.3699951171875,135.64999389648438,14008700
2015-02-04,99.05243682861328,134.8000030517578,134.99000549316406,133.1199951171875,133.49000549316406,11360400
2015-02-05,97.96497344970705,133.32000732421875,134.22999572753906,133.11000061035156,134.0,8334600
2015-02-06,96.23075103759766,130.9600067138672,132.35000610351562,130.58999633789062,132.0500030517578,13685600
2015-02-09,96.07652282714844,130.75,131.97999572753906,130.75,131.97000122070312,8025500
2015-02-10,95.31228637695312,129.7100067138672,130.47000122070312,129.44000244140625,130.13999938964844,8290700
2015-02-11,95.4886474609375,129.9499969482422,130.27000427246094,128.9600067138672,129.6999969482422,6506400
2015-02-12,95.1726531982422,129.52000427246094,130.5399932861328,129.4499969482422,129.66000366210938,12548300
2015-02-13,94.19534301757812,128.19000244140625,129.52999877929688,128.08999633789062,129.50999450683594,8325200
2015-02-17,92.77720642089844,126.26000213623048,127.93000030517578,125.91999816894533,127.8000030517578,14968800
2015-02-18,93.32830047607422,127.01000213623048,127.73999786376952,126.47000122070312,126.81999969482422,14009200
2015-02-19,92.7110366821289,126.16999816894533,127.4499969482422,126.16999816894533,126.77999877929688,8584800
2015-02-20,92.98289489746094,126.54000091552734,128.00999450683594,126.0,127.0500030517578,12502500
2015-02-23,94.04835510253906,127.98999786376952,128.1699981689453,127.16000366210938,127.19000244140624,7500500
2015-02-24,95.2828369140625,129.6699981689453,129.7899932861328,127.18000030517578,127.6500015258789,11958300
2015-02-25,95.69436645507812,130.22999572753906,130.38999938964844,129.0800018310547,129.4600067138672,8019800
2015-02-26,94.38636779785156,128.4499969482422,130.3000030517578,128.39999389648438,129.6999969482422,11020500
2015-02-27,95.17999267578124,129.52999877929688,129.6199951171875,128.27000427246094,129.02000427246094,9225100
2015-03-02,93.4071273803711,126.87000274658205,129.07000732421875,126.7699966430664,129.0,11324000
2015-03-03,93.0684814453125,126.41000366210938,127.37000274658205,126.37999725341795,126.88999938964844,8599000
2015-03-04,93.097900390625,126.4499969482422,127.04000091552734,126.16000366210938,126.94000244140624,6478900
2015-03-05,92.98005676269533,126.29000091552734,126.87999725341795,125.9000015258789,126.52999877929688,6045000
2015-03-06,90.92601776123048,123.5,124.83000183105467,122.97000122070312,124.66999816894533,20022900
2015-03-09,91.76529693603516,124.63999938964844,124.87000274658205,124.12999725341795,124.68000030517578,8889100
2015-03-10,92.97276306152344,126.27999877929688,126.44000244140624,125.76000213623048,125.97000122070312,9277900
2015-03-11,93.65007781982422,127.1999969482422,127.45999908447266,126.12000274658205,126.26000213623048,6663100
2015-03-12,93.58380889892578,127.11000061035156,128.1999969482422,126.72000122070312,128.1999969482422,10295900
2015-03-13,93.29669952392578,126.72000122070312,127.58999633789062,126.48999786376952,126.76000213623048,7247200
2015-03-16,94.19489288330078,127.94000244140624,128.14999389648438,127.2699966430664,127.94000244140624,6374600
2015-03-17,94.97534942626952,129.0,129.11000061035156,128.27999877929688,128.5500030517578,6314000
2015-03-18,96.80856323242188,131.49000549316406,131.52999877929688,128.61000061035156,129.91000366210938,13981900
2015-03-19,96.31529235839844,130.82000732421875,131.6199951171875,130.27000427246094,131.1999969482422,9543800
2015-03-20,96.82329559326172,131.50999450683594,131.6999969482422,131.13999938964844,131.22000122070312,5953800
2015-03-23,96.7055206298828,131.35000610351562,131.75,130.99000549316406,131.6999969482422,5555500
2015-03-24,97.64054870605467,132.6199951171875,132.63999938964844,131.47999572753906,131.8300018310547,6713000
2015-03-25,96.81595611572266,131.5,132.75999450683594,131.4600067138672,132.72000122070312,5635800
2015-03-26,95.30665588378906,129.4499969482422,131.13999938964844,129.17999267578125,131.0500030517578,9536300
2015-03-27,96.4919891357422,131.05999755859375,131.1300048828125,129.97999572753906,130.02999877929688,7907900
2015-03-30,96.01341247558594,130.41000366210938,131.0,130.08999633789062,130.89999389648438,7010600
2015-03-31,96.2196273803711,130.69000244140625,130.9600067138672,129.91000366210938,130.24000549316406,6844300
2015-04-01,97.48338317871094,132.1300048828125,132.47999572753906,131.3000030517578,131.3300018310547,9273900
2015-04-02,96.45047760009766,130.72999572753906,131.97000122070312,130.61000061035156,131.92999267578125,6663400
2015-04-06,95.91194915771484,130.0,131.47999572753906,129.72000122070312,131.42999267578125,5923800
2015-04-07,96.71607971191406,131.08999633789062,131.22000122070312,129.85000610351562,130.22999572753906,4764900
2015-04-08,96.74556732177734,131.1300048828125,131.36000061035156,130.02000427246094,131.02000427246094,5378900
2015-04-09,95.4913558959961,129.42999267578125,130.9199981689453,129.1300048828125,130.8699951171875,6484200
2015-04-10,95.63157653808594,129.6199951171875,130.4499969482422,129.5500030517578,130.32000732421875,4843000
2015-04-13,95.76437377929688,129.8000030517578,129.97999572753906,129.38999938964844,129.52999877929688,4010600
2015-04-14,96.44314575195312,130.72000122070312,131.86000061035156,130.47999572753906,131.30999755859375,6075500
2015-04-15,96.36197662353516,130.61000061035156,131.27000427246094,130.32000732421875,131.0500030517578,4425200
2015-04-16,95.88241577148438,129.9600067138672,130.86000061035156,129.41000366210938,130.8300018310547,7085500
2015-04-17,96.9817352294922,131.4499969482422,131.6999969482422,129.6999969482422,129.77000427246094,7268800
2015-04-20,96.12584686279295,130.2899932861328,131.00999450683594,129.92999267578125,130.94000244140625,4949400
2015-04-21,95.69056701660156,129.6999969482422,130.4499969482422,129.55999755859375,130.22999572753906,4563800
2015-04-22,94.22976684570312,127.72000122070312,129.5500030517578,127.54000091552734,129.5,9707600
2015-04-23,94.63555908203124,128.27000427246094,128.85000610351562,127.61000061035156,127.8000030517578,6843400
2015-04-24,95.22576141357422,129.07000732421875,129.42999267578125,128.58999633789062,128.63999938964844,4773000
2015-04-27,95.22576141357422,129.07000732421875,129.5,128.3699951171875,129.07000732421875,4334900
2015-04-28,93.91249084472656,127.29000091552734,128.74000549316406,127.26000213623048,128.1699981689453,7464300
2015-04-29,92.76158905029295,125.7300033569336,126.44000244140624,125.27999877929688,125.80999755859376,11554800
2015-04-30,92.92388153076172,125.9499969482422,126.16999816894533,124.51000213623048,125.04000091552734,12876000
2015-05-01,91.67300415039062,124.0,125.04000091552734,123.69000244140624,124.7300033569336,12378500
2015-05-04,90.80802154541016,122.83000183105467,124.52999877929688,122.72000122070312,124.3000030517578,9144700
2015-05-05,90.68234252929688,122.66000366210938,123.02999877929688,121.69000244140624,122.86000061035156,13935500
2015-05-06,89.12979125976562,120.55999755859376,122.05999755859376,120.37000274658205,121.98999786376952,14355000
2015-05-07,90.32745361328124,122.18000030517578,122.56999969482422,121.3499984741211,121.43000030517578,11933700
2015-05-08,90.57144927978516,122.51000213623048,123.5500030517578,122.30999755859376,123.37999725341795,11716400
2015-05-11,88.36831665039062,119.52999877929688,121.6500015258789,119.5,121.62000274658205,13738600
2015-05-12,88.5975341796875,119.83999633789062,120.62999725341795,118.81999969482422,119.13999938964844,15861700
2015-05-13,87.88778686523438,118.87999725341795,120.72000122070312,118.63999938964844,120.6500015258789,15760000
2015-05-14,88.12439727783203,119.1999969482422,119.83000183105467,118.69000244140624,118.91999816894533,9128400
2015-05-15,89.89132690429688,121.58999633789062,121.91000366210938,120.29000091552734,120.37999725341795,12630600
2015-05-18,88.38308715820312,119.5500030517578,120.43000030517578,119.47000122070312,120.31999969482422,10208300
2015-05-19,87.5994873046875,118.48999786376952,119.83999633789062,118.12999725341795,118.2699966430664,8435300
2015-05-20,87.74732208251953,118.69000244140624,119.4499969482422,118.18000030517578,118.7699966430664,7789700
2015-05-21,88.97452545166016,120.3499984741211,120.61000061035156,119.4499969482422,119.58000183105467,11760700
2015-05-22,89.0114974975586,120.4000015258789,120.75,119.8000030517578,120.6500015258789,5417900
2015-05-26,90.5344696044922,122.45999908447266,122.5500030517578,120.73999786376952,120.83999633789062,10469700
2015-05-27,90.74149322509766,122.73999786376952,122.86000061035156,121.61000061035156,122.18000030517578,6490300
2015-05-28,90.51971435546876,122.44000244140624,123.02999877929688,122.22000122070312,122.5,6237600
2015-05-29,90.7192840576172,122.70999908447266,123.56999969482422,122.51000213623048,123.2300033569336,7912000
2015-06-01,89.74427032470703,121.12999725341795,122.37999725341795,120.69000244140624,122.11000061035156,13108100
2015-06-02,88.4922103881836,119.44000244140624,120.26000213623048,119.11000061035156,120.16999816894533,10076200
2015-06-03,87.0696792602539,117.5199966430664,118.5999984741211,117.1999969482422,118.38999938964844,14810900
2015-06-04,88.20325469970703,119.0500030517578,119.29000091552734,118.13999938964844,118.26000213623048,10859300
2015-06-05,87.12890625,117.5999984741211,118.56999969482422,117.37999725341795,117.83999633789062,11200200
2015-06-08,87.03263854980469,117.47000122070312,118.16000366210938,117.37000274658205,117.95999908447266,5334000
2015-06-09,86.34361267089844,116.54000091552734,117.12999725341795,116.11000061035156,117.05999755859376,12393900
2015-06-10,85.5878677368164,115.5199966430664,116.12999725341795,115.26000213623048,115.91999816894533,12183600
2015-06-11,87.38825988769531,117.9499969482422,117.97000122070312,116.23999786376952,116.55999755859376,13849300
2015-06-12,87.38825988769531,117.9499969482422,119.06999969482422,117.5500030517578,117.58999633789062,7863100
2015-06-15,87.5290298461914,118.13999938964844,119.05999755859376,117.73999786376952,118.88999938964844,8194200
2015-06-16,88.21803283691406,119.06999969482422,119.08000183105467,117.94000244140624,118.61000061035156,7046400
2015-06-17,87.53641510009766,118.1500015258789,118.62999725341795,117.25,118.5,13626100
2015-06-18,87.1067123413086,117.56999969482422,117.73999786376952,116.75,117.37000274658205,10123300
2015-06-19,88.22542572021484,119.08000183105467,119.19000244140624,118.48999786376952,118.51000213623048,10439200
2015-06-22,86.42508697509766,116.6500015258789,118.13999938964844,116.58999633789062,117.83999633789062,9769000
2015-06-23,85.90646362304688,115.9499969482422,116.95999908447266,115.69000244140624,115.7300033569336,8945100
2015-06-24,86.64736938476562,116.9499969482422,117.16999816894533,116.16000366210938,116.51000213623048,8600400
2015-06-25,86.34361267089844,116.54000091552734,117.08000183105467,116.19000244140624,116.58999633789062,8287800
2015-06-26,85.3730239868164,115.2300033569336,115.87000274658205,114.87999725341795,115.66999816894533,11673000
2015-06-29,87.63272857666016,118.27999877929688,118.66999816894533,116.45999908447266,116.95999908447266,17132900
2015-06-30,87.02522277832031,117.45999908447266,118.6999969482422,117.33000183105467,117.4000015258789,13469000
2015-07-01,85.85054016113281,115.62000274658205,116.36000061035156,115.43000030517578,115.81999969482422,12451500
2015-07-02,86.13268280029297,116.0,116.66000366210938,115.87999725341795,116.31999969482422,6682100
2015-07-06,87.72911071777344,118.1500015258789,118.6500015258789,117.05999755859376,118.0500030517578,10605800
2015-07-07,88.5533218383789,119.26000213623048,120.48999786376952,118.9499969482422,119.66000366210938,16160100
2015-07-08,89.31812286376953,120.29000091552734,120.56999969482422,119.5,120.0199966430664,9951800
2015-07-09,87.5583267211914,117.91999816894533,119.12000274658205,117.8499984741211,118.6999969482422,11108900
2015-07-10,86.16983032226562,116.0500030517578,116.72000122070312,115.76000213623048,116.04000091552734,13636600
2015-07-13,85.90251159667969,115.69000244140624,116.45999908447266,115.38999938964844,115.38999938964844,8006700
2015-07-14,86.18465423583984,116.06999969482422,116.2699966430664,115.66000366210938,116.0199966430664,4227800
2015-07-15,87.09796905517578,117.3000030517578,117.5500030517578,116.04000091552734,116.11000061035156,8720400
2015-07-16,87.6994400024414,118.11000061035156,118.16000366210938,116.87000274658205,116.88999938964844,7306500
2015-07-17,88.15235137939453,118.72000122070312,118.88999938964844,118.36000061035156,118.37000274658205,7404900
2015-07-20,87.7811050415039,118.22000122070312,118.6500015258789,117.9000015258789,118.29000091552734,5941000
2015-07-21,88.2563247680664,118.86000061035156,118.93000030517578,117.66000366210938,117.68000030517578,5627500
2015-07-22,88.80579376220703,119.5999984741211,119.9000015258789,118.9499969482422,119.01000213623048,6228900
2015-07-23,89.91214752197266,121.08999633789062,121.1999969482422,119.4499969482422,119.5999984741211,9087700
2015-07-24,90.13490295410156,121.38999938964844,121.5500030517578,120.91999816894533,121.5,7307900
2015-07-27,90.61756134033205,122.04000091552734,122.29000091552734,121.4800033569336,122.19000244140624,8172000
2015-07-28,89.95669555664062,121.1500015258789,121.56999969482422,120.9000015258789,121.16000366210938,9128200
2015-07-29,89.6225357055664,120.6999969482422,121.16999816894533,120.41999816894533,121.0199966430664,6706400
2015-07-30,90.31307983398438,121.62999725341795,121.94000244140624,121.1500015258789,121.20999908447266,6146600
2015-07-31,90.98133850097656,122.52999877929688,122.9000015258789,122.05999755859376,122.44000244140624,9178400
2015-08-03,91.93912506103516,123.5500030517578,123.75,122.31999969482422,122.31999969482422,11753700
2015-08-04,91.20987701416016,122.56999969482422,123.31999969482422,122.45999908447266,123.16000366210938,6448800
2015-08-05,90.5252456665039,121.6500015258789,121.91000366210938,121.19000244140624,121.7699966430664,7574400
2015-08-06,91.32888793945312,122.7300033569336,122.87000274658205,122.0,122.0,6118100
2015-08-07,92.52693176269533,124.33999633789062,124.5,123.23999786376952,123.3000030517578,8317000
2015-08-10,91.38096618652344,122.8000030517578,123.56999969482422,122.5199966430664,123.41000366210938,7461700
2015-08-11,92.8320770263672,124.75,125.12999725341795,124.16000366210938,124.3000030517578,11145700
2015-08-12,92.32603454589844,124.06999969482422,125.70999908447266,124.0,124.93000030517578,8455200
2015-08-13,92.02837371826172,123.66999816894533,124.41999816894533,123.22000122070312,123.83000183105467,7691400
2015-08-14,92.24417114257812,123.95999908447266,124.37000274658205,123.1999969482422,123.47000122070312,4324700
2015-08-17,92.6609344482422,124.5199966430664,125.0999984741211,124.38999938964844,124.70999908447266,7880300
2015-08-18,91.93162536621094,123.54000091552734,124.29000091552734,123.37999725341795,123.8000030517578,5024300
2015-08-19,92.83950805664062,124.76000213623048,124.93000030517578,122.98999786376952,123.05999755859376,10736000
2015-08-20,93.77713775634766,126.0199966430664,126.0999984741211,125.18000030517578,125.37000274658205,9078300
2015-08-21,94.05992889404295,126.4000015258789,126.73999786376952,125.58999633789062,126.16000366210938,10718300
2015-08-24,94.03013610839844,126.36000061035156,128.9199981689453,125.81999969482422,128.30999755859375,16663400
2015-08-25,92.51958465576172,124.33000183105467,124.79000091552734,123.55999755859376,124.5500030517578,15354800
2015-08-26,90.73356628417967,121.93000030517578,123.51000213623048,121.36000061035156,123.0,16429900
2015-08-27,90.78571319580078,122.0,122.87000274658205,121.6500015258789,121.81999969482422,9127000
2015-08-28,91.05354309082033,122.36000061035156,123.47000122070312,122.2300033569336,123.1500015258789,9946200
2015-08-31,90.3540496826172,121.41999816894533,123.47000122070312,121.33999633789062,123.36000061035156,8617600
2015-09-01,91.00511932373048,122.02999877929688,122.08999633789062,120.9800033569336,121.63999938964844,15298200
2015-09-02,90.22209930419922,120.9800033569336,121.9800033569336,120.86000061035156,121.41999816894533,9515200
2015-09-03,90.662109375,121.56999969482422,121.66999816894533,120.70999908447266,121.37999725341795,7042500
2015-09-04,91.48987579345705,122.68000030517578,122.93000030517578,121.81999969482422,122.4499969482422,7951300
2015-09-08,90.14004516601562,120.87000274658205,121.55999755859376,120.76000213623048,121.37999725341795,7049500
2015-09-09,90.57257080078124,121.4499969482422,121.70999908447266,119.55999755859376,119.62999725341795,7441900
2015-09-10,89.96109008789062,120.62999725341795,121.19000244140624,120.4499969482422,121.0199966430664,6789700
2015-09-11,90.52783966064452,121.38999938964844,122.08000183105467,121.33000183105467,121.47000122070312,5890900
2015-09-14,90.66952514648438,121.58000183105467,122.1500015258789,121.27999877929688,121.9499969482422,4221700
2015-09-15,88.93191528320312,119.25,121.0500030517578,119.12000274658205,120.88999938964844,11895000
2015-09-16,88.59632110595703,118.8000030517578,119.44000244140624,118.5500030517578,118.95999908447266,6949800
2015-09-17,89.67764282226562,120.25,120.37000274658205,118.7300033569336,118.87999725341795,19843600
2015-09-18,91.05735778808594,122.0999984741211,122.1999969482422,121.12999725341795,121.20999908447266,14963300
2015-09-21,89.57329559326172,120.11000061035156,121.11000061035156,119.77999877929688,121.01000213623048,10085600
2015-09-22,90.81865692138672,121.77999877929688,122.38999938964844,121.13999938964844,121.44000244140624,9968200
2015-09-23,90.81120300292967,121.7699966430664,122.06999969482422,120.98999786376952,121.62000274658205,6769900
2015-09-24,91.43018341064452,122.5999984741211,123.68000030517578,122.48999786376952,123.16999816894533,9605800
2015-09-25,90.63970947265624,121.54000091552734,121.93000030517578,121.2699966430664,121.6500015258789,8383700
2015-09-28,92.1908721923828,123.62000274658205,123.7699966430664,122.1999969482422,122.1999969482422,9833400
2015-09-29,92.45188903808594,123.97000122070312,124.29000091552734,123.25,123.54000091552734,9006100
2015-09-30,92.13121795654295,123.54000091552734,123.8000030517578,123.12000274658205,123.41000366210938,9832600
2015-10-01,92.5242691040039,123.80999755859376,124.5199966430664,123.66000366210938,124.08000183105467,9069400
2015-10-02,93.08478546142578,124.55999755859376,126.20999908447266,124.18000030517578,125.58999633789062,13000400
2015-10-05,91.82183837890624,122.87000274658205,123.83000183105467,122.77999877929688,123.72000122070312,11362700
2015-10-06,92.2178726196289,123.4000015258789,123.5999984741211,122.41000366210938,122.5500030517578,5687800
2015-10-07,91.91146850585938,122.98999786376952,123.33000183105467,122.51000213623048,122.80999755859376,6712800
2015-10-08,91.1417465209961,121.95999908447266,123.37000274658205,121.66000366210938,123.29000091552734,12882300
2015-10-09,91.38092041015624,122.27999877929688,122.63999938964844,121.9000015258789,121.97000122070312,9038100
2015-10-12,92.07594299316406,123.20999908447266,123.43000030517578,122.91000366210938,123.02999877929688,4241000
2015-10-13,92.23284149169922,123.41999816894533,123.5999984741211,122.8000030517578,123.52999877929688,6147200
2015-10-14,93.03990173339844,124.5,124.5500030517578,123.3000030517578,123.6999969482422,9738100
2015-10-15,92.58409118652344,123.88999938964844,124.45999908447266,123.77999877929688,124.30999755859376,6924300
2015-10-16,92.6139678955078,123.93000030517578,124.47000122070312,123.87000274658205,124.25,8048300
2015-10-19,92.3598861694336,123.58999633789062,123.97000122070312,122.91000366210938,123.79000091552734,6238400
2015-10-20,91.79190063476562,122.83000183105467,122.97000122070312,122.5500030517578,122.8000030517578,6431300
2015-10-21,92.7036590576172,124.0500030517578,124.22000122070312,123.47000122070312,123.61000061035156,6603800
2015-10-22,92.860595703125,124.26000213623048,124.77999877929688,123.51000213623048,124.0999984741211,6934100
2015-10-23,92.06842041015624,123.1999969482422,123.45999908447266,122.8499984741211,123.0999984741211,7058200
2015-10-26,92.68124389648438,124.0199966430664,124.1999969482422,123.80999755859376,123.87000274658205,5859800
2015-10-27,92.91295623779295,124.33000183105467,124.9000015258789,124.16000366210938,124.51000213623048,7156800
2015-10-28,92.5392608642578,123.83000183105467,124.33999633789062,123.3000030517578,124.2699966430664,8468700
2015-10-29,91.06707000732422,121.86000061035156,123.22000122070312,121.6999969482422,123.18000030517578,12108000
2015-10-30,91.75453186035156,122.77999877929688,122.80999755859376,122.0199966430664,122.23999786376952,11861400
2015-11-02,91.33295440673828,121.9499969482422,122.18000030517578,121.68000030517578,121.77999877929688,8751000
2015-11-03,90.58397674560548,120.9499969482422,121.73999786376952,120.79000091552734,121.6500015258789,8921600
2015-11-04,90.68885040283205,121.08999633789062,121.54000091552734,120.6999969482422,121.0999984741211,5980800
2015-11-05,90.44915008544922,120.7699966430664,121.05999755859376,120.3000030517578,121.0500030517578,7268400
2015-11-06,89.12358093261719,119.0,119.52999877929688,118.73999786376952,119.48999786376952,10604700
2015-11-09,88.62174987792969,118.33000183105467,118.9000015258789,118.0,118.0999984741211,9159500
2015-11-10,88.88388061523438,118.68000030517578,119.20999908447266,118.37999725341795,118.5,6712500
2015-11-11,88.69668579101562,118.43000030517578,118.58000183105467,118.2699966430664,118.3499984741211,2857900
2015-11-12,89.12358093261719,119.0,119.44000244140624,118.6999969482422,118.75,6805700
2015-11-13,89.63286590576172,119.68000030517578,119.9000015258789,119.22000122070312,119.31999969482422,7906600
2015-11-16,89.55044555664062,119.56999969482422,120.0,119.12999725341795,119.79000091552734,5485300
2015-11-17,89.70021057128906,119.7699966430664,120.12999725341795,118.66000366210938,119.0,5122900
2015-11-18,89.88746643066406,120.0199966430664,120.19000244140624,119.36000061035156,119.58000183105467,5233900
2015-11-19,90.48657989501952,120.81999969482422,121.1500015258789,120.68000030517578,120.87999725341795,6643000
2015-11-20,90.2095184326172,120.4499969482422,121.04000091552734,120.27999877929688,120.93000030517578,5971000
2015-11-23,90.48657989501952,120.81999969482422,121.12000274658205,120.31999969482422,120.52999877929688,5436300
2015-11-24,90.47911834716795,120.80999755859376,121.1999969482422,120.58000183105467,120.9000015258789,3371500
2015-11-25,90.68885040283205,121.08999633789062,121.41999816894533,120.9499969482422,121.16999816894533,3280900
2015-11-27,90.59896087646484,120.97000122070312,121.31999969482422,120.95999908447266,121.25,2570600
2015-11-30,90.95844268798828,121.4499969482422,121.52999877929688,121.05999755859376,121.0999984741211,5179800
2015-12-01,92.18702697753906,122.83000183105467,122.8499984741211,121.26000213623048,121.26000213623048,12766600
2015-12-02,92.21707916259766,122.87000274658205,123.04000091552734,122.19000244140624,122.66000366210938,7345800
2015-12-03,89.71034240722656,119.52999877929688,121.4000015258789,118.98999786376952,121.36000061035156,16612200
2015-12-04,90.49839782714844,120.58000183105467,120.93000030517578,119.47000122070312,119.52999877929688,11843800
2015-12-07,91.37649536132812,121.75,122.45999908447266,120.8000030517578,120.80999755859376,9016700
2015-12-08,91.42151641845705,121.80999755859376,122.43000030517578,121.4499969482422,122.27999877929688,7257500
2015-12-09,91.32394409179688,121.68000030517578,122.1500015258789,120.51000213623048,121.3499984741211,8993900
2015-12-10,91.44408416748048,121.83999633789062,122.02999877929688,121.48999786376952,121.79000091552734,5606900
2015-12-11,92.88506317138672,123.76000213623048,124.0999984741211,122.87000274658205,123.02999877929688,12300000
2015-12-14,91.68419647216795,122.16000366210938,123.1500015258789,121.75,123.08000183105467,10661100
2015-12-15,91.14381408691406,121.44000244140624,121.5999984741211,120.83000183105467,121.0199966430664,8795500
2015-12-16,90.94869995117188,121.18000030517578,122.16999816894533,120.5,121.06999969482422,10988600
2015-12-17,91.97689056396484,122.5500030517578,122.77999877929688,121.63999938964844,121.77999877929688,9923000
2015-12-18,92.48722076416016,123.2300033569336,123.5199966430664,122.81999969482422,123.08000183105467,10171700
2015-12-21,92.46476745605467,123.1999969482422,123.77999877929688,122.91999816894533,123.43000030517578,7494900
2015-12-22,91.79679107666016,122.30999755859376,122.8000030517578,121.98999786376952,122.6500015258789,5445800
2015-12-23,91.1063003540039,121.38999938964844,121.61000061035156,120.87000274658205,121.2300033569336,7287100
2015-12-24,91.62826538085938,121.83000183105467,121.87000274658205,121.4000015258789,121.47000122070312,3364600
2015-12-28,91.89900207519533,122.19000244140624,122.66999816894533,121.8499984741211,121.98999786376952,7586600
2015-12-29,90.37226104736328,120.16000366210938,121.73999786376952,120.01000213623048,121.69000244140624,7787500
2015-12-30,90.28199768066406,120.04000091552734,120.54000091552734,119.66999816894533,119.91999816894533,5508900
2015-12-31,90.68815612792967,120.58000183105467,120.86000061035156,120.25,120.56999969482422,7897700
2016-01-04,91.34245300292967,121.4499969482422,122.4499969482422,121.31999969482422,121.93000030517578,10591900
2016-01-05,90.97390747070312,120.95999908447266,121.5,120.66000366210938,120.87999725341795,6242600
2016-01-06,92.19984436035156,122.58999633789062,122.62000274658205,122.0500030517578,122.3000030517578,8916900
2016-01-07,92.36530303955078,122.80999755859376,122.93000030517578,121.79000091552734,122.68000030517578,10202200
2016-01-08,92.7790069580078,123.36000061035156,123.47000122070312,122.2300033569336,122.43000030517578,9577200
2016-01-11,91.7636489868164,122.01000213623048,122.79000091552734,121.86000061035156,122.04000091552734,10040300
2016-01-12,93.08733367919922,123.7699966430664,124.31999969482422,122.1500015258789,122.33999633789062,12897700
2016-01-13,94.00492095947266,124.98999786376952,125.5,123.2699966430664,123.52999877929688,15577600
2016-01-14,93.12492370605467,123.81999969482422,124.97000122070312,123.33999633789062,124.47000122070312,12873800
2016-01-15,94.57649993896484,125.75,125.95999908447266,125.08000183105467,125.4000015258789,13976300
2016-01-19,94.2831802368164,125.36000061035156,126.06999969482422,124.9499969482422,125.12999725341795,8926600
2016-01-20,95.27596282958984,126.68000030517578,127.91999816894533,126.41999816894533,126.9800033569336,17283300
2016-01-21,94.62908172607422,125.81999969482422,127.29000091552734,125.66999816894533,126.94000244140624,11001600
2016-01-22,94.26815032958984,125.33999633789062,125.52999877929688,124.5199966430664,124.91000366210938,10164300
2016-01-25,94.779541015625,126.0199966430664,126.2699966430664,125.6500015258789,125.9499969482422,5738200
2016-01-26,94.82469940185548,126.08000183105467,126.45999908447266,125.75,125.98999786376952,5692600
2016-01-27,94.8021240234375,126.0500030517578,126.29000091552734,125.19000244140624,125.75,7957800
2016-01-28,94.93748474121094,126.2300033569336,126.41000366210938,125.45999908447266,125.54000091552734,10575400
2016-01-29,95.7422332763672,127.3000030517578,127.86000061035156,126.91999816894533,127.41000366210938,13170700
2016-02-01,95.44910430908205,126.66999816894533,127.06999969482422,126.29000091552734,126.79000091552734,9948400
2016-02-02,97.21987915039062,129.02000427246094,129.0399932861328,128.0,128.10000610351562,10400000
2016-02-03,96.4136199951172,127.9499969482422,129.94000244140625,127.91999816894533,128.27999877929688,13309000
2016-02-04,96.88077545166016,128.57000732421875,128.58999633789062,127.51000213623048,128.22000122070312,9953500
2016-02-05,96.99381256103516,128.72000122070312,129.0,127.58999633789062,127.88999938964844,9200800
2016-02-08,99.08110809326172,131.49000549316406,131.6300048828125,129.67999267578125,129.72000122070312,14452200
2016-02-09,99.1866455078125,131.6300048828125,132.05999755859375,130.9600067138672,132.0399932861328,15232100
2016-02-10,100.06067657470705,132.7899932861328,132.83999633789062,131.11000061035156,131.6999969482422,12797100
2016-02-11,100.761474609375,133.72000122070312,135.25,133.00999450683594,134.44000244140625,21620200
2016-02-12,99.08865356445312,131.5,133.1300048828125,130.92999267578125,132.63999938964844,13888400
2016-02-16,98.04122161865234,130.11000061035156,130.75,129.80999755859375,130.72000122070312,11766000
2016-02-17,97.4384307861328,129.30999755859375,129.8300018310547,128.7100067138672,129.63999938964844,13157300
2016-02-18,98.63654327392578,130.89999389648438,131.0,129.36000061035156,129.41000366210938,10196700
2016-02-19,98.7194366455078,131.00999450683594,131.82000732421875,130.72999572753906,130.94000244140625,8188700
2016-02-22,98.66663360595705,130.94000244140625,131.11000061035156,130.6999969482422,131.10000610351562,5054300
2016-02-23,99.0660629272461,131.47000122070312,131.74000549316406,129.77999877929688,129.8800048828125,8320700
2016-02-24,98.87010955810548,131.2100067138672,133.38999938964844,130.9499969482422,132.39999389648438,9091200
2016-02-25,99.22429656982422,131.67999267578125,132.55999755859375,131.32000732421875,131.47999572753906,6097200
2016-02-26,98.267333984375,130.41000366210938,130.80999755859375,130.0399932861328,130.30999755859375,9245000
2016-02-29,98.6968231201172,130.97999572753906,131.1699981689453,130.4199981689453,130.47000122070312,8016100
2016-03-01,96.95890808105467,128.42999267578125,130.85000610351562,128.32000732421875,130.82000732421875,13729100
2016-03-02,97.35900115966795,128.9600067138672,128.97000122070312,128.2100067138672,128.32000732421875,7047700
2016-03-03,97.71387481689452,129.42999267578125,129.94000244140625,128.77000427246094,129.07000732421875,6394800
2016-03-04,97.08727264404295,128.60000610351562,129.1300048828125,127.76000213623048,128.75,8687000
2016-03-07,97.05704498291016,128.55999755859375,128.6699981689453,128.0500030517578,128.4499969482422,5493300
2016-03-08,98.12908935546876,129.97999572753906,130.99000549316406,129.9499969482422,130.35000610351562,7175400
2016-03-09,97.53266143798828,129.19000244140625,129.69000244140625,128.80999755859375,129.0800018310547,7194700
2016-03-10,97.1325454711914,128.66000366210938,129.83999633789062,127.91999816894533,129.5,10091600
2016-03-11,96.151123046875,127.36000061035156,128.8800048828125,127.20999908447266,128.82000732421875,8927000
2016-03-14,96.4531021118164,127.76000213623048,128.38999938964844,127.66000366210938,127.81999969482422,5177000
2016-03-15,96.54368591308594,127.87999725341795,128.66000366210938,127.61000061035156,128.5,6413200
2016-03-16,96.83057403564452,128.25999450683594,128.52000427246094,127.37000274658205,127.75,9728900
2016-03-17,97.23065948486328,128.7899932861328,129.33999633789062,128.49000549316406,128.50999450683594,7805500
2016-03-18,97.4345245361328,129.05999755859375,129.50999450683594,128.6999969482422,129.0399932861328,8198600
2016-03-21,96.68710327148438,128.07000732421875,128.6199951171875,127.75,128.25,5514800
2016-03-22,96.66445922851562,128.0399932861328,129.02000427246094,127.91999816894533,128.8300018310547,4997900
2016-03-23,97.75918579101562,129.49000549316406,129.82000732421875,128.2899932861328,128.41000366210938,10628200
2016-03-24,97.7968978881836,129.5399932861328,130.63999938964844,129.0,130.5800018310547,6343300
2016-03-28,97.9252700805664,129.7100067138672,130.16000366210938,129.27999877929688,129.3800048828125,5058700
2016-03-29,98.95201873779295,131.07000732421875,131.08999633789062,130.02000427246094,130.3800048828125,9396700
2016-03-30,97.91019439697266,129.69000244140625,130.07000732421875,128.97999572753906,130.02999877929688,8478700
2016-03-31,98.60469818115234,130.61000061035156,130.80999755859375,129.7899932861328,129.97999572753906,7832300
2016-04-01,98.86195373535156,130.67999267578125,131.1300048828125,129.89999389648438,130.97999572753906,9341400
2016-04-04,98.92241668701172,130.75999450683594,130.97000122070312,130.27000427246094,130.7899932861328,5145100
2016-04-05,100.00434112548828,132.19000244140625,132.36000061035156,131.77999877929688,132.00999450683594,6482800
2016-04-06,99.27800750732422,131.22999572753906,131.6699981689453,130.74000549316406,131.52999877929688,6393700
2016-04-07,100.50357055664062,132.85000610351562,132.99000549316406,132.00999450683594,132.19000244140625,5963300
2016-04-08,99.86808013916016,132.00999450683594,132.39999389648438,131.63999938964844,132.1699981689453,5584800
2016-04-11,99.739501953125,131.83999633789062,132.17999267578125,131.11000061035156,131.32000732421875,4805500
2016-04-12,99.05101013183594,130.92999267578125,131.5500030517578,130.52999877929688,131.0800018310547,4276000
2016-04-13,99.39905548095705,131.38999938964844,131.5800018310547,130.52000427246094,130.69000244140625,5207900
2016-04-14,98.92241668701172,130.75999450683594,131.30999755859375,130.49000549316406,130.91000366210938,6967000
2016-04-15,99.769775390625,131.8800048828125,132.16000366210938,131.25,131.2899932861328,5831100
2016-04-18,99.3385009765625,131.30999755859375,131.44000244140625,130.66000366210938,131.3300018310547,4486600
2016-04-19,99.0283660888672,130.89999389648438,131.30999755859375,130.2899932861328,131.0800018310547,5212200
2016-04-20,97.9390106201172,129.4600067138672,131.64999389648438,129.27000427246094,131.16000366210938,10920700
2016-04-21,97.35645294189452,128.69000244140625,129.07000732421875,128.2899932861328,128.44000244140625,11154200
2016-04-22,97.1067886352539,128.36000061035156,128.91000366210938,128.24000549316406,128.85000610351562,5826400
2016-04-25,96.7058563232422,127.83000183105467,128.52000427246094,127.83000183105467,128.05999755859375,5539500
2016-04-26,96.26709747314452,127.25,127.76000213623048,127.12000274658205,127.76000213623048,7840000
2016-04-27,97.22784423828124,128.52000427246094,128.82000732421875,127.62000274658205,127.91999816894533,8380100
2016-04-28,97.6288070678711,129.0500030517578,129.13999938964844,128.0399932861328,128.2100067138672,7974600
2016-04-29,97.8784637451172,129.3800048828125,129.7100067138672,128.1999969482422,128.4499969482422,7416300
2016-05-02,96.89298248291016,127.81999969482422,128.89999389648438,127.8000030517578,128.66000366210938,11035200
2016-05-03,98.11344909667967,129.42999267578125,130.02000427246094,129.35000610351562,129.5500030517578,10736700
2016-05-04,98.6516342163086,130.13999938964844,130.1699981689453,129.19000244140625,129.67999267578125,7211200
2016-05-05,99.31114959716795,131.00999450683594,131.07000732421875,129.6999969482422,130.05999755859375,7870400
2016-05-06,98.88661193847656,130.4499969482422,130.86000061035156,130.2899932861328,130.85000610351562,7232500
2016-05-09,99.19741821289062,130.86000061035156,130.88999938964844,130.32000732421875,130.4600067138672,4950800
2016-05-10,99.20499420166016,130.8699951171875,131.1199951171875,130.64999389648438,130.85000610351562,4331900
2016-05-11,99.76600646972656,131.61000061035156,132.0,130.66000366210938,130.8300018310547,9256000
2016-05-12,99.31114959716795,131.00999450683594,131.1699981689453,130.58999633789062,130.66000366210938,6087400
2016-05-13,100.27387237548828,132.27999877929688,132.32000732421875,131.22999572753906,131.47999572753906,8707300
2016-05-16,99.40968322753906,131.13999938964844,131.66000366210938,130.97999572753906,131.63999938964844,5137000
2016-05-17,99.57643127441406,131.36000061035156,131.8300018310547,131.2100067138672,131.2100067138672,4449100
2016-05-18,98.15894317626952,129.49000549316406,130.85000610351562,128.91000366210938,130.80999755859375,12681000
2016-05-19,98.58341979980467,130.0500030517578,130.3300018310547,129.64999389648438,129.67999267578125,6209400
2016-05-20,98.65921783447266,130.14999389648438,130.39999389648438,129.5500030517578,129.64999389648438,5348900
2016-05-23,98.87908935546876,130.44000244140625,130.72999572753906,129.9199981689453,130.36000061035156,6979700
2016-05-24,98.4394073486328,129.86000061035156,130.19000244140625,129.24000549316406,129.97000122070312,5968200
2016-05-25,98.06795501708984,129.3699951171875,130.25,129.30999755859375,129.8300018310547,6367400
2016-05-26,98.5758285522461,130.0399932861328,130.4499969482422,129.8000030517578,129.80999755859375,5419300
2016-05-27,98.43182373046876,129.85000610351562,130.25999450683594,129.6999969482422,130.07000732421875,5267600
2016-05-31,98.66677856445312,130.16000366210938,130.44000244140625,128.97999572753906,129.02000427246094,8344300
2016-06-01,99.06713104248048,130.4199981689453,131.27000427246094,130.11000061035156,130.6300048828125,9874900
2016-06-02,99.78114318847656,131.36000061035156,131.69000244140625,130.8699951171875,130.89999389648438,5835400
2016-06-03,101.20156860351562,133.22999572753906,133.22999572753906,132.60000610351562,132.86000061035156,11077200
2016-06-06,100.4495849609375,132.24000549316406,132.88999938964844,132.10000610351562,132.77999877929688,7573700
2016-06-07,100.6926727294922,132.55999755859375,132.97999572753906,132.5399932861328,132.63999938964844,4680200
2016-06-08,101.23196411132812,133.27000427246094,133.42999267578125,132.7100067138672,132.8699951171875,5313200
2016-06-09,101.88525390625,134.1300048828125,134.5399932861328,133.92999267578125,134.32000732421875,6820300
2016-06-10,102.37898254394533,134.77999877929688,135.3300018310547,134.25999450683594,134.7899932861328,6984600
2016-06-13,102.83479309082033,135.3800048828125,135.38999938964844,134.77000427246094,135.08999633789062,7283300
2016-06-14,102.75880432128906,135.27999877929688,136.22000122070312,135.22000122070312,136.19000244140625,9012500
2016-06-15,103.15374755859376,135.8000030517578,136.22999572753906,135.30999755859375,135.52000427246094,7953200
2016-06-16,103.65510559082033,136.4600067138672,137.55999755859375,136.17999267578125,136.74000549316406,10372700
2016-06-17,103.00946044921876,135.61000061035156,136.27000427246094,135.25999450683594,136.1999969482422,8489900
2016-06-20,101.9080047607422,134.16000366210938,134.5500030517578,134.00999450683594,134.24000549316406,7365900
2016-06-21,101.43708038330078,133.5399932861328,134.5800018310547,133.4600067138672,134.2899932861328,6005800
2016-06-22,101.60418701171876,133.75999450683594,133.99000549316406,133.25,133.5,5773700
2016-06-23,100.4419937133789,132.22999572753906,133.32000732421875,132.0800018310547,132.61000061035156,9029100
2016-06-24,103.13858795166016,135.77999877929688,136.61000061035156,135.3000030517578,136.61000061035156,17155000
2016-06-27,105.71360778808594,139.1699981689453,139.58999633789062,138.39999389648438,138.44000244140625,16577100
2016-06-28,105.93389892578124,139.4600067138672,139.89999389648438,138.8800048828125,139.44000244140625,14006400
2016-06-29,105.12110137939452,138.38999938964844,140.1300048828125,138.25999450683594,139.67999267578125,12999800
2016-06-30,105.50855255126952,138.89999389648438,139.94000244140625,138.08999633789062,138.80999755859375,14698500
2016-07-01,106.97342681884766,140.57000732421875,140.82000732421875,139.19000244140625,140.80999755859375,15430200
2016-07-05,108.3127899169922,142.3300018310547,142.91000366210938,141.6999969482422,141.85000610351562,8840800
2016-07-06,108.48785400390624,142.55999755859375,143.0,141.9600067138672,142.7899932861328,14352800
2016-07-07,108.4802703857422,142.5500030517578,143.19000244140625,141.77999877929688,142.08999633789062,9676400
2016-07-08,109.27928924560548,143.60000610351562,143.6199951171875,142.36000061035156,142.9199981689453,10355300
2016-07-11,108.32044219970705,142.33999633789062,143.47000122070312,142.24000549316406,143.0500030517578,8099000
2016-07-12,106.53972625732422,140.0,140.86000061035156,139.63999938964844,140.4199981689453,15810600
2016-07-13,107.7953643798828,141.64999389648438,141.77000427246094,140.9499969482422,141.3699951171875,8181700
2016-07-14,106.22765350341795,139.58999633789062,139.83999633789062,139.08999633789062,139.27999877929688,10817000
2016-07-15,105.31441497802734,138.38999938964844,139.11000061035156,138.17999267578125,138.88999938964844,9958600
2016-07-18,105.21558380126952,138.25999450683594,139.25999450683594,137.72999572753906,139.07000732421875,5955900
2016-07-19,105.8091278076172,139.0399932861328,139.30999755859375,138.39999389648438,138.94000244140625,8073900
2016-07-20,105.23077392578124,138.27999877929688,138.50999450683594,137.91000366210938,138.22999572753906,6942500
2016-07-21,105.44384002685548,138.55999755859375,138.6199951171875,136.99000549316406,137.0399932861328,10398400
2016-07-22,105.62648010253906,138.8000030517578,139.24000549316406,137.8699951171875,137.92999267578125,5811400
2016-07-25,105.55039978027344,138.6999969482422,139.25999450683594,138.58999633789062,138.94000244140625,4243800
2016-07-26,105.7177734375,138.9199981689453,139.52000427246094,138.4600067138672,139.52000427246094,5243400
2016-07-27,107.0343246459961,140.64999389648438,140.64999389648438,139.39999389648438,139.5500030517578,8508100
2016-07-28,106.83641815185548,140.38999938964844,140.83999633789062,139.7100067138672,139.8000030517578,7336100
2016-07-29,107.7268524169922,141.55999755859375,141.67999267578125,140.22000122070312,140.4499969482422,8766700
2016-08-01,106.55887603759766,139.77000427246094,140.5,139.61000061035156,139.77999877929688,9809300
2016-08-02,105.4610366821289,138.3300018310547,139.25999450683594,137.5,137.8300018310547,10051200
2016-08-03,105.52200317382812,138.41000366210938,138.77999877929688,137.91000366210938,138.60000610351562,4930600
2016-08-04,106.3149185180664,139.4499969482422,140.16000366210938,139.27000427246094,139.4600067138672,5646000
2016-08-05,105.20946502685548,138.0,139.17999267578125,137.82000732421875,139.0500030517578,7778600
2016-08-08,105.40768432617188,138.25999450683594,138.5399932861328,137.32000732421875,137.60000610351562,5185200
2016-08-09,106.4444808959961,139.6199951171875,139.72000122070312,138.6199951171875,138.7100067138672,5503200
2016-08-10,106.8561782836914,140.16000366210938,140.50999450683594,139.47000122070312,139.89999389648438,5843500
2016-08-11,105.90320587158205,138.91000366210938,140.0800018310547,138.5399932861328,140.05999755859375,7624600
2016-08-12,106.79522705078124,140.0800018310547,140.86000061035156,139.8699951171875,140.41000366210938,7989600
2016-08-15,105.7888412475586,138.75999450683594,139.6300048828125,138.75,139.33999633789062,5108600
2016-08-16,105.5067138671875,138.38999938964844,139.14999389648438,138.22999572753906,138.97999572753906,6182700
2016-08-17,106.13959503173828,139.22000122070312,139.44000244140625,138.5,138.6300048828125,5002000
2016-08-18,106.30728912353516,139.44000244140625,139.75999450683594,138.7899932861328,139.1999969482422,3805200
2016-08-19,105.75072479248048,138.7100067138672,139.0500030517578,138.10000610351562,138.63999938964844,5516300
2016-08-22,106.64276123046876,139.8800048828125,140.13999938964844,139.3699951171875,139.64999389648438,5549700
2016-08-23,106.7570571899414,140.02999877929688,140.58999633789062,139.6699981689453,140.27000427246094,6841400
2016-08-24,106.50550842285156,139.6999969482422,140.19000244140625,139.38999938964844,140.10000610351562,6027800
2016-08-25,106.10143280029295,139.1699981689453,139.77999877929688,138.9600067138672,139.25999450683594,5855500
2016-08-26,105.48394775390624,138.36000061035156,140.69000244140625,138.22000122070312,139.72999572753906,12962500
2016-08-29,106.89432525634766,140.2100067138672,140.35000610351562,139.2100067138672,139.3800048828125,7310400
2016-08-30,106.48261260986328,139.6699981689453,140.25999450683594,139.6699981689453,140.1699981689453,5161800
2016-08-31,106.63509368896484,139.8699951171875,140.1699981689453,139.33999633789062,139.66000366210938,7349700
2016-09-01,106.75275421142578,139.77000427246094,140.10000610351562,138.57000732421875,138.6199951171875,9149100
2016-09-02,105.88198852539062,138.6300048828125,139.0500030517578,138.1699981689453,138.9600067138672,8397000
2016-09-06,106.65349578857422,139.63999938964844,140.0800018310547,138.50999450683594,138.7100067138672,8542600
2016-09-07,106.5770263671875,139.5399932861328,140.4199981689453,139.5399932861328,140.3699951171875,5421800
2016-09-08,105.24044036865234,137.7899932861328,139.27000427246094,137.25999450683594,138.86000061035156,14301500
2016-09-09,103.50668334960938,135.52000427246094,136.1199951171875,135.41000366210938,136.07000732421875,13347700
2016-09-12,103.56015014648438,135.58999633789062,135.8300018310547,135.16000366210938,135.32000732421875,9096600
2016-09-13,102.38394927978516,134.0500030517578,136.0,133.36000061035156,135.8699951171875,15645400
2016-09-14,102.53668975830078,134.25,134.91000366210938,134.0500030517578,134.0500030517578,7037700
2016-09-15,102.09371185302734,133.6699981689453,134.0500030517578,133.02999877929688,133.61000061035156,9874500
2016-09-16,102.91852569580078,134.75,134.80999755859375,134.22000122070312,134.5800018310547,7507900
2016-09-19,102.58251190185548,134.30999755859375,134.8699951171875,134.25,134.52000427246094,7105900
2016-09-20,102.94146728515624,134.77999877929688,135.5800018310547,134.6699981689453,135.14999389648438,6054800
2016-09-21,103.77398681640624,135.8699951171875,135.88999938964844,134.17999267578125,134.60000610351562,10698100
2016-09-22,104.59884643554688,136.9499969482422,137.2899932861328,136.5,136.6699981689453,12426200
2016-09-23,104.49954986572266,136.82000732421875,137.33999633789062,136.7100067138672,137.02999877929688,5928800
2016-09-26,105.1640625,137.69000244140625,137.8300018310547,137.02000427246094,137.07000732421875,8661300
2016-09-27,105.93553161621094,138.6999969482422,138.8000030517578,137.9499969482422,138.58999633789062,9450400
2016-09-28,105.7063217163086,138.39999389648438,139.14999389648438,138.22000122070312,138.5,7958700
2016-09-29,105.97368621826172,138.75,139.07000732421875,137.4499969482422,137.55999755859375,8319800
2016-09-30,105.0266342163086,137.50999450683594,138.63999938964844,136.8699951171875,138.5500030517578,11747100
2016-10-03,104.68000793457033,136.80999755859375,137.77000427246094,136.75999450683594,137.67999267578125,7588800
2016-10-04,103.45577239990234,135.2100067138672,136.83999633789062,135.16000366210938,136.6199951171875,12048700
2016-10-05,102.97370147705078,134.5800018310547,135.0800018310547,134.1199951171875,135.02000427246094,8917700
2016-10-06,102.39982604980467,133.8300018310547,134.69000244140625,133.67999267578125,133.97000122070312,7839900
2016-10-07,102.4687271118164,133.9199981689453,134.2899932861328,133.08999633789062,133.92999267578125,9953200
2016-10-10,101.86426544189452,133.1300048828125,133.16000366210938,132.50999450683594,132.85000610351562,6089100
2016-10-11,101.6347427368164,132.8300018310547,133.5500030517578,132.57000732421875,132.86000061035156,9670400
2016-10-12,101.73419189453124,132.9600067138672,133.02000427246094,132.24000549316406,132.6699981689453,7582400
2016-10-13,102.11675262451172,133.4600067138672,133.92999267578125,133.3699951171875,133.63999938964844,7080600
2016-10-14,100.68590545654295,131.58999633789062,132.9499969482422,131.52999877929688,132.27000427246094,11415100
2016-10-17,101.3286361694336,132.42999267578125,132.74000549316406,132.08999633789062,132.10000610351562,10595900
2016-10-18,101.65764617919922,132.86000061035156,132.88999938964844,131.8300018310547,131.86000061035156,7151000
2016-10-19,101.74181365966795,132.97000122070312,133.27000427246094,132.32000732421875,132.3699951171875,6941300
2016-10-20,101.84890747070312,133.11000061035156,133.75,132.89999389648438,133.63999938964844,6082300
2016-10-21,102.0019989013672,133.30999755859375,133.72000122070312,132.8699951171875,133.52000427246094,9222700
2016-10-24,101.55817413330078,132.72999572753906,133.4499969482422,132.2899932861328,133.41000366210938,6507500
2016-10-25,101.82596588134766,133.0800018310547,133.55999755859375,132.49000549316406,132.52999877929688,5134700
2016-10-26,101.13733673095705,132.17999267578125,132.8000030517578,131.99000549316406,132.4600067138672,5842500
2016-10-27,100.03555297851562,130.74000549316406,131.07000732421875,130.05999755859375,131.07000732421875,10044700
2016-10-28,99.81365966796876,130.4499969482422,130.92999267578125,130.3300018310547,130.38999938964844,7541000
2016-10-31,100.42578125,131.25,131.2899932861328,130.7100067138672,130.88999938964844,7047500
2016-11-01,100.43347930908205,131.00999450683594,131.60000610351562,129.8800048828125,130.16000366210938,12622400
2016-11-02,100.87039947509766,131.5800018310547,132.11000061035156,131.02999877929688,131.3000030517578,8666200
2016-11-03,100.09611511230467,130.57000732421875,131.0500030517578,130.44000244140625,130.75,6085400
2016-11-04,100.9931182861328,131.74000549316406,131.7899932861328,131.1300048828125,131.27000427246094,7622600
2016-11-07,100.13444519042967,130.6199951171875,131.0,130.44000244140625,130.75,5386700
2016-11-08,99.72815704345705,130.08999633789062,131.2100067138672,129.7100067138672,131.02000427246094,7576500
2016-11-09,95.4964828491211,124.56999969482422,127.37000274658205,124.22000122070312,127.22000122070312,31233500
2016-11-10,94.0859146118164,122.7300033569336,124.95999908447266,122.72000122070312,123.97000122070312,22961200
2016-11-11,93.5569305419922,122.04000091552734,123.0500030517578,121.6500015258789,122.95999908447266,10040200
2016-11-14,92.997314453125,121.30999755859376,122.66000366210938,120.7300033569336,121.27999877929688,21174400
2016-11-15,93.45730590820312,121.91000366210938,122.80999755859376,121.77999877929688,122.22000122070312,11963700
2016-11-16,94.30056762695312,123.01000213623048,123.13999938964844,122.16999816894533,122.3000030517578,9149500
2016-11-17,92.9129867553711,121.1999969482422,122.11000061035156,120.98999786376952,121.9499969482422,11221600
2016-11-18,92.64469909667967,120.8499984741211,121.97000122070312,120.33999633789062,121.62999725341795,13577700
2016-11-21,92.87466430664062,121.1500015258789,121.4800033569336,120.88999938964844,121.20999908447266,6488100
2016-11-22,92.84397888183594,121.11000061035156,121.76000213623048,120.87999725341795,121.66000366210938,9989900
2016-11-23,92.48370361328124,120.63999938964844,120.91000366210938,119.25,119.98999786376952,13563500
2016-11-25,92.62166595458984,120.81999969482422,121.29000091552734,120.4000015258789,121.19000244140624,3126300
2016-11-28,93.30396270751952,121.70999908447266,121.7300033569336,121.08999633789062,121.41000366210938,8555000
2016-11-29,93.69490051269533,122.22000122070312,122.4000015258789,121.20999908447266,121.44000244140624,8363000
2016-11-30,92.17705535888672,120.23999786376952,121.01000213623048,119.4800033569336,119.97000122070312,21163500
2016-12-01,91.2038116455078,118.7300033569336,118.98999786376952,117.63999938964844,118.51000213623048,21715700
2016-12-02,91.87205505371094,119.5999984741211,120.20999908447266,119.13999938964844,119.16999816894533,12487500
2016-12-05,91.77222442626952,119.47000122070312,120.4000015258789,118.4499969482422,118.93000030517578,12100100
2016-12-06,91.70306396484376,119.37999725341795,119.94000244140624,119.12000274658205,119.33999633789062,11526600
2016-12-07,92.48662567138672,120.4000015258789,120.62000274658205,119.81999969482422,119.81999969482422,10392200
2016-12-08,91.39585876464844,118.9800033569336,119.30999755859376,118.77999877929688,119.1500015258789,12041100
2016-12-09,90.25894927978516,117.5,118.86000061035156,117.27999877929688,118.63999938964844,14646400
2016-12-12,90.42796325683594,117.72000122070312,117.8000030517578,116.87999725341795,117.2699966430664,9496300
2016-12-13,90.75057220458984,118.13999938964844,118.48999786376952,117.44000244140624,118.4000015258789,12189200
2016-12-14,89.73658752441406,116.81999969482422,119.20999908447266,116.8000030517578,119.08000183105467,16618400
2016-12-15,90.18982696533205,117.41000366210938,118.29000091552734,117.02999877929688,117.55999755859376,12400500
2016-12-16,89.9824447631836,117.13999938964844,117.91999816894533,116.8000030517578,117.61000061035156,14924600
2016-12-19,90.95030212402344,118.4000015258789,118.58000183105467,117.73999786376952,117.9800033569336,10868300
2016-12-20,90.49703979492188,117.80999755859376,117.9000015258789,117.37999725341795,117.62999725341795,7030600
2016-12-21,90.89652252197266,118.33000183105467,118.4000015258789,117.7300033569336,117.91999816894533,4624700
2016-12-22,90.7339859008789,117.80999755859376,118.0,117.5,117.52999877929688,5177800
2016-12-23,90.91886138916016,118.0500030517578,118.38999938964844,117.9499969482422,118.23999786376952,4461600
2016-12-27,90.6261749267578,117.66999816894533,117.6999969482422,117.2300033569336,117.41999816894533,5276600
2016-12-28,91.28849029541016,118.52999877929688,118.87999725341795,117.6999969482422,117.86000061035156,7578600
2016-12-29,91.61203002929688,118.9499969482422,119.2699966430664,118.66000366210938,118.8000030517578,8581400
2016-12-30,91.75065612792967,119.12999725341795,119.6500015258789,118.72000122070312,118.77999877929688,10613900
2017-01-03,92.1434555053711,119.63999938964844,119.98999786376952,118.18000030517578,118.41000366210938,13217300
2017-01-04,92.4976806640625,120.0999984741211,120.23999786376952,119.4499969482422,119.76000213623048,6699600
2017-01-05,93.94563293457033,121.9800033569336,122.02999877929688,120.16999816894533,120.4499969482422,13265800
2017-01-06,93.0830535888672,120.86000061035156,121.54000091552734,120.75,121.12999725341795,8369300
2017-01-09,93.8301239013672,121.83000183105467,122.0,121.45999908447266,121.87999725341795,8839100
2017-01-10,93.76848602294922,121.75,121.91000366210938,121.27999877929688,121.5500030517578,8417900
2017-01-11,94.0842742919922,122.16000366210938,122.69000244140624,121.41000366210938,121.94000244140624,9402500
2017-01-12,93.87631225585938,121.88999938964844,123.13999938964844,121.83000183105467,122.8000030517578,9977600
2017-01-13,93.4296417236328,121.30999755859376,121.75,120.62000274658205,121.33000183105467,9820000
2017-01-17,94.4077606201172,122.58000183105467,122.94000244140624,121.98999786376952,122.80999755859376,7853300
2017-01-18,93.19855499267578,121.01000213623048,121.95999908447266,120.91000366210938,121.7699966430664,9064700
2017-01-19,92.55931854248048,120.18000030517578,120.58000183105467,119.5500030517578,120.48999786376952,11795600
2017-01-20,92.37451171875,119.94000244140624,120.30999755859376,119.29000091552734,119.83999633789062,16953200
2017-01-23,93.29869842529295,121.13999938964844,121.87000274658205,120.0199966430664,120.33999633789062,13118400
2017-01-24,92.6594696044922,120.30999755859376,121.12999725341795,119.8000030517578,120.7699966430664,8395000
2017-01-25,91.4964828491211,118.8000030517578,119.5999984741211,118.55999755859376,119.27999877929688,11115100
2017-01-26,91.80455017089844,119.1999969482422,119.26000213623048,118.33000183105467,118.91000366210938,7827900
2017-01-27,92.13570404052734,119.62999725341795,119.83000183105467,119.25,119.4000015258789,7197800
2017-01-30,91.85848999023438,119.2699966430664,119.87999725341795,119.1999969482422,119.44000244140624,6569500
2017-01-31,92.4976806640625,120.0999984741211,120.4000015258789,119.25,119.33000183105467,13298500
2017-02-01,91.92577362060548,119.0999984741211,119.52999877929688,118.58000183105467,119.0999984741211,10975500
2017-02-02,91.8871841430664,119.0500030517578,120.13999938964844,119.0,119.93000030517578,6978600
2017-02-03,91.8486099243164,119.0,119.87000274658205,118.47000122070312,119.44000244140624,10275600
2017-02-06,92.40435028076172,119.72000122070312,120.12999725341795,119.12000274658205,119.76000213623048,8433800
2017-02-07,93.0835418701172,120.5999984741211,121.01000213623048,119.47000122070312,119.77999877929688,8418400
2017-02-08,94.34937286376952,122.23999786376952,122.2699966430664,121.41000366210938,121.41999816894533,15734200
2017-02-09,93.26106262207033,120.83000183105467,121.58999633789062,120.66000366210938,121.41000366210938,16890600
2017-02-10,93.20706939697266,120.76000213623048,120.9499969482422,120.11000061035156,120.11000061035156,7978500
2017-02-13,92.91370391845705,120.37999725341795,120.41000366210938,119.87999725341795,120.25,11536800
2017-02-14,92.24222564697266,119.51000213623048,120.3000030517578,118.83000183105467,120.23999786376952,13210500
2017-02-15,91.81774139404295,118.95999908447266,119.22000122070312,118.6500015258789,118.76000213623048,8481000
2017-02-16,92.31945037841795,119.61000061035156,120.20999908447266,119.12000274658205,119.22000122070312,10005800
2017-02-17,92.86743927001952,120.31999969482422,120.6999969482422,120.12999725341795,120.61000061035156,7886400
2017-02-21,92.70533752441406,120.11000061035156,120.61000061035156,119.5999984741211,119.68000030517578,8703800
2017-02-22,92.85968780517578,120.30999755859376,120.81999969482422,119.58999633789062,120.8000030517578,8101500
2017-02-23,93.13755798339844,120.66999816894533,120.73999786376952,120.33000183105467,120.56999969482422,5330800
2017-02-24,94.17181396484376,122.01000213623048,122.13999938964844,121.26000213623048,121.3499984741211,11336000
2017-02-27,93.61609649658205,121.29000091552734,121.9000015258789,121.2300033569336,121.80999755859376,11039800
2017-02-28,93.96345520019533,121.73999786376952,122.08000183105467,121.31999969482422,121.5,8410500
2017-03-01,92.38896942138672,119.47000122070312,119.5500030517578,118.9499969482422,119.44000244140624,10717100
2017-03-02,92.05641174316406,119.04000091552734,119.20999908447266,118.62000274658205,119.01000213623048,8201200
2017-03-03,92.296142578125,119.3499984741211,119.3499984741211,118.5500030517578,119.2300033569336,9515200
2017-03-06,91.85535430908205,118.77999877929688,119.12000274658205,118.5199966430664,119.12000274658205,4489200
2017-03-07,91.5769500732422,118.41999816894533,118.68000030517578,118.25,118.4800033569336,7080100
2017-03-08,91.0820083618164,117.77999877929688,117.9499969482422,117.2300033569336,117.30999755859376,11336300
2017-03-09,90.35508728027344,116.83999633789062,117.4800033569336,116.7699966430664,117.33999633789062,10575400
2017-03-10,90.67218017578124,117.25,117.31999969482422,116.68000030517578,117.13999938964844,9218500
2017-03-13,90.09993743896484,116.51000213623048,117.08999633789062,116.48999786376952,116.83000183105467,6993100
2017-03-14,90.53294372558594,117.06999969482422,117.3499984741211,116.70999908447266,116.7699966430664,9869200
2017-03-15,91.63883209228516,118.5,118.83000183105467,117.43000030517578,117.55999755859376,14600500
2017-03-16,91.17481994628906,117.9000015258789,118.1500015258789,117.62999725341795,117.98999786376952,8018200
2017-03-17,91.7470703125,118.63999938964844,118.75,118.02999877929688,118.11000061035156,7266800
2017-03-20,92.1414794921875,119.1500015258789,119.2300033569336,118.5,118.5500030517578,5497800
2017-03-21,92.9070816040039,120.13999938964844,120.3000030517578,119.0199966430664,119.0500030517578,12540700
2017-03-22,93.27821350097656,120.62000274658205,121.16999816894533,120.43000030517578,120.72000122070312,11661400
2017-03-23,93.14678192138672,120.4499969482422,121.0199966430664,120.05999755859376,120.83000183105467,6746500
2017-03-24,93.47930908203124,120.87999725341795,121.0999984741211,120.4000015258789,120.52999877929688,5819600
2017-03-27,93.9046630859375,121.43000030517578,121.97000122070312,121.19000244140624,121.83000183105467,6878500
2017-03-28,93.27821350097656,120.62000274658205,121.81999969482422,120.48999786376952,121.79000091552734,6811200
2017-03-29,93.8350830078125,121.33999633789062,121.37999725341795,120.87999725341795,120.94000244140624,6291000
2017-03-30,93.07717895507812,120.36000061035156,121.08999633789062,120.31999969482422,121.06999969482422,7042400
2017-03-31,93.34788513183594,120.70999908447266,120.80999755859376,120.20999908447266,120.27999877929688,5144800
2017-04-03,94.28942108154295,121.66999816894533,121.87000274658205,120.4000015258789,120.4499969482422,12996500
2017-04-04,93.77796173095705,121.01000213623048,121.58999633789062,120.9499969482422,121.37000274658205,6976700
2017-04-05,94.06473541259766,121.37999725341795,121.5199966430664,120.36000061035156,120.55999755859376,8555200
2017-04-06,93.92520904541016,121.1999969482422,121.41000366210938,120.5199966430664,121.23999786376952,6497000
2017-04-07,93.54550170898438,120.70999908447266,122.25,120.69000244140624,121.83999633789062,10270000
2017-04-10,93.97945404052734,121.2699966430664,121.62000274658205,121.0,121.13999938964844,5314500
2017-04-11,94.87067413330078,122.41999816894533,122.6500015258789,121.72000122070312,121.8000030517578,11297400
2017-04-12,95.389892578125,123.08999633789062,123.19000244140624,122.29000091552734,122.51000213623048,11532500
2017-04-13,95.68435668945312,123.47000122070312,123.73999786376952,122.91000366210938,123.4499969482422,8396700
2017-04-17,95.389892578125,123.08999633789062,123.5500030517578,122.86000061035156,123.45999908447266,8015000
2017-04-18,96.63758850097656,124.6999969482422,124.9800033569336,123.5500030517578,123.86000061035156,11529700
2017-04-19,96.11060333251952,124.0199966430664,124.16999816894533,123.6999969482422,124.0999984741211,7344000
2017-04-20,95.73860931396484,123.54000091552734,123.91999816894533,123.13999938964844,123.5199966430664,7932900
2017-04-21,95.73860931396484,123.54000091552734,124.23999786376952,123.48999786376952,123.81999969482422,9798500
2017-04-24,95.26590728759766,122.93000030517578,123.16000366210938,122.45999908447266,122.5500030517578,8066400
2017-04-25,94.11893463134766,121.4499969482422,122.45999908447266,121.37999725341795,122.20999908447266,8122300
2017-04-26,94.63819885253906,122.12000274658205,122.13999938964844,121.43000030517578,121.5199966430664,5766200
2017-04-27,94.60711669921876,122.08000183105467,122.3499984741211,121.58000183105467,121.75,4978300
2017-04-28,94.81642150878906,122.3499984741211,122.44000244140624,121.5500030517578,121.5999984741211,8166300
2017-05-01,94.02820587158205,121.08000183105467,122.13999938964844,120.70999908447266,121.69000244140624,8795900
2017-05-02,94.5096664428711,121.6999969482422,121.77999877929688,120.94000244140624,120.97000122070312,6727800
2017-05-03,94.57176971435548,121.77999877929688,122.38999938964844,121.5500030517578,122.22000122070312,8932900
2017-05-04,94.10584259033205,121.18000030517578,121.22000122070312,120.66999816894533,121.01000213623048,9707200
2017-05-05,94.1912612915039,121.29000091552734,121.47000122070312,120.88999938964844,121.37999725341795,5605400
2017-05-08,93.6787109375,120.62999725341795,121.13999938964844,120.52999877929688,121.11000061035156,8057800
2017-05-09,93.6709213256836,120.62000274658205,120.62999725341795,120.13999938964844,120.37999725341795,5536700
2017-05-10,93.5622329711914,120.4800033569336,121.05999755859376,120.16000366210938,120.91000366210938,6517000
2017-05-11,93.5622329711914,120.4800033569336,120.56999969482422,119.91000366210938,120.0,7479800
2017-05-12,94.26893615722656,121.38999938964844,121.48999786376952,120.9800033569336,121.01000213623048,7463900
2017-05-15,94.01268768310548,121.05999755859376,121.20999908447266,120.75,121.05999755859376,5173200
2017-05-16,94.36213684082033,121.51000213623048,121.88999938964844,121.11000061035156,121.11000061035156,6722700
2017-05-17,95.73666381835938,123.27999877929688,123.54000091552734,122.38999938964844,122.62999725341795,11236400
2017-05-18,95.84542083740234,123.41999816894533,123.94000244140624,123.19000244140624,123.75,8350500
2017-05-19,96.0706024169922,123.70999908447266,123.77999877929688,123.01000213623048,123.36000061035156,11277400
2017-05-22,95.80656433105467,123.37000274658205,123.55999755859376,123.26000213623048,123.41000366210938,4062900
2017-05-23,95.16200256347656,122.54000091552734,123.62000274658205,122.4800033569336,123.51000213623048,7901300
2017-05-24,95.69786071777344,123.2300033569336,123.26000213623048,122.54000091552734,122.8000030517578,7355200
2017-05-25,95.7289047241211,123.2699966430664,123.27999877929688,122.76000213623048,123.0199966430664,6464800
2017-05-26,95.89201354980467,123.4800033569336,123.73999786376952,123.25,123.5500030517578,2963800
2017-05-30,96.36566925048828,124.08999633789062,124.13999938964844,123.73999786376952,124.02999877929688,4819400
2017-05-31,96.60636901855467,124.4000015258789,124.6500015258789,124.02999877929688,124.0500030517578,8000200
2017-06-01,96.61659240722656,124.1500015258789,124.19000244140624,123.66000366210938,123.6999969482422,9037300
2017-06-02,97.76053619384766,125.62000274658205,125.7699966430664,125.0500030517578,125.22000122070312,13245000
2017-06-05,97.15351104736328,124.83999633789062,125.16000366210938,124.77999877929688,124.9000015258789,6775500
2017-06-06,97.6827392578125,125.5199966430664,125.87000274658205,125.4000015258789,125.69000244140624,12841500
2017-06-07,97.2157974243164,124.91999816894533,125.5199966430664,124.79000091552734,125.23999786376952,12852400
2017-06-08,96.95899963378906,124.58999633789062,124.87999725341795,124.3000030517578,124.87999725341795,8758600
2017-06-09,96.81110382080078,124.4000015258789,124.63999938964844,123.9800033569336,124.08000183105467,5130500
2017-06-12,96.77999114990234,124.36000061035156,124.98999786376952,124.13999938964844,124.20999908447266,4335800
2017-06-13,96.79554748535156,124.37999725341795,124.5199966430664,123.98999786376952,124.01000213623048,4742600
2017-06-14,98.2897491455078,126.3000030517578,126.70999908447266,125.7300033569336,125.91999816894533,20212300
2017-06-15,98.13407135009766,126.0999984741211,126.33000183105467,125.83000183105467,126.08999633789062,5863700
2017-06-16,98.32865142822266,126.3499984741211,126.44000244140624,126.01000213623048,126.08000183105467,6672500
2017-06-19,98.18854522705078,126.16999816894533,126.4800033569336,126.02999877929688,126.31999969482422,5641300
2017-06-20,99.06796264648438,127.3000030517578,127.4000015258789,126.79000091552734,126.79000091552734,8405700
2017-06-21,99.27029418945312,127.55999755859376,127.63999938964844,126.91000366210938,127.11000061035156,5914800
2017-06-22,99.48816680908205,127.83999633789062,127.87000274658205,127.30999755859376,127.70999908447266,6608100
2017-06-23,99.4415054321289,127.77999877929688,127.9000015258789,127.4000015258789,127.47000122070312,4329900
2017-06-26,99.81503295898438,128.25999450683594,128.57000732421875,128.16000366210938,128.27000427246094,5541600
2017-06-27,98.74888610839844,126.88999938964844,127.48999786376952,126.62000274658205,127.43000030517578,8354200
2017-06-28,98.4220199584961,126.47000122070312,126.70999908447266,125.9800033569336,126.66999816894533,7357900
2017-06-29,97.59715270996094,125.41000366210938,125.72000122070312,124.9000015258789,125.01000213623048,9115800
2017-06-30,97.37141418457033,125.12000274658205,125.38999938964844,124.8499984741211,125.19000244140624,10189800
2017-07-03,97.05792999267578,124.45999908447266,125.04000091552734,124.0199966430664,125.0,11021100
2017-07-05,97.08136749267578,124.48999786376952,124.6500015258789,124.12000274658205,124.1999969482422,11394500
2017-07-06,96.27812957763672,123.45999908447266,123.63999938964844,122.93000030517578,123.5199966430664,10853100
2017-07-07,95.70101928710938,122.72000122070312,123.02999877929688,122.58999633789062,122.83999633789062,9401800
2017-07-10,95.84144592285156,122.9000015258789,123.0999984741211,122.68000030517578,122.87000274658205,3859200
2017-07-11,96.0051727294922,123.11000061035156,123.33000183105467,122.70999908447266,122.86000061035156,4425600
2017-07-12,96.6680679321289,123.95999908447266,124.04000091552734,123.48999786376952,123.88999938964844,7839900
2017-07-13,96.05979919433594,123.18000030517578,123.6500015258789,122.80999755859376,123.5999984741211,7449300
2017-07-14,96.1767578125,123.33000183105467,124.16000366210938,123.12000274658205,124.0999984741211,6566800
2017-07-17,96.44190216064452,123.66999816894533,123.98999786376952,123.2699966430664,123.33000183105467,4737300
2017-07-18,97.28406524658205,124.75,124.7699966430664,124.2300033569336,124.43000030517578,9163000
2017-07-19,97.32308959960938,124.8000030517578,125.01000213623048,124.58999633789062,124.77999877929688,5140900
2017-07-20,97.60385131835938,125.16000366210938,125.7300033569336,124.97000122070312,125.48999786376952,12239100
2017-07-21,98.0171356201172,125.69000244140624,126.02999877929688,125.56999969482422,125.7300033569336,6201500
2017-07-24,97.63502502441406,125.1999969482422,125.66000366210938,125.16000366210938,125.4499969482422,5378500
2017-07-25,96.36390686035156,123.56999969482422,124.19000244140624,123.47000122070312,124.13999938964844,9743300
2017-07-26,96.5198745727539,123.7699966430664,124.08999633789062,123.08000183105467,123.2699966430664,8459500
2017-07-27,96.04411315917967,123.16000366210938,123.37999725341795,122.81999969482422,123.11000061035156,6390800
2017-07-28,96.6134262084961,123.88999938964844,123.98999786376952,123.26000213623048,123.2699966430664,5491800
2017-07-31,96.73040008544922,124.04000091552734,124.0500030517578,123.4000015258789,123.45999908447266,5464600
2017-08-01,97.40958404541016,124.63999938964844,124.70999908447266,123.16000366210938,123.18000030517578,9676800
2017-08-02,97.46427917480467,124.70999908447266,125.16999816894533,124.68000030517578,124.7699966430664,5745600
2017-08-03,98.47241973876952,126.0,126.0199966430664,125.26000213623048,125.29000091552734,10324500
2017-08-04,97.63619232177734,124.93000030517578,125.18000030517578,124.44000244140624,125.1500015258789,8485500
2017-08-07,97.74559783935548,125.06999969482422,125.0999984741211,124.61000061035156,124.83999633789062,4684600
2017-08-08,97.39392852783205,124.62000274658205,124.9800033569336,124.1500015258789,124.87000274658205,6197400
2017-08-09,97.92534637451172,125.3000030517578,125.9499969482422,125.1999969482422,125.93000030517578,9221800
2017-08-10,98.76162719726562,126.37000274658205,126.44000244140624,125.5199966430664,125.62000274658205,10378200
2017-08-11,98.8084945678711,126.43000030517578,126.45999908447266,125.5500030517578,125.7699966430664,5717800
2017-08-14,98.3005142211914,125.77999877929688,126.27999877929688,125.7300033569336,125.98999786376952,5111000
2017-08-15,97.88628387451172,125.25,125.54000091552734,124.70999908447266,124.7300033569336,7473200
2017-08-16,98.24578857421876,125.70999908447266,126.0199966430664,124.80999755859376,124.83000183105467,5283800
2017-08-17,98.9804229736328,126.6500015258789,126.68000030517578,125.51000213623048,125.6999969482422,9364700
2017-08-18,98.95699310302734,126.62000274658205,127.1500015258789,126.26000213623048,126.9800033569336,8382500
2017-08-21,99.19924926757812,126.93000030517578,127.0199966430664,126.5,126.7699966430664,7669800
2017-08-22,98.81629180908205,126.44000244140624,126.80999755859376,126.2699966430664,126.79000091552734,6140700
2017-08-23,99.4884033203125,127.3000030517578,127.30999755859376,126.76000213623048,127.04000091552734,7446400
2017-08-24,99.12107849121094,126.83000183105467,127.30999755859376,126.72000122070312,126.87999725341795,5569400
2017-08-25,99.50405883789062,127.31999969482422,127.4499969482422,126.87000274658205,127.0199966430664,7303300
2017-08-28,99.4415054321289,127.23999786376952,127.38999938964844,126.7300033569336,126.91999816894533,4448500
2017-08-29,99.76194763183594,127.6500015258789,128.52000427246094,127.30999755859376,128.4600067138672,7659400
2017-08-30,99.7306900024414,127.61000061035156,127.73999786376952,127.33999633789062,127.45999908447266,4735200
2017-08-31,100.02766418457033,127.98999786376952,128.02999877929688,127.56999969482422,127.63999938964844,7978400
2017-09-01,99.26258850097656,126.75,127.33999633789062,126.43000030517578,127.30999755859376,14128600
2017-09-05,100.8366470336914,128.75999450683594,128.8000030517578,127.69000244140624,127.69000244140624,15215700
2017-09-06,100.21802520751952,127.97000122070312,129.0,127.73999786376952,128.72000122070312,9066400
2017-09-07,101.24386596679688,129.27999877929688,129.57000732421875,128.3300018310547,128.3300018310547,13618900
2017-09-08,101.02458190917967,129.0,129.16000366210938,128.57000732421875,129.11000061035156,9808500
2017-09-11,99.81858825683594,127.45999908447266,128.0500030517578,127.26000213623048,127.87000274658205,17856700
2017-09-12,99.29386138916016,126.79000091552734,127.08999633789062,126.52999877929688,127.0500030517578,7557400
2017-09-13,98.9023208618164,126.29000091552734,126.91999816894533,126.27999877929688,126.91000366210938,6740000
2017-09-14,99.30951690673828,126.80999755859376,126.83000183105467,126.33000183105467,126.37000274658205,6674500
2017-09-15,99.34870147705078,126.86000061035156,127.01000213623048,126.54000091552734,127.0,9769200
2017-09-18,98.77702331542967,126.12999725341795,126.56999969482422,125.83999633789062,126.5,6863000
2017-09-19,98.53424835205078,125.81999969482422,126.30999755859376,125.7300033569336,126.27999877929688,5554900
2017-09-20,98.60472106933594,125.91000366210938,126.0500030517578,125.33000183105467,125.97000122070312,8037000
2017-09-21,98.54987335205078,125.83999633789062,126.55999755859376,125.81999969482422,126.16000366210938,6147800
2017-09-22,98.83181762695312,126.1999969482422,126.7300033569336,126.05999755859376,126.5,5660700
2017-09-25,99.45050811767578,126.98999786376952,127.2699966430664,126.1999969482422,126.31999969482422,9679000
2017-09-26,99.27037811279295,126.76000213623048,126.88999938964844,126.43000030517578,126.7699966430664,7251900
2017-09-27,97.77462768554688,124.8499984741211,125.3000030517578,124.61000061035156,124.87000274658205,12145700
2017-09-28,97.48484802246094,124.4800033569336,124.6500015258789,123.97000122070312,124.20999908447266,8883700
2017-09-29,97.7041473388672,124.76000213623048,125.02999877929688,124.2699966430664,124.76000213623048,11285500
2017-10-02,97.52517700195312,124.27999877929688,125.0,124.23999786376952,124.80999755859376,7860700
2017-10-03,97.61933135986328,124.4000015258789,124.51000213623048,123.91999816894533,123.91999816894533,6219800
2017-10-04,97.62721252441406,124.41000366210938,124.58999633789062,123.87999725341795,124.52999877929688,7447000
2017-10-05,97.25839233398438,123.94000244140624,124.3000030517578,123.69000244140624,124.2699966430664,8180300
2017-10-06,96.98374938964844,123.58999633789062,124.0999984741211,123.02999877929688,123.29000091552734,10375000
2017-10-09,97.28977966308594,123.9800033569336,124.05999755859376,123.63999938964844,123.77999877929688,3590900
2017-10-10,97.44671630859376,124.18000030517578,124.87000274658205,124.0199966430664,124.13999938964844,6666800
2017-10-11,97.63504791259766,124.41999816894533,124.66000366210938,124.26000213623048,124.56999969482422,4385900
2017-10-12,98.05093383789062,124.9499969482422,124.9800033569336,124.23999786376952,124.5500030517578,7141600
2017-10-13,98.75718688964844,125.8499984741211,125.94000244140624,125.16999816894533,125.58000183105467,7746900
2017-10-16,98.6865692138672,125.76000213623048,125.9000015258789,125.37999725341795,125.52999877929688,5737300
2017-10-17,98.81217193603516,125.91999816894533,126.08999633789062,125.38999938964844,125.38999938964844,4969600
2017-10-18,98.16082000732422,125.08999633789062,125.18000030517578,124.68000030517578,125.0500030517578,5943800
2017-10-19,98.33342742919922,125.30999755859376,126.01000213623048,125.2699966430664,125.73999786376952,8966500
2017-10-20,97.28977966308594,123.9800033569336,124.27999877929688,123.63999938964844,124.0,12326900
2017-10-23,97.46240997314452,124.1999969482422,124.48999786376952,124.0199966430664,124.16000366210938,6871100
2017-10-24,96.85818481445312,123.43000030517578,123.69000244140624,123.1500015258789,123.37000274658205,6842800
2017-10-25,96.39519500732422,122.83999633789062,122.9800033569336,122.41999816894533,122.52999877929688,9961400
2017-10-26,96.07347869873048,122.43000030517578,123.05999755859376,122.43000030517578,123.05999755859376,8179400
2017-10-27,96.70911407470705,123.23999786376952,123.33000183105467,122.75,122.94000244140624,10480900
2017-10-30,97.63504791259766,124.41999816894533,124.45999908447266,123.55999755859376,123.86000061035156,9051600
2017-10-31,97.66645050048828,124.45999908447266,124.66000366210938,124.4000015258789,124.52999877929688,4424300
2017-11-01,98.1012954711914,124.75,125.13999938964844,124.3000030517578,124.3499984741211,8940400
2017-11-02,98.53384399414062,125.3000030517578,125.5199966430664,124.91999816894533,125.0,7222700
2017-11-03,98.80121612548828,125.63999938964844,125.6999969482422,125.13999938964844,125.47000122070312,10984100
2017-11-06,99.1707763671875,126.11000061035156,126.22000122070312,125.72000122070312,125.93000030517578,6246700
2017-11-07,99.58756256103516,126.63999938964844,126.77999877929688,126.12999725341795,126.2300033569336,6422700
2017-11-08,99.36737060546876,126.36000061035156,126.8000030517578,126.20999908447266,126.58999633789062,3356200
2017-11-09,99.0842514038086,126.0,126.23999786376952,125.5500030517578,125.87000274658205,6280400
2017-11-10,97.59014892578124,124.0999984741211,124.83999633789062,123.95999908447266,124.70999908447266,11981000
2017-11-13,97.7946319580078,124.36000061035156,124.80999755859376,124.30999755859376,124.8000030517578,5880800
2017-11-14,98.45520782470705,125.1999969482422,125.23999786376952,124.7699966430664,124.7699966430664,6195900
2017-11-15,99.52462768554688,126.55999755859376,126.66999816894533,125.63999938964844,126.05999755859376,9568200
2017-11-16,98.65967559814452,125.45999908447266,126.33000183105467,125.4499969482422,126.01000213623048,5894900
2017-11-17,99.39099884033205,126.38999938964844,126.44000244140624,125.95999908447266,126.06999969482422,6938800
2017-11-20,99.35165405273438,126.33999633789062,126.37999725341795,125.91000366210938,125.91000366210938,4232300
2017-11-21,99.6662139892578,126.73999786376952,127.29000091552734,126.30999755859376,127.08999633789062,5818400
2017-11-22,99.9886245727539,127.1500015258789,127.1999969482422,126.51000213623048,126.62000274658205,4140700
2017-11-24,99.71337127685548,126.8000030517578,127.02999877929688,126.69000244140624,126.93000030517578,3141400
2017-11-27,99.57185363769533,126.62000274658205,127.0500030517578,126.41999816894533,126.86000061035156,6079900
2017-11-28,99.7055206298828,126.79000091552734,127.18000030517578,126.47000122070312,126.7699966430664,5983000
2017-11-29,98.72257232666016,125.54000091552734,125.68000030517578,125.0999984741211,125.55999755859376,14547100
2017-11-30,98.39227294921876,125.12000274658205,125.5199966430664,124.44000244140624,125.30999755859376,9630000
2017-12-01,99.72003173828124,126.5500030517578,127.69000244140624,125.0999984741211,125.87000274658205,24583100
2017-12-04,99.76732635498048,126.61000061035156,126.66999816894533,125.80999755859376,125.91999816894533,9609200
2017-12-05,100.26374053955078,127.23999786376952,127.5,126.4499969482422,126.47000122070312,10958900
2017-12-06,100.6104736328125,127.68000030517578,128.22999572753906,127.66000366210938,127.87000274658205,11834200
2017-12-07,99.82245635986328,126.68000030517578,128.10000610351562,126.3000030517578,127.93000030517578,13056800
2017-12-08,99.83033752441406,126.69000244140624,126.73999786376952,126.23999786376952,126.58999633789062,4786100
2017-12-11,99.62551879882812,126.43000030517578,127.08999633789062,126.41000366210938,126.86000061035156,3863800
2017-12-12,99.5860595703125,126.37999725341795,126.41000366210938,125.66999816894533,126.16999816894533,7502400
2017-12-13,100.33467864990234,127.33000183105467,127.38999938964844,126.58999633789062,126.80999755859376,8532900
2017-12-14,100.76016998291016,127.87000274658205,127.9800033569336,126.79000091552734,127.0500030517578,6885000
2017-12-15,101.1384506225586,128.35000610351562,128.58999633789062,127.55999755859376,127.80999755859376,7239400
2017-12-18,100.21647644042967,127.18000030517578,128.0,126.91000366210938,127.97000122070312,7239700
2017-12-19,98.9162826538086,125.52999877929688,126.37999725341795,125.06999969482422,126.31999969482422,11045800
2017-12-20,97.8209457397461,124.13999938964844,124.70999908447266,123.9499969482422,124.30999755859376,10005800
2017-12-21,98.39114379882812,124.5999984741211,124.86000061035156,124.0,124.02999877929688,7026900
2017-12-22,98.5253448486328,124.7699966430664,124.83999633789062,124.52999877929688,124.6999969482422,3974300
2017-12-26,98.81755828857422,125.13999938964844,125.52999877929688,124.97000122070312,124.9800033569336,3168400
2017-12-27,100.10465240478516,126.7699966430664,126.9800033569336,125.6999969482422,125.70999908447266,9059700
2017-12-28,100.0178451538086,126.66000366210938,126.83000183105467,126.37000274658205,126.52999877929688,5297100
2017-12-29,100.17578125,126.86000061035156,127.12000274658205,126.4800033569336,126.5,7580500
2018-01-02,99.09394073486328,125.48999786376952,126.51000213623048,125.06999969482422,126.48999786376952,16238200
2018-01-03,99.56771087646484,126.08999633789062,126.1999969482422,125.48999786376952,126.0,8605100
2018-01-04,99.55192565917967,126.06999969482422,126.16000366210938,125.37000274658205,125.6500015258789,9217900
2018-01-05,99.26760864257812,125.70999908447266,126.18000030517578,125.36000061035156,125.87000274658205,10915400
2018-01-08,99.20447540283205,125.62999725341795,126.02999877929688,125.16999816894533,125.98999786376952,8850600
2018-01-09,97.87785339355467,123.9499969482422,124.83000183105467,123.80999755859376,124.80999755859376,16226400
2018-01-10,97.75939178466795,123.8000030517578,123.93000030517578,122.66000366210938,122.80999755859376,14302600
2018-01-11,98.16213989257812,124.30999755859376,124.58999633789062,123.30999755859376,123.51000213623048,12511000
2018-01-12,98.32793426513672,124.5199966430664,124.79000091552734,123.91000366210938,124.0999984741211,9987100
2018-01-16,98.73860168457033,125.04000091552734,125.27999877929688,124.55999755859376,125.16999816894533,9125900
2018-01-17,98.60431671142578,124.87000274658205,125.63999938964844,124.5999984741211,125.08000183105467,8327000
2018-01-18,97.68832397460938,123.70999908447266,124.2699966430664,123.54000091552734,123.93000030517578,10843900
2018-01-19,97.17506408691406,123.05999755859376,123.55999755859376,122.9800033569336,123.4000015258789,11374300
2018-01-22,97.26984405517578,123.18000030517578,123.70999908447266,122.98999786376952,123.4499969482422,8984700
2018-01-23,97.68832397460938,123.70999908447266,124.1999969482422,123.23999786376952,123.80999755859376,12325700
2018-01-24,97.1592788696289,123.04000091552734,123.12999725341795,122.54000091552734,122.8499984741211,9038900
2018-01-25,97.95680236816406,124.0500030517578,124.1500015258789,122.8000030517578,123.16000366210938,12173300
2018-01-26,97.5935516357422,123.58999633789062,123.91000366210938,123.0999984741211,123.87999725341795,6462900
2018-01-29,96.91448974609376,122.7300033569336,122.97000122070312,122.3000030517578,122.97000122070312,12223000
2018-01-30,96.34589385986328,122.01000213623048,122.37000274658205,121.6999969482422,122.27999877929688,12064400
2018-01-31,96.91448974609376,122.7300033569336,122.93000030517578,121.94000244140624,122.87000274658205,18045100
2018-02-01,95.5098648071289,120.6999969482422,122.52999877929688,120.62999725341795,122.4800033569336,18632800
2018-02-02,94.62362670898438,119.58000183105467,120.26000213623048,119.23999786376952,120.1500015258789,23944400
2018-02-05,95.51781463623048,120.70999908447266,121.81999969482422,118.63999938964844,119.16999816894533,28606200
2018-02-06,94.92433166503906,119.95999908447266,120.87000274658205,119.72000122070312,120.41999816894533,10935400
2018-02-07,94.0222396850586,118.81999969482422,120.33000183105467,118.55999755859376,120.12999725341795,16271100
2018-02-08,93.91937255859376,118.69000244140624,119.18000030517578,117.8499984741211,118.01000213623048,15155100
2018-02-09,93.32592010498048,117.94000244140624,119.08999633789062,117.79000091552734,118.11000061035156,15661600
2018-02-12,93.73741149902344,118.45999908447266,119.3000030517578,118.19000244140624,118.55999755859376,10944600
2018-02-13,94.15673828125,118.98999786376952,119.01000213623048,118.38999938964844,118.61000061035156,8157600
2018-02-14,93.11223602294922,117.66999816894533,118.54000091552734,117.47000122070312,118.45999908447266,12043300
2018-02-15,93.42874908447266,118.06999969482422,118.8000030517578,117.98999786376952,118.19000244140624,8222400
2018-02-16,93.93521118164062,118.70999908447266,119.20999908447266,118.33999633789062,119.04000091552734,8454100
2018-02-20,93.52374267578124,118.19000244140624,118.51000213623048,117.77999877929688,118.27999877929688,8268800
2018-02-21,92.3763427734375,116.73999786376952,118.29000091552734,116.51000213623048,118.23999786376952,12054300
2018-02-22,92.6532974243164,117.08999633789062,117.66000366210938,117.0,117.23999786376952,9317900
2018-02-23,93.47624969482422,118.12999725341795,118.30999755859376,117.72000122070312,117.87999725341795,9072900
2018-02-26,93.50791931152344,118.16999816894533,118.91000366210938,118.04000091552734,118.68000030517578,8771600
2018-02-27,93.37338256835938,118.0,118.66000366210938,117.26000213623048,118.5199966430664,12525700
2018-02-28,93.96688079833984,118.75,118.83000183105467,118.25,118.47000122070312,9311600
2018-03-01,94.60828399658205,119.31999969482422,119.62000274658205,118.1500015258789,118.43000030517578,12287700
2018-03-02,93.83922576904295,118.3499984741211,118.93000030517578,118.12000274658205,118.8499984741211,10064300
2018-03-05,93.58548736572266,118.02999877929688,118.8000030517578,117.62999725341795,118.75,5658200
2018-03-06,93.67269897460938,118.13999938964844,118.68000030517578,118.12000274658205,118.36000061035156,5452000
2018-03-07,93.5696029663086,118.01000213623048,118.68000030517578,117.95999908447266,118.56999969482422,4461800
2018-03-08,94.10877990722656,118.69000244140624,118.98999786376952,118.26000213623048,118.30999755859376,7086700
2018-03-09,93.49036407470705,117.91000366210938,118.2699966430664,117.58999633789062,117.98999786376952,6570400
2018-03-12,94.02952575683594,118.58999633789062,118.66000366210938,118.19000244140624,118.30999755859376,5801300
2018-03-13,94.50524139404295,119.19000244140624,119.37000274658205,118.19000244140624,118.30999755859376,7455300
2018-03-14,95.3377685546875,120.23999786376952,120.4000015258789,119.37000274658205,119.4000015258789,10175000
2018-03-15,95.3377685546875,120.23999786376952,120.48999786376952,119.93000030517578,120.16999816894533,6757900
2018-03-16,94.99681091308594,119.80999755859376,120.01000213623048,119.5500030517578,119.8000030517578,6084300
2018-03-19,94.695556640625,119.43000030517578,119.97000122070312,119.1999969482422,119.20999908447266,8491200
2018-03-20,94.31493377685548,118.9499969482422,119.22000122070312,118.83000183105467,118.91000366210938,5446000
2018-03-21,94.4180145263672,119.08000183105467,119.41999816894533,118.11000061035156,118.66000366210938,9742400
2018-03-22,95.35369873046876,120.26000213623048,120.81999969482422,119.66999816894533,120.30999755859376,12136600
2018-03-23,95.2822723388672,120.16999816894533,120.30999755859376,119.62000274658205,119.68000030517578,7250400
2018-03-26,94.91754913330078,119.70999908447266,120.4499969482422,119.66999816894533,120.0,8237900
2018-03-27,95.93244171142578,120.98999786376952,121.12000274658205,119.80999755859376,119.83000183105467,9168500
2018-03-28,96.18621063232422,121.30999755859376,121.63999938964844,120.9499969482422,121.4499969482422,7412500
2018-03-29,96.65398406982422,121.9000015258789,122.29000091552734,121.51000213623048,121.54000091552734,9694300
2018-04-02,96.84469604492188,121.87999725341795,122.36000061035156,121.16000366210938,121.3499984741211,12036500
2018-04-03,96.0977783203125,120.94000244140624,121.4800033569336,120.83000183105467,121.36000061035156,9855000
2018-04-04,95.8991241455078,120.69000244140624,121.45999908447266,120.5999984741211,121.3499984741211,6654300
2018-04-05,95.1840362548828,119.79000091552734,120.2699966430664,119.7699966430664,120.0999984741211,7603700
2018-04-06,96.22490692138672,121.0999984741211,121.1500015258789,120.22000122070312,120.66000366210938,8831200
2018-04-09,96.3838348388672,121.3000030517578,121.3000030517578,120.3499984741211,120.63999938964844,6307500
2018-04-10,96.2090072631836,121.08000183105467,121.37999725341795,120.77999877929688,121.1999969482422,6046000
2018-04-11,96.55070495605467,121.51000213623048,121.88999938964844,121.2699966430664,121.8499984741211,5901300
2018-04-12,95.84349060058594,120.62000274658205,121.06999969482422,120.41000366210938,121.04000091552734,6622800
2018-04-13,96.06597900390624,120.9000015258789,121.12999725341795,120.5,120.5199966430664,4964000
2018-04-16,96.0977783203125,120.94000244140624,120.97000122070312,120.18000030517578,120.2300033569336,4491300
2018-04-17,96.35997009277344,121.2699966430664,121.58000183105467,120.81999969482422,120.91999816894533,5590400
2018-04-18,95.58924102783205,120.3000030517578,121.33999633789062,120.27999877929688,121.29000091552734,8138400
2018-04-19,94.81051635742188,119.31999969482422,119.52999877929688,118.80999755859376,119.41999816894533,9875800
2018-04-20,94.1271743774414,118.45999908447266,119.12999725341795,118.43000030517578,118.88999938964844,7579400
2018-04-23,94.15100860595705,118.48999786376952,118.62000274658205,118.08000183105467,118.33000183105467,7073200
2018-04-24,93.72195434570312,117.9499969482422,118.4499969482422,117.76000213623048,118.20999908447266,8190800
2018-04-25,93.09424591064452,117.16000366210938,117.6500015258789,116.94000244140624,117.41000366210938,6603800
2018-04-26,93.74578857421876,117.9800033569336,118.12999725341795,117.58999633789062,117.7300033569336,6528600
2018-04-27,94.4688720703125,118.88999938964844,118.9499969482422,118.44000244140624,118.47000122070312,5401800
2018-04-30,94.63573455810548,119.0999984741211,119.55999755859376,118.94000244140624,119.08000183105467,8321100
2018-05-01,94.29489135742188,118.41000366210938,118.83999633789062,118.2300033569336,118.7699966430664,7979200
2018-05-02,94.19139862060548,118.27999877929688,118.87000274658205,118.26000213623048,118.63999938964844,4644000
2018-05-03,94.6134033203125,118.80999755859376,119.30999755859376,118.68000030517578,118.83999633789062,6345300
2018-05-04,94.75677490234376,118.98999786376952,119.2300033569336,118.48999786376952,119.2300033569336,4283500
2018-05-07,94.6054916381836,118.8000030517578,119.0199966430664,118.73999786376952,118.97000122070312,3647800
2018-05-08,94.51786041259766,118.69000244140624,119.0,118.3000030517578,118.5500030517578,6091200
2018-05-09,93.95246887207033,117.9800033569336,118.41999816894533,117.9800033569336,118.12000274658205,7832500
2018-05-10,94.7090072631836,118.93000030517578,118.9800033569336,118.3499984741211,118.5500030517578,7101500
2018-05-11,94.94792938232422,119.2300033569336,119.36000061035156,118.81999969482422,119.31999969482422,4273400
2018-05-14,94.44622039794922,118.5999984741211,118.98999786376952,118.58999633789062,118.8000030517578,4996200
2018-05-15,93.37115478515624,117.25,117.58000183105467,116.6999969482422,117.55999755859376,12901000
2018-05-16,93.01277923583984,116.8000030517578,117.52999877929688,116.79000091552734,117.41999816894533,6518000
2018-05-17,92.54297637939452,116.20999908447266,116.81999969482422,116.08999633789062,116.62999725341795,7330300
2018-05-18,93.33929443359376,117.20999908447266,117.29000091552734,116.51000213623048,116.51000213623048,9606500
2018-05-21,93.38705444335938,117.2699966430664,117.37999725341795,116.9499969482422,117.12999725341795,4448500
2018-05-22,93.24373626708984,117.08999633789062,117.3499984741211,116.8499984741211,117.29000091552734,4700700
2018-05-23,93.92061614990234,117.94000244140624,118.11000061035156,117.66000366210938,117.75,9634000
2018-05-24,94.66919708251952,118.87999725341795,119.05999755859376,118.63999938964844,118.69000244140624,8204100
2018-05-25,95.25845336914062,119.62000274658205,119.83999633789062,119.47000122070312,119.55999755859376,8482800
2018-05-29,97.3448715209961,122.23999786376952,122.5199966430664,120.43000030517578,120.79000091552734,21668100
2018-05-30,96.6918487548828,121.41999816894533,121.4800033569336,120.73999786376952,121.0,11616300
2018-05-31,96.53265380859376,121.22000122070312,121.9800033569336,120.9499969482422,121.55999755859376,10769900
2018-06-01,96.02255249023438,120.3000030517578,120.70999908447266,119.8499984741211,120.16999816894533,8718800
2018-06-04,95.32814025878906,119.43000030517578,120.13999938964844,119.37000274658205,120.11000061035156,7156500
2018-06-05,95.55164337158205,119.70999908447266,120.16000366210938,119.62000274658205,119.95999908447266,5635900
2018-06-06,94.7773895263672,118.73999786376952,119.0999984741211,118.41999816894533,119.08000183105467,7813300
2018-06-07,95.69528198242188,119.88999938964844,120.48999786376952,118.68000030517578,118.69000244140624,13238300
2018-06-08,95.407958984375,119.52999877929688,119.8499984741211,119.44000244140624,119.55999755859376,6790600
2018-06-11,95.23235321044922,119.30999755859376,119.38999938964844,118.94000244140624,119.06999969482422,6844200
2018-06-12,95.25627136230467,119.33999633789062,119.45999908447266,118.88999938964844,118.93000030517578,6048200
2018-06-13,95.20841217041016,119.27999877929688,119.63999938964844,118.62999725341795,119.4499969482422,8834700
2018-06-14,95.99864196777344,120.2699966430664,120.3000030517578,119.4800033569336,119.77999877929688,10078800
2018-06-15,96.08641815185548,120.37999725341795,121.08999633789062,120.3000030517578,120.83000183105467,7992800
2018-06-18,95.99864196777344,120.2699966430664,120.55999755859376,120.04000091552734,120.4800033569336,4893700
2018-06-19,96.557373046875,120.97000122070312,121.2300033569336,120.6999969482422,120.97000122070312,6133300
2018-06-20,95.7112808227539,119.91000366210938,120.79000091552734,119.9000015258789,120.7699966430664,6879100
2018-06-21,96.2141571044922,120.54000091552734,120.75,120.22000122070312,120.36000061035156,7235800
2018-06-22,96.20613098144533,120.52999877929688,120.62000274658205,120.05999755859376,120.08999633789062,4082500
2018-06-25,96.42168426513672,120.8000030517578,121.11000061035156,120.63999938964844,120.66000366210938,8363700
2018-06-26,96.557373046875,120.97000122070312,121.02999877929688,120.66000366210938,120.7699966430664,5450000
2018-06-27,97.46732330322266,122.11000061035156,122.18000030517578,121.5500030517578,121.75,8173400
2018-06-28,97.49121856689452,122.13999938964844,122.25,121.83000183105467,122.12999725341795,7109500
2018-06-29,97.15599822998048,121.72000122070312,122.5,121.6500015258789,122.16999816894533,11164700
2018-07-02,97.07998657226562,121.3499984741211,121.75,121.29000091552734,121.73999786376952,9662000
2018-07-03,97.59996795654295,122.0,122.02999877929688,121.52999877929688,121.52999877929688,3808800
2018-07-05,97.8800048828125,122.3499984741211,122.52999877929688,122.01000213623048,122.05999755859376,3860400
2018-07-06,98.20002746582033,122.75,122.91999816894533,122.4800033569336,122.75,4679900
2018-07-09,97.5679931640625,121.95999908447266,122.20999908447266,121.9000015258789,122.06999969482422,5952700
2018-07-10,97.5599594116211,121.9499969482422,122.12999725341795,121.80999755859376,121.87000274658205,5759700
2018-07-11,97.93598175048828,122.41999816894533,122.5500030517578,122.08999633789062,122.4499969482422,6869100
2018-07-12,97.92803192138672,122.41000366210938,122.47000122070312,122.13999938964844,122.16999816894533,4824700
2018-07-13,98.17603302001952,122.72000122070312,122.87000274658205,122.47000122070312,122.61000061035156,4079000
2018-07-16,97.76800537109376,122.20999908447266,122.29000091552734,121.63999938964844,122.20999908447266,5517100
2018-07-17,97.58399200439452,121.9800033569336,122.38999938964844,121.9000015258789,122.29000091552734,3764300
2018-07-18,97.19202423095705,121.48999786376952,122.04000091552734,121.38999938964844,122.0199966430664,6330000
2018-07-19,97.8079833984375,122.26000213623048,122.4499969482422,121.7699966430664,121.8000030517578,6166700
2018-07-20,96.60802459716795,120.76000213623048,121.58999633789062,120.6999969482422,121.58000183105467,10469500
2018-07-23,95.416015625,119.2699966430664,120.37999725341795,119.18000030517578,120.37999725341795,11571800
2018-07-24,95.74398803710938,119.68000030517578,119.81999969482422,119.13999938964844,119.27999877929688,9053500
2018-07-25,95.59203338623048,119.48999786376952,120.26000213623048,119.26000213623048,120.0199966430664,7357900
2018-07-26,95.40799713134766,119.26000213623048,119.87999725341795,119.16000366210938,119.70999908447266,6821100
2018-07-27,95.56800079345705,119.45999908447266,119.87000274658205,119.4000015258789,119.8499984741211,4542000
2018-07-30,95.23999786376952,119.0500030517578,119.41000366210938,118.97000122070312,118.98999786376952,7111200
2018-07-31,95.75999450683594,119.6999969482422,119.86000061035156,119.55999755859376,119.79000091552734,6797400
2018-08-01,94.97984313964844,118.45999908447266,118.83999633789062,118.06999969482422,118.29000091552734,13312600
2018-08-02,95.11619567871094,118.62999725341795,118.73999786376952,118.3000030517578,118.62000274658205,4451100
2018-08-03,95.58921813964844,119.22000122070312,119.29000091552734,118.80999755859376,118.83000183105467,6162400
2018-08-06,95.6453628540039,119.29000091552734,119.83999633789062,119.2699966430664,119.54000091552734,4200200
2018-08-07,95.14823150634766,118.66999816894533,119.0999984741211,118.56999969482422,119.02999877929688,5346900
2018-08-08,95.24447631835938,118.79000091552734,119.02999877929688,118.61000061035156,118.66000366210938,5640900
2018-08-09,96.0462417602539,119.79000091552734,119.83000183105467,119.12000274658205,119.2300033569336,7144100
2018-08-10,96.7437973022461,120.66000366210938,121.0500030517578,120.27999877929688,120.37000274658205,8457900
2018-08-13,96.54335021972656,120.41000366210938,120.6999969482422,120.20999908447266,120.25,7923200
2018-08-14,96.32689666748048,120.13999938964844,120.55999755859376,120.02999877929688,120.54000091552734,4251200
2018-08-15,96.88811492919922,120.83999633789062,121.12999725341795,120.56999969482422,120.66000366210938,7649800
2018-08-16,96.88009643554688,120.83000183105467,120.93000030517578,120.27999877929688,120.80999755859376,5400400
2018-08-17,97.0003890991211,120.9800033569336,121.38999938964844,120.75,121.08999633789062,3537600
2018-08-20,97.64983367919922,121.79000091552734,121.91000366210938,121.54000091552734,121.63999938964844,5603700
2018-08-21,97.32106018066406,121.37999725341795,121.52999877929688,121.06999969482422,121.37000274658205,4695000
2018-08-22,97.70594787597656,121.86000061035156,122.0500030517578,121.58000183105467,122.0,5309600
2018-08-23,97.85828399658205,122.0500030517578,122.12999725341795,121.77999877929688,122.0,5328700
2018-08-24,98.05069732666016,122.29000091552734,122.33000183105467,121.48999786376952,121.62000274658205,6092200
2018-08-27,97.48948669433594,121.58999633789062,121.87000274658205,121.5199966430664,121.77999877929688,6407400
2018-08-28,96.9041519165039,120.86000061035156,121.08999633789062,120.68000030517578,121.0,4929300
2018-08-29,97.03244018554688,121.0199966430664,121.1500015258789,120.62000274658205,120.94000244140624,5613300
2018-08-30,97.24093627929688,121.27999877929688,121.45999908447266,121.08000183105467,121.30999755859376,5302900
2018-08-31,97.01643371582033,121.0,121.91999816894533,120.88999938964844,121.88999938964844,9677500
2018-09-04,96.45551300048828,120.02999877929688,120.0999984741211,119.75,119.95999908447266,18343600
2018-09-05,96.19834899902344,119.70999908447266,119.9000015258789,119.5500030517578,119.76000213623048,9422600
2018-09-06,96.55192565917967,120.1500015258789,120.4000015258789,119.69000244140624,119.76000213623048,9566000
2018-09-07,95.73226928710938,119.12999725341795,119.4000015258789,118.98999786376952,119.33000183105467,11212600
2018-09-10,96.08584594726562,119.56999969482422,119.5999984741211,119.16999816894533,119.16999816894533,6386400
2018-09-11,95.35460662841795,118.66000366210938,119.16999816894533,118.5999984741211,119.08000183105467,5440000
2018-09-12,95.57957458496094,118.94000244140624,119.16999816894533,118.9000015258789,119.0500030517578,3347200
2018-09-13,95.7242431640625,119.12000274658205,119.56999969482422,118.9800033569336,119.33999633789062,4833000
2018-09-14,95.26619720458984,118.5500030517578,118.91000366210938,118.3000030517578,118.41000366210938,5579500
2018-09-17,95.26619720458984,118.5500030517578,118.81999969482422,118.12000274658205,118.18000030517578,5433000
2018-09-18,94.26969146728516,117.30999755859376,118.06999969482422,117.16000366210938,118.05999755859376,10182300
2018-09-19,93.70719909667967,116.61000061035156,117.11000061035156,116.19000244140624,117.11000061035156,13379600
2018-09-20,94.14111328125,117.1500015258789,117.3000030517578,116.47000122070312,116.58000183105467,8657300
2018-09-21,94.10093688964844,117.0999984741211,117.27999877929688,116.83999633789062,116.87000274658205,6173800
2018-09-24,93.85985565185548,116.8000030517578,117.2699966430664,116.72000122070312,116.73999786376952,5505500
2018-09-25,93.76346588134766,116.68000030517578,116.73999786376952,116.4000015258789,116.4800033569336,6650900
2018-09-26,94.4223861694336,117.5,117.58000183105467,116.66000366210938,116.93000030517578,9512700
2018-09-27,94.48670196533205,117.58000183105467,117.6500015258789,117.0999984741211,117.23999786376952,5758500
2018-09-28,94.2375717163086,117.2699966430664,117.91000366210938,117.22000122070312,117.8499984741211,12807700
2018-10-01,93.54576110839844,116.1500015258789,116.83000183105467,116.12000274658205,116.66000366210938,22442400
2018-10-02,94.11761474609376,116.86000061035156,117.12999725341795,116.5999984741211,116.66999816894533,8266900
2018-10-03,92.4826431274414,114.83000183105467,116.36000061035156,114.23999786376952,116.2699966430664,20829200
2018-10-04,91.83030700683594,114.0199966430664,114.38999938964844,113.70999908447266,114.12999725341795,16207400
2018-10-05,91.04098510742188,113.04000091552734,113.72000122070312,112.62000274658205,113.38999938964844,18096500
2018-10-08,90.7349624633789,112.66000366210938,113.11000061035156,112.63999938964844,112.98999786376952,5855900
2018-10-09,91.65310668945312,113.8000030517578,113.8499984741211,113.06999969482422,113.13999938964844,11530800
2018-10-10,91.4034194946289,113.48999786376952,113.58000183105467,112.79000091552734,113.13999938964844,15290100
2018-10-11,92.51485443115234,114.87000274658205,115.1500015258789,113.79000091552734,114.0,16086800
2018-10-12,92.19269561767578,114.47000122070312,115.01000213623048,114.27999877929688,114.38999938964844,6794100
2018-10-15,92.15242004394533,114.41999816894533,114.81999969482422,114.29000091552734,114.66000366210938,7146300
2018-10-16,92.36180877685548,114.68000030517578,114.72000122070312,114.16000366210938,114.38999938964844,4762300
2018-10-17,91.81415557861328,114.0,114.79000091552734,113.9800033569336,114.66000366210938,5880700
2018-10-18,91.78194427490234,113.95999908447266,114.38999938964844,113.5500030517578,113.62000274658205,5728800
2018-10-19,91.58059692382812,113.70999908447266,113.9499969482422,113.41000366210938,113.8499984741211,10892400
2018-10-22,91.45977020263672,113.55999755859376,114.08000183105467,113.52999877929688,113.9499969482422,3244200
2018-10-23,91.74971771240234,113.91999816894533,115.0199966430664,113.83999633789062,114.76000213623048,10330700
2018-10-24,92.44235229492188,114.77999877929688,114.81999969482422,114.23999786376952,114.36000061035156,16008000
2018-10-25,92.05579376220705,114.3000030517578,114.73999786376952,114.2300033569336,114.54000091552734,12613200
2018-10-26,92.61151123046876,114.98999786376952,115.31999969482422,114.79000091552734,114.93000030517578,18582500
2018-10-29,92.402099609375,114.7300033569336,115.0199966430664,114.26000213623048,114.83999633789062,7679900
2018-10-30,91.94303894042967,114.16000366210938,114.54000091552734,114.0199966430664,114.26000213623048,9939500
2018-10-31,91.47590637207033,113.58000183105467,113.95999908447266,113.20999908447266,113.73999786376952,8706400
2018-11-01,91.56066131591795,113.41000366210938,113.55999755859376,112.83999633789062,112.8499984741211,6100200
2018-11-02,90.42229461669922,112.0,113.26000213623048,111.9000015258789,113.16999816894533,11314800
2018-11-05,90.77755737304688,112.44000244140624,112.70999908447266,112.3499984741211,112.4800033569336,4760200
2018-11-06,90.72106170654295,112.37000274658205,112.7300033569336,112.33000183105467,112.5999984741211,3159900
2018-11-07,90.84214782714844,112.5199966430664,113.4000015258789,112.41000366210938,113.19000244140624,9313100
2018-11-08,90.83405303955078,112.51000213623048,112.97000122070312,112.41000366210938,112.95999908447266,6905100
2018-11-09,91.5122299194336,113.3499984741211,113.5,112.72000122070312,112.75,6465300
2018-11-12,92.10970306396484,114.08999633789062,114.30999755859376,113.91000366210938,113.9499969482422,6840000
2018-11-13,92.05313873291016,114.0199966430664,114.0199966430664,113.4800033569336,113.70999908447266,6525800
2018-11-14,92.10970306396484,114.08999633789062,114.5199966430664,113.3000030517578,113.4800033569336,8690800
2018-11-15,92.06928253173828,114.04000091552734,114.54000091552734,113.68000030517578,114.44000244140624,7879600
2018-11-16,92.60214233398438,114.6999969482422,114.80999755859376,113.91999816894533,114.1999969482422,9236700
2018-11-19,92.86048126220705,115.0199966430664,115.0199966430664,114.41000366210938,114.41000366210938,7027200
2018-11-20,92.89273071289062,115.05999755859376,115.45999908447266,114.93000030517578,115.23999786376952,6332600
2018-11-21,92.86048126220705,115.0199966430664,115.08999633789062,114.54000091552734,114.88999938964844,4951100
2018-11-23,92.95733642578124,115.13999938964844,115.76000213623048,115.08999633789062,115.66999816894533,3027900
2018-11-26,92.74745178222656,114.87999725341795,115.05999755859376,114.77999877929688,114.86000061035156,6599000
2018-11-27,92.8524398803711,115.01000213623048,115.25,114.76000213623048,114.80999755859376,5967200
2018-11-28,92.40029907226562,114.4499969482422,115.0199966430664,114.36000061035156,114.8499984741211,7814000
2018-11-29,92.76361846923828,114.9000015258789,115.25,114.58999633789062,114.91999816894533,7295600
2018-11-30,93.1107940673828,115.33000183105467,115.41999816894533,114.9800033569336,115.30999755859376,9127800
2018-12-03,93.77188873291016,115.87999725341795,115.87999725341795,114.66000366210938,114.68000030517578,9763800
2018-12-04,95.34176635742188,117.81999969482422,118.66999816894533,116.62999725341795,116.80999755859376,18100500
2018-12-06,95.6412124633789,118.19000244140624,119.1999969482422,118.12999725341795,118.54000091552734,15319400
2018-12-07,95.8192138671875,118.41000366210938,118.52999877929688,117.5199966430664,117.80999755859376,8608400
2018-12-10,96.2157211303711,118.9000015258789,119.27999877929688,118.44000244140624,118.87000274658205,8777700
2018-12-11,96.19955444335938,118.87999725341795,119.37999725341795,118.61000061035156,118.97000122070312,8071900
2018-12-12,95.7706298828125,118.3499984741211,118.72000122070312,118.23999786376952,118.58000183105467,6182200
2018-12-13,95.54408264160156,118.06999969482422,118.58000183105467,117.9800033569336,118.45999908447266,5564200
2018-12-14,95.87583923339844,118.4800033569336,118.7699966430664,118.22000122070312,118.5500030517578,8169200
2018-12-17,96.43419647216795,119.16999816894533,119.3000030517578,118.58000183105467,118.58999633789062,9726800
2018-12-18,97.01174926757812,119.5999984741211,119.79000091552734,118.94000244140624,119.06999969482422,10018800
2018-12-19,98.29334259033205,121.18000030517578,121.66000366210938,119.91999816894533,120.11000061035156,23046300
2018-12-20,97.9364013671875,120.73999786376952,122.02999877929688,120.66999816894533,122.01000213623048,18543700
2018-12-21,97.92024993896484,120.72000122070312,121.20999908447266,120.38999938964844,121.13999938964844,9945100
2018-12-24,98.40690612792967,121.31999969482422,121.41999816894533,120.91000366210938,121.12999725341795,8377500
2018-12-26,97.35243225097656,120.0199966430664,121.38999938964844,119.97000122070312,120.98999786376952,11700400
2018-12-27,97.36866760253906,120.04000091552734,121.37999725341795,119.9800033569336,121.26000213623048,12146500
2018-12-28,98.1878890991211,121.0500030517578,121.0500030517578,120.29000091552734,120.4000015258789,9879100
2018-12-31,98.56103515625,121.51000213623048,121.55999755859376,120.45999908447266,120.6500015258789,17409000
2019-01-02,99.08016967773438,122.1500015258789,122.16000366210938,121.33999633789062,121.66000366210938,19841500
2019-01-03,100.2076187133789,123.54000091552734,123.86000061035156,122.2300033569336,122.29000091552734,21187000
2019-01-04,99.04771423339844,122.11000061035156,122.55999755859376,121.6500015258789,122.33999633789062,12970200
2019-01-07,98.75569152832033,121.75,122.6500015258789,121.62000274658205,122.62000274658205,8498100
2019-01-08,98.49613189697266,121.43000030517578,121.94000244140624,121.38999938964844,121.69000244140624,7737100
2019-01-09,98.34203338623048,121.23999786376952,121.43000030517578,120.8000030517578,121.26000213623048,9349200
2019-01-10,97.70929718017578,120.45999908447266,121.41000366210938,120.33999633789062,121.27999877929688,8222900
2019-01-11,98.09058380126952,120.93000030517578,121.2699966430664,120.68000030517578,120.83000183105467,5786900
2019-01-14,97.7255401611328,120.4800033569336,121.01000213623048,120.23999786376952,120.9000015258789,6730500
2019-01-15,97.36866760253906,120.04000091552734,120.56999969482422,119.9499969482422,120.55999755859376,8997400
2019-01-16,97.46598052978516,120.16000366210938,120.38999938964844,119.51000213623048,119.58999633789062,6048400
2019-01-17,97.49031066894533,120.19000244140624,120.52999877929688,119.88999938964844,120.22000122070312,8153400
2019-01-18,96.97928619384766,119.55999755859376,120.12000274658205,119.38999938964844,119.83999633789062,14106400
2019-01-22,97.63629913330078,120.37000274658205,120.72000122070312,120.06999969482422,120.30999755859376,8881100
2019-01-23,97.59577178955078,120.31999969482422,120.62000274658205,119.83000183105467,119.87999725341795,5776800
2019-01-24,98.23656463623048,121.11000061035156,121.26000213623048,120.70999908447266,120.91000366210938,7121900
2019-01-25,97.76611328125,120.52999877929688,120.75,120.31999969482422,120.58999633789062,6460800
2019-01-28,97.6687469482422,120.41000366210938,120.94000244140624,120.41000366210938,120.54000091552734,6435800
2019-01-29,98.16358947753906,121.0199966430664,121.04000091552734,120.38999938964844,120.52999877929688,5750100
2019-01-30,98.09058380126952,120.93000030517578,120.9800033569336,120.33000183105467,120.83999633789062,10571300
2019-01-31,98.93415832519533,121.97000122070312,122.18000030517578,121.5,121.5500030517578,11843400
2019-02-01,98.33659362792967,120.95999908447266,121.56999969482422,120.83999633789062,121.4800033569336,12024600
2019-02-04,97.89759826660156,120.41999816894533,120.5500030517578,120.0199966430664,120.44000244140624,8966200
2019-02-05,98.3447494506836,120.97000122070312,121.2300033569336,120.66000366210938,120.7300033569336,6983300
2019-02-06,98.3935089111328,121.02999877929688,121.41000366210938,120.7300033569336,121.36000061035156,5184000
2019-02-07,99.0439224243164,121.83000183105467,121.91000366210938,121.2300033569336,121.45999908447266,8781000
2019-02-08,99.46662139892578,122.3499984741211,122.47000122070312,122.06999969482422,122.26000213623048,5885400
2019-02-11,99.07640838623048,121.87000274658205,122.18000030517578,121.75,121.86000061035156,4352800
2019-02-12,98.8244171142578,121.55999755859376,121.75,121.1999969482422,121.66000366210938,7939600
2019-02-13,98.4504165649414,121.0999984741211,121.38999938964844,120.91000366210938,121.1500015258789,4757700
2019-02-14,99.01136779785156,121.79000091552734,122.1999969482422,121.58000183105467,122.13999938964844,5868900
2019-02-15,99.16584777832033,121.9800033569336,122.0199966430664,121.54000091552734,121.55999755859376,5527200
2019-02-19,99.4178695678711,122.29000091552734,122.54000091552734,121.9499969482422,122.41999816894533,5872800
2019-02-20,99.1333236694336,121.94000244140624,122.08000183105467,121.58999633789062,121.9499969482422,4455800
2019-02-21,98.24716186523438,120.8499984741211,121.16000366210938,120.6999969482422,121.06999969482422,7382500
2019-02-22,98.83252716064452,121.56999969482422,121.9499969482422,121.41999816894533,121.47000122070312,6374600
2019-02-25,98.53983306884766,121.20999908447266,121.3000030517578,120.91999816894533,121.16999816894533,6293500
2019-02-26,99.02762603759766,121.80999755859376,121.81999969482422,121.36000061035156,121.7300033569336,6028900
2019-02-27,97.90573120117188,120.43000030517578,121.12999725341795,120.27999877929688,121.12000274658205,7737300
2019-02-28,97.57244110107422,120.0199966430664,120.62000274658205,119.70999908447266,120.55999755859376,9533400
2019-03-01,96.67057800292967,118.66000366210938,119.52999877929688,118.63999938964844,119.33000183105467,13541100
2019-03-04,97.42819213867188,119.58999633789062,119.7699966430664,119.05999755859376,119.29000091552734,9808500
2019-03-05,97.63189697265624,119.83999633789062,119.87000274658205,119.2699966430664,119.27999877929688,5595200
2019-03-06,97.99036407470705,120.27999877929688,120.5199966430664,119.88999938964844,119.91999816894533,7766700
2019-03-07,98.62578582763672,121.05999755859376,121.26000213623048,120.61000061035156,120.63999938964844,8187200
2019-03-08,99.04131317138672,121.56999969482422,121.69000244140624,120.8499984741211,121.12000274658205,7517600
2019-03-11,98.74799346923828,121.20999908447266,121.41999816894533,120.9800033569336,121.4000015258789,5157800
2019-03-12,99.44050598144533,122.05999755859376,122.2300033569336,121.26000213623048,121.3000030517578,6422300
2019-03-13,99.25310516357422,121.83000183105467,121.95999908447266,121.62000274658205,121.66000366210938,4386300
2019-03-14,98.53616333007812,120.9499969482422,121.76000213623048,120.91999816894533,121.69000244140624,8188400
2019-03-15,99.18791198730467,121.75,121.9499969482422,121.4000015258789,121.73999786376952,4302000
2019-03-18,99.13093566894533,121.68000030517578,121.87000274658205,121.5199966430664,121.56999969482422,3893300
2019-03-19,98.91096496582033,121.41000366210938,121.62000274658205,120.88999938964844,121.08999633789062,5220200
2019-03-20,99.94557189941406,122.68000030517578,122.8499984741211,121.7300033569336,121.73999786376952,10123700
2019-03-21,100.16558837890624,122.9499969482422,123.08999633789062,122.73999786376952,122.95999908447266,7182600
2019-03-22,101.72159576416016,124.86000061035156,125.27999877929688,124.05999755859376,124.20999908447266,13077000
2019-03-25,101.88455963134766,125.05999755859376,125.94000244140624,124.51000213623048,124.80999755859376,9736300
2019-03-26,101.81124877929688,124.97000122070312,125.29000091552734,124.62000274658205,124.6999969482422,7502000
2019-03-27,102.74811553955078,126.12000274658205,126.33999633789062,125.30999755859376,125.41999816894533,14207200
2019-03-28,103.10658264160156,126.55999755859376,126.69000244140624,126.01000213623048,126.25,9143200
2019-03-29,103.00881958007812,126.44000244140624,126.47000122070312,125.63999938964844,125.68000030517578,10841400
2019-04-01,101.54569244384766,124.37000274658205,125.36000061035156,124.19000244140624,125.29000091552734,16501500
2019-04-02,101.73348999023438,124.5999984741211,124.73999786376952,124.25,124.4800033569336,9725000
2019-04-03,100.8516616821289,123.5199966430664,123.87000274658205,123.37000274658205,123.61000061035156,10407000
2019-04-04,101.13744354248048,123.87000274658205,123.88999938964844,123.44000244140624,123.5999984741211,7503400
2019-04-05,101.26805877685548,124.02999877929688,124.16999816894533,123.58000183105467,123.62000274658205,6321800
2019-04-08,100.9088134765625,123.58999633789062,123.9499969482422,123.5199966430664,123.83000183105467,4446400
2019-04-09,101.2272491455078,123.9800033569336,124.33999633789062,123.7699966430664,124.22000122070312,7020300
2019-04-10,101.47217559814452,124.27999877929688,124.5199966430664,124.0999984741211,124.2699966430664,7519900
2019-04-11,100.87618255615234,123.5500030517578,124.0199966430664,123.41000366210938,123.93000030517578,8679300
2019-04-12,100.15769958496094,122.66999816894533,123.05999755859376,122.62999725341795,122.88999938964844,7005500
2019-04-15,100.4107666015625,122.9800033569336,122.98999786376952,122.72000122070312,122.77999877929688,3070000
2019-04-16,99.78207397460938,122.20999908447266,122.62999725341795,122.13999938964844,122.51000213623048,8927300
2019-04-17,99.8228988647461,122.26000213623048,122.56999969482422,122.11000061035156,122.12999725341795,6118500
2019-04-18,100.345458984375,122.9000015258789,123.0999984741211,122.77999877929688,122.80999755859376,27589400
2019-04-22,99.86373901367188,122.30999755859376,122.56999969482422,122.23999786376952,122.47000122070312,6241200
2019-04-23,100.07601165771484,122.56999969482422,122.6999969482422,122.38999938964844,122.61000061035156,6239700
2019-04-24,100.8924560546875,123.56999969482422,123.58999633789062,123.08999633789062,123.11000061035156,7302000
2019-04-25,100.74552154541016,123.38999938964844,123.62000274658205,123.0999984741211,123.48999786376952,5380900
2019-04-26,101.08841705322266,123.80999755859376,124.0199966430664,123.63999938964844,123.9800033569336,5950700
2019-04-29,100.44345092773438,123.0199966430664,123.3499984741211,122.8499984741211,123.2300033569336,10246000
2019-04-30,100.95779418945312,123.6500015258789,123.73999786376952,122.93000030517578,122.9499969482422,7957400
2019-05-01,101.374267578125,123.9000015258789,124.4499969482422,123.5999984741211,123.69000244140624,14371900
2019-05-02,100.89154815673828,123.30999755859376,123.80999755859376,123.04000091552734,123.68000030517578,6612800
2019-05-03,101.17792510986328,123.66000366210938,123.87999725341795,123.37000274658205,123.66000366210938,6191700
2019-05-06,101.4561004638672,124.0,124.37999725341795,123.93000030517578,124.30999755859376,4482500
2019-05-07,102.23339080810548,124.9499969482422,125.13999938964844,124.38999938964844,124.52999877929688,8984900
2019-05-08,101.79157257080078,124.41000366210938,125.3000030517578,124.3000030517578,125.1500015258789,6907600
2019-05-09,102.2088394165039,124.91999816894533,125.3000030517578,124.30999755859376,125.11000061035156,9411900
2019-05-10,102.06974792480467,124.75,125.4499969482422,124.58999633789062,124.88999938964844,6037800
2019-05-13,102.87156677246094,125.7300033569336,125.93000030517578,125.25,125.4000015258789,10501600
2019-05-14,102.56884002685548,125.36000061035156,125.6500015258789,125.1999969482422,125.51000213623048,5690400
2019-05-15,103.19886016845705,126.12999725341795,126.2699966430664,125.7699966430664,126.20999908447266,9566300
2019-05-16,102.85518646240234,125.70999908447266,125.83000183105467,125.52999877929688,125.80999755859376,7666400
2019-05-17,103.08429718017578,125.98999786376952,126.3000030517578,125.69000244140624,126.27999877929688,4747100
2019-05-20,102.87156677246094,125.7300033569336,126.37999725341795,125.6500015258789,126.12000274658205,6043100
2019-05-21,102.70793151855467,125.52999877929688,125.72000122070312,125.3000030517578,125.5999984741211,4021800
2019-05-22,103.29702758789062,126.25,126.33000183105467,125.72000122070312,125.7699966430664,5675300
2019-05-23,104.45886993408205,127.66999816894533,128.08999633789062,126.87999725341795,126.88999938964844,9743700
2019-05-24,104.54885864257812,127.77999877929688,127.77999877929688,127.38999938964844,127.55999755859376,4981900
2019-05-28,105.30162048339844,128.6999969482422,128.89999389648438,128.08999633789062,128.27000427246094,8098600
2019-05-29,105.6207275390625,129.08999633789062,129.89999389648438,129.0,129.6699981689453,13260600
2019-05-30,106.5289306640625,130.1999969482422,130.22999572753906,128.88999938964844,129.3300018310547,13024800
2019-05-31,107.8625717163086,131.8300018310547,131.89999389648438,130.80999755859375,130.89999389648438,18933600
2019-06-03,108.5840072631836,132.44000244140625,132.5800018310547,131.5500030517578,131.91000366210938,17822400
2019-06-04,107.34602355957033,130.92999267578125,131.75999450683594,130.5500030517578,131.38999938964844,14250000
2019-06-05,106.7393035888672,130.19000244140625,130.9499969482422,130.1199951171875,130.52000427246094,8815200
2019-06-06,107.08367919921876,130.61000061035156,131.58999633789062,130.32000732421875,130.97000122070312,9621100
2019-06-07,108.01013946533205,131.74000549316406,132.07000732421875,131.44000244140625,131.7899932861328,11378500
2019-06-10,106.99349212646484,130.5,130.6999969482422,130.32000732421875,130.67999267578125,8288700
2019-06-11,107.05904388427734,130.5800018310547,130.75999450683594,130.32000732421875,130.4199981689453,5115100
2019-06-12,107.1410675048828,130.67999267578125,130.75,130.3000030517578,130.38999938964844,5278700
2019-06-13,107.50999450683594,131.1300048828125,131.25,130.7899932861328,130.8000030517578,5560400
2019-06-14,107.78060150146484,131.4600067138672,131.7100067138672,131.08999633789062,131.10000610351562,5838800
2019-06-17,107.96915435791016,131.69000244140625,131.75999450683594,131.1300048828125,131.38999938964844,6046400
2019-06-18,108.51029205322266,132.35000610351562,132.86000061035156,131.9499969482422,132.74000549316406,10320700
2019-06-19,108.666015625,132.5399932861328,132.72000122070312,131.5800018310547,131.86000061035156,11962500
2019-06-20,108.9530029296875,132.88999938964844,133.50999450683594,132.58999633789062,132.91000366210938,10721500
2019-06-21,107.75596618652344,131.42999267578125,132.52999877929688,131.3800048828125,132.50999450683594,14495000
2019-06-24,108.55945587158205,132.41000366210938,132.52999877929688,132.0800018310547,132.16000366210938,6378800
2019-06-25,108.89559173583984,132.82000732421875,133.08999633789062,132.72000122070312,132.7899932861328,9604600
2019-06-26,108.19867706298828,131.97000122070312,132.6999969482422,131.8800048828125,132.67999267578125,12766800
2019-06-27,108.96119689941406,132.89999389648438,133.08999633789062,131.99000549316406,132.30999755859375,9724200
2019-06-28,108.88739013671876,132.80999755859375,133.0800018310547,132.4499969482422,132.5800018310547,8149200
2019-07-01,108.63272094726562,132.24000549316406,132.75,131.58999633789062,132.57000732421875,14131200
2019-07-02,109.47061920166016,133.25999450683594,133.38999938964844,132.4600067138672,132.57000732421875,10494300
2019-07-03,110.25104522705078,134.2100067138672,134.2899932861328,133.50999450683594,133.52000427246094,5380300
2019-07-05,108.78884887695312,132.42999267578125,132.5500030517578,131.6699981689453,132.5399932861328,12180100
2019-07-08,108.93668365478516,132.61000061035156,133.22000122070312,132.61000061035156,133.0500030517578,6490000
2019-07-09,108.89561462402344,132.55999755859375,132.7100067138672,132.16000366210938,132.67999267578125,6215700
2019-07-10,108.29593658447266,131.8300018310547,132.44000244140625,131.50999450683594,132.35000610351562,9470000
2019-07-11,106.85009765625,130.07000732421875,131.41000366210938,129.75999450683594,131.30999755859375,14126800
2019-07-12,106.97332763671876,130.22000122070312,130.4499969482422,129.67999267578125,129.9199981689453,6992000
2019-07-15,107.58942413330078,130.97000122070312,131.0500030517578,130.4499969482422,130.4499969482422,6055500
2019-07-16,107.26905822753906,130.5800018310547,130.60000610351562,129.9600067138672,130.1699981689453,6172700
2019-07-17,108.42740631103516,131.99000549316406,132.02000427246094,131.0500030517578,131.05999755859375,9662200
2019-07-18,108.4355697631836,132.0,132.32000732421875,131.24000549316406,131.47000122070312,5724900
2019-07-19,108.1809310913086,131.69000244140625,131.92999267578125,131.50999450683594,131.58999633789062,5804800
2019-07-22,108.38629913330078,131.94000244140625,132.49000549316406,131.74000549316406,132.47000122070312,5204100
2019-07-23,107.79480743408205,131.22000122070312,131.74000549316406,130.97000122070312,131.60000610351562,8108900
2019-07-24,108.26305389404295,131.7899932861328,131.89999389648438,131.47000122070312,131.60000610351562,6389700
2019-07-25,107.74553680419922,131.16000366210938,131.41000366210938,130.50999450683594,131.25,8893100
2019-07-26,108.00021362304688,131.47000122070312,131.77999877929688,131.25,131.6999969482422,6188400
2019-07-29,108.03304290771484,131.50999450683594,131.9499969482422,131.39999389648438,131.82000732421875,6231800
2019-07-30,108.29593658447266,131.8300018310547,132.10000610351562,131.42999267578125,132.0,5678500
2019-07-31,109.16669464111328,132.88999938964844,133.3300018310547,131.66000366210938,131.6999969482422,15798700
2019-08-01,111.33477020263672,135.25999450683594,135.38999938964844,133.25999450683594,133.38999938964844,26664800
2019-08-02,112.36370086669922,136.50999450683594,136.50999450683594,135.39999389648438,135.66000366210938,15143100
2019-08-05,114.3062515258789,138.8699951171875,138.88999938964844,137.66000366210938,138.13999938964844,18543000
2019-08-06,115.21989440917967,139.97999572753906,139.97999572753906,138.08999633789062,138.1999969482422,12747400
2019-08-07,115.26106262207033,140.02999877929688,143.05999755859375,139.77999877929688,142.39999389648438,32582000
2019-08-08,115.50798034667967,140.3300018310547,140.42999267578125,137.97999572753906,139.13999938964844,14746000
2019-08-09,115.2775650024414,140.0500030517578,141.5500030517578,139.8699951171875,140.6699981689453,10626000
2019-08-12,117.6810073852539,142.97000122070312,143.42999267578125,141.50999450683594,141.72000122070312,14094300
2019-08-13,117.27767944335938,142.47999572753906,143.91000366210938,141.9499969482422,143.80999755859375,15974900
2019-08-14,119.91989135742188,145.69000244140625,145.72999572753906,144.7100067138672,145.16000366210938,15068900
2019-08-15,121.25336456298828,147.30999755859375,148.60000610351562,145.5800018310547,145.9499969482422,23588700
2019-08-16,120.28205108642578,146.1300048828125,146.50999450683594,144.83999633789062,146.05999755859375,17150500
2019-08-19,118.5617446899414,144.0399932861328,144.66000366210938,143.50999450683594,143.57000732421875,13614700
2019-08-20,119.78824615478516,145.52999877929688,145.6199951171875,144.83999633789062,145.27999877929688,7451500
2019-08-21,118.9897918701172,144.55999755859375,145.7899932861328,144.2899932861328,144.72000122070312,9372000
2019-08-22,118.19963836669922,143.60000610351562,144.6999969482422,143.47999572753906,144.0,13878800
2019-08-23,120.14216613769533,145.9600067138672,146.27000427246094,143.42999267578125,143.52000427246094,16191800
2019-08-26,119.656494140625,145.3699951171875,146.2899932861328,145.2899932861328,145.8699951171875,12174500
2019-08-27,121.50032043457033,147.61000061035156,147.72000122070312,146.47999572753906,146.6300048828125,11332300
2019-08-28,121.65666198730467,147.8000030517578,148.89999389648438,147.66000366210938,148.77999877929688,10095900
2019-08-29,121.19571685791016,147.24000549316406,147.33999633789062,146.1300048828125,147.25,8884900
2019-08-30,121.22863006591795,147.27999877929688,147.47999572753906,146.36000061035156,146.61000061035156,13550800
2019-09-03,121.38532257080078,147.2100067138672,148.6699981689453,146.57000732421875,147.08999633789062,15660800
2019-09-04,121.56674194335938,147.42999267578125,147.6199951171875,146.47999572753906,146.52999877929688,7962200
2019-09-05,119.36509704589844,144.75999450683594,145.8000030517578,143.88999938964844,145.66000366210938,19382900
2019-09-06,120.21444702148438,145.7899932861328,146.02999877929688,145.0800018310547,145.25999450683594,9466400
2019-09-09,118.07876586914062,143.1999969482422,144.0,143.19000244140625,143.8300018310547,15862700
2019-09-10,116.00914764404295,140.69000244140625,143.2899932861328,140.66000366210938,142.83999633789062,13851400
2019-09-11,115.8029556274414,140.44000244140625,141.14999389648438,140.38999938964844,140.39999389648438,10941700
2019-09-12,115.0443878173828,139.52000427246094,141.8000030517578,139.05999755859375,141.5,19163300
2019-09-13,112.587158203125,136.5399932861328,138.7100067138672,136.5399932861328,138.27999877929688,18922200
2019-09-16,114.02189636230467,138.27999877929688,138.57000732421875,137.25,137.8800048828125,10971600
2019-09-17,114.64031982421876,139.02999877929688,139.60000610351562,138.02000427246094,138.36000061035156,9081200
2019-09-18,115.1268081665039,139.6199951171875,140.66000366210938,139.52999877929688,139.92999267578125,10984600
2019-09-19,115.4731216430664,140.0399932861328,140.99000549316406,139.97000122070312,140.75999450683594,13176200
2019-09-20,116.99864196777344,141.88999938964844,141.97999572753906,140.44000244140625,140.77000427246094,11519800
2019-09-23,116.9738998413086,141.86000061035156,143.16000366210938,141.6999969482422,142.24000549316406,15246700
2019-09-24,118.38390350341795,143.57000732421875,143.85000610351562,142.41000366210938,142.4199981689453,12421600
2019-09-25,116.65228271484376,141.47000122070312,143.5500030517578,141.13999938964844,143.25999450683594,14147100
2019-09-26,117.40264892578124,142.3800048828125,142.99000549316406,141.89999389648438,142.27000427246094,9636500
2019-09-27,117.69124603271484,142.72999572753906,142.97999572753906,142.13999938964844,142.32000732421875,10386900
2019-09-30,117.97986602783205,143.0800018310547,143.08999633789062,141.83999633789062,141.8800048828125,8006900
2019-10-01,118.33505249023438,143.25999450683594,143.91000366210938,141.13999938964844,141.25999450683594,16613700
2019-10-02,118.62416076660156,143.61000061035156,144.27000427246094,143.24000549316406,143.4600067138672,12891500
2019-10-03,119.7061996459961,144.9199981689453,145.6699981689453,143.9199981689453,143.97999572753906,13470500
2019-10-04,120.5900650024414,145.99000549316406,146.02999877929688,145.1999969482422,145.35000610351562,11516200
2019-10-07,119.59059143066406,144.77999877929688,145.52999877929688,144.7100067138672,145.16000366210938,11013900
2019-10-08,119.91272735595705,145.1699981689453,145.92999267578125,144.6199951171875,145.82000732421875,14529700
2019-10-09,119.23538970947266,144.35000610351562,144.61000061035156,143.8000030517578,144.60000610351562,8608800
2019-10-10,117.4594268798828,142.1999969482422,143.17999267578125,141.72999572753906,143.1199951171875,15054200
2019-10-11,116.00564575195312,140.44000244140625,141.10000610351562,139.7100067138672,140.97999572753906,26294000
2019-10-14,116.8481674194336,141.4600067138672,141.50999450683594,141.0800018310547,141.47999572753906,5936900
2019-10-15,115.43567657470705,139.75,140.9499969482422,139.5500030517578,140.6699981689453,11832300
2019-10-16,115.57611846923828,139.9199981689453,140.05999755859375,139.35000610351562,139.63999938964844,7729500
2019-10-17,115.29530334472656,139.5800018310547,140.3800048828125,139.3000030517578,139.52000427246094,6219300
2019-10-18,115.29530334472656,139.5800018310547,140.22999572753906,139.4499969482422,139.80999755859375,6456100
2019-10-21,114.42792510986328,138.52999877929688,138.99000549316406,138.22999572753906,138.57000732421875,8038000
2019-10-22,115.09705352783205,139.33999633789062,139.52999877929688,138.63999938964844,139.3800048828125,6683300
2019-10-23,115.21267700195312,139.47999572753906,140.30999755859375,139.36000061035156,140.02999877929688,5995400
2019-10-24,114.9814224243164,139.1999969482422,140.24000549316406,139.02999877929688,139.67999267578125,6161700
2019-10-25,114.41973114013672,138.52000427246094,139.5500030517578,138.30999755859375,139.52999877929688,5669800
2019-10-28,113.37892150878906,137.25999450683594,137.5800018310547,136.99000549316406,137.5800018310547,11402100
2019-10-29,113.45323181152344,137.35000610351562,137.74000549316406,137.1699981689453,137.6199951171875,5296600
2019-10-30,115.1135482788086,139.36000061035156,139.4499969482422,137.77000427246094,137.77000427246094,10914100
2019-10-31,116.66646575927734,141.24000549316406,141.67999267578125,140.42999267578125,140.47999572753906,15834100
2019-11-01,116.30736541748048,140.55999755859375,141.27000427246094,139.7899932861328,140.72999572753906,11425500
2019-11-04,114.7765655517578,138.7100067138672,139.13999938964844,138.52999877929688,138.97000122070312,11124300
2019-11-05,113.48575592041016,137.14999389648438,137.44000244140625,136.72999572753906,137.22000122070312,13493000
2019-11-06,114.17252349853516,137.97999572753906,138.41000366210938,137.33999633789062,138.02000427246094,9351900
2019-11-07,112.1038589477539,135.47999572753906,136.36000061035156,134.4499969482422,136.35000610351562,19209800
2019-11-08,111.6322250366211,134.91000366210938,135.9499969482422,134.77999877929688,135.14999389648438,10222900
2019-11-11,111.70668029785156,135.0,135.38999938964844,134.63999938964844,135.3800048828125,4577000
2019-11-12,112.2197036743164,135.6199951171875,135.9499969482422,134.7899932861328,135.27999877929688,5772900
2019-11-13,112.94792175292967,136.5,136.9600067138672,136.1699981689453,136.80999755859375,6672400
2019-11-14,114.11460876464844,137.91000366210938,138.44000244140625,137.6699981689453,137.8000030517578,10213300
2019-11-15,113.99049377441406,137.75999450683594,138.16000366210938,137.42999267578125,137.47999572753906,4657600
2019-11-18,114.19738006591795,138.00999450683594,138.61000061035156,137.92999267578125,138.2100067138672,5943900
2019-11-19,115.14895629882812,139.16000366210938,139.24000549316406,138.3699951171875,138.3699951171875,7893100
2019-11-20,116.34043884277344,140.60000610351562,140.60000610351562,139.77000427246094,139.91000366210938,7905500
2019-11-21,115.61231994628906,139.72000122070312,140.0800018310547,139.1199951171875,139.63999938964844,5980900
2019-11-22,115.76121520996094,139.89999389648438,140.27999877929688,139.67999267578125,140.10000610351562,4664800
2019-11-25,116.1004638671875,140.30999755859375,140.52999877929688,140.17999267578125,140.3000030517578,4157300
2019-11-26,116.7790298461914,141.1300048828125,141.30999755859375,140.94000244140625,141.0,4281100
2019-11-27,116.43976593017578,140.72000122070312,140.91000366210938,140.4199981689453,140.60000610351562,4095700
2019-11-29,116.19153594970705,140.4199981689453,140.67999267578125,139.77999877929688,140.6199951171875,6251100
2019-12-02,114.64230346679688,138.30999755859375,138.6699981689453,137.9499969482422,138.13999938964844,17702200
2019-12-03,117.04607391357422,141.2100067138672,141.77000427246094,139.92999267578125,140.0399932861328,13062400
2019-12-04,115.8773422241211,139.8000030517578,140.5,139.2100067138672,140.33999633789062,8586300
2019-12-05,115.31373596191406,139.1199951171875,139.44000244140625,138.60000610351562,138.66000366210938,7273800
2019-12-06,114.67550659179688,138.35000610351562,139.1199951171875,137.86000061035156,138.02999877929688,7931100
2019-12-09,114.92412567138672,138.64999389648438,139.11000061035156,138.57000732421875,138.99000549316406,4016900
2019-12-10,114.9324722290039,138.66000366210938,139.35000610351562,138.41000366210938,139.17999267578125,4947600
2019-12-11,115.83590698242188,139.75,140.13999938964844,139.22999572753906,139.3000030517578,6256700
2019-12-12,113.92945861816406,137.4499969482422,139.27999877929688,136.61000061035156,139.19000244140625,14857000
2019-12-13,115.24736785888672,139.0399932861328,139.61000061035156,137.22999572753906,138.1199951171875,11335100
2019-12-16,114.21131134033205,137.7899932861328,138.4600067138672,137.42999267578125,138.39999389648438,9156600
2019-12-17,114.05388641357422,137.60000610351562,138.33999633789062,137.2100067138672,138.2100067138672,6179700
2019-12-18,113.11714935302734,136.47000122070312,137.4499969482422,136.27999877929688,137.3000030517578,6244700
2019-12-19,113.29815673828124,136.47000122070312,136.86000061035156,135.75999450683594,136.0,6591100
2019-12-20,113.44758605957033,136.64999389648438,136.69000244140625,135.92999267578125,136.1300048828125,5455700
2019-12-23,113.2815399169922,136.4499969482422,136.97000122070312,136.0,136.80999755859375,5175000
2019-12-24,113.60533142089844,136.83999633789062,137.05999755859375,135.88999938964844,135.9199981689453,4667400
2019-12-26,113.87935638427734,137.1699981689453,137.22000122070312,136.50999450683594,136.91000366210938,5290200
2019-12-27,114.00384521484376,137.32000732421875,137.6300048828125,137.2899932861328,137.44000244140625,7300500
2019-12-30,113.58877563476562,136.82000732421875,136.89999389648438,135.66000366210938,135.88999938964844,7979700
2019-12-31,112.4762954711914,135.47999572753906,136.4600067138672,135.3800048828125,136.2100067138672,10707400
2020-01-02,113.7464828491211,137.00999450683594,137.52999877929688,136.6699981689453,136.7899932861328,11034100
2020-01-03,115.49826049804688,139.1199951171875,139.16000366210938,137.8800048828125,138.27000427246094,12366000
2020-01-06,114.84236907958984,138.3300018310547,139.7100067138672,138.14999389648438,139.69000244140625,11369800
2020-01-07,114.27783966064452,137.64999389648438,138.47000122070312,137.63999938964844,138.22000122070312,8381200
2020-01-08,113.52237701416016,136.74000549316406,138.30999755859375,136.32000732421875,137.92999267578125,10621700
2020-01-09,113.92089080810548,137.22000122070312,137.44000244140625,135.91000366210938,136.0,7411500
2020-01-10,114.93368530273438,138.44000244140625,138.47000122070312,137.6300048828125,137.6699981689453,8776000
2020-01-13,114.58499145507812,138.02000427246094,138.08999633789062,137.38999938964844,137.8800048828125,5966900
2020-01-14,115.1744613647461,138.72999572753906,138.82000732421875,138.13999938964844,138.17999267578125,13920300
2020-01-15,115.9382095336914,139.64999389648438,139.75999450683594,139.02000427246094,139.52000427246094,6290500
2020-01-16,115.57290649414062,139.2100067138672,139.52999877929688,138.74000549316406,139.25999450683594,6798600
2020-01-17,114.58499145507812,138.02000427246094,138.13999938964844,137.36000061035156,137.5800018310547,9693100
2020-01-21,115.78880310058594,139.47000122070312,139.64999389648438,138.77000427246094,138.80999755859375,6794900
2020-01-22,116.19561767578124,139.9600067138672,140.13999938964844,139.58999633789062,139.72000122070312,6317000
2020-01-23,117.00920104980467,140.94000244140625,141.3800048828125,140.77999877929688,140.85000610351562,9747400
2020-01-24,117.95562744140624,142.0800018310547,142.5500030517578,141.3000030517578,141.4199981689453,8585000
2020-01-27,119.79042053222656,144.2899932861328,144.2899932861328,143.5,143.9499969482422,10935200
2020-01-28,118.8522720336914,143.16000366210938,144.08999633789062,142.82000732421875,143.92999267578125,10612900
2020-01-29,120.0145492553711,144.55999755859375,144.6999969482422,143.42999267578125,143.44000244140625,9566800
2020-01-30,120.03114318847656,144.5800018310547,145.6699981689453,144.2899932861328,144.89999389648438,14711800
2020-01-31,121.12700653076172,145.89999389648438,145.99000549316406,145.08999633789062,145.1699981689453,14538100
2020-02-03,121.0288314819336,145.5399932861328,145.75999450683594,144.1199951171875,144.9499969482422,15309000
2020-02-04,119.39900207519533,143.5800018310547,144.13999938964844,143.05999755859375,143.99000549316406,11388300
2020-02-05,118.09337615966795,142.00999450683594,142.6999969482422,141.89999389648438,142.3000030517578,10782600
2020-02-06,118.62560272216795,142.64999389648438,142.8800048828125,142.0,142.17999267578125,6683100
2020-02-07,120.10578918457033,144.42999267578125,144.74000549316406,143.8699951171875,144.22000122070312,11374800
2020-02-10,120.4384536743164,144.8300018310547,145.25,144.67999267578125,145.10000610351562,6699300
2020-02-11,119.83142852783205,144.10000610351562,144.72000122070312,143.94000244140625,144.58999633789062,7784100
2020-02-12,119.2243423461914,143.3699951171875,143.5500030517578,142.99000549316406,143.3699951171875,5595500
2020-02-13,119.6817626953125,143.9199981689453,144.1999969482422,143.27000427246094,143.44000244140625,7883400
2020-02-14,120.2055892944336,144.5500030517578,145.0800018310547,144.4499969482422,144.75999450683594,7137400
2020-02-18,121.0288314819336,145.5399932861328,146.0500030517578,144.9199981689453,145.33999633789062,6909200
2020-02-19,121.02059936523438,145.52999877929688,145.6199951171875,144.97999572753906,145.1199951171875,5707700
2020-02-20,121.96858215332033,146.6699981689453,146.94000244140625,146.0,146.0800018310547,9332900
2020-02-21,123.1078643798828,148.0399932861328,148.8800048828125,147.64999389648438,147.8000030517578,13860300
2020-02-24,124.94567108154295,150.25,150.9600067138672,150.0,150.8300018310547,15929300
2020-02-25,125.61092376708984,151.0500030517578,151.75999450683594,150.13999938964844,150.2100067138672,20802900
2020-02-26,124.94567108154295,150.25,151.72000122070312,149.5800018310547,149.9499969482422,22589500
2020-02-27,126.30113983154295,151.8800048828125,153.0800018310547,150.8300018310547,152.6999969482422,30687900
2020-02-28,129.15354919433594,155.30999755859375,155.97999572753906,154.16000366210938,154.4499969482422,44935200
2020-03-02,128.20326232910156,153.94000244140625,156.5,153.75999450683594,155.3000030517578,28152400
2020-03-03,130.19366455078125,156.3300018310547,159.6999969482422,152.36000061035156,153.80999755859375,38608000
2020-03-04,128.81117248535156,154.6699981689453,157.35000610351562,154.19000244140625,156.41000366210938,23463700
2020-03-05,132.01754760742188,158.52000427246094,158.82000732421875,156.80999755859375,157.1300048828125,17786200
2020-03-06,138.8882293701172,166.77000427246094,169.3300018310547,164.11000061035156,167.3000030517578,76288300
2020-03-09,142.652587890625,171.2899932861328,179.6999969482422,170.33999633789062,179.10000610351562,41552800
2020-03-10,135.34043884277344,162.50999450683594,172.92999267578125,162.02999877929688,169.63999938964844,37728300
2020-03-11,130.36021423339844,156.52999877929688,167.02999877929688,155.6300048828125,165.42999267578125,29519300
2020-03-12,131.1680908203125,157.5,166.36000061035156,155.66000366210938,163.50999450683594,24361800
2020-03-13,128.20326232910156,153.94000244140625,158.1999969482422,152.19000244140625,155.0,19812900
2020-03-16,136.50648498535156,163.91000366210938,166.14999389648438,157.80999755859375,160.3800048828125,30496700
2020-03-17,127.40377807617188,152.97999572753906,165.6300048828125,152.7100067138672,163.5,18570900
2020-03-18,120.21653747558594,144.35000610351562,154.13999938964844,139.00999450683594,152.83999633789062,47061000
2020-03-19,123.48949432373048,148.27999877929688,153.4499969482422,145.25,146.9499969482422,21175300
2020-03-20,132.77532958984375,159.42999267578125,159.42999267578125,152.11000061035156,153.3000030517578,20863100
2020-03-23,138.2469940185547,166.0,166.69000244140625,156.57000732421875,157.5,19971800
2020-03-24,135.673583984375,162.91000366210938,165.4499969482422,160.41000366210938,161.25,11948600
2020-03-25,135.3654022216797,162.5399932861328,166.67999267578125,161.6199951171875,163.58999633789062,10750600
2020-03-26,136.0316619873047,163.33999633789062,165.67999267578125,162.27000427246094,164.0,10576200
2020-03-27,139.66275024414062,167.6999969482422,168.25,164.58999633789062,165.52000427246094,12550000
2020-03-30,138.51348876953125,166.32000732421875,170.11000061035156,165.94000244140625,168.3000030517578,13473200
2020-03-31,137.38914489746094,164.97000122070312,166.9199981689453,164.55999755859375,165.6999969482422,11464800
2020-04-01,139.31405639648438,167.0399932861328,168.9600067138672,166.39999389648438,168.47999572753906,11334700
2020-04-02,140.19815063476562,168.10000610351562,169.22000122070312,167.25999450683594,168.8300018310547,5771200
2020-04-03,140.53172302246094,168.5,170.3300018310547,168.13999938964844,168.5500030517578,6570800
2020-04-06,140.164794921875,168.05999755859375,168.27000427246094,166.52999877929688,167.0,9434800
2020-04-07,138.6969757080078,166.3000030517578,166.4199981689453,163.7100067138672,164.9600067138672,13811400
2020-04-08,137.68772888183594,165.08999633789062,166.19000244140625,164.1300048828125,165.11000061035156,10147100
2020-04-09,137.93792724609375,165.38999938964844,165.7899932861328,163.77999877929688,164.27999877929688,14259100
2020-04-13,136.67860412597656,163.8800048828125,165.7100067138672,163.8800048828125,164.75,8750300
2020-04-14,136.64523315429688,163.83999633789062,164.74000549316406,163.47999572753906,163.83999633789062,9019100
2020-04-15,140.2648468017578,168.17999267578125,168.60000610351562,166.74000549316406,166.8000030517578,10027800
2020-04-16,141.8578643798828,170.08999633789062,170.32000732421875,169.02000427246094,169.25999450683594,8265400
2020-04-17,139.95628356933594,167.80999755859375,170.83999633789062,167.27000427246094,169.82000732421875,8612100
2020-04-20,141.08221435546875,169.16000366210938,169.2899932861328,167.9600067138672,168.44000244140625,6462600
2020-04-21,142.85865783691406,171.2899932861328,172.14999389648438,170.77999877929688,171.92999267578125,7850700
2020-04-22,141.39910888671875,169.5399932861328,170.38999938964844,168.7100067138672,169.97000122070312,6230200
2020-04-23,142.14968872070312,170.44000244140625,170.92999267578125,169.61000061035156,169.8699951171875,5968600
2020-04-24,142.48336791992188,170.83999633789062,170.83999633789062,169.57000732421875,169.61000061035156,6211800
2020-04-27,139.8311767578125,167.66000366210938,169.75,167.44000244140625,169.66000366210938,9039500
2020-04-28,141.44085693359375,169.58999633789062,169.85000610351562,168.4499969482422,168.5500030517578,9905400
2020-04-29,140.7068328857422,168.7100067138672,170.25999450683594,167.9600067138672,169.52999877929688,8619600
2020-04-30,139.06382751464844,166.74000549316406,169.22999572753906,166.7100067138672,168.74000549316406,11606100
2020-05-01,140.2547607421875,167.9499969482422,168.11000061035156,166.44000244140625,167.5,10209400
2020-05-04,139.5950469970703,167.16000366210938,167.67999267578125,166.47999572753906,167.55999755859375,8300900
2020-05-05,138.70144653320312,166.08999633789062,166.27000427246094,165.27000427246094,165.57000732421875,7831800
2020-05-06,136.46337890625,163.41000366210938,163.63999938964844,162.0500030517578,163.22999572753906,14721500
2020-05-07,138.7432098388672,166.13999938964844,166.3699951171875,163.33999633789062,163.55999755859375,9164800
2020-05-08,136.93939208984375,163.97999572753906,165.39999389648438,163.67999267578125,164.49000549316406,8129800
2020-05-11,135.87042236328125,162.6999969482422,164.22000122070312,162.10000610351562,163.66000366210938,8713500
2020-05-12,137.26504516601562,164.3699951171875,164.92999267578125,163.1300048828125,163.16000366210938,10057300
2020-05-13,138.22540283203125,165.52000427246094,166.2899932861328,164.8300018310547,165.08999633789062,13305600
2020-05-14,139.5782470703125,167.13999938964844,168.14999389648438,167.0500030517578,167.32000732421875,10080000
2020-05-15,139.21922302246094,166.7100067138672,168.49000549316406,166.3300018310547,168.3000030517578,7225600
2020-05-18,136.16268920898438,163.0500030517578,165.05999755859375,162.4199981689453,164.92999267578125,10073100
2020-05-19,136.67210388183594,163.66000366210938,163.6999969482422,162.47999572753906,162.52000427246094,8639100
2020-05-20,137.08132934570312,164.14999389648438,164.6999969482422,162.8800048828125,163.1699981689453,10927300
2020-05-21,137.4237823486328,164.55999755859375,165.36000061035156,164.2899932861328,164.86000061035156,8920000
2020-05-22,138.25048828125,165.5500030517578,165.67999267578125,164.61000061035156,164.72000122070312,4956700
2020-05-26,136.3966064453125,163.3300018310547,163.7899932861328,162.97999572753906,163.7100067138672,8098900
2020-05-27,136.1460418701172,163.02999877929688,163.91000366210938,162.58999633789062,162.7899932861328,8047400
2020-05-28,135.64505004882812,162.42999267578125,162.57000732421875,161.66000366210938,161.9600067138672,10272600
2020-05-29,136.6136932373047,163.58999633789062,164.08999633789062,162.35000610351562,162.7100067138672,14632700
2020-06-01,135.69393920898438,162.27999877929688,162.44000244140625,161.6699981689453,162.10000610351562,13341400
2020-06-02,135.2006072998047,161.69000244140625,162.08999633789062,161.25,161.6699981689453,11517100
2020-06-03,133.40277099609375,159.5399932861328,160.3300018310547,158.94000244140625,160.17999267578125,12255700
2020-06-04,131.4712677001953,157.22999572753906,159.00999450683594,157.19000244140625,158.9199981689453,14038600
2020-06-05,130.5347900390625,156.11000061035156,156.16000366210938,153.16000366210938,154.61000061035156,17778500
2020-06-08,131.03646850585938,156.7100067138672,156.85000610351562,155.0500030517578,155.07000732421875,10346700
2020-06-09,132.5248260498047,158.49000549316406,159.63999938964844,158.3000030517578,159.0500030517578,9095300
2020-06-10,134.4898223876953,160.83999633789062,160.89999389648438,159.0500030517578,159.24000549316406,13135500
2020-06-11,137.03184509277344,163.8800048828125,164.22999572753906,162.6300048828125,163.25,17086400
2020-06-12,135.7106475830078,162.3000030517578,163.66000366210938,162.0500030517578,162.41000366210938,9716100
2020-06-15,135.78590393066406,162.38999938964844,164.22000122070312,162.13999938964844,163.88999938964844,7759800
2020-06-16,133.7038116455078,159.89999389648438,161.22999572753906,158.6999969482422,159.41000366210938,13698900
2020-06-17,134.25570678710938,160.55999755859375,160.77000427246094,159.33999633789062,160.27000427246094,7113900
2020-06-18,135.6771697998047,162.25999450683594,162.47999572753906,161.61000061035156,162.0399932861328,7691400
2020-06-19,135.78590393066406,162.38999938964844,162.5,160.91000366210938,161.0,8565500
2020-06-22,135.80264282226562,162.41000366210938,163.4199981689453,162.07000732421875,163.19000244140625,9319700
2020-06-23,134.87442016601562,161.3000030517578,162.05999755859375,161.1199951171875,161.47999572753906,9088600
2020-06-24,136.32110595703125,163.02999877929688,163.08999633789062,161.52000427246094,161.52999877929688,11436500
2020-06-25,136.7140350341797,163.5,164.35000610351562,163.39999389648438,164.2100067138672,10968000
2020-06-26,138.17733764648438,165.25,165.32000732421875,164.17999267578125,164.25,12119300
2020-06-29,137.74256896972656,164.72999572753906,165.27000427246094,164.3800048828125,164.85000610351562,7274400
2020-06-30,137.07354736328125,163.92999267578125,165.2899932861328,163.47999572753906,165.22999572753906,14841700
2020-07-01,136.8073272705078,163.4199981689453,163.55999755859375,162.14999389648438,162.80999755859375,13181000
2020-07-02,136.94972229003906,163.58999633789062,163.74000549316406,162.24000549316406,162.6999969482422,7599800
2020-07-06,136.38877868652344,162.9199981689453,163.02000427246094,161.75,162.3300018310547,7972700
2020-07-07,138.305908203125,165.2100067138672,165.33999633789062,163.1999969482422,163.4199981689453,12791900
2020-07-08,137.75338745117188,164.5500030517578,164.9199981689453,163.8300018310547,164.32000732421875,7253900
2020-07-09,139.94674682617188,167.1699981689453,167.4499969482422,164.60000610351562,164.66000366210938,13373100
2020-07-10,139.24346923828125,166.3300018310547,168.2100067138672,166.16000366210938,167.9499969482422,8478000
2020-07-13,139.7039794921875,166.8800048828125,166.9600067138672,165.22999572753906,165.5,8054000
2020-07-14,139.9048309326172,167.1199951171875,168.13999938964844,166.97999572753906,167.92999267578125,11344600
2020-07-15,139.2518768310547,166.33999633789062,166.9499969482422,165.8300018310547,165.9199981689453,7840300
2020-07-16,139.91314697265625,167.1300048828125,167.77000427246094,167.0399932861328,167.39999389648438,9107400
2020-07-17,139.62017822265625,166.77999877929688,167.39999389648438,166.47000122070312,167.27000427246094,8549900
2020-07-20,139.9635009765625,167.19000244140625,167.6199951171875,166.8000030517578,167.50999450683594,6907200
2020-07-21,140.04713439941406,167.2899932861328,167.72000122070312,167.0800018310547,167.3000030517578,8454400
2020-07-22,140.46571350097656,167.7899932861328,168.4600067138672,167.69000244140625,168.25999450683594,6592100
2020-07-23,142.10650634765625,169.75,169.8800048828125,168.47999572753906,168.9199981689453,10471800
2020-07-24,142.09817504882812,169.74000549316406,169.9199981689453,168.8699951171875,169.00999450683594,7520700
2020-07-27,141.5707244873047,169.11000061035156,170.3000030517578,168.99000549316406,170.25,6146400
2020-07-28,142.5502166748047,170.27999877929688,170.33999633789062,169.42999267578125,169.5399932861328,8520700
2020-07-29,142.30746459960938,169.99000549316406,170.38999938964844,168.97999572753906,170.0500030517578,6733700
2020-07-30,143.2450714111328,171.11000061035156,171.25999450683594,170.75,171.0500030517578,9376100
2020-07-31,143.15293884277344,171.0,171.4600067138672,169.94000244140625,170.14999389648438,8886000
2020-08-03,142.43226623535156,169.9499969482422,169.99000549316406,168.97000122070312,169.24000549316406,9066200
2020-08-04,143.78988647460938,171.57000732421875,171.5800018310547,170.72000122070312,170.8300018310547,9878900
2020-08-05,142.53280639648438,170.07000732421875,170.55999755859375,169.69000244140625,170.05999755859375,6954100
2020-08-06,143.3289794921875,171.02000427246094,172.25,170.6199951171875,171.3800048828125,9481800
2020-08-07,142.3736114501953,169.8800048828125,171.5,169.5800018310547,171.27999877929688,8176900
2020-08-10,141.73655700683594,169.1199951171875,170.25,169.07000732421875,170.22000122070312,6408500
2020-08-11,140.05209350585938,167.11000061035156,167.49000549316406,165.8800048828125,167.1699981689453,19234200
2020-08-12,138.77818298339844,165.58999633789062,166.07000732421875,164.99000549316406,165.6999969482422,11744800
2020-08-13,137.2948455810547,163.82000732421875,165.5800018310547,163.1699981689453,165.30999755859375,12744700
2020-08-14,136.75839233398438,163.17999267578125,164.14999389648438,163.16000366210938,163.80999755859375,6398100
2020-08-17,137.1020050048828,163.58999633789062,164.4600067138672,163.42999267578125,163.97000122070312,6901500
2020-08-18,138.0825958251953,164.75999450683594,164.8699951171875,164.08999633789062,164.36000061035156,8140600
2020-08-19,137.21934509277344,163.72999572753906,165.61000061035156,163.3000030517578,165.3699951171875,12497700
2020-08-20,138.45973205566406,165.2100067138672,165.64999389648438,164.92999267578125,165.38999938964844,10319900
2020-08-21,139.2893829345703,166.1999969482422,166.3300018310547,165.00999450683594,165.77000427246094,6836000
2020-08-24,139.06314086914062,165.92999267578125,166.97000122070312,165.86000061035156,166.32000732421875,6490600
2020-08-25,137.99874877929688,164.66000366210938,165.08999633789062,163.8300018310547,164.35000610351562,10518300
2020-08-26,137.4708251953125,164.02999877929688,164.3300018310547,163.27999877929688,164.0500030517578,8276600
2020-08-27,135.13250732421875,161.24000549316406,164.82000732421875,161.16000366210938,164.75999450683594,19860100
2020-08-28,135.03195190429688,161.1199951171875,162.0500030517578,160.63999938964844,161.77000427246094,8415400
2020-08-31,135.9286651611328,162.19000244140625,163.25,161.55999755859375,161.60000610351562,11388100
2020-09-01,137.48345947265625,163.86000061035156,164.07000732421875,161.17999267578125,161.75999450683594,10587000
2020-09-02,138.79232788085938,165.4199981689453,165.55999755859375,163.49000549316406,163.50999450683594,15167700
2020-09-03,139.18667602539062,165.88999938964844,167.24000549316406,165.44000244140625,165.75,16416600
2020-09-04,136.54373168945312,162.74000549316406,164.6999969482422,162.4499969482422,164.41000366210938,13780300
2020-09-08,137.38270568847656,163.74000549316406,165.25999450683594,163.74000549316406,164.3699951171875,13790400
2020-09-09,137.0135498046875,163.3000030517578,164.25,162.75999450683594,163.94000244140625,9558900
2020-09-10,137.7100372314453,164.1300048828125,164.35000610351562,161.9499969482422,162.4600067138672,8847700
2020-09-11,138.00363159179688,164.47999572753906,164.57000732421875,164.0800018310547,164.30999755859375,5458200
2020-09-14,137.99530029296875,164.47000122070312,165.0800018310547,164.22999572753906,164.7899932861328,4274900
2020-09-15,137.6595916748047,164.07000732421875,164.47000122070312,163.7899932861328,164.1699981689453,6928500
2020-09-16,137.24850463867188,163.5800018310547,164.88999938964844,162.97999572753906,164.77999877929688,8815200
2020-09-17,137.6680145263672,164.0800018310547,164.9600067138672,163.8000030517578,164.89999389648438,7813900
2020-09-18,137.2401123046875,163.57000732421875,164.24000549316406,163.33999633789062,164.1699981689453,7246300
2020-09-21,137.93643188476562,164.39999389648438,165.39999389648438,164.13999938964844,164.88999938964844,11086900
2020-09-22,137.8274688720703,164.27000427246094,164.8800048828125,163.8699951171875,164.44000244140625,10524100
2020-09-23,138.01202392578125,164.49000549316406,164.52999877929688,163.47999572753906,164.3000030517578,6224800
2020-09-24,138.5405731201172,165.1199951171875,165.1199951171875,164.6199951171875,164.9600067138672,8278100
2020-09-25,138.5405731201172,165.1199951171875,165.4199981689453,164.7100067138672,165.11000061035156,5140300
2020-09-28,138.14622497558594,164.64999389648438,164.89999389648438,164.3699951171875,164.8699951171875,4470100
2020-09-29,138.3057098388672,164.83999633789062,165.24000549316406,164.55999755859375,164.8000030517578,10297600
2020-09-30,136.98001098632812,163.25999450683594,164.0,162.5500030517578,164.0,12971000
2020-10-01,137.20594787597656,163.36000061035156,163.74000549316406,162.10000610351562,162.50999450683594,11523900
2020-10-02,136.69361877441406,162.75,163.6699981689453,162.17999267578125,163.61000061035156,8828800
2020-10-05,134.0227508544922,159.57000732421875,160.9499969482422,159.52000427246094,160.9499969482422,14726000
2020-10-06,134.74497985839844,160.42999267578125,161.41000366210938,158.67999267578125,159.3300018310547,22419400
2020-10-07,133.76239013671875,159.25999450683594,160.4199981689453,158.86000061035156,159.55999755859375,9429200
2020-10-08,134.4846649169922,160.1199951171875,160.25,159.66000366210938,159.97000122070312,8431500
2020-10-09,134.45950317382812,160.08999633789062,160.27000427246094,158.80999755859375,159.52000427246094,8441500
2020-10-12,134.88784790039062,160.60000610351562,160.67999267578125,160.11000061035156,160.42999267578125,3962000
2020-10-13,135.853759765625,161.75,161.8300018310547,161.17999267578125,161.2100067138672,7914300
2020-10-14,136.1645050048828,162.1199951171875,162.75,161.97000122070312,162.3300018310547,6954800
2020-10-15,135.92930603027344,161.83999633789062,163.19000244140625,161.63999938964844,163.0399932861328,9458800
2020-10-16,135.55136108398438,161.38999938964844,162.32000732421875,161.10000610351562,161.66000366210938,8416300
2020-10-19,135.03907775878906,160.77999877929688,160.97999572753906,160.0500030517578,160.5,9286600
2020-10-20,133.7539825439453,159.25,160.00999450683594,158.9499969482422,159.86000061035156,11189000
2020-10-21,133.29197692871094,158.6999969482422,159.3699951171875,158.3699951171875,158.7899932861328,10453700
2020-10-22,131.90615844726562,157.0500030517578,158.6300048828125,156.97000122070312,158.2899932861328,12664900
2020-10-23,132.71250915527344,158.00999450683594,158.2100067138672,156.75,156.80999755859375,8783800
2020-10-26,133.94717407226562,159.47999572753906,160.02000427246094,159.00999450683594,159.2100067138672,7227300
2020-10-27,134.8458709716797,160.5500030517578,160.6999969482422,159.89999389648438,160.22999572753906,6062300
2020-10-28,134.97178649902344,160.6999969482422,161.4600067138672,160.1999969482422,161.3800048828125,11765800
2020-10-29,133.66156005859375,159.13999938964844,160.8300018310547,158.47000122070312,160.72999572753906,11932400
2020-10-30,132.3429412841797,157.57000732421875,159.35000610351562,157.57000732421875,159.02999877929688,13095400
2020-11-02,133.33421325683594,158.5800018310547,159.19000244140625,158.3300018310547,158.6999969482422,10810500
2020-11-03,132.5607452392578,157.66000366210938,157.97999572753906,157.0399932861328,157.85000610351562,16228700
2020-11-04,135.436279296875,161.0800018310547,162.1699981689453,160.5399932861328,161.63999938964844,21570800
2020-11-05,135.6716766357422,161.36000061035156,161.74000549316406,160.5800018310547,161.63999938964844,18537500
2020-11-06,134.03207397460938,159.41000366210938,159.9199981689453,158.94000244140625,159.6199951171875,12408400
2020-11-09,131.2154083251953,156.05999755859375,156.14999389648438,154.6300048828125,155.97000122070312,23245000
2020-11-10,130.45872497558594,155.16000366210938,155.80999755859375,154.77999877929688,154.9600067138672,12561000
2020-11-11,130.9295654296875,155.72000122070312,155.94000244140625,154.97000122070312,155.02000427246094,5888200
2020-11-12,133.1576690673828,158.3699951171875,158.39999389648438,156.7100067138672,156.94000244140625,15999700
2020-11-13,132.98109436035156,158.16000366210938,158.5,157.91000366210938,158.36000061035156,7344600
2020-11-16,132.66156005859375,157.77999877929688,158.27999877929688,157.61000061035156,157.72999572753906,6310400
2020-11-17,133.5276336669922,158.80999755859375,159.16000366210938,158.58999633789062,158.77000427246094,7444600
2020-11-18,133.9143829345703,159.27000427246094,159.57000732421875,158.35000610351562,159.44000244140625,10333300
2020-11-19,134.6038818359375,160.08999633789062,160.72000122070312,159.83999633789062,159.97000122070312,10637200
2020-11-20,135.7977752685547,161.50999450683594,161.5399932861328,160.38999938964844,160.52999877929688,7246800
2020-11-23,135.17555236816406,160.77000427246094,160.99000549316406,160.27999877929688,160.82000732421875,11300000
2020-11-24,133.83029174804688,159.1699981689453,160.02000427246094,159.00999450683594,159.99000549316406,10891700
2020-11-25,133.41836547851562,158.67999267578125,159.91000366210938,158.6199951171875,159.25,9145800
2020-11-27,134.71310424804688,160.22000122070312,160.27000427246094,159.5800018310547,159.61000061035156,4708200
2020-11-30,134.54502868652344,160.02000427246094,160.52999877929688,159.75999450683594,160.02999877929688,13071600
2020-12-01,132.5612030029297,157.5,158.74000549316406,156.67999267578125,158.5500030517578,13662800
2020-12-02,131.5091552734375,156.25,156.92999267578125,155.47999572753906,156.8800048828125,12114300
2020-12-03,132.5696258544922,157.50999450683594,157.82000732421875,156.5800018310547,156.94000244140625,9626500
2020-12-04,130.62538146972656,155.1999969482422,155.7899932861328,154.77000427246094,155.69000244140625,12734500
2020-12-07,131.80364990234375,156.60000610351562,156.8800048828125,156.17999267578125,156.35000610351562,9316100
2020-12-08,132.42657470703125,157.33999633789062,158.07000732421875,157.1999969482422,157.57000732421875,7397200
2020-12-09,131.98887634277344,156.82000732421875,157.32000732421875,156.00999450683594,156.5500030517578,7750100
2020-12-10,133.1588134765625,158.2100067138672,158.2899932861328,156.8300018310547,157.24000549316406,10025100
2020-12-11,133.630126953125,158.77000427246094,159.38999938964844,158.32000732421875,158.64999389648438,8135900
2020-12-14,133.2598114013672,158.3300018310547,158.69000244140625,157.11000061035156,157.49000549316406,7535900
2020-12-15,132.81365966796875,157.8000030517578,158.38999938964844,157.30999755859375,157.77999877929688,6847500
2020-12-16,132.46018981933594,157.3800048828125,157.88999938964844,156.38999938964844,156.5800018310547,9954200
2020-12-17,132.10972595214844,156.8000030517578,158.4600067138672,156.42999267578125,158.1300048828125,9422700
2020-12-18,131.71372985839844,156.3300018310547,157.3800048828125,156.17999267578125,157.1199951171875,6505000
2020-12-21,132.23619079589844,156.9499969482422,157.33999633789062,156.4499969482422,157.1999969482422,8988200
2020-12-22,132.9185333251953,157.75999450683594,157.8300018310547,157.0800018310547,157.55999755859375,7370800
2020-12-23,132.00018310546875,156.6699981689453,156.69000244140625,155.4600067138672,156.6199951171875,9266600
2020-12-24,132.52252197265625,157.2899932861328,157.42999267578125,156.85000610351562,156.89999389648438,3117100
2020-12-28,132.5814971923828,157.36000061035156,157.4499969482422,156.10000610351562,156.3800048828125,7791100
2020-12-29,132.4130401611328,157.16000366210938,157.2899932861328,156.36000061035156,156.38999938964844,9030900
2020-12-30,132.699462890625,157.5,157.52999877929688,156.67999267578125,156.82000732421875,9097300
2020-12-31,132.8932342529297,157.72999572753906,158.0800018310547,157.4499969482422,157.4600067138672,7742100
2021-01-04,132.73324584960938,157.5399932861328,158.17999267578125,156.5399932861328,156.6699981689453,13152900
2021-01-05,131.74742126464844,156.3699951171875,156.9499969482422,155.66000366210938,156.9499969482422,10458100
2021-01-06,129.04293823242188,153.16000366210938,153.85000610351562,152.2899932861328,153.82000732421875,22827300
2021-01-07,127.90542602539062,151.80999755859375,152.1699981689453,151.25999450683594,151.7899932861328,14651900
2021-01-08,127.49263763427734,151.32000732421875,151.9600067138672,150.66000366210938,151.47999572753906,13622500
2021-01-11,127.2819366455078,151.07000732421875,151.2100067138672,150.49000549316406,151.0,8370700
2021-01-12,127.18087768554688,150.9499969482422,151.16000366210938,149.92999267578125,150.7899932861328,12186300
2021-01-13,128.61317443847656,152.64999389648438,153.07000732421875,151.57000732421875,151.66000366210938,12533300
2021-01-14,127.4084014892578,151.22000122070312,152.63999938964844,150.7899932861328,152.5800018310547,14835500
2021-01-15,127.91390228271484,151.82000732421875,152.36000061035156,151.47000122070312,152.19000244140625,11624700
2021-01-19,128.3267364501953,152.30999755859375,152.36000061035156,151.50999450683594,151.6199951171875,9575600
2021-01-20,128.45315551757812,152.4600067138672,152.47999572753906,151.7899932861328,151.99000549316406,5368900
2021-01-21,127.55154418945312,151.38999938964844,151.75,151.10000610351562,151.44000244140625,8162700
2021-01-22,127.96441650390624,151.8800048828125,152.00999450683594,151.4199981689453,151.85000610351562,9507200
2021-01-25,129.4725341796875,153.6699981689453,153.69000244140625,152.63999938964844,152.75999450683594,8712600
2021-01-26,129.228271484375,153.3800048828125,153.60000610351562,152.9199981689453,153.10000610351562,7690300
2021-01-27,129.5568389892578,153.77000427246094,154.5,153.52999877929688,154.07000732421875,7895200
2021-01-28,128.8407440185547,152.9199981689453,153.4600067138672,152.16000366210938,153.39999389648438,10667800
2021-01-29,128.06553649902344,152.0,152.49000549316406,151.3000030517578,151.4199981689453,14965900
2021-02-01,128.21397399902344,152.0,152.36000061035156,151.49000549316406,151.66000366210938,8165500
2021-02-02,127.38737487792967,151.02000427246094,151.08999633789062,150.52000427246094,150.74000549316406,9177500
2021-02-03,126.25704193115234,149.67999267578125,150.58999633789062,149.5800018310547,150.42999267578125,9633100
2021-02-04,125.919677734375,149.27999877929688,149.49000549316406,148.8000030517578,149.16000366210938,8262600
2021-02-05,124.86524200439452,148.02999877929688,149.57000732421875,148.02000427246094,149.10000610351562,10258900
2021-02-08,125.41351318359376,148.67999267578125,149.25999450683594,148.0399932861328,148.3000030517578,11574800
2021-02-09,125.50634765625,148.7899932861328,149.6699981689453,148.66000366210938,149.22000122070312,5218300
2021-02-10,126.34138488769533,149.77999877929688,149.77999877929688,149.13999938964844,149.27999877929688,8079800
2021-02-11,125.64972686767578,148.9600067138672,149.7899932861328,148.75,149.67999267578125,11962700
2021-02-12,124.0892562866211,147.11000061035156,148.0800018310547,147.02999877929688,147.6999969482422,14088400
2021-02-16,122.19969940185548,144.8699951171875,145.66000366210938,144.66000366210938,145.22000122070312,17789100
2021-02-17,122.97586059570312,145.7899932861328,146.3800048828125,144.97999572753906,145.9499969482422,11199100
2021-02-18,122.47803497314452,145.1999969482422,145.60000610351562,144.32000732421875,144.61000061035156,10755300
2021-02-19,120.85006713867188,143.27000427246094,144.32000732421875,142.85000610351562,144.05999755859375,12741700
2021-02-22,119.93071746826172,142.17999267578125,143.74000549316406,141.72000122070312,143.02999877929688,13203900
2021-02-23,119.58489227294922,141.77000427246094,142.5,141.13999938964844,141.52000427246094,12658500
2021-02-24,118.80038452148438,140.83999633789062,141.17999267578125,139.16000366210938,139.35000610351562,17363100
2021-02-25,116.86029052734376,138.5399932861328,139.9199981689453,136.61000061035156,139.52000427246094,52621700
2021-02-26,120.72357940673828,143.1199951171875,143.3000030517578,139.67999267578125,140.77000427246094,45423300
2021-03-01,119.12913513183594,141.05999755859375,141.41000366210938,140.08999633789062,140.66000366210938,22048000
2021-03-02,119.13758850097656,141.07000732421875,141.1300048828125,140.2899932861328,140.39999389648438,12482200
2021-03-03,117.84544372558594,139.5399932861328,140.14999389648438,138.75999450683594,139.3800048828125,19763700
2021-03-04,117.08533477783205,138.63999938964844,139.94000244140625,137.9600067138672,139.6300048828125,22366600
2021-03-05,117.31342315673828,138.91000366210938,139.33999633789062,137.99000549316406,138.1699981689453,20598000
2021-03-08,116.40129852294922,137.8300018310547,138.89999389648438,137.8300018310547,138.8300018310547,15236600
2021-03-09,118.01431274414062,139.74000549316406,139.82000732421875,138.97000122070312,139.27000427246094,14463400
2021-03-10,118.2508316040039,140.02000427246094,140.14999389648438,139.27999877929688,139.8000030517578,12387600
2021-03-11,117.39784240722656,139.00999450683594,139.3800048828125,138.4600067138672,139.1699981689453,14150700
2021-03-12,114.90648651123048,136.05999755859375,136.4600067138672,135.64999389648438,136.39999389648438,20402700
2021-03-15,115.58211517333984,136.86000061035156,137.08999633789062,136.41000366210938,136.49000549316406,11366500
2021-03-16,115.11759185791016,136.30999755859375,137.1199951171875,135.75,137.02000427246094,15567900
2021-03-17,114.25619506835938,135.2899932861328,135.52999877929688,134.14999389648438,135.14999389648438,27107500
2021-03-18,113.09920501708984,133.9199981689453,134.47000122070312,133.19000244140625,133.30999755859375,21615100
2021-03-19,113.8001708984375,134.75,134.8300018310547,133.8000030517578,134.0800018310547,18685000
2021-03-22,115.0753936767578,136.25999450683594,136.41000366210938,135.3699951171875,135.69000244140625,17047500
2021-03-23,116.11418914794922,137.49000549316406,137.5399932861328,136.14999389648438,136.58999633789062,16768400
2021-03-24,116.73914337158205,138.22999572753906,138.27999877929688,136.9499969482422,137.05999755859375,13863000
2021-03-25,115.81857299804688,137.13999938964844,138.66000366210938,137.08999633789062,138.38999938964844,20782000
2021-03-26,115.4132080078125,136.66000366210938,137.24000549316406,136.22000122070312,136.4199981689453,8433300
2021-03-29,114.43356323242188,135.5,136.85000610351562,134.97000122070312,136.8300018310547,13968100
2021-03-30,115.0331802368164,136.2100067138672,136.50999450683594,135.00999450683594,135.3000030517578,15020800
2021-03-31,114.3913345336914,135.4499969482422,136.58999633789062,134.97999572753906,136.33999633789062,19271300
2021-04-01,116.2898941040039,137.50999450683594,137.6199951171875,136.3000030517578,136.5500030517578,14885900
2021-04-05,115.78252410888672,136.91000366210938,136.97000122070312,135.94000244140625,136.5500030517578,8243000
2021-04-06,116.5689468383789,137.83999633789062,137.97999572753906,137.00999450683594,137.16000366210938,9282400
2021-04-07,115.7571029663086,136.8800048828125,138.10000610351562,136.8800048828125,137.4499969482422,11052700
2021-04-08,116.7127685546875,138.00999450683594,138.07000732421875,137.36000061035156,137.38999938964844,7847900
2021-04-09,116.2898941040039,137.50999450683594,138.19000244140625,137.08999633789062,137.5,8717800
2021-04-12,116.2391586303711,137.4499969482422,137.52999877929688,137.10000610351562,137.4600067138672,7659000
2021-04-13,117.11022186279295,138.47999572753906,138.50999450683594,137.1999969482422,137.3000030517578,13232800
2021-04-14,116.73809051513672,138.0399932861328,138.24000549316406,137.57000732421875,138.02999877929688,7293200
2021-04-15,118.69165802001952,140.35000610351562,140.97999572753906,139.4600067138672,139.49000549316406,23896700
2021-04-16,117.76983642578124,139.25999450683594,139.72999572753906,138.92999267578125,139.10000610351562,15238400
2021-04-19,117.43155670166016,138.86000061035156,139.30999755859375,138.5500030517578,138.74000549316406,13886800
2021-04-20,117.9727783203125,139.5,139.75999450683594,138.42999267578125,138.4499969482422,11476500
2021-04-21,118.20960235595705,139.77999877929688,139.91000366210938,139.07000732421875,139.5399932861328,11902200
2021-04-22,118.7254409790039,140.38999938964844,140.38999938964844,139.1999969482422,140.0,14156400
2021-04-23,118.4463882446289,140.05999755859375,140.47000122070312,139.49000549316406,140.3800048828125,12302200
2021-04-26,118.27723693847656,139.86000061035156,140.50999450683594,139.85000610351562,140.14999389648438,9103500
2021-04-27,117.24549102783205,138.63999938964844,139.82000732421875,138.52999877929688,139.58999633789062,14137300
2021-04-28,117.32160949707033,138.72999572753906,138.88999938964844,137.9600067138672,138.64999389648438,15263700
2021-04-29,116.97493743896484,138.32000732421875,138.36000061035156,137.1300048828125,137.4499969482422,17178200
2021-04-30,117.24549102783205,138.63999938964844,138.72999572753906,137.97999572753906,138.50999450683594,15692000
2021-05-03,117.3158187866211,138.52000427246094,139.64999389648438,138.27999877929688,138.6999969482422,16447700
2021-05-04,118.11194610595705,139.4600067138672,140.16000366210938,139.16000366210938,139.49000549316406,18639700
2021-05-05,118.30671691894533,139.69000244140625,139.85000610351562,138.9199981689453,139.02999877929688,11127900
2021-05-06,118.50150299072266,139.9199981689453,140.19000244140625,139.1999969482422,139.25,21907600
2021-05-07,117.91712188720705,139.22999572753906,140.60000610351562,138.91000366210938,140.10000610351562,18346900
2021-05-10,116.72296142578124,137.82000732421875,139.25,137.69000244140625,138.9499969482422,15146200
2021-05-11,116.06233978271484,137.0399932861328,137.47999572753906,136.77000427246094,137.22999572753906,15158600
2021-05-12,114.84278106689452,135.60000610351562,136.8000030517578,135.36000061035156,136.6699981689453,20859400
2021-05-13,115.02066802978516,135.80999755859375,136.3699951171875,135.6300048828125,135.92999267578125,13073900
2021-05-14,116.09624481201172,137.0800018310547,137.0800018310547,136.22000122070312,136.52999877929688,17566700
2021-05-17,115.8506088256836,136.7899932861328,137.1699981689453,136.57000732421875,136.8300018310547,6113800
2021-05-18,115.55419158935548,136.44000244140625,136.57000732421875,136.07000732421875,136.39999389648438,11423100
2021-05-19,115.27471923828124,136.11000061035156,137.3000030517578,135.6199951171875,136.5399932861328,14296000
2021-05-20,116.2232666015625,137.22999572753906,137.49000549316406,136.6699981689453,136.75999450683594,13310500
2021-05-21,116.5959243774414,137.6699981689453,137.6999969482422,137.05999755859375,137.66000366210938,10171600
2021-05-24,117.02781677246094,138.17999267578125,138.5800018310547,137.88999938964844,137.99000549316406,6868700
2021-05-25,118.11194610595705,139.4600067138672,139.5,138.6199951171875,138.6300048828125,12346900
2021-05-26,117.90867614746094,139.22000122070312,139.91000366210938,138.8800048828125,139.58999633789062,9793700
2021-05-27,117.43441009521484,138.66000366210938,138.69000244140625,137.99000549316406,138.5,10695200
2021-05-28,117.248046875,138.44000244140625,139.3000030517578,138.33999633789062,138.5800018310547,10258000
2021-06-01,117.22171020507812,138.2100067138672,138.25999450683594,137.25,137.82000732421875,11778500
2021-06-02,117.4931869506836,138.52999877929688,138.7899932861328,138.32000732421875,138.5500030517578,7347900
2021-06-03,117.0521240234375,138.00999450683594,138.50999450683594,137.85000610351562,138.50999450683594,10994000
2021-06-04,118.65512084960938,139.89999389648438,139.89999389648438,138.52000427246094,138.52000427246094,15773700
2021-06-07,118.29041290283205,139.47000122070312,139.7100067138672,139.32000732421875,139.58999633789062,7799800
2021-06-08,119.12156677246094,140.4499969482422,140.66000366210938,140.2100067138672,140.66000366210938,11230900
2021-06-09,120.17326354980467,141.69000244140625,142.14999389648438,141.25,141.75999450683594,12768300
2021-06-10,120.89418029785156,142.5399932861328,142.55999755859375,140.67999267578125,140.8300018310547,19698300
2021-06-11,120.69916534423828,142.30999755859375,142.39999389648438,141.83999633789062,142.30999755859375,8646700
2021-06-14,119.77464294433594,141.22000122070312,142.10000610351562,141.00999450683594,142.10000610351562,9401300
2021-06-15,119.6304931640625,141.0500030517578,141.08999633789062,140.47999572753906,140.8000030517578,18207300
2021-06-16,119.5286865234375,140.92999267578125,141.6699981689453,140.2100067138672,141.39999389648438,19676300
2021-06-17,121.31829071044922,143.0399932861328,144.92999267578125,141.63999938964844,141.86000061035156,35225800
2021-06-18,123.59980010986328,145.72999572753906,146.0399932861328,144.1199951171875,144.27999877929688,26616900
2021-06-21,121.5302963256836,143.2899932861328,144.49000549316406,143.02000427246094,144.38999938964844,16485000
2021-06-22,121.8271713256836,143.63999938964844,143.67999267578125,142.1199951171875,142.1699981689453,14530200
2021-06-23,121.51336669921876,143.27000427246094,143.5,142.7100067138672,143.11000061035156,12040900
2021-06-24,121.70841217041016,143.5,143.89999389648438,143.3300018310547,143.4199981689453,8788400
2021-06-25,120.44470977783205,142.00999450683594,143.39999389648438,141.3699951171875,143.25999450683594,15562200
2021-06-28,121.6829833984375,143.47000122070312,143.8000030517578,142.6999969482422,142.72000122070312,11460700
2021-06-29,121.88655853271484,143.7100067138672,143.72000122070312,143.0399932861328,143.10000610351562,11217900
2021-06-30,122.42936706542967,144.35000610351562,144.92999267578125,144.07000732421875,144.25,15708900
2021-07-01,122.4361343383789,144.1699981689453,144.30999755859375,143.52999877929688,143.97999572753906,10810000
2021-07-02,123.17498779296876,145.0399932861328,145.0399932861328,144.11000061035156,144.22999572753906,9650200
2021-07-06,124.61871337890624,146.74000549316406,146.99000549316406,145.72000122070312,145.72000122070312,20037200
2021-07-07,125.72272491455078,148.0399932861328,148.55999755859375,147.22000122070312,147.57000732421875,20964400
2021-07-08,126.21527862548828,148.6199951171875,149.44000244140625,148.1699981689453,148.8800048828125,17487800
2021-07-09,124.44039154052734,146.52999877929688,146.99000549316406,146.49000549316406,146.8699951171875,14483600
2021-07-12,124.27902221679688,146.33999633789062,147.22999572753906,146.1699981689453,147.08999633789062,10610400
2021-07-13,123.32789611816406,145.22000122070312,147.4600067138672,144.63999938964844,146.82000732421875,23340200
2021-07-14,124.7291259765625,146.8699951171875,146.9199981689453,145.80999755859375,146.00999450683594,16038600
2021-07-15,126.10490417480467,148.49000549316406,148.60000610351562,147.02999877929688,147.9499969482422,18462400
2021-07-16,125.8671875,148.2100067138672,148.33999633789062,147.32000732421875,147.33999633789062,12787900
2021-07-19,128.62716674804688,151.4600067138672,151.9499969482422,150.6199951171875,150.9499969482422,40203900
2021-07-20,127.38726806640624,150.0,152.7100067138672,149.75999450683594,152.52999877929688,25674800
2021-07-21,125.77365112304688,148.10000610351562,148.5,146.6699981689453,148.17999267578125,19988900
2021-07-22,126.9626235961914,149.5,149.80999755859375,148.05999755859375,148.11000061035156,18136900
2021-07-23,126.11338806152344,148.5,148.66000366210938,147.88999938964844,147.94000244140625,12639300
2021-07-26,125.73973083496094,148.05999755859375,149.05999755859375,147.8800048828125,149.0,10737700
2021-07-27,127.0815658569336,149.63999938964844,149.69000244140625,148.99000549316406,149.3300018310547,13036500
2021-07-28,127.0899887084961,149.64999389648438,149.6699981689453,148.27000427246094,148.6699981689453,14346700
2021-07-29,126.38511657714844,148.82000732421875,149.22000122070312,148.52999877929688,148.77999877929688,11532000
2021-07-30,126.97956848144533,149.52000427246094,149.72000122070312,149.05999755859375,149.1300048828125,14342100
2021-08-02,128.11224365234375,150.6699981689453,151.22999572753906,149.17999267578125,149.4499969482422,21232700
2021-08-03,128.18023681640625,150.75,151.22999572753906,150.38999938964844,150.75,13361900
2021-08-04,128.44383239746094,151.05999755859375,151.82000732421875,149.72000122070312,151.5,18267900
2021-08-05,127.78909301757812,150.2899932861328,150.9199981689453,150.0,150.75999450683594,15345400
2021-08-06,125.65487670898438,147.77999877929688,148.75999450683594,147.69000244140625,148.32000732421875,21144300
2021-08-09,125.20423126220705,147.25,148.55999755859375,147.22999572753906,148.14999389648438,12942400
2021-08-10,124.6260986328125,146.57000732421875,147.57000732421875,146.55999755859375,147.49000549316406,13716900
2021-08-11,124.54952239990234,146.47999572753906,147.22999572753906,145.7100067138672,146.41000366210938,17227600
2021-08-12,124.3455047607422,146.24000549316406,146.44000244140625,145.42999267578125,146.08999633789062,14709400
2021-08-13,126.30962371826172,148.5500030517578,148.55999755859375,146.80999755859375,146.8300018310547,18653800
2021-08-16,126.61569213867188,148.91000366210938,150.02000427246094,148.80999755859375,149.19000244140625,19170900
2021-08-17,126.5646743774414,148.85000610351562,149.47000122070312,148.6699981689453,148.8800048828125,14126900
2021-08-18,126.9898452758789,149.35000610351562,149.47000122070312,148.4499969482422,148.7100067138672,13144000
2021-08-19,127.92518615722656,150.4499969482422,150.4600067138672,149.80999755859375,150.30999755859375,15474300
2021-08-20,128.01010131835938,150.5500030517578,150.80999755859375,150.11000061035156,150.58999633789062,12388400
2021-08-23,127.92518615722656,150.4499969482422,150.5,149.9199981689453,150.1999969482422,10615000
2021-08-24,126.9303207397461,149.27999877929688,150.07000732421875,149.27999877929688,149.75999450683594,13835900
2021-08-25,125.8759536743164,148.0399932861328,149.3699951171875,147.5800018310547,149.2100067138672,16743800
2021-08-26,126.22453308105467,148.4499969482422,148.57000732421875,147.50999450683594,147.97000122070312,16657400
2021-08-27,127.0833511352539,149.4600067138672,149.49000549316406,148.3300018310547,148.57000732421875,15384700
2021-08-30,127.41494750976562,149.85000610351562,149.89999389648438,148.92999267578125,148.99000549316406,10596300
2021-08-31,126.54766082763672,148.8300018310547,150.08999633789062,148.5,149.6699981689453,15262400
2021-09-01,126.75965881347656,148.88999938964844,149.38999938964844,148.49000549316406,149.27000427246094,10807100
2021-09-02,127.31301879882812,149.5399932861328,149.5500030517578,148.75,149.24000549316406,9765900
2021-09-03,126.1551742553711,148.17999267578125,148.50999450683594,147.94000244140625,148.27000427246094,12928000
2021-09-07,125.09101104736328,146.92999267578125,147.52000427246094,146.66000366210938,147.25999450683594,15547800
2021-09-08,125.9424057006836,147.92999267578125,148.19000244140625,147.38999938964844,147.66000366210938,14533700
2021-09-09,127.46629333496094,149.72000122070312,149.88999938964844,147.85000610351562,148.1699981689453,20324600
2021-09-10,126.3424835205078,148.39999389648438,149.1699981689453,148.16000366210938,148.89999389648438,14894600
2021-09-13,127.10873413085938,149.3000030517578,149.49000549316406,148.9499969482422,149.0399932861328,15036100
2021-09-14,128.64968872070312,151.11000061035156,151.57000732421875,149.5800018310547,149.72999572753906,19918400
2021-09-15,128.1984100341797,150.5800018310547,151.25,149.92999267578125,151.2100067138672,11940300
2021-09-16,127.61102294921876,149.88999938964844,150.4499969482422,149.5,149.6699981689453,13328900
2021-09-17,126.998046875,149.1699981689453,149.36000061035156,148.6999969482422,149.17999267578125,13782900
2021-09-20,128.57302856445312,151.02000427246094,151.3699951171875,150.22999572753906,150.57000732421875,14660400
2021-09-21,128.46240234375,150.88999938964844,150.9600067138672,150.1999969482422,150.7100067138672,10035800
2021-09-22,129.22862243652344,151.7899932861328,151.7899932861328,150.44000244140625,150.7899932861328,22277800
2021-09-23,126.30845642089844,148.36000061035156,150.4499969482422,148.33999633789062,150.4199981689453,23853300
2021-09-24,125.07400512695312,146.91000366210938,147.85000610351562,146.74000549316406,147.83999633789062,20203900
2021-09-27,124.61417388916016,146.3699951171875,146.8699951171875,145.8800048828125,146.05999755859375,13464300
2021-09-28,122.673095703125,144.08999633789062,145.07000732421875,143.63999938964844,144.3300018310547,26613500
2021-09-29,122.8859405517578,144.33999633789062,145.42999267578125,143.69000244140625,144.8000030517578,23569400
2021-09-30,122.86896514892578,144.32000732421875,144.50999450683594,143.64999389648438,144.10000610351562,22567600
2021-10-01,123.90299224853516,145.35000610351562,145.39999389648438,144.1999969482422,144.85000610351562,26151800
2021-10-04,123.58753967285156,144.97999572753906,145.4600067138672,144.10000610351562,144.6699981689453,28027600
2021-10-05,122.3941421508789,143.5800018310547,144.6999969482422,143.4600067138672,144.60000610351562,22659200
2021-10-06,123.0846176147461,144.38999938964844,144.72000122070312,144.02999877929688,144.22999572753906,18696500
2021-10-07,121.79739379882812,142.8800048828125,143.33999633789062,142.58999633789062,143.19000244140625,14856000
2021-10-08,120.94497680664062,141.8800048828125,142.35000610351562,141.52999877929688,142.25999450683594,17257800
2021-10-11,120.63809204101562,141.52000427246094,141.89999389648438,141.4499969482422,141.60000610351562,7213400
2021-10-12,122.70100402832033,143.94000244140625,144.00999450683594,142.47999572753906,142.6300048828125,17968700
2021-10-13,123.8943862915039,145.33999633789062,145.52999877929688,144.5800018310547,144.61000061035156,23584600
2021-10-14,124.35474395751952,145.8800048828125,145.9600067138672,144.9499969482422,145.3699951171875,12946400
2021-10-15,123.63013458251952,145.02999877929688,145.13999938964844,144.47000122070312,145.0,11811500
2021-10-18,124.20987701416016,145.7100067138672,146.0,144.52000427246094,145.0,12115900
2021-10-19,122.49639892578124,143.6999969482422,144.72999572753906,143.64999389648438,144.66000366210938,12156300
2021-10-20,121.66951751708984,142.72999572753906,143.67999267578125,142.50999450683594,143.25,12782500
2021-10-21,121.52466583251952,142.55999755859375,143.14999389648438,142.22999572753906,143.0,13660000
2021-10-22,122.86298370361328,144.1300048828125,144.39999389648438,143.2100067138672,143.4499969482422,13740000
2021-10-25,122.67538452148438,143.91000366210938,144.3000030517578,143.6300048828125,143.6699981689453,8137900
2021-10-26,123.68984985351562,145.10000610351562,145.10000610351562,143.74000549316406,144.6199951171875,13671000
2021-10-27,125.94025421142578,147.74000549316406,148.17999267578125,145.92999267578125,146.39999389648438,22092300
2021-10-28,125.5140380859375,147.24000549316406,148.3300018310547,146.83999633789062,147.7899932861328,17497600
2021-10-29,125.8976821899414,147.69000244140625,148.0,146.32000732421875,146.47000122070312,19087300
2021-11-01,124.99118041992188,146.44000244140625,146.75999450683594,145.6999969482422,145.8000030517578,18035500
2021-11-02,125.54601287841795,147.08999633789062,147.57000732421875,146.5,146.5,9836700
2021-11-03,124.24870300292967,145.57000732421875,147.97999572753906,145.52999877929688,147.82000732421875,20639400
2021-11-04,125.55457305908205,147.10000610351562,147.36000061035156,145.85000610351562,145.8699951171875,15922400
2021-11-05,127.4322738647461,149.3000030517578,149.5800018310547,148.1300048828125,148.52000427246094,21513000
2021-11-08,127.19329833984376,149.02000427246094,149.27999877929688,148.50999450683594,148.9600067138672,12083800
2021-11-09,128.8491973876953,150.9600067138672,151.77000427246094,150.63999938964844,150.8000030517578,23430200
2021-11-10,126.4934310913086,148.1999969482422,150.92999267578125,147.02999877929688,150.8300018310547,28170600
2021-11-11,126.30567932128906,147.97999572753906,148.66000366210938,147.88999938964844,148.50999450683594,5552500
2021-11-12,125.75086975097656,147.3300018310547,148.50999450683594,146.75999450683594,148.0,12712000
2021-11-15,124.1718292236328,145.47999572753906,146.9600067138672,145.22000122070312,146.88999938964844,15232700
2021-11-16,123.8560028076172,145.11000061035156,146.3800048828125,144.85000610351562,145.69000244140625,12998700
2021-11-17,124.83756256103516,146.25999450683594,146.2899932861328,144.4600067138672,144.57000732421875,14239900
2021-11-18,125.30699920654295,146.80999755859375,146.89999389648438,145.9499969482422,145.99000549316406,11054600
2021-11-19,126.63001251220705,148.36000061035156,148.60000610351562,147.5800018310547,147.5800018310547,14022100
2021-11-22,125.1448974609375,146.6199951171875,147.63999938964844,146.1300048828125,147.39999389648438,15266000
2021-11-23,123.3354263305664,144.5,146.11000061035156,144.5,145.92999267578125,15318500
2021-11-24,125.31556701660156,146.82000732421875,146.82000732421875,144.7899932861328,144.94000244140625,13769700
2021-11-26,128.48219299316406,150.52999877929688,150.67999267578125,148.6699981689453,148.8300018310547,20064800
2021-11-29,127.4493408203125,149.32000732421875,149.63999938964844,148.1699981689453,148.30999755859375,23234200
2021-11-30,129.38694763183594,151.58999633789062,152.07000732421875,150.25,150.8300018310547,31481100
2021-12-01,130.18502807617188,152.33999633789062,152.41000366210938,149.7899932861328,150.49000549316406,30826500
2021-12-02,130.34742736816406,152.52999877929688,152.99000549316406,150.75999450683594,152.92999267578125,17754200
2021-12-03,131.9027862548828,154.35000610351562,155.1199951171875,151.35000610351562,151.67999267578125,34427100
2021-12-06,130.091064453125,152.22999572753906,154.35000610351562,151.92999267578125,154.0500030517578,30924200
2021-12-07,129.03990173339844,151.0,152.52999877929688,150.86000061035156,151.72000122070312,22115900
2021-12-08,126.80950927734376,148.38999938964844,150.47999572753906,148.36000061035156,150.47000122070312,33633900
2021-12-09,127.51880645751952,149.22000122070312,149.83999633789062,148.47999572753906,149.33999633789062,17544900
2021-12-10,127.21118927001952,148.86000061035156,150.24000549316406,148.80999755859375,149.9199981689453,14298700
2021-12-13,129.09124755859375,151.05999755859375,151.30999755859375,150.30999755859375,150.38999938964844,17860500
2021-12-14,128.7835693359375,150.6999969482422,150.92999267578125,149.30999755859375,150.3699951171875,14015500
2021-12-15,127.54444885253906,149.25,150.7899932861328,149.1300048828125,149.61000061035156,25383900
2021-12-16,127.5940933227539,149.13999938964844,149.8800048828125,148.72999572753906,148.75,18677900
2021-12-17,129.03988647460938,150.8300018310547,150.97999572753906,150.16000366210938,150.33999633789062,18093500
2021-12-20,128.07315063476562,149.6999969482422,151.02000427246094,149.60000610351562,150.75,17147300
2021-12-21,127.58554077148438,149.1300048828125,149.1999969482422,147.6199951171875,148.13999938964844,16598200
2021-12-22,128.17584228515625,149.82000732421875,149.86000061035156,149.02000427246094,149.72999572753906,12253900
2021-12-23,127.0636215209961,148.52000427246094,149.60000610351562,148.02999877929688,149.58999633789062,11642500
2021-12-27,127.37165832519533,148.8800048828125,149.00999450683594,148.32000732421875,148.4600067138672,7821800
2021-12-28,126.86687469482422,148.2899932861328,149.77999877929688,148.00999450683594,149.60000610351562,9174600
2021-12-29,125.48090362548828,146.6699981689453,147.30999755859375,146.41000366210938,146.91000366210938,11771200
2021-12-30,126.53321075439452,147.89999389648438,147.97000122070312,146.4499969482422,147.25,10355000
2021-12-31,126.78132629394533,148.19000244140625,149.02999877929688,147.42999267578125,147.80999755859375,13402300
2022-01-03,123.45330047607422,144.3000030517578,146.94000244140625,144.27999877929688,146.41000366210938,33860400
2022-01-04,122.94000244140624,143.6999969482422,144.1300048828125,142.74000549316406,143.61000061035156,21996400
2022-01-05,122.2726821899414,142.9199981689453,144.16000366210938,142.7100067138672,144.13999938964844,20911700
2022-01-06,122.58921813964844,143.2899932861328,143.44000244140625,142.2899932861328,142.58999633789062,18996400
2022-01-07,121.70801544189452,142.25999450683594,143.24000549316406,141.55999755859375,143.1300048828125,18756800
2022-01-10,122.0074691772461,142.61000061035156,142.80999755859375,141.36000061035156,141.64999389648438,13775800
2022-01-11,122.82019805908205,143.55999755859375,143.6300048828125,142.6999969482422,142.8800048828125,24388700
2022-01-12,122.34961700439452,143.00999450683594,144.00999450683594,143.0,143.89999389648438,14440600
2022-01-13,123.43618774414062,144.27999877929688,144.4199981689453,143.02999877929688,143.38999938964844,15166000
2022-01-14,121.57113647460938,142.10000610351562,143.4600067138672,141.7899932861328,143.4199981689453,22997500
2022-01-18,119.8600616455078,140.10000610351562,141.30999755859375,140.02000427246094,140.9600067138672,21171700
2022-01-19,120.6899185180664,141.07000732421875,141.7100067138672,140.30999755859375,140.52999877929688,17930500
2022-01-20,121.43424987792967,141.94000244140625,141.99000549316406,141.08999633789062,141.3699951171875,13959000
2022-01-21,122.88009643554688,143.6300048828125,144.10000610351562,142.6699981689453,143.39999389648438,28916600
2022-01-24,121.87055206298828,142.4499969482422,144.3699951171875,142.42999267578125,144.3000030517578,25001600
2022-01-25,121.67379760742188,142.22000122070312,143.7100067138672,141.8000030517578,143.11000061035156,15599000
2022-01-26,120.20227813720705,140.5,142.57000732421875,140.49000549316406,142.25999450683594,23655500
2022-01-27,122.40953826904295,143.0800018310547,143.3699951171875,142.3300018310547,142.41000366210938,21501800
2022-01-28,122.45236206054688,143.1300048828125,143.4600067138672,141.85000610351562,142.08999633789062,12826500
2022-01-31,121.81919860839844,142.38999938964844,142.9499969482422,141.9600067138672,142.17999267578125,13998400
2022-02-01,121.41488647460938,141.72000122070312,142.36000061035156,141.05999755859375,142.27999877929688,20806100
2022-02-02,121.82613372802734,142.1999969482422,143.57000732421875,141.92999267578125,141.9499969482422,18404600
2022-02-03,120.87515258789062,141.08999633789062,141.47999572753906,140.17999267578125,140.44000244140625,17234100
2022-02-04,119.09312438964844,139.00999450683594,140.13999938964844,138.77999877929688,139.85000610351562,23609800
2022-02-07,119.17025756835938,139.10000610351562,139.30999755859375,138.5500030517578,138.91000366210938,12962400
2022-02-08,118.37345886230467,138.1699981689453,138.5800018310547,137.82000732421875,138.2100067138672,16269200
2022-02-09,118.59622955322266,138.42999267578125,139.3699951171875,138.19000244140625,138.72000122070312,14349100
2022-02-10,116.7114486694336,136.22999572753906,137.8300018310547,135.83999633789062,137.66000366210938,30896200
2022-02-11,118.44200134277344,138.25,138.50999450683594,135.36000061035156,136.8699951171875,43210300
2022-02-14,116.96844482421876,136.52999877929688,137.74000549316406,135.97000122070312,137.1300048828125,23157400
2022-02-15,115.6405258178711,134.97999572753906,135.83999633789062,134.94000244140625,135.60000610351562,18198500
2022-02-16,116.32593536376952,135.77999877929688,136.07000732421875,134.50999450683594,135.9499969482422,16473700
2022-02-17,117.191162109375,136.7899932861328,137.57000732421875,135.89999389648438,136.4499969482422,24508200
2022-02-18,118.42488861083984,138.22999572753906,138.3699951171875,137.16000366210938,137.52000427246094,17522600
2022-02-22,118.73329162597656,138.58999633789062,138.6699981689453,137.47000122070312,137.69000244140625,19534000
2022-02-23,117.09695434570312,136.67999267578125,137.85000610351562,136.57000732421875,137.67999267578125,17757800
2022-02-24,117.17408752441406,136.77000427246094,139.3699951171875,136.25,139.10000610351562,28150400
2022-02-25,117.25975799560548,136.8699951171875,137.30999755859375,136.17999267578125,136.86000061035156,15025400
2022-02-28,119.82994842529295,139.8699951171875,140.0399932861328,138.32000732421875,138.42999267578125,25817700
2022-03-01,121.21539306640624,141.3000030517578,142.3300018310547,140.0,140.36000061035156,35664400
2022-03-02,117.07194519042967,136.47000122070312,140.4199981689453,136.41000366210938,139.83999633789062,30397400
2022-03-03,118.26432037353516,137.86000061035156,138.6999969482422,137.02000427246094,137.49000549316406,20649100
2022-03-04,120.3060531616211,140.24000549316406,140.82000732421875,139.30999755859375,140.36000061035156,25853100
2022-03-07,119.38809967041016,139.1699981689453,140.63999938964844,138.77000427246094,139.1199951171875,23710900
2022-03-08,118.1871109008789,137.77000427246094,138.25,137.25,137.50999450683594,28331300
2022-03-09,117.02897644042967,136.4199981689453,137.33999633789062,136.1300048828125,137.07000732421875,18819200
2022-03-10,115.3476333618164,134.4600067138672,135.1699981689453,133.72000122070312,134.8300018310547,26868900
2022-03-11,115.73368072509766,134.91000366210938,135.4499969482422,134.2100067138672,134.3300018310547,15583800
2022-03-14,113.03136444091795,131.75999450683594,132.88999938964844,131.72000122070312,132.6999969482422,24385000
2022-03-15,112.83409118652344,131.52999877929688,133.14999389648438,131.19000244140625,132.86000061035156,17518800
2022-03-16,113.94074249267578,132.82000732421875,133.1300048828125,130.32000732421875,131.8300018310547,25857700
2022-03-17,113.09146118164062,131.8300018310547,133.33999633789062,131.07000732421875,132.82000732421875,19330600
2022-03-18,114.47259521484376,133.44000244140625,133.5399932861328,132.57000732421875,132.57000732421875,55891700
2022-03-21,111.82180786132812,130.35000610351562,131.6699981689453,129.75,131.27999877929688,26122000
2022-03-22,110.38919067382812,128.67999267578125,129.33999633789062,128.33999633789062,128.9600067138672,21830900
2022-03-23,112.80833435058594,131.5,131.60000610351562,128.86000061035156,129.3699951171875,21266100
2022-03-24,111.92477416992188,130.47000122070312,131.17999267578125,129.60000610351562,129.64999389648438,17141600
2022-03-25,110.37203979492188,128.66000366210938,129.52000427246094,127.6500015258789,129.5,25684500
2022-03-28,111.315673828125,129.75999450683594,130.55999755859375,129.0399932861328,129.38999938964844,17657800
2022-03-29,112.15636444091795,130.74000549316406,131.5500030517578,129.74000549316406,130.55999755859375,19319700
2022-03-30,113.03136444091795,131.75999450683594,132.00999450683594,129.99000549316406,130.07000732421875,16310200
2022-03-31,113.30591583251952,132.0800018310547,132.6699981689453,131.66000366210938,131.97999572753906,19901000
2022-04-01,113.73722076416016,132.3800048828125,132.9600067138672,129.7100067138672,130.00999450683594,23489700
2022-04-04,112.9468002319336,131.4600067138672,131.97999572753906,130.7100067138672,131.92999267578125,13609900
2022-04-05,110.39502716064452,128.49000549316406,130.77999877929688,128.2899932861328,130.75999450683594,25196900
2022-04-06,109.50150299072266,127.4499969482422,128.3000030517578,126.4000015258789,126.43000030517578,22952000
2022-04-07,108.67670440673828,126.48999786376952,126.66999816894533,125.41000366210938,126.11000061035156,23458800
2022-04-08,107.49961853027344,125.12000274658205,125.83000183105467,124.26000213623048,125.4499969482422,26859200
2022-04-11,105.79846954345705,123.13999938964844,124.19000244140624,122.55999755859376,123.91999816894533,30020700
2022-04-12,105.65242767333984,122.97000122070312,124.16000366210938,122.66999816894533,124.0500030517578,23124200
2022-04-13,105.86717987060548,123.22000122070312,124.3000030517578,122.88999938964844,123.0500030517578,17189500
2022-04-14,103.74503326416016,120.75,122.93000030517578,120.37999725341795,122.86000061035156,34274500
2022-04-18,103.22955322265624,120.1500015258789,121.08000183105467,119.69000244140624,120.87000274658205,18784300
2022-04-19,102.45626831054688,119.25,119.72000122070312,118.66999816894533,119.1500015258789,26012300
2022-04-20,104.5182876586914,121.6500015258789,121.97000122070312,119.91999816894533,120.22000122070312,31423200
2022-04-21,103.74503326416016,120.75,120.91000366210938,119.16999816894533,120.83000183105467,23323200
2022-04-22,103.09207916259766,119.98999786376952,121.44000244140624,119.80999755859376,120.06999969482422,19773400
2022-04-25,104.12307739257812,121.19000244140624,122.19000244140624,121.12999725341795,121.37999725341795,25418900
2022-04-26,105.17129516601562,122.41000366210938,123.02999877929688,121.76000213623048,122.44000244140624,26931300
2022-04-27,103.82238006591795,120.83999633789062,122.31999969482422,120.7699966430664,122.19000244140624,14560500
2022-04-28,103.97701263427734,121.0199966430664,121.06999969482422,120.01000213623048,120.38999938964844,16892500
2022-04-29,102.62812042236328,119.4499969482422,120.97000122070312,119.11000061035156,119.30999755859376,26153400
2022-05-02,100.84920501708984,117.18000030517578,118.2699966430664,116.93000030517578,117.86000061035156,29233900
2022-05-03,101.5290985107422,117.97000122070312,119.30999755859376,117.88999938964844,119.04000091552734,21256700
2022-05-04,102.0885009765625,118.62000274658205,118.97000122070312,117.3499984741211,117.97000122070312,25575700
2022-05-05,99.29143524169922,115.37000274658205,116.47000122070312,114.0199966430664,116.3499984741211,48384500
2022-05-06,97.82836151123048,113.66999816894533,115.04000091552734,113.30999755859376,114.13999938964844,32790500
2022-05-09,98.68895721435548,114.66999816894533,114.70999908447266,112.62000274658205,112.86000061035156,26773000
2022-05-10,99.58405303955078,115.70999908447266,116.95999908447266,115.4800033569336,115.88999938964844,33640800
2022-05-11,101.5032730102539,117.94000244140624,117.94000244140624,114.44000244140624,114.73999786376952,34173600
2022-05-12,101.31393432617188,117.72000122070312,118.88999938964844,117.66000366210938,118.0199966430664,26405700
2022-05-13,99.81642150878906,115.9800033569336,117.1500015258789,115.9000015258789,116.9800033569336,20782700
2022-05-16,99.7131576538086,115.86000061035156,116.94000244140624,115.8499984741211,116.20999908447266,11050600
2022-05-17,98.50827026367188,114.45999908447266,115.3499984741211,114.36000061035156,114.70999908447266,15040800
2022-05-18,100.60821533203124,116.9000015258789,117.0,114.61000061035156,114.72000122070312,21337300
2022-05-19,100.84920501708984,117.18000030517578,118.72000122070312,116.8499984741211,118.63999938964844,21937500
2022-05-20,101.99382019042967,118.51000213623048,119.0199966430664,117.05999755859376,117.08999633789062,22780900
2022-05-23,100.31560516357422,116.55999755859376,118.25,116.54000091552734,117.70999908447266,15925200
2022-05-24,102.29505157470705,118.86000061035156,119.63999938964844,117.86000061035156,117.9000015258789,23388200
2022-05-25,102.69955444335938,119.33000183105467,119.62000274658205,118.58999633789062,119.61000061035156,14410800
2022-05-26,102.23480224609376,118.79000091552734,119.08999633789062,117.8000030517578,119.0199966430664,14912900
2022-05-27,102.4843978881836,119.08000183105467,119.73999786376952,118.73999786376952,119.36000061035156,11190400
2022-05-31,100.31560516357422,116.55999755859376,117.2300033569336,115.93000030517578,117.18000030517578,28393700
2022-06-01,100.2009048461914,116.22000122070312,117.33999633789062,115.69000244140624,117.02999877929688,15544800
2022-06-02,100.25264739990234,116.27999877929688,116.70999908447266,115.45999908447266,116.62999725341795,9832000
2022-06-03,100.037109375,116.02999877929688,116.05999755859376,114.87000274658205,115.08999633789062,15330400
2022-06-06,98.19207000732422,113.88999938964844,115.51000213623048,113.80999755859376,115.1500015258789,20815400
2022-06-07,99.25255584716795,115.12000274658205,115.77999877929688,114.58000183105467,114.61000061035156,14278700
2022-06-08,98.37313842773438,114.0999984741211,115.12999725341795,114.08000183105467,114.68000030517578,11476100
2022-06-09,98.70075225830078,114.4800033569336,114.70999908447266,113.68000030517578,113.83999633789062,15527300
2022-06-10,98.08860778808594,113.7699966430664,114.61000061035156,112.97000122070312,114.36000061035156,21917100
2022-06-13,95.0106964111328,110.1999969482422,111.66999816894533,109.23999786376952,111.48999786376952,36968300
2022-06-14,93.81227111816406,108.80999755859376,110.9800033569336,108.58999633789062,110.52999877929688,21865900
2022-06-15,95.56246948242188,110.83999633789062,110.98999786376952,109.02999877929688,110.08999633789062,25202800
2022-06-16,96.3211669921875,111.72000122070312,111.72000122070312,108.12000274658205,108.4499969482422,26067300
2022-06-17,96.6315689086914,112.08000183105467,112.83000183105467,110.95999908447266,112.01000213623048,21614300
2022-06-21,94.99343872070312,110.18000030517578,111.0199966430664,109.80999755859376,110.08999633789062,17663800
2022-06-22,97.60582733154295,113.20999908447266,113.30999755859376,112.37999725341795,112.69000244140624,23703800
2022-06-23,98.40762329101562,114.13999938964844,115.16999816894533,113.48999786376952,113.9000015258789,20669200
2022-06-24,97.04541778564452,112.55999755859376,114.16999816894533,112.5,113.45999908447266,18161300
2022-06-27,96.21772003173828,111.5999984741211,112.22000122070312,111.16000366210938,111.22000122070312,12053000
2022-06-28,96.66604614257812,112.12000274658205,112.18000030517578,110.87000274658205,111.29000091552734,13706600
2022-06-29,98.17483520507812,113.87000274658205,113.9000015258789,112.16999816894533,112.37999725341795,12925400
2022-06-30,99.03701782226562,114.87000274658205,115.7699966430664,114.75,114.86000061035156,25802100
2022-07-01,100.05379486083984,115.81999969482422,117.58999633789062,115.22000122070312,115.9000015258789,21858800
2022-07-05,100.8398895263672,116.7300033569336,117.75,116.16999816894533,116.88999938964844,16689700
2022-07-06,99.14671325683594,114.7699966430664,117.54000091552734,114.7699966430664,117.38999938964844,20205400
2022-07-07,98.27420806884766,113.76000213623048,115.16999816894533,113.51000213623048,115.0999984741211,13088000
2022-07-08,97.18569946289062,112.5,113.5,112.0500030517578,113.5,15320000
2022-07-11,98.86164093017578,114.44000244140624,114.79000091552734,113.6999969482422,113.79000091552734,13639900
2022-07-12,99.4490737915039,115.12000274658205,116.2300033569336,114.97000122070312,115.51000213623048,18547300
2022-07-13,100.5893783569336,116.44000244140624,116.6500015258789,113.4499969482422,113.7699966430664,20594800
2022-07-14,99.76869201660156,115.48999786376952,116.16000366210938,114.47000122070312,115.08000183105467,15665000
2022-07-15,100.33020782470705,116.13999938964844,116.81999969482422,115.5999984741211,115.83999633789062,16022600
2022-07-18,99.28494262695312,114.93000030517578,115.31999969482422,114.18000030517578,115.25,15838300
2022-07-19,98.74930572509766,114.30999755859376,115.1500015258789,113.66000366210938,114.91000366210938,9276800
2022-07-20,99.00851440429688,114.61000061035156,115.5500030517578,114.0500030517578,115.4800033569336,9117300
2022-07-21,100.71896362304688,116.58999633789062,116.72000122070312,115.01000213623048,115.19000244140624,14754900
2022-07-22,102.41214752197266,118.5500030517578,119.2699966430664,117.97000122070312,118.29000091552734,17715300
2022-07-25,101.41007232666016,117.38999938964844,117.54000091552734,116.47000122070312,116.70999908447266,24868100
2022-07-26,101.48782348632812,117.4800033569336,119.23999786376952,117.4000015258789,118.86000061035156,13536000
2022-07-27,100.91766357421876,116.81999969482422,118.48999786376952,116.70999908447266,118.01000213623048,15725600
2022-07-28,101.72106170654295,117.75,118.91999816894533,117.31999969482422,118.0500030517578,16637900
2022-07-29,101.44458770751952,117.43000030517578,119.30999755859376,117.33000183105467,117.6999969482422,16655900
2022-08-01,103.88777923583984,120.04000091552734,120.0999984741211,118.08000183105467,118.25,17974600
2022-08-02,101.68952178955078,117.5,120.69000244140624,117.29000091552734,120.1500015258789,17896300
2022-08-03,103.29060363769533,119.3499984741211,119.48999786376952,116.33000183105467,117.16999816894533,16731200
2022-08-04,103.25599670410156,119.30999755859376,119.5500030517578,118.54000091552734,118.9800033569336,11003000
2022-08-05,100.7981185913086,116.47000122070312,117.11000061035156,115.88999938964844,117.06999969482422,19492300
2022-08-08,102.42514038085938,118.3499984741211,118.52999877929688,117.55999755859376,117.63999938964844,17476300
2022-08-09,102.02706909179688,117.88999938964844,118.36000061035156,117.45999908447266,117.7300033569336,8223200
2022-08-10,101.36066436767578,117.12000274658205,118.91000366210938,116.7300033569336,117.7300033569336,14665300
2022-08-11,98.99799346923828,114.38999938964844,117.05999755859376,114.08999633789062,116.87000274658205,20663800
2022-08-12,100.00196075439452,115.5500030517578,115.56999969482422,114.43000030517578,115.0999984741211,12178400
2022-08-15,99.9153823852539,115.4499969482422,116.75,115.4499969482422,116.33000183105467,9031800
2022-08-16,100.330810546875,115.93000030517578,116.0199966430664,114.23999786376952,115.25,11066000
2022-08-17,99.28360748291016,114.72000122070312,115.0999984741211,114.30999755859376,115.05999755859376,14131300
2022-08-18,99.43074798583984,114.88999938964844,115.63999938964844,114.58999633789062,114.97000122070312,10738200
2022-08-19,97.82967376708984,113.04000091552734,113.33999633789062,112.73999786376952,113.2300033569336,16330900
2022-08-22,97.50079345703124,112.66000366210938,112.95999908447266,112.12999725341795,112.86000061035156,10457200
2022-08-23,96.9642105102539,112.04000091552734,113.4800033569336,111.73999786376952,112.19000244140624,17813200
2022-08-24,96.25453186035156,111.22000122070312,111.87000274658205,110.86000061035156,111.48999786376952,13971600
2022-08-25,97.59595489501952,112.7699966430664,113.08999633789062,110.98999786376952,111.31999969482422,21429700
2022-08-26,98.33162689208984,113.62000274658205,113.98999786376952,112.01000213623048,112.3000030517578,18764400
2022-08-29,97.51809692382812,112.68000030517578,113.01000213623048,112.12999725341795,112.94000244140624,14278300
2022-08-30,97.7603988647461,112.95999908447266,113.51000213623048,112.20999908447266,112.62000274658205,14346600
2022-08-31,96.82575225830078,111.87999725341795,113.33999633789062,111.58000183105467,112.69000244140624,13623500
2022-09-01,95.05303192138672,109.5999984741211,110.25,108.94000244140624,109.87000274658205,22490400
2022-09-02,95.59074401855467,110.22000122070312,110.55999755859376,109.47000122070312,109.68000030517578,13024400
2022-09-06,93.22308349609376,107.48999786376952,108.97000122070312,107.41999816894533,108.9000015258789,24648500
2022-09-07,94.69745635986328,109.19000244140624,109.4800033569336,108.20999908447266,108.31999969482422,17050100
2022-09-08,93.72612762451172,108.06999969482422,109.5199966430664,108.0500030517578,108.83999633789062,14671400
2022-09-09,93.93426513671876,108.30999755859376,108.8000030517578,107.62999725341795,108.33000183105467,12529800
2022-09-12,93.16236114501952,107.41999816894533,108.88999938964844,106.91999816894533,108.62999725341795,14806900
2022-09-13,93.37918090820312,107.66999816894533,107.73999786376952,106.23999786376952,106.55999755859376,22158900
2022-09-14,93.70008850097656,108.04000091552734,108.20999908447266,107.12000274658205,107.33999633789062,13077800
2022-09-15,93.63939666748048,107.97000122070312,108.19000244140624,107.58000183105467,107.8499984741211,10260200
2022-09-16,92.85883331298828,107.06999969482422,108.0500030517578,106.7699966430664,107.02999877929688,18903800
2022-09-19,93.0756607055664,107.31999969482422,107.81999969482422,106.8000030517578,106.95999908447266,11084400
2022-09-20,92.14766693115234,106.25,106.83999633789062,105.4000015258789,105.69000244140624,20133800
2022-09-21,93.69142150878906,108.02999877929688,108.04000091552734,105.97000122070312,106.6999969482422,23132900
2022-09-22,91.2977523803711,105.2699966430664,105.95999908447266,104.7300033569336,105.79000091552734,29030600
2022-09-23,91.67066955566406,105.6999969482422,106.43000030517578,104.55999755859376,105.33999633789062,23042200
2022-09-26,89.9188003540039,103.68000030517578,105.41000366210938,103.22000122070312,105.36000061035156,25104600
2022-09-27,87.55113220214844,100.9499969482422,102.9800033569336,100.9000015258789,102.70999908447266,34609500
2022-09-28,90.48250579833984,104.33000183105467,104.4499969482422,102.4800033569336,103.12999725341795,39283100
2022-09-29,90.01419830322266,103.79000091552734,104.2300033569336,102.8000030517578,102.9000015258789,19127100
2022-09-30,88.85203552246094,102.4499969482422,104.86000061035156,102.2300033569336,104.2699966430664,26485700
2022-10-03,90.26385498046876,103.83000183105467,104.68000030517578,103.1500015258789,103.8499984741211,27192200
2022-10-04,90.0117416381836,103.54000091552734,104.6500015258789,103.3000030517578,104.1500015258789,13788700
2022-10-05,89.15108489990234,102.5500030517578,102.83999633789062,101.58000183105467,102.7300033569336,20522100
2022-10-06,88.65556335449219,101.9800033569336,102.83999633789062,101.52999877929688,102.58999633789062,13965700
2022-10-07,87.794921875,100.98999786376952,101.62000274658205,100.47000122070312,100.80999755859376,14814800
2022-10-10,86.4300308227539,99.41999816894533,100.51000213623048,98.8000030517578,100.5,15652600
2022-10-11,86.81255340576172,99.86000061035156,100.9000015258789,98.98999786376952,99.73999786376952,33246700
2022-10-12,87.238525390625,100.3499984741211,100.54000091552734,99.19000244140624,99.27999877929688,21447600
2022-10-13,86.40396118164062,99.38999938964844,100.37999725341795,98.33999633789062,98.36000061035156,30292500
2022-10-14,85.69111633300781,98.56999969482422,100.19000244140624,98.25,100.19000244140624,18728200
2022-10-17,85.27381896972656,98.08999633789062,99.66000366210938,97.94000244140624,99.29000091552734,18969900
2022-10-18,85.4737548828125,98.31999969482422,98.45999908447266,96.87000274658205,97.9499969482422,16931500
2022-10-19,83.91764831542969,96.52999877929688,97.41999816894533,96.31999969482422,97.19000244140624,25431600
2022-10-20,82.48322296142578,94.87999725341795,96.33000183105467,94.73999786376952,95.93000030517578,25434900
2022-10-21,80.99666595458984,93.16999816894533,93.93000030517578,92.26000213623048,93.0199966430664,46280300
2022-10-24,80.32725524902344,92.4000015258789,93.5500030517578,91.8499984741211,92.81999969482422,31332600
2022-10-25,82.66580200195312,95.08999633789062,95.2300033569336,94.44000244140624,94.58000183105467,31213100
2022-10-26,83.85682678222656,96.45999908447266,96.69000244140624,95.7699966430664,95.7699966430664,24843900
2022-10-27,84.73482513427734,97.47000122070312,97.9000015258789,96.22000122070312,96.9800033569336,20270000
2022-10-28,84.15235900878906,96.8000030517578,97.62999725341795,96.41000366210938,96.86000061035156,22244100
2022-10-31,83.55252075195312,96.11000061035156,96.62000274658205,95.02999877929688,96.36000061035156,23956700
2022-11-01,84.33334350585938,96.7699966430664,97.41999816894533,96.20999908447266,97.37999725341795,17585100
2022-11-02,83.96734619140625,96.3499984741211,97.62999725341795,95.95999908447266,96.91000366210938,25010500
2022-11-03,83.51417541503906,95.83000183105467,96.37999725341795,95.08999633789062,95.16999816894533,29097500
2022-11-04,82.11111450195312,94.22000122070312,95.66000366210938,94.22000122070312,95.0999984741211,23561400
2022-11-07,81.29190826416016,93.27999877929688,94.86000061035156,93.23999786376952,94.8000030517578,14522800
2022-11-08,82.18082427978516,94.3000030517578,94.95999908447266,93.7699966430664,93.8000030517578,20360600
2022-11-09,82.45096588134766,94.61000061035156,95.0199966430664,93.69000244140624,93.81999969482422,15637500
2022-11-10,85.62318420410156,98.25,98.43000030517578,96.63999938964844,96.7300033569336,45380900
2022-11-11,85.3094482421875,97.88999938964844,98.37000274658205,97.54000091552734,97.56999969482422,15943100
2022-11-14,85.10028076171875,97.6500015258789,97.98999786376952,97.08999633789062,97.91000366210938,13741100
2022-11-15,86.47722625732422,99.2300033569336,99.3000030517578,98.11000061035156,98.25,26608200
2022-11-16,88.36837005615234,101.4000015258789,101.4499969482422,99.73999786376952,100.0199966430664,28507700
2022-11-17,87.43585968017578,100.33000183105467,100.56999969482422,99.77999877929688,100.1999969482422,24528900
2022-11-18,86.83454132080078,99.63999938964844,100.88999938964844,99.5500030517578,100.5999984741211,14941300
2022-11-21,87.20054626464844,100.05999755859376,100.81999969482422,99.8000030517578,100.69000244140624,15534000
2022-11-22,88.43804931640625,101.4800033569336,101.62000274658205,100.52999877929688,100.6500015258789,18103100
2022-11-23,89.98059844970703,103.25,103.25,102.08000183105467,102.13999938964844,23234600
2022-11-25,89.67559051513672,102.9000015258789,102.93000030517578,102.43000030517578,102.61000061035156,9486100
2022-11-28,89.92829895019531,103.19000244140624,103.80999755859376,102.69000244140624,103.61000061035156,14563200
2022-11-29,88.87380981445312,101.9800033569336,102.95999908447266,101.91000366210938,102.1500015258789,16576400
2022-11-30,89.52742767333984,102.7300033569336,102.7300033569336,101.37000274658205,101.62000274658205,21581700
2022-12-01,92.38743591308594,105.76000213623048,105.80999755859376,103.0999984741211,103.1500015258789,53156800
2022-12-02,93.54926300048828,107.08999633789062,107.0999984741211,104.61000061035156,105.3000030517578,24479500
2022-12-05,92.23895263671876,105.58999633789062,105.98999786376952,104.9000015258789,105.83999633789062,20159700
2022-12-06,93.42696380615234,106.9499969482422,107.38999938964844,106.19000244140624,106.5,21754500
2022-12-07,95.6283721923828,109.47000122070312,109.68000030517578,108.1999969482422,108.37000274658205,30546700
2022-12-08,95.36627960205078,109.16999816894533,109.4499969482422,108.47000122070312,108.6999969482422,13377300
2022-12-09,92.8853759765625,106.33000183105467,108.16999816894533,106.2699966430664,107.94000244140624,25872200
2022-12-12,93.18238830566406,106.66999816894533,108.11000061035156,106.26000213623048,107.86000061035156,16897100
2022-12-13,94.08216094970705,107.6999969482422,109.08000183105467,107.45999908447266,109.04000091552734,23854700
2022-12-14,94.4840087890625,108.16000366210938,108.31999969482422,106.88999938964844,107.66000366210938,19517500
2022-12-15,94.85267639160156,108.31999969482422,109.12000274658205,108.16000366210938,108.38999938964844,20246200
2022-12-16,93.7930679321289,107.11000061035156,107.83000183105467,106.30999755859376,106.5999984741211,20838300
2022-12-19,92.21688079833984,105.30999755859376,105.83999633789062,104.9800033569336,105.83000183105467,26126800
2022-12-20,90.5793914794922,103.44000244140624,103.80999755859376,103.0999984741211,103.37999725341795,28869000
2022-12-21,90.80703735351562,103.6999969482422,104.4000015258789,102.95999908447266,104.29000091552734,15894100
2022-12-22,90.78952026367188,103.68000030517578,104.12000274658205,103.37999725341795,103.66999816894533,11322500
2022-12-23,89.45849609375,102.16000366210938,102.80999755859376,102.0199966430664,102.58000183105467,15408900
2022-12-27,87.68963623046875,100.13999938964844,101.06999969482422,100.01000213623048,100.48999786376952,26475700
2022-12-28,87.17301940917969,99.5500030517578,100.77999877929688,99.3499984741211,100.6500015258789,17302900
2022-12-29,88.16251373291016,100.68000030517578,100.98999786376952,99.79000091552734,99.86000061035156,16593000
2022-12-30,87.18177032470703,99.55999755859376,100.5500030517578,99.37000274658205,99.87000274658205,20810200
2023-01-03,88.84555053710938,101.45999908447266,102.33999633789062,100.83999633789062,102.1999969482422,25313200
2023-01-04,90.06271362304688,102.8499984741211,103.4800033569336,102.20999908447266,103.22000122070312,21678200
2023-01-05,90.4392547607422,103.27999877929688,103.29000091552734,101.77999877929688,101.87000274658205,14771100
2023-01-06,92.10303497314452,105.18000030517578,105.3000030517578,102.63999938964844,102.6999969482422,27473700
2023-01-09,92.59341430664062,105.73999786376952,105.93000030517578,104.2699966430664,104.41000366210938,21472200
2023-01-10,91.06099700927734,103.98999786376952,104.81999969482422,103.5,104.52999877929688,20545200
2023-01-11,92.54086303710938,105.68000030517578,105.72000122070312,104.6999969482422,104.97000122070312,18794000
2023-01-12,94.3622817993164,107.76000213623048,107.80999755859376,104.55999755859376,105.81999969482422,32029600
2023-01-13,93.47784423828124,106.75,107.8000030517578,106.37999725341795,107.0999984741211,17750800
2023-01-17,92.87361145019533,106.05999755859376,106.66000366210938,105.6500015258789,105.66999816894533,13911700
2023-01-18,95.12408447265624,108.62999725341795,108.7699966430664,107.12000274658205,108.45999908447266,35497200
2023-01-19,94.52863311767578,107.9499969482422,108.37000274658205,107.44000244140624,108.0999984741211,17194700
2023-01-20,92.99620056152344,106.1999969482422,107.23999786376952,106.11000061035156,106.95999908447266,22754100
2023-01-23,92.5583724975586,105.6999969482422,106.1999969482422,105.48999786376952,105.56999969482422,12961500
2023-01-24,93.88938903808594,107.22000122070312,107.4499969482422,105.38999938964844,106.12000274658205,16417200
2023-01-25,94.1170883178711,107.4800033569336,107.91000366210938,106.63999938964844,107.37000274658205,11906500
2023-01-26,93.6792449951172,106.9800033569336,107.6500015258789,106.48999786376952,107.13999938964844,15549400
2023-01-27,93.44280242919922,106.70999908447266,106.95999908447266,106.11000061035156,106.19000244140624,11845500
2023-01-30,93.10128784179688,106.31999969482422,107.16000366210938,106.19000244140624,106.45999908447266,11459700
2023-01-31,93.84562683105467,107.16999816894533,107.27999877929688,105.87000274658205,106.9800033569336,13705300
2023-02-01,94.97376251220705,108.18000030517578,108.58999633789062,106.41999816894533,107.5500030517578,25305800
2023-02-02,95.09666442871094,108.31999969482422,109.3499984741211,108.08999633789062,108.91999816894533,19548400
2023-02-03,93.67440795898438,106.6999969482422,107.11000061035156,106.08000183105467,106.7699966430664,20619500
2023-02-06,92.98089599609376,105.91000366210938,106.30999755859376,105.68000030517578,105.75,15182400
2023-02-07,92.23462677001952,105.05999755859376,106.2300033569336,105.0,105.33000183105467,18290300
2023-02-08,92.67359924316406,105.55999755859376,105.58000183105467,104.38999938964844,105.04000091552734,13530700
2023-02-09,91.795654296875,104.55999755859376,106.62000274658205,104.38999938964844,106.47000122070312,20469900
2023-02-10,90.7685317993164,103.38999938964844,104.44000244140624,103.12000274658205,104.4000015258789,16598300
2023-02-13,91.53228759765624,104.26000213623048,104.41999816894533,103.58000183105467,103.70999908447266,13134300
2023-02-14,91.32159423828124,104.0199966430664,104.83000183105467,103.13999938964844,104.1999969482422,15440300
2023-02-15,90.47000885009766,103.0500030517578,103.9499969482422,102.5,103.5500030517578,15246900
2023-02-16,89.18826293945312,101.58999633789062,102.22000122070312,101.33000183105467,102.06999969482422,19267300
2023-02-17,89.88179016113281,102.37999725341795,102.37999725341795,100.97000122070312,101.0999984741211,19560900
2023-02-21,88.13471221923828,100.38999938964844,101.1999969482422,100.27999877929688,101.01000213623048,22728000
2023-02-22,88.94241333007812,101.30999755859376,101.69000244140624,100.9499969482422,100.98999786376952,15165400
2023-02-23,89.81155395507812,102.3000030517578,102.58999633789062,101.47000122070312,101.54000091552734,15829100
2023-02-24,88.64390563964844,100.97000122070312,101.8000030517578,100.55999755859376,101.44000244140624,21403600
2023-02-27,88.88976287841797,101.25,101.6999969482422,100.91000366210938,101.29000091552734,14209200
2023-02-28,89.2936019897461,101.70999908447266,101.72000122070312,100.27999877929688,100.56999969482422,14955700
2023-03-01,88.33429718017578,100.37000274658205,101.02999877929688,99.95999908447266,100.81999969482422,19000000
2023-03-02,87.55101776123047,99.4800033569336,99.6500015258789,98.87999725341795,99.05999755859376,23763600
2023-03-03,89.6720199584961,101.88999938964844,101.9000015258789,100.56999969482422,100.93000030517578,30877300
2023-03-06,88.97676086425781,101.0999984741211,102.33999633789062,100.98999786376952,102.22000122070312,16631900
2023-03-07,89.52239227294922,101.72000122070312,102.37000274658205,100.87999725341795,101.45999908447266,23096500
2023-03-08,89.61042785644531,101.81999969482422,102.97000122070312,101.41999816894533,102.4000015258789,20252400
2023-03-09,89.83043670654297,102.06999969482422,102.5199966430664,101.33000183105467,101.5500030517578,21550400
2023-03-10,92.92835235595705,105.58999633789062,105.69000244140624,104.0,104.02999877929688,43921500
2023-03-13,93.13958740234376,105.83000183105467,109.0999984741211,105.04000091552734,108.1999969482422,51502500
2023-03-14,91.6082000732422,104.08999633789062,105.61000061035156,103.75,105.13999938964844,38417800
2023-03-15,93.37718200683594,106.0999984741211,107.70999908447266,105.3499984741211,106.77999877929688,45164100
2023-03-16,92.64674377441406,105.2699966430664,108.02999877929688,105.04000091552734,107.37999725341795,43089300
2023-03-17,94.03726959228516,106.8499984741211,107.7300033569336,106.45999908447266,106.6500015258789,38129000
2023-03-20,93.20997619628906,105.91000366210938,106.95999908447266,105.72000122070312,106.87999725341795,24242800
2023-03-21,92.40909576416016,105.0,105.41999816894533,104.54000091552734,105.08000183105467,18934900
2023-03-22,93.6412124633789,106.4000015258789,106.4499969482422,104.44000244140624,104.66000366210938,26388500
2023-03-23,93.6412124633789,106.4000015258789,106.5500030517578,104.81999969482422,105.36000061035156,25475100
2023-03-24,94.03726959228516,106.8499984741211,107.43000030517578,106.26000213623048,107.08999633789062,23652700
2023-03-27,91.82823181152344,104.33999633789062,105.76000213623048,104.33000183105467,105.0500030517578,22224500
2023-03-28,91.9954605102539,104.52999877929688,104.68000030517578,104.0199966430664,104.23999786376952,17794300
2023-03-29,91.81065368652344,104.31999969482422,104.4499969482422,103.5999984741211,103.6999969482422,16804400
2023-03-30,92.23307037353516,104.8000030517578,105.0500030517578,104.2699966430664,104.45999908447266,14315800
2023-03-31,93.61482238769533,106.37000274658205,106.55999755859376,105.08000183105467,105.3499984741211,25396700
2023-04-03,94.0550765991211,106.5999984741211,107.0999984741211,105.6999969482422,105.87999725341795,18234800
2023-04-04,94.5227279663086,107.12999725341795,107.8000030517578,105.75,105.77999877929688,18052400
2023-04-05,95.51090240478516,108.25,108.37000274658205,107.41000366210938,107.7699966430664,23047700
2023-04-06,95.75796508789062,108.52999877929688,108.87000274658205,108.38999938964844,108.41999816894533,16447300
2023-04-10,94.21388244628906,106.77999877929688,107.76000213623048,106.55999755859376,107.63999938964844,19134400
2023-04-11,94.40801239013672,107.0,107.08999633789062,106.51000213623048,107.0500030517578,13971200
2023-04-12,94.31095123291016,106.88999938964844,107.16999816894533,105.87999725341795,107.0500030517578,20563000
2023-04-13,93.56981658935548,106.0500030517578,107.38999938964844,105.87999725341795,107.0500030517578,22079400
2023-04-14,92.7139663696289,105.08000183105467,105.5500030517578,104.7699966430664,105.38999938964844,19801900
2023-04-17,91.611083984375,103.83000183105467,104.58999633789062,103.70999908447266,104.41999816894533,19528800
2023-04-18,91.93753814697266,104.1999969482422,104.58999633789062,103.8000030517578,103.80999755859376,15922600
2023-04-19,91.84930419921876,104.0999984741211,104.23999786376952,103.4800033569336,103.91000366210938,16093900
2023-04-20,92.63455200195312,104.98999786376952,105.27999877929688,104.75,104.83000183105467,16450100
2023-04-21,92.11398315429688,104.4000015258789,105.45999908447266,104.2699966430664,105.3000030517578,15244700
2023-04-24,93.005126953125,105.41000366210938,105.48999786376952,104.83999633789062,104.95999908447266,17034300
2023-04-25,94.37271881103516,106.95999908447266,107.12999725341795,106.27999877929688,106.33000183105467,21899900
2023-04-26,93.36688995361328,105.81999969482422,107.23999786376952,105.66999816894533,106.79000091552734,19610400
2023-04-27,92.4404525756836,104.7699966430664,105.2699966430664,104.61000061035156,105.1999969482422,20247600
2023-04-28,93.93154907226562,106.45999908447266,106.76000213623048,105.86000061035156,106.20999908447266,26954100
2023-05-01,91.22309112548828,103.12999725341795,105.41999816894533,102.83999633789062,105.2699966430664,32487300
2023-05-02,93.49637603759766,105.6999969482422,105.6999969482422,103.88999938964844,104.0,30057800
2023-05-03,94.01824951171876,106.29000091552734,106.5999984741211,105.27999877929688,106.0,23656200
2023-05-04,93.0894775390625,105.23999786376952,106.4499969482422,105.1500015258789,105.22000122070312,25110500
2023-05-05,92.7799072265625,104.88999938964844,104.9000015258789,104.11000061035156,104.3499984741211,15096500
2023-05-08,91.47962188720705,103.41999816894533,103.87000274658205,103.31999969482422,103.5199966430664,20587000
2023-05-09,91.15233612060548,103.0500030517578,103.63999938964844,103.0,103.5,19182500
2023-05-10,92.036865234375,104.0500030517578,104.23999786376952,103.63999938964844,103.66999816894533,22886800
2023-05-11,93.00988006591795,105.1500015258789,105.5199966430664,104.72000122070312,105.3000030517578,19147200
2023-05-12,92.23146057128906,104.2699966430664,105.25,104.25,105.0500030517578,14198500
2023-05-15,91.27616119384766,103.19000244140624,103.47000122070312,103.12000274658205,103.38999938964844,20085300
2023-05-16,91.001953125,102.87999725341795,102.9000015258789,102.11000061035156,102.4000015258789,29251700
2023-05-17,90.73658752441406,102.58000183105467,103.16000366210938,102.3499984741211,103.08000183105467,21340900
2023-05-18,90.06433868408203,101.81999969482422,102.26000213623048,101.75,102.1999969482422,25536600
2023-05-19,89.4274673461914,101.0999984741211,101.86000061035156,100.93000030517578,101.26000213623048,29038000
2023-05-22,89.1090087890625,100.73999786376952,101.70999908447266,100.66999816894533,101.25,20131100
2023-05-23,89.36555480957031,101.02999877929688,101.25,100.27999877929688,100.43000030517578,21749500
2023-05-24,88.92327880859375,100.52999877929688,101.36000061035156,100.52999877929688,101.27999877929688,18473400
2023-05-25,88.70215606689453,100.27999877929688,100.8000030517578,100.02999877929688,100.6999969482422,22492800
2023-05-26,89.41860961914062,101.08999633789062,101.16999816894533,100.0,100.12000274658205,17030300
2023-05-30,90.31200408935548,102.0999984741211,102.23999786376952,101.25,101.4000015258789,23125200
2023-05-31,91.0992660522461,102.98999786376952,103.18000030517578,101.87000274658205,101.98999786376952,23787000
2023-06-01,91.45667266845705,103.12000274658205,103.62999725341795,102.62999725341795,103.27999877929688,21040400
2023-06-02,90.45448303222656,101.98999786376952,103.06999969482422,101.94000244140624,103.0,19136500
2023-06-05,90.28597259521484,101.8000030517578,102.44000244140624,101.20999908447266,101.3499984741211,14433200
2023-06-06,90.81808471679688,102.4000015258789,102.47000122070312,101.38999938964844,101.83999633789062,14332100
2023-06-07,89.47001647949219,100.87999725341795,102.43000030517578,100.77999877929688,102.16999816894533,25251100
2023-06-08,90.51656341552734,102.05999755859376,102.13999938964844,100.8000030517578,100.87000274658205,23845100
2023-06-09,90.39240264892578,101.91999816894533,102.2699966430664,101.33999633789062,101.5999984741211,22147400
2023-06-12,90.65847778320312,102.22000122070312,102.3000030517578,101.12000274658205,102.23999786376952,19010300
2023-06-13,89.7627182006836,101.20999908447266,102.33000183105467,100.97000122070312,102.11000061035156,25910800
2023-06-14,90.48109436035156,102.0199966430664,102.29000091552734,101.45999908447266,101.62999725341795,29094200
2023-06-15,91.35025787353516,103.0,103.62999725341795,102.5999984741211,103.02999877929688,25732000
2023-06-16,90.99549102783205,102.5999984741211,102.83000183105467,102.02999877929688,102.44000244140624,16759100
2023-06-20,91.62518310546876,103.30999755859376,103.66000366210938,103.11000061035156,103.11000061035156,17162900
2023-06-21,91.84691619873048,103.55999755859376,103.6500015258789,102.33999633789062,102.80999755859376,19720100
2023-06-22,90.73828887939452,102.30999755859376,103.25,102.1999969482422,102.8000030517578,23630700
2023-06-23,91.64293670654295,103.33000183105467,103.9499969482422,102.9800033569336,103.83000183105467,22901900
2023-06-26,91.740478515625,103.44000244140624,103.8000030517578,103.16000366210938,103.62000274658205,12894900
2023-06-27,91.5010223388672,103.16999816894533,103.9499969482422,102.76000213623048,103.58999633789062,18105700
2023-06-28,91.89125061035156,103.61000061035156,103.83999633789062,102.83000183105467,103.41000366210938,23826800
2023-06-29,90.23278045654295,101.73999786376952,102.33999633789062,101.4499969482422,102.16999816894533,41091600
2023-06-30,91.29704284667967,102.94000244140624,103.05999755859376,101.87000274658205,102.05999755859376,32024900
2023-07-03,90.77946472167967,102.08000183105467,103.26000213623048,102.05999755859376,102.83999633789062,16011800
2023-07-05,89.9168472290039,101.11000061035156,102.0,100.73999786376952,101.88999938964844,28170300
2023-07-06,88.64517974853516,99.68000030517578,100.37999725341795,99.47000122070312,100.1999969482422,41375700
2023-07-07,88.11155700683594,99.08000183105467,99.5999984741211,98.98999786376952,99.18000030517578,28996500
2023-07-10,88.22716522216797,99.20999908447266,99.52999877929688,98.8499984741211,98.86000061035156,24665200
2023-07-11,88.68072509765625,99.72000122070312,99.97000122070312,99.29000091552734,99.56999969482422,20485500
2023-07-12,89.6678466796875,100.83000183105467,101.12000274658205,99.7699966430664,100.0999984741211,31928000
2023-07-13,90.61050415039062,101.88999938964844,101.97000122070312,101.02999877929688,101.30999755859376,32441500
2023-07-14,90.07694244384766,101.29000091552734,101.94000244140624,101.23999786376952,101.72000122070312,18569000
2023-07-17,90.1213836669922,101.33999633789062,101.48999786376952,100.91999816894533,101.2300033569336,18822000
2023-07-18,90.53045654296876,101.8000030517578,102.06999969482422,101.56999969482422,101.8000030517578,15407400
2023-07-19,91.55316162109376,102.9499969482422,102.9800033569336,101.7300033569336,102.0,27192500
2023-07-20,90.44152069091795,101.6999969482422,102.30999755859376,101.27999877929688,102.22000122070312,56951200
2023-07-21,90.4682159423828,101.7300033569336,102.3499984741211,101.62999725341795,102.16000366210938,20657500
2023-07-24,90.13917541503906,101.36000061035156,102.1500015258789,101.3000030517578,101.98999786376952,17546700
2023-07-25,89.97020721435547,101.16999816894533,101.5,100.8000030517578,100.83000183105467,17160600
2023-07-26,90.05914306640625,101.2699966430664,101.69000244140624,100.93000030517578,101.68000030517578,19310700
2023-07-27,88.30720520019531,99.3000030517578,100.93000030517578,98.91000366210938,100.70999908447266,44794400
2023-07-28,88.76079559326172,99.80999755859376,99.86000061035156,99.1500015258789,99.4000015258789,27434000
2023-07-31,88.97420501708984,100.0500030517578,100.33000183105467,99.62000274658205,99.6500015258789,28663800
2023-08-01,87.51618194580078,98.13999938964844,98.91999816894533,97.9000015258789,98.83999633789062,34943400
2023-08-02,86.57987213134766,97.08999633789062,97.23999786376952,96.41000366210938,97.04000091552734,38121300
2023-08-03,84.58232879638672,94.8499984741211,95.31999969482422,94.54000091552734,95.19000244140624,59394800
2023-08-04,86.08045959472656,96.52999877929688,96.68000030517578,95.12999725341795,95.1500015258789,42071800
2023-08-07,85.23329162597656,95.58000183105467,96.1999969482422,95.5,96.11000061035156,35862900
2023-08-08,86.22313690185547,96.69000244140624,97.37000274658205,96.44000244140624,96.86000061035156,24010500
2023-08-09,86.66901397705078,97.19000244140624,97.29000091552734,96.83999633789062,96.87999725341795,20151100
2023-08-10,85.24221801757812,95.58999633789062,97.36000061035156,95.58999633789062,97.04000091552734,37253200
2023-08-11,85.04605102539062,95.37000274658205,95.87000274658205,95.1999969482422,95.3000030517578,26753500
2023-08-14,84.85877227783203,95.16000366210938,95.93000030517578,94.9000015258789,95.20999908447266,19072000
2023-08-15,84.34156036376953,94.58000183105467,95.1999969482422,94.55999755859376,94.8000030517578,24125000
2023-08-16,83.68164825439453,93.83999633789062,94.79000091552734,93.72000122070312,94.27999877929688,23076700
2023-08-17,83.32496643066406,93.44000244140624,93.61000061035156,93.0199966430664,93.5,32244900
2023-08-18,83.61924743652344,93.7699966430664,94.19000244140624,93.3000030517578,93.43000030517578,24181700
2023-08-21,82.50455474853516,92.5199966430664,92.76000213623048,92.2300033569336,92.66000366210938,29254100
2023-08-22,83.1376953125,93.2300033569336,93.27999877929688,92.45999908447266,92.63999938964844,21308700
2023-08-23,85.19764709472656,95.54000091552734,95.5500030517578,94.2300033569336,94.3000030517578,38294700
2023-08-24,84.63587951660156,94.91000366210938,95.5500030517578,94.88999938964844,95.12999725341795,22300800
2023-08-25,84.91228485107422,95.22000122070312,95.51000213623048,94.51000213623048,94.66000366210938,23865200
2023-08-28,85.00146484375,95.31999969482422,95.66000366210938,94.88999938964844,95.6500015258789,16037300
2023-08-29,85.88428497314453,96.30999755859376,96.51000213623048,94.94000244140624,94.97000122070312,28478100
2023-08-30,85.79509735107422,96.20999908447266,96.4000015258789,95.87999725341795,96.16000366210938,17550100
2023-08-31,86.17857360839844,96.63999938964844,97.0500030517578,96.43000030517578,96.54000091552734,26959700
2023-09-01,84.83602142333984,94.8499984741211,95.81999969482422,94.62000274658205,95.8000030517578,32469700
2023-09-05,83.6464614868164,93.5199966430664,94.29000091552734,93.48999786376952,94.27999877929688,29435900
2023-09-06,83.85216522216797,93.75,94.11000061035156,93.45999908447266,94.08999633789062,23636300
2023-09-07,84.084716796875,94.01000213623048,94.06999969482422,93.68000030517578,94.0,18091500
2023-09-08,84.40670013427734,94.37000274658205,94.9000015258789,94.16999816894533,94.37999725341795,17052100
2023-09-11,83.79849243164062,93.69000244140624,93.9800033569336,93.5500030517578,93.6999969482422,17061500
2023-09-12,84.28148651123047,94.2300033569336,94.23999786376952,93.58000183105467,93.88999938964844,20034300
2023-09-13,84.26358032226562,94.20999908447266,94.52999877929688,93.81999969482422,93.91999816894533,23332300
2023-09-14,83.65538024902344,93.52999877929688,94.20999908447266,93.4000015258789,93.94000244140624,27800600
2023-09-15,83.14557647705078,92.95999908447266,93.4800033569336,92.95999908447266,93.45999908447266,25642900
2023-09-18,83.6196060180664,93.48999786376952,93.52999877929688,92.81999969482422,92.8499984741211,17963400
2023-09-19,83.00247192382812,92.8000030517578,93.43000030517578,92.8000030517578,93.08000183105467,24941800
2023-09-20,83.26183319091797,93.08999633789062,93.5999984741211,93.04000091552734,93.29000091552734,29451200
2023-09-21,81.12415313720703,90.6999969482422,91.37000274658205,90.69000244140624,91.29000091552734,59958700
2023-09-22,81.777099609375,91.43000030517578,91.61000061035156,90.66999816894533,90.80999755859376,29524500
2023-09-25,79.7646484375,89.18000030517578,90.04000091552734,89.1500015258789,89.66000366210938,45587900
2023-09-26,79.48738861083984,88.87000274658203,89.62000274658203,88.70999908447266,89.43000030517578,38104100
2023-09-27,79.07594299316406,88.41000366210938,89.62000274658203,88.08999633789062,89.54000091552734,47111200
2023-09-28,79.31744384765625,88.68000030517578,88.7300033569336,87.0999984741211,87.62000274658203,60238000
2023-09-29,79.32637023925781,88.69000244140625,89.48999786376953,88.12999725341797,89.2699966430664,49010100
2023-10-02,77.99845886230469,86.93000030517578,87.93000030517578,86.70999908447266,87.81999969482422,44704300
2023-10-03,76.32057189941406,85.05999755859375,86.6500015258789,84.88999938964844,86.30999755859375,71362600
2023-10-04,77.39728546142578,86.26000213623047,86.30999755859375,85.37000274658203,85.7699966430664,56281600
2023-10-05,77.01145935058594,85.83000183105469,86.19000244140625,85.63999938964844,86.11000061035156,35758800
2023-10-06,76.07830810546875,84.79000091552734,85.69000244140625,84.05999755859375,84.19999694824219,62787900
2023-10-09,77.86386108398438,86.77999877929688,86.80000305175781,84.94999694824219,85.5,29424900
2023-10-10,77.75619506835938,86.66000366210938,87.16999816894531,85.5199966430664,85.8499984741211,54743900
2023-10-11,79.38021850585938,88.47000122070312,88.47000122070312,87.5999984741211,87.8499984741211,58517700
2023-10-12,77.22679901123047,86.06999969482422,88.19000244140625,85.93000030517578,88.05000305175781,66986700
2023-10-13,78.60857391357422,87.61000061035156,87.83000183105469,87.16999816894531,87.5999984741211,44183800
2023-10-16,77.34346008300781,86.19999694824219,86.37000274658203,85.9000015258789,86.19000244140625,38309800
2023-10-17,76.4910659790039,85.25,85.62999725341797,84.5,84.88999938964844,52949100
2023-10-18,75.818115234375,84.5,84.72000122070312,83.8499984741211,84.37999725341797,63724600
2023-10-19,74.265869140625,82.7699966430664,84.56999969482422,82.73999786376953,83.87999725341797,87696900
2023-10-20,74.68756103515625,83.23999786376953,83.54000091552734,82.7699966430664,82.98999786376953,52188800
2023-10-23,75.58482360839844,84.23999786376953,84.86000061035156,82.41999816894531,82.80999755859375,70890400
2023-10-24,76.58079528808594,85.3499984741211,85.3499984741211,84.08999633789062,84.44000244140625,46267700
2023-10-25,74.8759765625,83.44999694824219,84.12999725341797,83.12999725341797,84.0199966430664,60737200
2023-10-26,76.02447509765625,84.7300033569336,84.81999969482422,83.4000015258789,83.4800033569336,49704100
2023-10-27,75.70147705078125,84.37000274658203,84.97000122070312,83.73999786376953,84.19000244140625,32362300
2023-10-30,75.36051177978516,83.98999786376953,84.5,83.23999786376953,83.80999755859375,45026900
2023-10-31,74.99264526367188,83.58000183105469,84.7699966430664,83.55000305175781,84.37000274658203,37269200
2023-11-01,76.61866760253906,85.0999984741211,85.12000274658203,84.0199966430664,84.04000091552734,72308500
2023-11-02,78.36529541015625,87.04000091552734,87.30999755859375,86.22000122070312,86.68000030517578,69739400
2023-11-03,78.896484375,87.62999725341797,89.05000305175781,87.58000183105469,88.80999755859375,77692300
2023-11-06,78.13121032714844,86.77999877929688,87.19999694824219,86.5999984741211,87.06999969482422,41341900
2023-11-07,79.28364562988281,88.05999755859375,88.5,87.58999633789062,87.61000061035156,37834200
2023-11-08,80.63414764404297,89.55999755859375,89.62000274658203,88.44999694824219,88.4800033569336,53893400
2023-11-09,78.77944946289062,87.5,89.02999877929688,86.73999786376953,88.94000244140625,88975100
2023-11-10,79.22061157226562,87.98999786376953,88.43000030517578,87.7699966430664,88.2300033569336,36516400
2023-11-13,79.0405502319336,87.79000091552734,87.94000244140625,86.9000015258789,87.22000122070312,25661500
2023-11-14,80.83222198486328,89.77999877929688,90.1500015258789,89.29000091552734,90.0,65666800
2023-11-15,79.69779968261719,88.5199966430664,89.13999938964844,88.30999755859375,89.01000213623047,56205300
2023-11-16,80.68816375732422,89.62000274658203,89.95999908447266,89.25,89.30000305175781,49473900
2023-11-17,81.06629943847656,90.04000091552734,90.43000030517578,89.63999938964844,90.16000366210938,44091400
2023-11-20,81.56148529052734,90.58999633789062,90.66000366210938,89.61000061035156,89.62000274658203,40477800
2023-11-21,81.52549743652344,90.5500030517578,90.8000030517578,89.88999938964844,90.5,27721000
2023-11-22,81.81358337402344,90.87000274658205,91.31999969482422,90.37999725341795,91.12000274658205,31197500
2023-11-24,80.8502426147461,89.80000305175781,90.26000213623048,89.79000091552734,90.0999984741211,20199600
2023-11-27,82.20073699951172,91.3000030517578,91.33999633789062,90.20999908447266,90.3000030517578,39804400
2023-11-28,82.36277770996094,91.4800033569336,91.52999877929688,90.79000091552734,90.91000366210938,44989300
2023-11-29,83.39815521240234,92.62999725341795,92.6999969482422,91.77999877929688,92.11000061035156,61647800
2023-11-30,82.434814453125,91.55999755859376,92.29000091552734,91.16000366210938,91.97000122070312,60520900
2023-12-01,83.98739624023438,92.98999786376952,93.05999755859376,91.12999725341795,91.30999755859376,64172200
2023-12-04,83.65324401855469,92.62000274658205,92.83000183105467,92.08999633789062,92.48999786376952,33766300
2023-12-05,85.4505844116211,94.61000061035156,94.62000274658205,93.56999969482422,93.62999725341795,73588600
2023-12-06,86.58859252929688,95.87000274658205,96.0500030517578,94.87000274658205,95.08000183105467,61606100
2023-12-07,86.09183502197266,95.31999969482422,96.08000183105467,95.05999755859376,95.18000030517578,47970200
2023-12-08,85.38734436035156,94.54000091552734,94.72000122070312,93.91000366210938,94.41999816894533,44809200
2023-12-11,85.20669555664062,94.33999633789062,94.44000244140624,93.52999877929688,94.01000213623048,33909700
2023-12-12,85.45960998535156,94.62000274658205,94.6999969482422,93.9000015258789,94.1500015258789,36996900
2023-12-13,87.46468353271484,96.83999633789062,96.9800033569336,95.0199966430664,95.16999816894533,70828500
2023-12-14,89.73988342285156,99.04000091552734,99.04000091552734,97.41999816894533,97.66000366210938,87798600
2023-12-15,89.83956146240234,99.1500015258789,99.3499984741211,98.58000183105467,98.69000244140624,59941300
2023-12-18,89.12373352050781,98.36000061035156,98.5,98.0199966430664,98.5,34746000
2023-12-19,89.60397338867188,98.88999938964844,99.26000213623048,98.66000366210938,98.86000061035156,30018400
2023-12-20,90.21107482910156,99.55999755859376,99.69000244140624,98.58000183105467,99.11000061035156,51229400
2023-12-21,89.64022064208984,98.93000030517578,99.83999633789062,98.75,99.73999786376952,65231200
2023-12-22,89.23247528076172,98.4800033569336,99.37999725341795,98.23999786376952,99.37999725341795,29244200
2023-12-26,89.48617553710938,98.76000213623048,98.87000274658205,98.4800033569336,98.54000091552734,24019700
2023-12-27,91.07184600830078,100.51000213623048,100.52999877929688,99.5,99.77999877929688,45082800
2023-12-28,90.41039276123048,99.77999877929688,100.56999969482422,99.55999755859376,100.08999633789062,36213000
2023-12-29,89.59493255615234,98.87999725341795,99.81999969482422,98.8000030517578,99.12999725341795,41616200
2024-01-02,89.07843017578125,98.30999755859376,98.6500015258789,98.0,98.2300033569336,47797400
2024-01-03,89.449951171875,98.72000122070312,98.8499984741211,97.1500015258789,97.37999725341795,58159500
2024-01-04,88.09078216552734,97.22000122070312,97.63999938964844,97.06999969482422,97.41999816894533,52604500
2024-01-05,87.24811553955078,96.29000091552734,97.68000030517578,96.20999908447266,96.5,45894800
2024-01-08,88.10891723632812,97.23999786376952,97.37999725341795,96.08999633789062,96.2300033569336,39485800
2024-01-09,87.54713439941406,96.62000274658205,97.16999816894533,96.58999633789062,96.63999938964844,34374000
2024-01-10,87.1393814086914,96.16999816894533,97.0500030517578,96.12000274658205,96.91999816894533,48227800
2024-01-11,87.62867736816406,96.70999908447266,96.83000183105467,95.70999908447266,96.16999816894533,78858900
2024-01-12,87.45650482177734,96.5199966430664,97.2699966430664,96.2699966430664,96.77999877929688,38883900
2024-01-16,85.91614532470703,94.81999969482422,95.79000091552734,94.51000213623048,95.62000274658205,61716700
2024-01-17,85.78022766113281,94.66999816894533,95.0,94.16000366210938,94.5999984741211,55506800
2024-01-18,84.98286437988281,93.79000091552734,94.58000183105467,93.51000213623048,94.45999908447266,77339100
2024-01-19,85.25470733642578,94.08999633789062,94.16999816894533,93.26000213623048,93.70999908447266,47030900
2024-01-22,85.7621078491211,94.6500015258789,95.08000183105467,94.38999938964844,94.81999969482422,35756400
2024-01-23,85.08253479003906,93.9000015258789,93.98999786376952,93.43000030517578,93.88999938964844,35786700
2024-01-24,84.58418273925781,93.3499984741211,94.54000091552734,93.0999984741211,94.51000213623048,54574900
2024-01-25,85.13690185546875,93.95999908447266,94.22000122070312,93.56999969482422,94.0,57019400
2024-01-26,84.97379302978516,93.77999877929688,94.06999969482422,93.48999786376952,93.93000030517578,29276900
2024-01-29,85.95240020751953,94.86000061035156,95.16999816894533,94.12000274658205,94.30999755859376,38243600
2024-01-30,86.73164367675781,95.72000122070312,95.83999633789062,94.73999786376952,95.4800033569336,40151400
2024-01-31,87.58338928222656,96.66000366210938,96.91000366210938,96.0,96.22000122070312,80646700
2024-02-01,89.30140686035156,98.23999786376952,98.66999816894533,97.19000244140624,97.41999816894533,84291200
2024-02-02,87.32884216308594,96.06999969482422,96.62000274658205,95.69000244140624,96.2699966430664,63823300
2024-02-05,85.56535339355469,94.12999725341795,94.8499984741211,94.0199966430664,94.62999725341795,53827400
2024-02-06,86.40165710449219,95.0500030517578,95.1500015258789,94.20999908447266,94.23999786376952,33411500
2024-02-07,85.9834976196289,94.58999633789062,95.2300033569336,94.5199966430664,94.56999969482422,40120200
2024-02-08,85.48356628417969,94.04000091552734,94.3000030517578,93.66000366210938,94.0199966430664,50087700
2024-02-09,85.31082153320312,93.8499984741211,94.01000213623048,93.66000366210938,93.76000213623048,27951300
2024-02-12,85.41082000732422,93.95999908447266,94.13999938964844,93.5,93.9000015258789,27890300
2024-02-13,83.94733428955078,92.3499984741211,93.05999755859376,92.33000183105467,92.86000061035156,49768500
2024-02-14,84.37454986572266,92.81999969482422,93.0500030517578,92.2300033569336,92.3000030517578,44191600
2024-02-15,84.8108901977539,93.3000030517578,93.72000122070312,93.0,93.55999755859376,49598500
2024-02-16,84.32002258300781,92.76000213623048,92.8499984741211,92.33999633789062,92.4800033569336,33116800
2024-02-20,84.39273071289062,92.83999633789062,93.19000244140624,92.72000122070312,92.79000091552734,24469300
2024-02-21,83.79281616210938,92.18000030517578,92.9000015258789,92.01000213623048,92.83000183105467,36343100
2024-02-22,84.20185089111328,92.62999725341795,92.76000213623048,92.2699966430664,92.33000183105467,45190700
2024-02-23,85.32903289794922,93.87000274658205,94.0,92.75,92.75,38406700
2024-02-26,85.07450103759766,93.58999633789062,94.02999877929688,93.19000244140624,94.0,27855000
2024-02-27,84.47454833984375,92.93000030517578,93.47000122070312,92.8499984741211,93.23999786376952,30242000
2024-02-28,85.01087188720703,93.5199966430664,93.5999984741211,92.9000015258789,93.08000183105467,34574200
2024-02-29,85.61080932617188,94.18000030517578,94.3000030517578,93.77999877929688,93.81999969482422,51038600
2024-03-01,86.14424896240234,94.47000122070312,94.51000213623048,93.01000213623048,93.44000244140624,45832800
2024-03-04,85.79774475097656,94.08999633789062,94.16000366210938,93.68000030517578,93.6999969482422,23864200
2024-03-05,87.0196533203125,95.43000030517578,95.68000030517578,94.97000122070312,95.2300033569336,37721900
2024-03-06,87.5302963256836,95.98999786376952,96.16999816894533,95.41000366210938,95.48999786376952,40571600
2024-03-07,87.44823455810547,95.9000015258789,96.4000015258789,95.4800033569336,96.36000061035156,39075000
2024-03-08,87.29322052001953,95.7300033569336,96.0500030517578,95.4800033569336,95.8000030517578,25023200
2024-03-11,87.24762725830078,95.68000030517578,96.01000213623048,95.37000274658205,95.95999908447266,17787900
2024-03-12,86.51812744140625,94.87999725341795,95.20999908447266,94.69000244140624,95.04000091552734,29566000
2024-03-13,86.09864044189453,94.41999816894533,94.73999786376952,94.20999908447266,94.5,38270100
2024-03-14,84.77644348144531,92.97000122070312,93.75,92.86000061035156,93.7300033569336,58365600
2024-03-15,84.74909973144531,92.94000244140624,93.19000244140624,92.79000091552734,93.05999755859376,34997700
2024-03-18,84.49378204345703,92.66000366210938,92.98999786376952,92.5,92.7300033569336,29519500
2024-03-19,84.73086547851562,92.91999816894533,93.2699966430664,92.69000244140624,92.8499984741211,26953100
2024-03-20,84.70349884033203,92.88999938964844,93.79000091552734,92.29000091552734,93.0999984741211,43460100
2024-03-21,84.88587188720703,93.08999633789062,93.43000030517578,92.7300033569336,93.2699966430664,34276600
2024-03-22,85.69743347167969,93.9800033569336,94.20999908447266,93.77999877929688,94.19000244140624,30262300
2024-03-25,85.26884460449219,93.51000213623048,93.75,93.3000030517578,93.70999908447266,24011800
2024-03-26,85.50594329833984,93.7699966430664,93.87000274658205,93.27999877929688,93.51000213623048,34423000
2024-03-27,86.35399627685547,94.6999969482422,94.6999969482422,93.94000244140624,93.98999786376952,50157800
2024-03-28,86.28103637695312,94.62000274658205,95.0199966430664,94.31999969482422,94.48999786376952,34540400
2024-04-01,84.67266082763672,92.5500030517578,93.3000030517578,92.45999908447266,93.29000091552734,48945400
2024-04-02,84.20609283447266,92.04000091552734,92.1999969482422,91.33999633789062,91.56999969482422,43086300
2024-04-03,84.18778228759766,92.0199966430664,92.0500030517578,91.0500030517578,91.26000213623048,45494400
2024-04-04,84.79161834716797,92.68000030517578,92.76000213623048,92.04000091552734,92.62999725341795,47957400
2024-04-05,83.61138153076172,91.38999938964844,92.18000030517578,91.37999725341795,91.69000244140624,42495900
2024-04-08,83.60224914550781,91.37999725341795,91.58999633789062,91.12999725341795,91.2300033569336,37879800
2024-04-09,84.37991333007812,92.2300033569336,92.36000061035156,91.83999633789062,91.87000274658205,32522000
2024-04-10,82.5409927368164,90.22000122070312,91.3000030517578,90.05000305175781,91.1999969482422,74368900
2024-04-11,82.16590118408203,89.80999755859375,90.44000244140624,89.51000213623047,90.37999725341795,65751200
2024-04-12,82.60502624511719,90.29000091552734,90.9499969482422,90.27999877929688,90.63999938964844,47900100
2024-04-15,81.3241958618164,88.88999938964844,89.26000213623047,88.5199966430664,89.22000122070312,55993100
2024-04-16,80.78440856933594,88.30000305175781,88.58000183105469,87.79000091552734,88.05000305175781,45103200
2024-04-17,81.68098449707031,89.27999877929688,89.37999725341797,88.45999908447266,88.87000274658203,57947000
2024-04-18,81.269287109375,88.83000183105469,89.2699966430664,88.58999633789062,89.23999786376953,43839500
2024-04-19,81.56206512451172,89.1500015258789,89.38999938964844,88.91000366210938,89.38999938964844,44826800
2024-04-22,81.42481994628906,89.0,89.12000274658203,88.6500015258789,88.68000030517578,24969000
2024-04-23,81.4522705078125,89.02999877929688,89.54000091552734,88.55000305175781,88.7300033569336,27222700
2024-04-24,80.87590789794922,88.4000015258789,88.62999725341797,87.5,88.55999755859375,48986800
2024-04-25,80.30867767333984,87.77999877929688,87.9000015258789,87.33999633789062,87.45999908447266,49282600
2024-04-26,80.7295150756836,88.23999786376953,88.61000061035156,88.05000305175781,88.25,31589800
2024-04-29,81.40653228759766,88.9800033569336,89.0199966430664,88.4800033569336,88.66000366210938,39228600
2024-04-30,80.71121978759766,88.22000122070312,88.7300033569336,88.0999984741211,88.41999816894531,41054700
2024-05-01,81.30612182617188,88.55999755859375,89.20999908447266,88.23999786376953,88.5999984741211,59679500
2024-05-02,81.6550064086914,88.94000244140625,89.01000213623047,88.02999877929688,88.20999908447266,58925400
2024-05-03,82.48128509521484,89.83999633789062,90.12000274658205,89.2699966430664,89.93000030517578,50066100
2024-05-06,82.80260467529297,90.19000244140624,90.25,89.66999816894531,89.87000274658203,23868200
2024-05-07,83.3075942993164,90.73999786376952,91.23999786376952,90.61000061035156,90.9000015258789,30525800
2024-05-08,82.80260467529297,90.19000244140624,90.45999908447266,90.16000366210938,90.30999755859376,31171700
2024-05-09,83.20659637451172,90.62999725341795,90.7699966430664,89.81999969482422,89.87000274658203,39606700
2024-05-10,82.73835754394531,90.12000274658205,90.37999725341795,89.95999908447266,90.27999877929688,21913800
2024-05-13,82.94952392578125,90.3499984741211,90.61000061035156,90.30999755859376,90.5500030517578,23157500
2024-05-14,83.41775512695312,90.86000061035156,90.91999816894533,90.41999816894533,90.6500015258789,25746400
2024-05-15,84.55616760253906,92.0999984741211,92.26000213623048,91.62999725341795,91.87000274658205,65142900
2024-05-16,84.47356414794922,92.01000213623048,92.41999816894533,91.94000244140624,92.38999938964844,37902400
2024-05-17,83.9043197631836,91.38999938964844,91.8000030517578,91.33999633789062,91.63999938964844,24755000
2024-05-20,83.65642547607422,91.12000274658205,91.31999969482422,91.01000213623048,91.08000183105467,17922800
2024-05-21,84.08793640136719,91.58999633789062,91.7699966430664,91.43000030517578,91.7300033569336,15334400
2024-05-22,84.18894958496094,91.6999969482422,91.77999877929688,91.26000213623048,91.2699966430664,38073700
2024-05-23,83.64727020263672,91.11000061035156,91.8000030517578,90.81999969482422,91.8000030517578,51294700
2024-05-24,83.8951644897461,91.37999725341795,91.47000122070312,90.9000015258789,90.97000122070312,19164400
2024-05-28,82.69247436523438,90.06999969482422,91.36000061035156,90.02999877929688,91.33000183105467,45973700
2024-05-29,81.69174194335938,88.9800033569336,89.4000015258789,88.68000030517578,89.33999633789062,45508400
2024-05-30,82.48128509521484,89.83999633789062,89.97000122070312,89.44000244140625,89.5999984741211,29548600
2024-05-31,83.04134368896484,90.4499969482422,90.66000366210938,90.25,90.4800033569336,41308800
2024-06-03,84.38448333740234,91.5999984741211,91.66999816894533,90.61000061035156,90.63999938964844,42272100
2024-06-04,85.37019348144531,92.66999816894533,92.8000030517578,91.98999786376952,92.1999969482422,42581500
2024-06-05,85.99662017822266,93.3499984741211,93.3499984741211,92.38999938964844,93.0,43153900
2024-06-06,85.86766052246094,93.20999908447266,93.43000030517578,92.86000061035156,92.91999816894533,22891900
2024-06-07,84.29237365722656,91.5,91.83000183105467,91.4000015258789,91.83000183105467,35240500
2024-06-10,83.73040771484375,90.88999938964844,91.05999755859376,90.6500015258789,91.0,20586500
2024-06-11,84.59635925292969,91.83000183105467,91.87000274658205,90.91999816894533,91.02999877929688,30329200
2024-06-12,85.23202514648438,92.5199966430664,93.56999969482422,92.48999786376952,93.0199966430664,42554600
2024-06-13,86.4848861694336,93.87999725341795,93.98999786376952,92.9499969482422,93.22000122070312,33093800
2024-06-14,87.21265411376953,94.66999816894533,94.83999633789062,94.23999786376952,94.41999816894533,28776700
2024-06-17,86.3467025756836,93.7300033569336,93.80999755859376,93.27999877929688,93.5199966430664,31040200
2024-06-18,87.13894653320312,94.58999633789062,94.5999984741211,93.7300033569336,93.88999938964844,26881000
2024-06-20,86.55859375,93.95999908447266,94.0,93.33999633789062,93.41000366210938,30246300
2024-06-21,86.55859375,93.95999908447266,94.4800033569336,93.58999633789062,94.23999786376952,22596400
2024-06-24,86.90863800048828,94.33999633789062,94.33999633789062,93.73999786376952,94.0500030517578,56939100
2024-06-25,87.05604553222656,94.5,94.5500030517578,94.04000091552734,94.06999969482422,22890200
2024-06-26,85.8123779296875,93.1500015258789,93.47000122070312,93.11000061035156,93.27999877929688,38489100
2024-06-27,86.15325927734375,93.5199966430664,93.70999908447266,93.41999816894533,93.5199966430664,23140800
2024-06-28,84.55029296875,91.77999877929688,93.7699966430664,91.77999877929688,93.7300033569336,55119600
2024-07-01,83.091064453125,89.91000366210938,91.08000183105467,89.81999969482422,90.41999816894533,49735400
2024-07-02,83.73798370361328,90.61000061035156,90.80999755859376,90.08000183105467,90.68000030517578,34204700
2024-07-03,84.83773040771484,91.8000030517578,91.88999938964844,91.08999633789062,91.16999816894533,35563300
2024-07-05,85.5400619506836,92.55999755859376,92.7300033569336,91.9000015258789,92.2699966430664,34895500
2024-07-08,85.72490692138672,92.76000213623048,92.8499984741211,92.22000122070312,92.54000091552734,16095700
2024-07-09,85.34600067138672,92.3499984741211,92.68000030517578,91.87000274658205,92.47000122070312,30289800
2024-07-10,85.61402130126953,92.63999938964844,92.68000030517578,92.26000213623048,92.4499969482422,23572500
2024-07-11,86.44575500488281,93.54000091552734,94.13999938964844,93.47000122070312,93.68000030517578,49761800
2024-07-12,86.81542205810547,93.94000244140624,93.94000244140624,93.33999633789062,93.52999877929688,27796500
2024-07-15,85.81732177734375,92.86000061035156,93.3000030517578,92.77999877929688,93.0,37918900
2024-07-16,87.02796173095703,94.16999816894533,94.20999908447266,93.38999938964844,93.52999877929688,36383700
2024-07-17,87.04645538330078,94.19000244140624,94.4000015258789,93.69000244140624,93.91999816894533,29036800
2024-07-18,86.38106536865234,93.47000122070312,94.13999938964844,93.37999725341795,93.68000030517578,34553100
2024-07-19,85.87276458740234,92.91999816894533,93.16000366210938,92.81999969482422,93.04000091552734,32164700
2024-07-22,85.62325286865234,92.6500015258789,93.5199966430664,92.3000030517578,93.4000015258789,36160400
2024-07-23,85.50311279296875,92.5199966430664,93.02999877929688,92.48999786376952,92.80999755859376,23498000
2024-07-24,84.57894134521484,91.5199966430664,92.8499984741211,91.47000122070312,92.58999633789062,50757100
2024-07-25,85.27205657958984,92.2699966430664,92.86000061035156,91.95999908447266,92.02999877929688,44999100
2024-07-26,85.93746185302734,92.98999786376952,93.1500015258789,92.70999908447266,92.9499969482422,34423800
2024-07-29,86.39955139160156,93.48999786376952,93.69000244140624,93.22000122070312,93.66999816894533,25801300
2024-07-30,86.73222351074219,93.8499984741211,94.0500030517578,93.3000030517578,93.75,28169800
2024-07-31,87.61941528320312,94.80999755859376,94.83999633789062,94.23999786376952,94.52999877929688,47445300
2024-08-01,88.3751220703125,95.30999755859376,95.91000366210938,95.12000274658205,95.13999938964844,77254200
2024-08-02,91.12902069091795,98.27999877929688,98.37000274658205,96.88999938964844,97.0,91912900
2024-08-05,91.6111831665039,98.8000030517578,99.94000244140624,97.9000015258789,99.69000244140624,90686300
2024-08-06,89.56196594238281,96.58999633789062,98.41000366210938,96.58999633789062,98.1500015258789,61316900
2024-08-07,88.93148040771484,95.91000366210938,96.4499969482422,95.5,95.9499969482422,51337100
2024-08-08,88.38441467285156,95.31999969482422,95.4000015258789,94.83999633789062,95.12000274658205,37815800
2024-08-09,89.25601196289062,96.26000213623048,96.54000091552734,96.08999633789062,96.51000213623048,32141800
2024-08-12,89.58055114746094,96.61000061035156,96.81999969482422,95.87999725341795,96.02999877929688,24261400
2024-08-13,90.2017822265625,97.27999877929688,97.36000061035156,96.9800033569336,97.3000030517578,30366900
2024-08-14,90.76739501953124,97.88999938964844,98.16000366210938,97.51000213623048,97.5500030517578,31334100
2024-08-15,90.03488159179688,97.0999984741211,97.0999984741211,96.20999908447266,96.41000366210938,38723700
2024-08-16,90.3501434326172,97.44000244140624,97.54000091552734,97.01000213623048,97.44000244140624,28541000
2024-08-19,90.76739501953124,97.88999938964844,98.16000366210938,97.41000366210938,97.41999816894533,25322100
2024-08-20,91.49066925048828,98.66999816894533,98.86000061035156,98.12000274658205,98.31999969482422,25239300
2024-08-21,91.5462875366211,98.7300033569336,99.1999969482422,98.20999908447266,98.66999816894533,29230000
2024-08-22,90.63760375976562,97.75,98.3000030517578,97.43000030517578,98.2300033569336,33453800
2024-08-23,91.23103332519533,98.38999938964844,98.66999816894533,97.95999908447266,98.19000244140624,32005100
2024-08-26,90.99921417236328,98.13999938964844,98.6999969482422,98.08000183105467,98.69000244140624,23198700
2024-08-27,90.8415985107422,97.97000122070312,98.08000183105467,97.41000366210938,97.48999786376952,21507700
2024-08-28,90.73030090332033,97.8499984741211,98.1999969482422,97.7300033569336,98.01000213623048,18501400
2024-08-29,90.43359375,97.52999877929688,97.63999938964844,97.12999725341795,97.37000274658205,24988200
2024-08-30,89.4692611694336,96.48999786376952,97.98999786376952,96.47000122070312,97.68000030517578,42896200
2024-09-03,90.9325714111328,97.75,98.05999755859376,97.41999816894533,97.55999755859376,48947900
2024-09-04,92.1046905517578,99.01000213623048,99.02999877929688,97.80999755859376,97.87999725341795,40885200
2024-09-05,92.6256332397461,99.56999969482422,99.68000030517578,98.77999877929688,99.33999633789062,47450900
2024-09-06,92.61631774902344,99.55999755859376,100.77999877929688,99.19000244140624,99.5500030517578,57406400
2024-09-09,93.01634216308594,99.98999786376952,100.0999984741211,99.16000366210938,99.4000015258789,26961400
2024-09-10,93.66753387451172,100.69000244140624,100.91000366210938,99.81999969482422,99.87000274658205,31703400
2024-09-11,93.59308624267578,100.61000061035156,101.23999786376952,100.3499984741211,100.48999786376952,39497100
2024-09-12,93.1558609008789,100.13999938964844,100.5500030517578,99.69000244140624,100.36000061035156,41618700
2024-09-13,93.40703582763672,100.41000366210938,100.61000061035156,100.0199966430664,100.45999908447266,25722100
2024-09-16,94.26287078857422,101.33000183105467,101.37000274658205,100.41000366210938,100.62999725341795,30866300
2024-09-17,93.80706024169922,100.83999633789062,101.63999938964844,100.73999786376952,101.47000122070312,31699400
2024-09-18,92.64423370361328,99.58999633789062,100.7300033569336,99.54000091552734,100.23999786376952,48897000
2024-09-19,92.33727264404295,99.26000213623048,99.30999755859376,98.7699966430664,98.91999816894533,39979800
2024-09-20,91.98375701904295,98.87999725341795,99.25,98.72000122070312,98.98999786376952,37067600
2024-09-23,91.78841400146484,98.66999816894533,99.08999633789062,98.0199966430664,98.5,35703900
2024-09-24,91.7697982788086,98.6500015258789,98.88999938964844,97.8499984741211,98.0,31005400
2024-09-25,91.00699615478516,97.83000183105467,98.31999969482422,97.79000091552734,98.26000213623048,36738200
2024-09-26,91.22093200683594,98.05999755859376,98.25,97.41999816894533,98.06999969482422,33332300
2024-09-27,91.69538879394533,98.56999969482422,98.76000213623048,98.20999908447266,98.54000091552734,28317600
2024-09-30,91.2581558227539,98.0999984741211,98.70999908447266,97.87999725341795,98.63999938964844,34175500
2024-10-01,91.9170379638672,98.48999786376952,99.33000183105467,98.38999938964844,98.8000030517578,45254200
2024-10-02,91.1424331665039,97.66000366210938,97.7300033569336,97.05999755859376,97.36000061035156,35810800
2024-10-03,90.28382110595705,96.73999786376952,97.51000213623048,96.73999786376952,97.33999633789062,39677800
2024-10-04,89.17324829101562,95.5500030517578,95.95999908447266,95.4000015258789,95.44000244140624,56954100
2024-10-07,88.50129699707031,94.83000183105467,95.2699966430664,94.76000213623048,94.9800033569336,42606600
2024-10-08,88.65062713623047,94.98999786376952,95.02999877929688,94.33999633789062,94.38999938964844,33709600
2024-10-09,88.14665985107422,94.4499969482422,94.91000366210938,94.2300033569336,94.66999816894533,35807700
2024-10-10,87.80134582519531,94.08000183105467,94.08999633789062,93.41000366210938,93.87999725341795,53667400
2024-10-11,87.44670867919922,93.6999969482422,94.06999969482422,93.41999816894533,93.4800033569336,27406400
2024-10-14,87.51203155517578,93.7699966430664,93.77999877929688,92.9800033569336,93.04000091552734,28795300
2024-10-15,88.57598114013672,94.91000366210938,95.0,94.37000274658205,94.45999908447266,46429100
2024-10-16,88.94927215576172,95.30999755859376,95.62000274658205,95.13999938964844,95.38999938964844,32281500
2024-10-17,87.5400390625,93.8000030517578,94.44000244140624,93.66999816894533,94.29000091552734,43427200
2024-10-18,87.60536193847656,93.87000274658205,94.27999877929688,93.86000061035156,94.0500030517578,25258600
2024-10-21,86.07482147216797,92.2300033569336,93.08999633789062,92.2300033569336,93.0199966430664,49504700
2024-10-22,86.1588134765625,92.31999969482422,92.76000213623048,92.08999633789062,92.6500015258789,32096900
2024-10-23,85.92549133300781,92.06999969482422,92.37000274658205,91.66000366210938,91.83999633789062,33354200
2024-10-24,86.47611236572266,92.66000366210938,93.0,91.95999908447266,92.2300033569336,32507400
2024-10-25,85.9908218383789,92.13999938964844,93.04000091552734,92.0199966430664,92.98999786376952,28667100
2024-10-28,85.75750732421875,91.88999938964844,92.29000091552734,91.41999816894533,92.2699966430664,33156500
2024-10-29,85.8881607055664,92.02999877929688,92.05999755859376,90.9800033569336,91.16999816894533,46545200
2024-10-30,86.1401596069336,92.3000030517578,93.29000091552734,92.16000366210938,92.83999633789062,41951100
2024-10-31,86.28014373779297,92.4499969482422,92.94000244140624,91.87000274658205,92.1999969482422,52173800
2024-11-01,85.06372833251953,90.83999633789062,92.5199966430664,90.8000030517578,92.26000213623048,80402000
2024-11-04,86.38404846191406,92.25,92.56999969482422,91.62999725341795,92.27999877929688,49747600
2024-11-05,86.84291076660156,92.73999786376952,92.9000015258789,91.5999984741211,92.02999877929688,46986000
2024-11-06,84.46440887451172,90.1999969482422,90.72000122070312,89.55000305175781,89.63999938964844,98895700
2024-11-07,85.52256774902344,91.33000183105467,91.62000274658205,90.6500015258789,90.75,56221400
2024-11-08,86.60879516601562,92.48999786376952,92.5999984741211,91.83999633789062,92.0,56756200
2024-11-11,86.18742370605469,92.04000091552734,92.3000030517578,91.62000274658205,92.25,22369200
2024-11-12,84.89519500732422,90.66000366210938,91.8499984741211,90.51000213623048,91.37000274658205,57908400
2024-11-13,84.08987426757812,89.80000305175781,91.54000091552734,89.72000122070312,91.5199966430664,49009100
2024-11-14,84.5768051147461,90.31999969482422,91.02999877929688,90.2699966430664,90.55999755859376,53328300
2024-11-15,84.35205841064453,90.08000183105467,90.6500015258789,89.51000213623047,89.91999816894531,73722400
2024-11-18,84.50189971923828,90.23999786376952,90.58999633789062,89.41999816894531,89.66000366210938,36010600
2024-11-19,84.93263244628906,90.6999969482422,91.06999969482422,90.62000274658205,90.81999969482422,29585100
2024-11-20,84.66107940673828,90.41000366210938,90.83000183105467,90.11000061035156,90.1500015258789,27755400
2024-11-21,84.59552764892578,90.33999633789062,90.8499984741211,90.0,90.4499969482422,28365700
2024-11-22,84.64234924316406,90.38999938964844,90.6999969482422,90.1500015258789,90.51000213623048,21547500
2024-11-25,86.83354949951172,92.7300033569336,92.77999877929688,91.98999786376952,92.1999969482422,56858000
2024-11-26,86.49645233154297,92.37000274658205,92.44000244140624,91.80999755859376,92.16000366210938,31122200
2024-11-27,87.09574890136719,93.01000213623048,93.37999725341795,92.66999816894533,93.04000091552734,39442200
2024-11-29,87.99470520019531,93.97000122070312,93.98999786376952,93.44000244140624,93.77999877929688,31905700
2024-12-02,88.20613861083984,93.87000274658205,94.1500015258789,93.0,93.2699966430664,39406000
2024-12-03,87.44499969482422,93.05999755859376,94.02999877929688,92.98999786376952,93.93000030517578,32768900
2024-12-04,88.38465881347656,94.05999755859376,94.19000244140624,92.54000091552734,92.61000061035156,35851100
2024-12-05,88.56319427490234,94.25,94.38999938964844,93.66000366210938,93.72000122070312,23695800
2024-12-06,88.69476318359375,94.38999938964844,94.8499984741211,94.0199966430664,94.72000122070312,31761500
2024-12-09,87.87725067138672,93.5199966430664,94.04000091552734,93.47000122070312,93.98999786376952,30509600
2024-12-10,87.46378326416016,93.08000183105467,93.3000030517578,92.91000366210938,93.0199966430664,28706500
2024-12-11,86.63688659667969,92.1999969482422,93.29000091552734,92.11000061035156,93.06999969482422,38748400
2024-12-12,85.58448028564453,91.08000183105467,91.75,91.0,91.63999938964844,45368400
2024-12-13,84.7105941772461,90.1500015258789,90.8499984741211,90.08000183105467,90.8000030517578,39486000
2024-12-16,84.96429443359375,90.41999816894533,90.62000274658205,90.05000305175781,90.5500030517578,23482300
2024-12-17,85.17102813720703,90.63999938964844,90.98999786376952,90.45999908447266,90.5199966430664,23839900
2024-12-18,84.10601043701172,89.16000366210938,90.37000274658205,89.13999938964844,89.97000122070312,61328400
2024-12-19,82.83253479003906,87.80999755859375,88.38999938964844,87.51000213623047,88.06999969482422,99083300
2024-12-20,83.30419158935547,88.30999755859375,88.91000366210938,88.29000091552734,88.52999877929688,45542400
2024-12-23,82.54010772705078,87.5,88.2300033569336,87.44000244140625,88.16000366210938,32764600
2024-12-24,82.8891372680664,87.87000274658203,87.88999938964844,86.9800033569336,87.04000091552734,22377600
2024-12-26,82.84195709228516,87.81999969482422,87.95999908447266,87.19999694824219,87.20999908447266,19981800
2024-12-27,82.16277313232422,87.0999984741211,87.77999877929688,87.05999755859375,87.4800033569336,27262300
2024-12-30,82.82310485839844,87.80000305175781,88.04000091552734,87.66999816894531,87.83000183105469,48519600
2024-12-31,82.37975311279297,87.33000183105469,88.27999877929688,87.26000213623047,88.12999725341797,31917300
2025-01-02,82.60612487792969,87.56999969482422,88.12000274658203,87.20999908447266,87.80000305175781,27841300
2025-01-03,82.34201049804688,87.29000091552734,87.87999725341797,87.18000030517578,87.72000122070312,21962200
2025-01-06,81.97412872314453,86.9000015258789,87.2300033569336,86.66999816894531,87.05000305175781,30231500
2025-01-07,81.0496597290039,85.91999816894531,86.7699966430664,85.79000091552734,86.5999984741211,41757200
2025-01-08,81.1534194946289,86.02999877929688,86.19999694824219,85.33999633789062,85.47000122070312,44590800
2025-01-10,80.6157455444336,85.45999908447266,85.8499984741211,85.16000366210938,85.27999877929688,47115800
2025-01-13,80.58746337890625,85.43000030517578,85.66000366210938,85.04000091552734,85.52999877929688,33258900
2025-01-14,80.45539855957031,85.29000091552734,85.36000061035156,84.88999938964844,85.2300033569336,33412900
2025-01-15,81.8420639038086,86.76000213623047,86.9800033569336,86.4000015258789,86.69999694824219,54120700
2025-01-16,82.106201171875,87.04000091552734,87.4000015258789,86.27999877929688,86.63999938964844,34651100
2025-01-17,82.24769592285156,87.19000244140625,87.4800033569336,87.04000091552734,87.43000030517578,29875600
2025-01-21,82.98346710205078,87.97000122070312,88.16999816894531,87.62999725341797,87.88999938964844,30548600
2025-01-22,82.5495376586914,87.51000213623047,87.9800033569336,87.31999969482422,87.87000274658203,25278400
2025-01-23,81.9080810546875,86.83000183105469,86.98999786376953,86.52999877929688,86.63999938964844,31949000
2025-01-24,82.2759780883789,87.22000122070312,87.27999877929688,86.5999984741211,86.72000122070312,21110400
2025-01-27,83.24758911132812,88.25,88.43000030517578,87.8499984741211,88.16000366210938,42864200
2025-01-28,83.1910171508789,88.19000244140625,88.19999694824219,87.66000366210938,87.83999633789062,25519100
2025-01-29,83.02119445800781,88.01000213623047,88.62000274658203,87.62999725341797,88.43000030517578,25342800
2025-01-30,83.33250427246094,88.33999633789062,88.70999908447266,88.16999816894531,88.41000366210938,25094900
2025-01-31,82.7853775024414,87.76000213623047,88.66000366210938,87.43000030517578,88.37999725341797,48790100
2025-02-03,83.45941925048828,88.16000366210938,89.0999984741211,87.80000305175781,88.58000183105469,70657200
2025-02-04,83.71501159667969,88.43000030517578,88.44999694824219,87.4800033569336,87.55000305175781,33414000
2025-02-05,85.09717559814453,89.88999938964844,90.18000030517578,89.38999938964844,89.44999694824219,48331200
2025-02-06,85.05931854248047,89.8499984741211,90.1500015258789,89.55000305175781,89.86000061035156,22509900
2025-02-07,84.51022338867188,89.2699966430664,89.44999694824219,88.94000244140625,89.23999786376953,31171200
2025-02-10,84.2546157836914,89.0,89.52999877929688,88.8499984741211,89.26000213623047,22736100
2025-02-11,83.71501159667969,88.43000030517578,88.68000030517578,88.37999725341797,88.52999877929688,21513000
2025-02-12,82.5790023803711,87.2300033569336,87.5999984741211,86.86000061035156,87.29000091552734,48536200
2025-02-13,83.95169067382812,88.68000030517578,88.88999938964844,88.06999969482422,88.08999633789062,42718100
2025-02-14,84.3966293334961,89.1500015258789,89.68000030517578,89.12000274658203,89.37999725341797,27460700
2025-02-18,83.4026107788086,88.0999984741211,88.83999633789062,88.04000091552734,88.54000091552734,29429200
2025-02-19,83.50672912597656,88.20999908447266,88.44999694824219,87.88999938964844,87.94999694824219,20584300
2025-02-20,83.81915283203125,88.54000091552734,88.76000213623047,88.44999694824219,88.44999694824219,27913400
2025-02-21,84.83209228515625,89.61000061035156,89.93000030517578,88.81999969482422,88.87000274658203,46912300
2025-02-24,85.0782470703125,89.87000274658203,90.05999755859375,89.26000213623047,89.33000183105469,26218000
2025-02-25,86.54558563232422,91.41999816894533,91.5,90.8000030517578,90.97000122070312,50125100
2025-02-26,87.05680084228516,91.95999908447266,92.05999755859376,91.1999969482422,91.41999816894533,32220200
2025-02-27,86.44145965576172,91.30999755859376,91.79000091552734,91.13999938964844,91.30999755859376,53373600
2025-02-28,87.50174713134766,92.43000030517578,92.4800033569336,91.47000122070312,91.8499984741211,49388600
2025-03-03,87.91009521484375,92.56999969482422,92.70999908447266,91.37000274658205,91.41000366210938,42904200
2025-03-04,86.82747650146484,91.43000030517578,92.79000091552734,91.2699966430664,92.44000244140624,56722000
2025-03-05,86.13423156738281,90.6999969482422,91.8000030517578,90.61000061035156,91.55999755859376,50215900
2025-03-06,85.84932708740234,90.4000015258789,90.8000030517578,89.7300033569336,90.4800033569336,42827500
2025-03-07,85.5739517211914,90.11000061035156,91.16000366210938,89.98999786376953,91.13999938964844,36903600
2025-03-10,86.46662139892578,91.0500030517578,91.62999725341795,90.91000366210938,91.08000183105467,41440800
2025-03-11,85.84932708740234,90.4000015258789,91.48999786376952,90.13999938964844,90.97000122070312,40555700
2025-03-12,85.3365249633789,89.86000061035156,90.37999725341795,89.77999877929688,90.0,32734600
2025-03-13,86.08674621582031,90.6500015258789,90.70999908447266,89.37999725341797,89.58000183105469,38675400
2025-03-14,85.63090515136719,90.16999816894533,90.41000366210938,89.86000061035156,90.01000213623047,24658000
2025-03-17,86.05825805664062,90.62000274658205,91.18000030517578,90.37999725341795,90.8000030517578,26700300
2025-03-18,86.14373016357422,90.70999908447266,91.0199966430664,90.12000274658205,90.13999938964844,23654700
2025-03-19,86.5900650024414,91.18000030517578,91.22000122070312,90.37999725341795,90.68000030517578,31378700
2025-03-20,86.64704132080078,91.23999786376952,92.23999786376952,91.16000366210938,92.1999969482422,35645800
2025-03-21,86.13423156738281,90.6999969482422,91.44000244140624,90.62000274658205,91.33000183105467,29192100
2025-03-24,85.25103759765625,89.7699966430664,90.26000213623048,89.69999694824219,90.1999969482422,27985600
2025-03-25,85.24154663085938,89.76000213623047,90.08000183105467,89.51000213623047,89.56999969482422,22333800
2025-03-26,84.6812515258789,89.16999816894531,89.5999984741211,89.08999633789062,89.38999938964844,25095600
2025-03-27,84.43434143066406,88.91000366210938,89.02999877929688,88.62999725341797,88.8499984741211,23674500
2025-03-28,85.60240936279297,90.13999938964844,90.33999633789062,89.80999755859375,89.87999725341797,39869400
2025-03-31,86.44761657714844,91.02999877929688,91.33999633789062,90.36000061035156,91.2300033569336,38824300
2025-04-01,87.19672393798828,91.48999786376952,91.91000366210938,91.20999908447266,91.25,39800100
2025-04-02,87.1395492553711,91.43000030517578,92.37000274658205,90.66000366210938,92.37000274658205,43488400
2025-04-03,87.53983306884766,91.8499984741211,92.7300033569336,91.83999633789062,92.5199966430664,57467400
2025-04-04,88.4928970336914,92.8499984741211,94.08999633789062,92.81999969482422,93.6500015258789,92794200
2025-04-07,85.82431030273438,90.05000305175781,92.19000244140624,89.80000305175781,91.87999725341795,124987600
2025-04-08,84.20407104492188,88.3499984741211,90.1999969482422,88.22000122070312,89.27999877929688,73861900
2025-04-09,84.69966888427734,88.87000274658203,88.91000366210938,85.88999938964844,87.2699966430664,131353500
2025-04-10,82.36466217041016,86.41999816894531,88.18000030517578,86.3499984741211,87.73999786376953,78592000
2025-04-11,82.81259155273438,86.88999938964844,87.30000305175781,85.0,85.87000274658203,94814100
2025-04-14,83.40350341796875,87.51000213623047,87.70999908447266,86.81999969482422,87.4000015258789,37596400
2025-04-15,83.69895935058594,87.81999969482422,88.19000244140625,87.04000091552734,87.1500015258789,22553900
2025-04-16,84.16596221923828,88.30999755859375,88.5,87.47000122070312,87.80000305175781,35607300
2025-04-17,83.42256164550781,87.52999877929688,88.19999694824219,87.2300033569336,88.04000091552734,31758400
2025-04-21,81.96436309814453,86.0,87.06999969482422,85.9800033569336,86.5999984741211,39343200
2025-04-22,82.4218521118164,86.4800033569336,87.0199966430664,86.4000015258789,86.81999969482422,32552100
2025-04-23,83.2224349975586,87.31999969482422,89.05999755859375,87.16999816894531,88.87999725341797,44082200
2025-04-24,84.0992431640625,88.23999786376953,88.3499984741211,87.76000213623047,88.02999877929688,24190800
2025-04-25,84.71874237060547,88.88999938964844,89.11000061035156,88.5999984741211,88.9000015258789,22513900
2025-04-28,85.2524642944336,89.44999694824219,89.52999877929688,88.61000061035156,88.66000366210938,20130500
2025-04-29,85.9672622680664,90.1999969482422,90.20999908447266,89.30000305175781,89.31999969482422,22129500
2025-04-30,85.27152252197266,89.47000122070312,90.05000305175781,89.33000183105469,89.77999877929688,42630600
2025-05-01,84.83914947509766,88.69000244140625,89.27999877929688,88.30000305175781,89.26000213623047,29932800
2025-05-02,83.92084503173828,87.7300033569336,88.06999969482422,87.54000091552734,87.70999908447266,32090400
2025-05-05,83.45211029052734,87.23999786376953,87.41000366210938,86.83000183105469,87.3499984741211,22862800
2025-05-06,83.7295150756836,87.52999877929688,87.52999877929688,86.63999938964844,86.80000305175781,21095200
2025-05-07,84.0834732055664,87.9000015258789,88.20999908447266,87.81999969482422,87.91999816894531,23161600
2025-05-08,83.1460189819336,86.91999816894531,88.05999755859375,86.88999938964844,88.0199966430664,25483700
2025-05-09,83.2703857421875,87.05000305175781,87.30999755859375,86.91999816894531,87.0,17007900
2025-05-12,82.49552154541016,86.23999786376953,86.77999877929688,86.19000244140625,86.37999725341797,32115000
2025-05-13,82.16072845458984,85.88999938964844,86.29000091552734,85.5,86.12999725341797,53912200
2025-05-14,81.61547088623047,85.31999969482422,85.87000274658203,85.19999694824219,85.75,42119800
2025-05-15,82.3329086303711,86.06999969482422,86.31999969482422,85.4800033569336,85.62999725341797,59448000
2025-05-16,82.55293273925781,86.30000305175781,86.88999938964844,86.19999694824219,86.87000274658203,31778200
2025-05-19,82.31378173828125,86.05000305175781,86.12000274658203,84.83000183105469,84.91000366210938,49361900
2025-05-20,81.720703125,85.43000030517578,85.5999984741211,85.05999755859375,85.43000030517578,35493100
2025-05-21,80.32410430908203,83.97000122070312,85.05999755859375,83.76000213623047,84.68000030517578,77053100
2025-05-22,80.74500274658203,84.41000366210938,84.43000030517578,83.30000305175781,83.5199966430664,61747900
2025-05-23,80.87890625,84.55000305175781,84.81999969482422,84.30999755859375,84.7699966430664,47139200
2025-05-27,82.00767517089844,85.7300033569336,86.02999877929688,85.1500015258789,85.3499984741211,56773400
2025-05-28,81.65373229980469,85.36000061035156,85.54000091552734,84.97000122070312,85.41000366210938,34806800
2025-05-29,82.4094467163086,86.1500015258789,86.26000213623047,85.63999938964844,85.7699966430664,38933200
2025-05-30,82.5337905883789,86.27999877929688,86.47000122070312,85.87999725341797,86.08999633789062,49042100
2025-06-02,81.76567077636719,85.16000366210938,85.47000122070312,84.79000091552734,85.29000091552734,46213100
2025-06-03,81.62165832519531,85.01000213623047,85.73999786376953,84.88999938964844,85.44000244140625,33731300
2025-06-04,82.94664001464844,86.38999938964844,86.6500015258789,85.6500015258789,85.79000091552734,57441500
2025-06-05,83.0042495727539,86.44999694824219,86.93000030517578,86.22000122070312,86.68000030517578,37664700
2025-06-06,81.94811248779297,85.3499984741211,85.93000030517578,85.27999877929688,85.79000091552734,38130100
2025-06-09,82.03451538085938,85.44000244140625,85.63999938964844,85.04000091552734,85.04000091552734,26560800
2025-06-10,82.45697784423828,85.87999725341797,86.18000030517578,85.5199966430664,86.0999984741211,24857000
2025-06-11,82.70662689208984,86.13999938964844,86.4000015258789,85.70999908447266,85.80999755859375,36334800
2025-06-12,83.69556427001953,87.16999816894531,87.19999694824219,86.5999984741211,86.88999938964844,43017800
2025-06-13,82.88903045654297,86.33000183105469,86.87999725341797,85.77999877929688,86.7300033569336,49374000
2025-06-16,82.05372619628906,85.45999908447266,86.43000030517578,85.45999908447266,86.08000183105469,36496600
2025-06-17,83.05226135253906,86.5,86.66000366210938,85.75,86.0,34521600
2025-06-18,83.19628143310547,86.6500015258789,87.08999633789062,86.3499984741211,86.87999725341797,38589000
2025-06-20,83.04266357421875,86.48999786376953,86.79000091552734,85.94999694824219,86.13999938964844,26001900
2025-06-23,83.3115005493164,86.7699966430664,87.44000244140625,86.7699966430664,86.93000030517578,36851800
2025-06-24,83.9164047241211,87.4000015258789,87.58999633789062,86.43000030517578,86.47000122070312,32959100
2025-06-25,84.02202606201172,87.51000213623047,87.51000213623047,86.80000305175781,87.11000061035156,26345300
2025-06-26,84.44447326660156,87.94999694824219,87.94999694824219,87.19999694824219,87.58999633789062,30467500
2025-06-27,83.90679931640625,87.38999938964844,88.16000366210938,87.23999786376953,87.56999969482422,74993500
2025-06-30,84.73251342773438,88.25,88.44000244140625,87.61000061035156,87.86000061035156,53695200
2025-07-01,84.94261169433594,88.13999938964844,88.30999755859375,87.66000366210938,88.12999725341797,38960600
2025-07-02,84.40290832519531,87.58000183105469,87.58999633789062,87.0999984741211,87.19000244140625,39382200
2025-07-03,83.81504821777344,86.97000122070312,87.29000091552734,86.8499984741211,87.16999816894531,26729100
2025-07-07,83.0151596069336,86.13999938964844,86.55999755859375,85.91999816894531,86.54000091552734,38314700
2025-07-08,82.90914916992188,86.02999877929688,86.04000091552734,85.44000244140625,85.56999969482422,31407000
2025-07-09,83.77650451660156,86.93000030517578,86.93000030517578,86.18000030517578,86.19000244140625,29821900
2025-07-10,83.83433532714844,86.98999786376953,87.05999755859375,86.48999786376953,86.83000183105469,24525500
2025-07-11,82.67784881591797,85.79000091552734,86.2699966430664,85.63999938964844,86.2300033569336,40764800
2025-07-14,82.50438690185547,85.61000061035156,85.87999725341797,85.31999969482422,85.54000091552734,24609500
2025-07-15,81.92616271972656,85.01000213623047,85.91000366210938,84.9000015258789,85.88999938964844,40455000
2025-07-16,82.04178619384766,85.12999725341797,85.66000366210938,84.19000244140625,85.27999877929688,65987700
2025-07-17,82.02250671386719,85.11000061035156,85.48999786376953,84.98999786376953,85.22000122070312,31875500
2025-07-18,82.14781188964844,85.23999786376953,85.45999908447266,85.0999984741211,85.43000030517578,27534900
2025-07-21,82.88023376464844,86.0,86.51000213623047,85.95999908447266,86.22000122070312,40019500
2025-07-22,83.38136291503906,86.5199966430664,86.7699966430664,86.11000061035156,86.16999816894531,35190300
2025-07-23,82.91878509521484,86.04000091552734,86.19999694824219,85.79000091552734,86.05000305175781,31008500
2025-07-24,82.77422332763672,85.88999938964844,86.23999786376953,85.51000213623047,85.55000305175781,25164800
2025-07-25,83.29463195800781,86.43000030517578,86.44000244140625,85.72000122070312,85.80000305175781,27196200
2025-07-28,82.75495147705078,85.87000274658203,86.19999694824219,85.83000183105469,85.98999786376953,26812500
2025-07-29,84.1523666381836,87.31999969482422,87.33999633789062,86.19999694824219,86.2300033569336,47828300
2025-07-30,83.71867370605469,86.87000274658203,86.95999908447266,86.55999755859375,86.7699966430664,40670900
2025-07-31,83.76687622070312,86.91999816894531,87.41000366210938,86.83999633789062,87.12999725341797,49814100
2025-08-01,84.9577407836914,87.81999969482422,87.93000030517578,87.5199966430664,87.55999755859375,63434500
2025-08-04,85.18991088867188,88.05999755859375,88.1500015258789,87.6500015258789,87.95999908447266,36425200
2025-08-05,85.45111846923828,88.33000183105469,88.44999694824219,87.77999877929688,87.8499984741211,28586100
2025-08-06,84.9577407836914,87.81999969482422,88.05000305175781,86.91999816894531,87.83999633789062,42589300
2025-08-07,84.81262969970703,87.66999816894531,88.25,87.58999633789062,87.91999816894531,29213100
2025-08-08,84.44500732421875,87.29000091552734,87.38999938964844,87.1500015258789,87.36000061035156,21596300
2025-08-11,84.54176330566406,87.38999938964844,87.66999816894531,87.27999877929688,87.54000091552734,20100900
2025-08-12,84.11609649658203,86.94999694824219,86.97000122070312,86.55000305175781,86.9000015258789,41052300
2025-08-13,84.81262969970703,87.66999816894531,87.80999755859375,87.43000030517578,87.44000244140625,30817500
2025-08-14,84.18380737304688,87.0199966430664,87.51000213623047,86.88999938964844,87.51000213623047,33397400
2025-08-15,83.58401489257812,86.4000015258789,86.77999877929688,86.25,86.66000366210938,36343600
2025-08-18,83.34217834472656,86.1500015258789,86.54000091552734,85.98999786376953,86.5,26777500
2025-08-19,83.82587432861328,86.6500015258789,86.75,86.44999694824219,86.44999694824219,28780600
2025-08-20,84.00967407226562,86.83999633789062,86.97000122070312,86.55999755859375,86.58999633789062,25912500
2025-08-21,83.59369659423828,86.41000366210938,86.68000030517578,86.11000061035156,86.55999755859375,28643900
2025-08-22,84.21283721923828,87.05000305175781,87.30000305175781,86.72000122070312,86.83000183105469,49871900
2025-08-25,83.97097778320312,86.80000305175781,87.05000305175781,86.6500015258789,86.7300033569336,27011900
2025-08-26,83.92262268066406,86.75,86.79000091552734,86.22000122070312,86.51000213623047,30259300
2025-08-27,83.82587432861328,86.6500015258789,86.66000366210938,86.0,86.11000061035156,38142800
2025-08-28,84.3772964477539,87.22000122070312,87.26000213623047,86.66000366210938,86.77999877929688,32205900
2025-08-29,83.77750396728516,86.5999984741211,86.86000061035156,86.44000244140625,86.76000213623047,41686400
2025-09-02,83.15406799316406,85.62999725341797,85.83999633789062,85.4800033569336,85.62999725341797,48760600
2025-09-03,84.06687927246094,86.56999969482422,86.80999755859375,85.88999938964844,85.93000030517578,52499500
2025-09-04,84.70781707763672,87.2300033569336,87.23999786376953,86.58000183105469,87.0199966430664,40501600
2025-09-05,85.99934387207031,88.55999755859375,88.61000061035156,88.13999938964844,88.22000122070312,69668000
2025-09-08,87.14521789550781,89.73999786376953,89.76000213623047,89.12000274658203,89.16999816894531,54538700
2025-09-09,86.64998626708984,89.2300033569336,89.55000305175781,88.98999786376953,89.4000015258789,37126400
2025-09-10,87.14521789550781,89.73999786376953,90.06999969482422,89.19000244140625,89.4000015258789,40713600
2025-09-11,87.72787475585938,90.33999633789062,90.4800033569336,89.9000015258789,89.91000366210938,46694400
2025-09-12,87.34915161132812,89.94999694824219,89.9800033569336,89.48999786376953,89.83000183105469,32968600
2025-09-15,87.5530776977539,90.16000366210938,90.45999908447266,90.06999969482422,90.1500015258789,24820100
2025-09-16,87.73759460449219,90.3499984741211,90.5,90.04000091552734,90.08999633789062,26794200
2025-09-17,87.51423645019531,90.12000274658205,91.04000091552734,89.87000274658203,90.70999908447266,49121800
2025-09-18,86.61113739013672,89.19000244140625,89.47000122070312,88.9000015258789,89.26000213623047,55717900
2025-09-19,86.446044921875,89.0199966430664,89.2300033569336,88.79000091552734,89.06999969482422,32509200
2025-09-22,86.13529205322266,88.69999694824219,88.91000366210938,88.54000091552734,88.81999969482422,24758200
2025-09-23,86.73736572265625,89.31999969482422,89.36000061035156,88.75,88.97000122070312,26689000
2025-09-24,86.40721130371094,88.9800033569336,89.16000366210938,88.69999694824219,89.08000183105469,28098000
2025-09-25,86.40721130371094,88.9800033569336,89.02999877929688,88.45999908447266,88.8499984741211,29882500
2025-09-26,86.32950592041016,88.9000015258789,89.47000122070312,88.69000244140625,88.98999786376953,30955100
2025-09-29,87.03840637207031,89.62999725341797,89.73999786376953,89.26000213623047,89.29000091552734,32286200
2025-09-30,86.7859115600586,89.37000274658203,90.04000091552734,89.20999908447266,89.66000366210938,38584000
2025-10-01,87.01005554199219,89.29000091552734,89.63999938964844,89.08999633789062,89.44999694824219,39408900
2025-10-02,87.26342010498047,89.55000305175781,89.69000244140625,89.19000244140625,89.30999755859375,23208300
2025-10-03,87.0977554321289,89.37999725341797,89.72000122070312,89.2699966430664,89.62999725341797,25884500
2025-10-06,86.40587615966797,88.66999816894531,89.16000366210938,88.6500015258789,88.70999908447266,28371000
2025-10-07,86.90287017822266,89.18000030517578,89.37999725341797,88.80999755859375,88.97000122070312,29103300
2025-10-08,86.9710693359375,89.25,89.62000274658203,89.12999725341797,89.5999984741211,22506200
2025-10-09,86.90287017822266,89.18000030517578,89.29000091552734,89.01000213623047,89.16999816894531,21578700
2025-10-10,88.30609130859375,90.62000274658205,90.72000122070312,89.9000015258789,89.9800033569336,59389400
2025-10-13,88.25736236572266,90.56999969482422,90.58000183105467,89.86000061035156,90.27999877929688,28035500
2025-10-14,88.53997802734375,90.86000061035156,90.91999816894533,90.43000030517578,90.6500015258789,29800000
2025-10-15,88.34508514404297,90.66000366210938,91.3000030517578,90.47000122070312,90.95999908447266,31333900
2025-10-16,89.00770568847656,91.33999633789062,91.5,90.4499969482422,90.5199966430664,39631200
2025-10-17,88.87127685546875,91.1999969482422,91.29000091552734,90.9000015258789,91.25,40240400
2025-10-20,89.21235656738281,91.5500030517578,91.55999755859376,91.27999877929688,91.45999908447266,28429300
2025-10-21,89.6508560180664,92.0,92.19000244140624,91.91000366210938,91.98999786376952,24514300
2025-10-22,89.70932006835938,92.05999755859376,92.18000030517578,91.81999969482422,91.98999786376952,30496200
2025-10-23,89.09541320800781,91.43000030517578,91.79000091552734,91.29000091552734,91.61000061035156,28275100
2025-10-24,89.13438415527344,91.47000122070312,91.5999984741211,91.16000366210938,91.58999633789062,28266000
2025-10-27,89.43647003173828,91.77999877929688,91.79000091552734,91.08999633789062,91.31999969482422,30033600
2025-10-28,89.67034912109375,92.0199966430664,92.18000030517578,91.80999755859376,91.8499984741211,23564500
2025-10-29,88.76409912109375,91.08999633789062,91.88999938964844,91.0199966430664,91.87999725341795,39551600
2025-10-30,88.24762725830078,90.55999755859376,90.97000122070312,90.3499984741211,90.38999938964844,42649200
2025-10-31,87.98452758789062,90.29000091552734,90.66000366210938,90.1999969482422,90.55999755859376,38247300
2025-11-03,87.76447296142578,89.73999786376953,89.81999969482422,89.41999816894531,89.62000274658203,40752300
2025-11-04,87.96007537841797,89.94000244140625,90.05999755859375,89.73999786376953,89.77999877929688,26383800
2025-11-05,87.00164031982422,88.95999908447266,89.55000305175781,88.87999725341797,89.51000213623047,44643400
2025-11-06,87.7840347290039,89.76000213623047,89.8499984741211,89.52999877929688,89.55999755859375,33027400
2025-11-07,87.59822082519531,89.56999969482422,89.87000274658203,89.36000061035156,89.36000061035156,28530100
2025-11-10,87.57865905761719,89.55000305175781,89.66999816894531,89.38999938964844,89.48999786376953,24093500
2025-11-11,87.9796371459961,89.95999908447266,90.06999969482422,89.77999877929688,89.94999694824219,18942300
2025-11-12,88.13610076904297,90.12000274658205,90.31999969482422,89.87999725341797,89.94999694824219,23594900
2025-11-13,87.41239166259766,89.37999725341797,89.94000244140625,89.37999725341797,89.80000305175781,33825900
2025-11-14,86.91363525390625,88.87000274658203,89.83999633789062,88.87000274658203,89.79000091552734,38550500
2025-11-17,87.1287841796875,89.08999633789062,89.30000305175781,88.9800033569336,89.08000183105469,25605800
2025-11-18,87.09944915771484,89.05999755859375,89.44999694824219,88.80000305175781,89.3499984741211,31967400
2025-11-19,86.92339324951172,88.87999725341797,89.30999755859375,88.8499984741211,89.2300033569336,25782400
2025-11-20,87.26570129394531,89.2300033569336,89.41999816894531,88.98999786376953,88.98999786376953,32945000
2025-11-21,87.5297622680664,89.5,89.66999816894531,89.19999694824219,89.6500015258789,41938600
2025-11-24,88.02853393554688,90.01000213623047,90.06999969482422,89.77999877929688,89.94999694824219,30865700
2025-11-25,88.25347900390625,90.23999786376952,90.58999633789062,90.12999725341795,90.30999755859376,36503300
2025-11-26,88.64466857910156,90.63999938964844,90.63999938964844,89.83000183105469,90.1500015258789,34099000
2025-11-28,88.22413635253906,90.20999908447266,90.52999877929688,89.94999694824219,90.45999908447266,40704300
2025-12-01,87.12583923339844,88.7699966430664,88.98999786376953,88.70999908447266,88.8499984741211,47086600
2025-12-02,87.16510772705078,88.80999755859375,88.95999908447266,88.45999908447266,88.58000183105469,27605700
2025-12-03,87.41048431396484,89.05999755859375,89.16000366210938,88.73999786376953,88.91999816894531,23278600
2025-12-04,86.93937683105469,88.58000183105469,88.93000030517578,88.4800033569336,88.91000366210938,25541500
2025-12-05,86.53697204589844,88.16999816894531,88.55000305175781,88.05000305175781,88.55000305175781,32808100
2025-12-08,86.2523422241211,87.87999725341797,88.19999694824219,87.55999755859375,88.19000244140625,32255200
2025-12-09,86.34066772460938,87.97000122070312,88.3499984741211,87.83999633789062,88.33999633789062,25771800
2025-12-10,86.67436981201172,88.30999755859375,88.5199966430664,87.86000061035156,88.0,46833500
2025-12-11,86.55660247802734,88.19000244140625,88.83000183105469,88.16000366210938,88.69000244140625,26778700
2025-12-12,85.72233581542969,87.33999633789062,87.5,87.19000244140625,87.37999725341797,47030100
2025-12-15,85.78123474121094,87.4000015258789,87.87999725341797,87.38999938964844,87.72000122070312,28611800
2025-12-16,86.2523422241211,87.87999725341797,87.91999816894531,87.16999816894531,87.19000244140625,41018700
2025-12-17,86.17382049560547,87.80000305175781,87.98999786376953,87.58000183105469,87.62999725341797,24668300
2025-12-18,86.58604431152344,88.22000122070312,88.37999725341797,88.06999969482422,88.12999725341797,39048900
2025-12-19,86.26286315917969,87.55000305175781,87.76000213623047,87.41000366210938,87.61000061035156,37858100
2025-12-22,86.07565307617188,87.36000061035156,87.45999908447266,87.25,87.41999816894531,25547100
2025-12-23,86.2136001586914,87.5,87.58000183105469,87.02999877929688,87.06999969482422,33624100
2025-12-24,86.73580169677734,88.02999877929688,88.08000183105469,87.6500015258789,87.76000213623047,25942000
2025-12-26,86.45006561279297,87.73999786376953,88.16999816894531,87.5999984741211,88.0999984741211,26522700
2025-12-29,86.77521514892578,88.06999969482422,88.06999969482422,87.79000091552734,87.94999694824219,29399800
2025-12-30,86.56829833984375,87.86000061035156,88.04000091552734,87.66999816894531,87.73999786376953,25106800
2025-12-31,85.87860107421875,87.16000366210938,87.91000366210938,87.12999725341797,87.68000030517578,36500000
2026-01-02,85.7505111694336,87.02999877929688,87.41000366210938,87.0199966430664,87.4000015258789,40731300
2026-01-05,86.17418670654297,87.45999908447266,87.5199966430664,87.11000061035156,87.18000030517578,30178000
2026-01-06,85.996826171875,87.27999877929688,87.33999633789062,86.9000015258789,87.1500015258789,39015200
2026-01-07,86.49934387207031,87.79000091552734,88.01000213623047,87.4800033569336,87.83999633789062,39930900
2026-01-08,86.06580352783203,87.3499984741211,87.55000305175781,87.25,87.33000183105469,28204900
2026-01-09,86.63727569580078,87.93000030517578,88.0,87.12000274658203,87.30000305175781,57348800
2026-01-12,86.38108825683594,87.66999816894531,87.91000366210938,87.41000366210938,87.5,36103100
2026-01-13,86.52890014648438,87.81999969482422,87.91000366210938,87.54000091552734,87.87999725341797,30451400
2026-01-14,87.03140258789062,88.33000183105469,88.43000030517578,87.88999938964844,87.91000366210938,39233500
2026-01-15,87.01168060302734,88.30999755859375,88.66000366210938,88.30999755859375,88.63999938964844,37988900
2026-01-16,86.50918579101562,87.80000305175781,88.31999969482422,87.70999908447266,88.12999725341797,46382400
2026-01-20,85.3760986328125,86.6500015258789,87.02999877929688,86.54000091552734,86.62999725341797,66009500
2026-01-21,86.0263900756836,87.30999755859375,87.4800033569336,86.62000274658203,86.80000305175781,51220100
2026-01-22,86.40080261230469,87.69000244140625,87.76000213623047,87.13999938964844,87.2699966430664,42419300
2026-01-23,86.63727569580078,87.93000030517578,88.02999877929688,87.5,87.83000183105469,35968800
2026-01-26,87.05110168457031,88.3499984741211,88.48999786376953,88.19999694824219,88.4000015258789,38882400
2026-01-27,86.50918579101562,87.80000305175781,88.25,87.68000030517578,88.11000061035156,35180100
2026-01-28,86.31212615966797,87.5999984741211,87.69999694824219,87.29000091552734,87.51000213623047,38750300
2026-01-29,86.33183288574219,87.62000274658203,87.73999786376953,87.08000183105469,87.1500015258789,43855000
2026-01-30,85.84902954101562,87.12999725341797,87.55999755859375,87.12999725341797,87.37999725341797,45832200
2026-02-02,85.60375213623047,86.55000305175781,87.05999755859375,86.55000305175781,87.0199966430664,38171400
2026-02-03,85.81146240234375,86.76000213623047,86.77999877929688,86.43000030517578,86.48999786376953,27438200
2026-02-04,85.59386444091797,86.54000091552734,86.77999877929688,86.45999908447266,86.62999725341797,37872900
2026-02-05,86.52359008789062,87.4800033569336,87.4800033569336,86.75,86.93000030517578,50268900
2026-02-06,86.58293151855469,87.54000091552734,87.54000091552734,87.19999694824219,87.44999694824219,33461800
2026-02-09,86.56314086914062,87.5199966430664,87.58000183105469,87.02999877929688,87.19999694824219,24708900
2026-02-10,87.56210327148438,88.52999877929688,88.52999877929688,88.22000122070312,88.23999786376953,37253700
2026-02-11,87.09723663330078,88.05999755859375,88.4800033569336,87.94000244140625,88.04000091552734,37014000
2026-02-12,88.25445556640625,89.2300033569336,89.27999877929688,88.3499984741211,88.36000061035156,48454900
2026-02-13,88.73908996582031,89.72000122070312,89.80999755859375,89.5199966430664,89.62999725341797,56785200
2026-02-17,88.88745880126953,89.87000274658203,90.12000274658205,89.76000213623047,89.93000030517578,32356700
2026-02-18,88.5511703491211,89.52999877929688,89.86000061035156,89.47000122070312,89.69000244140625,35415400
2026-02-19,88.64019012451172,89.62000274658203,89.72000122070312,89.37000274658203,89.4000015258789,28658600
2026-02-20,88.43248748779297,89.41000366210938,89.73999786376953,88.93000030517578,89.69999694824219,49610800
2026-02-23,88.75887298583984,89.73999786376953,90.0,89.52999877929688,89.55000305175781,33614600
2026-02-24,88.91712951660156,89.9000015258789,90.05000305175781,89.76000213623047,89.94999694824219,24933900
2026-02-25,88.92701721191406,89.91000366210938,90.08000183105467,89.70999908447266,89.70999908447266,23625800
2026-02-26,89.28307342529297,90.2699966430664,90.31999969482422,90.05000305175781,90.05999755859375,29447100
2026-02-27,89.82706451416016,90.81999969482422,90.86000061035156,90.5500030517578,90.69000244140624,51272000
2026-03-02,88.92501068115234,89.61000061035156,89.98999786376953,89.36000061035156,89.9800033569336,55465500
2026-03-03,88.74639129638672,89.43000030517578,89.66999816894531,88.94000244140625,88.9800033569336,51850400
2026-03-04,88.4685287475586,89.1500015258789,89.44000244140625,89.0999984741211,89.2699966430664,47069500
2026-03-05,88.11128234863281,88.79000091552734,88.94000244140625,88.51000213623047,88.62999725341797,45768900
2026-03-06,87.78380584716797,88.45999908447266,88.94000244140625,88.0199966430664,88.31999969482422,58136900
2026-03-09,88.54792785644531,89.2300033569336,89.31999969482422,88.20999908447266,88.30000305175781,52478700
2026-03-10,87.60517883300781,88.27999877929688,88.94999694824219,88.2699966430664,88.80000305175781,48651500
2026-03-11,86.47389221191406,87.13999938964844,87.80999755859375,87.08000183105469,87.75,54679900
2026-03-12,86.30519104003906,86.97000122070312,87.25,86.77999877929688,86.91000366210938,48977000
2026-03-13,85.87848663330078,86.54000091552734,87.1500015258789,86.47000122070312,86.93000030517578,43460000
2026-03-16,86.5433578491211,87.20999908447266,87.33999633789062,86.95999908447266,87.18000030517578,37341500
2026-03-17,86.78152465820312,87.44999694824219,87.56999969482422,87.31999969482422,87.36000061035156,19578100
2026-03-18,86.2952651977539,86.95999908447266,87.4800033569336,86.93000030517578,87.36000061035156,37596600
2026-03-19,86.82122039794922,87.48999786376953,87.7300033569336,86.97000122070312,87.05999755859375,60307400
2026-03-20,85.17391204833984,85.83000183105469,86.86000061035156,85.76000213623047,86.80999755859375,78948500
2026-03-23,85.72962951660156,86.38999938964844,86.72000122070312,85.94000244140625,86.18000030517578,69686700
2026-03-24,85.35253143310547,86.01000213623047,86.29000091552734,85.55999755859375,85.72000122070312,51799400
2026-03-25,86.17618560791016,86.83999633789062,86.87999725341797,86.4800033569336,86.75,37861000
2026-03-26,85.45176696777344,86.11000061035156,86.61000061035156,85.93000030517578,86.33999633789062,39537000
2026-03-27,84.98535919189453,85.63999938964844,86.0999984741211,85.44999694824219,85.5,39928900
2026-03-30,86.11664581298828,86.77999877929688,86.94999694824219,86.48999786376953,86.62999725341797,36473200
2026-03-31,86.02733612060547,86.69000244140625,87.16000366210938,86.56999969482422,86.93000030517578,47112200
2026-04-01,85.9426498413086,86.26000213623047,86.70999908447266,86.2300033569336,86.27999877929688,31157600
2026-04-02,86.47069549560547,86.79000091552734,86.8499984741211,86.1500015258789,86.20999908447266,33310600
2026-04-06,86.33121490478516,86.6500015258789,86.8499984741211,86.38999938964844,86.5,14660300
2026-04-07,86.32125091552734,86.63999938964844,86.68000030517578,85.91000366210938,86.5199966430664,22747200
2026-04-08,86.6002197265625,86.91999816894531,87.37000274658203,86.7300033569336,87.36000061035156,22244900
2026-04-09,86.38102722167969,86.69999694824219,87.12999725341797,86.38999938964844,86.69000244140625,18909100
2026-04-10,86.17179870605469,86.48999786376953,86.68000030517578,86.33000183105469,86.5999984741211,13247700
2026-04-13,86.43084716796875,86.75,86.80000305175781,86.25,86.44000244140625,12719700
2026-04-14,86.88915252685547,87.20999908447266,87.23999786376953,86.62999725341797,86.69999694824219,16606900
2026-04-15,86.51055145263672,86.83000183105469,87.06999969482422,86.7300033569336,87.0199966430664,15119600
2026-04-16,85.96257019042969,86.27999877929688,86.97000122070312,86.19999694824219,86.91999816894531,20001000
2026-04-17,86.74966430664062,87.06999969482422,87.20999908447266,86.88999938964844,87.05000305175781,29604100
2026-04-20,86.72974395751953,87.05000305175781,87.12999725341797,86.70999908447266,87.11000061035156,14623500
2026-04-21,86.25150299072266,86.56999969482422,87.08999633789062,86.52999877929688,86.97000122070312,19798700
2026-04-22,86.4208755493164,86.73999786376953,87.16000366210938,86.70999908447266,87.05000305175781,13676800
2026-04-23,86.23158264160156,86.55000305175781,87.04000091552734,86.23999786376953,86.83000183105469,21106700
2026-04-24,86.3909912109375,86.70999908447266,86.81999969482422,86.25,86.45999908447266,22285700
2026-04-27,85.96257019042969,86.27999877929688,86.62000274658203,86.19000244140625,86.48999786376953,19250100
2026-04-28,86.05224609375,86.37000274658203,86.37000274658203,85.94000244140625,86.12000274658203,14553600
2026-04-29,85.38470458984375,85.69999694824219,85.98999786376953,85.55000305175781,85.98999786376953,29020800
2026-04-30,85.30500030517578,85.62000274658203,85.9000015258789,85.38999938964844,85.88999938964844,28516200
2026-05-01,85.61000061035156,85.61000061035156,86.0,85.33999633789062,85.5,21281000
2026-05-04,84.95999908447266,84.95999908447266,85.36000061035156,84.76000213623047,85.3499984741211,27226000
2026-05-05,85.43000030517578,85.43000030517578,85.48999786376953,85.08999633789062,85.1500015258789,18226500
2026-05-06,86.08000183105469,86.08000183105469,86.16999816894531,85.91999816894531,86.05000305175781,22530700
2026-05-07,85.6500015258789,85.6500015258789,86.29000091552734,85.5999984741211,86.27999877929688,21178300
2026-05-08,86.08000183105469,86.08000183105469,86.27999877929688,85.98999786376953,86.05999755859375,30797600
2026-05-11,85.55999755859375,85.55999755859375,85.91999816894531,85.48999786376953,85.87999725341797,17713700
2026-05-12,84.98999786376953,84.98999786376953,85.19999694824219,84.91999816894531,85.19000244140625,27680600
2026-05-13,84.80000305175781,84.80000305175781,85.05000305175781,84.58999633789062,84.94000244140625,26295100
2026-05-14,84.91999816894531,84.91999816894531,85.37999725341797,84.91000366210938,85.26000213623047,25247200
2026-05-15,83.66000366210938,83.66000366210938,83.96990203857422,83.58999633789062,83.87000274658203,50682081
2026-05-18,83.55999755859375,83.55999755859375,83.91999816894531,83.31999969482422,83.69999694824219,26135300
2026-05-19,83.04989624023438,83.04989624023438,83.22989654541016,82.7750015258789,82.95999908447266,28694437
2026-05-20,83.84500122070312,83.84500122070312,84.0,83.04000091552734,83.05999755859375,18342091
2026-05-21,84.22000122070312,84.22000122070312,84.25749969482422,83.32499694824219,83.62069702148438,24634890
2026-05-22,84.68000030517578,84.68000030517578,84.68000030517578,84.13500213623047,84.6050033569336,25858550
2026-05-26,85.0999984741211,85.0999984741211,85.375,84.9000015258789,85.33000183105469,21490205
2026-05-27,85.30000305175781,85.30000305175781,85.47740173339844,85.15499877929688,85.24500274658203,23216341
2026-05-28,85.73999786376953,85.73999786376953,85.84500122070312,85.2699966430664,85.36000061035156,24630817
2026-05-29,85.76000213623047,85.76000213623047,85.9583969116211,85.55000305175781,85.80999755859375,30009372
