Date,VVC-Price,VVC-RT,% Buys,% Sells,BS Ratio,CG-Price,CG-RT,CG-BSR,MTI,Trend
10/14/99,19.17,0.88,11.3,48.4,0.23,Y,R,R,0.72,DnDn
10/15/99,18.85,0.85,9.5,53.2,0.18,R,R,R,0.51,DnDn
10/18/99,18.67,0.85,8.2,46.5,0.18,R,Y,Y,0.47,DnDn
10/19/99,18.79,0.86,9.5,45.7,0.21,Y,Y,Y,0.65,DnDn
10/20/99,19.01,0.88,11.0,44.4,0.25,Y,Y,Y,0.85,DnDn
10/21/99,19.02,0.87,11.4,45.8,0.25,Y,R,Y,0.77,DnDn
10/22/99,19.22,0.9,13.8,42.8,0.32,Y,Y,Y,0.98,UpDn
10/25/99,19.18,0.9,11.6,42.1,0.28,Y,Y,Y,0.94,UpDn
10/26/99,19.13,0.9,12.2,42.7,0.29,Y,Y,Y,0.88,UpDn
10/27/99,19.15,0.9,12.9,43.0,0.3,G,Y,Y,0.85,UpDn
10/28/99,19.46,0.93,16.0,40.4,0.4,G,Y,Y,1.06,UpUp
10/29/99,19.72,0.95,18.6,38.7,0.48,G,Y,Y,1.08,UpUp
11/1/99,19.78,0.94,16.0,36.4,0.44,G,Y,Y,1.03,UpUp
11/2/99,19.83,0.96,17.5,36.4,0.48,G,Y,Y,1.06,UpUp
11/3/99,20.03,0.98,19.8,34.8,0.57,G,Y,Y,1.19,UpUp
11/4/99,20.13,0.99,20.3,34.3,0.59,G,Y,Y,1.13,UpUp
11/5/99,20.27,1.0,22.1,34.4,0.64,G,Y,Y,1.11,UpUp
11/8/99,20.42,0.99,20.5,30.6,0.67,G,Y,Y,1.15,UpUp
11/9/99,20.41,0.99,20.4,30.8,0.66,Y,Y,Y,1.12,UpUp
11/10/99,20.54,1.0,21.2,30.7,0.69,G,Y,Y,1.17,UpUp
11/11/99,20.58,1.01,21.8,30.7,0.71,G,G,Y,1.22,UpUp
11/12/99,20.73,1.02,23.2,29.9,0.78,G,G,Y,1.27,UpUp
11/15/99,20.83,1.03,23.8,26.5,0.9,G,G,Y,1.35,UpUp
11/16/99,21.08,1.05,25.2,26.1,0.97,G,G,Y,1.48,UpUp
11/17/99,21.02,1.04,25.2,26.9,0.94,Y,Y,Y,1.34,UpUp
11/18/99,21.24,1.06,26.7,26.3,1.02,G,G,G,1.49,C/Up
11/19/99,21.23,1.06,25.9,26.9,0.96,Y,Y,Y,1.37,UpUp
11/22/99,21.21,1.04,22.9,26.5,0.86,Y,Y,R,1.42,UpUp
11/23/99,20.97,1.01,21.5,28.7,0.75,Y,Y,R,1.21,DnUp
11/24/99,21.08,1.02,21.6,28.4,0.76,G,Y,Y,1.32,UpUp
11/26/99,21.25,1.04,23.0,27.6,0.83,G,Y,Y,1.37,UpUp
11/29/99,21.17,1.03,22.4,25.6,0.88,R,Y,Y,1.34,DnUp
11/30/99,20.98,1.02,22.4,26.0,0.86,Y,Y,Y,1.31,UpUp
12/1/99,21.01,1.02,22.7,26.6,0.85,Y,Y,Y,1.33,DnUp
12/2/99,21.28,1.04,24.0,26.6,0.9,G,G,Y,1.47,UpUp
12/3/99,21.51,1.05,25.3,27.0,0.94,G,G,Y,1.5,UpUp
12/6/99,21.58,1.04,23.6,24.8,0.95,Y,Y,Y,1.5,UpUp
12/7/99,21.67,1.03,23.3,25.8,0.9,G,Y,Y,1.52,UpUp
12/8/99,21.76,1.04,23.4,27.3,0.86,G,G,Y,1.52,UpUp
12/9/99,21.73,1.03,23.3,29.1,0.8,Y,Y,R,1.39,UpUp
12/10/99,21.83,1.04,24.2,29.0,0.83,G,Y,Y,1.42,UpUp
12/13/99,21.88,1.04,23.4,24.9,0.94,G,Y,Y,1.47,UpUp
12/14/99,21.55,1.01,22.5,26.6,0.85,Y,Y,R,1.26,DnUp
12/15/99,21.5,1.01,22.3,27.0,0.83,Y,Y,R,1.27,DnUp
12/16/99,21.69,1.02,22.9,27.0,0.85,Y,Y,Y,1.37,DnUp
12/17/99,21.77,1.02,23.3,27.2,0.86,Y,Y,Y,1.35,DnUp
12/20/99,21.81,1.01,21.9,24.9,0.88,Y,Y,Y,1.2,DnUp
12/21/99,22.12,1.02,22.5,25.5,0.88,G,G,Y,1.41,UpUp
12/22/99,22.23,1.02,22.7,26.1,0.87,G,Y,Y,1.39,UpUp
12/23/99,22.42,1.04,24.5,24.9,0.98,G,G,Y,1.46,UpUp
12/27/99,22.39,1.02,23.0,23.4,0.98,Y,Y,Y,1.36,UpUp
12/28/99,22.5,1.03,23.9,23.3,1.03,G,G,G,1.38,UpUp
12/29/99,22.75,1.06,26.3,22.0,1.2,G,G,G,1.53,UpUp
12/30/99,22.77,1.07,26.9,21.3,1.26,G,G,G,1.47,UpUp
12/31/99,22.98,1.1,29.4,18.9,1.56,G,G,G,1.67,UpUp
1/3/00,22.879,1.07,25.1,16.9,1.49,Y,Y,Y,1.55,UpUp
1/4/00,22.104,1.01,20.6,20.4,1.01,Y,Y,Y,1.08,DnUp
1/5/00,22.085,1.03,21.2,20.1,1.05,Y,Y,Y,1.16,DnUp
1/6/00,21.864,1.04,22.2,19.8,1.12,Y,Y,Y,1.14,DnUp
1/7/00,22.398,1.08,26.8,18.0,1.49,Y,Y,Y,1.44,DnUp
1/10/00,22.9,1.12,29.1,16.0,1.82,G,G,G,1.73,UpUp
1/11/00,22.524,1.1,27.5,17.8,1.54,Y,Y,Y,1.51,UpUp
1/12/00,22.339,1.08,27.1,18.6,1.46,Y,Y,Y,1.49,UpUp
1/13/00,22.719,1.12,29.3,17.6,1.66,G,G,G,1.82,UpUp
1/14/00,22.975,1.14,30.7,17.5,1.75,G,G,G,1.78,UpUp
1/18/00,23.168,1.15,31.9,16.6,1.92,G,G,G,1.72,UpUp
1/19/00,23.336,1.16,32.4,17.1,1.89,G,G,Y,1.72,UpUp
1/20/00,23.482,1.15,31.9,18.7,1.71,G,Y,Y,1.66,UpUp
1/21/00,23.692,1.16,32.4,19.3,1.68,G,G,Y,1.64,UpUp
1/24/00,23.36,1.13,30.3,21.2,1.43,Y,Y,Y,1.41,UpUp
1/25/00,23.393,1.13,30.1,21.8,1.38,G,Y,Y,1.34,UpUp
1/26/00,23.398,1.13,30.5,21.6,1.41,G,Y,Y,1.28,UpUp
1/27/00,23.286,1.12,29.8,22.5,1.32,Y,Y,Y,1.2,DnUp
1/28/00,22.711,1.07,26.5,24.4,1.09,Y,Y,Y,1.03,DnUp
1/31/00,22.539,1.09,27.8,24.9,1.12,R,Y,Y,0.94,DnDn
2/1/00,22.758,1.1,28.7,24.7,1.16,Y,Y,Y,0.95,DnDn
2/2/00,22.99,1.11,29.6,24.7,1.2,Y,Y,Y,0.99,DnDn
2/3/00,23.429,1.13,31.0,24.9,1.24,G,G,Y,1.12,UpUp
2/4/00,23.572,1.14,31.3,25.5,1.23,G,G,Y,1.23,UpUp
2/7/00,23.783,1.14,31.2,25.8,1.21,Y,Y,Y,1.26,UpUp
2/8/00,24.075,1.15,31.9,26.7,1.19,G,G,Y,1.33,UpUp
2/9/00,23.925,1.13,30.9,28.3,1.09,Y,Y,Y,1.27,UpUp
2/10/00,24.171,1.14,31.3,28.7,1.09,G,G,Y,1.31,UpUp
2/11/00,24.028,1.12,30.2,30.3,0.99,Y,Y,R,1.23,UpUp
2/14/00,24.073,1.13,31.2,29.6,1.05,G,Y,Y,1.23,UpUp
2/15/00,24.089,1.13,31.4,29.3,1.07,G,Y,Y,1.18,UpUp
2/16/00,24.226,1.13,30.8,29.5,1.03,G,Y,Y,1.19,UpUp
2/17/00,24.565,1.14,31.1,30.0,1.04,G,Y,Y,1.21,UpUp
2/18/00,24.209,1.11,29.6,32.2,0.92,Y,Y,R,1.12,UpUp
2/22/00,24.108,1.11,30.0,32.8,0.91,Y,Y,R,1.11,UpUp
2/23/00,24.397,1.11,30.2,33.0,0.92,G,Y,Y,1.12,UpUp
2/24/00,24.47,1.09,29.5,34.9,0.85,Y,Y,R,1.07,UpUp
2/25/00,24.501,1.09,28.9,36.1,0.8,G,Y,R,1.08,UpUp
2/28/00,24.556,1.1,30.2,35.3,0.86,G,Y,Y,1.09,UpUp
2/29/00,25.195,1.13,31.7,34.3,0.92,G,G,Y,1.22,UpUp
3/1/00,25.647,1.14,32.3,33.3,0.97,G,G,Y,1.27,UpUp
3/2/00,25.57,1.14,32.7,33.6,0.97,Y,Y,Y,1.24,UpUp
3/3/00,26.21,1.16,33.7,32.6,1.03,G,G,G,1.4,UpUp
3/6/00,26.232,1.14,32.5,34.0,0.96,G,Y,R,1.34,UpUp
3/7/00,25.868,1.12,31.3,35.5,0.88,Y,Y,R,1.25,UpUp
3/8/00,25.907,1.11,30.9,35.4,0.87,G,Y,R,1.21,UpUp
3/9/00,26.438,1.13,32.2,34.4,0.94,G,Y,Y,1.28,UpUp
3/10/00,26.457,1.12,31.4,34.6,0.91,G,Y,R,1.18,UpUp
3/13/00,25.863,1.12,31.5,35.0,0.9,Y,Y,R,1.06,DnUp
3/14/00,25.127,1.08,30.0,36.1,0.83,R,Y,R,0.96,DnDn
3/15/00,24.711,1.07,28.9,34.7,0.83,Y,Y,Y,0.86,DnDn
3/16/00,25.361,1.11,31.4,31.0,1.01,Y,Y,G,0.89,DnDn
3/17/00,25.481,1.1,31.1,31.6,0.98,Y,Y,Y,0.82,DnDn
3/20/00,24.611,1.07,29.6,32.8,0.9,R,Y,Y,0.7,C/Dn
3/21/00,24.692,1.06,29.2,30.0,0.97,Y,Y,Y,0.8,DnDn
3/22/00,25.285,1.08,30.7,29.4,1.04,G,G,G,0.94,UpDn
3/23/00,25.71,1.08,30.4,28.6,1.06,G,Y,G,1.11,UpUp
3/24/00,25.734,1.06,29.0,28.1,1.03,G,Y,Y,1.04,UpUp
3/27/00,25.642,1.04,27.6,29.6,0.93,Y,Y,Y,1.12,UpUp
3/28/00,25.043,1.02,26.0,32.1,0.81,Y,Y,R,1.0,UpUp
3/29/00,24.564,0.99,25.3,34.4,0.74,Y,R,R,0.91,DnDn
3/30/00,23.945,0.95,24.1,38.2,0.63,Y,R,R,0.8,DnDn
3/31/00,24.37,0.98,27.8,36.3,0.77,Y,Y,Y,0.79,DnDn
4/3/00,23.321,0.92,25.5,39.7,0.64,R,R,R,0.69,DnDn
4/4/00,22.742,0.86,22.5,45.9,0.49,R,R,R,0.63,DnDn
4/5/00,22.981,0.88,23.9,44.5,0.54,Y,Y,Y,0.58,DnDn
4/6/00,23.547,0.92,26.0,41.2,0.63,Y,Y,Y,0.59,DnDn
4/7/00,23.984,0.94,27.3,38.2,0.71,Y,Y,Y,0.67,DnDn
4/10/00,23.226,0.91,25.4,42.2,0.6,R,R,R,0.58,DnDn
4/11/00,22.764,0.89,25.6,45.6,0.56,Y,Y,Y,0.55,UpDn
4/12/00,21.928,0.84,24.9,49.8,0.5,R,R,R,0.45,DnDn
4/13/00,21.556,0.82,24.0,51.9,0.46,R,R,R,0.41,DnDn
4/14/00,20.124,0.71,17.6,59.6,0.3,R,R,R,0.33,DnDn
4/17/00,20.222,0.75,18.0,54.9,0.33,Y,Y,Y,0.31,DnDn
4/18/00,21.219,0.82,21.3,52.1,0.41,Y,Y,Y,0.36,DnDn
4/19/00,21.188,0.83,21.5,52.0,0.41,R,Y,Y,0.3,DnDn
4/20/00,21.142,0.84,22.5,51.4,0.44,R,Y,Y,0.29,DnDn
4/24/00,20.721,0.8,18.2,53.8,0.34,Y,Y,Y,0.25,UpDn
4/25/00,21.513,0.85,21.9,50.8,0.43,G,Y,Y,0.41,UpDn
4/26/00,21.323,0.84,22.1,51.0,0.43,Y,Y,Y,0.39,UpDn
4/27/00,21.584,0.85,22.7,50.0,0.45,Y,Y,Y,0.46,UpDn
4/28/00,21.905,0.88,24.5,48.4,0.51,Y,Y,Y,0.54,UpDn
5/1/00,22.355,0.86,24.2,46.4,0.52,G,Y,Y,0.59,UpDn
5/2/00,21.876,0.84,22.5,47.9,0.47,Y,R,Y,0.63,UpDn
5/3/00,21.451,0.8,20.0,50.6,0.4,Y,R,R,0.64,UpDn
5/4/00,21.63,0.82,21.2,49.2,0.43,G,Y,Y,0.73,UpDn
5/5/00,21.936,0.84,22.6,48.2,0.47,G,Y,Y,0.81,UpDn
5/8/00,21.584,0.82,21.6,48.8,0.44,Y,R,R,0.83,DnDn
5/9/00,21.247,0.81,21.2,50.3,0.42,R,R,R,0.79,DnDn
5/10/00,20.592,0.77,19.2,53.5,0.36,R,R,R,0.69,DnDn
5/11/00,21.016,0.8,22.2,51.7,0.43,Y,Y,Y,0.72,DnDn
5/12/00,21.149,0.81,22.3,50.7,0.44,Y,Y,Y,0.7,DnDn
5/15/00,21.432,0.83,23.3,48.1,0.48,Y,Y,Y,0.74,DnDn
5/16/00,21.751,0.85,24.4,46.6,0.52,Y,Y,Y,0.79,UpDn
5/17/00,21.496,0.83,22.8,47.9,0.48,Y,Y,Y,0.76,UpDn
5/18/00,21.221,0.82,22.3,49.1,0.45,Y,Y,Y,0.74,UpDn
5/19/00,20.722,0.79,20.7,51.2,0.4,R,R,R,0.67,DnDn
5/22/00,20.462,0.77,18.5,52.2,0.35,R,R,R,0.63,DnDn
5/23/00,19.979,0.75,18.2,53.7,0.34,R,R,R,0.59,DnDn
5/24/00,20.083,0.74,18.4,55.1,0.33,Y,R,R,0.58,DnDn
5/25/00,19.863,0.73,17.3,55.7,0.31,R,R,R,0.55,DnDn
5/26/00,19.833,0.73,17.5,56.4,0.31,R,Y,Y,0.53,DnDn
5/30/00,20.601,0.79,19.7,50.9,0.39,Y,Y,Y,0.63,UpDn
5/31/00,20.557,0.79,20.3,50.9,0.4,Y,Y,Y,0.62,UpDn
6/1/00,21.127,0.83,22.2,47.9,0.46,Y,Y,Y,0.74,UpDn
6/2/00,21.91,0.89,26.1,43.9,0.59,Y,Y,Y,0.89,UpDn
6/5/00,21.94,0.87,22.1,41.4,0.53,G,Y,Y,0.92,UpDn
6/6/00,21.817,0.87,22.3,41.7,0.53,Y,Y,Y,0.96,UpDn
6/7/00,22.02,0.89,23.4,40.8,0.57,G,Y,Y,1.03,UpUp
6/8/00,21.979,0.89,23.1,41.2,0.56,Y,Y,Y,1.05,UpUp
6/9/00,22.171,0.91,24.8,39.5,0.63,G,Y,Y,1.12,UpUp
6/12/00,21.844,0.9,22.7,38.1,0.6,Y,Y,Y,1.1,DnUp
6/13/00,22.02,0.91,24.4,37.8,0.65,G,Y,Y,1.15,UpUp
6/14/00,21.938,0.91,24.6,38.3,0.65,Y,Y,Y,1.16,DnUp
6/15/00,21.939,0.9,24.5,39.1,0.63,Y,Y,Y,1.22,DnUp
6/16/00,21.894,0.9,24.2,39.9,0.61,Y,Y,R,1.22,DnUp
6/19/00,22.18,0.94,24.8,35.6,0.7,G,Y,Y,1.24,UpUp
6/20/00,22.225,0.94,24.3,36.2,0.67,G,Y,Y,1.22,UpUp
6/21/00,22.327,0.95,24.5,36.5,0.67,G,Y,Y,1.25,UpUp
6/22/00,21.955,0.93,22.5,38.4,0.59,Y,Y,R,1.17,UpUp
6/23/00,21.781,0.92,22.5,39.2,0.57,R,Y,R,1.14,DnUp
6/26/00,21.988,0.96,23.3,35.2,0.66,Y,Y,Y,1.18,DnUp
6/27/00,21.866,0.95,22.9,36.4,0.63,Y,Y,R,1.28,DnUp
6/28/00,22.173,0.97,25.3,35.4,0.71,Y,Y,Y,1.35,DnUp
6/29/00,22.068,0.96,24.9,36.7,0.68,Y,Y,Y,1.31,UpUp
6/30/00,22.131,0.97,25.3,37.0,0.68,Y,Y,Y,1.33,UpUp
7/3/00,22.343,1.03,26.9,30.1,0.89,G,G,Y,1.4,UpUp
7/5/00,22.001,1.01,25.8,33.0,0.78,R,Y,Y,1.44,DnUp
7/6/00,22.18,1.02,27.3,31.9,0.86,G,G,Y,1.45,UpUp
7/7/00,22.424,1.04,29.4,31.4,0.94,G,G,Y,1.51,UpUp
7/10/00,22.477,1.02,27.8,30.7,0.91,G,Y,Y,1.5,UpUp
7/11/00,22.489,1.02,28.3,30.6,0.92,G,Y,Y,1.48,UpUp
7/12/00,22.869,1.05,30.7,29.4,1.04,Y,G,G,1.53,UpUp
7/13/00,22.985,1.06,30.7,29.4,1.04,G,G,Y,1.57,C/Up
7/14/00,23.115,1.07,31.9,28.5,1.12,G,G,G,1.69,UpUp
7/17/00,23.248,1.06,30.2,27.1,1.11,G,Y,Y,1.72,UpUp
7/18/00,22.935,1.05,29.1,28.2,1.03,Y,Y,Y,1.67,UpUp
7/19/00,22.604,1.02,27.0,30.9,0.87,R,Y,R,1.61,DnUp
7/20/00,22.897,1.03,28.9,30.3,0.95,Y,Y,R,1.64,DnUp
7/21/00,22.557,1.01,26.6,32.8,0.81,Y,Y,R,1.61,DnUp
7/24/00,22.23,0.99,23.8,32.9,0.72,Y,R,R,1.5,DnUp
7/25/00,22.23,0.99,24.5,33.8,0.72,Y,R,R,1.46,DnUp
7/26/00,22.075,0.97,24.0,36.0,0.67,R,R,R,1.36,DnUp
7/27/00,21.652,0.93,22.5,39.2,0.57,R,R,R,1.17,DnUp
7/28/00,21.15,0.89,19.1,43.1,0.44,R,R,R,0.94,C/Dn
7/31/00,21.411,0.93,21.2,38.5,0.55,Y,Y,Y,0.85,DnDn
8/1/00,21.336,0.93,21.7,39.5,0.55,R,Y,Y,0.75,DnDn
8/2/00,21.364,0.93,22.4,39.0,0.57,Y,Y,Y,0.69,DnDn
8/3/00,21.455,0.93,22.5,40.4,0.56,Y,R,R,0.63,DnDn
8/4/00,21.648,0.94,24.7,39.5,0.63,Y,Y,Y,0.66,UpDn
8/7/00,21.94,0.96,24.6,36.9,0.67,G,Y,Y,0.73,UpDn
8/8/00,21.923,0.96,25.2,37.5,0.67,Y,Y,Y,0.78,UpDn
8/9/00,21.859,0.95,25.1,37.9,0.66,Y,Y,Y,0.85,UpDn
8/10/00,21.674,0.94,24.4,38.7,0.63,Y,Y,Y,0.86,UpDn
8/11/00,21.867,0.96,26.6,37.8,0.7,G,Y,Y,0.88,UpDn
8/14/00,22.078,0.97,26.4,35.7,0.74,G,Y,Y,0.92,UpDn
8/15/00,22.023,0.97,26.4,36.0,0.73,Y,Y,Y,0.95,UpDn
8/16/00,22.067,0.97,27.4,36.0,0.76,G,Y,Y,0.98,UpDn
8/17/00,22.274,0.98,28.6,35.3,0.81,G,Y,Y,1.01,UpUp
8/18/00,22.257,0.99,28.3,35.3,0.8,Y,Y,Y,1.06,UpUp
8/21/00,22.278,0.96,24.7,34.4,0.72,G,R,R,1.07,UpUp
8/22/00,22.309,0.97,25.4,34.7,0.73,G,Y,Y,1.06,UpUp
8/23/00,22.37,0.97,26.0,35.1,0.74,G,Y,Y,1.06,UpUp
8/24/00,22.526,0.98,26.9,34.5,0.78,G,Y,Y,1.09,UpUp
8/25/00,22.574,1.0,27.9,33.7,0.83,G,G,Y,1.12,UpUp
8/28/00,22.639,0.99,26.2,31.8,0.82,G,Y,Y,1.15,UpUp
8/29/00,22.69,1.0,27.0,31.8,0.85,G,G,Y,1.17,UpUp
8/30/00,22.756,1.01,27.4,31.6,0.87,G,G,Y,1.19,UpUp
8/31/00,23.038,1.03,29.6,30.0,0.99,G,G,Y,1.25,UpUp
9/1/00,23.206,1.05,31.0,28.8,1.08,G,G,G,1.26,C/Up
9/5/00,23.042,1.03,28.2,27.8,1.01,Y,Y,Y,1.21,UpUp
9/6/00,22.797,1.02,28.2,29.0,0.97,Y,Y,Y,1.15,UpUp
9/7/00,23.007,1.04,29.5,28.4,1.04,Y,G,G,1.21,DnUp
9/8/00,22.721,1.02,28.5,30.4,0.94,Y,Y,R,1.19,DnUp
9/11/00,22.573,1.01,27.2,29.0,0.94,Y,Y,R,1.06,DnUp
9/12/00,22.464,1.0,27.0,30.2,0.89,R,Y,R,1.02,DnUp
9/13/00,22.53,1.0,27.4,30.8,0.89,Y,Y,Y,1.01,DnUp
9/14/00,22.674,1.02,28.2,30.4,0.93,Y,Y,Y,1.04,DnUp
9/15/00,22.437,1.0,27.1,32.4,0.84,R,Y,R,0.97,C/Dn
9/18/00,21.923,0.94,20.9,33.4,0.63,R,R,R,0.88,DnDn
9/19/00,22.177,0.95,22.4,33.2,0.67,Y,R,Y,0.82,DnDn
9/20/00,22.125,0.94,21.9,35.2,0.62,R,R,R,0.84,DnDn
9/21/00,21.885,0.92,20.5,37.2,0.55,R,R,R,0.79,DnDn
9/22/00,22.003,0.92,20.9,38.5,0.54,Y,Y,R,0.77,DnDn
9/25/00,21.94,0.92,19.4,37.4,0.52,Y,R,R,0.77,UpDn
9/26/00,21.753,0.9,18.6,39.8,0.47,R,R,R,0.73,DnDn
9/27/00,21.658,0.89,18.9,41.7,0.45,R,R,R,0.69,DnDn
9/28/00,22.131,0.92,21.5,39.4,0.55,Y,Y,Y,0.76,UpDn
9/29/00,21.964,0.92,22.6,39.7,0.57,R,Y,Y,0.82,DnDn
10/2/00,21.662,0.89,19.2,39.8,0.48,R,R,R,0.75,DnDn
10/3/00,21.371,0.87,18.4,41.6,0.44,R,R,R,0.65,DnDn
10/4/00,21.466,0.87,18.4,42.2,0.44,Y,Y,Y,0.62,DnDn
10/5/00,21.3,0.86,17.8,43.9,0.41,R,R,R,0.6,DnDn
10/6/00,20.767,0.82,15.4,47.3,0.33,R,R,R,0.56,DnDn
10/9/00,20.712,0.83,14.7,46.2,0.32,R,Y,R,0.55,DnDn
10/10/00,20.377,0.81,14.2,48.7,0.29,R,R,R,0.52,DnDn
10/11/00,20.066,0.78,13.1,52.2,0.25,R,R,R,0.48,DnDn
10/12/00,19.584,0.74,11.4,56.5,0.2,R,R,R,0.43,DnDn
10/13/00,20.23,0.78,13.3,52.9,0.25,Y,Y,Y,0.47,DnDn
10/16/00,20.302,0.8,12.7,50.3,0.25,Y,Y,Y,0.5,DnDn
10/17/00,19.901,0.77,11.0,54.1,0.2,R,R,R,0.47,DnDn
10/18/00,19.667,0.75,10.8,56.7,0.19,R,R,R,0.43,DnDn
10/19/00,20.309,0.8,13.4,51.8,0.26,Y,Y,Y,0.48,UpDn
10/20/00,20.569,0.83,14.7,49.9,0.29,G,Y,Y,0.53,UpDn
10/23/00,20.597,0.83,13.4,48.0,0.28,G,Y,Y,0.56,UpDn
10/24/00,20.515,0.83,13.6,48.1,0.28,Y,Y,Y,0.59,UpDn
10/25/00,19.935,0.79,12.2,52.2,0.23,Y,Y,Y,0.56,UpDn
10/26/00,20.009,0.8,12.8,51.9,0.25,Y,Y,Y,0.56,DnDn
10/27/00,20.093,0.81,14.3,50.8,0.28,Y,Y,Y,0.59,DnDn
10/30/00,20.074,0.82,14.5,48.4,0.3,Y,Y,Y,0.61,DnDn
10/31/00,20.674,0.87,18.2,44.1,0.41,G,Y,Y,0.75,UpDn
11/1/00,20.632,0.87,18.0,43.8,0.41,Y,Y,Y,0.81,UpDn
11/2/00,20.973,0.9,20.6,41.6,0.5,G,Y,Y,0.9,UpDn
11/3/00,21.038,0.91,21.2,41.3,0.51,G,Y,Y,0.95,UpDn
11/6/00,20.985,0.89,18.9,40.1,0.47,Y,Y,Y,0.96,UpDn
11/7/00,20.979,0.89,19.7,40.4,0.49,Y,Y,Y,0.97,UpDn
11/8/00,20.621,0.87,18.9,42.6,0.44,R,Y,Y,0.88,DnDn
11/9/00,20.388,0.84,18.2,45.4,0.4,Y,R,R,0.8,DnDn
11/10/00,19.888,0.81,15.7,49.0,0.32,Y,R,R,0.68,DnDn
11/13/00,19.6,0.79,15.0,47.5,0.32,R,R,Y,0.6,DnDn
11/14/00,20.063,0.82,17.1,44.2,0.39,Y,Y,Y,0.63,DnDn
11/15/00,20.186,0.83,18.2,43.9,0.41,Y,Y,Y,0.67,DnDn
11/16/00,19.798,0.8,17.3,46.7,0.37,R,R,R,0.63,DnDn
11/17/00,19.745,0.8,18.0,47.1,0.38,R,Y,Y,0.6,DnDn
11/20/00,19.269,0.77,14.9,48.3,0.31,R,R,R,0.54,DnDn
11/21/00,19.166,0.75,14.7,49.8,0.3,R,R,R,0.5,DnDn
11/22/00,18.761,0.72,13.4,52.5,0.26,R,R,R,0.46,DnDn
11/24/00,19.206,0.75,15.5,50.4,0.31,Y,Y,Y,0.47,DnDn
11/27/00,19.211,0.77,15.8,46.9,0.34,Y,Y,Y,0.48,DnDn
11/28/00,18.757,0.74,14.7,50.5,0.29,R,R,Y,0.44,DnDn
11/29/00,18.642,0.72,15.1,52.6,0.29,R,Y,Y,0.42,DnDn
11/30/00,18.302,0.69,14.3,56.1,0.26,R,R,Y,0.4,DnDn
12/1/00,18.594,0.72,16.0,53.9,0.3,Y,Y,Y,0.43,DnDn
12/4/00,18.537,0.73,15.7,52.3,0.3,R,Y,Y,0.45,DnDn
12/5/00,19.348,0.78,18.9,48.4,0.39,Y,Y,Y,0.59,UpDn
12/6/00,19.081,0.77,17.6,49.5,0.36,Y,Y,Y,0.61,UpDn
12/7/00,18.986,0.76,17.8,50.8,0.35,Y,Y,Y,0.61,UpDn
12/8/00,19.602,0.81,21.5,47.2,0.46,G,Y,Y,0.77,UpDn
12/11/00,19.894,0.81,21.4,44.7,0.48,Y,Y,Y,0.9,UpDn
12/12/00,19.614,0.8,20.1,46.4,0.43,Y,Y,Y,0.9,UpDn
12/13/00,19.309,0.78,18.9,47.8,0.4,Y,Y,Y,0.83,UpDn
12/14/00,18.987,0.75,17.3,49.6,0.35,Y,R,Y,0.74,DnDn
12/15/00,18.731,0.73,16.7,51.3,0.32,Y,R,R,0.64,DnDn
12/18/00,18.795,0.77,19.1,48.6,0.39,Y,Y,Y,0.62,DnDn
12/19/00,18.537,0.75,19.2,50.4,0.38,R,R,R,0.58,DnDn
12/20/00,17.885,0.7,16.0,55.0,0.29,R,R,R,0.49,DnDn
12/21/00,17.901,0.7,17.8,54.8,0.32,Y,R,Y,0.45,DnDn
12/22/00,18.463,0.74,20.5,52.2,0.39,Y,Y,Y,0.49,DnDn
12/26/00,18.539,0.76,21.2,50.0,0.42,Y,Y,Y,0.53,DnDn
12/27/00,18.865,0.79,24.3,48.6,0.5,Y,Y,Y,0.62,UpDn
12/28/00,19.186,0.83,27.5,46.5,0.59,G,Y,Y,0.73,UpDn
12/29/00,18.985,0.84,27.3,45.4,0.6,Y,Y,Y,0.76,UpDn
1/2/01,18.291,0.79,22.8,47.8,0.48,R,Y,Y,0.65,DnDn
1/3/01,19.142,0.89,28.0,39.1,0.72,G,Y,Y,0.77,UpDn
1/4/01,18.912,0.9,27.1,38.2,0.71,Y,Y,Y,0.81,DnDn
1/5/01,18.434,0.88,25.7,39.5,0.65,R,Y,Y,0.77,DnDn
1/8/01,18.34,0.86,24.5,40.0,0.62,Y,Y,Y,0.74,UpDn
1/9/01,18.415,0.88,25.8,38.5,0.67,Y,Y,Y,0.75,UpDn
1/10/01,18.725,0.91,28.2,36.0,0.78,Y,Y,Y,0.82,DnDn
1/11/01,19.073,0.96,31.3,32.6,0.96,G,Y,Y,0.96,UpDn
1/12/01,19.128,0.99,31.5,30.9,1.02,Y,Y,G,1.05,UpUp
1/16/01,19.283,1.0,32.3,26.8,1.21,G,Y,G,1.14,UpUp
1/17/01,19.412,1.02,33.0,24.6,1.34,G,G,G,1.2,UpUp
1/18/01,19.573,1.04,34.2,23.8,1.43,G,G,G,1.26,C/Up
1/19/01,19.508,1.04,33.7,23.3,1.45,Y,Y,G,1.28,UpUp
1/22/01,19.545,1.04,33.4,21.2,1.57,G,Y,G,1.31,UpUp
1/23/01,19.899,1.07,36.4,19.3,1.88,G,G,G,1.41,UpUp
1/24/01,19.967,1.08,37.2,18.3,2.03,G,G,G,1.49,UpUp
1/25/01,19.801,1.07,36.4,20.0,1.82,Y,Y,Y,1.46,UpUp
1/26/01,19.816,1.07,36.3,19.5,1.85,G,Y,G,1.46,UpUp
1/29/01,20.05,1.09,37.4,16.6,2.25,G,G,G,1.55,UpUp
1/30/01,20.164,1.11,39.1,15.9,2.46,G,G,G,1.64,UpUp
1/31/01,20.069,1.11,38.9,16.7,2.33,Y,Y,Y,1.65,UpUp
2/1/01,20.081,1.11,40.0,17.0,2.35,G,Y,G,1.64,UpUp
2/2/01,19.774,1.08,38.0,18.5,2.06,Y,Y,Y,1.53,DnUp
2/5/01,19.747,1.09,37.1,16.5,2.25,Y,Y,Y,1.51,DnUp
2/6/01,19.841,1.09,37.7,16.6,2.27,Y,Y,Y,1.51,DnUp
2/7/01,19.724,1.08,37.0,18.0,2.05,R,Y,Y,1.45,DnUp
2/8/01,19.592,1.07,36.5,19.4,1.88,Y,Y,Y,1.38,DnUp
2/9/01,19.385,1.04,34.5,21.3,1.62,R,Y,Y,1.28,DnUp
2/12/01,19.54,1.08,36.4,18.0,2.02,Y,Y,Y,1.32,DnUp
2/13/01,19.419,1.06,35.8,19.4,1.85,R,Y,Y,1.3,DnUp
2/14/01,19.461,1.06,35.7,20.0,1.78,Y,Y,Y,1.28,DnUp
2/15/01,19.654,1.08,37.4,19.3,1.94,G,G,G,1.31,UpUp
2/16/01,19.284,1.04,34.2,22.5,1.52,R,Y,Y,1.22,DnUp
2/20/01,18.956,1.02,31.3,22.6,1.39,R,Y,Y,1.12,DnUp
2/21/01,18.647,0.98,27.9,27.1,1.03,R,R,Y,0.97,DnDn
2/22/01,18.476,0.95,25.6,29.5,0.86,Y,R,R,0.84,DnDn
2/23/01,18.444,0.94,24.4,30.1,0.81,R,R,R,0.76,C/Dn
2/26/01,18.756,1.0,28.6,25.3,1.13,Y,Y,Y,0.83,DnDn
2/27/01,18.48,0.97,27.0,28.4,0.95,R,R,R,0.8,DnDn
2/28/01,18.298,0.96,26.9,30.0,0.9,R,R,R,0.75,DnDn
3/1/01,18.275,0.94,26.2,32.2,0.81,R,R,R,0.72,DnDn
3/2/01,18.295,0.96,27.8,31.4,0.89,Y,Y,Y,0.72,DnDn
3/5/01,18.344,0.95,26.1,31.0,0.84,Y,R,R,0.72,DnDn
3/6/01,18.545,0.97,27.6,29.2,0.94,Y,Y,Y,0.77,UpDn
3/7/01,18.647,0.99,29.4,28.8,1.02,Y,Y,G,0.82,UpDn
3/8/01,18.557,0.98,29.4,30.2,0.97,Y,Y,R,0.83,UpDn
3/9/01,18.225,0.94,27.2,33.2,0.82,R,R,R,0.76,DnDn
3/12/01,17.619,0.87,19.5,39.1,0.5,R,R,R,0.65,DnDn
3/13/01,17.739,0.88,19.7,38.2,0.51,Y,Y,Y,0.63,DnDn
3/14/01,17.389,0.84,16.2,42.5,0.38,R,R,R,0.59,DnDn
3/15/01,17.371,0.84,15.9,42.5,0.37,R,Y,R,0.56,DnDn
3/16/01,17.025,0.81,14.4,45.8,0.31,R,R,R,0.52,DnDn
3/19/01,17.274,0.84,15.6,42.6,0.37,Y,Y,Y,0.53,DnDn
3/20/01,17.011,0.82,15.0,44.8,0.33,R,R,R,0.51,DnDn
3/21/01,16.708,0.79,13.3,48.7,0.27,R,R,R,0.47,DnDn
3/22/01,16.585,0.76,11.4,52.8,0.22,R,R,R,0.44,DnDn
3/23/01,16.881,0.8,13.1,48.7,0.27,Y,Y,Y,0.46,DnDn
3/26/01,17.049,0.8,12.0,45.8,0.26,Y,Y,R,0.48,DnDn
3/27/01,17.293,0.82,14.3,43.3,0.33,Y,Y,Y,0.52,UpDn
3/28/01,16.903,0.79,12.6,47.5,0.27,Y,Y,Y,0.5,UpDn
3/29/01,16.816,0.78,13.5,49.2,0.27,Y,Y,Y,0.48,UpDn
3/30/01,17.05,0.82,17.0,46.0,0.37,G,Y,Y,0.53,UpDn
4/2/01,16.751,0.76,12.1,50.0,0.24,R,R,R,0.53,DnDn
4/3/01,16.252,0.71,9.9,55.3,0.18,Y,R,R,0.48,DnDn
4/4/01,16.187,0.7,9.7,56.1,0.17,Y,R,R,0.47,DnDn
4/5/01,16.81,0.76,12.5,50.2,0.25,Y,Y,Y,0.54,DnDn
4/6/01,16.528,0.74,11.0,53.2,0.21,Y,R,R,0.55,DnDn
4/9/01,16.688,0.76,11.4,49.3,0.23,Y,Y,Y,0.58,DnDn
4/10/01,17.109,0.8,14.5,45.2,0.32,Y,Y,Y,0.69,UpDn
4/11/01,17.119,0.8,13.8,44.7,0.31,Y,Y,Y,0.76,UpDn
4/12/01,17.362,0.83,15.8,42.3,0.37,Y,Y,Y,0.86,UpDn
4/16/01,17.245,0.81,13.4,42.1,0.32,Y,Y,Y,0.88,UpDn
4/17/01,17.374,0.82,15.2,41.3,0.37,G,Y,Y,0.92,UpDn
4/18/01,17.95,0.88,18.4,35.4,0.52,G,Y,Y,1.03,UpUp
4/19/01,18.177,0.9,20.9,33.8,0.62,G,Y,Y,1.12,UpUp
4/20/01,18.039,0.9,19.9,34.4,0.58,Y,Y,Y,1.13,UpUp
4/23/01,17.781,0.87,16.5,33.7,0.49,Y,Y,Y,1.07,UpUp
4/24/01,17.72,0.87,17.5,34.1,0.51,Y,Y,Y,1.03,UpUp
4/25/01,17.985,0.9,20.5,32.1,0.64,G,Y,Y,1.08,UpUp
4/26/01,18.091,0.92,22.9,31.2,0.73,Y,Y,Y,1.14,DnUp
4/27/01,18.323,0.94,26.0,29.6,0.88,G,Y,Y,1.19,UpUp
4/30/01,18.434,0.98,26.1,24.1,1.08,G,Y,G,1.25,C/Up
5/1/01,18.609,1.0,28.9,23.5,1.23,G,Y,G,1.31,UpUp
5/2/01,18.683,1.02,30.2,22.5,1.34,G,G,G,1.34,UpUp
5/3/01,18.495,1.0,27.6,23.8,1.16,Y,Y,Y,1.28,UpUp
5/4/01,18.659,1.03,31.5,22.3,1.42,G,G,G,1.33,UpUp
5/7/01,18.615,1.02,30.1,19.9,1.51,Y,Y,G,1.36,UpUp
5/8/01,18.662,1.03,30.9,19.6,1.58,G,G,G,1.38,UpUp
5/9/01,18.616,1.03,30.5,20.5,1.49,Y,Y,Y,1.36,DnUp
5/10/01,18.634,1.04,31.3,20.3,1.54,G,G,G,1.36,UpUp
5/11/01,18.545,1.03,30.0,21.2,1.42,Y,Y,Y,1.32,DnUp
5/14/01,18.502,1.01,30.2,21.9,1.38,Y,Y,Y,1.29,DnUp
5/15/01,18.58,1.03,31.7,21.7,1.46,Y,Y,Y,1.3,DnUp
5/16/01,18.932,1.05,35.3,21.1,1.67,Y,G,G,1.36,UpUp
5/17/01,19.14,1.08,37.6,20.3,1.85,G,G,G,1.43,UpUp
5/18/01,19.196,1.08,38.4,19.8,1.94,Y,Y,G,1.47,UpUp
5/21/01,19.555,1.15,42.0,14.5,2.9,Y,G,G,1.69,UpUp
5/22/01,19.586,1.16,43.3,14.1,3.07,Y,G,G,1.83,UpUp
5/23/01,19.295,1.14,40.5,14.9,2.72,Y,Y,Y,1.78,UpUp
5/24/01,19.391,1.15,41.4,14.7,2.82,G,G,G,1.79,UpUp
5/25/01,19.296,1.15,40.8,14.8,2.76,Y,Y,Y,1.78,UpUp
5/29/01,19.087,1.12,37.9,14.1,2.69,Y,Y,Y,1.73,DnUp
5/30/01,18.756,1.07,32.1,16.9,1.9,Y,Y,Y,1.53,DnUp
5/31/01,18.889,1.09,34.5,16.4,2.1,Y,Y,Y,1.48,DnUp
6/1/01,19.016,1.11,35.9,15.6,2.3,Y,Y,Y,1.5,DnUp
6/4/01,19.105,1.13,38.4,14.1,2.72,Y,G,G,1.6,UpUp
6/5/01,19.375,1.16,41.8,13.4,3.12,Y,G,G,1.75,UpUp
6/6/01,19.249,1.15,39.6,14.3,2.77,Y,Y,Y,1.74,UpUp
6/7/01,19.346,1.16,40.4,14.2,2.85,Y,G,G,1.75,UpUp
6/8/01,19.222,1.15,39.6,14.7,2.69,Y,Y,Y,1.71,UpUp
6/11/01,19.053,1.13,35.6,14.6,2.44,R,Y,Y,1.63,DnUp
6/12/01,19.021,1.12,35.9,15.5,2.32,Y,Y,Y,1.56,DnUp
6/13/01,18.916,1.11,34.7,16.5,2.1,Y,Y,Y,1.47,DnUp
6/14/01,18.564,1.06,29.7,19.9,1.49,Y,Y,Y,1.28,DnUp
6/15/01,18.503,1.05,29.3,20.9,1.4,Y,Y,Y,1.18,DnUp
6/18/01,18.325,1.03,26.3,22.7,1.16,R,Y,Y,1.05,DnUp
6/19/01,18.287,1.01,25.4,24.0,1.06,R,Y,Y,0.97,DnDn
6/20/01,18.42,1.02,27.2,24.3,1.12,Y,Y,Y,0.95,DnDn
6/21/01,18.508,1.03,28.7,24.8,1.16,Y,Y,Y,0.95,DnDn
6/22/01,18.363,1.01,27.3,25.5,1.07,R,Y,Y,0.91,DnDn
6/25/01,18.316,1.01,25.1,25.3,0.99,R,Y,R,0.87,C/Dn
6/26/01,18.379,1.02,26.1,25.0,1.04,Y,G,Y,0.87,UpDn
6/27/01,18.419,1.03,27.3,25.0,1.09,Y,G,Y,0.88,DnDn
6/28/01,18.602,1.05,29.4,23.8,1.24,Y,G,G,0.94,UpDn
6/29/01,18.884,1.1,34.4,22.8,1.51,Y,G,G,1.06,UpUp
7/2/01,18.778,1.03,26.5,23.9,1.11,Y,Y,Y,1.04,UpUp
7/3/01,18.747,1.03,26.3,24.1,1.09,Y,Y,Y,1.03,UpUp
7/5/01,18.58,1.01,25.1,26.2,0.96,Y,Y,R,0.98,DnDn
7/6/01,18.26,0.97,22.7,29.0,0.78,Y,R,R,0.88,DnDn
7/9/01,18.311,0.97,21.5,28.7,0.75,Y,R,R,0.83,DnDn
7/10/01,18.095,0.95,19.8,31.3,0.63,Y,R,R,0.77,DnDn
7/11/01,18.031,0.93,19.1,33.1,0.58,Y,R,R,0.72,DnDn
7/12/01,18.389,0.97,22.7,29.9,0.76,Y,Y,Y,0.77,DnDn
7/13/01,18.459,0.98,23.7,29.7,0.8,Y,Y,Y,0.82,UpDn
7/16/01,18.251,0.94,19.4,30.6,0.63,R,R,R,0.79,DnDn
7/17/01,18.428,0.95,21.5,30.0,0.72,Y,Y,Y,0.81,UpDn
7/18/01,18.28,0.93,21.1,32.3,0.65,Y,Y,Y,0.79,UpDn
7/19/01,18.376,0.95,22.4,31.6,0.71,Y,Y,Y,0.81,DnDn
7/20/01,18.356,0.94,22.6,32.0,0.71,Y,R,Y,0.81,DnDn
7/23/01,18.18,0.91,18.8,32.6,0.58,R,R,R,0.77,DnDn
7/24/01,17.914,0.89,16.9,35.6,0.48,Y,R,R,0.71,DnDn
7/25/01,18.051,0.9,17.9,34.7,0.52,Y,Y,Y,0.71,DnDn
7/26/01,18.257,0.91,19.5,33.7,0.58,Y,Y,Y,0.76,DnDn
7/27/01,18.315,0.92,19.8,33.1,0.6,Y,Y,Y,0.81,DnDn
7/30/01,18.306,0.92,18.6,31.5,0.59,Y,Y,Y,0.83,UpDn
7/31/01,18.357,0.92,19.4,31.8,0.61,Y,Y,Y,0.86,UpDn
8/1/01,18.475,0.94,20.3,31.0,0.65,Y,Y,Y,0.91,UpDn
8/2/01,18.511,0.94,20.9,30.7,0.68,Y,Y,Y,0.95,UpDn
8/3/01,18.454,0.94,20.8,31.3,0.66,Y,Y,Y,0.95,UpDn
8/6/01,18.29,0.91,16.4,31.5,0.52,Y,R,R,0.9,DnDn
8/7/01,18.274,0.91,16.7,31.9,0.52,Y,Y,Y,0.87,DnDn
8/8/01,18.022,0.88,15.6,34.8,0.45,Y,R,R,0.8,DnDn
8/9/01,18.023,0.88,16.4,35.2,0.47,Y,Y,Y,0.77,DnDn
8/10/01,18.065,0.88,17.3,35.0,0.49,Y,Y,Y,0.77,DnDn
8/13/01,18.133,0.9,17.1,31.9,0.54,Y,Y,Y,0.79,DnDn
8/14/01,18.157,0.9,18.1,32.1,0.56,Y,Y,Y,0.81,DnDn
8/15/01,18.089,0.9,18.7,33.1,0.56,Y,Y,Y,0.8,UpDn
8/16/01,18.114,0.9,19.5,33.5,0.58,Y,Y,Y,0.8,UpDn
8/17/01,17.911,0.88,18.3,35.9,0.51,R,Y,Y,0.76,DnDn
8/20/01,17.965,0.88,17.4,33.2,0.52,Y,Y,Y,0.75,DnDn
8/21/01,17.823,0.87,16.7,34.9,0.48,R,R,R,0.72,DnDn
8/22/01,17.945,0.88,17.9,34.3,0.52,Y,Y,Y,0.73,DnDn
8/23/01,17.891,0.87,17.6,35.6,0.5,Y,R,R,0.73,DnDn
8/24/01,18.025,0.9,18.4,33.3,0.55,Y,Y,Y,0.77,UpDn
8/27/01,17.993,0.89,15.5,31.4,0.49,Y,Y,R,0.78,UpDn
8/28/01,17.807,0.87,14.5,33.4,0.43,R,Y,R,0.75,DnDn
8/29/01,17.712,0.86,14.1,34.7,0.41,R,R,R,0.72,DnDn
8/30/01,17.504,0.84,13.0,37.0,0.35,R,R,R,0.68,DnDn
8/31/01,17.545,0.85,13.5,36.2,0.37,Y,Y,Y,0.67,DnDn
9/4/01,17.47,0.86,13.1,34.2,0.38,R,Y,Y,0.66,DnDn
9/5/01,17.352,0.84,12.8,36.8,0.35,R,R,R,0.63,DnDn
9/6/01,17.08,0.82,11.6,41.0,0.28,R,R,R,0.59,DnDn
9/7/01,16.682,0.79,9.7,45.1,0.22,R,R,R,0.55,DnDn
9/10/01,16.591,0.79,8.6,44.6,0.19,R,Y,R,0.51,DnDn
9/13/01,16.57,0.79,8.4,44.8,0.19,R,Y,Y,0.51,DnDn
9/14/01,16.56,0.79,8.3,45.0,0.18,R,R,Y,0.49,DnDn
9/17/01,15.771,0.72,5.9,57.3,0.1,R,R,R,0.43,DnDn
9/18/01,15.576,0.71,5.6,60.1,0.09,R,R,R,0.4,DnDn
9/19/01,15.257,0.66,4.6,65.6,0.07,R,R,R,0.37,DnDn
9/20/01,14.781,0.62,3.5,72.0,0.05,R,R,R,0.34,DnDn
9/21/01,14.485,0.59,3.1,75.9,0.04,R,R,R,0.32,DnDn
9/24/01,14.927,0.69,3.9,66.3,0.06,Y,Y,Y,0.34,DnDn
9/25/01,15.0,0.7,4.5,64.9,0.07,Y,Y,Y,0.35,DnDn
9/26/01,14.855,0.69,5.0,66.2,0.08,R,Y,R,0.35,DnDn
9/27/01,14.96,0.7,5.9,65.0,0.09,Y,Y,Y,0.35,UpDn
9/28/01,15.329,0.76,8.5,59.4,0.14,Y,Y,Y,0.39,UpDn
10/1/01,15.18,0.73,6.1,60.2,0.1,Y,Y,Y,0.4,UpDn
10/2/01,15.316,0.74,7.2,58.5,0.12,Y,Y,Y,0.46,UpDn
10/3/01,15.657,0.78,8.9,55.0,0.16,Y,Y,Y,0.53,UpDn
10/4/01,15.757,0.8,8.9,52.8,0.17,G,Y,Y,0.58,UpDn
10/5/01,15.73,0.8,9.3,52.8,0.18,Y,Y,Y,0.61,UpDn
10/8/01,15.649,0.79,7.9,52.1,0.15,Y,Y,Y,0.71,UpDn
10/9/01,15.581,0.78,8.2,53.3,0.15,Y,Y,Y,0.74,UpDn
10/10/01,15.898,0.83,10.3,48.2,0.21,G,Y,Y,0.82,UpDn
10/11/01,16.197,0.87,11.9,43.4,0.27,G,Y,Y,0.91,UpDn
10/12/01,16.114,0.87,11.3,45.0,0.25,Y,Y,Y,0.94,UpDn
10/15/01,16.122,0.87,10.9,40.9,0.27,G,Y,Y,0.93,UpDn
10/16/01,16.267,0.89,12.9,38.6,0.33,G,Y,Y,0.97,UpDn
10/17/01,16.004,0.87,11.4,41.4,0.28,Y,Y,Y,0.91,UpDn
10/18/01,15.891,0.85,10.4,43.7,0.24,Y,R,R,0.84,DnDn
10/19/01,15.98,0.87,12.0,42.9,0.28,Y,Y,Y,0.82,DnDn
10/22/01,16.163,0.91,13.5,35.3,0.38,G,Y,Y,0.89,UpDn
10/23/01,16.123,0.91,13.5,35.7,0.38,Y,Y,Y,0.91,DnDn
10/24/01,16.162,0.92,14.1,35.3,0.4,G,Y,Y,0.91,UpDn
10/25/01,16.364,0.94,17.0,33.9,0.5,Y,Y,Y,0.99,UpDn
10/26/01,16.451,0.96,18.4,32.6,0.56,Y,Y,Y,1.06,UpUp
10/29/01,16.172,0.92,14.1,33.4,0.42,Y,Y,Y,0.99,UpDn
10/30/01,15.942,0.89,12.6,36.6,0.34,R,R,R,0.9,DnDn
10/31/01,16.061,0.91,14.8,34.2,0.43,Y,Y,Y,0.89,DnDn
11/1/01,16.275,0.94,17.1,32.9,0.52,Y,Y,Y,0.95,DnDn
11/2/01,16.278,0.93,17.1,33.3,0.51,Y,R,R,0.99,DnDn
11/5/01,16.466,0.97,19.0,27.3,0.7,G,Y,Y,1.09,UpUp
11/6/01,16.622,0.99,21.5,26.8,0.8,Y,Y,Y,1.19,UpUp
11/7/01,16.612,0.99,21.8,26.9,0.81,Y,Y,Y,1.23,UpUp
11/8/01,16.582,1.0,22.5,26.9,0.84,Y,Y,Y,1.25,UpUp
11/9/01,16.572,1.0,22.6,26.8,0.84,Y,Y,Y,1.25,UpUp
11/12/01,16.594,1.0,22.2,24.0,0.93,G,Y,Y,1.27,UpUp
11/13/01,16.843,1.04,25.7,22.5,1.14,G,G,G,1.35,C/Up
11/14/01,16.916,1.05,26.9,22.2,1.21,G,G,G,1.41,UpUp
11/15/01,16.87,1.05,26.6,23.6,1.13,Y,Y,Y,1.41,UpUp
11/16/01,16.894,1.06,27.5,22.4,1.23,G,G,G,1.42,UpUp
11/19/01,17.067,1.09,29.0,18.5,1.57,G,G,G,1.49,UpUp
11/20/01,16.937,1.07,27.9,18.6,1.5,Y,Y,Y,1.48,UpUp
11/21/01,16.887,1.07,27.2,18.9,1.44,Y,Y,Y,1.44,DnUp
11/23/01,17.055,1.1,30.2,18.2,1.66,G,G,G,1.48,UpUp
11/26/01,17.185,1.12,31.9,16.1,1.98,G,G,G,1.56,UpUp
11/27/01,17.156,1.11,31.3,16.3,1.92,Y,Y,Y,1.57,UpUp
11/28/01,16.926,1.08,28.7,17.8,1.61,Y,Y,Y,1.46,UpUp
11/29/01,17.122,1.11,31.6,17.4,1.82,G,G,G,1.48,UpUp
11/30/01,17.115,1.1,31.4,17.6,1.78,Y,Y,Y,1.48,UpUp
12/3/01,17.004,1.09,30.1,16.7,1.81,Y,Y,Y,1.45,DnUp
12/4/01,17.263,1.12,33.5,16.5,2.03,G,G,G,1.52,UpUp
12/5/01,17.64,1.16,37.7,16.1,2.34,G,G,G,1.65,UpUp
12/6/01,17.685,1.17,38.4,16.1,2.39,G,G,G,1.74,UpUp
12/7/01,17.608,1.17,37.9,15.9,2.38,Y,Y,Y,1.76,UpUp
12/10/01,17.41,1.14,33.8,15.6,2.17,Y,Y,Y,1.68,UpUp
12/11/01,17.414,1.14,34.1,16.0,2.13,Y,Y,Y,1.62,UpUp
12/12/01,17.417,1.14,34.0,16.7,2.04,Y,Y,Y,1.58,DnUp
12/13/01,17.207,1.11,31.2,17.6,1.77,Y,Y,Y,1.47,DnUp
12/14/01,17.261,1.12,31.6,17.4,1.81,Y,Y,Y,1.43,DnUp
12/17/01,17.427,1.11,31.2,16.8,1.86,G,Y,Y,1.44,UpUp
12/18/01,17.575,1.12,32.7,17.2,1.9,G,Y,Y,1.48,UpUp
12/19/01,17.545,1.11,31.7,17.8,1.78,Y,Y,Y,1.47,UpUp
12/20/01,17.357,1.08,29.3,19.1,1.53,Y,Y,Y,1.38,UpUp
12/21/01,17.517,1.1,32.3,18.2,1.77,Y,Y,Y,1.4,UpUp
12/24/01,17.561,1.09,30.3,17.3,1.75,G,Y,Y,1.41,UpUp
12/26/01,17.675,1.1,31.9,17.4,1.83,G,Y,G,1.45,UpUp
12/27/01,17.776,1.12,33.3,16.7,1.99,G,G,G,1.51,UpUp
12/28/01,17.878,1.14,34.3,15.9,2.16,G,G,G,1.58,UpUp
12/31/01,17.786,1.12,31.0,14.2,2.18,Y,Y,G,1.59,UpUp
1/2/02,17.772,1.13,31.6,12.6,2.51,Y,G,G,1.64,UpUp
1/3/02,17.962,1.17,34.9,11.9,2.95,G,G,G,1.62,UpUp
1/4/02,18.093,1.2,37.2,11.5,3.25,G,G,G,1.71,UpUp
1/7/02,17.999,1.16,34.6,11.5,2.99,Y,Y,Y,1.64,UpUp
1/8/02,18.02,1.17,34.6,11.7,2.96,G,G,Y,1.61,UpUp
1/9/02,17.977,1.17,34.0,12.3,2.77,Y,Y,Y,1.57,UpUp
1/10/02,17.955,1.17,33.5,12.5,2.69,Y,Y,Y,1.54,UnUp
1/11/02,17.844,1.15,32.3,13.4,2.41,Y,Y,Y,1.49,DnUp
1/14/02,17.655,1.1,27.0,14.1,1.92,Y,Y,Y,1.42,DnUp
1/15/02,17.712,1.11,27.8,14.8,1.88,Y,Y,Y,1.38,DnUp
1/16/02,17.457,1.07,24.2,17.1,1.42,Y,Y,Y,1.26,DnUp
1/17/02,17.622,1.09,27.0,16.5,1.64,Y,Y,Y,1.24,DnUp
1/18/02,17.471,1.07,25.1,17.8,1.41,R,Y,Y,1.17,DnUp
1/21/02,17.472,1.05,23.5,17.3,1.37,Y,Y,Y,1.12,DnUp
1/22/02,17.337,1.04,22.1,18.3,1.21,R,Y,Y,1.05,DnUp
1/23/02,17.512,1.06,24.7,17.5,1.42,Y,Y,Y,1.07,UpUp
1/24/02,17.6,1.07,24.3,16.3,1.49,Y,Y,Y,1.11,DnUp
1/25/02,17.615,1.07,24.4,17.2,1.42,Y,Y,Y,1.12,UpUp
1/28/02,17.635,1.05,21.4,16.5,1.31,Y,Y,Y,1.11,UpUp
1/29/02,17.359,1.02,18.1,19.0,1.01,Y,Y,R,1.0,UpUp
1/30/02,17.489,1.02,22.1,20.3,1.09,Y,Y,Y,0.99,DnDn
1/31/02,17.662,1.05,24.9,19.5,1.28,Y,Y,Y,1.04,UpUp
2/1/02,17.605,1.04,24.4,20.1,1.21,Y,Y,Y,1.05,DnUp
2/4/02,17.306,0.98,19.1,23.2,0.82,Y,R,R,0.95,DnDn
2/5/02,17.224,0.97,18.1,25.3,0.71,Y,R,R,0.88,DnDn
2/6/02,17.076,0.94,16.6,28.0,0.59,R,R,R,0.81,C/Dn
2/7/02,16.974,0.93,15.4,29.8,0.52,Y,R,R,0.77,DnDn
2/8/02,17.196,0.96,17.7,27.5,0.65,Y,Y,Y,0.79,DnDn
2/11/02,17.371,0.98,18.7,23.6,0.79,Y,Y,Y,0.84,UpDn
2/12/02,17.369,0.98,18.8,24.3,0.77,Y,Y,Y,0.86,UpDn
2/13/02,17.507,0.99,20.6,24.0,0.86,Y,Y,Y,0.92,UpDn
2/14/02,17.449,0.98,20.3,25.2,0.8,Y,Y,Y,0.92,UpDn
2/15/02,17.356,0.96,21.0,27.0,0.78,Y,Y,Y,0.9,UpDn
2/18/02,17.357,0.96,21.0,26.9,0.78,Y,Y,Y,0.89,DnDn
2/19/02,17.088,0.91,15.6,29.9,0.52,Y,R,R,0.81,DnDn
2/20/02,17.228,0.93,17.7,29.5,0.6,Y,Y,Y,0.8,DnDn
2/21/02,17.042,0.91,16.5,31.8,0.52,R,R,R,0.76,DnDn
2/22/02,17.144,0.92,18.3,31.3,0.58,Y,Y,Y,0.76,DnDn
2/25/02,17.306,0.93,18.4,28.7,0.64,Y,Y,Y,0.81,DnDn
2/26/02,17.376,0.94,19.2,28.5,0.67,Y,Y,Y,0.86,UpDn
2/27/02,17.413,0.95,20.3,28.4,0.71,Y,Y,Y,0.9,UpDn
2/28/02,17.361,0.95,20.4,29.2,0.7,Y,Y,Y,0.9,UpDn
3/1/02,17.638,0.98,23.0,27.0,0.85,Y,Y,Y,0.99,UpDn
3/4/02,17.97,0.99,22.8,23.6,0.97,Y,Y,Y,1.11,UpUp
3/5/02,17.945,1.0,23.0,23.4,0.98,Y,Y,Y,1.17,UpUp
3/6/02,18.158,1.03,26.0,21.8,1.19,G,G,G,1.26,C/Up
3/7/02,18.161,1.03,26.5,21.3,1.24,Y,Y,G,1.31,UpUp
3/8/02,18.286,1.06,27.9,19.9,1.4,G,G,G,1.38,UpUp
3/11/02,18.333,1.03,24.3,18.7,1.3,G,Y,Y,1.41,UpUp
3/12/02,18.274,1.03,23.8,19.8,1.2,Y,Y,Y,1.4,UpUp
3/13/02,18.176,1.02,23.1,20.6,1.12,Y,Y,Y,1.35,UpUp
3/14/02,18.213,1.03,24.6,20.4,1.2,G,Y,Y,1.34,UpUp
3/15/02,18.315,1.04,26.6,20.3,1.31,G,Y,Y,1.38,UpUp
3/18/02,18.398,1.03,25.6,19.2,1.33,G,Y,G,1.41,UpUp
3/19/02,18.467,1.04,27.0,19.5,1.38,G,G,G,1.43,UpUp
3/20/02,18.293,1.02,25.4,20.9,1.22,Y,Y,Y,1.37,UpUp
3/21/02,18.4,1.04,26.9,20.2,1.33,G,G,G,1.38,UpUp
3/22/02,18.33,1.03,26.3,20.6,1.28,Y,Y,Y,1.35,UpUp
3/25/02,18.134,1.0,22.8,21.9,1.04,Y,Y,Y,1.24,DnUp
3/26/02,18.236,1.01,23.5,19.9,1.18,Y,Y,Y,1.22,DnUp
3/27/02,18.362,1.03,26.4,19.9,1.33,G,G,G,1.25,UpUp
3/28/02,18.44,1.04,27.0,19.5,1.38,G,Y,G,1.29,UpUp
4/1/02,18.428,1.03,26.1,19.7,1.32,Y,Y,Y,1.3,UpUp
4/2/02,18.301,1.01,26.0,21.6,1.2,Y,Y,Y,1.25,UpUp
4/3/02,18.164,1.0,24.2,22.6,1.07,Y,Y,Y,1.18,DnUp
4/4/02,18.194,1.0,25.2,23.2,1.09,Y,Y,Y,1.15,DnUp
4/5/02,18.191,1.0,26.3,24.0,1.1,Y,Y,Y,1.13,DnUp
4/8/02,18.273,1.02,26.4,20.0,1.32,Y,Y,Y,1.16,DnUp
4/9/02,18.239,1.02,26.8,21.4,1.25,Y,Y,Y,1.16,DnUp
4/10/02,18.449,1.04,30.0,21.1,1.42,Y,G,G,1.23,UpUp
4/11/02,18.216,1.01,27.4,23.2,1.18,Y,Y,Y,1.17,UpUp
4/12/02,18.402,1.03,30.0,22.1,1.36,Y,G,G,1.2,UpUp
4/15/02,18.366,1.02,27.1,20.3,1.34,Y,Y,Y,1.2,UpUp
4/16/02,18.673,1.06,30.2,18.0,1.68,Y,G,G,1.31,UpUp
4/17/02,18.646,1.06,29.5,18.2,1.62,Y,Y,Y,1.35,UpUp
4/18/02,18.641,1.06,29.6,18.4,1.61,Y,Y,Y,1.36,UpUp
4/19/02,18.656,1.07,29.9,19.1,1.56,G,G,Y,1.36,UpUp
4/22/02,18.478,1.03,25.9,19.0,1.36,Y,Y,Y,1.28,UpUp
4/23/02,18.43,1.02,26.3,20.1,1.31,Y,Y,Y,1.21,DnUp
4/24/02,18.356,1.01,25.5,21.6,1.18,Y,Y,Y,1.14,DnUp
4/25/02,18.333,1.01,25.4,22.9,1.11,Y,Y,Y,1.09,DnUp
4/26/02,18.15,0.99,24.3,25.0,0.97,Y,R,R,1.01,DnUp
4/29/02,18.04,0.98,22.7,24.7,0.92,R,R,R,0.94,DnDn
4/30/02,18.267,1.01,25.3,23.0,1.11,Y,Y,Y,0.97,DnDn
5/1/02,18.326,1.01,26.4,23.7,1.11,Y,Y,Y,0.99,DnDn
5/2/02,18.335,1.01,27.6,24.8,1.11,G,Y,Y,1.01,UpUp
5/3/02,18.284,1.0,27.7,25.8,1.07,Y,Y,Y,1.0,UpUp
5/6/02,18.053,0.97,23.6,26.3,0.89,Y,R,R,0.93,UpDn
5/7/02,17.973,0.95,22.3,28.0,0.8,R,R,R,0.87,C/Dn
5/8/02,18.35,1.0,24.3,24.3,1.0,G,Y,Y,0.94,UpDn
5/9/02,18.142,0.97,22.4,27.1,0.83,Y,R,R,0.91,DnDn
5/10/02,17.929,0.95,20.4,28.8,0.71,R,R,R,0.84,DnDn
5/13/02,18.11,0.97,20.7,26.0,0.8,G,Y,Y,0.86,UpDn
5/14/02,18.415,1.01,24.0,23.6,1.02,Y,G,G,0.97,UpDn
5/15/02,18.434,1.01,24.3,23.5,1.03,G,Y,G,1.03,C/Up
5/16/02,18.383,1.01,23.9,24.2,0.99,Y,Y,Y,1.04,UpUp
5/17/02,18.463,1.01,24.6,24.1,1.02,Y,Y,G,1.07,UpUp
5/20/02,18.302,0.97,19.4,24.8,0.78,Y,Y,R,1.01,UpUp
5/21/02,18.123,0.94,17.6,26.6,0.66,R,R,R,0.93,DnDn
5/22/02,18.11,0.94,17.6,27.3,0.64,Y,R,R,0.89,DnDn
5/23/02,18.26,0.96,19.5,26.8,0.73,Y,Y,Y,0.9,DnDn
5/24/02,18.113,0.94,18.4,28.1,0.65,R,R,R,0.87,DnDn
5/27/02,18.113,0.94,18.4,28.2,0.65,Y,Y,Y,0.86,DnDn
5/28/02,18.043,0.93,16.0,27.0,0.59,R,R,R,0.83,C/Dn
5/29/02,17.934,0.92,15.6,28.8,0.54,R,R,R,0.79,DnDn
5/30/02,17.899,0.92,16.0,29.7,0.54,R,Y,Y,0.77,DnDn
5/31/02,17.919,0.93,17.4,29.3,0.6,Y,Y,Y,0.77,DnDn
6/3/02,17.57,0.88,12.7,32.8,0.39,R,R,R,0.7,DnDn
6/4/02,17.499,0.88,11.9,34.3,0.35,R,Y,R,0.65,DnDn
6/5/02,17.549,0.88,12.8,34.1,0.37,Y,Y,Y,0.64,DnDn
6/6/02,17.295,0.85,11.4,38.3,0.3,R,R,R,0.6,DnDn
6/7/02,17.344,0.85,11.9,37.9,0.31,Y,Y,Y,0.58,DnDn
6/10/02,17.347,0.86,11.1,35.1,0.32,Y,Y,Y,0.59,DnDn
6/11/02,17.158,0.84,10.6,38.5,0.27,R,R,R,0.57,DnDn
6/12/02,17.129,0.84,11.0,39.9,0.28,R,Y,Y,0.56,DnDn
6/13/02,16.971,0.82,10.0,42.4,0.24,R,R,R,0.54,DnDn
6/14/02,16.961,0.82,9.9,42.6,0.23,R,Y,R,0.54,DnDn
6/17/02,17.287,0.86,13.0,37.0,0.35,Y,Y,Y,0.59,DnDn
6/18/02,17.274,0.86,13.2,37.2,0.35,Y,Y,Y,0.62,UpDn
6/19/02,17.05,0.83,12.1,41.4,0.29,R,R,Y,0.6,DnDn
6/20/02,16.928,0.83,12.9,42.7,0.3,R,Y,Y,0.58,DnDn
6/21/02,16.838,0.83,13.5,43.8,0.31,R,Y,Y,0.57,DnDn
6/24/02,16.814,0.82,9.6,41.9,0.23,R,R,R,0.57,DnDn
6/25/02,16.63,0.81,9.0,44.4,0.2,R,R,R,0.56,DnDn
6/26/02,16.57,0.79,8.8,46.7,0.19,R,R,R,0.55,DnDn
6/27/02,16.775,0.82,10.9,43.9,0.25,Y,Y,Y,0.58,DnDn
6/28/02,16.907,0.85,12.8,42.2,0.3,Y,Y,Y,0.62,UpDn
7/1/02,16.585,0.8,8.9,44.5,0.2,R,R,R,0.59,DnDn
7/2/02,16.213,0.75,6.7,50.7,0.13,R,R,R,0.54,DnDn
7/3/02,16.148,0.74,6.1,53.5,0.11,R,R,R,0.51,DnDn
7/5/02,16.537,0.78,7.8,47.4,0.17,Y,Y,Y,0.55,DnDn
7/8/02,16.392,0.78,7.2,45.9,0.16,R,Y,R,0.55,DnDn
7/9/02,16.195,0.77,7.5,49.0,0.15,R,Y,Y,0.53,DnDn
7/10/02,15.858,0.74,6.3,54.6,0.12,R,Y,Y,0.49,DnDn
7/11/02,15.795,0.73,5.0,57.1,0.09,R,R,R,0.48,DnDn
7/12/02,15.719,0.73,4.8,59.2,0.08,R,Y,R,0.47,DnDn
7/15/02,15.567,0.73,3.8,58.0,0.07,R,Y,R,0.46,DnDn
7/16/02,15.44,0.73,3.8,59.1,0.06,R,Y,R,0.44,DnDn
7/17/02,15.507,0.74,4.2,57.8,0.07,Y,Y,Y,0.44,DnDn
7/18/02,15.232,0.71,3.6,62.5,0.06,R,R,R,0.41,DnDn
7/19/02,14.864,0.68,3.2,68.0,0.05,R,R,R,0.38,DnDn
7/22/02,14.507,0.66,2.2,70.4,0.03,R,R,R,0.36,DnDn
7/23/02,14.079,0.61,1.7,76.6,0.02,R,R,R,0.34,DnDn
7/24/02,14.536,0.65,2.2,72.8,0.03,Y,Y,Y,0.34,DnDn
7/25/02,14.522,0.66,2.3,71.9,0.03,R,Y,Y,0.34,DnDn
7/26/02,14.639,0.68,2.9,69.8,0.04,Y,Y,Y,0.36,DnDn
7/29/02,15.252,0.77,5.5,54.5,0.1,Y,Y,Y,0.47,UpDn
7/30/02,15.293,0.78,5.8,53.9,0.11,Y,Y,Y,0.54,UpDn
7/31/02,15.242,0.77,6.1,54.3,0.11,Y,Y,Y,0.59,UpDn
8/1/02,15.015,0.75,5.1,57.5,0.09,Y,Y,Y,0.59,UpDn
8/2/02,14.703,0.71,4.2,62.2,0.07,Y,Y,Y,0.56,UpDn
8/5/02,14.349,0.68,2.6,65.0,0.04,R,R,R,0.51,DnDn
8/6/02,14.704,0.72,4.3,59.7,0.07,Y,Y,Y,0.53,DnDn
8/7/02,14.832,0.73,5.0,57.9,0.09,Y,Y,Y,0.56,DnDn
8/8/02,15.103,0.76,7.2,54.6,0.13,G,Y,Y,0.67,UpDn
8/9/02,15.128,0.76,7.3,54.3,0.14,G,Y,Y,0.73,UpDn
8/12/02,15.113,0.77,7.2,50.2,0.14,Y,Y,Y,0.76,UpDn
8/13/02,14.866,0.74,5.5,54.1,0.1,Y,Y,Y,0.7,UpDn
8/14/02,15.2,0.78,8.5,49.9,0.17,G,Y,Y,0.76,UpDn
8/15/02,15.315,0.8,10.1,48.0,0.21,G,Y,Y,0.83,UpDn
8/16/02,15.392,0.81,10.7,46.1,0.23,G,Y,Y,0.89,UpDn
8/19/02,15.594,0.84,13.0,39.2,0.33,G,Y,Y,0.96,UpDn
8/20/02,15.469,0.83,11.6,41.1,0.28,Y,Y,Y,0.96,UpDn
8/21/02,15.663,0.86,15.0,37.6,0.4,G,Y,Y,1.03,UpUp
8/22/02,15.796,0.89,16.8,35.7,0.47,G,Y,Y,1.1,UpUp
8/23/02,15.544,0.86,13.7,38.3,0.36,Y,Y,Y,1.05,UpUp
8/26/02,15.69,0.9,17.1,32.1,0.53,G,Y,Y,1.09,UpUp
8/27/02,15.486,0.87,14.1,34.9,0.4,Y,Y,Y,1.01,UpUp
8/28/02,15.251,0.84,11.3,38.3,0.29,Y,R,R,0.9,DnDn
8/29/02,15.307,0.85,13.0,38.0,0.34,Y,Y,Y,0.86,DnDn
8/30/02,15.281,0.85,13.1,37.9,0.35,R,Y,Y,0.84,DnDn
9/3/02,14.861,0.81,9.0,40.3,0.22,R,R,R,0.73,DnDn
9/4/02,15.063,0.84,11.8,37.7,0.31,Y,Y,Y,0.73,DnDn
9/5/02,14.868,0.81,9.9,42.4,0.23,R,R,R,0.69,DnDn
9/6/02,15.105,0.85,13.0,37.7,0.34,Y,Y,Y,0.74,DnDn
9/9/02,15.172,0.87,14.7,33.7,0.44,Y,Y,Y,0.79,DnDn
9/10/02,15.225,0.87,15.1,33.5,0.45,Y,Y,Y,0.83,UpDn
9/11/02,15.239,0.88,15.5,33.3,0.47,G,Y,Y,0.85,UpDn
9/12/02,14.995,0.85,12.9,36.7,0.35,Y,Y,Y,0.8,UpDn
9/13/02,15.048,0.86,14.4,36.5,0.4,Y,Y,Y,0.79,DnDn
9/16/02,14.987,0.86,13.7,33.9,0.4,R,Y,Y,0.78,DnDn
9/17/02,14.786,0.84,11.7,37.6,0.31,R,R,R,0.72,DnDn
9/18/02,14.706,0.82,11.1,39.9,0.28,Y,R,R,0.68,DnDn
9/19/02,14.385,0.78,8.9,45.8,0.2,R,R,R,0.61,DnDn
9/20/02,14.404,0.79,9.5,45.9,0.21,Y,Y,Y,0.58,DnDn
9/23/02,14.164,0.78,8.2,45.3,0.18,R,R,R,0.53,DnDn
9/24/02,14.015,0.76,7.5,50.8,0.15,R,R,R,0.5,DnDn
9/25/02,14.269,0.79,10.0,45.8,0.22,Y,Y,Y,0.52,DnDn
9/26/02,14.459,0.82,12.2,43.0,0.28,Y,Y,Y,0.58,UpDn
9/27/02,14.213,0.79,10.2,47.3,0.21,R,Y,Y,0.56,DnDn
9/30/02,14.135,0.81,10.8,43.6,0.25,R,Y,Y,0.54,DnDn
10/1/02,14.383,0.83,13.1,41.0,0.32,Y,Y,Y,0.58,UpDn
10/2/02,14.163,0.8,11.3,44.8,0.25,R,Y,Y,0.55,DnDn
10/3/02,14.042,0.8,10.7,47.3,0.23,R,Y,R,0.53,DnDn
10/4/02,13.769,0.76,8.8,51.9,0.17,R,R,R,0.49,DnDn
10/7/02,13.495,0.74,7.0,54.8,0.13,R,R,R,0.44,DnDn
10/8/02,13.556,0.74,7.0,54.4,0.13,Y,Y,Y,0.44,DnDn
10/9/02,13.207,0.69,5.3,62.4,0.08,R,R,R,0.4,DnDn
10/10/02,13.548,0.73,6.4,58.1,0.11,Y,Y,Y,0.46,DnDn
10/11/02,13.899,0.78,8.8,51.3,0.17,Y,Y,Y,0.54,UpDn
10/14/02,13.952,0.79,8.1,47.9,0.17,Y,Y,Y,0.59,UpDn
10/15/02,14.416,0.86,13.9,40.2,0.34,G,Y,Y,0.78,UpDn
10/16/02,14.164,0.83,11.9,43.7,0.27,Y,Y,Y,0.78,UpDn
10/17/02,14.48,0.89,16.6,38.0,0.44,G,Y,Y,0.9,UpDn
10/18/02,14.513,0.9,17.4,37.8,0.46,G,Y,Y,0.97,UpDn
10/21/02,14.701,0.91,18.0,34.1,0.53,G,Y,Y,1.05,UpUp
10/22/02,14.535,0.89,15.4,36.0,0.43,Y,Y,Y,0.97,UpDn
10/23/02,14.669,0.92,18.6,33.7,0.55,G,Y,Y,1.05,UpUp
10/24/02,14.556,0.92,17.4,33.6,0.52,Y,Y,Y,1.06,UpUp
10/25/02,14.735,0.95,21.1,31.1,0.68,G,Y,Y,1.13,UpUp
10/28/02,14.648,0.93,17.6,29.9,0.59,Y,Y,Y,1.13,DnUp
10/29/02,14.569,0.92,16.7,31.0,0.54,Y,Y,Y,1.1,UpUp
10/30/02,14.709,0.94,19.9,29.5,0.67,G,Y,Y,1.14,UpUp
10/31/02,14.707,0.95,20.7,29.5,0.7,Y,Y,Y,1.15,UpUp
11/1/02,14.927,1.0,25.7,26.9,0.95,G,Y,Y,1.2,UpUp
11/4/02,15.045,1.02,27.5,23.0,1.2,G,G,G,1.28,C/Up
11/5/02,15.06,1.02,27.6,23.4,1.18,G,Y,Y,1.31,UpUp
11/6/02,15.204,1.06,30.9,21.5,1.44,G,G,G,1.39,UpUp
11/7/02,14.947,1.02,26.3,24.0,1.1,Y,Y,Y,1.29,UpUp
11/8/02,14.836,1.01,24.7,24.7,1.0,Y,Y,Y,1.2,DnUp
11/11/02,14.592,0.96,19.7,25.4,0.78,Y,R,R,1.07,DnUp
11/12/02,14.703,0.98,22.3,24.3,0.92,Y,Y,Y,1.05,DnUp
11/13/02,14.704,0.98,22.5,25.3,0.89,Y,Y,Y,1.04,DnUp
11/14/02,14.977,1.03,28.3,22.6,1.25,G,G,G,1.14,UpUp
11/15/02,15.036,1.04,29.1,22.8,1.28,G,G,G,1.21,UpUp
11/18/02,14.944,1.03,28.0,21.0,1.33,Y,Y,G,1.22,UpUp
11/19/02,14.867,1.02,26.9,21.8,1.23,Y,Y,Y,1.2,UpUp
11/20/02,15.086,1.06,31.3,20.6,1.52,G,G,G,1.28,UpUp
11/21/02,15.349,1.1,35.9,19.0,1.89,G,G,G,1.44,UpUp
11/22/02,15.368,1.11,37.0,18.7,1.98,G,G,G,1.53,UpUp
11/25/02,15.438,1.13,38.8,14.6,2.65,G,G,G,1.59,UpUp
11/26/02,15.222,1.11,34.9,15.5,2.24,Y,Y,Y,1.56,UpUp
11/27/02,15.551,1.16,41.2,14.0,2.95,G,G,G,1.62,UpUp
11/29/02,15.531,1.16,40.8,13.9,2.94,Y,Y,Y,1.64,UpUp
12/2/02,15.566,1.15,39.9,13.7,2.91,G,Y,Y,1.65,UpUp
12/3/02,15.383,1.11,36.7,14.9,2.46,Y,Y,Y,1.6,UpUp
12/4/02,15.323,1.09,35.0,15.1,2.32,Y,Y,Y,1.54,DnUp
12/5/02,15.225,1.07,32.8,16.0,2.05,Y,Y,Y,1.49,DnUp
12/6/02,15.284,1.08,34.2,16.0,2.14,Y,Y,Y,1.46,DnUp
12/9/02,15.023,1.05,27.9,15.8,1.76,Y,Y,Y,1.35,DnUp
12/10/02,15.153,1.07,32.7,15.8,2.07,Y,Y,Y,1.36,DnUp
12/11/02,15.202,1.07,33.3,16.5,2.02,Y,Y,Y,1.37,DnUp
12/12/02,15.217,1.07,34.1,16.4,2.08,Y,Y,G,1.38,DnUp
12/13/02,15.046,1.04,29.7,18.4,1.61,R,Y,Y,1.28,DnUp
12/16/02,15.272,1.08,34.9,15.8,2.2,G,G,G,1.33,UpUp
12/17/02,15.202,1.07,33.4,17.1,1.96,Y,Y,Y,1.34,UpUp
12/18/02,15.026,1.03,28.2,19.2,1.46,R,Y,Y,1.22,DnUp
12/19/02,14.968,1.02,27.2,20.5,1.33,R,Y,Y,1.13,DnUp
12/20/02,15.091,1.03,30.1,20.6,1.46,Y,Y,Y,1.13,UpUp
12/23/02,15.151,1.04,29.9,19.2,1.56,Y,Y,Y,1.15,DnUp
12/24/02,15.118,1.03,28.7,19.8,1.45,R,Y,Y,1.14,DnUp
12/26/02,15.132,1.03,29.2,19.8,1.47,Y,Y,G,1.14,UpUp
12/27/02,14.972,1.01,25.8,21.3,1.21,R,Y,Y,1.08,DnUp
12/30/02,14.963,0.98,23.3,22.2,1.05,R,R,Y,1.02,DnUp
12/31/02,15.013,1.01,25.9,20.6,1.25,Y,Y,Y,1.03,DnUp
1/2/03,15.314,1.07,32.4,16.9,1.91,G,G,G,1.2,UpUp
1/3/03,15.308,1.07,32.9,17.2,1.91,Y,Y,Y,1.29,UpUp
1/6/03,15.52,1.06,32.7,15.9,2.06,Y,Y,G,1.38,UpUp
1/7/03,15.433,1.06,31.0,16.3,1.9,Y,Y,Y,1.39,UpUp
1/8/03,15.293,1.04,27.5,18.1,1.52,Y,Y,Y,1.29,UpUp
1/9/03,15.498,1.07,32.7,16.6,1.97,G,Y,G,1.37,UpUp
1/10/03,15.517,1.08,33.8,16.7,2.02,G,G,G,1.42,UpUp
1/13/03,15.544,1.05,29.5,15.8,1.87,G,Y,Y,1.42,UpUp
1/14/03,15.597,1.06,31.2,15.8,1.97,G,Y,G,1.44,UpUp
1/15/03,15.488,1.05,29.4,16.8,1.75,Y,Y,Y,1.39,UpUp
1/16/03,15.473,1.04,28.8,17.2,1.68,Y,Y,Y,1.34,DnUp
1/17/03,15.303,1.02,25.7,19.1,1.34,Y,Y,Y,1.22,DnUp
1/21/03,15.123,0.99,23.4,21.3,1.1,Y,R,Y,1.09,DnUp
1/22/03,15.02,0.97,19.8,22.9,0.87,R,R,R,0.97,DnDn
1/23/03,15.128,0.98,22.0,22.3,0.99,Y,Y,Y,0.95,DnDn
1/24/03,14.846,0.95,18.7,26.7,0.7,R,R,R,0.85,C/Dn
1/27/03,14.632,0.91,14.8,28.8,0.52,R,R,R,0.75,DnDn
1/28/03,14.757,0.93,16.8,26.6,0.63,Y,Y,Y,0.74,DnDn
1/29/03,14.811,0.94,17.5,26.8,0.65,Y,Y,Y,0.74,DnDn
1/30/03,14.617,0.91,15.7,30.7,0.51,R,R,R,0.69,DnDn
1/31/03,14.758,0.93,17.4,28.5,0.61,Y,Y,Y,0.71,DnDn
2/3/03,14.758,0.93,15.8,26.7,0.59,Y,Y,Y,0.71,UpDn
2/4/03,14.655,0.91,15.5,29.2,0.53,R,R,R,0.69,DnDn
2/5/03,14.617,0.91,15.1,30.5,0.49,R,Y,R,0.67,DnDn
2/6/03,14.529,0.9,14.4,32.6,0.44,R,R,R,0.65,DnDn
2/7/03,14.423,0.88,13.4,35.8,0.37,R,R,R,0.62,DnDn
2/10/03,14.45,0.88,12.4,32.9,0.38,Y,Y,Y,0.62,DnDn
2/11/03,14.404,0.88,12.8,34.0,0.38,R,Y,Y,0.63,DnDn
2/12/03,14.253,0.86,11.3,37.4,0.3,R,R,R,0.6,DnDn
2/13/03,14.209,0.85,10.7,39.2,0.27,R,R,R,0.58,DnDn
2/14/03,14.359,0.87,12.1,37.0,0.33,Y,Y,Y,0.62,DnDn
2/18/03,14.566,0.89,12.7,29.9,0.43,Y,Y,Y,0.69,UpDn
2/19/03,14.475,0.88,12.6,32.3,0.39,Y,Y,Y,0.7,UpDn
2/20/03,14.45,0.89,13.2,32.9,0.4,Y,Y,Y,0.71,UpDn
2/21/03,14.595,0.91,15.4,31.3,0.49,G,Y,Y,0.76,UpDn
2/24/03,14.416,0.88,12.4,32.5,0.38,Y,Y,Y,0.74,UpDn
2/25/03,14.457,0.89,13.4,32.4,0.41,Y,Y,Y,0.74,DnDn
2/26/03,14.342,0.87,12.9,34.7,0.37,R,R,R,0.72,DnDn
2/27/03,14.457,0.89,14.1,32.7,0.43,G,Y,Y,0.74,UpDn
2/28/03,14.501,0.9,14.6,32.5,0.45,Y,Y,Y,0.77,DnDn
3/3/03,14.442,0.9,13.4,30.0,0.45,Y,Y,Y,0.77,UpDn
3/4/03,14.3,0.88,12.5,32.8,0.38,R,R,R,0.74,DnDn
3/5/03,14.325,0.88,13.2,33.8,0.39,Y,Y,Y,0.73,DnDn
3/6/03,14.24,0.87,12.7,35.8,0.35,Y,R,R,0.68,DnDn
3/7/03,14.263,0.87,13.2,36.1,0.37,Y,Y,Y,0.69,DnDn
3/10/03,14.023,0.85,10.6,37.4,0.28,R,R,R,0.65,DnDn
3/11/03,13.941,0.84,10.5,39.6,0.26,R,R,R,0.62,DnDn
3/12/03,13.914,0.84,9.8,40.5,0.24,R,Y,R,0.61,DnDn
3/13/03,14.247,0.88,12.9,34.8,0.37,G,Y,Y,0.68,UpDn
3/14/03,14.265,0.89,12.7,34.2,0.37,G,Y,Y,0.72,UpDn
3/17/03,14.587,0.93,15.6,27.3,0.57,Y,Y,Y,0.87,UpDn
3/18/03,14.654,0.94,16.9,26.3,0.64,Y,Y,Y,0.96,UpDn
3/19/03,14.701,0.95,17.9,26.0,0.69,Y,Y,Y,1.02,UpUp
3/20/03,14.76,0.96,19.0,25.6,0.75,G,Y,Y,1.07,UpUp
3/21/03,14.988,1.0,24.4,23.5,1.04,G,Y,G,1.18,C/Up
3/24/03,14.638,0.92,13.9,25.8,0.54,Y,R,R,1.06,UpUp
3/25/03,14.786,0.94,17.2,24.4,0.7,G,Y,Y,1.07,UpUp
3/26/03,14.73,0.94,16.5,25.2,0.65,Y,Y,R,1.05,UpUp
3/27/03,14.735,0.94,16.7,25.7,0.65,Y,Y,Y,1.04,DnUp
3/28/03,14.716,0.95,17.7,26.3,0.67,Y,Y,Y,1.04,DnUp
3/31/03,14.574,0.94,16.0,24.7,0.65,R,Y,Y,0.99,DnDn
4/1/03,14.686,0.95,18.8,24.4,0.77,Y,Y,Y,1.01,DnUp
4/2/03,14.951,0.99,23.2,21.9,1.06,G,Y,Y,1.14,UpUp
4/3/03,14.912,0.99,23.3,21.9,1.06,Y,Y,Y,1.17,UpUp
4/4/03,14.901,0.99,23.4,22.6,1.03,Y,Y,Y,1.18,UpUp
4/7/03,14.975,0.99,24.2,21.4,1.13,Y,Y,G,1.2,UpUp
4/8/03,14.922,0.98,23.5,22.3,1.05,Y,Y,Y,1.18,UpUp
4/9/03,14.831,0.98,22.1,22.8,0.97,Y,Y,R,1.13,DnUp
4/10/03,14.871,0.98,23.1,23.2,1.0,Y,Y,Y,1.12,DnUp
4/11/03,14.849,0.98,22.7,23.7,0.96,R,Y,R,1.1,DnUp
4/14/03,15.037,1.03,29.0,17.3,1.67,G,G,G,1.24,UpUp
4/15/03,15.132,1.05,31.3,17.4,1.8,G,G,G,1.35,UpUp
4/16/03,15.038,1.04,29.9,17.7,1.69,Y,Y,Y,1.35,UpUp
4/17/03,15.222,1.07,34.1,16.3,2.09,Y,G,G,1.45,UpUp
4/21/03,15.26,1.07,33.1,14.7,2.25,G,Y,G,1.5,UpUp
4/22/03,15.478,1.1,38.0,14.4,2.64,G,G,G,1.56,UpUp
4/23/03,15.585,1.12,39.9,13.6,2.94,G,G,G,1.6,UpUp
4/24/03,15.507,1.11,38.5,14.5,2.65,Y,Y,Y,1.6,UpUp
4/25/03,15.381,1.09,36.1,15.2,2.38,Y,Y,Y,1.56,UpUp
4/28/03,15.595,1.12,39.2,13.3,2.94,G,G,G,1.59,UpUp
4/29/03,15.646,1.12,39.8,13.3,3.0,G,Y,G,1.61,UpUp
4/30/03,15.702,1.14,40.8,12.9,3.17,G,G,G,1.63,UpUp
5/1/03,15.718,1.14,41.4,13.1,3.17,G,Y,Y,1.64,UpUp
5/2/03,15.942,1.18,45.9,11.9,3.86,G,G,G,1.67,UpUp
5/5/03,15.992,1.17,44.2,10.4,4.25,G,Y,G,1.69,UpUp
5/6/03,16.11,1.19,46.0,10.1,4.53,G,G,G,1.69,UpUp
5/7/03,16.062,1.19,45.4,10.2,4.44,Y,Y,Y,1.69,UpUp
5/8/03,15.97,1.17,43.7,10.6,4.12,Y,Y,Y,1.66,UpUp
5/9/03,16.15,1.2,47.3,10.3,4.61,G,G,G,1.67,UpUp
5/12/03,16.313,1.21,47.6,8.6,5.52,G,G,G,1.69,UpUp
5/13/03,16.311,1.21,47.9,8.6,5.57,Y,Y,G,1.68,UpUp
5/14/03,16.31,1.22,47.6,9.0,5.3,Y,G,Y,1.69,UpUp
5/15/03,16.396,1.23,49.4,8.9,5.55,G,G,G,1.7,UpUp
5/16/03,16.337,1.22,47.2,9.4,5.04,Y,Y,Y,1.69,UpUp
5/19/03,16.069,1.16,40.2,8.6,4.66,Y,Y,Y,1.6,DnUp
5/20/03,16.067,1.16,39.9,9.2,4.36,Y,Y,Y,1.55,DnUp
5/21/03,16.119,1.16,41.6,9.6,4.34,Y,Y,Y,1.53,DnUp
5/22/03,16.252,1.18,43.7,9.4,4.63,Y,Y,Y,1.55,DnUp
5/23/03,16.344,1.2,45.6,9.5,4.82,Y,Y,Y,1.57,UnUp
5/27/03,16.602,1.23,49.8,8.2,6.04,G,G,G,1.62,UpUp
5/28/03,16.657,1.24,50.7,8.0,6.31,G,G,G,1.65,UpUp
5/29/03,16.69,1.25,51.1,8.1,6.34,G,G,G,1.67,UpUp
5/30/03,16.939,1.29,55.0,7.5,7.34,G,G,G,1.69,UpUp
6/2/03,17.008,1.25,52.8,7.5,7.09,G,Y,Y,1.69,UpUp
6/3/03,17.026,1.25,52.4,7.6,6.91,G,Y,Y,1.69,UpUp
6/4/03,17.257,1.28,55.9,7.4,7.51,G,G,G,1.7,UpUp
6/5/03,17.388,1.3,56.8,7.1,7.95,G,G,G,1.72,UpUp
6/6/03,17.343,1.3,56.1,7.4,7.54,Y,Y,Y,1.72,UpUp
6/9/03,17.147,1.23,49.2,6.9,7.07,Y,Y,Y,1.69,UpUp
6/10/03,17.295,1.25,52.0,7.2,7.27,G,Y,G,1.7,UpUp
6/11/03,17.49,1.27,53.7,7.0,7.68,G,Y,G,1.72,UpUp
6/12/03,17.538,1.27,53.9,7.2,7.45,G,Y,Y,1.73,UpUp
6/13/03,17.383,1.25,50.6,7.5,6.77,Y,Y,Y,1.71,UpUp
6/16/03,17.646,1.27,53.3,6.8,7.84,G,G,G,1.72,UpUp
6/17/03,17.699,1.27,53.0,6.9,7.66,G,Y,Y,1.71,UpUp
6/18/03,17.667,1.26,52.6,7.2,7.34,Y,Y,Y,1.7,UpUp
6/19/03,17.47,1.24,50.0,7.4,6.74,Y,Y,Y,1.67,DnUp
6/20/03,17.459,1.23,48.9,7.7,6.33,Y,Y,Y,1.63,UpUp
6/23/03,17.204,1.16,39.4,8.4,4.71,Y,Y,Y,1.55,DnUp
6/24/03,17.224,1.17,39.8,8.7,4.6,Y,Y,Y,1.51,DnUp
6/25/03,17.227,1.17,39.8,9.1,4.39,Y,Y,Y,1.49,DnUp
6/26/03,17.363,1.18,42.5,9.2,4.63,Y,Y,Y,1.49,DnUp
6/27/03,17.325,1.18,41.5,9.6,4.34,R,Y,Y,1.48,DnUp
6/30/03,17.304,1.17,39.7,9.2,4.31,Y,Y,Y,1.47,UpUp
7/1/03,17.424,1.17,41.3,9.7,4.27,G,Y,Y,1.48,UpUp
7/2/03,17.688,1.21,46.2,8.8,5.27,G,G,G,1.54,UpUp
7/3/03,17.633,1.21,44.8,9.0,4.98,Y,Y,Y,1.55,UpUp
7/7/03,17.893,1.22,45.4,8.4,5.39,G,G,G,1.6,UpUp
7/8/03,18.042,1.24,47.2,8.3,5.66,G,G,G,1.64,UpUp
7/9/03,18.057,1.25,48.0,8.2,5.86,G,G,G,1.66,UpUp
7/10/03,17.859,1.22,44.4,8.5,5.25,Y,Y,Y,1.61,UpUp
7/11/03,17.992,1.24,47.1,8.7,5.42,G,G,G,1.62,UpUp
7/14/03,18.14,1.22,44.8,7.9,5.67,G,Y,G,1.65,UpUp
7/15/03,18.06,1.21,43.3,8.7,5.01,Y,Y,Y,1.63,UpUp
7/16/03,17.975,1.2,42.0,9.6,4.38,Y,Y,Y,1.6,DnUp
7/17/03,17.697,1.14,35.2,10.9,3.21,R,Y,Y,1.51,DnUp
7/18/03,17.825,1.16,37.7,10.4,3.62,Y,Y,Y,1.49,DnUp
7/21/03,17.662,1.12,30.7,11.3,2.71,Y,Y,Y,1.44,DnUp
7/22/03,17.811,1.14,34.1,10.9,3.13,Y,Y,Y,1.44,DnUp
7/23/03,17.861,1.14,34.8,11.2,3.1,Y,Y,Y,1.44,DnUp
7/24/03,17.852,1.14,35.1,12.3,2.85,Y,Y,Y,1.43,UpUp
7/25/03,18.003,1.15,37.6,12.0,3.14,G,Y,Y,1.45,UpUp
7/28/03,18.079,1.14,35.5,11.4,3.12,G,Y,Y,1.47,UpUp
7/29/03,18.043,1.14,34.8,12.1,2.87,Y,Y,Y,1.47,UpUp
7/30/03,18.019,1.13,34.4,12.8,2.69,Y,Y,Y,1.46,UpUp
7/31/03,18.08,1.14,35.7,12.7,2.81,G,Y,Y,1.47,UpUp
8/1/03,17.908,1.12,31.9,14.2,2.25,Y,Y,Y,1.43,DnUp
8/4/03,17.851,1.09,28.0,14.3,1.96,Y,Y,Y,1.39,DnUp
8/5/03,17.661,1.06,25.2,16.3,1.55,R,Y,Y,1.27,DnUp
8/6/03,17.602,1.05,24.0,17.2,1.39,R,Y,Y,1.18,DnUp
8/7/03,17.639,1.05,24.0,17.7,1.36,Y,Y,Y,1.13,DnUp
8/8/03,17.683,1.05,24.4,17.9,1.36,Y,Y,Y,1.11,DnUp
8/11/03,17.799,1.06,24.6,15.9,1.55,Y,Y,Y,1.14,DnUp
8/12/03,17.97,1.08,28.1,15.2,1.84,Y,G,G,1.24,UpUp
8/13/03,17.97,1.08,28.4,15.4,1.84,Y,Y,Y,1.29,UpUp
8/14/03,18.056,1.09,30.2,15.3,1.98,G,G,G,1.36,UpUp
8/15/03,18.099,1.1,30.9,15.0,2.06,G,G,G,1.4,UpUp
8/18/03,18.283,1.08,29.6,13.8,2.15,G,Y,G,1.45,UpUp
8/19/03,18.428,1.1,32.3,13.5,2.39,G,G,G,1.5,UpUp
8/20/03,18.444,1.1,33.1,13.3,2.48,G,Y,G,1.52,UpUp
8/21/03,18.566,1.12,35.8,12.9,2.77,G,G,G,1.55,UpUp
8/22/03,18.378,1.1,32.5,13.9,2.34,Y,Y,Y,1.51,UpUp
8/25/03,18.32,1.07,27.5,13.3,2.07,Y,Y,Y,1.48,UpUp
8/26/03,18.359,1.08,28.0,13.2,2.12,Y,Y,Y,1.47,DnUp
8/27/03,18.459,1.09,29.7,12.6,2.35,G,Y,Y,1.48,UpUp
8/28/03,18.585,1.11,32.4,12.0,2.69,G,Y,Y,1.52,UpUp
8/29/03,18.669,1.13,33.9,11.7,2.89,G,G,G,1.55,UpUp
9/2/03,18.906,1.14,36.2,10.0,3.62,G,G,G,1.6,UpUp
9/3/03,18.982,1.15,38.0,10.2,3.69,G,G,G,1.63,UpUp
9/4/03,19.042,1.16,38.9,9.9,3.94,G,G,G,1.65,UpUp
9/5/03,18.966,1.16,37.8,10.1,3.74,Y,Y,Y,1.63,UpUp
9/8/03,19.15,1.17,39.0,8.8,4.43,G,G,G,1.66,UpUp
9/9/03,19.045,1.16,36.0,8.9,4.04,Y,Y,Y,1.64,UpUp
9/10/03,18.765,1.12,29.9,10.2,2.93,Y,Y,Y,1.56,DnUp
9/11/03,18.885,1.14,34.1,10.0,3.41,Y,Y,Y,1.54,DnUp
9/12/03,18.943,1.16,35.0,9.9,3.52,Y,Y,Y,1.54,DnUp
9/15/03,18.913,1.14,32.8,9.1,3.59,Y,Y,Y,1.53,DnUp
9/16/03,19.121,1.17,37.0,8.6,4.3,G,G,G,1.57,UpUp
9/17/03,19.119,1.17,36.4,8.8,4.12,Y,Y,Y,1.58,UpUp
9/18/03,19.288,1.19,39.0,8.8,4.43,G,G,G,1.61,UpUp
9/19/03,19.304,1.2,39.5,8.8,4.5,G,G,G,1.62,UpUp
9/22/03,19.13,1.15,32.5,8.9,3.64,Y,Y,Y,1.58,UpUp
9/23/03,19.255,1.16,35.0,8.9,3.93,G,Y,Y,1.58,UpUp
9/24/03,18.991,1.13,30.1,9.9,3.03,R,Y,Y,1.52,DnUp
9/25/03,18.772,1.09,25.5,12.4,2.06,Y,Y,Y,1.45,DnUp
9/26/03,18.558,1.05,21.6,15.0,1.44,Y,Y,Y,1.28,DnUp
9/29/03,18.715,1.08,24.0,12.3,1.95,Y,Y,Y,1.31,DnUp
9/30/03,18.597,1.06,22.6,13.3,1.7,Y,Y,Y,1.26,DnUp
10/1/03,18.947,1.1,29.6,12.0,2.46,Y,Y,Y,1.34,DnUp
10/2/03,19.026,1.11,31.6,12.0,2.64,G,G,G,1.39,UpUp
10/3/03,19.238,1.14,35.8,11.4,3.15,G,G,G,1.46,UpUp
10/6/03,19.365,1.14,34.6,9.8,3.52,G,Y,G,1.51,UpUp
10/7/03,19.459,1.15,36.6,10.1,3.64,G,G,G,1.55,UpUp
10/8/03,19.397,1.15,34.8,10.5,3.32,Y,Y,Y,1.55,UpUp
10/9/03,19.515,1.16,37.1,10.5,3.54,G,G,G,1.57,UpUp
10/10/03,19.511,1.16,37.2,10.4,3.59,Y,Y,G,1.57,UpUp
10/13/03,19.705,1.16,38.0,9.2,4.14,G,Y,G,1.6,UpUp
10/14/03,19.788,1.18,40.3,9.3,4.39,G,G,G,1.63,UpUp
10/15/03,19.708,1.17,38.6,9.7,3.99,Y,Y,Y,1.62,UpUp
10/16/03,19.771,1.18,40.1,9.5,4.24,G,G,G,1.62,UpUp
10/17/03,19.574,1.16,35.7,10.6,3.38,Y,Y,Y,1.57,UpUp
10/20/03,19.624,1.15,34.1,10.0,3.39,Y,Y,Y,1.55,DnUp
10/21/03,19.705,1.16,35.2,10.1,3.49,Y,Y,Y,1.56,DnUp
10/22/03,19.423,1.12,29.8,11.7,2.54,R,Y,Y,1.48,DnUp
10/23/03,19.381,1.11,28.3,12.9,2.2,Y,Y,Y,1.43,DnUp
10/24/03,19.32,1.09,27.3,14.0,1.95,R,Y,Y,1.38,DnUp
10/27/03,19.473,1.11,27.4,14.7,1.87,Y,Y,Y,1.37,DnUp
10/28/03,19.743,1.14,32.6,14.2,2.3,G,Y,Y,1.43,UpUp
10/29/03,19.863,1.16,35.2,14.0,2.51,G,G,Y,1.48,UpUp
10/30/03,19.867,1.16,34.8,14.3,2.44,G,Y,Y,1.51,UpUp
10/31/03,19.873,1.16,35.1,14.2,2.48,Y,Y,G,1.52,UpUp
11/3/03,20.09,1.15,36.0,11.0,3.29,G,Y,G,1.56,UpUp
11/4/03,20.078,1.15,36.4,11.2,3.24,Y,Y,Y,1.57,UpUp
11/5/03,20.093,1.15,36.3,11.5,3.16,G,Y,Y,1.58,UpUp
11/6/03,20.167,1.16,37.9,11.5,3.28,G,Y,G,1.59,UpUp
11/7/03,20.192,1.17,38.2,11.4,3.35,G,G,G,1.6,UpUp
11/10/03,20.021,1.12,31.1,11.9,2.6,Y,Y,Y,1.55,DnUp
11/11/03,19.913,1.1,29.3,13.5,2.17,R,Y,Y,1.5,DnUp
11/12/03,20.201,1.14,34.6,12.2,2.83,G,Y,Y,1.54,UpUp
11/13/03,20.249,1.14,35.2,12.7,2.77,G,Y,Y,1.56,UpUp
11/14/03,20.078,1.12,32.7,14.5,2.26,Y,Y,Y,1.53,DnUp
11/17/03,19.904,1.07,27.0,15.4,1.75,R,Y,Y,1.43,DnUp
11/18/03,19.789,1.06,25.5,16.5,1.54,R,Y,Y,1.32,DnUp
11/19/03,19.883,1.07,27.0,16.5,1.64,Y,Y,Y,1.29,DnUp
11/20/03,19.781,1.05,25.3,17.8,1.42,Y,Y,Y,1.22,DnUp
11/21/03,19.839,1.06,26.7,17.8,1.5,Y,Y,Y,1.21,DnUp
11/24/03,20.157,1.09,30.5,14.7,2.08,Y,G,G,1.34,UpUp
11/25/03,20.254,1.1,32.5,14.7,2.22,Y,G,G,1.42,UpUp
11/26/03,20.349,1.11,34.2,14.1,2.42,G,G,G,1.47,UpUp
11/28/03,20.419,1.13,35.6,13.7,2.6,G,G,G,1.51,UpUp
12/1/03,20.664,1.12,36.3,13.5,2.69,G,Y,G,1.56,UpUp
12/2/03,20.648,1.12,35.6,13.9,2.55,Y,Y,Y,1.58,UpUp
12/3/03,20.515,1.11,33.6,15.1,2.23,Y,Y,Y,1.55,UpUp
12/4/03,20.519,1.1,33.4,15.8,2.11,Y,Y,Y,1.53,UpUp
12/5/03,20.403,1.09,31.3,16.4,1.91,Y,Y,Y,1.48,DnUp
12/8/03,20.514,1.09,32.1,15.6,2.06,Y,Y,Y,1.49,DnUp
12/9/03,20.345,1.06,28.9,17.5,1.65,R,Y,Y,1.39,DnUp
12/10/03,20.195,1.03,26.1,20.1,1.3,R,Y,Y,1.26,DnUp
12/11/03,20.467,1.07,31.0,18.3,1.69,Y,Y,Y,1.31,DnUp
12/12/03,20.578,1.08,32.9,17.7,1.86,G,Y,Y,1.39,UpUp
12/15/03,20.376,1.06,27.1,17.3,1.56,R,Y,Y,1.33,DnUp
12/16/03,20.398,1.05,27.7,18.5,1.49,Y,Y,Y,1.28,UpUp
12/17/03,20.424,1.05,28.1,18.7,1.5,Y,Y,G,1.26,UpUp
12/18/03,20.639,1.08,32.3,17.3,1.87,G,G,G,1.35,UpUp
12/19/03,20.627,1.08,31.9,17.9,1.78,Y,Y,Y,1.38,UpUp
12/22/03,20.699,1.05,27.6,16.5,1.67,Y,Y,Y,1.38,UpUp
12/23/03,20.801,1.06,29.8,16.5,1.81,G,G,G,1.42,UpUp
12/24/03,20.8,1.06,29.6,16.2,1.82,Y,Y,G,1.43,UpUp
12/26/03,20.854,1.07,31.1,16.0,1.94,G,Y,G,1.46,UpUp
12/29/03,21.097,1.09,34.2,13.8,2.49,G,G,G,1.53,UpUp
12/30/03,21.136,1.1,35.4,13.9,2.55,G,G,G,1.57,UpUp
12/31/03,21.055,1.1,33.0,13.2,2.5,Y,Y,Y,1.56,UpUp
1/2/04,21.084,1.11,33.8,12.3,2.74,G,G,G,1.56,UpUp
1/5/04,21.301,1.13,34.3,9.4,3.67,G,G,G,1.6,UpUp
1/6/04,21.341,1.14,35.1,9.3,3.76,G,G,G,1.62,UpUp
1/7/04,21.385,1.15,36.3,8.9,4.06,G,G,G,1.63,UpUp
1/8/04,21.502,1.18,39.3,8.7,4.53,G,G,G,1.66,UpUp
1/9/04,21.436,1.18,37.9,8.8,4.31,Y,Y,Y,1.65,UpUp
1/12/04,21.563,1.18,38.3,8.0,4.76,G,Y,G,1.66,UpUp
1/13/04,21.49,1.17,37.5,8.6,4.35,Y,Y,Y,1.64,UpUp
1/14/04,21.62,1.18,39.5,8.2,4.81,G,G,G,1.65,UpUp
1/15/04,21.623,1.19,39.8,8.6,4.65,Y,G,Y,1.65,UpUp
1/16/04,21.729,1.21,41.1,8.4,4.88,G,G,G,1.66,UpUp
1/20/04,21.896,1.22,42.7,7.6,5.66,G,G,G,1.69,UpUp
1/21/04,21.945,1.22,43.7,8.2,5.32,G,Y,Y,1.7,UpUp
1/22/04,21.874,1.21,42.4,8.4,5.04,Y,Y,Y,1.68,UpUp
1/23/04,21.904,1.21,43.1,8.2,5.25,G,Y,G,1.67,UpUp
1/26/04,22.074,1.2,40.8,6.7,6.07,G,Y,G,1.67,UpUp
1/27/04,21.952,1.19,38.4,7.0,5.47,Y,Y,Y,1.64,UpUp
1/28/04,21.663,1.15,32.6,8.6,3.8,Y,Y,Y,1.56,DnUp
1/29/04,21.562,1.12,29.3,10.2,2.88,R,Y,Y,1.5,DnUp
1/30/04,21.584,1.13,30.4,10.1,3.0,Y,Y,Y,1.47,DnUp
2/2/04,21.596,1.14,30.2,9.5,3.18,Y,Y,Y,1.44,DnUp
2/3/04,21.602,1.13,30.0,9.9,3.02,Y,Y,Y,1.43,DnUp
2/4/04,21.334,1.09,24.7,12.7,1.94,R,Y,Y,1.37,DnUp
2/5/04,21.396,1.1,26.0,12.6,2.06,Y,Y,Y,1.36,DnUp
2/6/04,21.719,1.14,32.0,10.7,3.0,G,G,Y,1.4,UpUp
2/9/04,21.779,1.14,32.0,9.1,3.52,G,Y,G,1.42,UpUp
2/10/04,21.91,1.16,34.6,9.0,3.87,G,G,G,1.45,UpUp
2/11/04,22.086,1.18,37.1,8.7,4.26,Y,G,G,1.5,UpUp
2/12/04,22.01,1.17,36.2,9.2,3.92,Y,Y,Y,1.5,UpUp
2/13/04,21.897,1.15,33.4,10.5,3.19,Y,Y,Y,1.47,UpUp
2/17/04,22.121,1.15,33.3,9.1,3.65,G,Y,Y,1.48,UpUp
2/18/04,22.043,1.13,31.5,10.4,3.03,R,Y,Y,1.48,DnUp
2/19/04,21.911,1.11,29.1,11.8,2.46,R,Y,Y,1.44,DnUp
2/20/04,21.811,1.1,27.2,12.7,2.14,R,Y,Y,1.4,DnUp
2/23/04,21.636,1.06,22.7,14.8,1.53,R,Y,Y,1.27,DnUp
2/24/04,21.612,1.05,21.8,15.7,1.38,Y,Y,Y,1.17,DnUp
2/25/04,21.733,1.06,24.2,14.9,1.63,Y,Y,Y,1.18,DnUp
2/26/04,21.847,1.08,26.0,14.3,1.82,Y,Y,Y,1.23,DnUp
2/27/04,21.929,1.09,27.8,13.9,2.01,Y,Y,Y,1.3,UpUp
3/1/04,22.181,1.11,30.2,11.8,2.56,Y,G,G,1.38,UpUp
3/2/04,22.084,1.1,28.8,12.9,2.24,Y,Y,Y,1.4,UpUp
3/3/04,22.073,1.1,28.8,13.0,2.22,Y,Y,Y,1.41,UpUp
3/4/04,22.202,1.12,30.6,12.1,2.53,G,G,G,1.44,UpUp
3/5/04,22.285,1.13,32.1,12.1,2.65,G,G,G,1.47,UpUp
3/8/04,22.139,1.09,26.1,13.4,1.95,R,Y,Y,1.44,DnUp
3/9/04,21.974,1.06,23.9,15.4,1.55,R,Y,Y,1.32,DnUp
3/10/04,21.664,1.02,19.3,19.3,1.0,R,Y,Y,1.12,DnUp
3/11/04,21.41,0.99,15.9,22.3,0.71,Y,R,R,0.95,DnDn
3/12/04,21.688,1.02,19.9,19.3,1.03,Y,Y,Y,0.95,DnDn
3/15/04,21.345,0.98,14.5,23.1,0.63,R,R,R,0.84,C/Dn
3/16/04,21.379,0.98,14.6,23.6,0.62,Y,Y,R,0.79,DnDn
3/17/04,21.657,1.01,18.4,20.7,0.89,Y,G,Y,0.85,NcDn
3/18/04,21.601,1.0,18.3,21.7,0.84,Y,Y,Y,0.88,UpDn
3/19/04,21.512,1.0,17.5,23.3,0.75,R,Y,R,0.84,DnDn
3/22/04,21.159,0.95,13.0,27.0,0.48,R,R,R,0.75,DnDn
3/23/04,21.176,0.95,13.6,27.1,0.5,Y,Y,Y,0.71,DnDn
3/24/04,21.095,0.94,12.9,28.6,0.45,R,R,R,0.69,DnDn
3/25/04,21.389,0.97,15.2,24.6,0.62,Y,Y,Y,0.75,DnDn
3/26/04,21.421,0.98,15.6,24.0,0.65,Y,Y,Y,0.8,DnDn
3/29/04,21.656,0.99,16.5,19.9,0.83,Y,Y,Y,0.87,UpDn
3/30/04,21.791,1.01,19.3,18.5,1.04,G,G,G,0.98,UpDn
3/31/04,21.851,1.02,20.8,18.2,1.14,Y,G,G,1.06,UpUp
4/1/04,22.015,1.04,23.0,17.5,1.31,G,G,G,1.15,UpUp
4/2/04,22.216,1.07,25.3,15.8,1.6,G,G,G,1.27,UpUp
4/5/04,22.318,1.05,23.1,14.6,1.58,G,G,G,1.35,C/Up
4/6/04,22.203,1.03,21.3,16.0,1.33,Y,Y,Y,1.32,UpUp
4/7/04,22.2,1.03,21.7,16.1,1.35,Y,Y,G,1.3,UpUp
4/8/04,22.174,1.03,21.6,17.1,1.26,Y,Y,Y,1.27,UpUp
4/12/04,22.208,1.03,22.6,17.5,1.29,Y,Y,Y,1.27,DnUp
4/13/04,21.896,0.99,18.5,21.0,0.88,R,R,R,1.13,DnUp
4/14/04,21.723,0.98,16.3,23.7,0.69,R,R,R,1.01,DnUp
4/15/04,21.707,0.97,16.2,24.3,0.67,R,R,R,0.94,DnDn
4/16/04,21.821,0.98,17.7,23.2,0.77,Y,Y,Y,0.94,DnDn
4/19/04,21.878,0.99,18.5,21.9,0.84,Y,Y,Y,0.96,DnDn
4/20/04,21.606,0.96,16.0,25.8,0.62,R,R,R,0.9,C/Dn
4/21/04,21.686,0.97,17.3,26.1,0.66,Y,Y,Y,0.89,DnDn
4/22/04,21.979,0.99,20.5,23.9,0.86,Y,Y,Y,0.96,UpDn
4/23/04,21.945,0.99,20.2,24.5,0.83,Y,Y,Y,0.99,UpDn
4/26/04,21.89,0.98,18.8,25.1,0.75,Y,R,R,0.98,UpDn
4/27/04,21.913,0.98,17.6,20.8,0.85,Y,Y,Y,0.99,UpDn
4/28/04,21.513,0.94,14.1,26.5,0.53,R,R,R,0.89,DnDn
4/29/04,21.297,0.9,11.5,31.0,0.37,R,R,R,0.79,DnDn
4/30/04,21.113,0.89,10.7,34.4,0.31,R,R,R,0.71,DnDn
5/3/04,21.245,0.91,12.6,31.9,0.4,Y,Y,Y,0.71,DnDn
5/4/04,21.339,0.92,13.7,30.5,0.45,Y,Y,Y,0.73,DnDn
5/5/04,21.41,0.93,14.6,30.8,0.47,Y,Y,Y,0.75,DnDn
5/6/04,21.18,0.9,12.6,33.8,0.37,R,Y,Y,0.71,DnDn
5/7/04,20.839,0.87,9.9,39.4,0.25,R,R,R,0.64,DnDn
5/10/04,20.448,0.83,6.2,42.5,0.15,R,R,R,0.59,DnDn
5/11/04,20.665,0.86,7.5,38.6,0.19,Y,Y,Y,0.58,DnDn
5/12/04,20.634,0.85,7.4,39.2,0.19,R,R,Y,0.57,DnDn
5/13/04,20.613,0.85,7.5,40.0,0.19,R,Y,Y,0.56,DnDn
5/14/04,20.562,0.85,7.8,41.0,0.19,R,Y,Y,0.55,DnDn
5/17/04,20.315,0.83,6.1,42.2,0.15,R,Y,Y,0.53,DnDn
5/18/04,20.481,0.84,6.9,40.0,0.17,Y,Y,Y,0.55,DnDn
5/19/04,20.494,0.85,7.1,39.5,0.18,Y,Y,Y,0.57,DnDn
5/20/04,20.483,0.84,7.4,40.2,0.18,R,R,Y,0.58,DnDn
5/21/04,20.59,0.86,8.4,38.5,0.22,Y,Y,Y,0.6,UpDn
5/24/04,20.722,0.88,8.9,32.1,0.28,Y,Y,Y,0.64,UpDn
5/25/04,21.026,0.92,12.1,28.1,0.43,G,Y,Y,0.73,UpDn
5/26/04,21.09,0.93,12.7,27.7,0.46,G,Y,Y,0.83,UpDn
5/27/04,21.182,0.94,13.9,26.8,0.52,Y,Y,Y,0.91,UpDn
5/28/04,21.208,0.95,14.8,26.2,0.56,G,Y,Y,0.96,UpDn
6/1/04,21.245,0.94,13.8,24.4,0.56,G,Y,Y,0.96,UpDn
6/2/04,21.281,0.95,14.8,24.0,0.62,G,Y,Y,1.02,UpUp
6/3/04,21.08,0.92,12.5,27.2,0.46,R,R,R,0.97,DnDn
6/4/04,21.208,0.94,14.0,26.1,0.54,Y,Y,Y,0.99,UnDn
6/7/04,21.506,0.97,17.9,21.5,0.83,G,Y,Y,1.09,UpUp
6/8/04,21.488,0.97,17.9,21.9,0.82,Y,Y,Y,1.13,UpUp
6/9/04,21.263,0.94,14.9,24.6,0.61,Y,R,R,1.07,DnUp
6/10/04,21.306,0.94,16.0,24.5,0.65,Y,Y,Y,1.06,UpUp
6/14/04,21.043,0.91,11.1,27.2,0.41,Y,R,R,0.97,DnDn
6/15/04,21.242,0.93,14.4,24.9,0.58,Y,Y,Y,0.98,DnDn
6/16/04,21.285,0.93,15.4,25.4,0.61,G,Y,Y,0.99,UpDn
6/17/04,21.279,0.93,16.4,25.5,0.64,R,Y,Y,0.99,DnDn
6/18/04,21.295,0.93,17.0,26.4,0.64,Y,Y,Y,1.0,DnUp
6/21/04,21.254,0.92,15.2,24.2,0.63,Y,Y,Y,0.99,UpDn
6/22/04,21.327,0.93,16.3,24.1,0.68,G,Y,Y,1.01,UpUp
6/23/04,21.51,0.95,18.9,22.8,0.83,G,Y,Y,1.08,UpUp
6/24/04,21.516,0.95,19.4,22.7,0.86,Y,Y,Y,1.11,UpUp
6/25/04,21.586,0.96,21.2,22.4,0.94,G,Y,Y,1.15,UpUp
6/28/04,21.552,0.95,19.2,20.6,0.93,Y,Y,Y,1.15,UpUp
6/29/04,21.611,0.96,20.4,20.4,1.0,G,Y,G,1.17,C/Up
6/30/04,21.744,0.98,23.5,19.5,1.2,G,Y,G,1.2,UpUp
7/1/04,21.551,0.96,20.1,21.7,0.93,Y,Y,Y,1.15,UpUp
7/2/04,21.555,0.96,20.9,21.9,0.96,Y,Y,Y,1.12,DnUp
7/6/04,21.355,0.95,18.0,21.6,0.83,Y,R,R,1.04,DnUp
7/7/04,21.374,0.95,19.1,21.9,0.87,Y,Y,R,1.0,DnUp
7/8/04,21.148,0.92,15.8,25.5,0.62,R,R,R,0.91,DnDn
7/9/04,21.211,0.93,17.1,24.4,0.7,Y,Y,Y,0.91,DnDn
7/12/04,21.176,0.93,17.2,23.3,0.74,R,Y,Y,0.87,DnDn
7/13/04,21.177,0.94,17.6,24.0,0.73,Y,Y,R,0.86,DnDn
7/14/04,21.118,0.93,17.4,26.3,0.66,R,R,R,0.84,C/Dn
7/15/04,21.12,0.93,18.4,26.3,0.7,Y,Y,Y,0.83,DnDn
7/16/04,21.013,0.92,18.0,28.8,0.63,R,R,R,0.8,DnDn
7/19/04,20.983,0.93,17.8,26.0,0.69,R,Y,Y,0.79,DnDn
7/20/04,21.118,0.95,19.6,24.3,0.81,Y,Y,Y,0.83,DnDn
7/21/04,20.822,0.91,15.4,28.3,0.54,R,R,R,0.77,DnDn
7/22/04,20.757,0.9,13.8,29.2,0.47,R,R,R,0.73,DnDn
7/23/04,20.576,0.88,12.1,32.1,0.38,R,R,R,0.68,DnDn
7/26/04,20.43,0.87,10.2,31.6,0.32,R,R,R,0.64,DnDn
7/27/04,20.641,0.9,13.1,29.4,0.45,Y,Y,Y,0.67,DnDn
7/28/04,20.617,0.9,13.8,30.9,0.45,R,Y,Y,0.69,DnDn
7/29/04,20.788,0.92,16.4,29.2,0.56,Y,Y,Y,0.74,UpDn
7/30/04,20.863,0.94,17.8,28.0,0.64,Y,Y,Y,0.79,UpDn
8/2/04,20.872,0.93,16.7,26.5,0.63,Y,Y,Y,0.81,UpDn
8/3/04,20.76,0.92,15.7,29.1,0.54,Y,Y,Y,0.8,UpDn
8/4/04,20.704,0.91,15.0,30.3,0.49,Y,Y,Y,0.78,UpDn
8/5/04,20.44,0.88,11.9,34.1,0.35,R,R,R,0.72,DnDn
8/6/04,20.143,0.85,9.9,38.5,0.26,R,R,R,0.65,DnDn
8/9/04,20.117,0.85,8.8,36.8,0.24,R,Y,R,0.62,DnDn
8/10/04,20.349,0.88,11.0,33.8,0.33,Y,Y,Y,0.65,DnDn
8/11/04,20.25,0.86,10.3,36.1,0.29,R,R,R,0.65,DnDn
8/12/04,20.047,0.84,8.8,39.3,0.22,R,R,R,0.62,DnDn
8/13/04,20.055,0.84,9.4,39.6,0.24,Y,Y,Y,0.61,DnDn
8/16/04,20.306,0.86,10.0,35.0,0.29,Y,Y,Y,0.65,UpDn
8/17/04,20.367,0.87,11.1,33.8,0.33,G,Y,Y,0.69,UpDn
8/18/04,20.595,0.91,14.4,30.7,0.47,Y,Y,Y,0.77,UpDn
8/19/04,20.534,0.9,13.9,31.7,0.44,Y,Y,Y,0.8,UpDn
8/20/04,20.737,0.93,17.0,29.6,0.57,G,Y,Y,0.88,UpDn
8/23/04,20.665,0.91,12.7,28.4,0.45,Y,Y,Y,0.9,UpDn
8/24/04,20.672,0.91,13.6,28.8,0.47,Y,Y,Y,0.92,UpDn
8/25/04,20.812,0.93,15.8,27.4,0.58,G,Y,Y,0.97,UpDn
8/26/04,20.807,0.92,15.6,28.2,0.55,Y,Y,Y,1.0,UpUp
8/27/04,20.887,0.94,17.1,26.9,0.63,G,Y,Y,1.04,UpUp
8/30/04,20.747,0.92,14.1,25.8,0.54,Y,Y,Y,1.01,UpUp
8/31/04,20.835,0.94,16.6,25.2,0.66,G,Y,Y,1.03,UpUp
9/1/04,20.934,0.95,18.3,24.6,0.74,G,Y,Y,1.07,UpUp
9/2/04,21.12,0.97,21.9,23.3,0.94,G,Y,Y,1.15,UpUp
9/3/04,21.059,0.96,21.2,24.3,0.87,Y,Y,Y,1.15,UpUp
9/7/04,21.209,0.97,22.2,21.0,1.06,G,Y,G,1.2,C/Up
9/8/04,21.129,0.96,20.4,22.3,0.91,Y,Y,Y,1.18,UpUp
9/9/04,21.235,0.98,23.2,21.3,1.09,G,Y,G,1.21,UpUp
9/10/04,21.326,1.0,24.7,20.2,1.23,G,Y,G,1.26,UpUp
9/13/04,21.42,1.0,24.5,17.8,1.38,G,Y,G,1.31,UpUp
9/14/04,21.43,1.0,23.9,18.1,1.32,G,Y,Y,1.33,UpUp
9/15/04,21.351,0.99,22.6,19.1,1.18,Y,Y,Y,1.3,UpUp
9/16/04,21.47,1.01,26.0,18.4,1.41,G,G,G,1.34,UpUp
9/17/04,21.5,1.01,26.8,18.6,1.44,G,Y,G,1.36,UpUp
9/20/04,21.445,1.01,23.8,16.4,1.45,Y,Y,G,1.36,UpUp
9/21/04,21.612,1.03,28.1,16.6,1.69,G,G,G,1.41,UpUp
9/22/04,21.378,1.0,23.0,18.0,1.28,Y,Y,Y,1.31,UpUp
9/23/04,21.346,1.0,22.9,18.3,1.25,Y,Y,Y,1.25,DnUp
9/24/04,21.376,1.0,24.2,18.6,1.3,Y,Y,Y,1.22,DnUp
9/27/04,21.228,1.0,20.7,17.5,1.18,R,Y,Y,1.16,DnUp
9/28/04,21.363,1.01,23.9,17.5,1.37,Y,Y,Y,1.17,DnUp
9/29/04,21.48,1.03,26.0,17.0,1.53,G,G,G,1.22,UpUp
9/30/04,21.556,1.04,28.1,16.3,1.72,G,G,G,1.29,UpUp
10/1/04,21.859,1.08,34.0,15.2,2.23,G,G,G,1.42,UpUp
10/4/04,21.946,1.08,34.3,12.9,2.65,Y,Y,G,1.49,UpUp
10/5/04,21.929,1.08,33.8,13.2,2.55,Y,Y,Y,1.52,UpUp
10/6/04,22.06,1.09,36.2,13.2,2.73,G,G,G,1.55,UpUp
10/7/04,21.876,1.07,32.2,14.1,2.28,Y,Y,Y,1.52,UpUp
10/8/04,21.743,1.06,29.6,15.1,1.96,Y,Y,Y,1.45,DnUp
10/11/04,21.769,1.06,30.1,13.3,2.27,Y,Y,Y,1.44,DnUp
10/12/04,21.718,1.06,29.1,13.6,2.14,R,Y,Y,1.42,DnUp
10/13/04,21.539,1.04,24.9,14.6,1.7,Y,Y,Y,1.32,DnUp
10/14/04,21.422,1.02,22.8,16.4,1.4,R,Y,Y,1.2,DnUp
10/15/04,21.532,1.04,26.1,16.2,1.61,Y,Y,Y,1.19,DnUp
10/18/04,21.59,1.04,25.7,14.6,1.76,Y,Y,Y,1.22,DnUp
10/19/04,21.468,1.03,24.2,16.0,1.52,R,Y,Y,1.17,DnUp
10/20/04,21.518,1.04,25.9,16.1,1.6,Y,Y,Y,1.17,DnUp
10/21/04,21.663,1.06,28.4,15.6,1.81,Y,G,G,1.23,UpUp
10/22/04,21.508,1.04,25.5,16.9,1.51,R,Y,Y,1.18,DnUp
10/25/04,21.539,1.04,26.6,17.1,1.55,Y,Y,Y,1.16,DnUp
10/26/04,21.732,1.06,28.9,15.0,1.92,Y,G,G,1.25,UpUp
10/27/04,21.972,1.09,32.4,14.2,2.27,G,G,G,1.36,UpUp
10/28/04,21.971,1.09,32.1,14.4,2.24,Y,Y,Y,1.41,UpUp
10/29/04,21.99,1.1,32.9,14.6,2.26,Y,G,G,1.44,UpUp
11/1/04,22.043,1.08,29.8,14.1,2.11,G,Y,Y,1.45,UpUp
11/2/04,22.033,1.07,29.4,14.6,2.02,Y,Y,Y,1.45,UpUp
11/3/04,22.286,1.1,34.8,13.8,2.53,G,G,G,1.5,UpUp
11/4/04,22.514,1.12,38.2,13.7,2.78,G,G,G,1.55,UpUp
11/5/04,22.594,1.13,38.9,13.4,2.91,G,G,G,1.59,UpUp
11/8/04,22.559,1.09,33.7,12.7,2.64,Y,Y,Y,1.59,UpUp
11/9/04,22.624,1.09,35.0,13.1,2.66,G,Y,G,1.6,UpUp
11/10/04,22.684,1.1,35.8,13.1,2.72,G,Y,G,1.61,UpUp
11/11/04,22.869,1.12,38.9,12.9,3.02,G,Y,G,1.64,UpUp
11/12/04,23.057,1.14,41.0,12.5,3.28,G,G,G,1.67,UpUp
11/15/04,23.105,1.11,38.8,11.6,3.34,G,Y,G,1.67,UpUp
11/16/04,22.974,1.1,36.9,12.4,2.97,Y,Y,Y,1.65,UpUp
11/17/04,23.116,1.12,39.3,12.0,3.27,G,G,G,1.66,UpUp
11/18/04,23.121,1.12,38.9,11.9,3.26,Y,Y,Y,1.66,UpUp
11/19/04,22.953,1.11,35.6,12.5,2.83,Y,Y,Y,1.62,DnUp
11/22/04,23.102,1.11,36.6,11.4,3.21,Y,Y,Y,1.63,DnUp
11/23/04,23.164,1.11,38.0,12.0,3.17,G,Y,Y,1.63,UpUp
11/24/04,23.308,1.13,40.0,11.5,3.47,G,G,G,1.64,UpUp
11/26/04,23.386,1.14,41.1,10.9,3.76,G,G,G,1.65,UpUp
11/29/04,23.419,1.12,38.9,10.6,3.69,G,Y,Y,1.65,UpUp
11/30/04,23.379,1.12,37.6,10.9,3.45,Y,Y,Y,1.63,UpUp
12/1/04,23.629,1.14,41.1,10.7,3.83,G,G,G,1.64,UpUp
12/2/04,23.579,1.13,39.9,11.0,3.63,Y,Y,Y,1.64,UpUp
12/3/04,23.62,1.14,40.3,10.8,3.74,G,Y,Y,1.64,UpUp
12/6/04,23.583,1.12,37.6,10.2,3.68,Y,Y,Y,1.61,UpUp
12/7/04,23.288,1.08,31.7,11.7,2.72,R,Y,Y,1.53,DnUp
12/8/04,23.363,1.08,32.9,12.0,2.74,Y,Y,Y,1.49,DnUp
12/9/04,23.382,1.08,32.8,12.1,2.7,Y,Y,Y,1.47,DnUp
12/10/04,23.422,1.09,33.7,12.2,2.77,Y,Y,Y,1.46,DnUp
12/13/04,23.605,1.11,35.8,10.7,3.33,G,Y,Y,1.49,UpUp
12/14/04,23.71,1.12,37.6,11.2,3.35,Y,G,G,1.51,UpUp
12/15/04,23.839,1.14,39.5,10.5,3.75,G,G,G,1.53,UpUp
12/16/04,23.759,1.13,37.9,11.1,3.41,Y,Y,Y,1.52,UpUp
12/17/04,23.748,1.13,37.5,10.7,3.49,Y,Y,G,1.5,UpUp
12/20/04,23.722,1.09,32.7,10.9,3.0,Y,Y,Y,1.48,UpUp
12/21/04,23.899,1.11,36.3,10.8,3.36,G,Y,G,1.5,UpUp
12/22/04,23.964,1.12,37.5,10.4,3.61,G,Y,Y,1.51,UpUp
12/23/04,24.011,1.13,38.0,10.1,3.75,G,Y,G,1.52,UpUp
12/27/04,23.943,1.11,34.9,9.3,3.77,Y,Y,G,1.51,UpUp
12/28/04,24.161,1.14,38.8,9.1,4.24,G,G,G,1.54,UpUp
12/29/04,24.172,1.14,38.9,8.9,4.36,G,Y,G,1.55,UpUp
12/30/04,24.212,1.15,39.7,8.6,4.64,G,G,G,1.55,UpUp
12/31/04,24.211,1.17,40.4,7.9,5.11,Y,G,G,1.55,UpUp
1/3/05,23.92,1.13,34.0,8.7,3.9,R,Y,Y,1.48,DnUp
1/4/05,23.588,1.08,27.4,10.6,2.6,Y,Y,Y,1.39,DnUp
1/5/05,23.355,1.05,22.7,12.3,1.85,Y,Y,Y,1.29,DnUp
1/6/05,23.417,1.06,23.7,12.3,1.93,Y,Y,Y,1.26,DnUp
1/7/05,23.321,1.05,22.1,13.7,1.61,R,Y,Y,1.18,DnUp
1/10/05,23.435,1.07,21.3,11.2,1.91,Y,Y,Y,1.21,DnUp
1/11/05,23.29,1.04,19.4,13.9,1.4,R,Y,Y,1.11,DnUp
1/12/05,23.334,1.04,20.5,14.2,1.45,Y,Y,Y,1.07,DnUp
1/13/05,23.266,1.04,19.9,15.5,1.29,R,Y,Y,1.02,DnUp
1/14/05,23.437,1.06,22.8,13.8,1.65,Y,G,G,1.08,UpUp
1/18/05,23.617,1.05,21.8,11.7,1.86,Y,Y,G,1.17,UpUp
1/19/05,23.458,1.03,20.3,14.5,1.4,Y,Y,Y,1.11,UpUp
1/20/05,23.284,1.01,18.2,16.8,1.08,Y,Y,Y,1.0,UpUp
1/21/05,23.235,1.01,18.1,17.3,1.05,R,Y,Y,0.94,DnDn
1/24/05,23.093,0.98,14.7,18.7,0.78,R,R,R,0.86,DnDn
1/25/05,23.131,0.98,15.3,18.9,0.81,Y,R,R,0.84,DnDn
1/26/05,23.334,1.0,17.9,17.4,1.03,Y,Y,Y,0.89,DnDn
1/27/05,23.375,1.0,18.7,18.0,1.04,G,Y,Y,0.92,UpDn
1/28/05,23.32,1.0,18.3,18.9,0.97,Y,Y,R,0.92,UpDn
1/31/05,23.566,1.03,21.3,16.1,1.32,Y,G,G,1.02,UpUp
2/1/05,23.714,1.02,20.4,14.4,1.42,G,Y,G,1.11,UpUp
2/2/05,23.839,1.04,22.5,13.9,1.61,G,G,G,1.21,UpUp
2/3/05,23.789,1.03,22.2,15.3,1.45,Y,Y,Y,1.22,UpUp
2/4/05,24.028,1.06,25.1,14.4,1.75,G,G,G,1.31,UpUp
2/7/05,24.024,1.03,21.8,13.9,1.57,Y,Y,Y,1.33,UpUp
2/8/05,24.065,1.04,22.6,14.1,1.61,G,G,G,1.35,UpUp
2/9/05,23.824,1.01,19.8,16.5,1.2,Y,Y,Y,1.24,DnUp
2/10/05,23.884,1.01,20.7,17.2,1.21,G,Y,Y,1.2,UpUp
2/11/05,24.073,1.03,23.3,16.1,1.44,G,Y,Y,1.26,UpUp
2/14/05,24.118,1.02,21.0,14.7,1.43,G,Y,Y,1.3,UpUp
2/15/05,24.156,1.02,22.5,15.2,1.48,G,Y,Y,1.33,UpUp
2/16/05,24.206,1.03,23.1,15.6,1.48,G,G,Y,1.35,UpUp
2/17/05,24.071,1.01,21.5,17.4,1.24,Y,Y,Y,1.29,UpUp
2/18/05,24.052,1.01,21.3,17.8,1.2,Y,Y,Y,1.24,DnUp
2/22/05,23.756,0.98,16.4,19.4,0.84,Y,R,R,1.11,DnUp
2/23/05,23.825,0.98,17.2,19.8,0.87,Y,Y,Y,1.05,DnUp
2/24/05,23.988,0.99,19.1,19.1,1.0,Y,Y,Y,1.07,DnUp
2/25/05,24.236,1.01,22.3,18.2,1.23,G,Y,G,1.16,UpUp
2/28/05,24.142,1.0,21.0,17.1,1.23,Y,Y,Y,1.18,UpUp
3/1/05,24.243,1.01,22.6,16.9,1.34,G,G,G,1.22,UpUp
3/2/05,24.227,1.01,22.1,17.5,1.26,Y,Y,Y,1.22,UpUp
3/3/05,24.254,1.01,22.7,17.9,1.27,G,Y,G,1.23,UpUp
3/4/05,24.443,1.03,25.6,17.7,1.45,G,G,G,1.29,UpUp
3/7/05,24.467,1.02,23.6,16.9,1.4,G,Y,Y,1.31,UpUp
3/8/05,24.346,1.0,22.4,18.1,1.24,Y,Y,Y,1.26,UpUp
3/9/05,24.137,0.98,19.8,19.2,1.03,R,R,Y,1.16,DnUp
3/10/05,24.037,0.97,17.8,20.2,0.88,Y,R,R,1.06,DnUp
3/11/05,23.992,0.96,18.0,21.2,0.85,Y,R,R,1.0,DnUp
3/14/05,24.069,0.97,18.2,19.3,0.95,Y,Y,Y,0.99,DnDn
3/15/05,23.974,0.96,17.4,20.7,0.84,R,R,R,0.95,DnDn
3/16/05,23.814,0.95,15.5,21.9,0.71,R,R,R,0.89,C/Dn
3/17/05,23.872,0.95,16.4,22.0,0.74,Y,Y,Y,0.87,DnDn
3/18/05,23.808,0.95,16.1,23.3,0.69,R,Y,R,0.85,DnDn
3/21/05,23.734,0.94,14.7,21.6,0.68,R,R,R,0.82,DnDn
3/22/05,23.591,0.93,13.8,23.3,0.59,R,R,R,0.78,DnDn
3/23/05,23.399,0.91,11.7,26.3,0.44,R,R,R,0.72,DnDn
3/24/05,23.45,0.91,12.5,25.8,0.49,Y,Y,Y,0.7,DnDn
3/28/05,23.421,0.93,11.9,23.5,0.51,R,Y,Y,0.7,DnDn
3/29/05,23.163,0.9,9.6,27.3,0.35,R,R,R,0.66,DnDn
3/30/05,23.402,0.92,11.9,25.2,0.47,Y,Y,Y,0.69,UnDn
3/31/05,23.454,0.93,13.3,24.8,0.54,Y,Y,Y,0.72,UnDn
4/1/05,23.391,0.92,12.9,26.8,0.48,R,Y,R,0.72,DnDn
4/4/05,23.405,0.92,12.1,24.5,0.49,Y,Y,Y,0.73,DnDn
4/5/05,23.468,0.93,12.7,25.1,0.51,Y,Y,Y,0.75,UpDn
4/6/05,23.515,0.93,13.1,25.1,0.52,G,Y,Y,0.77,UpDn
4/7/05,23.627,0.94,14.2,24.3,0.59,G,Y,Y,0.81,UpDn
4/8/05,23.449,0.93,12.5,25.9,0.48,Y,Y,Y,0.79,UpDn
4/11/05,23.388,0.92,10.4,25.3,0.41,R,Y,R,0.77,DnDn
4/12/05,23.471,0.92,11.5,25.1,0.46,Y,Y,Y,0.78,UnDn
4/13/05,23.215,0.9,9.2,29.1,0.32,Y,R,R,0.74,DnDn
4/14/05,22.92,0.86,7.4,33.6,0.22,Y,R,R,0.68,DnDn
4/15/05,22.563,0.84,6.0,40.2,0.15,R,R,R,0.63,DnDn
4/18/05,22.597,0.85,5.1,35.9,0.14,Y,Y,R,0.61,DnDn
4/19/05,22.849,0.88,7.1,31.5,0.23,Y,Y,Y,0.63,DnDn
4/20/05,22.584,0.86,6.1,36.1,0.17,R,R,R,0.61,DnDn
4/21/05,22.916,0.89,8.7,31.3,0.28,Y,Y,Y,0.65,UnDn
4/22/05,22.746,0.88,8.0,34.8,0.23,Y,Y,Y,0.64,UpDn
4/25/05,22.934,0.89,7.9,30.8,0.26,G,Y,Y,0.67,UpDn
4/26/05,22.743,0.87,6.9,34.4,0.2,R,R,R,0.66,DnDn
4/27/05,22.699,0.86,7.1,36.0,0.2,Y,Y,Y,0.65,UpDn
4/28/05,22.428,0.84,6.1,40.9,0.15,R,R,R,0.62,DnDn
4/29/05,22.562,0.86,8.1,38.9,0.21,Y,Y,Y,0.62,DnDn
5/2/05,22.676,0.87,7.8,34.7,0.22,Y,Y,Y,0.65,DnDn
5/3/05,22.671,0.87,8.0,35.4,0.22,R,R,Y,0.67,DnDn
5/4/05,22.945,0.9,10.8,32.4,0.33,G,Y,Y,0.77,UpDn
5/5/05,22.973,0.9,11.2,31.9,0.35,Y,Y,Y,0.83,UpDn
5/6/05,22.999,0.91,11.7,31.6,0.37,G,Y,Y,0.87,UpDn
5/9/05,23.126,0.92,12.5,27.9,0.45,G,Y,Y,0.92,UpDn
5/10/05,22.946,0.91,11.4,30.2,0.38,Y,Y,Y,0.89,UpDn
5/11/05,22.974,0.91,12.0,31.0,0.39,G,Y,Y,0.88,UpDn
5/12/05,22.736,0.89,10.1,34.0,0.3,R,R,R,0.82,DnDn
5/13/05,22.623,0.89,9.9,35.6,0.28,Y,Y,R,0.78,DnDn
5/16/05,22.794,0.91,11.1,31.2,0.36,Y,Y,Y,0.79,DnDn
5/17/05,22.893,0.91,12.7,30.6,0.41,Y,Y,Y,0.82,DnDn
5/18/05,23.179,0.94,16.8,27.8,0.6,G,Y,Y,0.93,UpDn
5/19/05,23.26,0.95,18.0,27.5,0.66,Y,Y,Y,1.01,UpUp
5/20/05,23.253,0.95,18.1,27.4,0.66,Y,Y,Y,1.04,UpUp
5/23/05,23.363,0.96,17.5,23.6,0.74,G,Y,Y,1.09,UpUp
5/24/05,23.36,0.96,17.6,24.5,0.72,Y,Y,Y,1.11,UpUp
5/25/05,23.229,0.94,15.6,25.4,0.61,Y,Y,Y,1.08,UpUp
5/26/05,23.404,0.96,18.2,24.1,0.76,G,Y,Y,1.12,UpUp
5/27/05,23.489,0.98,19.8,22.9,0.86,G,Y,Y,1.16,UpUp
5/31/05,23.448,0.98,19.7,20.2,0.97,Y,Y,Y,1.18,UpUp
6/1/05,23.612,1.0,23.5,19.6,1.2,G,Y,G,1.25,C/Up
6/2/05,23.661,1.01,24.8,18.9,1.31,G,G,G,1.3,UpUp
6/3/05,23.563,1.0,23.4,19.8,1.18,Y,Y,Y,1.28,UpUp
6/6/05,23.618,1.01,24.2,17.7,1.37,G,G,G,1.3,UpUp
6/7/05,23.632,1.01,24.8,18.3,1.35,G,Y,Y,1.3,UpUp
6/8/05,23.561,1.0,24.0,19.2,1.25,Y,Y,Y,1.26,DnUp
6/9/05,23.614,1.01,26.4,19.2,1.38,Y,Y,G,1.26,DnUp
6/10/05,23.609,1.01,25.9,19.0,1.37,Y,Y,Y,1.26,UpUp
6/13/05,23.688,1.02,26.2,16.3,1.6,G,G,G,1.3,UpUp
6/14/05,23.788,1.03,28.2,15.9,1.77,G,G,G,1.36,UpUp
6/15/05,23.87,1.04,29.8,15.7,1.91,G,G,G,1.42,UpUp
6/16/05,24.013,1.06,32.9,15.2,2.17,G,G,G,1.48,UpUp
6/17/05,24.065,1.07,34.0,14.7,2.32,G,G,G,1.51,UpUp
6/20/05,24.007,1.06,29.9,13.4,2.23,Y,Y,Y,1.51,UpUp
6/21/05,23.982,1.05,30.0,14.0,2.14,Y,Y,Y,1.5,UpUp
6/22/05,24.017,1.06,31.4,14.1,2.24,G,G,G,1.5,UpUp
6/23/05,23.806,1.03,27.2,15.9,1.71,Y,Y,Y,1.4,DnUp
6/24/05,23.674,1.02,25.2,16.7,1.51,Y,Y,Y,1.29,DnUp
6/27/05,23.66,1.03,24.6,14.8,1.66,R,Y,Y,1.26,DnUp
6/28/05,23.909,1.05,30.0,14.0,2.14,Y,Y,Y,1.34,DnUp
6/29/05,23.949,1.05,30.6,14.7,2.07,Y,Y,Y,1.38,DnUp
6/30/05,23.893,1.05,29.6,14.4,2.06,Y,Y,Y,1.38,UpUp
7/1/05,23.969,1.06,31.2,14.3,2.18,G,G,G,1.39,UpUp
7/5/05,24.174,1.08,32.9,12.0,2.74,G,G,G,1.43,UpUp
7/6/05,24.092,1.08,31.3,12.6,2.49,Y,Y,Y,1.43,UpUp
7/7/05,24.125,1.08,32.0,12.9,2.49,G,Y,Y,1.44,UpUp
7/8/05,24.408,1.11,36.5,12.4,2.94,G,G,G,1.49,UpUp
7/11/05,24.612,1.11,37.2,10.9,3.41,G,G,G,1.54,UpUp
7/12/05,24.657,1.12,37.9,11.0,3.44,G,G,G,1.57,UpUp
7/13/05,24.596,1.11,37.6,11.2,3.37,Y,Y,Y,1.56,UpUp
7/14/05,24.536,1.1,35.7,11.0,3.25,Y,Y,Y,1.54,UpUp
7/15/05,24.546,1.11,35.8,11.6,3.1,G,Y,Y,1.53,UpUp
7/18/05,24.46,1.09,32.0,10.4,3.08,Y,Y,Y,1.5,DnUp
7/19/05,24.673,1.11,36.4,10.4,3.49,G,Y,G,1.52,UpUp
7/20/05,24.861,1.13,39.4,10.2,3.87,G,G,G,1.56,UpUp
7/21/05,24.694,1.12,36.6,11.0,3.33,Y,Y,Y,1.54,UpUp
7/22/05,24.871,1.14,39.2,10.8,3.62,G,G,G,1.56,UpUp
7/25/05,24.767,1.1,33.1,10.4,3.2,Y,Y,Y,1.53,UpUp
7/26/05,24.826,1.11,34.7,10.4,3.32,G,Y,Y,1.53,UpUp
7/27/05,24.894,1.11,35.2,11.0,3.2,G,Y,Y,1.53,UpUp
7/28/05,25.106,1.13,38.4,11.2,3.42,G,G,G,1.56,UpUp
7/29/05,25.05,1.12,37.0,11.3,3.28,Y,Y,Y,1.55,UpUp
8/1/05,25.121,1.12,35.9,10.5,3.43,G,Y,G,1.56,UpUp
8/2/05,25.284,1.13,38.2,10.8,3.53,G,G,G,1.59,UpUp
8/3/05,25.25,1.13,37.6,10.9,3.45,Y,Y,Y,1.59,UpUp
8/4/05,25.038,1.1,32.9,11.9,2.77,Y,Y,Y,1.54,DnUp
8/5/05,24.782,1.08,29.1,13.1,2.22,R,Y,Y,1.46,DnUp
8/8/05,24.685,1.05,24.2,13.1,1.85,Y,Y,Y,1.37,DnUp
8/9/05,24.758,1.06,25.1,13.6,1.85,Y,Y,Y,1.34,DnUp
8/10/05,24.779,1.05,25.1,14.4,1.75,Y,Y,Y,1.3,DnUp
8/11/05,24.921,1.07,27.7,14.4,1.93,Y,Y,Y,1.33,DnUp
8/12/05,24.786,1.06,26.2,15.5,1.69,Y,Y,Y,1.28,UpUp
8/15/05,24.865,1.05,25.6,13.9,1.84,G,Y,Y,1.29,UpUp
8/16/05,24.594,1.02,21.5,16.1,1.33,R,Y,Y,1.16,DnUp
8/17/05,24.569,1.02,21.0,16.2,1.29,R,Y,Y,1.09,DnUp
8/18/05,24.48,1.01,19.0,17.3,1.1,R,Y,Y,1.01,DnUp
8/19/05,24.525,1.02,20.5,17.2,1.2,Y,Y,Y,0.99,DnDn
8/22/05,24.61,1.02,20.5,15.5,1.33,Y,Y,Y,1.01,DnUp
8/23/05,24.555,1.02,19.8,16.0,1.24,R,Y,Y,1.0,DnUp
8/24/05,24.505,1.01,19.2,17.0,1.13,R,Y,Y,0.98,DnDn
8/25/05,24.557,1.02,20.2,16.7,1.21,Y,G,G,0.99,UpDn
8/26/05,24.367,1.01,18.1,18.2,1.0,R,Y,Y,0.94,DnDn
8/29/05,24.515,1.01,17.8,16.3,1.09,Y,Y,Y,0.95,DnDn
8/30/05,24.461,1.01,17.4,17.1,1.02,R,Y,Y,0.94,DnDn
8/31/05,24.767,1.04,21.8,16.1,1.35,Y,G,G,1.03,UpUp
9/1/05,24.856,1.04,23.3,17.0,1.37,G,Y,G,1.1,UpUp
9/2/05,24.769,1.04,23.3,17.2,1.35,Y,Y,Y,1.11,UpUp
9/6/05,25.012,1.04,23.6,14.7,1.6,Y,Y,G,1.2,UpUp
9/7/05,25.081,1.05,24.3,14.6,1.67,G,G,G,1.26,UpUp
9/8/05,24.988,1.04,23.2,15.6,1.48,Y,Y,Y,1.25,UpUp
9/9/05,25.183,1.06,25.9,15.3,1.69,G,G,G,1.31,UpUp
9/12/05,25.167,1.06,24.2,14.0,1.73,Y,Y,G,1.34,UpUp
9/13/05,24.988,1.04,21.6,15.1,1.43,R,Y,Y,1.27,DnUp
9/14/05,24.912,1.03,20.5,16.0,1.28,Y,Y,Y,1.19,DnUp
9/15/05,24.903,1.03,20.7,16.9,1.22,R,Y,Y,1.15,DnUp
9/16/05,25.044,1.04,23.0,17.1,1.34,Y,Y,Y,1.18,DnUp
9/19/05,24.972,1.02,19.2,16.8,1.14,R,Y,Y,1.14,DnUp
9/20/05,24.819,1.01,18.3,18.5,0.99,R,Y,R,1.07,DnUp
9/21/05,24.603,0.99,16.5,22.5,0.73,R,R,R,0.96,C/Dn
9/22/05,24.589,0.98,16.2,22.9,0.71,R,R,R,0.9,DnDn
9/23/05,24.646,0.99,16.8,21.8,0.77,Y,Y,Y,0.9,DnDn
9/26/05,24.761,1.0,16.9,18.6,0.91,Y,Y,Y,0.93,DnDn
9/27/05,24.754,0.99,16.7,19.7,0.85,R,R,R,0.94,DnDn
9/28/05,24.755,0.99,16.9,20.9,0.81,Y,Y,Y,0.94,UpDn
9/29/05,24.963,1.01,19.3,20.3,0.95,Y,G,Y,0.99,UpDn
9/30/05,25.031,1.02,20.9,19.4,1.07,G,G,G,1.06,UpUp
10/3/05,25.081,1.01,19.2,17.8,1.08,G,Y,G,1.1,UpUp
10/4/05,24.895,1.0,17.7,19.0,0.93,Y,Y,Y,1.05,UpUp
10/5/05,24.43,0.96,13.1,23.8,0.55,R,R,R,0.9,DnDn
10/6/05,24.211,0.93,10.7,26.1,0.41,R,R,R,0.79,DnDn
10/7/05,24.34,0.95,12.4,25.0,0.5,Y,Y,Y,0.76,DnDn
10/10/05,24.17,0.93,9.7,25.5,0.38,Y,R,R,0.72,DnDn
10/11/05,24.063,0.91,9.5,28.8,0.33,R,R,R,0.68,DnDn
10/12/05,23.785,0.88,7.5,34.0,0.22,R,R,R,0.62,DnDn
10/13/05,23.702,0.87,6.9,35.4,0.19,R,R,R,0.59,DnDn
10/14/05,23.926,0.9,8.6,31.9,0.27,Y,Y,Y,0.6,DnDn
10/17/05,23.981,0.92,8.6,26.0,0.33,Y,Y,Y,0.62,DnDn
10/18/05,23.745,0.9,7.6,30.1,0.25,R,R,R,0.6,DnDn
10/19/05,23.991,0.92,9.6,27.2,0.35,Y,Y,Y,0.63,UpDn
10/20/05,23.692,0.9,7.8,32.2,0.24,R,Y,Y,0.6,DnDn
10/21/05,23.78,0.91,9.1,30.1,0.3,Y,Y,Y,0.61,DnDn
10/24/05,24.144,0.95,11.8,23.2,0.51,G,Y,Y,0.7,UpDn
10/25/05,24.082,0.94,11.4,24.3,0.47,Y,Y,Y,0.74,UpDn
10/26/05,24.011,0.94,10.8,26.0,0.42,Y,Y,Y,0.75,UpDn
10/27/05,23.664,0.9,8.6,31.5,0.27,R,Y,Y,0.7,DnDn
10/28/05,23.959,0.93,11.6,28.8,0.4,G,Y,Y,0.74,UpDn
10/31/05,24.241,0.96,13.5,23.1,0.58,G,Y,Y,0.84,UpDn
11/1/05,24.211,0.95,14.2,23.3,0.61,Y,Y,Y,0.88,UpDn
11/2/05,24.521,0.98,18.9,21.7,0.87,G,Y,Y,0.99,UpDn
11/3/05,24.601,0.99,19.6,21.4,0.91,Y,Y,Y,1.06,UpUp
11/4/05,24.562,0.99,19.4,21.6,0.9,Y,Y,Y,1.09,UpUp
11/7/05,24.628,0.98,18.0,20.3,0.89,G,Y,Y,1.12,UpUp
11/8/05,24.534,0.97,17.0,21.7,0.78,Y,Y,Y,1.1,UpUp
11/9/05,24.59,0.97,18.5,22.0,0.84,G,Y,Y,1.1,UpUp
11/10/05,24.687,0.98,20.8,22.5,0.92,G,Y,Y,1.14,UpUp
11/11/05,24.779,0.99,22.4,22.4,1.0,G,Y,Y,1.18,UpUp
11/14/05,24.739,0.98,19.8,21.1,0.94,Y,Y,Y,1.19,UpUp
11/15/05,24.584,0.96,17.7,23.3,0.76,Y,R,R,1.14,UpUp
11/16/05,24.593,0.95,17.5,24.0,0.73,Y,R,R,1.1,UnUp
11/17/05,24.882,0.98,21.8,22.8,0.96,G,Y,Y,1.16,UpUp
11/18/05,24.976,0.99,23.6,22.2,1.07,G,Y,G,1.22,C/Up
11/21/05,25.126,1.0,25.2,19.2,1.31,G,Y,G,1.3,UpUp
11/22/05,25.232,1.01,26.8,19.0,1.41,G,G,G,1.36,UpUp
11/23/05,25.293,1.02,27.8,18.3,1.51,G,G,G,1.42,UpUp
11/25/05,25.336,1.02,28.1,18.5,1.52,G,Y,G,1.44,UpUp
11/28/05,25.077,0.98,22.6,18.5,1.22,Y,R,Y,1.34,DnUp
11/29/05,25.099,0.98,23.8,19.5,1.22,Y,Y,Y,1.29,DnUp
11/30/05,25.096,0.99,24.5,18.8,1.3,Y,Y,Y,1.27,DnUp
12/1/05,25.419,1.02,30.1,17.8,1.69,G,Y,G,1.38,UpUp
12/2/05,25.456,1.03,30.5,17.4,1.75,G,G,G,1.44,UpUp
12/5/05,25.398,1.02,28.4,16.0,1.78,Y,Y,G,1.46,UpUp
12/6/05,25.445,1.02,29.5,16.5,1.78,G,Y,Y,1.46,UpUp
12/7/05,25.331,1.01,27.4,17.4,1.58,Y,Y,Y,1.4,UpUp
12/8/05,25.367,1.01,27.8,17.6,1.59,Y,Y,Y,1.37,DnUp
12/9/05,25.427,1.03,29.9,17.3,1.73,Y,Y,Y,1.38,DnUp
12/12/05,25.477,1.03,30.4,15.4,1.97,G,Y,G,1.42,UpUp
12/13/05,25.516,1.03,31.1,16.2,1.92,G,Y,Y,1.44,UpUp
12/14/05,25.566,1.03,31.8,16.8,1.89,G,Y,Y,1.44,UpUp
12/15/05,25.428,1.02,29.9,17.4,1.72,Y,Y,Y,1.38,UpUp
12/16/05,25.385,1.02,29.2,17.7,1.65,R,Y,Y,1.32,DnUp
12/19/05,25.177,0.99,23.3,17.1,1.36,Y,R,Y,1.21,DnUp
12/20/05,25.186,0.99,23.3,18.0,1.29,Y,Y,Y,1.14,DnUp
12/21/05,25.317,1.0,26.1,18.1,1.45,Y,Y,Y,1.15,DnUp
12/22/05,25.423,1.01,28.5,17.7,1.61,Y,Y,Y,1.2,DnUp
12/23/05,25.458,1.02,29.6,17.3,1.71,Y,Y,G,1.24,UpUp
12/27/05,25.242,1.01,24.0,16.8,1.42,Y,Y,Y,1.18,UpUp
12/28/05,25.309,1.01,25.5,16.9,1.51,Y,Y,G,1.17,DnUp
12/29/05,25.277,1.01,24.9,17.2,1.45,R,Y,Y,1.15,DnUp
12/30/05,25.193,1.02,24.4,16.6,1.47,R,Y,Y,1.13,DnUp
1/3/06,25.542,1.05,28.6,14.0,2.04,G,G,G,1.26,UpUp
1/4/06,25.721,1.08,32.4,13.3,2.43,G,G,G,1.36,UpUp
1/5/06,25.734,1.08,33.3,12.9,2.59,Y,Y,G,1.4,UpUp
1/6/06,25.968,1.11,37.0,12.4,2.98,Y,G,G,1.46,UpUp
1/9/06,26.103,1.1,35.6,11.1,3.22,Y,Y,G,1.51,UpUp
1/10/06,26.135,1.11,36.4,10.9,3.34,G,G,G,1.54,UpUp
1/11/06,26.189,1.12,36.9,10.8,3.41,G,G,G,1.56,UpUp
1/12/06,26.06,1.11,34.7,11.3,3.08,Y,Y,Y,1.54,UpUp
1/13/06,26.099,1.12,35.7,11.1,3.22,G,G,G,1.53,UpUp
1/17/06,26.012,1.1,30.0,10.6,2.82,Y,Y,Y,1.5,DnUp
1/18/06,25.931,1.09,29.0,11.0,2.64,Y,Y,Y,1.46,DnUp
1/19/06,26.187,1.12,33.6,10.2,3.29,G,G,G,1.5,UpUp
1/20/06,25.897,1.09,28.0,11.4,2.46,Y,Y,Y,1.46,DnUp
1/23/06,25.986,1.09,27.7,10.2,2.7,Y,Y,Y,1.44,DnUp
1/24/06,26.175,1.11,31.6,10.4,3.03,G,G,G,1.46,UpUp
1/25/06,26.126,1.11,31.2,10.7,2.93,Y,Y,Y,1.46,UpUp
1/26/06,26.382,1.13,34.9,10.0,3.48,G,G,G,1.5,UpUp
1/27/06,26.534,1.14,36.4,10.0,3.64,G,G,G,1.54,UpUp
1/30/06,26.576,1.12,32.5,8.8,3.69,G,Y,G,1.56,UpUp
1/31/06,26.615,1.13,33.2,9.0,3.68,G,G,Y,1.57,UpUp
2/1/06,26.642,1.13,34.0,9.3,3.67,G,Y,Y,1.58,UpUp
2/2/06,26.418,1.11,30.5,10.2,3.0,Y,Y,Y,1.52,UpUp
2/3/06,26.328,1.11,29.7,10.4,2.85,Y,Y,Y,1.48,DnUp
2/6/06,26.413,1.11,28.9,9.6,3.02,Y,Y,Y,1.46,DnUp
2/7/06,26.132,1.08,25.6,10.6,2.42,Y,Y,Y,1.4,DnUp
2/8/06,26.217,1.09,27.0,10.4,2.6,Y,Y,Y,1.38,DnUp
2/9/06,26.191,1.08,26.5,10.8,2.45,R,Y,Y,1.37,DnUp
2/10/06,26.151,1.08,25.9,11.1,2.34,R,Y,Y,1.36,DnUp
2/13/06,25.983,1.05,21.5,11.2,1.93,R,Y,Y,1.31,DnUp
2/14/06,26.19,1.07,24.5,11.2,2.18,G,Y,Y,1.32,UpUp
2/15/06,26.273,1.07,25.9,11.5,2.25,G,Y,Y,1.34,UpUp
2/16/06,26.487,1.1,28.6,10.7,2.67,Y,G,G,1.38,UpUp
2/17/06,26.493,1.1,29.2,10.5,2.79,Y,Y,G,1.4,UpUp
2/21/06,26.443,1.08,26.0,9.9,2.61,Y,Y,Y,1.4,UpUp
2/22/06,26.599,1.09,28.0,10.1,2.78,G,G,G,1.42,UpUp
2/23/06,26.559,1.09,27.8,10.8,2.56,Y,Y,Y,1.42,UpUp
2/24/06,26.646,1.1,29.3,10.5,2.78,G,Y,Y,1.44,UpUp
2/27/06,26.705,1.1,29.0,9.6,3.02,G,Y,G,1.46,UpUp
2/28/06,26.473,1.08,25.6,11.0,2.32,Y,Y,Y,1.42,UpUp
3/1/06,26.715,1.1,29.5,10.5,2.81,G,G,G,1.44,UpUp
3/2/06,26.694,1.1,28.7,10.4,2.77,Y,Y,Y,1.44,UpUp
3/3/06,26.643,1.1,27.2,10.7,2.55,Y,Y,Y,1.43,DnUp
3/6/06,26.449,1.07,24.1,10.9,2.2,Y,Y,Y,1.38,DnUp
3/7/06,26.228,1.04,20.2,13.1,1.55,R,Y,Y,1.24,DnUp
3/8/06,26.211,1.04,19.8,13.8,1.43,Y,Y,Y,1.16,DnUp
3/9/06,26.153,1.03,19.6,14.7,1.34,R,Y,Y,1.09,DnUp
3/10/06,26.342,1.05,22.4,13.9,1.62,Y,Y,Y,1.13,DnUp
3/13/06,26.42,1.06,22.3,12.5,1.78,Y,Y,Y,1.19,DnUp
3/14/06,26.648,1.07,25.1,12.3,2.05,Y,G,G,1.3,UpUp
3/15/06,26.805,1.08,28.2,12.1,2.33,G,G,G,1.38,UpUp
3/16/06,26.854,1.09,29.0,12.2,2.37,Y,G,G,1.42,UpUp
3/17/06,26.889,1.09,29.7,12.6,2.36,G,Y,Y,1.45,UpUp
3/20/06,26.852,1.07,26.2,12.1,2.16,Y,Y,Y,1.46,UpUp
3/21/06,26.656,1.05,22.7,13.7,1.66,Y,Y,Y,1.36,UpUp
3/22/06,26.811,1.07,25.6,13.2,1.95,Y,Y,Y,1.39,UnUp
3/23/06,26.817,1.07,25.6,12.6,2.02,Y,Y,Y,1.41,DnUp
3/24/06,26.938,1.09,27.5,12.1,2.27,G,Y,Y,1.44,UpUp
3/27/06,26.926,1.06,24.5,12.0,2.04,Y,Y,Y,1.45,UpUp
3/28/06,26.82,1.05,22.5,13.0,1.73,Y,Y,Y,1.38,UpUp
3/29/06,27.093,1.08,26.8,12.0,2.23,G,G,G,1.44,UpUp
3/30/06,27.112,1.08,27.1,11.9,2.29,G,Y,G,1.46,UpUp
3/31/06,27.132,1.09,27.8,11.6,2.4,G,Y,G,1.46,UpUp
4/3/06,27.116,1.06,24.3,11.7,2.09,Y,Y,Y,1.46,UpUp
4/4/06,27.212,1.06,25.0,12.1,2.07,G,Y,Y,1.47,UpUp
4/5/06,27.345,1.07,26.7,12.1,2.2,G,Y,Y,1.49,UpUp
4/6/06,27.353,1.08,26.3,12.3,2.13,Y,Y,Y,1.5,UpUp
4/7/06,27.112,1.05,23.4,13.3,1.75,Y,Y,Y,1.41,DnUp
4/10/06,27.086,1.04,21.0,12.6,1.66,R,Y,Y,1.34,DnUp
4/11/06,26.825,1.01,17.7,14.4,1.22,Y,Y,Y,1.19,DnUp
4/12/06,26.869,1.02,18.9,14.4,1.32,Y,Y,Y,1.14,DnUp
4/13/06,26.908,1.03,20.0,14.1,1.42,Y,Y,Y,1.14,DnUp
4/17/06,26.906,1.02,18.7,14.0,1.34,Y,Y,Y,1.12,DnUp
4/18/06,27.345,1.05,24.4,13.0,1.87,G,G,G,1.28,UpUp
4/19/06,27.539,1.07,27.3,12.5,2.18,G,G,G,1.4,UpUp
4/20/06,27.468,1.07,26.8,12.9,2.07,Y,Y,Y,1.44,UpUp
4/21/06,27.5,1.07,26.3,12.9,2.03,G,Y,Y,1.46,UpUp
4/24/06,27.405,1.04,22.5,12.3,1.83,Y,Y,Y,1.42,UpUp
4/25/06,27.326,1.04,21.9,13.3,1.64,Y,Y,Y,1.34,DnUp
4/26/06,27.361,1.05,22.4,13.4,1.67,Y,Y,Y,1.32,DnUp
4/27/06,27.285,1.04,21.9,14.0,1.56,R,Y,Y,1.27,DnUp
4/28/06,27.346,1.05,23.4,14.1,1.66,Y,Y,Y,1.27,DnUp
5/1/06,27.301,1.04,20.2,13.6,1.48,R,Y,Y,1.24,DnUp
5/2/06,27.467,1.05,23.1,14.2,1.63,G,G,Y,1.26,UpUp
5/3/06,27.416,1.04,22.7,14.9,1.53,Y,Y,Y,1.25,UpUp
5/4/06,27.557,1.05,24.6,15.0,1.64,Y,G,G,1.29,UpUp
5/5/06,27.8,1.07,27.1,14.0,1.94,G,G,G,1.38,UpUp
5/8/06,27.798,1.05,24.6,13.7,1.8,Y,Y,Y,1.4,UpUp
5/9/06,27.817,1.05,24.7,14.3,1.72,G,Y,Y,1.4,UpUp
5/10/06,27.751,1.04,23.3,15.2,1.53,Y,Y,Y,1.35,UpUp
5/11/06,27.356,1.0,19.2,18.2,1.06,R,Y,Y,1.18,DnUp
5/12/06,26.962,0.97,15.3,21.5,0.71,Y,R,R,0.99,DnDn
5/15/06,26.775,0.95,12.2,21.6,0.57,R,R,R,0.86,DnDn
5/16/06,26.771,0.95,12.8,22.1,0.58,Y,Y,Y,0.79,DnDn
5/17/06,26.343,0.91,9.3,25.9,0.36,R,R,R,0.7,DnDn
5/18/06,26.166,0.9,8.2,27.8,0.3,R,R,R,0.64,C/Dn
5/19/06,26.232,0.91,9.3,27.8,0.34,Y,Y,Y,0.62,DnDn
5/22/06,25.944,0.9,7.5,29.1,0.26,R,R,R,0.6,DnDn
5/23/06,25.914,0.9,7.5,29.8,0.25,R,Y,R,0.58,DnDn
5/24/06,25.826,0.89,7.4,31.2,0.24,R,R,R,0.57,DnDn
5/25/06,26.152,0.92,9.7,27.5,0.35,Y,Y,Y,0.58,DnDn
5/26/06,26.313,0.94,10.7,26.0,0.41,G,Y,Y,0.62,UpDn
5/30/06,25.899,0.9,7.2,29.0,0.25,R,Y,Y,0.59,DnDn
5/31/06,26.124,0.93,8.9,26.7,0.33,Y,Y,Y,0.61,UpDn
6/1/06,26.433,0.96,11.8,24.1,0.49,G,Y,Y,0.68,UpDn
6/2/06,26.522,0.97,13.2,23.2,0.57,G,Y,Y,0.75,UpDn
6/5/06,26.029,0.93,9.7,28.8,0.34,Y,R,R,0.7,DnDn
6/6/06,25.86,0.91,8.9,31.5,0.28,R,Y,Y,0.68,DnDn
6/7/06,25.726,0.9,8.6,33.4,0.26,R,R,R,0.66,DnDn
6/8/06,25.593,0.89,8.3,35.8,0.23,Y,R,R,0.64,DnDn
6/9/06,25.534,0.89,8.3,36.7,0.23,Y,Y,Y,0.62,DnDn
6/12/06,25.117,0.85,5.9,41.7,0.14,R,R,R,0.62,DnDn
6/13/06,24.737,0.81,4.7,47.5,0.1,R,R,R,0.64,DnDn
6/14/06,24.845,0.82,4.9,46.2,0.11,Y,Y,Y,0.64,DnDn
6/15/06,25.466,0.88,7.4,38.2,0.19,Y,Y,Y,0.7,DnDn
6/16/06,25.333,0.87,6.9,40.2,0.17,R,R,R,0.68,DnDn
6/19/06,25.049,0.85,4.8,39.3,0.12,R,Y,R,0.62,DnDn
6/20/06,25.023,0.85,4.9,40.0,0.12,Y,Y,Y,0.59,UpDn
6/21/06,25.322,0.87,6.0,36.1,0.17,G,Y,Y,0.65,UpDn
6/22/06,25.249,0.87,6.1,37.0,0.16,R,Y,R,0.65,DnDn
6/23/06,25.313,0.88,6.7,36.4,0.18,Y,Y,Y,0.67,DnDn
6/26/06,25.448,0.89,7.3,31.0,0.23,Y,Y,Y,0.72,UpDn
6/27/06,25.205,0.87,6.4,35.7,0.18,Y,Y,Y,0.71,UpDn
6/28/06,25.28,0.87,6.9,35.1,0.2,Y,Y,Y,0.72,DnDn
6/29/06,25.891,0.93,11.8,27.9,0.42,Y,Y,Y,0.87,UpDn
6/30/06,26.028,0.95,13.7,26.1,0.53,G,Y,Y,0.99,UpDn
7/3/06,26.203,0.95,13.5,22.5,0.6,G,Y,Y,1.08,UpUp
7/5/06,25.963,0.93,11.2,25.1,0.44,Y,Y,Y,1.04,UpUp
7/6/06,26.019,0.94,12.5,25.1,0.5,G,Y,Y,1.04,UpUp
7/7/06,25.799,0.91,10.6,27.8,0.38,Y,R,R,0.97,DnDn
7/10/06,25.773,0.92,10.8,25.9,0.42,Y,Y,Y,0.94,DnDn
7/11/06,25.863,0.92,12.5,25.8,0.49,Y,Y,Y,0.94,DnDn
7/12/06,25.598,0.9,10.2,28.9,0.35,R,R,R,0.88,DnDn
7/13/06,25.21,0.86,7.5,34.3,0.22,Y,R,R,0.77,DnDn
7/14/06,25.048,0.85,6.5,37.0,0.18,R,R,R,0.7,DnDn
7/17/06,24.903,0.85,5.3,34.5,0.15,R,Y,R,0.65,DnDn
7/18/06,24.918,0.86,6.6,35.2,0.19,Y,Y,Y,0.63,DnDn
7/19/06,25.418,0.9,11.6,29.3,0.4,Y,Y,Y,0.73,DnDn
7/20/06,25.07,0.87,8.9,34.5,0.26,R,Y,Y,0.7,DnDn
7/21/06,24.82,0.85,7.7,38.5,0.2,R,Y,Y,0.65,DnDn
7/24/06,25.243,0.89,11.1,29.2,0.38,Y,Y,Y,0.72,UpDn
7/25/06,25.407,0.91,13.7,27.5,0.5,G,Y,Y,0.8,UpDn
7/26/06,25.392,0.91,14.0,28.5,0.49,R,Y,Y,0.83,DnDn
7/27/06,25.247,0.9,13.0,30.6,0.42,Y,Y,Y,0.81,UpDn
7/28/06,25.582,0.93,17.6,27.8,0.63,Y,Y,Y,0.89,UpDn
7/31/06,25.597,0.95,16.3,23.3,0.7,G,Y,Y,0.96,UpDn
8/1/06,25.425,0.93,15.4,26.4,0.58,Y,Y,Y,0.94,UpDn
8/2/06,25.588,0.94,17.6,25.0,0.7,Y,Y,Y,0.98,UpDn
8/3/06,25.689,0.95,19.3,24.1,0.8,G,Y,Y,1.02,UpUp
8/4/06,25.667,0.95,19.5,25.1,0.78,Y,Y,Y,1.04,UpUp
8/7/06,25.561,0.96,18.1,23.3,0.78,Y,Y,Y,1.02,DnUp
8/8/06,25.431,0.94,16.9,25.6,0.66,Y,Y,Y,0.96,UnDn
8/9/06,25.325,0.93,16.3,27.5,0.59,R,R,R,0.9,DnDn
8/10/06,25.398,0.94,16.9,26.9,0.63,Y,Y,Y,0.89,DnDn
8/11/06,25.244,0.92,15.5,28.7,0.54,R,R,R,0.84,DnDn
8/14/06,25.262,0.94,15.3,25.8,0.59,Y,Y,Y,0.83,DnDn
8/15/06,25.628,0.97,21.5,23.6,0.91,G,Y,Y,0.93,UpDn
8/16/06,25.866,0.99,25.3,21.9,1.16,Y,Y,G,1.06,UpUp
8/17/06,25.891,1.0,25.5,21.7,1.18,G,Y,G,1.14,UpUp
8/18/06,25.943,1.01,26.6,21.1,1.26,Y,G,G,1.2,UpUp
8/21/06,25.846,0.99,22.8,20.3,1.13,Y,Y,Y,1.19,UpUp
8/22/06,25.884,0.99,23.9,20.0,1.19,G,Y,G,1.2,C/Up
8/23/06,25.693,0.98,20.9,21.7,0.96,R,R,R,1.13,DnUp
8/24/06,25.691,0.98,21.4,22.0,0.97,Y,Y,Y,1.09,DnUp
8/25/06,25.708,0.98,21.9,21.8,1.01,Y,Y,Y,1.08,DnUp
8/28/06,25.844,1.01,25.5,18.2,1.4,Y,G,G,1.16,DnUp
8/29/06,25.968,1.03,28.6,17.6,1.63,G,G,G,1.25,UpUp
8/30/06,26.041,1.04,30.2,16.7,1.81,Y,G,G,1.34,UpUp
8/31/06,26.088,1.05,31.6,16.2,1.94,G,G,G,1.41,UpUp
9/1/06,26.205,1.06,33.4,15.9,2.09,G,G,G,1.47,UpUp
9/5/06,26.321,1.06,31.4,14.2,2.22,G,Y,G,1.5,UpUp
9/6/06,25.977,1.02,23.7,16.1,1.47,R,Y,Y,1.35,DnUp
9/7/06,25.821,1.0,21.2,17.7,1.2,Y,Y,Y,1.21,DnUp
9/8/06,25.847,1.01,22.9,17.6,1.3,Y,Y,Y,1.16,DnUp
9/11/06,25.75,1.0,21.7,18.0,1.21,Y,Y,Y,1.1,DnUp
9/12/06,26.066,1.03,28.4,17.3,1.64,Y,Y,Y,1.19,DnUp
9/13/06,26.213,1.04,30.6,16.3,1.88,Y,G,G,1.3,UpUp
9/14/06,26.129,1.04,30.1,17.5,1.72,Y,Y,Y,1.31,UpUp
9/15/06,26.174,1.04,31.4,17.5,1.8,G,Y,G,1.33,UpUp
9/18/06,26.214,1.03,27.6,14.9,1.86,G,Y,G,1.35,UpUp
9/19/06,26.095,1.02,26.6,16.3,1.63,Y,Y,Y,1.3,UpUp
9/20/06,26.229,1.03,30.4,17.1,1.77,G,Y,Y,1.32,UpUp
9/21/06,26.125,1.02,27.4,17.7,1.55,Y,Y,Y,1.27,UnUp
9/22/06,25.966,1.0,25.2,18.8,1.35,Y,Y,Y,1.19,DnUp
9/25/06,26.121,1.02,28.5,16.9,1.69,Y,Y,Y,1.22,DnUp
9/26/06,26.264,1.03,30.1,16.5,1.82,G,G,G,1.29,UpUp
9/27/06,26.348,1.04,32.2,15.7,2.06,G,G,G,1.36,UpUp
9/28/06,26.38,1.04,32.5,15.8,2.05,G,Y,Y,1.4,UpUp
9/29/06,26.293,1.04,30.0,15.8,1.89,Y,Y,Y,1.38,UpUp
10/2/06,26.177,1.02,25.5,15.7,1.63,Y,Y,Y,1.3,UpUp
10/3/06,26.103,1.01,25.7,18.0,1.43,Y,Y,Y,1.21,DnUp
10/4/06,26.421,1.04,32.2,17.4,1.85,G,Y,Y,1.3,UpUp
10/5/06,26.63,1.06,35.5,16.0,2.23,G,G,G,1.4,UpUp
10/6/06,26.548,1.05,33.9,16.2,2.09,Y,Y,Y,1.43,UpUp
10/9/06,26.64,1.05,32.1,14.5,2.22,G,Y,G,1.45,UpUp
10/10/06,26.72,1.06,32.8,14.3,2.29,G,G,G,1.47,UpUp
10/11/06,26.624,1.05,31.5,15.0,2.1,Y,Y,Y,1.46,UpUp
10/12/06,26.953,1.08,36.8,13.7,2.69,G,G,G,1.51,UpUp
10/13/06,27.077,1.09,37.9,13.3,2.85,G,G,G,1.55,UpUp
10/16/06,27.25,1.08,36.7,11.5,3.18,G,Y,G,1.59,UpUp
10/17/06,27.122,1.07,34.1,12.2,2.81,Y,Y,Y,1.58,UpUp
10/18/06,27.12,1.07,34.6,12.4,2.8,Y,Y,Y,1.57,UpUp
10/19/06,27.225,1.08,36.5,12.0,3.03,G,Y,G,1.58,UpUp
10/20/06,27.159,1.07,34.8,12.5,2.78,Y,Y,Y,1.57,UpUp
10/23/06,27.239,1.07,34.3,11.9,2.89,Y,Y,Y,1.57,DnUp
10/24/06,27.27,1.07,33.8,12.3,2.74,G,Y,Y,1.56,UpUp
10/25/06,27.393,1.08,36.6,12.1,3.01,G,G,G,1.57,UpUp
10/26/06,27.564,1.1,39.4,12.4,3.17,G,G,G,1.6,UpUp
10/27/06,27.363,1.08,35.8,12.6,2.84,Y,Y,Y,1.56,UpUp
10/30/06,27.395,1.07,34.0,11.9,2.87,G,Y,Y,1.54,UpUp
10/31/06,27.393,1.07,33.6,12.0,2.79,Y,Y,Y,1.53,UpUp
11/1/06,27.144,1.04,27.5,14.0,1.96,Y,Y,Y,1.46,DnUp
11/2/06,27.103,1.03,26.5,14.6,1.82,Y,Y,Y,1.39,DnUp
11/3/06,27.141,1.05,28.2,15.0,1.87,Y,Y,Y,1.36,DnUp
11/6/06,27.433,1.06,31.5,13.0,2.41,G,Y,Y,1.41,UpUp
11/7/06,27.487,1.06,32.0,13.2,2.43,G,Y,Y,1.44,UpUp
11/8/06,27.588,1.07,34.4,13.5,2.54,G,G,G,1.47,UpUp
11/9/06,27.469,1.06,31.7,14.3,2.21,Y,Y,Y,1.46,UpUp
11/10/06,27.561,1.07,33.2,14.4,2.3,G,G,G,1.47,UpUp
11/13/06,27.628,1.06,31.3,13.3,2.36,G,Y,Y,1.48,UpUp
11/14/06,27.858,1.08,35.2,13.2,2.66,G,G,G,1.51,UpUp
11/15/06,27.994,1.08,37.3,13.4,2.78,G,Y,G,1.54,UpUp
11/16/06,27.989,1.08,37.0,13.7,2.7,Y,Y,Y,1.55,UpUp
11/17/06,27.967,1.08,36.7,14.2,2.59,Y,Y,Y,1.54,UpUp
11/20/06,28.003,1.06,33.9,13.3,2.55,G,Y,Y,1.54,UpUp
11/21/06,28.107,1.07,35.0,13.2,2.64,G,Y,Y,1.55,UpUp
11/22/06,28.173,1.08,35.7,13.0,2.75,G,Y,Y,1.56,UpUp
11/24/06,28.165,1.08,36.0,13.0,2.77,Y,Y,G,1.55,UpUp
11/27/06,27.728,1.03,25.6,13.8,1.85,Y,Y,Y,1.43,DnUp
11/28/06,27.791,1.04,26.6,14.0,1.9,Y,Y,Y,1.39,DnUp
11/29/06,28.066,1.06,31.7,13.3,2.39,Y,Y,Y,1.43,DnUp
11/30/06,28.164,1.07,33.3,13.1,2.54,Y,Y,Y,1.47,DnUp
12/1/06,28.076,1.07,31.2,13.8,2.25,R,Y,Y,1.46,DnUp
12/4/06,28.379,1.08,35.2,12.1,2.9,G,G,G,1.5,UpUp
12/5/06,28.491,1.09,36.5,12.4,2.93,G,G,G,1.53,UpUp
12/6/06,28.479,1.08,36.0,12.9,2.8,Y,Y,Y,1.54,UpUp
12/7/06,28.404,1.08,34.8,13.0,2.67,Y,Y,Y,1.52,UpUp
12/8/06,28.409,1.08,34.6,13.0,2.65,Y,Y,Y,1.51,UpUp
12/11/06,28.451,1.06,32.3,12.2,2.64,G,Y,Y,1.51,UpUp
12/12/06,28.369,1.05,30.7,13.3,2.31,Y,Y,Y,1.49,DnUp
12/13/06,28.388,1.05,30.8,13.8,2.23,Y,Y,Y,1.48,DnUp
12/14/06,28.545,1.06,33.5,13.6,2.47,G,Y,Y,1.5,UpUp
12/15/06,28.544,1.06,32.8,14.1,2.33,Y,Y,Y,1.5,UpUp
12/18/06,28.337,1.03,25.2,14.2,1.77,Y,Y,Y,1.41,DnUp
12/19/06,28.35,1.02,25.8,14.7,1.76,Y,Y,Y,1.35,DnUp
12/20/06,28.351,1.02,25.9,15.0,1.73,Y,Y,Y,1.32,DnUp
12/21/06,28.244,1.02,24.4,15.5,1.58,Y,Y,Y,1.26,DnUp
12/22/06,28.157,1.02,23.8,15.8,1.51,R,Y,Y,1.2,DnUp
12/26/06,28.291,1.02,24.4,14.7,1.66,Y,Y,Y,1.21,DnUp
12/27/06,28.532,1.04,28.9,14.2,2.03,G,G,G,1.31,UpUp
12/28/06,28.504,1.03,28.4,14.4,1.97,Y,Y,Y,1.35,UpUp
12/29/06,28.403,1.04,26.4,14.0,1.89,Y,G,Y,1.34,UpUp
1/3/07,28.368,1.02,23.6,13.5,1.75,Y,Y,Y,1.3,DnUp
1/4/07,28.37,1.02,24.0,14.2,1.7,Y,Y,Y,1.27,DnUp
1/5/07,28.081,1.0,18.6,15.2,1.22,R,Y,Y,1.13,DnUp
1/8/07,28.134,1.0,18.9,14.4,1.32,Y,Y,Y,1.08,DnUp
1/9/07,28.14,1.0,19.6,15.1,1.3,Y,Y,Y,1.06,DnUp
1/10/07,28.157,1.0,20.2,15.6,1.29,Y,Y,Y,1.05,DnUp
1/11/07,28.379,1.02,23.7,15.2,1.56,G,Y,Y,1.12,UpUp
1/12/07,28.561,1.04,26.0,13.7,1.9,Y,G,G,1.25,UpUp
1/16/07,28.546,1.03,23.4,12.6,1.85,Y,Y,Y,1.29,UpUp
1/17/07,28.534,1.02,23.0,13.4,1.72,Y,Y,Y,1.29,UpUp
1/18/07,28.361,1.01,20.6,15.2,1.36,Y,Y,Y,1.19,DnUp
1/19/07,28.526,1.02,23.0,14.0,1.64,Y,Y,Y,1.22,DnUp
1/22/07,28.387,1.0,19.7,13.8,1.42,R,Y,Y,1.17,DnUp
1/23/07,28.58,1.02,22.0,13.1,1.68,G,Y,Y,1.23,UpUp
1/24/07,28.792,1.04,25.3,12.5,2.03,G,G,G,1.34,UpUp
1/25/07,28.515,1.01,21.4,14.0,1.53,Y,Y,Y,1.26,UpUp
1/26/07,28.746,1.02,22.9,13.6,1.68,G,Y,G,1.29,UpUp
1/29/07,28.81,1.02,21.3,11.7,1.83,Y,Y,G,1.34,UpUp
1/30/07,28.965,1.04,23.2,11.3,2.05,G,G,G,1.42,UpUp
1/31/07,29.102,1.05,25.5,11.5,2.23,G,G,G,1.48,UpUp
2/1/07,29.309,1.06,28.3,11.2,2.52,G,G,G,1.53,UpUp
2/2/07,29.35,1.07,29.2,11.2,2.6,G,G,G,1.56,UpUp
2/5/07,29.318,1.04,25.0,10.7,2.34,Y,Y,Y,1.56,UpUp
2/6/07,29.419,1.05,26.6,10.8,2.46,G,G,G,1.58,UpUp
2/7/07,29.514,1.06,28.1,10.9,2.57,G,G,G,1.6,UpUp
2/8/07,29.509,1.06,28.1,11.5,2.45,Y,Y,Y,1.6,UpUp
2/9/07,29.318,1.04,25.8,11.9,2.17,Y,Y,Y,1.55,DnUp
2/12/07,29.212,1.03,22.7,11.6,1.96,R,Y,Y,1.49,DnUp
2/13/07,29.414,1.04,25.3,11.4,2.21,Y,Y,Y,1.51,DnUp
2/14/07,29.592,1.05,27.5,11.3,2.44,G,Y,Y,1.55,UpUp
2/15/07,29.64,1.05,28.1,11.9,2.36,G,Y,Y,1.56,UpUp
2/16/07,29.677,1.06,28.6,11.9,2.4,G,G,G,1.57,UpUp
2/20/07,29.827,1.06,28.9,10.2,2.82,G,Y,G,1.59,UpUp
2/21/07,29.838,1.06,29.3,10.3,2.85,G,Y,G,1.59,UpUp
2/22/07,29.882,1.07,30.3,9.9,3.07,G,G,G,1.59,UpUp
2/23/07,29.836,1.07,29.5,10.0,2.96,Y,Y,Y,1.57,UpUp
2/26/07,29.797,1.05,26.7,9.6,2.79,Y,Y,Y,1.54,UpUp
2/27/07,28.804,0.96,14.2,16.0,0.89,Y,R,R,1.19,DnUp
2/28/07,28.913,0.97,15.6,15.4,1.01,Y,Y,Y,1.04,DnUp
3/1/07,28.793,0.96,14.2,17.1,0.83,Y,R,R,0.93,DnDn
3/2/07,28.428,0.94,11.4,21.1,0.54,R,R,R,0.8,DnDn
3/5/07,28.011,0.92,8.9,23.5,0.38,R,R,R,0.69,DnDn
3/6/07,28.494,0.97,12.7,17.8,0.71,Y,Y,Y,0.71,DnDn
3/7/07,28.477,0.97,13.2,18.7,0.7,R,Y,R,0.72,C/Dn
3/8/07,28.685,0.98,15.1,17.9,0.85,Y,Y,Y,0.77,DnDn
3/9/07,28.76,0.99,16.2,18.0,0.9,Y,Y,Y,0.81,UpDn
3/12/07,28.872,0.99,16.4,15.8,1.04,Y,Y,G,0.86,UpDn
3/13/07,28.334,0.94,11.7,21.8,0.54,R,R,R,0.76,DnDn
3/14/07,28.414,0.95,12.7,21.0,0.6,Y,Y,Y,0.73,DnDn
3/15/07,28.596,0.96,14.5,19.6,0.74,Y,Y,Y,0.75,DnDn
3/16/07,28.504,0.96,14.2,21.0,0.67,R,Y,R,0.74,DnDn
3/19/07,28.77,0.98,15.6,18.0,0.87,Y,Y,Y,0.83,DnDn
3/20/07,28.938,0.99,17.7,17.4,1.02,Y,Y,G,0.93,UpDn
3/21/07,29.355,1.02,22.8,15.2,1.5,G,G,G,1.11,UpUp
3/22/07,29.406,1.03,23.6,15.1,1.57,G,G,G,1.22,UpUp
3/23/07,29.462,1.04,24.4,15.0,1.63,Y,G,G,1.29,UpUp
3/26/07,29.443,1.02,21.2,14.7,1.44,Y,Y,Y,1.29,UpUp
3/27/07,29.276,1.0,19.3,15.7,1.23,Y,Y,Y,1.22,UpUp
3/28/07,29.104,0.99,17.6,17.1,1.02,Y,R,Y,1.12,DnUp
3/29/07,29.192,1.0,19.1,17.4,1.1,Y,Y,Y,1.1,DnUp
3/30/07,29.224,1.01,19.9,17.2,1.16,Y,Y,Y,1.11,DnUp
4/2/07,29.308,1.01,19.7,16.2,1.22,Y,Y,Y,1.14,DnUp
4/3/07,29.544,1.02,23.1,15.7,1.47,G,G,G,1.24,C/Up
4/4/07,29.567,1.03,23.1,15.7,1.48,G,G,G,1.29,UpUp
4/5/07,29.648,1.04,24.3,15.5,1.57,G,G,G,1.34,UpUp
4/9/07,29.653,1.03,22.6,15.2,1.48,Y,Y,Y,1.35,UpUp
4/10/07,29.732,1.03,24.0,15.4,1.56,G,Y,G,1.38,UpUp
4/11/07,29.574,1.02,22.2,16.5,1.34,Y,Y,Y,1.32,UnUp
4/12/07,29.731,1.03,24.7,16.1,1.53,G,Y,Y,1.35,UpUp
4/13/07,29.854,1.05,26.8,15.2,1.76,G,G,G,1.42,UpUp
4/16/07,30.161,1.06,29.0,13.4,2.16,G,G,G,1.53,UpUp
4/17/07,30.164,1.06,28.6,13.9,2.06,Y,Y,Y,1.58,UpUp
4/18/07,30.113,1.05,28.1,14.3,1.96,Y,Y,Y,1.58,UpUp
4/19/07,29.993,1.04,25.2,15.1,1.67,Y,Y,Y,1.5,UpUp
4/20/07,30.255,1.06,30.4,14.6,2.09,G,G,G,1.56,UpUp
4/23/07,30.233,1.04,27.0,13.7,1.97,Y,Y,Y,1.57,UpUp
4/24/07,30.193,1.04,26.6,14.3,1.86,Y,Y,Y,1.53,UpUp
4/25/07,30.398,1.05,30.1,14.7,2.05,G,Y,G,1.57,UpUp
4/26/07,30.398,1.05,30.3,15.4,1.97,Y,Y,Y,1.57,UpUp
4/27/07,30.342,1.04,29.0,16.0,1.81,Y,Y,Y,1.52,UpUp
4/30/07,30.055,1.02,22.2,15.6,1.43,R,Y,Y,1.37,DnUp
5/1/07,30.088,1.01,22.9,16.5,1.39,Y,Y,Y,1.29,DnUp
5/2/07,30.359,1.03,27.6,15.7,1.76,Y,Y,Y,1.35,DnUp
5/3/07,30.436,1.04,28.4,16.2,1.76,G,Y,Y,1.39,UpUp
5/4/07,30.541,1.04,29.7,16.3,1.82,G,Y,G,1.43,UpUp
5/7/07,30.579,1.04,28.6,14.4,1.98,Y,Y,G,1.47,UpUp
5/8/07,30.514,1.04,27.8,15.0,1.85,Y,Y,Y,1.45,UpUp
5/9/07,30.646,1.04,29.6,15.2,1.95,G,Y,G,1.48,UpUp
5/10/07,30.223,1.01,23.3,18.0,1.29,Y,Y,Y,1.3,DnUp
5/11/07,30.518,1.03,27.6,17.0,1.62,Y,Y,Y,1.31,DnUp
5/14/07,30.395,1.02,25.0,16.0,1.56,R,Y,Y,1.28,DnUp
5/15/07,30.259,1.0,23.2,18.1,1.28,R,Y,Y,1.19,DnUp
5/16/07,30.391,1.01,24.9,18.3,1.36,Y,Y,Y,1.18,DnUp
5/17/07,30.33,1.0,24.3,19.6,1.24,Y,Y,Y,1.14,UpUp
5/18/07,30.486,1.02,26.7,19.0,1.4,Y,Y,Y,1.17,DnUp
5/21/07,30.637,1.04,28.5,15.2,1.88,Y,G,G,1.29,UpUp
5/22/07,30.713,1.05,29.7,14.8,2.01,Y,G,G,1.37,UpUp
5/23/07,30.661,1.04,28.9,15.3,1.89,Y,Y,Y,1.38,UpUp
5/24/07,30.294,1.01,23.4,17.4,1.35,R,Y,Y,1.23,DnUp
5/25/07,30.483,1.03,26.2,16.5,1.59,Y,G,G,1.22,DnUp
5/29/07,30.62,1.03,25.9,14.8,1.75,Y,Y,Y,1.26,DnUp
5/30/07,30.776,1.04,28.1,15.0,1.88,G,Y,Y,1.33,UpUp
5/31/07,30.894,1.05,29.7,14.3,2.07,Y,G,G,1.4,UpUp
6/1/07,31.068,1.06,31.9,14.4,2.21,G,G,G,1.46,UpUp
6/4/07,31.146,1.05,29.5,13.5,2.18,G,Y,Y,1.5,UpUp
6/5/07,30.99,1.04,27.2,14.1,1.93,Y,Y,Y,1.47,UpUp
6/6/07,30.734,1.02,23.0,14.9,1.54,Y,Y,Y,1.34,DnUp
6/7/07,30.247,0.98,16.7,17.8,0.94,R,R,R,1.11,DnUp
6/8/07,30.479,1.0,19.3,16.4,1.17,Y,Y,Y,1.06,DnUp
6/11/07,30.517,0.99,19.1,15.2,1.26,Y,R,Y,1.05,DnUp
6/12/07,30.217,0.96,15.5,17.8,0.87,R,R,R,0.95,DnDn
6/13/07,30.518,0.99,19.6,17.0,1.16,Y,Y,Y,0.98,DnDn
6/14/07,30.688,1.0,21.8,16.6,1.32,Y,Y,G,1.05,UpUp
6/15/07,30.937,1.02,25.3,16.1,1.57,G,G,G,1.16,UpUp
6/18/07,30.911,1.01,22.5,14.8,1.52,Y,Y,Y,1.2,UpUp
6/19/07,30.972,1.01,23.2,14.8,1.56,Y,Y,G,1.24,UpUp
6/20/07,30.677,0.99,20.2,16.3,1.24,Y,Y,Y,1.15,UpUp
6/21/07,30.788,1.0,21.6,16.7,1.3,G,Y,Y,1.14,UpUp
6/22/07,30.553,0.99,19.7,18.5,1.07,Y,R,Y,1.06,DnUp
6/25/07,30.366,0.97,15.9,18.0,0.88,R,R,R,0.97,DnDn
6/26/07,30.25,0.96,15.2,19.6,0.78,R,R,R,0.9,DnDn
6/27/07,30.501,0.98,18.1,18.1,1.0,Y,Y,Y,0.93,DnDn
6/28/07,30.558,0.98,18.8,17.9,1.05,Y,Y,Y,0.96,DnDn
6/29/07,30.555,0.99,19.1,18.2,1.05,Y,Y,Y,0.97,UpDn
7/2/07,30.878,1.0,20.7,15.3,1.35,Y,Y,G,1.08,UpUp
7/3/07,30.978,1.01,21.5,15.6,1.38,Y,G,G,1.15,UpUp
7/5/07,31.04,1.01,22.3,15.8,1.41,G,Y,G,1.2,UpUp
7/6/07,31.183,1.02,23.7,15.5,1.53,G,G,G,1.27,UpUp
7/9/07,31.254,1.01,22.2,14.6,1.53,G,Y,Y,1.31,UpUp
7/10/07,30.867,0.99,18.7,17.4,1.08,R,R,Y,1.18,DnUp
7/11/07,30.966,0.99,20.3,17.8,1.14,Y,Y,Y,1.14,DnUp
7/12/07,31.382,1.02,24.4,16.3,1.49,G,G,G,1.25,UpUp
7/13/07,31.44,1.02,25.2,16.7,1.51,G,Y,Y,1.32,UpUp
7/16/07,31.285,1.0,21.7,15.5,1.4,Y,Y,Y,1.3,UpUp
7/17/07,31.279,1.0,22.1,16.4,1.34,Y,Y,Y,1.28,UpUp
7/18/07,31.197,0.99,21.3,17.4,1.22,Y,Y,Y,1.23,UpUp
7/19/07,31.357,1.01,23.3,17.4,1.34,Y,Y,Y,1.25,DnUp
7/20/07,31.027,0.99,20.4,20.3,1.01,Y,R,Y,1.15,DnUp
7/23/07,31.063,0.99,19.7,18.5,1.06,Y,Y,Y,1.1,DnUp
7/24/07,30.45,0.94,13.8,24.1,0.57,R,R,R,0.92,DnDn
7/25/07,30.427,0.94,14.0,25.5,0.55,R,Y,R,0.83,DnDn
7/26/07,29.755,0.88,8.9,33.1,0.27,R,R,R,0.7,C/Dn
7/27/07,29.382,0.87,7.6,38.1,0.2,R,R,R,0.62,DnDn
7/30/07,29.621,0.91,9.1,32.0,0.29,Y,Y,Y,0.6,DnDn
7/31/07,29.452,0.91,9.0,32.0,0.28,R,Y,R,0.59,DnDn
8/1/07,29.403,0.9,9.1,34.5,0.26,R,R,R,0.57,DnDn
8/2/07,29.564,0.91,10.5,33.6,0.31,Y,Y,Y,0.58,DnDn
8/3/07,28.9,0.86,7.9,42.1,0.19,R,R,R,0.54,DnDn
8/6/07,29.129,0.88,7.9,39.6,0.2,Y,Y,Y,0.54,DnDn
8/7/07,29.32,0.9,9.3,37.7,0.25,Y,Y,Y,0.56,DnDn
8/8/07,29.746,0.94,13.0,33.4,0.39,Y,Y,Y,0.61,UpDn
8/9/07,29.144,0.9,10.6,38.6,0.27,R,R,R,0.59,DnDn
8/10/07,29.09,0.9,9.5,39.3,0.24,Y,Y,Y,0.58,UpDn
8/13/07,29.111,0.89,7.3,36.8,0.2,Y,Y,Y,0.59,DnDn
8/14/07,28.606,0.85,5.5,44.3,0.12,R,R,R,0.56,DnDn
8/15/07,28.139,0.81,4.3,52.0,0.08,R,R,R,0.55,DnDn
8/16/07,28.091,0.81,5.6,54.8,0.1,R,Y,Y,0.54,DnDn
8/17/07,28.707,0.86,7.7,46.1,0.17,Y,Y,Y,0.58,DnDn
8/20/07,28.805,0.88,7.4,40.2,0.18,Y,Y,Y,0.61,DnDn
8/21/07,28.863,0.89,7.9,39.2,0.2,Y,Y,Y,0.63,UpDn
8/22/07,29.245,0.92,9.9,34.8,0.28,Y,Y,Y,0.69,UpDn
8/23/07,29.165,0.92,8.6,35.1,0.25,Y,Y,Y,0.7,UpDn
8/24/07,29.505,0.94,11.2,32.8,0.34,G,Y,Y,0.79,UpDn
8/27/07,29.299,0.92,8.9,31.7,0.28,Y,Y,Y,0.79,UpDn
8/28/07,28.68,0.88,5.8,38.4,0.15,R,R,R,0.71,DnDn
8/29/07,29.196,0.92,9.0,32.9,0.27,Y,Y,Y,0.77,DnDn
8/30/07,29.12,0.91,8.9,34.2,0.26,R,R,Y,0.78,DnDn
8/31/07,29.481,0.95,11.1,30.8,0.36,Y,Y,Y,0.89,DnDn
9/4/07,29.767,0.97,12.8,26.4,0.49,Y,Y,Y,1.02,UpUp
9/5/07,29.495,0.94,10.6,29.3,0.36,Y,Y,Y,1.01,UpUp
9/6/07,29.627,0.95,12.2,28.9,0.42,Y,Y,Y,1.05,UpUp
9/7/07,29.197,0.93,9.9,32.9,0.3,R,R,R,0.95,DnDn
9/10/07,29.058,0.92,9.3,32.9,0.28,R,R,R,0.87,DnDn
9/11/07,29.387,0.95,12.4,30.7,0.4,Y,Y,Y,0.91,DnDn
9/12/07,29.362,0.94,12.1,32.0,0.38,R,Y,Y,0.92,DnDn
9/13/07,29.477,0.95,12.8,31.5,0.41,Y,Y,Y,0.96,DnDn
9/14/07,29.514,0.95,13.6,31.4,0.43,Y,Y,Y,0.99,UpDn
9/17/07,29.3,0.93,11.0,30.5,0.36,Y,Y,Y,0.95,UpDn
9/18/07,30.068,0.99,19.6,25.1,0.78,G,Y,Y,1.14,UpUp
9/19/07,30.321,1.01,23.9,23.9,1.0,Y,G,Y,1.26,UpUp
9/20/07,30.195,1.0,21.8,25.1,0.87,Y,Y,Y,1.3,UpUp
9/21/07,30.311,1.01,23.4,24.9,0.94,G,G,Y,1.34,UpUp
9/24/07,30.207,0.99,19.3,23.6,0.82,Y,Y,Y,1.33,UpUp
9/25/07,30.144,0.98,18.7,25.0,0.75,Y,R,R,1.29,UpUp
9/26/07,30.291,0.99,21.5,24.4,0.88,Y,Y,Y,1.31,DnUp
9/27/07,30.482,1.01,24.2,23.3,1.03,G,G,G,1.35,C/Up
9/28/07,30.391,1.01,22.8,23.4,0.97,Y,Y,Y,1.35,UpUp
10/1/07,30.816,1.04,29.5,19.2,1.54,G,G,G,1.43,UpUp
10/2/07,30.895,1.05,31.1,19.2,1.62,G,G,G,1.49,UpUp
10/3/07,30.705,1.04,29.0,19.5,1.48,Y,Y,Y,1.49,UpUp
10/4/07,30.778,1.05,30.7,19.4,1.59,G,G,G,1.51,UpUp
10/5/07,31.18,1.08,35.6,18.1,1.96,G,G,G,1.58,UpUp
10/8/07,31.078,1.06,34.4,15.3,2.25,Y,Y,G,1.6,UpUp
10/9/07,31.31,1.08,36.3,15.4,2.36,G,G,G,1.62,UpUp
10/10/07,31.33,1.08,35.8,15.9,2.25,G,Y,Y,1.63,UpUp
10/11/07,31.174,1.06,33.0,16.9,1.95,Y,Y,Y,1.62,UpUp
10/12/07,31.356,1.07,34.1,16.7,2.05,G,Y,G,1.63,UpUp
10/15/07,31.118,1.06,31.1,15.4,2.02,Y,Y,Y,1.6,UpUp
10/16/07,30.893,1.04,27.6,16.6,1.66,Y,Y,Y,1.48,DnUp
10/17/07,30.995,1.05,28.5,17.2,1.66,Y,Y,Y,1.43,DnUp
10/18/07,31.025,1.05,28.7,18.6,1.54,Y,Y,Y,1.39,DnUp
10/19/07,30.317,0.99,20.6,22.3,0.92,Y,R,R,1.15,DnUp
10/22/07,30.412,1.03,22.2,18.1,1.22,Y,Y,Y,1.09,DnUp
10/23/07,30.714,1.05,25.8,18.4,1.4,Y,G,Y,1.13,DnUp
10/24/07,30.587,1.03,24.2,19.4,1.25,R,Y,Y,1.1,DnUp
10/25/07,30.568,1.03,24.3,21.0,1.16,R,Y,Y,1.06,DnUp
10/26/07,30.945,1.05,28.2,19.7,1.43,G,G,G,1.14,UpUp
10/29/07,31.098,1.05,26.9,18.4,1.46,G,Y,G,1.2,UpUp
10/30/07,30.893,1.04,25.4,19.6,1.29,Y,Y,Y,1.16,UpUp
10/31/07,31.268,1.06,29.8,19.0,1.57,Y,G,G,1.25,UpUp
11/1/07,30.517,1.0,21.5,24.2,0.89,R,Y,R,1.07,C/Dn
11/2/07,30.566,1.0,22.4,25.4,0.88,Y,Y,R,0.98,DnDn
11/5/07,30.303,0.98,19.8,26.4,0.75,Y,R,R,0.88,DnDn
11/6/07,30.64,1.0,22.1,25.6,0.87,Y,Y,Y,0.9,DnDn
11/7/07,29.966,0.94,16.9,32.0,0.53,R,R,R,0.78,DnDn
11/8/07,29.974,0.94,16.9,32.3,0.52,Y,Y,R,0.72,DnDn
11/9/07,29.607,0.92,14.4,34.8,0.41,R,R,R,0.67,DnDn
11/12/07,29.173,0.89,9.5,35.1,0.27,R,R,R,0.61,DnDn
11/13/07,29.831,0.93,14.0,30.1,0.47,Y,Y,Y,0.64,DnDn
11/14/07,29.808,0.92,13.4,32.3,0.42,R,R,R,0.64,DnDn
11/15/07,29.45,0.89,11.2,36.0,0.31,R,R,R,0.61,DnDn
11/16/07,29.466,0.89,12.1,37.2,0.33,Y,Y,Y,0.6,DnDn
11/19/07,28.92,0.84,8.0,41.7,0.19,R,R,R,0.55,DnDn
11/20/07,29.006,0.84,8.9,43.2,0.21,Y,Y,Y,0.53,DnDn
11/21/07,28.627,0.81,7.2,47.3,0.15,R,R,R,0.52,DnDn
11/23/07,29.044,0.85,9.1,42.6,0.21,Y,Y,Y,0.55,DnDn
11/26/07,28.592,0.82,6.7,47.1,0.14,R,R,R,0.53,DnDn
11/27/07,28.82,0.83,7.5,45.4,0.16,Y,Y,Y,0.54,DnDn
11/28/07,29.518,0.89,11.7,37.8,0.31,Y,Y,Y,0.63,UpDn
11/29/07,29.505,0.89,11.4,38.2,0.3,Y,Y,Y,0.68,UpDn
11/30/07,29.661,0.91,12.6,36.1,0.35,G,Y,Y,0.76,UpDn
12/3/07,29.538,0.87,9.8,37.3,0.26,Y,Y,Y,0.77,UpDn
12/4/07,29.373,0.86,9.8,41.0,0.24,Y,Y,Y,0.74,UpDn
12/5/07,29.732,0.88,12.2,37.6,0.32,G,Y,Y,0.81,UpDn
12/6/07,30.174,0.92,15.7,33.9,0.46,G,Y,Y,0.95,UpDn
12/7/07,30.167,0.93,15.8,33.6,0.47,Y,Y,Y,1.02,UpUp
12/10/07,30.34,0.92,15.4,30.0,0.51,G,Y,Y,1.09,UpUp
12/11/07,29.672,0.87,9.7,36.0,0.27,Y,Y,Y,0.95,UpDn
12/12/07,29.804,0.87,11.6,36.3,0.32,G,Y,Y,0.91,UpDn
12/13/07,29.668,0.86,11.0,38.4,0.29,Y,R,R,0.87,DnDn
12/14/07,29.292,0.83,8.7,43.3,0.2,R,R,R,0.78,DnDn
12/17/07,28.769,0.81,6.1,45.4,0.13,Y,R,R,0.66,DnDn
12/18/07,28.982,0.82,7.5,42.9,0.17,Y,Y,Y,0.63,DnDn
12/19/07,28.987,0.82,8.2,43.4,0.19,Y,Y,Y,0.63,DnDn
12/20/07,29.143,0.84,9.9,42.1,0.23,Y,Y,Y,0.66,DnDn
12/21/07,29.581,0.87,13.6,38.1,0.36,Y,Y,Y,0.77,UpDn
12/24/07,29.817,0.89,14.7,32.8,0.45,G,Y,Y,0.88,UpDn
12/26/07,29.895,0.9,15.3,32.8,0.47,G,Y,Y,0.96,UpDn
12/27/07,29.487,0.86,11.1,36.6,0.3,Y,Y,Y,0.9,UpDn
12/28/07,29.508,0.86,11.7,37.0,0.32,Y,Y,Y,0.87,DnDn
12/31/07,29.408,0.87,11.0,33.4,0.33,Y,Y,Y,0.84,DnDn
1/2/08,29.147,0.86,9.9,36.6,0.27,Y,R,R,0.79,DnDn
1/3/08,29.08,0.86,10.9,38.9,0.28,R,Y,Y,0.75,DnDn
1/4/08,28.432,0.82,8.9,47.2,0.19,R,R,R,0.65,DnDn
1/7/08,28.395,0.84,9.1,42.4,0.22,R,Y,Y,0.61,DnDn
1/8/08,28.022,0.81,8.9,48.8,0.18,R,R,R,0.56,DnDn
1/9/08,28.174,0.81,9.8,48.0,0.2,Y,Y,Y,0.55,DnDn
1/10/08,28.38,0.84,11.0,45.1,0.24,Y,Y,Y,0.56,DnDn
1/11/08,28.025,0.82,10.1,49.8,0.2,R,Y,Y,0.54,DnDn
1/14/08,28.243,0.85,11.1,42.2,0.26,Y,Y,Y,0.55,DnDn
1/15/08,27.664,0.81,9.5,49.8,0.19,R,Y,Y,0.52,DnDn
1/16/08,27.503,0.81,9.1,50.6,0.18,R,Y,R,0.5,DnDn
1/17/08,26.921,0.77,7.2,58.0,0.12,R,R,R,0.47,DnDn
1/18/08,26.826,0.76,5.6,60.7,0.09,R,R,R,0.45,DnDn
1/22/08,26.603,0.76,5.2,60.0,0.09,R,Y,Y,0.43,DnDn
1/23/08,26.984,0.8,8.6,52.5,0.16,Y,Y,Y,0.47,DnDn
1/24/08,27.256,0.82,9.0,49.6,0.18,Y,Y,Y,0.51,UpDn
1/25/08,27.097,0.82,8.3,51.0,0.16,Y,Y,Y,0.54,UpDn
1/28/08,27.419,0.86,10.2,40.7,0.25,Y,Y,Y,0.59,UpDn
1/29/08,27.566,0.88,11.4,38.6,0.3,Y,Y,Y,0.63,UpDn
1/30/08,27.417,0.88,11.3,39.6,0.28,Y,Y,Y,0.64,UpDn
1/31/08,27.803,0.92,15.2,35.3,0.43,G,Y,Y,0.7,UpDn
2/1/08,28.196,0.95,18.9,30.8,0.61,G,Y,Y,0.85,UpDn
2/4/08,28.044,0.93,14.9,28.3,0.53,Y,Y,Y,0.89,UpDn
2/5/08,27.373,0.88,10.8,37.1,0.29,R,Y,R,0.77,DnDn
2/6/08,27.144,0.86,10.1,39.8,0.25,R,R,R,0.69,DnDn
2/7/08,27.354,0.87,11.8,38.3,0.31,Y,Y,Y,0.68,DnDn
2/8/08,27.318,0.87,11.7,39.9,0.29,Y,Y,R,0.67,DnDn
2/11/08,27.445,0.91,13.3,34.0,0.39,Y,Y,Y,0.7,DnDn
2/12/08,27.566,0.92,14.2,32.3,0.44,Y,Y,Y,0.74,UpDn
2/13/08,27.915,0.95,16.5,28.7,0.57,Y,Y,Y,0.85,UpDn
2/14/08,27.602,0.91,12.6,32.7,0.39,Y,Y,Y,0.83,UpDn
2/15/08,27.543,0.9,12.2,34.2,0.36,Y,Y,Y,0.81,UpDn
2/19/08,27.635,0.9,12.1,30.5,0.4,G,Y,Y,0.83,UpDn
2/20/08,27.811,0.92,14.1,29.5,0.48,Y,Y,Y,0.89,DnDn
2/21/08,27.522,0.89,12.0,33.2,0.36,R,R,R,0.85,DnDn
2/22/08,27.608,0.9,12.8,32.7,0.39,G,Y,Y,0.86,UpDn
2/25/08,27.978,0.93,15.5,26.6,0.58,G,Y,Y,0.97,UpDn
2/26/08,28.204,0.96,17.9,24.5,0.73,G,Y,Y,1.09,UpUp
2/27/08,28.191,0.96,17.8,25.3,0.7,Y,Y,Y,1.15,UpUp
2/28/08,28.006,0.94,16.4,27.8,0.59,Y,Y,Y,1.11,UpUp
2/29/08,27.39,0.89,12.3,33.1,0.37,Y,R,R,0.94,DnDn
3/3/08,27.344,0.9,12.4,31.4,0.39,Y,Y,Y,0.85,DnDn
3/4/08,27.058,0.88,11.5,33.4,0.34,Y,R,R,0.76,DnDn
3/5/08,27.314,0.89,12.5,33.5,0.37,Y,Y,Y,0.75,DnDn
3/6/08,26.773,0.84,10.0,40.0,0.25,R,R,R,0.66,DnDn
3/7/08,26.53,0.83,9.2,42.5,0.22,R,R,R,0.6,DnDn
3/10/08,26.046,0.81,6.9,44.0,0.16,R,R,R,0.54,DnDn
3/11/08,26.74,0.87,11.4,35.4,0.32,Y,Y,Y,0.58,DnDn
3/12/08,26.598,0.86,10.6,37.3,0.29,R,R,R,0.58,DnDn
3/13/08,26.809,0.87,12.7,35.8,0.35,Y,Y,Y,0.61,UpDn
3/14/08,26.362,0.83,10.3,41.9,0.25,R,Y,Y,0.58,DnDn
3/17/08,25.869,0.79,7.9,44.9,0.18,R,R,Y,0.52,DnDn
3/18/08,26.661,0.86,12.5,36.5,0.34,Y,Y,Y,0.58,DnDn
3/19/08,26.052,0.82,9.2,41.8,0.22,R,R,R,0.55,DnDn
3/20/08,26.424,0.85,12.3,38.3,0.32,Y,Y,Y,0.59,DnDn
3/24/08,26.896,0.91,16.3,30.0,0.54,Y,Y,Y,0.71,UpDn
3/25/08,27.162,0.94,18.9,28.0,0.68,G,Y,Y,0.85,UpDn
3/26/08,27.067,0.93,17.5,28.3,0.62,Y,Y,Y,0.89,UpDn
3/27/08,26.875,0.92,15.7,30.0,0.52,Y,Y,Y,0.87,UpDn
3/28/08,26.716,0.9,13.9,31.4,0.44,Y,Y,Y,0.82,UpDn
3/31/08,26.75,0.93,14.9,27.5,0.54,Y,Y,Y,0.82,DnDn
4/1/08,27.403,0.98,22.6,24.6,0.92,G,Y,Y,1.0,UpDn
4/2/08,27.475,0.98,24.1,24.7,0.98,G,Y,Y,1.1,UpUp
4/3/08,27.542,0.99,25.1,24.9,1.01,G,Y,G,1.17,C/Up
4/4/08,27.624,0.99,25.1,24.4,1.03,G,Y,G,1.22,UpUp
4/7/08,27.677,1.0,26.9,22.8,1.18,G,Y,G,1.28,UpUp
4/8/08,27.603,1.0,25.3,23.4,1.08,Y,Y,Y,1.27,UpUp
4/9/08,27.325,0.97,20.9,25.2,0.83,Y,R,R,1.17,DnUp
4/10/08,27.484,0.98,23.2,25.0,0.93,Y,Y,Y,1.16,DnUp
4/11/08,27.027,0.94,17.7,28.1,0.63,Y,R,R,1.03,DnUp
4/14/08,26.965,0.92,13.9,28.0,0.5,Y,R,R,0.94,DnDn
4/15/08,27.104,0.92,15.7,27.8,0.56,Y,Y,Y,0.93,DnDn
4/16/08,27.74,0.97,23.3,25.4,0.92,G,Y,Y,1.11,UpUp
4/17/08,27.65,0.96,22.4,26.0,0.86,Y,R,R,1.17,UpUp
4/18/08,28.012,0.99,27.6,24.3,1.14,G,Y,G,1.29,UpUp
4/21/08,28.002,0.97,24.0,23.3,1.03,Y,Y,Y,1.33,UpUp
4/22/08,27.702,0.94,19.7,26.3,0.75,Y,Y,Y,1.24,UpUp
4/23/08,27.754,0.94,21.6,26.5,0.82,G,Y,Y,1.2,UpUp
4/24/08,27.857,0.96,24.6,25.2,0.98,G,Y,Y,1.22,UpUp
4/25/08,28.032,0.98,26.8,24.8,1.08,G,Y,Y,1.28,UpUp
4/28/08,28.074,1.0,27.6,22.8,1.21,G,Y,G,1.32,UpUp
4/29/08,27.897,0.98,25.6,23.9,1.07,Y,Y,Y,1.27,UpUp
4/30/08,27.909,0.99,25.4,23.6,1.08,G,Y,G,1.24,UpUp
5/1/08,28.219,1.01,31.0,23.0,1.35,G,G,G,1.32,UpUp
5/2/08,28.278,1.01,31.6,23.8,1.33,G,Y,Y,1.36,UpUp
5/5/08,28.247,1.01,29.7,21.7,1.37,Y,Y,G,1.36,UpUp
5/6/08,28.449,1.02,31.6,21.7,1.46,G,G,G,1.39,UpUp
5/7/08,28.035,0.99,25.8,23.2,1.11,Y,Y,Y,1.26,UpUp
5/8/08,28.149,0.99,27.3,23.6,1.16,Y,Y,Y,1.22,DnUp
5/9/08,28.062,0.99,26.8,24.2,1.11,Y,Y,Y,1.17,DnUp
5/12/08,28.341,1.03,31.3,20.5,1.53,G,G,G,1.26,UpUp
5/13/08,28.379,1.03,31.4,20.4,1.54,Y,Y,G,1.3,DnUp
5/14/08,28.407,1.04,32.5,20.7,1.57,G,G,G,1.33,UpUp
5/15/08,28.675,1.05,35.1,20.3,1.73,G,G,G,1.41,UpUp
5/16/08,28.744,1.05,34.8,20.7,1.68,G,Y,Y,1.45,UpUp
5/19/08,28.744,1.04,33.0,19.5,1.69,Y,Y,G,1.46,UpUp
5/20/08,28.618,1.03,30.9,20.3,1.52,Y,Y,Y,1.41,UpUp
5/21/08,28.296,1.0,26.9,22.2,1.21,Y,Y,Y,1.27,DnUp
5/22/08,28.381,1.01,28.6,21.6,1.33,Y,Y,Y,1.22,DnUp
5/23/08,28.115,0.99,25.4,22.8,1.11,Y,R,Y,1.12,DnUp
5/27/08,28.236,1.03,28.0,19.7,1.42,Y,Y,Y,1.13,DnUp
5/28/08,28.378,1.03,29.4,20.4,1.44,G,Y,G,1.16,UpUp
5/29/08,28.467,1.04,31.9,20.3,1.57,G,G,G,1.2,UpUp
5/30/08,28.599,1.06,33.0,19.7,1.68,G,G,G,1.26,UpUp
6/2/08,28.362,1.02,26.3,20.7,1.27,Y,Y,Y,1.18,UpUp
6/3/08,28.273,1.01,25.1,21.5,1.17,Y,Y,Y,1.11,UpUp
6/4/08,28.229,1.01,26.1,21.9,1.19,Y,Y,Y,1.07,DnUp
6/5/08,28.732,1.05,31.8,20.5,1.55,G,G,Y,1.19,UpUp
6/6/08,28.091,1.0,23.8,24.0,0.99,Y,Y,R,1.05,DnUp
6/9/08,28.004,0.98,22.6,26.0,0.87,R,R,R,0.95,DnDn
6/10/08,27.793,0.97,19.3,26.3,0.73,R,R,R,0.86,DnDn
6/11/08,27.4,0.94,15.1,30.5,0.5,R,R,R,0.75,C/Dn
6/12/08,27.459,0.94,15.4,30.5,0.51,Y,Y,Y,0.7,DnDn
6/13/08,27.794,0.97,19.4,28.6,0.68,Y,Y,Y,0.74,DnDn
6/16/08,27.947,0.99,21.1,26.9,0.78,Y,Y,Y,0.79,DnDn
6/17/08,27.895,0.98,19.3,26.9,0.72,Y,Y,R,0.81,UpDn
6/18/08,27.696,0.96,17.7,29.3,0.6,Y,Y,Y,0.78,UpDn
6/19/08,27.759,0.97,18.7,28.9,0.65,G,Y,Y,0.78,UpDn
6/20/08,27.35,0.94,15.5,32.8,0.47,R,R,R,0.71,DnDn
6/23/08,27.264,0.92,15.0,35.4,0.42,R,R,R,0.66,DnDn
6/24/08,27.017,0.91,11.9,36.3,0.33,R,R,R,0.62,DnDn
6/25/08,27.187,0.92,13.2,34.3,0.38,Y,Y,Y,0.62,DnDn
6/26/08,26.661,0.87,10.5,42.5,0.25,Y,R,R,0.59,DnDn
6/27/08,26.597,0.87,10.8,44.6,0.24,R,Y,R,0.58,DnDn
6/30/08,26.548,0.88,10.9,44.8,0.24,R,Y,Y,0.58,DnDn
7/1/08,26.504,0.87,10.4,45.2,0.23,R,R,R,0.58,DnDn
7/2/08,25.927,0.83,8.2,51.1,0.16,R,R,R,0.53,DnDn
7/3/08,25.794,0.82,6.7,52.8,0.13,R,R,R,0.5,DnDn
7/7/08,25.582,0.81,6.1,55.7,0.11,R,R,R,0.48,DnDn
7/8/08,25.957,0.84,7.3,50.3,0.14,Y,Y,Y,0.5,DnDn
7/9/08,25.568,0.81,6.4,56.7,0.11,R,R,R,0.49,DnDn
7/10/08,25.742,0.81,7.5,54.4,0.14,Y,Y,Y,0.5,DnDn
7/11/08,25.639,0.81,7.8,55.3,0.14,R,Y,Y,0.51,DnDn
7/14/08,25.445,0.8,7.7,57.9,0.13,R,R,Y,0.5,DnDn
7/15/08,25.212,0.79,7.1,58.9,0.12,R,R,R,0.49,DnDn
7/16/08,25.746,0.84,8.7,50.8,0.17,Y,Y,Y,0.53,UpDn
7/17/08,25.962,0.88,9.9,47.2,0.21,G,Y,Y,0.59,UpDn
7/18/08,25.939,0.88,9.7,47.1,0.21,Y,Y,Y,0.62,UpDn
7/21/08,26.101,0.88,9.6,44.9,0.21,Y,Y,Y,0.66,UpDn
7/22/08,26.361,0.92,12.5,38.3,0.33,Y,Y,Y,0.76,UpDn
7/23/08,26.394,0.94,13.0,37.1,0.35,G,Y,Y,0.84,UpDn
7/24/08,25.995,0.89,10.6,42.6,0.25,Y,Y,Y,0.78,UpDn
7/25/08,26.159,0.91,12.7,41.4,0.31,G,Y,Y,0.8,UpDn
7/28/08,25.814,0.88,10.7,43.5,0.25,R,Y,Y,0.74,DnDn
7/29/08,26.261,0.92,13.8,39.2,0.35,Y,Y,Y,0.82,DnDn
7/30/08,26.552,0.92,14.9,36.8,0.4,G,Y,Y,0.94,UpDn
7/31/08,26.4,0.91,14.1,38.4,0.37,Y,Y,Y,0.95,UpDn
8/1/08,26.287,0.9,13.7,39.3,0.35,Y,R,Y,0.93,UpDn
8/4/08,25.888,0.85,11.1,43.6,0.25,Y,R,Y,0.83,UpDn
8/5/08,26.334,0.89,14.5,37.9,0.38,G,Y,Y,0.88,UpDn
8/6/08,26.46,0.91,15.7,37.2,0.42,Y,Y,Y,0.94,DnDn
8/7/08,26.121,0.87,12.6,40.4,0.31,R,R,R,0.89,DnDn
8/8/08,26.525,0.91,17.3,37.4,0.46,G,Y,Y,0.98,UpDn
8/11/08,26.714,0.93,20.9,35.8,0.58,G,Y,Y,1.08,UpUp
8/12/08,26.507,0.92,18.9,34.1,0.55,Y,Y,Y,1.06,UpUp
8/13/08,26.558,0.91,17.8,33.2,0.54,G,Y,Y,1.07,UpUp
8/14/08,26.702,0.92,19.6,32.5,0.6,Y,Y,Y,1.12,UpUp
8/15/08,26.66,0.92,20.3,33.2,0.61,Y,Y,Y,1.13,UpUp
8/18/08,26.387,0.88,16.5,35.0,0.47,Y,R,R,1.04,DnUp
8/19/08,26.155,0.86,13.2,34.6,0.38,R,R,R,0.93,DnDn
8/20/08,26.311,0.87,13.2,33.6,0.39,Y,Y,Y,0.91,DnDn
8/21/08,26.33,0.87,12.5,33.4,0.37,Y,Y,R,0.9,DnDn
8/22/08,26.531,0.89,15.8,32.5,0.49,Y,Y,Y,0.95,DnDn
8/25/08,26.108,0.85,11.7,35.5,0.33,R,R,R,0.86,DnDn
8/26/08,26.182,0.88,12.6,30.8,0.41,Y,Y,Y,0.84,UpDn
8/27/08,26.422,0.9,14.8,29.3,0.5,G,Y,Y,0.88,UpDn
8/28/08,26.751,0.93,19.1,27.3,0.7,G,Y,Y,0.99,UpDn
8/29/08,26.536,0.93,17.7,28.0,0.63,Y,Y,Y,0.98,UpDn
9/2/08,26.317,0.91,18.1,30.3,0.6,Y,Y,Y,0.92,UpDn
9/3/08,26.213,0.92,19.8,29.1,0.68,Y,Y,Y,0.88,DnDn
9/4/08,25.584,0.87,14.3,34.1,0.42,Y,R,R,0.74,DnDn
9/5/08,25.584,0.87,14.4,34.8,0.42,Y,Y,Y,0.68,DnDn
9/8/08,25.859,0.91,19.3,33.0,0.59,Y,Y,Y,0.71,DnDn
9/9/08,25.039,0.86,15.4,37.1,0.42,R,R,R,0.63,DnDn
9/10/08,25.272,0.86,16.6,37.1,0.45,Y,Y,Y,0.62,DnDn
9/11/08,25.369,0.86,17.4,38.9,0.45,Y,Y,Y,0.62,DnDn
9/12/08,25.544,0.86,17.3,38.1,0.45,Y,Y,Y,0.64,DnDn
9/15/08,24.545,0.78,10.6,46.6,0.23,R,R,R,0.54,DnDn
9/16/08,24.836,0.82,14.2,44.8,0.32,Y,Y,Y,0.54,DnDn
9/17/08,23.881,0.74,8.4,54.5,0.15,R,R,R,0.46,DnDn
9/18/08,24.858,0.82,15.0,48.5,0.31,Y,Y,Y,0.51,DnDn
9/19/08,25.939,0.92,19.9,37.0,0.54,G,Y,Y,0.74,UpDn
9/22/08,25.134,0.84,11.4,42.4,0.27,Y,Y,Y,0.69,UpDn
9/23/08,24.758,0.83,10.5,43.9,0.24,R,Y,R,0.64,DnDn
9/24/08,24.607,0.81,8.8,46.0,0.19,Y,Y,Y,0.61,UpDn
9/25/08,24.915,0.82,10.2,43.4,0.24,G,Y,Y,0.62,UpDn
9/26/08,24.75,0.81,10.5,46.6,0.23,Y,R,R,0.61,DnDn
9/29/08,23.059,0.7,5.5,62.0,0.09,R,R,R,0.48,DnDn
9/30/08,23.808,0.76,7.3,55.4,0.13,Y,Y,Y,0.48,DnDn
10/1/08,23.693,0.75,7.4,57.5,0.13,R,R,Y,0.47,DnDn
10/2/08,22.649,0.68,5.4,67.2,0.08,Y,R,R,0.41,DnDn
10/3/08,22.293,0.65,4.5,70.5,0.06,R,R,R,0.37,DnDn
10/6/08,21.292,0.59,3.6,78.1,0.05,R,R,R,0.33,DnDn
10/7/08,20.32,0.53,2.0,83.2,0.02,R,R,R,0.3,DnDn
10/8/08,19.997,0.5,1.8,86.1,0.02,R,R,Y,0.27,DnDn
10/9/08,18.695,0.43,1.4,90.2,0.02,R,R,Y,0.24,DnDn
10/10/08,18.588,0.43,1.4,89.5,0.02,R,Y,Y,0.23,DnDn
10/13/08,20.439,0.57,2.1,83.9,0.03,Y,Y,Y,0.26,DnDn
10/14/08,20.2,0.58,2.1,83.0,0.03,R,Y,Y,0.27,DnDn
10/15/08,18.577,0.47,1.5,88.5,0.02,R,R,Y,0.25,DnDn
10/16/08,19.225,0.51,2.2,85.5,0.03,Y,Y,Y,0.25,UpDn
10/17/08,19.172,0.51,2.0,86.3,0.02,Y,Y,Y,0.25,UpDn
10/20/08,19.912,0.57,2.5,83.4,0.03,Y,Y,Y,0.27,DnDn
10/21/08,19.393,0.59,2.3,82.2,0.03,R,Y,Y,0.28,DnDn
10/22/08,18.377,0.52,1.9,85.6,0.02,R,Y,Y,0.27,DnDn
10/23/08,18.27,0.5,1.9,85.6,0.02,R,R,Y,0.26,DnDn
10/24/08,17.726,0.47,1.7,87.4,0.02,R,R,Y,0.25,DnDn
10/27/08,17.126,0.45,1.3,89.1,0.01,R,R,R,0.24,DnDn
10/28/08,18.265,0.53,1.9,83.9,0.02,Y,Y,Y,0.3,DnDn
10/29/08,18.524,0.55,2.3,83.3,0.03,Y,Y,Y,0.37,UpDn
10/30/08,19.106,0.6,3.2,80.4,0.04,Y,Y,Y,0.46,UpDn
10/31/08,19.558,0.66,4.5,76.4,0.06,Y,Y,Y,0.59,UpDn
11/3/08,19.572,0.63,3.4,77.6,0.04,Y,Y,Y,0.69,UpDn
11/4/08,20.132,0.7,4.7,69.2,0.07,G,Y,Y,0.89,UpDn
11/5/08,19.262,0.62,3.2,75.4,0.04,Y,Y,Y,0.78,UpDn
11/6/08,18.533,0.57,2.8,78.7,0.04,R,R,Y,0.63,DnDn
11/7/08,18.912,0.59,3.2,76.8,0.04,Y,Y,Y,0.59,DnDn
11/10/08,18.656,0.57,2.7,78.4,0.03,R,R,Y,0.55,DnDn
11/11/08,18.223,0.55,2.7,78.2,0.03,Y,R,Y,0.48,DnDn
11/12/08,17.409,0.48,1.8,83.2,0.02,R,R,R,0.36,DnDn
11/13/08,18.435,0.54,3.1,78.6,0.04,Y,Y,Y,0.41,DnDn
11/14/08,17.69,0.49,2.0,82.6,0.02,R,R,R,0.33,DnDn
11/17/08,17.377,0.46,2.1,83.8,0.03,R,R,Y,0.28,DnDn
11/18/08,17.321,0.48,2.2,81.5,0.03,R,Y,Y,0.26,DnDn
11/19/08,16.343,0.41,1.8,86.8,0.02,R,R,Y,0.23,DnDn
11/20/08,15.424,0.35,1.5,90.2,0.02,R,R,Y,0.2,DnDn
11/21/08,16.063,0.38,1.6,89.1,0.02,Y,Y,Y,0.2,DnDn
11/24/08,16.97,0.47,2.2,84.7,0.03,Y,Y,Y,0.22,DnDn
11/25/08,17.134,0.51,3.0,80.7,0.04,Y,Y,Y,0.31,DnDn
11/26/08,17.825,0.58,4.6,75.5,0.06,Y,Y,Y,0.52,UpDn
11/28/08,17.953,0.6,5.4,73.2,0.07,G,Y,Y,0.67,UpDn
12/1/08,16.53,0.44,2.0,84.4,0.02,R,R,R,0.49,DnDn
12/2/08,17.086,0.5,2.9,78.7,0.04,Y,Y,Y,0.5,DnDn
12/3/08,17.384,0.53,3.4,76.6,0.04,Y,Y,Y,0.55,DnDn
12/4/08,17.004,0.49,2.8,79.6,0.04,R,R,Y,0.52,DnDn
12/5/08,17.47,0.53,4.0,76.0,0.05,Y,Y,Y,0.67,DnDn
12/8/08,18.106,0.59,5.5,70.4,0.08,Y,Y,Y,0.94,UpDn
12/9/08,17.769,0.58,4.8,68.1,0.07,Y,Y,Y,0.96,UpDn
12/10/08,18.087,0.61,6.3,63.8,0.1,G,Y,Y,1.06,UpUp
12/11/08,17.632,0.56,4.7,70.5,0.07,Y,Y,Y,0.98,UpDn
12/12/08,17.891,0.59,5.8,67.3,0.09,G,Y,Y,0.98,UpDn
12/15/08,17.635,0.55,4.3,71.1,0.06,R,R,R,0.86,DnDn
12/16/08,18.47,0.68,10.3,53.3,0.19,G,Y,Y,1.09,UpUp
12/17/08,18.498,0.69,11.1,52.1,0.21,G,Y,Y,1.19,UpUp
12/18/08,18.186,0.67,9.7,54.5,0.18,Y,Y,Y,1.14,UpUp
12/19/08,18.216,0.67,10.4,53.1,0.2,G,Y,Y,1.14,UpUp
12/22/08,17.875,0.62,8.0,58.4,0.14,Y,Y,Y,1.0,UpUp
12/23/08,17.754,0.7,10.6,51.7,0.21,Y,Y,Y,0.92,DnDn
12/24/08,17.805,0.71,11.6,50.8,0.23,Y,Y,Y,0.9,DnDn
12/26/08,17.97,0.73,13.2,49.0,0.27,Y,Y,Y,0.92,DnDn
12/29/08,17.812,0.7,11.5,52.2,0.22,R,Y,Y,0.88,DnDn
12/30/08,18.221,0.81,18.9,43.7,0.43,G,Y,Y,0.99,UpDn
12/31/08,18.594,0.89,25.5,38.2,0.67,G,Y,Y,1.17,UpUp
1/2/09,19.018,0.97,33.4,32.8,1.02,G,Y,G,1.33,UpUp
1/5/09,19.055,0.95,31.4,32.0,0.98,Y,Y,Y,1.38,UpUp
1/6/09,19.328,1.05,39.0,24.6,1.58,Y,G,G,1.5,UpUp
1/7/09,18.815,0.98,32.0,27.3,1.17,Y,Y,Y,1.43,UpUp
1/8/09,18.949,1.01,34.4,26.9,1.28,G,G,G,1.42,C/Up
1/9/09,18.545,0.95,27.3,30.0,0.91,Y,R,R,1.26,DnUp
1/12/09,18.099,0.88,20.3,34.8,0.58,R,R,R,1.04,DnUp
1/13/09,18.163,0.92,22.5,31.0,0.73,Y,Y,Y,0.96,DnDn
1/14/09,17.535,0.84,15.0,39.4,0.38,R,R,R,0.75,DnDn
1/15/09,17.701,0.85,17.0,37.9,0.45,Y,Y,Y,0.69,DnDn
1/16/09,17.865,0.87,19.6,36.5,0.54,Y,Y,Y,0.7,DnDn
1/20/09,17.027,0.78,12.7,49.1,0.26,R,R,R,0.56,C/Dn
1/21/09,17.612,0.85,17.1,39.9,0.43,Y,Y,Y,0.59,DnDn
1/22/09,17.274,0.8,14.9,46.1,0.32,R,R,R,0.53,DnDn
1/23/09,17.348,0.81,15.5,45.3,0.34,Y,Y,Y,0.51,DnDn
1/26/09,17.465,0.86,18.2,40.2,0.45,Y,Y,Y,0.54,DnDn
1/27/09,17.636,0.89,21.1,35.2,0.6,Y,Y,Y,0.61,UpDn
1/28/09,18.098,0.96,28.0,30.7,0.91,G,Y,Y,0.78,UpDn
1/29/09,17.606,0.9,21.5,36.3,0.59,Y,Y,Y,0.73,UpDn
1/30/09,17.335,0.87,18.8,39.4,0.48,R,Y,Y,0.67,DnDn
2/2/09,17.354,0.86,19.0,39.3,0.48,Y,Y,Y,0.66,DnDn
2/3/09,17.522,0.94,23.5,33.1,0.71,Y,Y,Y,0.72,DnDn
2/4/09,17.474,0.93,23.1,35.1,0.66,Y,R,R,0.75,DnDn
2/5/09,17.691,0.96,26.4,33.9,0.78,G,Y,Y,0.81,UpDn
2/6/09,18.099,1.02,32.4,29.9,1.08,Y,G,G,0.99,UpDn
2/9/09,18.091,0.99,30.2,30.1,1.0,Y,R,Y,1.06,UpUp
2/10/09,17.453,0.93,22.4,34.7,0.65,R,R,R,0.91,DnDn
2/11/09,17.539,0.94,23.0,34.0,0.68,G,Y,Y,0.85,UpDn
2/12/09,17.572,0.93,23.6,35.0,0.68,Y,R,Y,0.83,DnDn
2/13/09,17.495,0.93,23.8,36.4,0.65,R,Y,R,0.8,DnDn
2/17/09,16.828,0.84,16.9,46.5,0.36,R,R,R,0.65,DnDn
2/18/09,16.711,0.82,14.2,46.5,0.3,R,R,R,0.57,DnDn
2/19/09,16.523,0.79,12.8,49.9,0.26,Y,R,R,0.51,DnDn
2/20/09,16.357,0.75,10.2,55.5,0.18,R,R,R,0.45,DnDn
2/23/09,15.837,0.71,8.0,61.8,0.13,R,R,R,0.4,DnDn
2/24/09,16.302,0.78,10.7,53.7,0.2,Y,Y,Y,0.43,DnDn
2/25/09,16.098,0.75,10.4,56.8,0.18,R,R,R,0.41,DnDn
2/26/09,15.909,0.73,10.0,59.1,0.17,R,R,R,0.39,DnDn
2/27/09,15.743,0.72,10.2,60.8,0.17,R,R,Y,0.38,DnDn
3/2/09,15.034,0.63,6.8,69.8,0.1,R,R,R,0.35,DnDn
3/3/09,14.918,0.62,5.8,71.7,0.08,R,R,R,0.33,DnDn
3/4/09,15.244,0.67,7.0,67.0,0.1,Y,Y,Y,0.33,DnDn
3/5/09,14.702,0.6,5.6,73.4,0.08,R,R,R,0.32,DnDn
3/6/09,14.676,0.6,5.4,73.4,0.07,R,Y,R,0.31,DnDn
3/9/09,14.478,0.59,5.0,74.1,0.07,R,R,Y,0.3,DnDn
3/10/09,15.166,0.69,6.6,65.6,0.1,Y,Y,Y,0.37,UpDn
3/11/09,15.21,0.7,7.4,64.7,0.11,Y,Y,Y,0.43,DnDn
3/12/09,15.776,0.8,10.4,54.6,0.19,Y,Y,Y,0.56,UpDn
3/13/09,15.872,0.81,11.1,52.1,0.21,Y,Y,Y,0.66,UpDn
3/16/09,15.8,0.77,9.0,54.9,0.16,Y,Y,Y,0.68,UpDn
3/17/09,16.201,0.84,11.0,44.4,0.25,G,Y,Y,0.83,UpDn
3/18/09,16.557,0.9,15.6,38.6,0.4,G,Y,Y,0.98,UpDn
3/19/09,16.518,0.9,15.6,39.4,0.4,Y,Y,Y,1.0,UpDn
3/20/09,16.221,0.86,13.2,42.8,0.31,Y,Y,Y,0.93,UpDn
3/23/09,17.143,0.97,23.4,32.9,0.71,G,Y,Y,1.16,UpUp
3/24/09,16.795,0.93,17.9,33.1,0.54,Y,Y,Y,1.1,UpUp
3/25/09,16.982,0.96,21.2,31.0,0.68,G,Y,Y,1.13,UpUp
3/26/09,17.423,1.04,29.7,26.6,1.12,G,G,G,1.3,C/Up
3/27/09,17.024,0.98,22.6,29.6,0.76,Y,R,R,1.23,UpUp
3/30/09,16.541,0.86,12.0,36.4,0.33,Y,R,R,0.97,DnDn
3/31/09,16.781,0.92,16.9,29.5,0.57,Y,Y,Y,0.93,DnDn
4/1/09,16.984,0.96,21.0,28.3,0.74,Y,Y,Y,0.95,UpDn
4/2/09,17.517,1.05,32.6,23.2,1.41,G,G,G,1.18,UpUp
4/3/09,17.683,1.08,35.0,21.9,1.6,G,G,G,1.35,UpUp
4/6/09,17.485,1.01,28.2,23.4,1.21,Y,Y,Y,1.3,UpUp
4/7/09,17.103,1.0,25.0,23.1,1.08,Y,Y,Y,1.17,UpUp
4/8/09,17.317,1.04,29.6,21.4,1.38,G,G,G,1.2,UpUp
4/9/09,17.938,1.14,41.2,17.5,2.35,G,G,G,1.46,UpUp
4/13/09,17.989,1.13,39.7,17.1,2.32,G,Y,Y,1.57,UpUp
4/14/09,17.695,1.11,36.2,15.9,2.27,Y,Y,Y,1.56,UpUp
4/15/09,17.883,1.14,39.2,15.5,2.52,G,G,G,1.6,UpUp
4/16/09,18.166,1.18,43.8,14.9,2.94,G,G,G,1.67,UpUp
4/17/09,18.276,1.2,46.3,14.2,3.26,G,G,G,1.71,UpUp
4/20/09,17.577,1.05,31.9,17.4,1.83,Y,Y,Y,1.56,DnUp
4/21/09,17.953,1.14,39.8,14.4,2.77,G,G,G,1.59,UpUp
4/22/09,17.944,1.14,40.3,14.5,2.79,Y,Y,G,1.59,UpUp
4/23/09,18.021,1.14,41.0,14.9,2.76,Y,Y,Y,1.61,DnUp
4/24/09,18.443,1.19,44.7,13.5,3.3,G,Y,G,1.67,UpUp
4/27/09,18.217,1.15,41.4,14.6,2.83,Y,Y,Y,1.66,UpUp
4/28/09,18.217,1.17,42.5,13.3,3.19,Y,G,G,1.66,UpUp
4/29/09,18.657,1.23,47.8,11.8,4.05,G,G,G,1.7,UpUp
4/30/09,18.564,1.23,46.7,11.6,4.03,Y,Y,Y,1.69,UpUp
5/1/09,18.635,1.24,49.0,12.1,4.06,G,G,G,1.69,UpUp
5/4/09,19.245,1.28,52.4,10.7,4.91,G,G,G,1.75,UpUp
5/5/09,19.157,1.29,52.8,9.5,5.56,Y,G,G,1.75,UpUp
5/6/09,19.357,1.31,54.8,9.4,5.83,G,G,G,1.76,UpUp
5/7/09,19.054,1.27,51.6,10.0,5.17,Y,Y,Y,1.72,UpUp
5/8/09,19.567,1.34,56.7,9.1,6.21,G,G,G,1.76,UpUp
5/11/09,19.268,1.26,51.9,9.4,5.53,Y,Y,Y,1.72,UpUp
5/12/09,19.192,1.26,50.4,8.9,5.68,Y,Y,G,1.69,UpUp
5/13/09,18.594,1.15,39.8,10.8,3.7,Y,Y,Y,1.64,DnUp
5/14/09,18.811,1.18,43.4,10.3,4.22,Y,Y,Y,1.62,DnUp
5/15/09,18.668,1.16,40.7,11.0,3.71,Y,Y,Y,1.6,DnUp
5/18/09,19.219,1.27,52.0,9.4,5.56,Y,G,G,1.62,DnUp
5/19/09,19.261,1.28,51.7,9.3,5.55,G,G,Y,1.63,UpUp
5/20/09,19.234,1.27,51.6,9.6,5.37,Y,Y,Y,1.63,UpUp
5/21/09,18.967,1.23,48.1,11.0,4.39,Y,Y,Y,1.62,UpUp
5/22/09,18.969,1.23,47.7,11.5,4.14,Y,Y,Y,1.61,UpUp
5/26/09,19.462,1.28,52.7,10.1,5.21,G,G,Y,1.64,UpUp
5/27/09,19.21,1.24,48.4,11.6,4.17,Y,Y,Y,1.63,DnUp
5/28/09,19.412,1.26,49.1,11.4,4.3,G,Y,Y,1.64,UpUp
5/29/09,19.688,1.29,52.2,11.0,4.75,G,G,G,1.68,UpUp
6/1/09,20.223,1.32,55.4,10.4,5.34,G,G,G,1.74,UpUp
6/2/09,20.311,1.28,52.4,10.5,4.97,G,Y,Y,1.74,UpUp
6/3/09,20.007,1.24,49.9,11.2,4.47,Y,Y,Y,1.71,UpUp
6/4/09,20.272,1.28,52.6,10.7,4.9,G,G,G,1.72,UpUp
6/5/09,20.225,1.27,52.5,11.1,4.72,Y,Y,Y,1.72,UpUp
6/8/09,20.122,1.23,49.0,10.9,4.51,Y,Y,Y,1.69,DnUp
6/9/09,20.246,1.22,46.9,10.9,4.31,Y,Y,Y,1.69,DnUp
6/10/09,20.193,1.21,45.2,11.5,3.92,Y,Y,Y,1.68,UpUp
6/11/09,20.333,1.23,46.3,11.8,3.93,G,Y,Y,1.69,UpUp
6/12/09,20.265,1.21,45.3,12.0,3.78,Y,Y,Y,1.69,UpUp
6/15/09,19.775,1.14,38.4,13.6,2.83,R,Y,Y,1.64,DnUp
6/16/09,19.545,1.09,31.4,15.2,2.06,R,Y,Y,1.59,DnUp
6/17/09,19.52,1.08,30.7,15.8,1.95,R,Y,Y,1.54,DnUp
6/18/09,19.58,1.08,31.8,16.0,1.99,Y,Y,Y,1.52,DnUp
6/19/09,19.681,1.1,33.4,15.4,2.16,Y,Y,Y,1.52,DnUp
6/22/09,19.058,1.02,22.7,19.0,1.19,R,Y,Y,1.29,DnUp
6/23/09,19.063,0.98,17.5,20.8,0.84,Y,R,R,1.13,DnUp
6/24/09,19.233,1.0,20.9,20.4,1.02,Y,Y,G,1.1,DnUp
6/25/09,19.633,1.05,28.4,17.6,1.61,G,Y,Y,1.23,UpUp
6/26/09,19.752,1.08,31.1,17.7,1.75,G,Y,Y,1.33,UpUp
6/29/09,19.804,1.08,32.3,17.2,1.88,Y,Y,G,1.4,UpUp
6/30/09,19.693,1.05,27.1,17.5,1.55,Y,Y,Y,1.36,UpUp
7/1/09,19.882,1.08,31.4,16.8,1.86,G,G,G,1.42,UpUp
7/2/09,19.373,1.01,22.3,20.2,1.1,Y,Y,Y,1.25,DnUp
7/6/09,19.29,0.99,21.0,21.9,0.96,Y,R,R,1.14,DnUp
7/7/09,18.968,0.94,15.3,26.4,0.58,R,R,R,0.98,DnDn
7/8/09,18.857,0.91,13.7,29.6,0.46,R,R,R,0.86,DnDn
7/9/09,18.935,0.92,14.5,28.8,0.5,Y,Y,Y,0.82,DnDn
7/10/09,18.903,0.93,15.0,29.5,0.51,R,Y,Y,0.79,C/Dn
7/13/09,19.233,0.97,19.2,25.7,0.75,Y,Y,Y,0.86,DnDn
7/14/09,19.354,0.99,19.2,22.9,0.84,Y,Y,Y,0.92,UpDn
7/15/09,19.897,1.06,30.3,19.4,1.56,Y,G,G,1.16,UpUp
7/16/09,20.076,1.08,34.0,19.1,1.78,G,G,G,1.34,UpUp
7/17/09,20.059,1.08,33.2,19.8,1.68,Y,Y,Y,1.4,UpUp
7/20/09,20.356,1.07,33.6,18.9,1.78,G,Y,G,1.5,UpUp
7/21/09,20.366,1.05,30.5,19.0,1.61,G,Y,Y,1.5,C/Up
7/22/09,20.421,1.06,32.5,19.1,1.7,G,Y,G,1.52,UpUp
7/23/09,20.864,1.12,39.7,17.3,2.29,G,G,G,1.65,UpUp
7/24/09,20.955,1.13,41.3,16.9,2.44,G,G,G,1.69,UpUp
7/27/09,21.009,1.1,38.7,16.5,2.34,G,Y,Y,1.71,UpUp
7/28/09,20.969,1.09,36.6,16.1,2.27,Y,Y,Y,1.71,UpUp
7/29/09,20.815,1.07,33.8,16.6,2.04,Y,Y,Y,1.68,UpUp
7/30/09,21.103,1.11,38.5,15.6,2.47,G,Y,G,1.71,UpUp
7/31/09,21.171,1.12,39.8,15.5,2.57,G,Y,G,1.72,UpUp
8/3/09,21.535,1.14,43.2,14.3,3.01,G,G,G,1.75,UpUp
8/4/09,21.611,1.16,43.6,13.3,3.27,G,G,G,1.73,UpUp
8/5/09,21.518,1.15,41.2,13.2,3.12,Y,Y,Y,1.7,UpUp
8/6/09,21.336,1.13,38.5,14.2,2.71,Y,Y,Y,1.67,UpUp
8/7/09,21.636,1.16,42.2,13.6,3.11,G,G,G,1.68,UpUp
8/10/09,21.571,1.14,40.5,13.8,2.94,Y,Y,Y,1.67,UpUp
8/11/09,21.336,1.1,34.4,14.2,2.43,Y,Y,Y,1.64,DnUp
8/12/09,21.571,1.12,38.2,13.8,2.76,G,Y,Y,1.64,UpUp
8/13/09,21.71,1.14,39.9,13.8,2.89,G,G,G,1.65,UpUp
8/14/09,21.454,1.1,35.3,14.8,2.4,Y,Y,Y,1.63,DnUp
8/17/09,20.924,1.02,23.3,17.1,1.37,R,Y,Y,1.44,DnUp
8/18/09,21.188,1.05,27.0,15.5,1.74,Y,Y,Y,1.43,DnUp
8/19/09,21.311,1.07,29.8,15.3,1.95,Y,Y,Y,1.47,DnUp
8/20/09,21.517,1.09,33.3,15.0,2.22,Y,Y,Y,1.53,DnUp
8/21/09,21.856,1.13,39.2,14.0,2.8,G,G,G,1.6,UpUp
8/24/09,21.854,1.11,37.0,14.6,2.54,Y,Y,Y,1.63,UpUp
8/25/09,21.919,1.12,37.4,13.0,2.87,G,G,G,1.65,UpUp
8/26/09,21.911,1.12,37.6,12.9,2.91,Y,Y,G,1.65,UpUp
8/27/09,21.947,1.12,37.8,13.2,2.86,G,Y,Y,1.66,UpUp
8/28/09,21.91,1.12,37.0,13.6,2.71,Y,Y,Y,1.66,UpUp
8/31/09,21.674,1.08,32.8,14.7,2.23,R,Y,Y,1.61,DnUp
9/1/09,21.26,1.04,24.9,15.7,1.59,Y,Y,Y,1.46,DnUp
9/2/09,21.241,1.03,24.4,16.1,1.52,R,Y,Y,1.37,DnUp
9/3/09,21.458,1.06,29.0,15.3,1.89,Y,Y,Y,1.41,DnUp
9/4/09,21.72,1.09,34.0,14.5,2.35,Y,Y,Y,1.49,DnUp
9/8/09,21.959,1.12,38.6,13.7,2.81,Y,G,G,1.56,UpUp
9/9/09,22.149,1.16,40.9,12.1,3.38,G,G,G,1.62,UpUp
9/10/09,22.38,1.18,43.9,11.9,3.68,Y,G,G,1.66,UpUp
9/11/09,22.382,1.18,43.6,12.1,3.59,Y,Y,Y,1.67,UpUp
9/14/09,22.506,1.17,42.4,12.0,3.54,G,Y,Y,1.68,UpUp
9/15/09,22.664,1.18,42.9,11.6,3.71,G,G,G,1.69,UpUp
9/16/09,23.019,1.22,47.0,10.9,4.29,G,G,G,1.72,UpUp
9/17/09,22.963,1.21,47.0,10.8,4.34,Y,Y,G,1.71,UpUp
9/18/09,23.016,1.22,47.5,11.3,4.2,G,G,Y,1.71,UpUp
9/21/09,22.917,1.21,46.8,11.3,4.15,Y,Y,Y,1.7,UpUp
9/22/09,23.122,1.23,47.7,10.5,4.55,G,G,G,1.72,UpUp
9/23/09,22.893,1.21,46.0,11.1,4.15,Y,Y,Y,1.7,DnUp
9/24/09,22.584,1.16,41.3,12.1,3.4,R,Y,Y,1.66,DnUp
9/25/09,22.503,1.15,40.1,12.2,3.3,Y,Y,Y,1.62,DnUp
9/28/09,22.856,1.18,44.1,11.4,3.86,Y,Y,Y,1.63,DnUp
9/29/09,22.855,1.17,42.3,11.3,3.73,Y,Y,Y,1.63,DnUp
9/30/09,22.776,1.16,41.1,12.1,3.39,R,Y,Y,1.62,DnUp
10/1/09,22.212,1.09,31.3,15.0,2.08,R,Y,Y,1.53,DnUp
10/2/09,22.107,1.07,28.0,15.9,1.75,R,Y,Y,1.43,DnUp
10/5/09,22.44,1.13,37.3,14.2,2.62,Y,Y,Y,1.46,DnUp
10/6/09,22.772,1.12,36.8,13.3,2.77,Y,Y,Y,1.51,DnUp
10/7/09,22.821,1.12,37.5,13.4,2.8,Y,Y,Y,1.54,UpUp
10/8/09,23.052,1.14,40.5,13.4,3.02,Y,G,G,1.59,UpUp
10/9/09,23.158,1.16,41.9,13.0,3.22,Y,G,G,1.63,UpUp
10/12/09,23.197,1.13,38.6,13.2,2.92,G,Y,Y,1.64,UpUp
10/13/09,23.157,1.1,34.3,13.5,2.54,Y,Y,Y,1.63,UpUp
10/14/09,23.526,1.13,38.9,12.6,3.08,G,G,G,1.67,UpUp
10/15/09,23.538,1.13,38.5,13.0,2.97,G,Y,Y,1.67,UpUp
10/16/09,23.383,1.11,36.5,13.8,2.64,Y,Y,Y,1.65,UpUp
10/19/09,23.61,1.12,37.3,13.8,2.69,G,Y,Y,1.67,UpUp
10/20/09,23.415,1.08,32.4,14.6,2.22,Y,Y,Y,1.64,UpUp
10/21/09,23.251,1.06,29.0,15.5,1.87,Y,Y,Y,1.57,DnUp
10/22/09,23.446,1.07,32.6,15.3,2.13,Y,Y,Y,1.59,DnUp
10/23/09,23.165,1.04,27.3,17.6,1.55,R,Y,Y,1.46,DnUp
10/26/09,22.898,1.0,22.7,19.1,1.19,Y,Y,Y,1.3,DnUp
10/27/09,22.708,0.97,17.0,20.4,0.83,R,R,R,1.15,DnUp
10/28/09,22.12,0.89,8.9,27.5,0.32,R,R,R,0.93,C/Dn
10/29/09,22.576,0.94,14.5,23.9,0.61,Y,Y,Y,0.92,DnDn
10/30/09,22.028,0.88,9.0,29.3,0.31,R,R,R,0.8,DnDn
11/2/09,22.091,0.91,11.7,28.1,0.42,Y,Y,Y,0.76,DnDn
11/3/09,22.267,0.93,13.1,26.8,0.49,Y,Y,Y,0.78,DnDn
11/4/09,22.243,0.93,13.7,28.2,0.49,Y,Y,Y,0.78,UpDn
11/5/09,22.664,0.98,19.7,24.4,0.81,G,Y,Y,0.88,UpDn
11/6/09,22.668,0.98,20.0,24.7,0.81,Y,Y,Y,0.93,UpDn
11/9/09,23.129,1.0,25.7,23.3,1.1,G,Y,G,1.06,UpUp
11/10/09,23.049,0.97,22.6,24.4,0.93,Y,Y,R,1.09,UpUp
11/11/09,23.18,0.98,24.1,23.6,1.02,G,Y,G,1.14,C/Up
11/12/09,22.866,0.94,19.7,26.6,0.74,Y,R,R,1.08,UpUp
11/13/09,23.059,0.97,22.6,25.7,0.88,G,Y,Y,1.11,UpUp
11/16/09,23.454,1.0,27.1,22.9,1.18,G,Y,G,1.23,UpUp
11/17/09,23.434,0.99,26.2,22.9,1.15,Y,Y,Y,1.26,UpUp
11/18/09,23.35,0.98,25.7,24.1,1.07,Y,Y,Y,1.25,UpUp
11/19/09,23.008,0.95,19.7,26.5,0.75,Y,Y,R,1.13,UpUp
11/20/09,22.925,0.94,18.1,27.0,0.67,Y,R,R,1.05,DnUp
11/23/09,23.219,0.96,23.3,26.1,0.89,Y,Y,Y,1.08,DnUp
11/24/09,23.147,0.95,19.7,25.1,0.78,R,R,R,1.07,DnUp
11/25/09,23.273,0.96,22.2,25.4,0.87,Y,Y,Y,1.08,DnUp
11/27/09,22.834,0.91,15.2,29.3,0.52,R,R,R,0.98,DnDn
11/30/09,22.93,0.92,16.1,28.5,0.56,G,Y,Y,0.94,UpDn
12/1/09,23.255,0.94,20.5,26.1,0.78,G,Y,Y,0.99,UpDn
12/2/09,23.359,0.95,22.0,25.5,0.86,Y,Y,Y,1.04,UpUp
12/3/09,23.163,0.94,19.5,27.0,0.72,R,R,R,1.01,C/Dn
12/4/09,23.324,0.96,22.5,24.9,0.91,Y,Y,Y,1.04,UpUp
12/7/09,23.295,0.95,20.7,25.3,0.82,Y,Y,Y,1.04,UpUp
12/8/09,23.078,0.92,16.0,25.6,0.63,Y,R,R,0.98,DnDn
12/9/09,23.121,0.93,17.1,26.0,0.66,Y,Y,Y,0.96,DnDn
12/10/09,23.168,0.93,17.9,26.3,0.68,Y,Y,Y,0.96,UpDn
12/11/09,23.254,0.94,19.7,25.9,0.76,Y,Y,Y,0.98,DnDn
12/14/09,23.468,0.96,24.4,24.7,0.99,G,Y,Y,1.06,UpUp
12/15/09,23.377,0.95,21.9,23.5,0.93,Y,Y,Y,1.07,UpUp
12/16/09,23.476,0.96,24.3,23.3,1.04,G,Y,G,1.1,UpUp
12/17/09,23.22,0.93,18.5,24.9,0.74,Y,Y,R,1.03,UpUp
12/18/09,23.287,0.95,20.1,24.2,0.83,G,Y,Y,1.02,UpUp
12/21/09,23.497,0.96,23.4,23.4,1.0,G,Y,Y,1.07,UpUp
12/22/09,23.619,0.97,24.8,21.5,1.16,G,Y,G,1.13,C/Up
12/23/09,23.787,0.99,27.3,21.0,1.3,G,Y,G,1.21,UpUp
12/24/09,23.906,1.01,29.2,20.4,1.43,G,G,G,1.27,UpUp
12/28/09,23.923,0.99,27.5,21.0,1.31,G,R,Y,1.28,UpUp
12/29/09,23.893,0.98,26.1,19.5,1.34,Y,Y,G,1.28,UpUp
12/30/09,23.908,0.99,25.7,18.7,1.37,G,Y,G,1.29,UpUp
12/31/09,23.74,0.99,22.5,17.9,1.26,Y,Y,Y,1.24,DnUp
1/4/10,24.153,1.03,30.6,16.1,1.9,G,G,G,1.38,UpUp
1/5/10,24.205,1.04,29.9,14.9,2.01,G,G,G,1.46,UpUp
1/6/10,24.268,1.05,31.3,14.6,2.14,G,G,G,1.51,UpUp
1/7/10,24.305,1.07,32.3,14.3,2.26,G,G,G,1.53,UpUp
1/8/10,24.421,1.09,34.0,13.7,2.48,G,G,G,1.56,UpUp
1/11/10,24.454,1.09,35.1,14.1,2.49,G,Y,G,1.57,UpUp
1/12/10,24.195,1.04,26.7,13.1,2.04,Y,Y,Y,1.52,DnUp
1/13/10,24.388,1.06,30.7,12.9,2.39,G,G,G,1.52,UpUp
1/14/10,24.417,1.07,31.9,12.7,2.52,G,Y,G,1.52,UpUp
1/15/10,24.169,1.05,27.1,13.5,2.01,Y,Y,Y,1.48,DnUp
1/19/10,24.45,1.09,32.4,11.6,2.8,Y,Y,G,1.51,DnUp
1/20/10,24.143,1.06,26.3,12.6,2.09,R,Y,Y,1.47,DnUp
1/21/10,23.751,1.02,19.1,15.2,1.26,Y,Y,Y,1.29,DnUp
1/22/10,23.37,0.98,13.7,17.5,0.78,Y,R,R,1.08,DnUp
1/25/10,23.431,1.0,16.1,16.5,0.97,Y,Y,Y,1.02,DnUp
1/26/10,23.294,0.98,13.4,17.1,0.78,R,R,R,0.94,C/Dn
1/27/10,23.343,0.98,14.4,17.5,0.82,Y,Y,Y,0.91,DnDn
1/28/10,23.103,0.96,12.1,19.7,0.62,R,R,R,0.84,DnDn
1/29/10,22.876,0.94,10.9,22.3,0.49,R,R,R,0.77,DnDn
2/1/10,23.177,0.98,14.7,18.7,0.79,Y,Y,Y,0.81,DnDn
2/2/10,23.408,1.0,16.0,17.0,0.94,Y,Y,Y,0.88,UpDn
2/3/10,23.295,0.99,15.1,18.0,0.84,R,Y,Y,0.89,DnDn
2/4/10,22.608,0.92,9.9,25.8,0.38,R,R,R,0.74,DnDn
2/5/10,22.627,0.92,9.7,25.8,0.38,Y,Y,Y,0.68,DnDn
2/8/10,22.479,0.91,10.2,27.6,0.37,R,R,R,0.63,DnDn
2/9/10,22.774,0.94,11.1,22.5,0.49,Y,Y,Y,0.67,DnDn
2/10/10,22.752,0.94,11.3,22.7,0.5,R,Y,Y,0.7,DnDn
2/11/10,23.034,0.97,12.9,19.4,0.66,Y,Y,Y,0.77,UpDn
2/12/10,23.061,0.98,13.9,19.3,0.72,G,Y,Y,0.82,UpDn
2/16/10,23.417,1.0,15.9,17.3,0.92,Y,Y,Y,0.94,UpDn
2/17/10,23.517,1.02,16.9,15.4,1.1,G,G,G,1.04,UpUp
2/18/10,23.641,1.03,18.8,15.5,1.21,Y,G,G,1.12,UpUp
2/19/10,23.668,1.03,20.4,15.8,1.29,G,Y,G,1.16,C/Up
2/22/10,23.668,1.01,18.5,15.8,1.17,Y,Y,Y,1.16,UpUp
2/23/10,23.417,0.99,15.4,17.6,0.88,Y,R,R,1.08,UnUp
2/24/10,23.571,1.0,17.6,16.6,1.06,G,Y,G,1.09,UpUp
2/25/10,23.561,1.0,17.7,17.2,1.03,R,Y,Y,1.09,DnUp
2/26/10,23.608,1.0,18.3,17.6,1.04,Y,Y,Y,1.1,DnUp
3/1/10,23.913,1.03,22.8,15.5,1.47,G,G,G,1.22,UpUp
3/2/10,24.063,1.05,24.8,14.0,1.77,G,G,G,1.32,UpUp
3/3/10,24.128,1.05,25.3,13.8,1.84,G,Y,G,1.38,UpUp
3/4/10,24.186,1.06,26.2,13.8,1.9,Y,G,G,1.42,UpUp
3/5/10,24.528,1.1,32.8,12.7,2.59,G,G,G,1.51,UpUp
3/8/10,24.568,1.07,29.5,12.7,2.32,G,Y,Y,1.53,UpUp
3/9/10,24.599,1.07,29.1,11.5,2.53,G,Y,G,1.54,UpUp
3/10/10,24.715,1.09,31.0,11.6,2.69,G,G,G,1.56,UpUp
3/11/10,24.782,1.09,31.5,11.8,2.67,G,Y,Y,1.57,UpUp
3/12/10,24.811,1.09,31.7,11.8,2.69,G,Y,G,1.57,UpUp
3/15/10,24.751,1.07,28.9,12.5,2.32,Y,Y,Y,1.54,UpUp
3/16/10,24.945,1.08,31.0,11.7,2.65,G,G,G,1.57,UpUp
3/17/10,25.073,1.09,33.5,11.9,2.81,G,Y,G,1.6,UpUp
3/18/10,24.994,1.08,32.2,12.8,2.52,Y,Y,Y,1.59,UpUp
3/19/10,24.814,1.06,29.2,13.9,2.1,Y,Y,Y,1.54,UpUp
3/22/10,24.97,1.07,31.7,13.5,2.35,G,Y,G,1.54,UpUp
3/23/10,25.137,1.08,33.8,12.4,2.72,G,Y,G,1.56,UpUp
3/24/10,24.938,1.07,30.8,13.0,2.37,Y,Y,Y,1.53,DnUp
3/25/10,24.83,1.06,29.5,13.5,2.18,R,Y,Y,1.49,DnUp
3/26/10,24.852,1.06,29.5,13.9,2.12,G,Y,Y,1.47,UpUp
3/29/10,25.011,1.07,31.4,13.6,2.31,G,Y,Y,1.48,UpUp
3/30/10,25.042,1.07,31.6,13.4,2.35,Y,Y,Y,1.49,DnUp
3/31/10,24.959,1.06,30.2,13.6,2.22,Y,Y,Y,1.48,UpUp
4/1/10,25.167,1.08,33.5,13.1,2.55,Y,G,G,1.5,UpUp
4/5/10,25.453,1.11,38.3,13.0,2.95,G,G,G,1.56,UpUp
4/6/10,25.522,1.12,39.3,11.9,3.3,G,G,G,1.58,UpUp
4/7/10,25.429,1.11,37.7,12.1,3.12,Y,Y,Y,1.57,UpUp
4/8/10,25.448,1.12,37.9,12.1,3.14,G,G,G,1.57,UpUp
4/9/10,25.606,1.13,39.7,12.2,3.25,G,G,G,1.59,UpUp
4/12/10,25.645,1.11,38.1,11.5,3.33,G,Y,G,1.6,UpUp
4/13/10,25.667,1.12,38.4,10.5,3.65,G,Y,G,1.6,UpUp
4/14/10,25.982,1.15,42.3,10.3,4.1,G,G,G,1.64,UpUp
4/15/10,26.003,1.15,42.1,10.3,4.09,G,Y,Y,1.65,UpUp
4/16/10,25.661,1.12,37.5,10.6,3.54,Y,Y,Y,1.6,UpUp
4/19/10,25.631,1.1,35.8,11.0,3.25,Y,Y,Y,1.57,DnUp
4/20/10,25.885,1.13,39.4,10.1,3.9,G,G,G,1.59,UpUp
4/21/10,25.935,1.13,39.8,10.1,3.94,Y,Y,Y,1.61,DnUp
4/22/10,26.072,1.15,41.0,10.3,3.96,G,Y,Y,1.63,UpUp
4/23/10,26.289,1.17,44.0,10.0,4.38,G,G,G,1.65,UpUp
4/26/10,26.248,1.16,41.3,10.0,4.14,Y,Y,Y,1.65,UpUp
4/27/10,25.706,1.1,31.4,10.5,2.99,Y,Y,Y,1.58,DnUp
4/28/10,25.774,1.1,32.3,10.9,2.96,Y,Y,Y,1.55,DnUp
4/29/10,26.131,1.14,37.9,10.8,3.52,G,Y,Y,1.57,UpUp
4/30/10,25.717,1.09,30.5,11.8,2.59,Y,Y,Y,1.53,DnUp
5/3/10,25.983,1.13,36.7,11.8,3.12,Y,Y,Y,1.54,DnUp
5/4/10,25.34,1.04,22.0,14.5,1.52,R,Y,Y,1.38,DnUp
5/5/10,24.967,1.0,17.7,16.9,1.05,R,Y,Y,1.19,DnUp
5/6/10,24.23,0.92,10.7,27.1,0.39,Y,R,R,0.92,DnDn
5/7/10,23.824,0.87,7.6,32.1,0.24,R,R,R,0.72,C/Dn
5/10/10,24.841,1.02,19.9,17.4,1.15,Y,G,G,0.87,DnDn
5/11/10,24.893,1.02,18.7,17.1,1.09,Y,Y,Y,0.94,DnDn
5/12/10,25.317,1.07,26.2,15.5,1.69,Y,G,G,1.12,UpUp
5/13/10,25.123,1.05,23.5,16.4,1.44,Y,Y,Y,1.14,UpUp
5/14/10,24.666,1.0,17.7,19.9,0.89,Y,Y,R,1.02,UpUp
5/17/10,24.636,0.97,15.0,22.0,0.68,R,R,R,0.92,DnDn
5/18/10,24.329,0.93,11.4,26.1,0.43,R,R,R,0.8,DnDn
5/19/10,24.11,0.9,9.6,30.2,0.32,R,R,R,0.7,DnDn
5/20/10,23.219,0.81,5.6,48.2,0.12,R,R,R,0.55,DnDn
5/21/10,23.513,0.83,6.1,42.6,0.14,Y,Y,Y,0.51,DnDn
5/24/10,23.318,0.85,7.1,42.5,0.17,R,Y,Y,0.5,DnDn
5/25/10,23.254,0.82,5.7,45.3,0.13,R,R,R,0.49,DnDn
5/26/10,23.268,0.84,6.5,43.7,0.15,Y,Y,Y,0.49,DnDn
5/27/10,24.014,0.92,9.3,29.8,0.31,Y,Y,Y,0.6,UpDn
5/28/10,23.79,0.9,8.8,32.9,0.27,Y,Y,Y,0.61,UpDn
6/1/10,23.344,0.84,7.0,42.4,0.17,Y,R,Y,0.56,UpDn
6/2/10,23.854,0.89,8.4,32.0,0.26,Y,Y,Y,0.59,UpDn
6/3/10,23.981,0.9,9.1,30.5,0.3,G,Y,Y,0.63,UpDn
6/4/10,23.205,0.83,6.4,45.0,0.14,R,R,R,0.58,DnDn
6/7/10,22.887,0.8,5.8,51.7,0.11,R,R,R,0.53,DnDn
6/8/10,22.975,0.8,5.2,49.2,0.11,Y,Y,Y,0.53,DnDn
6/9/10,22.951,0.8,5.4,49.5,0.11,R,Y,Y,0.54,DnDn
6/10/10,23.547,0.86,7.0,38.4,0.18,Y,Y,Y,0.6,DnDn
6/11/10,23.719,0.88,8.0,35.4,0.23,Y,Y,Y,0.66,UpDn
6/14/10,23.771,0.88,8.0,34.9,0.23,Y,Y,Y,0.7,UpDn
6/15/10,24.267,0.93,10.7,26.9,0.4,G,Y,Y,0.83,UpDn
6/16/10,24.279,0.93,10.5,27.8,0.38,Y,Y,Y,0.88,UpDn
6/17/10,24.288,0.93,11.1,28.2,0.39,G,Y,Y,0.9,UpDn
6/18/10,24.349,0.93,11.4,27.6,0.41,G,Y,Y,0.93,UpDn
6/21/10,24.228,0.9,8.9,29.8,0.3,Y,Y,Y,0.9,UpDn
6/22/10,23.873,0.87,6.6,32.6,0.2,Y,R,R,0.81,DnDn
6/23/10,23.833,0.86,6.8,33.6,0.2,R,R,Y,0.76,DnDn
6/24/10,23.513,0.83,5.9,38.5,0.15,Y,R,R,0.69,DnDn
6/25/10,23.728,0.86,8.3,35.2,0.24,Y,Y,Y,0.69,DnDn
6/28/10,23.648,0.86,8.0,36.2,0.22,R,Y,R,0.68,DnDn
6/29/10,22.946,0.79,4.8,47.5,0.1,R,R,R,0.6,DnDn
6/30/10,22.812,0.78,4.8,50.4,0.09,R,R,R,0.55,DnDn
7/1/10,22.688,0.77,4.3,53.4,0.08,R,R,R,0.51,DnDn
7/2/10,22.592,0.76,4.3,54.6,0.08,R,R,Y,0.49,DnDn
7/6/10,22.573,0.77,4.5,53.4,0.08,R,Y,Y,0.48,DnDn
7/7/10,23.128,0.82,6.5,40.3,0.16,Y,Y,Y,0.53,UpDn
7/8/10,23.327,0.84,7.4,37.6,0.2,Y,Y,Y,0.58,UpDn
7/9/10,23.521,0.87,8.9,34.0,0.26,Y,Y,Y,0.63,UpDn
7/12/10,23.43,0.84,7.1,37.1,0.19,Y,Y,Y,0.65,UpDn
7/13/10,23.851,0.89,10.1,27.9,0.36,Y,Y,Y,0.77,UpDn
7/14/10,23.816,0.89,9.8,28.5,0.34,Y,Y,Y,0.83,UpDn
7/15/10,23.779,0.88,10.2,30.0,0.34,Y,Y,Y,0.85,UpDn
7/16/10,23.184,0.82,7.2,38.1,0.19,R,R,R,0.75,DnDn
7/19/10,23.31,0.83,8.0,36.7,0.22,Y,Y,Y,0.71,DnDn
7/20/10,23.586,0.87,10.7,29.2,0.37,Y,Y,Y,0.76,DnDn
7/21/10,23.335,0.85,9.1,33.3,0.27,R,R,R,0.73,DnDn
7/22/10,23.809,0.9,15.3,27.1,0.56,G,Y,Y,0.84,UpDn
7/23/10,24.121,0.94,19.0,24.3,0.78,Y,Y,Y,0.98,UpDn
7/26/10,24.395,0.95,21.0,22.4,0.94,G,Y,Y,1.09,UpUp
7/27/10,24.311,0.98,23.7,19.5,1.22,Y,Y,G,1.13,UpUp
7/28/10,24.111,0.95,20.3,21.1,0.96,Y,Y,R,1.08,UpUp
7/29/10,24.102,0.96,20.7,21.2,0.98,Y,Y,Y,1.06,UpUp
7/30/10,24.145,0.97,22.1,20.8,1.06,G,Y,G,1.07,C/Up
8/2/10,24.541,0.99,28.3,19.2,1.48,G,Y,G,1.2,UpUp
8/3/10,24.43,0.99,26.9,18.5,1.45,Y,Y,Y,1.24,UpUp
8/4/10,24.608,1.01,30.2,18.1,1.67,G,G,G,1.33,UpUp
8/5/10,24.529,1.0,29.0,18.9,1.53,Y,Y,Y,1.33,UpUp
8/6/10,24.458,0.99,28.1,19.6,1.44,Y,Y,Y,1.3,UpUp
8/9/10,24.61,0.99,29.7,19.2,1.55,G,Y,G,1.33,UpUp
8/10/10,24.378,0.99,27.1,18.5,1.46,R,Y,Y,1.29,DnUp
8/11/10,23.711,0.92,13.9,24.9,0.56,Y,R,R,1.05,DnUp
8/12/10,23.653,0.91,13.4,26.0,0.52,R,R,R,0.92,DnDn
8/13/10,23.549,0.9,13.8,27.9,0.49,R,R,R,0.84,DnDn
8/16/10,23.635,0.93,17.1,25.8,0.66,Y,Y,Y,0.84,DnDn
8/17/10,23.931,0.96,20.2,21.8,0.93,Y,Y,Y,0.91,DnDn
8/18/10,23.966,0.96,20.3,21.9,0.93,G,Y,Y,0.95,UpDn
8/19/10,23.612,0.92,14.5,26.1,0.56,R,Y,Y,0.88,C/Dn
8/20/10,23.558,0.92,14.3,26.6,0.54,Y,Y,Y,0.84,UpDn
8/23/10,23.407,0.9,13.4,29.8,0.45,R,R,R,0.79,DnDn
8/24/10,23.123,0.88,10.1,31.8,0.32,R,R,R,0.71,DnDn
8/25/10,23.262,0.89,10.6,30.4,0.35,Y,Y,Y,0.7,DnDn
8/26/10,23.165,0.88,10.3,32.0,0.32,R,R,R,0.68,DnDn
8/27/10,23.549,0.92,14.7,27.0,0.55,Y,Y,Y,0.75,DnDn
8/30/10,23.241,0.89,11.3,30.9,0.37,R,R,R,0.73,DnDn
8/31/10,23.212,0.89,10.7,29.1,0.37,Y,Y,Y,0.73,UpDn
9/1/10,23.785,0.95,17.3,23.4,0.74,G,Y,Y,0.85,UpDn
9/2/10,23.987,0.97,20.5,22.5,0.91,Y,Y,Y,0.97,UpDn
9/3/10,24.245,1.0,25.2,20.6,1.22,G,Y,G,1.12,UpUp
9/7/10,23.978,0.95,17.7,23.5,0.75,Y,Y,R,1.06,UpUp
9/8/10,24.105,0.97,19.9,21.1,0.95,G,Y,Y,1.08,UpUp
9/9/10,24.151,0.97,21.5,20.9,1.03,G,Y,G,1.11,C/Up
9/10/10,24.232,0.98,23.7,20.5,1.16,G,Y,G,1.15,UpUp
9/13/10,24.546,1.02,29.2,18.2,1.61,G,G,G,1.29,UpUp
9/14/10,24.568,1.03,29.3,17.1,1.72,G,G,G,1.36,UpUp
9/15/10,24.632,1.03,29.7,17.1,1.74,G,Y,G,1.4,UpUp
9/16/10,24.588,1.02,28.6,17.7,1.62,Y,Y,Y,1.39,UpUp
9/17/10,24.622,1.03,29.3,17.8,1.65,G,G,G,1.4,UpUp
9/20/10,25.001,1.07,35.5,16.4,2.16,G,G,G,1.52,UpUp
9/21/10,24.922,1.05,32.8,15.3,2.14,Y,Y,Y,1.54,UpUp
9/22/10,24.809,1.03,30.8,15.9,1.93,Y,Y,Y,1.51,UpUp
9/23/10,24.65,1.02,26.7,16.9,1.58,Y,Y,Y,1.4,UpUp
9/24/10,25.139,1.07,35.5,15.2,2.33,G,G,G,1.5,UpUp
9/27/10,25.053,1.05,32.6,15.8,2.07,Y,Y,Y,1.52,UpUp
9/28/10,25.206,1.05,32.4,14.1,2.3,G,Y,G,1.55,UpUp
9/29/10,25.261,1.05,33.0,14.3,2.31,G,Y,Y,1.57,UpUp
9/30/10,25.225,1.06,33.0,13.8,2.39,Y,G,G,1.57,UpUp
10/1/10,25.341,1.07,34.6,13.8,2.51,G,Y,G,1.58,UpUp
10/4/10,25.125,1.03,28.5,14.7,1.94,Y,Y,Y,1.52,UpUp
10/5/10,25.615,1.08,36.0,12.8,2.82,G,G,G,1.58,UpUp
10/6/10,25.562,1.07,35.4,12.9,2.74,Y,Y,Y,1.59,UpUp
10/7/10,25.5,1.07,35.0,13.4,2.62,Y,Y,Y,1.58,UpUp
10/8/10,25.725,1.09,38.3,13.0,2.94,G,G,G,1.6,UpUp
10/11/10,25.746,1.08,36.3,13.2,2.75,G,Y,Y,1.61,UpUp
10/12/10,25.809,1.08,35.6,12.0,2.95,G,Y,G,1.62,UpUp
10/13/10,26.075,1.1,39.0,11.9,3.29,G,G,G,1.65,UpUp
10/14/10,26.01,1.09,38.4,12.2,3.15,Y,Y,Y,1.64,UpUp
10/15/10,26.024,1.09,37.9,12.5,3.04,G,Y,Y,1.63,UpUp
10/18/10,26.154,1.09,38.5,12.3,3.13,G,Y,G,1.64,UpUp
10/19/10,25.692,1.04,31.9,13.2,2.42,Y,Y,Y,1.57,DnUp
10/20/10,25.954,1.07,36.0,13.4,2.69,Y,Y,Y,1.57,DnUp
10/21/10,25.906,1.05,34.6,14.1,2.46,R,Y,Y,1.56,DnUp
10/22/10,26.014,1.07,35.8,13.7,2.61,Y,Y,Y,1.57,DnUp
10/25/10,26.149,1.07,37.1,13.7,2.71,Y,Y,Y,1.58,DnUp
10/26/10,26.128,1.08,36.3,11.9,3.05,Y,G,G,1.58,UpUp
10/27/10,26.02,1.07,34.2,12.5,2.73,Y,Y,Y,1.56,UpUp
10/28/10,26.029,1.06,34.2,12.9,2.64,Y,Y,Y,1.54,UpUp
10/29/10,26.095,1.07,34.8,12.8,2.71,G,Y,G,1.54,UpUp
11/1/10,26.076,1.06,33.9,13.4,2.54,R,Y,Y,1.54,DnUp
11/2/10,26.365,1.1,37.7,12.0,3.13,G,G,G,1.58,UpUp
11/3/10,26.434,1.1,38.2,12.2,3.12,G,Y,Y,1.6,UpUp
11/4/10,26.917,1.14,43.5,12.5,3.48,G,G,G,1.65,UpUp
11/5/10,27.003,1.15,44.1,12.2,3.61,G,G,G,1.66,UpUp
11/8/10,27.007,1.12,41.6,12.1,3.44,Y,Y,Y,1.66,UpUp
11/9/10,26.761,1.1,38.1,11.8,3.24,Y,Y,Y,1.64,UpUp
11/10/10,26.919,1.11,40.0,11.8,3.39,G,G,G,1.64,UpUp
11/11/10,26.822,1.1,38.1,12.4,3.06,Y,Y,Y,1.63,DnUp
11/12/10,26.46,1.06,33.1,13.2,2.51,Y,Y,Y,1.58,DnUp
11/15/10,26.43,1.06,33.2,15.2,2.18,R,Y,Y,1.54,DnUp
11/16/10,25.992,1.01,22.0,14.6,1.51,R,Y,Y,1.39,DnUp
11/17/10,26.067,1.02,23.1,14.6,1.58,Y,Y,Y,1.33,DnUp
11/18/10,26.424,1.05,30.6,14.8,2.07,Y,Y,Y,1.41,DnUp
11/19/10,26.508,1.06,31.0,14.4,2.16,G,Y,Y,1.45,UpUp
11/22/10,26.563,1.05,30.6,14.8,2.07,Y,Y,Y,1.48,UpUp
11/23/10,26.246,1.02,25.4,16.1,1.58,Y,Y,Y,1.38,UpUp
11/24/10,26.632,1.07,31.1,15.0,2.08,G,G,G,1.44,UpUp
11/26/10,26.487,1.05,29.0,15.3,1.89,Y,Y,Y,1.43,UpUp
11/29/10,26.462,1.04,28.2,15.9,1.77,Y,Y,Y,1.4,DnUp
11/30/10,26.327,1.0,20.6,16.0,1.29,R,Y,Y,1.29,DnUp
12/1/10,26.774,1.03,27.0,15.4,1.75,G,G,G,1.36,UpUp
12/2/10,27.045,1.05,31.0,15.1,2.05,G,Y,Y,1.48,UpUp
12/3/10,27.166,1.06,32.7,14.8,2.2,G,G,G,1.54,UpUp
12/6/10,27.217,1.05,31.3,14.8,2.11,G,Y,Y,1.57,UpUp
12/7/10,27.215,1.04,29.9,14.9,2.0,Y,Y,Y,1.57,UpUp
12/8/10,27.178,1.03,29.9,15.8,1.89,Y,Y,Y,1.54,UpUp
12/9/10,27.234,1.04,30.8,15.9,1.94,G,Y,Y,1.54,UpUp
12/10/10,27.412,1.05,32.6,15.8,2.06,G,Y,Y,1.57,UpUp
12/13/10,27.39,1.04,31.7,16.7,1.9,Y,Y,Y,1.55,UpUp
12/14/10,27.385,1.02,28.5,16.7,1.7,Y,Y,Y,1.51,UpUp
12/15/10,27.24,1.0,26.3,17.1,1.53,Y,Y,Y,1.43,UpUp
12/16/10,27.409,1.02,28.6,16.1,1.78,G,Y,Y,1.45,UpUp
12/17/10,27.466,1.03,29.1,15.9,1.83,G,Y,Y,1.48,UpUp
12/20/10,27.511,1.02,29.2,17.2,1.7,G,Y,Y,1.47,UpUp
12/21/10,27.706,1.03,30.2,15.5,1.95,G,G,G,1.52,UpUp
12/22/10,27.746,1.04,30.8,15.4,2.0,G,G,G,1.54,UpUp
12/23/10,27.713,1.04,30.3,15.4,1.97,Y,Y,Y,1.53,UpUp
12/27/10,27.738,1.04,30.2,15.2,1.98,G,Y,G,1.53,UpUp
12/28/10,27.725,1.03,28.7,14.6,1.96,Y,Y,Y,1.52,UpUp
12/29/10,27.813,1.03,29.6,14.3,2.08,G,Y,G,1.53,UpUp
12/30/10,27.809,1.04,29.1,14.2,2.06,Y,Y,Y,1.53,UpUp
12/31/10,27.79,1.04,28.6,13.3,2.16,Y,Y,G,1.52,UpUp
1/3/11,28.088,1.07,33.0,12.3,2.68,G,G,G,1.56,UpUp
1/4/11,27.896,1.05,27.4,11.7,2.35,Y,Y,Y,1.53,UpUp
1/5/11,28.018,1.07,30.0,11.2,2.68,G,G,G,1.53,UpUp
1/6/11,27.938,1.06,29.2,11.4,2.56,Y,Y,Y,1.51,UpUp
1/7/11,27.873,1.06,27.7,11.8,2.35,Y,Y,Y,1.49,UpUp
1/10/11,27.887,1.05,27.6,12.0,2.29,Y,Y,Y,1.48,DnUp
1/11/11,28.04,1.07,28.7,11.1,2.59,G,G,G,1.49,UpUp
1/12/11,28.257,1.09,32.0,10.7,3.0,G,G,G,1.52,UpUp
1/13/11,28.215,1.08,31.3,11.7,2.67,Y,Y,Y,1.52,UpUp
1/14/11,28.349,1.1,33.4,12.4,2.68,G,G,G,1.54,UpUp
1/18/11,28.429,1.08,30.9,10.2,3.02,G,Y,G,1.55,UpUp
1/19/11,28.051,1.04,23.9,11.7,2.04,Y,Y,Y,1.5,UpUp
1/20/11,27.854,1.01,20.3,12.7,1.59,Y,Y,Y,1.38,DnUp
1/21/11,27.831,1.01,20.3,13.4,1.51,R,Y,Y,1.31,DnUp
1/24/11,28.006,1.04,24.7,12.6,1.96,Y,Y,Y,1.36,DnUp
1/25/11,27.992,1.02,22.7,12.7,1.79,Y,Y,Y,1.35,DnUp
1/26/11,28.273,1.05,28.1,12.0,2.34,G,G,G,1.41,UpUp
1/27/11,28.312,1.06,28.6,12.5,2.29,G,G,Y,1.45,UpUp
1/28/11,27.829,1.01,20.2,14.8,1.36,R,Y,Y,1.31,DnUp
1/31/11,28.013,1.02,22.8,14.0,1.63,G,Y,Y,1.29,UpUp
2/1/11,28.445,1.06,28.7,11.8,2.43,G,G,G,1.4,UpUp
2/2/11,28.408,1.06,28.1,12.6,2.24,Y,Y,Y,1.44,UpUp
2/3/11,28.477,1.06,28.5,12.9,2.22,G,Y,Y,1.47,UpUp
2/4/11,28.504,1.06,28.5,13.2,2.16,Y,Y,Y,1.49,UpUp
2/7/11,28.674,1.07,29.3,12.9,2.27,G,G,G,1.51,UpUp
2/8/11,28.788,1.08,30.6,11.8,2.58,G,G,G,1.53,UpUp
2/9/11,28.672,1.06,29.4,12.5,2.35,Y,Y,Y,1.52,UpUp
2/10/11,28.714,1.06,29.0,12.9,2.24,G,Y,Y,1.52,UpUp
2/11/11,28.889,1.08,31.0,12.5,2.48,G,G,G,1.54,UpUp
2/14/11,29.007,1.08,30.6,12.2,2.51,G,Y,G,1.56,UpUp
2/15/11,28.921,1.06,27.8,12.1,2.3,Y,Y,Y,1.55,UpUp
2/16/11,29.115,1.07,30.4,12.1,2.51,G,G,G,1.57,UpUp
2/17/11,29.256,1.09,31.6,11.7,2.71,G,G,G,1.59,UpUp
2/18/11,29.291,1.09,32.2,12.0,2.69,G,Y,Y,1.59,UpUp
2/22/11,28.691,1.01,18.2,13.6,1.33,Y,Y,Y,1.4,DnUp
2/23/11,28.469,0.98,15.0,15.7,0.95,R,R,R,1.23,DnUp
2/24/11,28.488,0.99,15.8,15.5,1.02,Y,Y,G,1.15,DnUp
2/25/11,28.867,1.03,21.8,13.6,1.6,Y,G,Y,1.23,DnUp
2/28/11,28.991,1.04,24.7,13.8,1.79,Y,Y,Y,1.31,DnUp
3/1/11,28.623,1.01,17.7,15.2,1.17,R,Y,Y,1.21,DnUp
3/2/11,28.704,1.01,18.9,15.4,1.23,Y,Y,G,1.18,UpUp
3/3/11,29.107,1.05,24.9,13.9,1.79,G,G,G,1.29,UpUp
3/4/11,28.998,1.04,22.5,14.2,1.59,Y,Y,Y,1.3,UpUp
3/7/11,28.722,1.0,18.3,16.0,1.14,R,Y,Y,1.2,DnUp
3/8/11,28.932,1.02,20.1,14.1,1.43,Y,G,G,1.21,UpUp
3/9/11,28.863,1.01,18.8,15.1,1.25,Y,Y,Y,1.18,UpUp
3/10/11,28.306,0.96,12.3,18.9,0.65,Y,R,R,1.03,DnUp
3/11/11,28.44,0.97,13.4,18.7,0.72,Y,Y,Y,0.98,DnDn
3/14/11,28.287,0.96,13.4,19.7,0.68,R,R,R,0.93,C/Dn
3/15/11,27.994,0.92,9.2,22.4,0.41,R,R,R,0.85,DnDn
3/16/11,27.652,0.9,7.9,25.7,0.31,R,R,R,0.76,DnDn
3/17/11,27.906,0.92,9.6,24.0,0.4,Y,Y,Y,0.76,DnDn
3/18/11,28.095,0.94,11.1,21.7,0.51,Y,Y,Y,0.79,DnDn
3/21/11,28.552,0.98,15.7,18.4,0.85,Y,Y,Y,0.89,UpDn
3/22/11,28.495,0.98,14.0,17.9,0.78,Y,Y,Y,0.93,UpDn
3/23/11,28.579,0.99,15.1,17.9,0.84,Y,Y,Y,0.96,UpDn
3/24/11,28.78,1.0,17.2,17.2,1.0,G,Y,Y,1.03,UpUp
3/25/11,28.884,1.01,18.8,16.9,1.11,G,G,G,1.1,UpUp
3/28/11,28.801,0.99,15.6,17.4,0.9,Y,R,R,1.1,UpUp
3/29/11,28.982,1.0,17.0,16.1,1.05,G,Y,G,1.14,C/Up
3/30/11,29.249,1.01,21.4,16.2,1.32,G,G,G,1.23,UpUp
3/31/11,29.334,1.02,22.7,16.3,1.4,G,G,G,1.28,UpUp
4/1/11,29.484,1.03,25.6,16.9,1.51,G,G,G,1.34,UpUp
4/4/11,29.543,1.02,24.1,17.1,1.41,G,Y,Y,1.35,UpUp
4/5/11,29.607,1.02,24.0,16.4,1.46,G,Y,G,1.37,UpUp
4/6/11,29.643,1.02,25.0,16.5,1.52,G,Y,G,1.38,UpUp
4/7/11,29.548,1.01,23.7,16.8,1.41,Y,Y,Y,1.35,UpUp
4/8/11,29.438,1.0,21.4,17.2,1.24,Y,Y,Y,1.28,DnUp
4/11/11,29.259,0.98,18.7,18.1,1.03,Y,R,Y,1.19,DnUp
4/12/11,28.972,0.96,12.8,18.4,0.7,Y,R,R,1.07,DnUp
4/13/11,29.017,0.96,13.8,18.7,0.74,Y,Y,Y,1.02,DnUp
4/14/11,29.083,0.97,14.6,18.8,0.78,Y,Y,Y,1.0,DnUp
4/15/11,29.215,0.98,16.5,18.5,0.89,Y,Y,Y,1.02,DnUp
4/18/11,28.886,0.95,12.1,20.0,0.6,R,R,R,0.96,C/Dn
4/19/11,29.011,0.96,12.4,19.0,0.65,G,Y,Y,0.95,UpDn
4/20/11,29.444,0.99,18.6,17.3,1.08,G,Y,G,1.04,UpUp
4/21/11,29.627,1.0,21.6,17.3,1.25,G,Y,G,1.14,UpUp
4/25/11,29.573,0.99,19.6,17.6,1.11,Y,Y,Y,1.16,UpUp
4/26/11,29.742,1.0,21.9,17.0,1.29,Y,Y,G,1.21,UpUp
4/27/11,29.912,1.01,24.0,16.4,1.46,G,G,G,1.28,C/Up
4/28/11,29.992,1.02,25.2,16.9,1.49,G,G,G,1.32,UpUp
4/29/11,30.1,1.03,26.7,16.6,1.6,G,G,G,1.37,UpUp
5/2/11,29.928,1.0,22.7,17.5,1.29,Y,Y,Y,1.31,UpUp
5/3/11,29.639,0.97,17.3,18.0,0.96,R,R,R,1.2,DnUp
5/4/11,29.382,0.94,14.0,20.0,0.7,Y,R,R,1.08,DnUp
5/5/11,29.144,0.93,11.6,22.0,0.53,Y,R,R,0.98,DnDn
5/6/11,29.267,0.94,12.7,21.4,0.59,Y,Y,Y,0.95,DnDn
5/9/11,29.482,0.97,17.6,19.3,0.91,Y,Y,Y,0.99,DnDn
5/10/11,29.751,1.0,21.9,16.9,1.3,Y,Y,G,1.09,UpUp
5/11/11,29.389,0.97,16.6,19.2,0.87,Y,Y,R,1.04,UpUp
5/12/11,29.502,0.98,19.0,19.2,0.99,G,Y,Y,1.04,UpUp
5/13/11,29.239,0.96,15.8,20.7,0.76,R,Y,Y,0.98,C/Dn
5/16/11,28.986,0.93,12.8,22.9,0.56,R,R,R,0.9,DnDn
5/17/11,28.919,0.92,11.2,23.4,0.48,R,R,R,0.85,DnDn
5/18/11,29.232,0.95,14.3,21.2,0.67,Y,Y,Y,0.88,DnDn
5/19/11,29.281,0.95,15.1,21.5,0.71,Y,Y,Y,0.9,DnDn
5/20/11,29.135,0.94,13.4,22.3,0.6,R,R,R,0.89,DnDn
5/23/11,28.743,0.91,10.4,25.5,0.41,R,R,R,0.83,DnDn
5/24/11,28.725,0.92,9.5,24.0,0.4,R,Y,R,0.8,DnDn
5/25/11,28.895,0.93,11.0,22.7,0.49,Y,Y,Y,0.81,DnDn
5/26/11,29.077,0.95,13.1,21.7,0.6,Y,Y,Y,0.85,DnDn
5/27/11,29.234,0.96,14.9,20.8,0.72,Y,Y,Y,0.89,UpDn
5/31/11,29.522,0.98,18.8,19.9,0.95,Y,Y,Y,0.98,UpDn
6/1/11,28.929,0.94,12.0,21.8,0.55,Y,Y,Y,0.91,UpDn
6/2/11,28.935,0.94,12.0,22.5,0.53,G,Y,Y,0.88,UpDn
6/3/11,28.684,0.92,10.3,24.7,0.42,R,R,R,0.82,DnDn
6/6/11,28.353,0.9,8.6,27.9,0.31,R,R,R,0.75,DnDn
6/7/11,28.402,0.9,8.2,27.1,0.3,Y,Y,R,0.72,DnDn
6/8/11,28.204,0.88,7.0,30.6,0.23,R,R,R,0.68,DnDn
6/9/11,28.367,0.89,7.6,29.1,0.26,Y,Y,Y,0.69,DnDn
6/10/11,27.986,0.86,6.4,32.5,0.2,R,R,R,0.64,DnDn
6/13/11,27.894,0.85,5.9,35.1,0.17,R,R,R,0.61,DnDn
6/14/11,28.274,0.88,6.3,29.2,0.22,Y,Y,Y,0.64,DnDn
6/15/11,27.853,0.85,5.4,34.5,0.16,R,R,R,0.61,DnDn
6/16/11,27.812,0.85,5.5,34.9,0.16,R,Y,Y,0.59,DnDn
6/17/11,27.854,0.85,5.9,33.9,0.17,Y,Y,Y,0.59,DnDn
6/20/11,27.982,0.86,6.9,33.6,0.21,Y,Y,Y,0.6,UpDn
6/21/11,28.43,0.91,7.8,24.9,0.31,G,Y,Y,0.68,UpDn
6/22/11,28.292,0.9,7.6,26.2,0.29,Y,Y,Y,0.7,UpDn
6/23/11,28.242,0.89,8.2,27.3,0.3,Y,Y,Y,0.72,UpDn
6/24/11,28.063,0.89,8.4,28.8,0.29,Y,Y,Y,0.72,UpDn
6/27/11,28.249,0.89,8.2,27.6,0.3,G,Y,Y,0.74,UpDn
6/28/11,28.594,0.92,9.6,22.9,0.42,G,Y,Y,0.82,UpDn
6/29/11,28.78,0.93,10.1,21.8,0.46,G,Y,Y,0.88,UpDn
6/30/11,29.015,0.95,12.5,20.7,0.6,G,Y,Y,0.95,UpDn
7/1/11,29.335,0.98,17.3,19.9,0.87,G,Y,Y,1.05,UpUp
7/5/11,29.396,0.95,14.5,20.3,0.71,G,Y,Y,1.07,UpUp
7/6/11,29.452,0.97,15.6,18.2,0.86,G,Y,Y,1.1,UpUp
7/7/11,29.747,1.0,20.9,16.8,1.24,G,Y,G,1.2,C/Up
7/8/11,29.591,0.98,18.7,17.6,1.06,Y,Y,Y,1.19,UpUp
7/11/11,29.073,0.93,11.6,20.2,0.57,Y,R,R,1.04,DnUp
7/12/11,28.992,0.92,10.6,20.1,0.53,Y,R,R,0.95,DnDn
7/13/11,29.184,0.94,11.9,19.0,0.62,Y,Y,Y,0.94,DnDn
7/14/11,28.929,0.92,9.4,21.3,0.44,Y,R,R,0.89,DnDn
7/15/11,29.102,0.93,10.4,21.1,0.49,Y,Y,Y,0.89,DnDn
7/18/11,28.849,0.91,9.3,23.3,0.4,R,R,R,0.85,C/Dn
7/19/11,29.268,0.95,12.5,19.2,0.65,G,Y,Y,0.9,UpDn
7/20/11,29.263,0.95,12.6,18.6,0.67,Y,Y,Y,0.92,UpDn
7/21/11,29.54,0.97,16.0,17.7,0.9,G,Y,Y,0.99,UpDn
7/22/11,29.588,0.98,16.6,17.6,0.94,G,Y,Y,1.04,UpUp
7/25/11,29.401,0.94,12.5,19.5,0.64,Y,Y,Y,1.0,UpUp
7/26/11,29.289,0.95,12.4,18.2,0.68,Y,Y,Y,0.97,UpDn
7/27/11,28.671,0.9,7.8,23.0,0.34,R,R,R,0.86,DnDn
7/28/11,28.612,0.9,7.9,23.7,0.33,Y,Y,R,0.8,DnDn
7/29/11,28.525,0.89,7.6,24.8,0.31,Y,R,R,0.76,DnDn
8/1/11,28.426,0.91,8.9,24.5,0.36,R,Y,Y,0.74,DnDn
8/2/11,27.808,0.87,6.6,29.5,0.22,R,R,R,0.65,DnDn
8/3/11,27.902,0.88,7.3,29.2,0.25,Y,Y,Y,0.63,DnDn
8/4/11,26.578,0.78,4.3,50.9,0.08,R,R,R,0.51,DnDn
8/5/11,26.384,0.76,3.9,55.1,0.07,R,R,R,0.45,DnDn
8/8/11,24.682,0.68,2.8,72.9,0.04,R,R,R,0.39,DnDn
8/9/11,25.802,0.78,3.0,59.9,0.05,Y,Y,Y,0.39,DnDn
8/10/11,25.032,0.73,3.2,68.2,0.05,R,R,Y,0.38,DnDn
8/11/11,25.941,0.8,3.1,57.6,0.05,Y,Y,Y,0.4,DnDn
8/12/11,26.05,0.81,3.6,56.6,0.06,Y,Y,Y,0.43,DnDn
8/15/11,26.582,0.87,4.1,47.0,0.09,Y,Y,Y,0.49,UpDn
8/16/11,26.282,0.85,4.3,47.1,0.09,Y,Y,Y,0.52,UpDn
8/17/11,26.265,0.85,4.9,46.8,0.1,Y,Y,Y,0.54,UpDn
8/18/11,25.193,0.76,3.7,62.1,0.06,R,R,Y,0.46,DnDn
8/19/11,24.906,0.74,3.8,64.6,0.06,R,R,Y,0.42,DnDn
8/22/11,24.917,0.75,3.8,64.4,0.06,Y,Y,Y,0.4,DnDn
8/23/11,25.645,0.82,4.6,51.4,0.09,Y,Y,Y,0.46,DnDn
8/24/11,25.82,0.84,4.7,48.6,0.1,Y,Y,Y,0.55,DnDn
8/25/11,25.423,0.81,4.3,55.2,0.08,Y,Y,Y,0.57,UpDn
8/26/11,25.839,0.84,5.2,48.9,0.11,Y,Y,Y,0.61,UpDn
8/29/11,26.547,0.89,6.5,38.6,0.17,G,Y,Y,0.73,UpDn
8/30/11,26.673,0.92,7.4,33.3,0.22,G,Y,Y,0.81,UpDn
8/31/11,26.767,0.93,8.5,32.2,0.26,G,Y,Y,0.86,UpDn
9/1/11,26.447,0.89,7.1,37.6,0.19,Y,Y,Y,0.82,UpDn
9/2/11,25.881,0.84,6.0,46.3,0.13,Y,Y,Y,0.73,UpDn
9/6/11,25.676,0.82,5.3,50.2,0.11,Y,R,R,0.66,DnDn
9/7/11,26.334,0.88,6.5,37.0,0.18,Y,Y,Y,0.7,DnDn
9/8/11,26.06,0.85,6.2,41.6,0.15,Y,R,R,0.68,DnDn
9/9/11,25.473,0.81,5.5,51.2,0.11,R,R,R,0.62,DnDn
9/12/11,25.488,0.81,5.5,50.8,0.11,Y,Y,Y,0.6,DnDn
9/13/11,25.771,0.84,5.8,43.7,0.13,G,Y,Y,0.6,UpDn
9/14/11,26.058,0.86,6.4,39.5,0.16,Y,Y,Y,0.62,DnDn
9/15/11,26.314,0.88,7.3,35.8,0.2,G,Y,Y,0.66,UpDn
9/16/11,26.348,0.89,8.0,35.6,0.23,Y,Y,Y,0.69,UpDn
9/19/11,26.081,0.84,6.4,42.5,0.15,Y,Y,Y,0.67,UpDn
9/20/11,25.913,0.82,6.3,42.5,0.15,Y,R,Y,0.64,UpDn
9/21/11,25.268,0.77,5.2,52.5,0.1,R,R,R,0.57,DnDn
9/22/11,24.453,0.71,4.0,63.5,0.06,Y,R,R,0.49,DnDn
9/23/11,24.561,0.72,4.2,62.3,0.07,Y,Y,Y,0.48,DnDn
9/26/11,24.892,0.76,4.7,56.4,0.08,Y,Y,Y,0.51,DnDn
9/27/11,25.255,0.81,5.6,44.6,0.12,Y,Y,Y,0.55,DnDn
9/28/11,24.642,0.75,4.7,54.0,0.09,R,R,R,0.52,DnDn
9/29/11,24.783,0.77,5.3,50.5,0.1,G,Y,Y,0.52,UpDn
9/30/11,24.283,0.74,4.9,57.3,0.09,R,Y,Y,0.48,DnDn
10/3/11,23.522,0.67,3.9,67.9,0.06,R,R,R,0.41,DnDn
10/4/11,24.031,0.73,3.7,57.2,0.07,Y,Y,Y,0.43,DnDn
10/5/11,24.42,0.76,4.0,51.3,0.08,Y,Y,Y,0.47,DnDn
10/6/11,24.877,0.8,4.8,45.0,0.11,G,Y,Y,0.53,UpDn
10/7/11,24.587,0.77,4.2,49.4,0.09,Y,Y,Y,0.55,UpDn
10/10/11,25.309,0.83,6.3,39.6,0.16,Y,Y,Y,0.64,UpDn
10/11/11,25.356,0.85,7.1,32.5,0.22,G,Y,Y,0.76,UpDn
10/12/11,25.655,0.89,9.0,29.1,0.31,G,Y,Y,0.88,UpDn
10/13/11,25.628,0.88,9.4,29.5,0.32,Y,Y,Y,0.91,UpDn
10/14/11,26.028,0.92,13.4,26.5,0.5,G,Y,Y,1.01,UpUp
10/17/11,25.516,0.84,6.3,32.2,0.2,Y,Y,Y,0.92,UpDn
10/18/11,25.97,0.92,12.8,24.4,0.52,G,Y,Y,0.98,UpDn
10/19/11,25.627,0.89,9.6,27.4,0.35,Y,Y,Y,0.94,DnDn
10/20/11,25.647,0.89,10.6,28.2,0.38,G,Y,Y,0.93,UpDn
10/21/11,26.099,0.93,17.2,25.6,0.67,G,Y,Y,1.03,UpUp
10/24/11,26.627,0.97,23.5,22.5,1.04,G,Y,G,1.18,C/Up
10/25/11,26.168,0.98,21.4,21.1,1.01,Y,Y,Y,1.14,UpUp
10/26/11,26.443,1.01,27.2,20.1,1.36,G,G,G,1.21,UpUp
10/27/11,27.395,1.11,40.5,18.0,2.25,G,G,G,1.48,UpUp
10/28/11,27.377,1.1,40.4,17.6,2.29,Y,Y,G,1.56,UpUp
10/31/11,26.8,1.0,27.2,18.7,1.45,Y,Y,Y,1.43,UpUp
11/1/11,26.118,0.94,11.8,19.7,0.6,R,R,R,1.17,DnUp
11/2/11,26.527,0.98,21.4,18.5,1.16,G,Y,G,1.16,UpUp
11/3/11,26.988,1.02,29.4,18.4,1.6,Y,G,Y,1.28,DnUp
11/4/11,26.868,1.01,27.1,18.7,1.45,R,Y,Y,1.3,DnUp
11/7/11,26.937,1.01,29.0,19.2,1.51,G,Y,G,1.33,UpUp
11/8/11,27.182,1.05,33.5,17.0,1.97,Y,G,G,1.45,UpUp
11/9/11,26.268,0.96,17.1,20.2,0.85,Y,R,R,1.22,DnUp
11/10/11,26.403,0.97,20.6,20.8,0.99,Y,Y,Y,1.14,DnUp
11/11/11,26.884,1.01,28.5,19.4,1.47,Y,G,G,1.22,UpUp
11/14/11,26.64,0.98,23.8,20.8,1.15,Y,R,Y,1.18,DnUp
11/15/11,26.801,0.99,25.6,19.8,1.29,Y,Y,Y,1.2,DnUp
11/16/11,26.453,0.96,20.1,21.3,0.94,Y,Y,R,1.12,UpUp
11/17/11,26.049,0.93,14.4,23.5,0.61,R,R,R,0.99,C/Dn
11/18/11,26.038,0.93,14.6,23.9,0.61,R,Y,Y,0.93,DnDn
11/21/11,25.598,0.89,10.5,26.6,0.39,R,R,R,0.82,DnDn
11/22/11,25.499,0.89,9.4,26.5,0.35,R,Y,R,0.76,DnDn
11/23/11,24.952,0.83,6.1,33.4,0.18,R,R,R,0.64,DnDn
11/25/11,24.83,0.82,6.0,35.4,0.17,R,R,R,0.57,DnDn
11/28/11,25.514,0.92,12.0,26.3,0.46,Y,Y,Y,0.66,DnDn
11/29/11,25.529,0.92,12.1,25.2,0.48,Y,Y,Y,0.71,DnDn
11/30/11,26.526,1.01,28.2,21.4,1.32,Y,G,G,0.98,UpDn
12/1/11,26.44,1.0,27.4,22.2,1.23,Y,Y,Y,1.09,UpUp
12/2/11,26.475,1.01,28.0,21.7,1.29,Y,G,G,1.16,UpUp
12/5/11,26.711,0.99,26.3,21.6,1.22,G,R,Y,1.23,UpUp
12/6/11,26.697,1.0,26.6,20.3,1.31,Y,Y,G,1.27,UpUp
12/7/11,26.691,1.0,27.2,20.8,1.31,Y,Y,Y,1.3,UpUp
12/8/11,26.132,0.93,17.3,23.6,0.73,R,R,R,1.14,DnUp
12/9/11,26.568,0.98,25.7,22.1,1.16,G,Y,G,1.19,C/Up
12/12/11,26.185,0.94,18.9,24.1,0.78,Y,R,R,1.1,DnUp
12/13/11,25.869,0.92,13.0,25.2,0.52,R,R,R,0.98,DnDn
12/14/11,25.58,0.89,11.3,27.7,0.41,R,R,R,0.87,DnDn
12/15/11,25.671,0.9,12.9,28.4,0.45,Y,Y,Y,0.83,DnDn
12/16/11,25.797,0.91,15.1,27.7,0.54,Y,Y,Y,0.83,DnDn
12/19/11,25.48,0.88,12.8,30.6,0.42,R,R,R,0.78,C/Dn
12/20/11,26.167,0.95,20.3,24.9,0.82,Y,Y,Y,0.88,UpDn
12/21/11,26.165,0.95,22.0,25.8,0.85,Y,Y,Y,0.94,UpDn
12/22/11,26.346,0.97,25.2,24.6,1.02,G,Y,G,1.01,UpUp
12/23/11,26.465,0.98,27.1,24.1,1.13,G,Y,G,1.08,UpUp
12/27/11,26.486,0.96,25.5,24.9,1.02,Y,Y,Y,1.1,UpUp
12/28/11,26.131,0.89,14.9,27.2,0.55,R,R,R,1.0,DnUp
12/29/11,26.358,0.92,18.3,25.9,0.71,G,Y,Y,1.01,UpUp
12/30/11,26.332,0.93,18.1,25.0,0.72,Y,Y,Y,1.01,DnUp
1/3/12,26.713,0.97,23.2,21.4,1.08,G,Y,G,1.12,C/Up
1/4/12,26.634,0.96,19.7,20.6,0.96,Y,Y,R,1.13,UpUp
1/5/12,26.702,0.97,21.5,20.4,1.06,Y,Y,G,1.16,UpUp
1/6/12,26.634,0.97,21.4,20.7,1.03,Y,Y,Y,1.15,UpUp
1/9/12,26.711,0.96,21.5,20.4,1.05,G,Y,G,1.16,UpUp
1/10/12,26.986,0.99,25.0,18.1,1.38,G,Y,G,1.25,UpUp
1/11/12,27.009,1.0,25.0,17.5,1.42,G,Y,G,1.27,UpUp
1/12/12,27.081,1.01,26.6,16.9,1.57,G,G,G,1.31,UpUp
1/13/12,26.944,1.0,25.0,17.4,1.43,Y,Y,Y,1.28,UpUp
1/17/12,27.063,1.0,24.2,16.4,1.47,G,Y,G,1.29,UpUp
1/18/12,27.381,1.03,29.4,15.5,1.9,G,G,G,1.4,UpUp
1/19/12,27.5,1.04,31.8,15.4,2.07,G,G,G,1.48,UpUp
1/20/12,27.506,1.05,32.6,14.9,2.19,G,G,G,1.51,UpUp
1/23/12,27.564,1.03,30.4,15.0,2.03,G,Y,Y,1.52,UpUp
1/24/12,27.598,1.05,31.8,14.0,2.27,G,G,G,1.52,UpUp
1/25/12,27.874,1.07,35.8,13.6,2.63,G,G,G,1.56,UpUp
1/26/12,27.799,1.06,33.2,13.5,2.47,Y,Y,Y,1.55,UpUp
1/27/12,27.906,1.07,35.4,13.2,2.68,G,G,G,1.56,UpUp
1/30/12,27.778,1.04,31.6,13.5,2.34,Y,Y,Y,1.54,UpUp
1/31/12,27.801,1.05,32.0,12.4,2.59,G,Y,G,1.53,UpUp
2/1/12,28.16,1.08,37.5,12.0,3.12,G,G,G,1.58,UpUp
2/2/12,28.251,1.09,38.2,12.1,3.16,G,G,G,1.6,UpUp
2/3/12,28.628,1.12,41.8,11.8,3.55,G,G,G,1.65,UpUp
2/6/12,28.582,1.09,37.6,11.8,3.19,Y,Y,Y,1.65,UpUp
2/7/12,28.608,1.1,38.2,10.6,3.6,G,G,G,1.65,UpUp
2/8/12,28.665,1.1,38.8,10.8,3.59,G,Y,Y,1.65,UpUp
2/9/12,28.676,1.1,38.6,11.1,3.48,G,Y,Y,1.65,UpUp
2/10/12,28.42,1.07,35.1,11.2,3.13,Y,Y,Y,1.61,DnUp
2/13/12,28.647,1.09,36.9,11.0,3.34,G,Y,G,1.62,UpUp
2/14/12,28.563,1.09,34.8,10.5,3.32,Y,Y,Y,1.61,DnUp
2/15/12,28.484,1.07,33.4,10.7,3.12,Y,Y,Y,1.59,DnUp
2/16/12,28.796,1.1,37.2,10.7,3.47,G,Y,Y,1.62,UpUp
2/17/12,28.824,1.1,37.5,10.5,3.58,G,Y,G,1.63,UpUp
2/21/12,28.823,1.06,31.3,10.4,3.02,Y,Y,Y,1.63,UpUp
2/22/12,28.731,1.05,30.2,10.6,2.84,Y,Y,Y,1.61,UpUp
2/23/12,28.891,1.07,33.0,10.5,3.13,G,Y,G,1.61,UpUp
2/24/12,28.924,1.07,32.8,10.6,3.1,G,Y,Y,1.61,UpUp
2/27/12,28.904,1.06,32.3,11.1,2.92,Y,Y,Y,1.6,UpUp
2/28/12,28.951,1.06,32.1,10.8,2.97,G,Y,Y,1.6,UpUp
2/29/12,28.722,1.04,28.9,11.9,2.42,R,Y,Y,1.56,DnUp
3/1/12,28.88,1.05,30.8,12.1,2.55,Y,Y,Y,1.56,DnUp
3/2/12,28.674,1.03,27.8,13.3,2.1,Y,Y,Y,1.53,DnUp
3/5/12,28.554,1.02,27.3,13.3,2.06,R,Y,Y,1.5,DnUp
3/6/12,28.069,0.98,15.3,14.9,1.03,Y,R,Y,1.28,DnUp
3/7/12,28.288,1.0,21.0,14.1,1.49,Y,Y,Y,1.26,DnUp
3/8/12,28.592,1.03,26.5,13.6,1.94,Y,Y,Y,1.35,DnUp
3/9/12,28.761,1.04,29.0,13.0,2.23,G,G,G,1.42,UpUp
3/12/12,28.706,1.03,28.5,13.3,2.13,Y,Y,Y,1.45,UpUp
3/13/12,29.105,1.05,30.0,12.2,2.45,G,G,G,1.52,UpUp
3/14/12,28.926,1.03,27.1,13.7,1.97,Y,Y,Y,1.51,UpUp
3/15/12,29.073,1.04,29.4,13.5,2.18,G,G,G,1.49,UpUp
3/16/12,29.083,1.04,29.4,13.3,2.21,G,Y,Y,1.52,UpUp
3/19/12,29.2,1.04,29.4,13.2,2.22,G,Y,G,1.55,UpUp
3/20/12,29.025,1.01,24.7,13.7,1.8,Y,Y,Y,1.5,DnUp
3/21/12,29.028,1.01,24.5,14.0,1.75,G,Y,Y,1.46,UpUp
3/22/12,28.796,0.99,20.4,15.5,1.32,Y,R,Y,1.34,DnUp
3/23/12,28.961,1.01,23.3,14.7,1.59,Y,G,Y,1.34,DnUp
3/26/12,29.34,1.04,28.5,14.0,2.03,G,Y,Y,1.45,UpUp
3/27/12,29.248,1.01,24.5,14.0,1.75,Y,Y,Y,1.44,UpUp
3/28/12,29.079,1.0,21.6,15.3,1.41,Y,Y,Y,1.35,UpUp
3/29/12,29.012,0.99,20.6,15.9,1.3,Y,Y,Y,1.27,UpUp
3/30/12,29.051,1.0,21.8,15.9,1.37,G,Y,Y,1.25,UpUp
4/2/12,29.293,1.01,25.2,15.2,1.66,Y,Y,Y,1.31,DnUp
4/3/12,29.167,0.98,19.6,16.6,1.18,R,R,Y,1.24,DnUp
4/4/12,28.806,0.95,14.5,18.9,0.77,R,R,R,1.12,DnUp
4/5/12,28.791,0.94,14.1,19.4,0.73,R,R,R,1.05,DnUp
4/9/12,28.494,0.92,10.8,21.4,0.51,Y,R,R,0.95,DnDn
4/10/12,28.033,0.88,6.0,25.8,0.23,R,R,R,0.83,C/Dn
4/11/12,28.267,0.9,7.9,23.5,0.34,Y,Y,Y,0.81,DnDn
4/12/12,28.647,0.93,10.5,20.2,0.52,Y,Y,Y,0.86,DnDn
4/13/12,28.357,0.9,8.8,23.8,0.37,R,R,R,0.83,DnDn
4/16/12,28.328,0.91,9.5,23.5,0.4,R,Y,Y,0.81,DnDn
4/17/12,28.667,0.93,10.9,20.9,0.52,Y,Y,Y,0.85,UpDn
4/18/12,28.549,0.91,9.9,23.0,0.43,Y,Y,Y,0.85,UpDn
4/19/12,28.454,0.91,9.4,23.4,0.4,R,Y,R,0.83,DnDn
4/20/12,28.538,0.91,10.4,23.3,0.44,Y,Y,Y,0.84,UpDn
4/23/12,28.261,0.89,8.1,25.7,0.32,R,R,R,0.8,DnDn
4/24/12,28.332,0.89,7.7,23.5,0.33,Y,Y,Y,0.79,DnDn
4/25/12,28.686,0.92,10.3,21.8,0.47,G,Y,Y,0.85,UpDn
4/26/12,28.884,0.93,12.2,21.6,0.56,Y,Y,Y,0.93,UpDn
4/27/12,29.034,0.94,14.3,20.8,0.69,G,Y,Y,1.0,UpDn
4/30/12,28.911,0.93,11.8,21.8,0.54,Y,Y,Y,0.98,UpDn
5/1/12,28.98,0.93,11.9,20.7,0.57,G,Y,Y,0.98,UpDn
5/2/12,28.964,0.93,12.4,21.9,0.57,Y,Y,Y,0.98,UpDn
5/3/12,28.682,0.9,10.8,25.2,0.43,R,R,R,0.92,DnDn
5/4/12,28.298,0.87,8.6,28.6,0.3,Y,R,R,0.83,DnDn
5/7/12,28.305,0.88,9.3,27.9,0.34,Y,Y,Y,0.79,DnDn
5/8/12,28.168,0.88,8.4,28.2,0.3,Y,Y,R,0.75,DnDn
5/9/12,28.052,0.87,8.3,30.1,0.27,R,R,R,0.72,DnDn
5/10/12,28.082,0.87,9.0,29.8,0.3,Y,Y,Y,0.71,DnDn
5/11/12,28.026,0.87,8.7,31.3,0.28,R,Y,R,0.69,DnDn
5/14/12,27.731,0.85,7.3,34.9,0.21,R,R,R,0.65,DnDn
5/15/12,27.575,0.84,6.9,35.4,0.19,R,R,R,0.62,DnDn
5/16/12,27.417,0.82,6.4,37.9,0.17,R,R,R,0.59,DnDn
5/17/12,27.005,0.8,5.1,43.4,0.12,R,R,R,0.53,DnDn
5/18/12,26.776,0.78,4.7,46.9,0.1,R,R,R,0.5,DnDn
5/21/12,27.152,0.83,5.7,39.2,0.15,Y,Y,Y,0.52,DnDn
5/22/12,27.138,0.83,5.5,37.9,0.14,R,Y,R,0.53,DnDn
5/23/12,27.167,0.84,6.0,38.1,0.16,Y,Y,Y,0.55,DnDn
5/24/12,27.187,0.84,6.4,38.5,0.17,Y,Y,Y,0.58,UpDn
5/25/12,27.182,0.84,6.7,38.6,0.17,Y,Y,Y,0.59,UpDn
5/29/12,27.429,0.86,6.9,35.2,0.2,G,Y,Y,0.63,UpDn
5/30/12,27.111,0.83,5.4,38.3,0.14,R,Y,Y,0.62,DnDn
5/31/12,27.034,0.83,5.9,38.5,0.15,R,Y,Y,0.61,DnDn
6/1/12,26.5,0.79,4.6,47.6,0.1,R,R,R,0.56,DnDn
6/4/12,26.44,0.79,4.7,47.7,0.1,R,Y,Y,0.55,DnDn
6/5/12,26.622,0.81,4.9,42.0,0.12,Y,Y,Y,0.57,DnDn
6/6/12,27.093,0.85,5.9,34.2,0.17,Y,Y,Y,0.62,DnDn
6/7/12,27.102,0.85,5.6,34.5,0.16,Y,Y,Y,0.65,UpDn
6/8/12,27.22,0.86,7.0,33.6,0.21,Y,Y,Y,0.69,UpDn
6/11/12,26.91,0.82,5.4,38.6,0.14,Y,Y,Y,0.67,UpDn
6/12/12,27.081,0.85,5.7,32.6,0.17,G,Y,Y,0.68,UpDn
6/13/12,26.928,0.83,5.3,35.4,0.15,R,R,R,0.67,DnDn
6/14/12,27.08,0.85,6.3,33.4,0.19,Y,Y,Y,0.68,DnDn
6/15/12,27.316,0.87,6.7,30.9,0.22,G,Y,Y,0.73,UpDn
6/18/12,27.413,0.87,7.3,31.4,0.23,G,Y,Y,0.77,UpDn
6/19/12,27.72,0.9,8.9,24.9,0.36,G,Y,Y,0.86,UpDn
6/20/12,27.697,0.9,8.5,25.1,0.34,Y,Y,Y,0.87,UpDn
6/21/12,27.19,0.86,6.1,30.7,0.2,Y,Y,Y,0.79,UpDn
6/22/12,27.284,0.87,7.6,29.0,0.26,Y,Y,Y,0.76,DnDn
6/25/12,26.996,0.84,6.1,33.1,0.18,Y,R,R,0.71,DnDn
6/26/12,27.06,0.86,6.7,29.6,0.23,Y,Y,Y,0.69,DnDn
6/27/12,27.255,0.88,8.3,27.7,0.3,Y,Y,Y,0.71,DnDn
6/28/12,27.23,0.87,8.7,28.4,0.31,Y,Y,Y,0.71,UpDn
6/29/12,27.784,0.93,13.5,23.2,0.58,G,Y,Y,0.81,UpDn
7/2/12,27.999,0.93,14.4,23.5,0.61,G,Y,Y,0.9,UpDn
7/3/12,28.264,0.96,17.6,18.9,0.93,G,Y,Y,0.98,UpDn
7/5/12,28.215,0.96,16.9,18.7,0.9,Y,Y,Y,1.0,UpDn
7/6/12,27.95,0.94,14.1,20.5,0.69,Y,Y,Y,0.95,UpDn
7/9/12,27.882,0.93,13.2,21.3,0.62,Y,Y,Y,0.91,UpDn
7/10/12,27.665,0.91,11.3,21.9,0.52,Y,R,R,0.86,DnDn
7/11/12,27.62,0.91,11.5,22.6,0.51,Y,Y,R,0.83,DnDn
7/12/12,27.532,0.9,10.9,24.0,0.45,R,R,R,0.81,DnDn
7/13/12,27.86,0.92,14.7,22.3,0.66,Y,Y,Y,0.84,DnDn
7/16/12,27.79,0.92,14.2,23.3,0.61,R,Y,R,0.85,DnDn
7/17/12,27.902,0.93,15.2,21.1,0.72,G,Y,Y,0.87,UpDn
7/18/12,28.051,0.93,16.7,21.3,0.79,G,Y,Y,0.91,UpDn
7/19/12,28.088,0.93,16.5,21.0,0.79,Y,Y,Y,0.93,UpDn
7/20/12,27.824,0.91,14.0,23.2,0.61,R,R,R,0.89,DnDn
7/23/12,27.516,0.88,10.6,25.2,0.42,R,R,R,0.83,DnDn
7/24/12,27.267,0.88,8.8,24.8,0.35,Y,Y,R,0.77,DnDn
7/25/12,27.301,0.88,10.0,25.1,0.4,Y,Y,Y,0.75,DnDn
7/26/12,27.593,0.91,13.0,23.7,0.55,Y,Y,Y,0.79,DnDn
7/27/12,28.061,0.94,19.7,21.5,0.92,Y,Y,Y,0.89,UpDn
7/30/12,27.995,0.93,17.8,21.8,0.81,Y,Y,Y,0.93,UpDn
7/31/12,27.883,0.95,16.9,19.7,0.86,Y,Y,Y,0.93,UpDn
8/1/12,27.682,0.92,15.2,22.2,0.69,Y,Y,Y,0.89,UpDn
8/2/12,27.536,0.91,13.0,23.9,0.54,R,Y,R,0.87,DnDn
8/3/12,28.028,0.95,21.2,21.8,0.97,Y,Y,Y,0.98,DnDn
8/6/12,28.153,0.96,23.2,20.7,1.12,G,Y,G,1.08,C/Up
8/7/12,28.339,0.99,26.2,18.3,1.43,G,Y,G,1.2,UpUp
8/8/12,28.302,0.98,26.4,18.9,1.39,Y,Y,Y,1.23,UpUp
8/9/12,28.357,0.99,26.9,18.8,1.43,Y,Y,G,1.26,UpUp
8/10/12,28.362,0.99,26.7,19.2,1.39,G,Y,Y,1.27,UpUp
8/13/12,28.289,0.97,24.2,19.3,1.25,Y,Y,Y,1.25,UpUp
8/14/12,28.253,0.96,22.4,19.0,1.18,Y,R,Y,1.22,DnUp
8/15/12,28.353,0.97,24.2,18.7,1.29,G,Y,Y,1.23,UpUp
8/16/12,28.558,0.99,27.7,17.8,1.56,G,Y,G,1.3,UpUp
8/17/12,28.666,1.0,29.2,17.7,1.65,G,Y,G,1.36,UpUp
8/20/12,28.627,0.99,27.3,17.9,1.52,Y,Y,Y,1.35,UpUp
8/21/12,28.59,0.99,27.2,16.8,1.62,Y,Y,G,1.36,UpUp
8/22/12,28.561,0.99,26.0,17.0,1.52,Y,Y,Y,1.34,UpUp
8/23/12,28.4,0.97,22.5,17.4,1.29,Y,R,Y,1.26,DnUp
8/24/12,28.47,0.98,24.1,17.0,1.42,Y,Y,Y,1.24,DnUp
8/27/12,28.472,0.98,24.4,17.2,1.42,Y,Y,Y,1.23,DnUp
8/28/12,28.507,0.98,21.4,16.4,1.3,Y,Y,Y,1.21,DnUp
8/29/12,28.534,0.98,22.3,16.6,1.35,Y,Y,Y,1.21,DnUp
8/30/12,28.328,0.96,17.3,17.2,1.01,R,R,Y,1.14,DnUp
8/31/12,28.468,0.98,21.0,16.6,1.27,Y,Y,Y,1.15,DnUp
9/4/12,28.548,0.98,21.9,17.1,1.28,G,Y,Y,1.17,UpUp
9/5/12,28.523,0.98,19.3,16.2,1.19,Y,Y,Y,1.16,UpUp
9/6/12,28.95,1.01,27.4,15.8,1.73,G,G,G,1.29,UpUp
9/7/12,29.104,1.03,29.8,15.3,1.96,Y,G,G,1.4,UpUp
9/10/12,29.006,1.0,26.1,15.4,1.7,Y,Y,Y,1.39,UpUp
9/11/12,29.099,1.02,27.6,14.4,1.92,G,G,G,1.43,UpUp
9/12/12,29.163,1.02,28.5,14.6,1.96,G,Y,G,1.46,UpUp
9/13/12,29.503,1.05,32.7,14.4,2.28,G,G,G,1.53,UpUp
9/14/12,29.718,1.06,35.1,14.2,2.46,G,G,G,1.58,UpUp
9/17/12,29.589,1.03,31.1,14.6,2.13,Y,Y,Y,1.57,UpUp
9/18/12,29.525,1.02,28.1,13.7,2.06,Y,Y,Y,1.55,UpUp
9/19/12,29.552,1.03,28.4,13.6,2.09,G,G,G,1.54,UpUp
9/20/12,29.433,1.02,26.6,14.0,1.9,Y,Y,Y,1.5,DnUp
9/21/12,29.503,1.02,27.5,13.8,1.99,Y,Y,Y,1.5,DnUp
9/24/12,29.417,1.02,27.0,14.3,1.89,R,Y,Y,1.47,DnUp
9/25/12,29.149,0.99,19.4,14.1,1.37,R,R,Y,1.34,DnUp
9/26/12,28.999,0.98,16.1,14.7,1.09,Y,R,Y,1.22,DnUp
9/27/12,29.266,1.0,21.0,13.8,1.53,Y,Y,Y,1.24,DnUp
9/28/12,29.157,0.99,18.6,14.0,1.33,R,R,Y,1.21,DnUp
10/1/12,29.23,1.0,21.7,14.4,1.51,Y,Y,Y,1.23,DnUp
10/2/12,29.258,1.0,20.3,13.5,1.5,Y,Y,Y,1.24,UpUp
10/3/12,29.276,1.0,20.3,13.9,1.46,G,Y,Y,1.23,UpUp
10/4/12,29.509,1.02,24.5,14.0,1.76,G,G,G,1.3,UpUp
10/5/12,29.448,1.02,24.9,13.6,1.83,Y,Y,G,1.34,UpUp
10/8/12,29.359,1.0,21.9,14.2,1.54,Y,Y,Y,1.3,UpUp
10/9/12,29.09,0.98,15.5,14.4,1.08,R,R,Y,1.19,DnUp
10/10/12,28.983,0.97,14.0,15.3,0.92,Y,R,R,1.1,DnUp
10/11/12,29.062,0.98,15.5,14.8,1.04,Y,Y,G,1.08,DnUp
10/12/12,28.951,0.97,14.2,15.6,0.91,R,R,R,1.04,DnUp
10/15/12,29.093,0.98,17.0,15.7,1.09,Y,Y,G,1.05,DnUp
10/16/12,29.319,0.99,17.6,14.3,1.23,Y,Y,G,1.1,UpUp
10/17/12,29.459,1.01,21.4,14.0,1.53,G,G,G,1.19,UpUp
10/18/12,29.377,1.0,20.2,14.6,1.38,Y,Y,Y,1.2,UpUp
10/19/12,28.993,0.97,14.4,16.6,0.87,Y,Y,R,1.09,UpUp
10/22/12,28.978,0.96,14.1,16.5,0.85,R,R,R,1.03,C/Dn
10/23/12,28.75,0.93,9.1,16.9,0.54,R,R,R,0.94,DnDn
10/24/12,28.693,0.93,9.1,17.9,0.51,Y,Y,R,0.89,DnDn
10/25/12,28.763,0.94,10.5,18.0,0.58,Y,Y,Y,0.88,DnDn
10/26/12,28.72,0.93,9.9,18.5,0.53,R,R,R,0.86,DnDn
10/31/12,28.811,0.94,10.0,17.3,0.58,Y,Y,Y,0.86,DnDn
11/1/12,29.167,0.96,13.3,16.7,0.8,Y,Y,Y,0.93,UpDn
11/2/12,28.843,0.94,11.0,18.7,0.59,Y,Y,Y,0.9,UpDn
11/5/12,28.921,0.94,10.7,18.0,0.6,G,Y,Y,0.89,UpDn
11/6/12,29.11,0.96,12.2,16.6,0.74,Y,Y,Y,0.92,UpDn
11/7/12,28.612,0.91,8.3,21.3,0.39,R,R,R,0.85,DnDn
11/8/12,28.337,0.89,7.2,23.8,0.3,R,R,R,0.77,DnDn
11/9/12,28.333,0.89,7.5,24.1,0.31,R,Y,Y,0.74,DnDn
11/12/12,28.303,0.9,8.2,24.3,0.34,Y,Y,Y,0.73,DnDn
11/13/12,28.195,0.88,6.8,25.7,0.26,R,R,R,0.71,DnDn
11/14/12,27.791,0.85,5.0,31.7,0.16,R,R,R,0.65,DnDn
11/15/12,27.674,0.84,4.8,34.4,0.14,R,R,R,0.61,DnDn
11/16/12,27.834,0.85,5.5,31.9,0.17,Y,Y,Y,0.61,DnDn
11/19/12,28.278,0.9,7.8,25.9,0.3,Y,Y,Y,0.67,DnDn
11/20/12,28.316,0.9,7.6,25.2,0.3,Y,Y,Y,0.71,UpDn
11/21/12,28.413,0.92,8.3,23.8,0.35,Y,Y,Y,0.74,UpDn
11/23/12,28.688,0.94,11.0,22.0,0.5,Y,Y,Y,0.81,UpDn
11/26/12,28.677,0.93,9.0,22.1,0.41,Y,Y,Y,0.83,UpDn
11/27/12,28.634,0.92,8.3,21.8,0.38,Y,Y,Y,0.83,UpDn
11/28/12,28.774,0.93,9.4,21.7,0.43,G,Y,Y,0.89,UpDn
11/29/12,28.947,0.95,11.5,20.2,0.57,G,Y,Y,0.96,UpDn
11/30/12,28.96,0.95,11.7,20.3,0.58,G,Y,Y,0.98,UpDn
12/3/12,28.909,0.94,11.4,21.1,0.54,Y,Y,Y,0.98,UpDn
12/4/12,28.895,0.93,9.2,19.9,0.46,Y,Y,Y,0.97,UpDn
12/5/12,28.861,0.93,9.2,20.7,0.45,Y,Y,Y,0.95,UpDn
12/6/12,28.909,0.93,9.8,21.0,0.47,Y,Y,Y,0.95,DnDn
12/7/12,28.931,0.93,10.3,21.3,0.49,Y,Y,Y,0.95,DnDn
12/10/12,28.996,0.93,11.2,20.6,0.54,G,Y,Y,0.95,UpDn
12/11/12,29.154,0.96,13.4,18.0,0.75,G,Y,Y,0.99,UpDn
12/12/12,29.125,0.95,12.8,18.2,0.7,Y,Y,Y,0.99,UpDn
12/13/12,28.969,0.94,10.8,19.0,0.57,Y,Y,Y,0.94,UpDn
12/14/12,28.93,0.94,11.5,19.3,0.59,R,Y,Y,0.92,DnDn
12/17/12,29.146,0.95,13.9,18.4,0.76,G,Y,Y,0.96,UpDn
12/18/12,29.428,0.98,19.6,16.2,1.21,G,Y,G,1.07,C/Up
12/19/12,29.368,0.98,19.6,16.6,1.18,Y,Y,Y,1.1,UpUp
12/20/12,29.475,0.98,21.4,17.2,1.24,G,Y,G,1.14,UpUp
12/21/12,29.286,0.97,17.8,17.6,1.01,Y,Y,Y,1.09,UpUp
12/24/12,29.224,0.95,13.7,16.3,0.85,Y,Y,R,1.04,UpUp
12/26/12,29.082,0.94,12.6,17.0,0.74,Y,R,R,0.99,DnDn
12/27/12,29.041,0.94,12.3,17.3,0.71,R,Y,R,0.95,DnDn
12/28/12,28.9,0.93,10.3,18.1,0.57,Y,R,R,0.91,DnDn
12/31/12,29.305,0.97,17.0,14.6,1.16,G,Y,G,1.0,UpDn
1/2/13,29.945,1.03,27.6,12.7,2.18,G,G,G,1.27,UpUp
1/3/13,29.917,1.04,27.5,12.5,2.2,Y,G,G,1.38,UpUp
1/4/13,30.055,1.05,29.9,12.1,2.47,Y,G,G,1.45,UpUp
1/7/13,29.98,1.02,25.0,12.3,2.04,Y,Y,Y,1.47,UpUp
1/8/13,29.94,1.02,23.2,11.3,2.06,Y,Y,G,1.47,UpUp
1/9/13,30.069,1.04,25.7,11.1,2.31,G,G,G,1.49,UpUp
1/10/13,30.21,1.04,28.4,11.0,2.59,G,G,G,1.52,UpUp
1/11/13,30.207,1.04,28.0,11.0,2.55,Y,Y,Y,1.52,UpUp
1/14/13,30.201,1.04,27.8,11.0,2.53,Y,Y,Y,1.52,UpUp
1/15/13,30.249,1.05,28.4,10.0,2.84,G,G,G,1.53,UpUp
1/16/13,30.207,1.04,27.7,10.3,2.69,Y,Y,Y,1.52,UpUp
1/17/13,30.403,1.06,30.9,10.1,3.06,G,G,G,1.54,UpUp
1/18/13,30.461,1.07,31.6,10.0,3.17,G,G,G,1.55,UpUp
1/22/13,30.632,1.07,32.1,8.6,3.74,G,Y,G,1.57,UpUp
1/23/13,30.626,1.07,31.9,9.1,3.49,Y,Y,Y,1.56,UpUp
1/24/13,30.677,1.07,32.5,9.8,3.3,G,Y,Y,1.56,UpUp
1/25/13,30.811,1.08,33.5,10.1,3.32,G,G,G,1.57,UpUp
1/28/13,30.788,1.07,32.7,10.5,3.13,Y,Y,Y,1.56,UpUp
1/29/13,30.878,1.08,33.7,9.4,3.58,G,G,Y,1.57,UpUp
1/30/13,30.746,1.06,31.2,9.7,3.22,Y,Y,Y,1.55,UpUp
1/31/13,30.785,1.07,31.8,9.5,3.34,G,Y,G,1.54,UpUp
2/1/13,31.014,1.09,35.1,9.4,3.72,G,G,G,1.56,UpUp
2/4/13,30.717,1.05,29.0,9.6,3.03,R,Y,Y,1.53,DnUp
2/5/13,30.928,1.08,31.2,8.7,3.59,G,Y,G,1.54,UpUp
2/6/13,30.98,1.08,31.3,8.7,3.61,G,Y,G,1.55,UpUp
2/7/13,30.913,1.07,30.1,9.2,3.28,Y,Y,Y,1.54,UpUp
2/8/13,31.064,1.08,31.9,9.4,3.4,G,Y,Y,1.55,UpUp
2/11/13,31.034,1.07,31.2,9.6,3.26,Y,Y,Y,1.54,UpUp
2/12/13,31.117,1.06,28.6,9.2,3.12,G,Y,Y,1.54,UpUp
2/13/13,31.179,1.06,29.6,9.5,3.12,G,Y,Y,1.54,UpUp
2/14/13,31.201,1.07,29.4,9.7,3.04,G,Y,Y,1.54,UpUp
2/15/13,31.162,1.06,29.0,10.5,2.75,Y,Y,Y,1.53,UpUp
2/19/13,31.337,1.06,28.5,9.8,2.91,G,Y,Y,1.55,UpUp
2/20/13,30.936,1.02,23.1,11.5,2.0,Y,Y,Y,1.5,DnUp
2/21/13,30.704,1.0,18.8,12.4,1.51,Y,Y,Y,1.37,DnUp
2/22/13,30.942,1.02,23.0,11.9,1.94,Y,Y,Y,1.4,DnUp
2/25/13,30.482,0.99,15.7,12.9,1.21,R,R,Y,1.25,DnUp
2/26/13,30.613,0.99,16.0,12.2,1.31,Y,Y,Y,1.2,DnUp
2/27/13,30.907,1.01,21.2,12.1,1.76,Y,G,Y,1.27,DnUp
2/28/13,30.91,1.01,21.4,13.0,1.65,G,Y,Y,1.29,UpUp
3/1/13,30.953,1.01,22.1,13.3,1.66,G,Y,Y,1.3,UpUp
3/4/13,31.014,1.01,23.8,13.8,1.73,Y,G,G,1.32,UpUp
3/5/13,31.281,1.03,25.0,13.4,1.87,G,G,G,1.38,UpUp
3/6/13,31.319,1.03,25.7,13.1,1.96,G,Y,G,1.43,UpUp
3/7/13,31.398,1.04,26.5,12.6,2.11,G,G,G,1.47,UpUp
3/8/13,31.553,1.05,28.6,12.2,2.35,G,G,G,1.5,UpUp
3/11/13,31.59,1.04,27.1,12.3,2.2,G,Y,Y,1.51,UpUp
3/12/13,31.526,1.03,24.9,11.3,2.2,Y,Y,Y,1.51,UpUp
3/13/13,31.563,1.03,25.6,12.2,2.1,G,Y,Y,1.51,UpUp
3/14/13,31.725,1.04,27.7,11.9,2.32,G,Y,G,1.53,UpUp
3/15/13,31.675,1.04,27.1,12.7,2.14,Y,Y,Y,1.52,UpUp
3/18/13,31.555,1.02,24.3,12.8,1.89,Y,Y,Y,1.48,DnUp
3/19/13,31.477,1.01,22.1,13.2,1.67,R,Y,Y,1.4,DnUp
3/20/13,31.689,1.03,25.2,12.9,1.95,G,Y,Y,1.43,UpUp
3/21/13,31.501,1.02,22.7,13.3,1.71,Y,Y,Y,1.38,DnUp
3/22/13,31.61,1.02,24.1,13.3,1.81,Y,Y,Y,1.38,DnUp
3/25/13,31.545,1.02,23.7,13.6,1.74,R,Y,Y,1.36,DnUp
3/26/13,31.695,1.0,21.2,13.3,1.6,Y,Y,Y,1.34,UpUp
3/27/13,31.72,1.0,21.3,13.2,1.62,G,Y,Y,1.33,UpUp
3/28/13,31.798,1.01,22.9,13.3,1.73,G,Y,G,1.35,UpUp
4/1/13,31.59,0.99,18.7,14.5,1.29,R,R,Y,1.26,DnUp
4/2/13,31.576,0.98,16.6,15.2,1.09,Y,R,Y,1.19,UpUp
4/3/13,31.234,0.95,12.5,17.6,0.71,R,R,R,1.07,DnUp
4/4/13,31.345,0.96,14.2,17.0,0.83,Y,Y,Y,1.03,DnUp
4/5/13,31.262,0.96,13.5,17.4,0.77,Y,Y,R,0.99,DnDn
4/8/13,31.427,0.98,17.3,16.6,1.04,Y,Y,G,1.02,DnUp
4/9/13,31.492,0.98,15.7,15.0,1.04,Y,Y,Y,1.04,DnUp
4/10/13,31.825,1.0,20.8,14.3,1.46,Y,Y,G,1.15,UpUp
4/11/13,31.908,1.01,21.7,14.5,1.5,G,G,G,1.22,UpUp
4/12/13,31.792,1.0,20.3,15.3,1.33,Y,Y,Y,1.21,UpUp
4/15/13,31.015,0.92,10.2,21.1,0.49,R,R,R,1.02,C/Dn
4/16/13,31.379,0.94,12.3,18.0,0.68,Y,Y,Y,0.98,DnDn
4/17/13,30.975,0.91,9.8,21.9,0.45,R,R,R,0.89,DnDn
4/18/13,30.848,0.91,8.8,22.9,0.38,Y,Y,R,0.83,DnDn
4/19/13,31.093,0.92,11.6,21.6,0.54,Y,Y,Y,0.84,DnDn
4/22/13,31.188,0.95,12.9,20.4,0.63,Y,Y,Y,0.86,UpDn
4/23/13,31.493,0.97,15.0,17.3,0.86,G,Y,Y,0.93,UpDn
4/24/13,31.592,0.98,16.0,16.6,0.97,Y,Y,Y,0.99,UpDn
4/25/13,31.758,1.0,17.9,15.8,1.13,G,Y,G,1.06,UpUp
4/26/13,31.663,0.99,17.0,16.7,1.02,Y,Y,Y,1.07,UpUp
4/29/13,31.858,0.99,18.0,16.2,1.11,G,Y,G,1.11,C/Up
4/30/13,31.997,1.0,19.0,14.4,1.32,G,Y,G,1.18,UpUp
5/1/13,31.619,0.96,14.1,17.3,0.82,Y,R,R,1.09,UpUp
5/2/13,31.91,0.98,17.6,16.4,1.08,G,Y,G,1.12,UpUp
5/3/13,32.203,1.01,22.4,14.8,1.52,G,G,G,1.23,UpUp
5/6/13,32.296,1.01,22.3,14.4,1.55,G,Y,G,1.29,UpUp
5/7/13,32.453,1.02,24.4,13.3,1.83,G,G,G,1.38,UpUp
5/8/13,32.598,1.03,26.2,13.3,1.97,G,G,G,1.45,UpUp
5/9/13,32.516,1.02,23.9,13.8,1.73,Y,Y,Y,1.43,UpUp
5/10/13,32.659,1.03,25.5,13.7,1.86,G,G,G,1.45,UpUp
5/13/13,32.614,1.01,22.8,13.6,1.68,Y,Y,Y,1.42,UpUp
5/14/13,32.861,1.03,25.9,12.9,2.01,G,G,G,1.48,UpUp
5/15/13,32.952,1.03,27.8,13.3,2.09,G,Y,G,1.51,UpUp
5/16/13,32.831,1.02,26.0,13.5,1.92,Y,Y,Y,1.49,UpUp
5/17/13,33.051,1.04,29.5,13.5,2.18,G,G,G,1.52,UpUp
5/20/13,33.131,1.04,28.4,13.1,2.17,G,Y,Y,1.54,UpUp
5/21/13,33.17,1.04,27.6,12.2,2.26,G,Y,G,1.55,UpUp
5/22/13,32.816,1.01,22.5,12.9,1.74,Y,Y,Y,1.46,DnUp
5/23/13,32.761,1.01,21.2,12.8,1.66,R,Y,Y,1.39,DnUp
5/24/13,32.712,1.0,20.6,13.0,1.59,Y,Y,Y,1.34,DnUp
5/28/13,32.925,1.02,24.4,12.8,1.91,Y,Y,Y,1.38,DnUp
5/29/13,32.671,1.0,19.4,12.8,1.52,Y,Y,Y,1.31,DnUp
5/30/13,32.796,1.01,21.4,11.9,1.8,Y,Y,G,1.33,DnUp
5/31/13,32.466,0.99,17.4,12.9,1.35,R,R,Y,1.24,DnUp
6/3/13,32.513,0.99,18.5,12.8,1.45,Y,Y,Y,1.21,DnUp
6/4/13,32.371,0.98,15.5,12.5,1.24,R,R,Y,1.15,DnUp
6/5/13,32.005,0.95,11.6,14.3,0.81,R,R,R,1.03,C/Dn
6/6/13,32.228,0.97,13.9,13.2,1.05,Y,Y,G,1.02,DnUp
6/7/13,32.488,0.98,17.7,13.6,1.31,Y,Y,Y,1.08,UpUp
6/10/13,32.527,0.99,19.0,13.9,1.36,G,Y,Y,1.12,UpUp
6/11/13,32.233,0.97,15.1,14.4,1.05,R,R,Y,1.06,DnUp
6/12/13,32.003,0.95,12.8,16.9,0.76,R,Y,R,0.98,DnDn
6/13/13,32.392,0.98,17.2,14.5,1.19,G,Y,G,1.03,UpUp
6/14/13,32.256,0.97,14.7,15.1,0.98,R,R,R,1.01,DnUp
6/17/13,32.461,0.98,17.4,14.2,1.22,Y,Y,G,1.05,DnUp
6/18/13,32.682,0.99,20.4,12.8,1.6,Y,Y,G,1.16,UpUp
6/19/13,32.328,0.97,16.4,15.1,1.09,Y,Y,Y,1.1,UpUp
6/20/13,31.586,0.91,10.7,22.5,0.48,Y,R,R,0.93,DnDn
6/21/13,31.554,0.92,11.1,22.3,0.5,R,Y,Y,0.85,DnDn
6/24/13,31.187,0.89,9.2,26.8,0.34,R,R,R,0.76,DnDn
6/25/13,31.468,0.92,10.4,21.7,0.48,Y,Y,Y,0.76,DnDn
6/26/13,31.667,0.93,11.5,19.7,0.58,Y,Y,Y,0.79,DnDn
6/27/13,31.984,0.96,14.7,17.0,0.86,G,Y,Y,0.86,UpDn
6/28/13,31.96,0.97,14.6,16.8,0.87,Y,Y,Y,0.9,UpDn
7/1/13,32.219,0.98,16.5,16.3,1.01,Y,Y,G,0.96,UpDn
7/2/13,32.168,0.98,15.5,15.5,1.0,Y,Y,Y,0.98,UpDn
7/3/13,32.164,0.98,15.9,15.9,1.0,Y,Y,Y,0.99,UpDn
7/5/13,32.387,0.99,19.9,17.7,1.13,G,Y,G,1.05,C/Up
7/8/13,32.507,0.99,19.6,17.2,1.13,G,Y,Y,1.09,UpUp
7/9/13,32.709,1.0,21.2,15.3,1.39,G,Y,G,1.17,UpUp
7/10/13,32.759,1.01,22.1,15.7,1.41,G,G,G,1.22,UpUp
7/11/13,33.179,1.04,25.8,13.0,1.98,G,G,G,1.38,UpUp
7/12/13,33.242,1.04,26.4,13.4,1.96,G,Y,Y,1.45,UpUp
7/15/13,33.361,1.03,25.7,13.2,1.95,G,Y,Y,1.49,UpUp
7/16/13,33.25,1.02,21.8,11.4,1.92,Y,Y,Y,1.48,UpUp
7/17/13,33.356,1.02,22.8,11.3,2.02,G,Y,G,1.49,UpUp
7/18/13,33.517,1.03,25.0,11.5,2.17,G,Y,G,1.51,UpUp
7/19/13,33.531,1.03,25.2,11.6,2.18,G,Y,G,1.51,UpUp
7/22/13,33.619,1.04,25.1,11.7,2.15,G,G,Y,1.52,UpUp
7/23/13,33.607,1.03,23.5,9.7,2.42,Y,Y,G,1.51,UpUp
7/24/13,33.429,1.02,20.6,10.9,1.89,Y,Y,Y,1.47,UpUp
7/25/13,33.589,1.03,23.0,11.3,2.05,G,Y,Y,1.48,UpUp
7/26/13,33.53,1.02,22.0,11.2,1.96,Y,Y,Y,1.46,DnUp
7/29/13,33.385,1.01,19.9,11.1,1.79,Y,Y,Y,1.4,DnUp
7/30/13,33.417,1.0,18.8,10.2,1.85,Y,Y,Y,1.38,DnUp
7/31/13,33.476,1.01,19.7,10.5,1.87,G,Y,Y,1.37,UpUp
8/1/13,33.862,1.03,24.1,11.2,2.16,G,Y,G,1.43,UpUp
8/2/13,33.908,1.03,24.5,11.4,2.15,G,Y,Y,1.46,UpUp
8/5/13,33.925,1.02,23.6,11.4,2.07,G,Y,Y,1.47,UpUp
8/6/13,33.716,1.0,20.0,11.1,1.81,Y,Y,Y,1.41,UpUp
8/7/13,33.54,0.99,17.8,12.4,1.44,Y,R,Y,1.31,UpUp
8/8/13,33.719,1.0,20.1,12.0,1.68,Y,Y,Y,1.31,DnUp
8/9/13,33.696,1.0,19.7,12.1,1.62,Y,Y,Y,1.3,DnUp
8/12/13,33.732,1.01,20.8,11.3,1.83,Y,Y,Y,1.33,DnUp
8/13/13,33.742,1.01,20.7,11.1,1.86,G,Y,G,1.35,UpUp
8/14/13,33.628,1.0,19.4,11.6,1.68,Y,Y,Y,1.32,UpUp
8/15/13,33.221,0.98,14.0,13.3,1.06,R,R,Y,1.17,DnUp
8/16/13,33.143,0.97,14.0,14.6,0.96,R,R,R,1.08,C/Dn
8/19/13,32.912,0.96,13.1,15.7,0.84,R,R,R,1.0,DnUp
8/20/13,33.15,0.98,14.3,12.3,1.16,Y,Y,G,1.03,DnUp
8/21/13,32.96,0.97,12.6,13.6,0.93,R,R,R,0.99,DnDn
8/22/13,33.268,0.99,16.2,12.3,1.31,Y,Y,G,1.05,UpUp
8/23/13,33.369,1.0,17.3,11.8,1.47,Y,Y,G,1.12,UpUp
8/26/13,33.33,1.0,16.2,11.8,1.37,Y,Y,Y,1.14,UpUp
8/27/13,32.791,0.96,9.8,13.4,0.73,R,R,R,1.01,DnUp
8/28/13,32.833,0.96,10.3,13.5,0.76,Y,Y,Y,0.95,DnDn
8/29/13,32.981,0.97,11.5,12.4,0.93,Y,Y,Y,0.96,DnDn
8/30/13,32.739,0.95,9.8,14.3,0.69,R,R,R,0.91,DnDn
9/3/13,32.89,0.98,12.2,13.8,0.88,Y,Y,Y,0.92,DnDn
9/4/13,33.105,0.99,13.8,12.0,1.15,Y,Y,G,0.99,UpDn
9/5/13,33.16,1.0,15.3,12.0,1.27,G,Y,G,1.05,UpUp
9/6/13,33.211,1.0,16.2,12.0,1.35,G,Y,G,1.1,UpUp
9/9/13,33.582,1.02,19.5,10.7,1.83,Y,G,G,1.24,UpUp
9/10/13,33.815,1.04,22.4,9.8,2.3,G,G,G,1.36,UpUp
9/11/13,33.86,1.04,23.4,9.9,2.36,G,Y,G,1.41,C/Up
9/12/13,33.728,1.02,21.0,10.6,1.98,Y,Y,Y,1.42,UpUp
9/13/13,33.811,1.03,22.2,10.5,2.11,G,G,G,1.43,UpUp
9/16/13,33.951,1.03,22.8,10.7,2.14,G,Y,G,1.45,UpUp
9/17/13,34.112,1.03,21.8,9.7,2.24,G,Y,Y,1.47,UpUp
9/18/13,34.493,1.05,26.6,9.3,2.85,G,G,G,1.52,UpUp
9/19/13,34.475,1.05,26.3,9.7,2.71,Y,Y,Y,1.53,UpUp
9/20/13,34.292,1.03,23.4,10.6,2.2,Y,Y,Y,1.51,UpUp
9/23/13,34.226,1.02,21.0,10.7,1.95,Y,Y,Y,1.48,UpUp
9/24/13,34.262,1.01,18.5,10.5,1.77,G,Y,Y,1.43,UpUp
9/25/13,34.241,1.01,18.8,10.4,1.8,Y,Y,Y,1.4,DnUp
9/26/13,34.372,1.02,19.8,11.0,1.8,Y,Y,Y,1.4,DnUp
9/27/13,34.284,1.01,18.5,11.0,1.68,R,Y,Y,1.36,DnUp
9/30/13,34.187,1.0,17.1,11.4,1.5,R,Y,Y,1.3,DnUp
10/1/13,34.472,1.02,18.5,10.4,1.79,G,G,G,1.34,UpUp
10/2/13,34.444,1.01,18.0,10.8,1.67,Y,Y,Y,1.34,UpUp
10/3/13,34.208,0.99,15.2,11.9,1.28,R,R,Y,1.25,DnUp
10/4/13,34.398,1.01,17.6,11.8,1.5,Y,G,Y,1.25,UpUp
10/7/13,34.161,0.99,14.2,12.1,1.17,R,R,Y,1.18,DnUp
10/8/13,33.749,0.95,9.4,13.2,0.71,Y,R,R,1.04,DnUp
10/9/13,33.687,0.95,9.1,13.9,0.66,R,Y,R,0.96,DnDn
10/10/13,34.247,0.99,15.3,12.1,1.26,Y,Y,G,1.05,UpUp
10/11/13,34.496,1.01,18.8,12.0,1.57,G,G,G,1.17,UpUp
10/14/13,34.605,1.01,20.1,11.7,1.72,Y,Y,G,1.27,UpUp
10/15/13,34.411,1.0,16.4,11.1,1.48,Y,Y,Y,1.25,UpUp
10/16/13,34.707,1.02,20.8,11.0,1.89,Y,G,G,1.34,UpUp
10/17/13,34.978,1.04,24.3,10.3,2.35,G,G,G,1.43,UpUp
10/18/13,35.254,1.05,26.7,10.4,2.55,G,G,G,1.5,UpUp
10/21/13,35.259,1.04,24.8,10.5,2.37,G,Y,Y,1.52,UpUp
10/22/13,35.421,1.05,26.4,9.9,2.67,G,G,G,1.55,UpUp
10/23/13,35.275,1.03,23.8,10.2,2.33,Y,Y,Y,1.54,UpUp
10/24/13,35.428,1.04,25.1,10.3,2.44,G,Y,G,1.55,UpUp
10/25/13,35.479,1.04,25.9,10.7,2.42,G,Y,Y,1.55,UpUp
10/28/13,35.449,1.03,25.5,10.7,2.38,Y,Y,Y,1.55,UpUp
10/29/13,35.561,1.04,26.2,10.2,2.57,G,Y,Y,1.56,UpUp
10/30/13,35.336,1.02,23.0,11.3,2.03,Y,Y,Y,1.52,UpUp
10/31/13,35.21,1.01,21.5,12.4,1.73,Y,Y,Y,1.44,DnUp
11/1/13,35.166,1.0,20.7,12.9,1.61,Y,Y,Y,1.37,DnUp
11/4/13,35.35,1.02,24.6,11.9,2.07,Y,Y,Y,1.42,DnUp
11/5/13,35.26,1.02,21.3,11.8,1.8,Y,Y,Y,1.4,DnUp
11/6/13,35.242,1.01,22.4,12.4,1.8,R,Y,Y,1.38,DnUp
11/7/13,34.771,0.98,14.9,14.7,1.01,R,R,Y,1.21,DnUp
11/8/13,35.107,1.0,20.3,13.9,1.46,Y,Y,Y,1.22,DnUp
11/11/13,35.146,1.0,20.9,13.4,1.56,Y,Y,Y,1.24,DnUp
11/12/13,35.102,0.99,18.4,13.6,1.36,R,R,Y,1.22,DnUp
11/13/13,35.343,1.01,21.9,13.5,1.62,Y,G,Y,1.27,UpUp
11/14/13,35.448,1.01,23.3,13.5,1.73,Y,Y,G,1.32,UpUp
11/15/13,35.603,1.02,25.8,13.7,1.89,G,G,G,1.39,UpUp
11/18/13,35.451,1.0,23.6,14.6,1.62,Y,Y,Y,1.36,UpUp
11/19/13,35.297,0.98,19.3,14.7,1.31,Y,R,Y,1.28,UpUp
11/20/13,35.213,0.97,17.7,15.4,1.15,R,R,Y,1.2,DnUp
11/21/13,35.527,1.0,22.4,14.4,1.55,G,Y,Y,1.25,UpUp
11/22/13,35.672,1.0,24.0,14.6,1.65,G,Y,Y,1.31,UpUp
11/25/13,35.631,1.0,23.1,14.7,1.57,Y,Y,Y,1.32,UpUp
11/26/13,35.745,0.99,21.1,14.1,1.5,G,Y,Y,1.32,UpUp
11/27/13,35.859,1.0,22.6,13.4,1.68,Y,Y,G,1.36,UpUp
11/29/13,35.906,1.01,23.3,12.7,1.83,G,G,G,1.39,UpUp
12/2/13,35.704,0.98,19.6,14.4,1.36,Y,R,Y,1.31,UpUp
12/3/13,35.585,0.97,16.1,14.5,1.11,R,R,Y,1.22,DnUp
12/4/13,35.516,0.97,15.1,15.1,1.0,Y,Y,Y,1.15,DnUp
12/5/13,35.477,0.96,14.3,15.3,0.94,R,R,R,1.1,DnUp
12/6/13,35.739,0.98,19.3,15.0,1.28,Y,Y,G,1.14,DnUp
12/9/13,35.751,0.98,19.2,14.9,1.29,G,Y,Y,1.16,UpUp
12/10/13,35.64,0.97,16.0,14.2,1.13,Y,Y,Y,1.14,UpUp
12/11/13,35.233,0.94,11.7,16.5,0.71,R,R,R,1.04,C/Dn
12/12/13,35.196,0.94,11.3,17.2,0.66,R,Y,R,0.98,DnDn
12/13/13,35.264,0.94,12.2,16.6,0.74,Y,Y,Y,0.96,DnDn
12/16/13,35.514,0.97,15.4,15.8,0.98,Y,Y,Y,1.0,DnDn
12/17/13,35.457,0.96,13.8,15.0,0.92,R,R,R,1.01,DnUp
12/18/13,35.809,0.99,19.5,14.7,1.33,Y,Y,G,1.1,UpUp
12/19/13,35.702,0.98,18.0,15.1,1.2,Y,Y,Y,1.11,UpUp
12/20/13,36.012,1.0,21.9,14.3,1.53,G,Y,G,1.21,UpUp
12/23/13,36.265,1.01,22.4,13.8,1.62,G,G,G,1.29,UpUp
12/24/13,36.381,1.02,23.1,12.3,1.89,Y,G,G,1.37,UpUp
12/26/13,36.443,1.02,23.7,12.3,1.93,G,Y,G,1.42,C/Up
12/27/13,36.432,1.02,23.6,12.1,1.95,Y,Y,G,1.45,UpUp
12/30/13,36.451,1.01,22.7,12.6,1.81,G,Y,Y,1.44,UpUp
12/31/13,36.541,1.02,21.6,10.8,2.0,G,G,G,1.47,UpUp
1/2/14,36.191,1.01,17.4,10.5,1.66,R,Y,Y,1.39,DnUp
1/3/14,36.285,1.02,18.3,9.9,1.85,Y,Y,Y,1.39,DnUp
1/6/14,36.141,1.01,16.5,10.3,1.61,R,Y,Y,1.33,DnUp
1/7/14,36.379,1.02,17.4,8.9,1.95,Y,G,G,1.38,DnUp
1/8/14,36.384,1.02,17.7,9.4,1.89,Y,Y,Y,1.39,DnUp
1/9/14,36.406,1.02,17.8,9.7,1.82,Y,Y,Y,1.38,UpUp
1/10/14,36.594,1.03,18.9,9.5,1.99,G,G,G,1.42,UpUp
1/13/14,36.21,1.01,14.2,10.2,1.39,Y,Y,Y,1.3,UpUp
1/14/14,36.571,1.03,16.9,8.3,2.04,G,G,G,1.37,UpUp
1/15/14,36.729,1.04,19.0,8.3,2.29,G,G,G,1.42,UpUp
1/16/14,36.76,1.04,18.8,8.4,2.24,G,Y,Y,1.44,UpUp
1/17/14,36.668,1.04,17.4,8.8,1.97,Y,Y,Y,1.43,UpUp
1/21/14,36.793,1.05,17.8,7.3,2.43,G,G,G,1.44,UpUp
1/22/14,36.904,1.06,19.1,7.5,2.54,G,G,G,1.46,UpUp
1/23/14,36.637,1.04,16.2,8.3,1.94,Y,Y,Y,1.42,DnUp
1/24/14,35.944,0.99,10.2,10.8,0.95,Y,R,R,1.19,DnUp
1/27/14,35.65,0.98,8.7,11.8,0.74,R,R,R,1.03,DnUp
1/28/14,35.921,1.0,10.1,10.6,0.95,Y,Y,Y,1.0,DnUp
1/29/14,35.578,0.98,8.5,13.0,0.66,Y,R,R,0.92,DnDn
1/30/14,35.919,1.0,10.9,11.7,0.94,Y,Y,Y,0.94,DnDn
1/31/14,35.778,0.99,10.2,13.5,0.75,R,Y,R,0.92,C/Dn
2/3/14,35.01,0.94,6.8,18.9,0.36,R,R,R,0.8,DnDn
2/4/14,35.23,0.96,6.8,16.4,0.42,Y,Y,Y,0.77,DnDn
2/5/14,35.117,0.94,6.3,18.4,0.34,R,R,R,0.74,DnDn
2/6/14,35.43,0.96,7.4,16.1,0.46,Y,Y,Y,0.77,DnDn
2/7/14,35.798,0.99,9.6,14.6,0.66,Y,Y,Y,0.83,UpDn
2/10/14,35.871,1.01,13.0,13.7,0.95,Y,G,Y,0.9,UpDn
2/11/14,36.194,1.03,14.6,10.9,1.34,G,G,G,1.02,UpUp
2/12/14,36.259,1.03,14.5,10.9,1.34,Y,Y,Y,1.09,UpUp
2/13/14,36.538,1.05,17.2,10.3,1.67,G,G,G,1.23,UpUp
2/14/14,36.635,1.06,18.5,10.3,1.8,G,G,G,1.32,C/Up
2/18/14,36.847,1.06,18.4,9.0,2.05,G,Y,G,1.41,UpUp
2/19/14,36.617,1.04,16.6,10.6,1.57,Y,Y,Y,1.35,UpUp
2/20/14,36.845,1.05,19.3,10.1,1.91,G,G,G,1.4,UpUp
2/21/14,36.882,1.05,19.8,10.2,1.93,G,G,G,1.43,UpUp
2/24/14,37.081,1.06,21.1,9.6,2.19,G,Y,G,1.48,UpUp
2/25/14,37.046,1.06,19.9,9.8,2.03,Y,Y,Y,1.49,UpUp
2/26/14,37.119,1.06,21.4,9.9,2.17,G,Y,G,1.5,UpUp
2/27/14,37.289,1.08,23.4,9.2,2.55,G,G,G,1.51,UpUp
2/28/14,37.284,1.08,24.5,9.4,2.62,Y,Y,G,1.5,UpUp
3/3/14,37.077,1.05,20.4,10.3,1.99,Y,Y,Y,1.47,DnUp
3/4/14,37.679,1.09,26.8,8.0,3.36,G,G,G,1.51,UpUp
3/5/14,37.67,1.09,26.9,8.1,3.33,Y,Y,Y,1.52,UpUp
3/6/14,37.726,1.1,27.9,8.2,3.4,G,G,G,1.52,UpUp
3/7/14,37.669,1.09,26.5,8.5,3.1,Y,Y,Y,1.51,UpUp
3/10/14,37.594,1.07,24.1,8.9,2.7,Y,Y,Y,1.5,UpUp
3/11/14,37.355,1.05,17.9,9.3,1.92,Y,Y,Y,1.45,DnUp
3/12/14,37.41,1.05,18.7,9.8,1.91,Y,Y,Y,1.42,DnUp
3/13/14,37.02,1.02,15.0,11.6,1.29,Y,Y,Y,1.28,DnUp
3/14/14,37.046,1.03,15.6,11.5,1.36,Y,Y,Y,1.22,DnUp
3/17/14,37.283,1.05,20.0,10.5,1.9,Y,Y,Y,1.29,DnUp
3/18/14,37.586,1.06,22.6,9.2,2.45,G,G,G,1.37,UpUp
3/19/14,37.355,1.04,18.5,9.7,1.91,R,Y,Y,1.37,DnUp
3/20/14,37.391,1.05,19.8,10.2,1.95,G,G,G,1.38,UpUp
3/21/14,37.301,1.04,19.2,10.6,1.81,Y,Y,Y,1.35,UpUp
3/24/14,37.004,1.01,14.5,12.0,1.21,R,Y,Y,1.22,DnUp
3/25/14,37.07,1.01,14.8,11.9,1.24,Y,Y,Y,1.16,DnUp
3/26/14,36.719,0.98,11.5,14.6,0.79,R,R,R,1.04,C/Dn
3/27/14,36.666,0.97,11.3,15.7,0.72,Y,R,R,0.97,DnDn
3/28/14,36.774,0.98,13.1,15.7,0.83,Y,Y,Y,0.96,DnDn
3/31/14,37.14,1.02,19.7,12.8,1.53,Y,G,G,1.08,UpUp
4/1/14,37.472,1.03,23.4,11.0,2.12,G,G,G,1.25,UpUp
4/2/14,37.575,1.04,25.4,10.8,2.36,Y,G,G,1.35,UpUp
4/3/14,37.378,1.02,23.3,12.5,1.86,Y,Y,Y,1.35,UpUp
4/4/14,36.817,0.99,17.1,14.8,1.16,Y,R,Y,1.19,UpUp
4/7/14,36.406,0.95,12.2,17.4,0.7,R,R,R,1.02,DnUp
4/8/14,36.599,0.97,13.4,15.7,0.85,Y,Y,Y,0.97,DnDn
4/9/14,36.979,0.99,16.9,13.4,1.26,Y,Y,G,1.03,DnUp
4/10/14,36.3,0.95,11.3,17.4,0.65,R,R,R,0.92,DnDn
4/11/14,35.945,0.92,9.5,20.5,0.46,R,R,R,0.82,DnDn
4/14/14,36.079,0.94,11.8,19.8,0.6,Y,Y,Y,0.8,DnDn
4/15/14,36.13,0.94,11.6,19.5,0.59,Y,Y,R,0.79,DnDn
4/16/14,36.462,0.96,14.7,18.0,0.82,Y,Y,Y,0.84,DnDn
4/17/14,36.581,0.97,16.6,17.5,0.95,Y,Y,Y,0.89,UpDn
4/21/14,36.683,0.97,16.2,16.6,0.97,Y,Y,Y,0.93,UpDn
4/22/14,36.942,0.99,17.6,14.0,1.26,G,Y,G,1.01,UpUp
4/23/14,36.8,0.98,16.8,15.2,1.11,Y,Y,Y,1.02,UpUp
4/24/14,36.773,0.98,17.0,15.8,1.07,Y,Y,Y,1.02,UpUp
4/25/14,36.374,0.95,13.5,18.9,0.72,R,R,R,0.95,DnDn
4/28/14,36.295,0.94,13.8,20.3,0.68,R,R,R,0.9,DnDn
4/29/14,36.448,0.94,12.8,19.6,0.65,Y,Y,R,0.89,DnDn
4/30/14,36.551,0.95,14.3,19.5,0.73,Y,Y,Y,0.9,DnDn
5/1/14,36.589,0.95,14.4,19.7,0.73,Y,Y,Y,0.91,DnDn
5/2/14,36.628,0.95,14.7,19.3,0.76,Y,Y,Y,0.92,UpDn
5/5/14,36.656,0.95,14.4,19.5,0.74,Y,Y,Y,0.92,UpDn
5/6/14,36.352,0.92,10.8,21.4,0.5,R,R,R,0.87,DnDn
5/7/14,36.354,0.92,13.0,23.1,0.56,Y,Y,Y,0.85,DnDn
5/8/14,36.196,0.9,12.3,24.9,0.5,R,R,R,0.81,DnDn
5/9/14,36.284,0.91,11.9,23.9,0.5,Y,Y,Y,0.8,DnDn
5/12/14,36.779,0.95,16.1,20.3,0.79,G,Y,Y,0.88,UpDn
5/13/14,36.659,0.94,13.6,19.9,0.68,Y,Y,Y,0.89,UpDn
5/14/14,36.432,0.92,12.9,22.3,0.58,Y,Y,Y,0.86,UpDn
5/15/14,36.198,0.91,11.1,24.1,0.46,Y,Y,R,0.82,UpDn
5/16/14,36.334,0.92,12.5,23.6,0.53,G,Y,Y,0.82,UpDn
5/19/14,36.51,0.93,13.3,22.2,0.6,Y,Y,Y,0.84,DnDn
5/20/14,36.242,0.91,10.2,23.0,0.45,R,R,R,0.81,DnDn
5/21/14,36.429,0.92,11.6,22.1,0.52,Y,Y,Y,0.82,DnDn
5/22/14,36.607,0.93,13.2,21.1,0.63,G,Y,Y,0.85,UpDn
5/23/14,36.816,0.95,14.7,19.8,0.74,G,Y,Y,0.91,UpDn
5/27/14,37.075,0.95,15.5,18.7,0.83,G,Y,Y,0.98,UpDn
5/28/14,37.02,0.96,14.8,17.0,0.87,Y,Y,Y,1.0,UpDn
5/29/14,37.159,0.96,16.7,16.7,1.0,G,Y,Y,1.04,UpUp
5/30/14,37.108,0.96,16.4,17.4,0.94,Y,Y,Y,1.04,UpUp
6/2/14,37.146,0.96,15.5,18.5,0.83,G,Y,Y,1.03,UpUp
6/3/14,37.081,0.95,14.4,18.1,0.8,Y,Y,R,1.02,UpUp
6/4/14,37.182,0.95,15.1,18.1,0.83,G,Y,Y,1.03,UpUp
6/5/14,37.527,0.98,20.2,16.0,1.26,G,Y,G,1.13,C/Up
6/6/14,37.751,0.99,23.5,15.2,1.54,G,Y,G,1.23,UpUp
6/9/14,37.87,0.99,23.1,14.7,1.57,G,Y,G,1.29,UpUp
6/10/14,37.828,1.0,20.9,12.7,1.65,Y,Y,G,1.32,UpUp
6/11/14,37.737,0.99,18.3,12.7,1.44,Y,Y,Y,1.29,UpUp
6/12/14,37.591,0.98,15.7,12.9,1.22,Y,Y,Y,1.22,UpUp
6/13/14,37.666,0.99,16.6,12.7,1.31,Y,Y,Y,1.2,DnUp
6/16/14,37.721,0.99,17.7,13.1,1.36,Y,Y,Y,1.2,DnUp
6/17/14,37.861,1.01,18.5,10.8,1.71,G,G,G,1.27,UpUp
6/18/14,38.065,1.02,22.5,10.7,2.1,G,G,G,1.38,UpUp
6/19/14,38.105,1.03,23.9,10.7,2.23,G,G,G,1.43,UpUp
6/20/14,38.159,1.03,24.2,10.8,2.23,G,Y,Y,1.46,UpUp
6/23/14,38.131,1.02,21.7,11.0,1.97,Y,Y,Y,1.46,UpUp
6/24/14,37.907,1.01,16.6,10.3,1.61,Y,Y,Y,1.37,UpUp
6/25/14,38.076,1.01,18.8,10.4,1.81,G,Y,Y,1.37,UpUp
6/26/14,38.057,1.01,18.9,10.4,1.81,Y,Y,Y,1.37,DnUp
6/27/14,38.195,1.02,20.9,10.3,2.03,G,Y,Y,1.42,UpUp
6/30/14,38.279,1.03,22.1,10.2,2.16,G,G,G,1.45,UpUp
7/1/14,38.547,1.06,25.3,8.5,2.96,G,G,G,1.49,UpUp
7/2/14,38.475,1.05,24.4,8.3,2.92,Y,Y,Y,1.49,UpUp
7/3/14,38.627,1.06,26.8,8.3,3.22,G,G,G,1.5,UpUp
7/7/14,38.312,1.02,19.7,9.6,2.06,Y,Y,Y,1.47,UpUp
7/8/14,37.993,0.99,13.3,10.0,1.33,Y,R,Y,1.32,DnUp
7/9/14,38.099,1.0,14.9,10.2,1.45,Y,Y,Y,1.27,DnUp
7/10/14,37.867,0.98,12.3,11.4,1.08,R,R,Y,1.17,DnUp
7/11/14,37.878,0.98,12.1,11.6,1.05,Y,Y,Y,1.12,DnUp
7/14/14,38.037,1.0,15.3,10.6,1.44,Y,Y,Y,1.16,DnUp
7/15/14,37.86,0.99,12.4,10.5,1.18,R,Y,Y,1.13,DnUp
7/16/14,37.905,0.99,13.8,11.1,1.24,Y,Y,Y,1.12,DnUp
7/17/14,37.519,0.96,10.0,13.3,0.75,R,R,R,1.02,C/Dn
7/18/14,37.875,0.99,13.6,11.9,1.14,Y,Y,G,1.05,DnUp
7/21/14,37.799,0.98,12.8,11.9,1.07,R,R,Y,1.05,DnUp
7/22/14,38.002,0.99,14.0,10.5,1.33,Y,Y,G,1.1,UpUp
7/23/14,38.085,1.0,14.6,10.6,1.37,G,Y,G,1.14,UpUp
7/24/14,38.073,0.99,14.4,11.3,1.27,Y,Y,Y,1.14,UpUp
7/25/14,37.893,0.98,13.2,12.8,1.03,Y,R,Y,1.1,UpUp
7/28/14,37.847,0.97,12.6,13.3,0.94,Y,R,R,1.06,UpUp
7/29/14,37.786,0.97,10.6,12.6,0.84,R,Y,R,1.03,DnUp
7/30/14,37.813,0.97,10.7,13.0,0.83,Y,Y,R,1.01,DnUp
7/31/14,37.156,0.94,6.6,16.2,0.41,R,R,R,0.9,DnDn
8/1/14,37.04,0.93,6.1,17.9,0.34,R,R,R,0.84,DnDn
8/4/14,37.216,0.95,8.2,16.2,0.5,Y,Y,Y,0.84,DnDn
8/5/14,37.012,0.93,6.1,16.7,0.37,R,R,R,0.81,DnDn
8/6/14,37.072,0.94,6.5,16.4,0.4,Y,Y,Y,0.8,DnDn
8/7/14,36.88,0.93,6.2,18.0,0.35,R,R,R,0.77,DnDn
8/8/14,37.187,0.95,7.5,16.7,0.45,Y,Y,Y,0.79,UpDn
8/11/14,37.433,0.97,8.7,15.2,0.57,G,Y,Y,0.84,UpDn
8/12/14,37.317,0.95,7.1,15.6,0.46,Y,Y,Y,0.84,UpDn
8/13/14,37.547,0.96,8.4,15.2,0.55,G,Y,Y,0.87,UpDn
8/14/14,37.666,0.97,9.5,15.2,0.63,Y,Y,Y,0.91,UpDn
8/15/14,37.667,0.96,9.8,15.4,0.64,G,Y,Y,0.93,UpDn
8/18/14,37.99,0.98,11.4,14.4,0.79,G,Y,Y,1.0,UpDn
8/19/14,38.116,0.98,11.5,13.1,0.88,G,Y,Y,1.05,UpUp
8/20/14,38.103,0.98,11.7,13.8,0.84,Y,Y,Y,1.06,UpUp
8/21/14,38.154,0.98,12.3,13.7,0.9,G,Y,Y,1.07,UpUp
8/22/14,38.131,0.98,11.9,13.8,0.86,Y,Y,Y,1.07,UpUp
8/25/14,38.264,0.98,11.7,13.6,0.87,G,Y,Y,1.08,UpUp
8/26/14,38.4,0.98,11.9,12.2,0.98,G,Y,Y,1.11,UpUp
8/27/14,38.395,0.99,12.0,12.2,0.98,Y,Y,Y,1.12,UpUp
8/28/14,38.296,0.98,11.0,12.9,0.85,Y,Y,R,1.09,UpUp
8/29/14,38.446,0.99,12.5,12.3,1.02,G,Y,G,1.11,C/Up
9/2/14,38.516,0.99,13.2,12.6,1.05,G,Y,G,1.13,UpUp
9/3/14,38.463,0.98,13.0,13.3,0.98,Y,Y,R,1.11,UpUp
9/4/14,38.345,0.97,11.6,13.4,0.86,R,R,R,1.07,DnUp
9/5/14,38.425,0.98,12.7,13.3,0.96,G,Y,Y,1.07,UpUp
9/8/14,38.382,0.97,12.0,13.4,0.9,Y,R,R,1.05,DnUp
9/9/14,38.121,0.95,9.1,14.0,0.65,Y,R,R,0.99,DnDn
9/10/14,38.214,0.96,9.5,14.2,0.67,Y,Y,Y,0.97,DnDn
9/11/14,38.259,0.96,10.1,14.2,0.71,Y,Y,Y,0.96,DnDn
9/12/14,38.015,0.94,8.9,15.8,0.56,Y,R,R,0.92,DnDn
9/15/14,37.778,0.93,7.4,17.0,0.44,R,R,R,0.87,C/Dn
9/16/14,37.965,0.94,8.4,15.3,0.55,Y,Y,Y,0.87,DnDn
9/17/14,37.968,0.94,8.9,15.9,0.56,Y,Y,Y,0.88,DnDn
9/18/14,38.09,0.94,10.5,16.7,0.63,Y,Y,Y,0.9,DnDn
9/19/14,37.932,0.93,9.4,18.4,0.51,R,R,R,0.88,DnDn
9/22/14,37.528,0.9,7.1,21.0,0.34,R,R,R,0.82,DnDn
9/23/14,37.296,0.89,5.4,20.8,0.26,R,R,R,0.77,DnDn
9/24/14,37.531,0.9,6.8,20.2,0.33,Y,Y,Y,0.78,DnDn
9/25/14,37.048,0.88,4.9,23.3,0.21,R,R,R,0.73,DnDn
9/26/14,37.278,0.89,5.9,22.4,0.26,Y,Y,Y,0.73,DnDn
9/29/14,37.217,0.9,6.1,22.7,0.27,R,Y,Y,0.73,DnDn
9/30/14,37.005,0.89,5.7,22.6,0.25,R,Y,R,0.71,DnDn
10/1/14,36.551,0.87,4.5,27.3,0.17,R,R,R,0.66,DnDn
10/2/14,36.621,0.87,4.7,26.5,0.18,Y,Y,Y,0.65,DnDn
10/3/14,36.869,0.89,5.9,25.8,0.23,Y,Y,Y,0.67,DnDn
10/6/14,36.787,0.89,5.3,25.9,0.21,R,Y,R,0.68,DnDn
10/7/14,36.334,0.86,4.1,28.4,0.14,R,R,R,0.64,DnDn
10/8/14,36.767,0.89,5.5,26.0,0.21,Y,Y,Y,0.67,UpDn
10/9/14,36.091,0.84,4.0,32.8,0.12,R,R,R,0.62,DnDn
10/10/14,35.607,0.82,3.9,38.7,0.1,R,R,R,0.58,DnDn
10/13/14,35.274,0.83,3.9,39.9,0.1,R,Y,Y,0.55,DnDn
10/14/14,35.416,0.84,4.3,36.6,0.12,Y,Y,Y,0.55,DnDn
10/15/14,35.207,0.85,4.6,36.9,0.13,R,Y,Y,0.55,DnDn
10/16/14,35.433,0.87,4.9,33.6,0.15,Y,Y,Y,0.57,DnDn
10/17/14,35.458,0.88,4.8,30.6,0.16,Y,Y,Y,0.58,DnDn
10/20/14,35.768,0.9,5.6,28.7,0.2,Y,Y,Y,0.61,UpDn
10/21/14,36.317,0.94,7.3,21.9,0.33,G,Y,Y,0.68,UpDn
10/22/14,35.998,0.91,6.3,25.2,0.25,Y,Y,Y,0.69,UpDn
10/23/14,36.37,0.94,8.5,23.3,0.37,G,Y,Y,0.74,UpDn
10/24/14,36.511,0.95,9.7,23.5,0.41,G,Y,Y,0.79,UpDn
10/27/14,36.425,0.92,8.4,25.2,0.33,Y,Y,Y,0.8,UpDn
10/28/14,36.997,0.96,12.0,20.3,0.59,G,Y,Y,0.9,UpDn
10/29/14,36.915,0.95,11.9,20.9,0.57,Y,Y,Y,0.93,UpDn
10/30/14,37.1,0.96,14.1,21.1,0.67,G,Y,Y,0.97,UpDn
10/31/14,37.522,0.98,19.0,20.3,0.94,G,Y,Y,1.07,UpUp
11/3/14,37.482,0.96,16.8,21.5,0.78,Y,Y,Y,1.08,UpUp
11/4/14,37.338,0.95,15.8,21.5,0.73,Y,R,Y,1.06,UpUp
11/5/14,37.39,0.95,16.9,21.5,0.79,G,Y,Y,1.05,UpUp
11/6/14,37.534,0.96,18.6,22.0,0.84,G,Y,Y,1.07,UpUp
11/7/14,37.601,0.96,18.6,21.4,0.87,G,Y,Y,1.08,UpUp
11/10/14,37.718,0.96,19.7,21.3,0.93,G,Y,Y,1.1,UpUp
11/11/14,37.723,0.97,19.6,19.6,1.0,G,Y,Y,1.11,UpUp
11/12/14,37.757,0.97,20.4,19.8,1.03,G,Y,G,1.11,C/Up
11/13/14,37.625,0.96,18.8,21.2,0.89,Y,Y,R,1.08,UpUp
11/14/14,37.645,0.96,18.5,20.9,0.89,G,Y,Y,1.07,UpUp
11/17/14,37.533,0.95,16.9,21.7,0.78,Y,R,R,1.02,DnUp
11/18/14,37.704,0.96,18.9,19.4,0.97,Y,Y,Y,1.04,DnUp
11/19/14,37.56,0.94,16.9,20.5,0.82,Y,R,R,1.01,DnUp
11/20/14,37.712,0.96,19.0,19.4,0.98,G,Y,Y,1.03,UpUp
11/21/14,37.882,0.97,20.2,18.4,1.1,G,Y,G,1.07,UpUp
11/24/14,38.076,0.98,21.5,18.4,1.17,G,Y,G,1.12,UpUp
11/25/14,38.079,0.98,22.4,16.8,1.33,G,Y,G,1.16,UpUp
11/26/14,38.165,0.99,23.4,16.8,1.39,G,Y,G,1.2,UpUp
11/28/14,37.848,0.96,21.5,20.6,1.05,Y,Y,Y,1.13,UpUp
12/1/14,37.397,0.93,17.2,22.2,0.77,Y,R,R,1.02,DnUp
12/2/14,37.601,0.95,19.5,21.1,0.92,Y,Y,Y,1.01,DnUp
12/3/14,37.84,0.96,21.7,20.5,1.06,Y,Y,G,1.04,DnUp
12/4/14,37.77,0.95,21.4,21.4,1.0,Y,R,Y,1.04,DnUp
12/5/14,37.846,0.96,22.8,21.4,1.06,Y,Y,G,1.06,DnUp
12/8/14,37.503,0.93,19.4,24.2,0.8,Y,Y,R,1.0,UpUp
12/9/14,37.661,0.96,21.1,21.6,0.98,G,Y,Y,1.01,UpUp
12/10/14,37.097,0.92,14.6,24.2,0.6,R,R,R,0.93,C/Dn
12/11/14,37.184,0.93,16.4,24.8,0.66,Y,Y,Y,0.9,DnDn
12/12/14,36.747,0.9,12.1,27.0,0.45,R,R,R,0.83,DnDn
12/15/14,36.418,0.89,11.4,28.7,0.4,R,R,R,0.76,DnDn
12/16/14,36.316,0.89,10.0,27.9,0.36,Y,Y,R,0.72,DnDn
12/17/14,37.04,0.94,15.6,24.0,0.65,Y,Y,Y,0.8,DnDn
12/18/14,37.618,0.98,22.3,22.1,1.01,G,Y,G,0.95,UpDn
12/19/14,37.692,0.99,23.2,21.3,1.09,Y,Y,G,1.04,UpUp
12/22/14,37.799,0.97,22.5,22.3,1.01,Y,Y,Y,1.09,UpUp
12/23/14,37.833,0.98,23.1,20.6,1.12,G,Y,G,1.13,UpUp
12/24/14,37.882,0.99,23.4,20.3,1.15,G,Y,G,1.16,UpUp
12/26/14,38.042,1.0,24.4,19.8,1.23,G,Y,G,1.21,C/Up
12/29/14,38.074,0.99,23.8,20.3,1.17,G,Y,Y,1.22,UpUp
12/30/14,37.937,0.99,22.8,19.1,1.2,Y,Y,G,1.21,UpUp
12/31/14,37.755,0.98,19.1,18.9,1.01,Y,Y,Y,1.16,DnUp
1/2/15,37.68,0.99,17.9,17.8,1.0,Y,Y,Y,1.12,DnUp
1/5/15,37.2,0.96,13.4,20.7,0.65,Y,R,R,1.01,DnUp
1/6/15,36.803,0.93,9.2,22.1,0.42,Y,R,R,0.9,DnDn
1/7/15,37.147,0.95,12.1,21.2,0.57,Y,Y,Y,0.89,DnDn
1/8/15,37.662,0.98,16.3,18.8,0.87,Y,Y,Y,0.96,DnDn
1/9/15,37.462,0.97,14.7,19.8,0.74,R,R,R,0.96,C/Dn
1/12/15,37.27,0.96,13.8,21.2,0.65,Y,Y,Y,0.93,UpDn
1/13/15,37.226,0.94,11.3,21.4,0.53,Y,Y,Y,0.9,UpDn
1/14/15,37.07,0.93,10.8,22.9,0.47,R,R,R,0.87,DnDn
1/15/15,36.744,0.91,9.4,25.6,0.37,R,R,R,0.81,DnDn
1/16/15,37.193,0.94,12.0,23.0,0.52,Y,Y,Y,0.83,DnDn
1/20/15,37.182,0.94,10.8,21.8,0.5,R,Y,R,0.84,DnDn
1/21/15,37.267,0.94,11.0,21.7,0.51,G,Y,Y,0.85,UpDn
1/22/15,37.733,0.96,14.3,20.0,0.72,Y,Y,Y,0.94,UpDn
1/23/15,37.653,0.96,13.7,20.6,0.67,Y,Y,Y,0.96,UpDn
1/26/15,37.876,0.97,14.3,19.6,0.73,G,Y,Y,1.01,UpUp
1/27/15,37.665,0.96,13.1,18.0,0.73,Y,Y,Y,1.0,UpUp
1/28/15,37.251,0.93,11.4,21.9,0.52,Y,R,Y,0.93,DnDn
1/29/15,37.498,0.95,13.3,20.9,0.64,Y,Y,Y,0.92,DnDn
1/30/15,37.084,0.92,10.8,23.4,0.46,R,R,R,0.86,DnDn
2/2/15,37.369,0.95,12.6,20.1,0.63,Y,Y,Y,0.87,DnDn
2/3/15,37.846,0.99,14.8,14.8,1.0,G,Y,Y,0.98,UpDn
2/4/15,37.698,0.97,13.7,16.4,0.83,Y,Y,Y,0.99,UpDn
2/5/15,38.038,1.0,17.2,14.8,1.17,G,Y,G,1.08,UpUp
2/6/15,37.897,0.99,14.9,15.0,1.0,Y,Y,Y,1.07,UpUp
2/9/15,37.743,0.97,11.2,15.3,0.73,Y,Y,Y,1.02,UpUp
2/10/15,37.963,0.98,12.7,13.8,0.92,G,Y,Y,1.04,UpUp
2/11/15,37.923,0.97,12.9,15.1,0.85,Y,Y,Y,1.04,UpUp
2/12/15,38.273,1.0,16.6,13.7,1.22,G,Y,G,1.12,C/Up
2/13/15,38.436,1.01,19.3,12.9,1.49,G,G,G,1.21,UpUp
2/17/15,38.502,1.01,17.2,10.5,1.64,G,Y,G,1.28,UpUp
2/18/15,38.569,1.01,18.2,10.8,1.69,G,Y,G,1.32,UpUp
2/19/15,38.578,1.01,18.4,11.0,1.66,G,Y,Y,1.34,UpUp
2/20/15,38.733,1.01,20.3,11.6,1.75,G,Y,G,1.38,UpUp
2/23/15,38.719,1.0,18.3,12.6,1.45,Y,Y,Y,1.34,UpUp
2/24/15,38.802,1.02,20.6,10.8,1.91,G,G,G,1.39,UpUp
2/25/15,38.845,1.03,21.2,11.0,1.92,G,G,G,1.42,UpUp
2/26/15,38.831,1.02,20.9,11.3,1.85,Y,Y,Y,1.42,UpUp
2/27/15,38.753,1.02,20.4,11.4,1.79,Y,Y,Y,1.4,UpUp
3/2/15,38.935,1.03,22.7,11.9,1.91,G,G,G,1.43,UpUp
3/3/15,38.775,1.02,20.3,11.3,1.81,Y,Y,Y,1.4,DnUp
3/4/15,38.657,1.01,18.3,12.0,1.52,Y,Y,Y,1.33,DnUp
3/5/15,38.736,1.02,19.5,12.3,1.59,Y,Y,Y,1.3,DnUp
3/6/15,38.284,0.99,15.3,14.8,1.03,R,R,Y,1.17,DnUp
3/9/15,38.376,0.99,16.4,15.2,1.08,Y,Y,Y,1.12,DnUp
3/10/15,37.921,0.96,10.7,16.5,0.64,R,R,R,1.0,C/Dn
3/11/15,37.985,0.97,12.2,16.4,0.74,Y,Y,Y,0.96,DnDn
3/12/15,38.392,0.99,16.5,15.4,1.07,Y,Y,G,1.01,DnUp
3/13/15,38.229,0.98,14.9,16.8,0.89,R,R,R,1.0,DnUp
3/16/15,38.534,0.99,17.2,16.6,1.04,G,Y,G,1.04,UpUp
3/17/15,38.543,0.98,16.2,15.7,1.03,Y,Y,Y,1.06,UpUp
3/18/15,38.906,1.01,19.5,14.1,1.38,G,G,G,1.16,UpUp
3/19/15,38.854,1.0,18.2,14.8,1.22,Y,Y,Y,1.18,UpUp
3/20/15,39.202,1.02,22.3,14.2,1.57,Y,G,G,1.27,UpUp
3/23/15,39.15,1.02,20.9,13.4,1.56,Y,Y,Y,1.3,UpUp
3/24/15,39.052,1.02,19.9,11.9,1.68,Y,Y,G,1.32,UpUp
3/25/15,38.495,0.98,13.6,13.5,1.0,Y,R,Y,1.18,DnUp
3/26/15,38.42,0.98,12.8,13.8,0.93,R,Y,R,1.09,DnUp
3/27/15,38.55,0.98,14.1,14.2,0.99,Y,Y,Y,1.06,DnUp
3/30/15,38.904,1.0,19.2,13.9,1.38,Y,Y,G,1.13,DnUp
3/31/15,38.718,0.99,16.2,13.5,1.2,R,R,Y,1.12,DnUp
4/1/15,38.678,1.0,16.0,13.2,1.22,Y,Y,G,1.11,UpUp
4/2/15,38.802,1.01,18.7,13.3,1.41,Y,G,G,1.15,UpUp
4/6/15,39.006,1.02,20.4,12.2,1.67,G,G,G,1.22,UpUp
4/7/15,38.897,1.02,17.8,11.6,1.54,R,Y,Y,1.23,DnUp
4/8/15,39.114,1.03,20.3,11.3,1.79,Y,G,G,1.29,UpUp
4/9/15,39.139,1.03,20.6,11.3,1.83,G,Y,G,1.33,C/Up
4/10/15,39.25,1.04,21.8,11.1,1.97,G,G,G,1.38,UpUp
4/13/15,39.157,1.02,20.0,11.3,1.77,Y,Y,Y,1.36,UpUp
4/14/15,39.205,1.02,18.7,10.1,1.84,Y,Y,G,1.37,UpUp
4/15/15,39.411,1.04,22.3,9.4,2.37,G,G,G,1.42,UpUp
4/16/15,39.401,1.04,22.5,9.8,2.3,Y,Y,Y,1.44,UpUp
4/17/15,38.976,1.01,15.8,10.4,1.52,Y,Y,Y,1.32,DnUp
4/20/15,39.243,1.03,19.5,10.2,1.91,G,G,G,1.35,UpUp
4/21/15,39.274,1.03,18.2,9.6,1.89,G,Y,Y,1.36,UpUp
4/22/15,39.35,1.03,19.8,10.0,1.97,Y,Y,Y,1.39,DnUp
4/23/15,39.506,1.04,22.2,9.3,2.38,G,Y,G,1.42,UpUp
4/24/15,39.519,1.04,21.9,10.1,2.16,G,Y,Y,1.43,UpUp
4/27/15,39.306,1.02,19.1,10.9,1.76,Y,Y,Y,1.37,UpUp
4/28/15,39.371,1.01,17.8,10.2,1.74,G,Y,Y,1.34,UpUp
4/29/15,39.154,1.0,16.1,11.1,1.45,R,Y,Y,1.26,DnUp
4/30/15,38.682,0.97,12.7,13.7,0.92,Y,R,R,1.1,DnUp
5/1/15,38.938,0.98,14.5,13.2,1.1,Y,Y,G,1.07,DnUp
5/4/15,39.033,1.0,16.2,12.0,1.34,Y,Y,Y,1.1,DnUp
5/5/15,38.617,0.97,12.0,13.8,0.87,Y,R,R,1.01,DnUp
5/6/15,38.546,0.96,11.2,14.3,0.78,R,R,R,0.95,C/Dn
5/7/15,38.638,0.96,10.9,14.1,0.77,Y,Y,R,0.93,DnDn
5/8/15,38.988,0.98,14.4,13.3,1.08,G,Y,G,0.98,UpDn
5/11/15,38.902,0.98,13.2,13.6,0.97,R,Y,R,0.98,DnDn
5/12/15,38.805,0.98,12.4,13.1,0.95,Y,Y,Y,0.97,UpDn
5/13/15,38.801,0.98,13.9,13.4,1.04,Y,Y,G,0.98,UpDn
5/14/15,39.128,0.99,16.8,13.0,1.29,G,Y,G,1.04,UpUp
5/15/15,39.174,1.0,17.0,13.0,1.31,G,Y,G,1.08,C/Up
5/18/15,39.327,1.0,17.4,12.4,1.4,Y,Y,G,1.13,UpUp
5/19/15,39.284,0.98,15.2,12.6,1.21,Y,Y,Y,1.13,UpUp
5/20/15,39.314,0.99,15.5,12.9,1.2,G,Y,Y,1.13,UpUp
5/21/15,39.352,0.99,16.0,12.9,1.24,G,Y,Y,1.14,UpUp
5/22/15,39.287,0.98,14.7,13.2,1.11,Y,R,Y,1.12,UpUp
5/26/15,38.909,0.96,10.0,14.8,0.68,R,R,R,1.02,DnUp
5/27/15,39.183,0.97,11.7,12.7,0.93,Y,Y,Y,1.02,DnUp
5/28/15,39.108,0.97,11.2,13.2,0.85,Y,Y,R,1.0,DnUp
5/29/15,38.953,0.96,10.1,13.8,0.73,Y,R,R,0.96,DnDn
6/1/15,38.975,0.97,10.5,13.5,0.77,Y,Y,Y,0.95,DnDn
6/2/15,39.022,0.97,10.7,12.3,0.87,Y,Y,Y,0.96,UpDn
6/3/15,39.174,0.98,12.9,12.2,1.05,Y,Y,G,1.0,DnDn
6/4/15,38.876,0.96,10.3,13.6,0.76,R,R,R,0.96,C/Dn
6/5/15,38.947,0.97,11.4,13.6,0.84,Y,Y,Y,0.95,DnDn
6/8/15,38.757,0.96,9.8,14.7,0.67,R,R,R,0.91,DnDn
6/9/15,38.684,0.95,9.1,14.7,0.62,R,R,R,0.88,DnDn
6/10/15,39.068,0.97,12.1,13.3,0.91,Y,Y,Y,0.93,DnDn
6/11/15,39.141,0.97,12.5,13.4,0.93,Y,Y,Y,0.96,UpDn
6/12/15,39.011,0.97,11.9,14.0,0.85,Y,Y,Y,0.96,UpDn
6/15/15,38.849,0.96,10.5,14.7,0.71,Y,Y,Y,0.93,UpDn
6/16/15,38.981,0.97,11.1,13.5,0.83,Y,Y,Y,0.94,UpDn
6/17/15,39.021,0.97,11.1,13.6,0.81,Y,Y,R,0.95,DnDn
6/18/15,39.345,0.98,13.5,13.3,1.01,G,Y,G,1.01,C/Up
6/19/15,39.225,0.97,13.0,14.0,0.93,Y,Y,R,1.01,UpUp
6/22/15,39.428,0.99,14.5,13.5,1.07,G,Y,G,1.05,UpUp
6/23/15,39.502,0.99,14.9,12.3,1.21,G,Y,G,1.09,UpUp
6/24/15,39.223,0.97,12.5,13.4,0.93,Y,Y,R,1.04,UpUp
6/25/15,39.147,0.96,12.7,14.8,0.86,Y,R,R,1.0,DnUp
6/26/15,39.045,0.95,12.4,16.5,0.75,R,R,R,0.96,DnDn
6/29/15,38.232,0.9,7.4,21.3,0.35,Y,R,R,0.84,DnDn
6/30/15,38.412,0.92,8.0,19.1,0.42,Y,Y,Y,0.8,DnDn
7/1/15,38.524,0.92,9.5,20.7,0.46,Y,Y,Y,0.79,DnDn
7/2/15,38.457,0.91,8.4,21.2,0.4,R,R,R,0.78,C/Dn
7/6/15,38.288,0.91,8.6,23.2,0.37,R,Y,R,0.76,DnDn
7/7/15,38.349,0.91,7.8,23.0,0.34,G,Y,R,0.75,UpDn
7/8/15,37.809,0.87,6.3,29.0,0.22,R,R,R,0.69,DnDn
7/9/15,37.912,0.89,7.0,27.6,0.25,Y,Y,Y,0.68,DnDn
7/10/15,38.373,0.92,9.3,23.9,0.39,Y,Y,Y,0.72,DnDn
7/13/15,38.687,0.94,10.8,21.8,0.49,Y,Y,Y,0.78,UpDn
7/14/15,38.845,0.96,11.8,18.6,0.63,G,Y,Y,0.84,UpDn
7/15/15,38.683,0.94,11.1,21.5,0.52,Y,Y,Y,0.85,UpDn
7/16/15,38.903,0.95,12.8,21.5,0.6,G,Y,Y,0.89,UpDn
7/17/15,38.862,0.94,12.3,22.9,0.54,Y,Y,Y,0.91,UpDn
7/20/15,38.725,0.92,11.6,25.8,0.45,Y,R,R,0.9,UpDn
7/21/15,38.562,0.92,10.0,24.1,0.42,Y,Y,R,0.87,DnDn
7/22/15,38.537,0.92,11.2,26.0,0.43,R,Y,Y,0.85,DnDn
7/23/15,38.335,0.91,9.4,27.8,0.34,Y,R,R,0.82,DnDn
7/24/15,37.962,0.88,7.9,31.4,0.25,R,R,R,0.77,DnDn
7/27/15,37.677,0.88,7.0,33.0,0.21,R,Y,R,0.72,DnDn
7/28/15,37.991,0.9,7.4,28.7,0.26,Y,Y,Y,0.72,DnDn
7/29/15,38.206,0.91,8.6,26.9,0.32,Y,Y,Y,0.75,DnDn
7/30/15,38.266,0.91,9.6,27.5,0.35,Y,Y,Y,0.77,DnDn
7/31/15,38.36,0.92,10.8,27.6,0.39,Y,Y,Y,0.79,UpDn
8/3/15,38.197,0.9,9.8,29.7,0.33,Y,Y,Y,0.78,UpDn
8/4/15,38.2,0.9,9.2,28.1,0.33,G,Y,Y,0.78,UpDn
8/5/15,38.284,0.9,10.3,28.5,0.36,G,Y,Y,0.79,UpDn
8/6/15,37.931,0.89,8.6,30.6,0.28,R,R,R,0.76,DnDn
8/7/15,37.845,0.88,8.6,32.3,0.27,R,R,R,0.74,DnDn
8/10/15,38.223,0.91,10.0,27.9,0.36,G,Y,Y,0.77,UpDn
8/11/15,37.939,0.9,8.6,28.0,0.31,Y,Y,R,0.76,DnDn
8/12/15,37.875,0.9,8.2,28.3,0.29,Y,Y,R,0.75,DnDn
8/13/15,37.834,0.89,8.4,29.6,0.28,R,Y,Y,0.75,DnDn
8/14/15,37.985,0.9,9.9,29.1,0.34,Y,Y,Y,0.76,UpDn
8/17/15,38.177,0.9,10.6,28.0,0.38,Y,Y,Y,0.78,DnDn
8/18/15,37.996,0.9,9.5,27.7,0.34,Y,Y,Y,0.78,UpDn
8/19/15,37.723,0.88,8.6,30.3,0.28,R,R,R,0.75,DnDn
8/20/15,37.0,0.84,6.4,36.2,0.18,R,R,R,0.67,DnDn
8/21/15,36.274,0.81,4.9,42.2,0.12,R,R,R,0.59,DnDn
8/24/15,35.08,0.76,3.2,56.0,0.06,R,R,R,0.5,DnDn
8/25/15,34.946,0.77,2.9,56.4,0.05,R,Y,R,0.47,DnDn
8/26/15,35.677,0.8,3.6,46.2,0.08,Y,Y,Y,0.5,DnDn
8/27/15,36.301,0.85,4.0,37.7,0.11,Y,Y,Y,0.55,DnDn
8/28/15,36.452,0.87,4.2,34.6,0.12,Y,Y,Y,0.59,UpDn
8/31/15,36.289,0.87,4.3,35.4,0.12,Y,Y,Y,0.6,UpDn
9/1/15,35.514,0.83,3.4,41.8,0.08,Y,Y,Y,0.56,UpDn
9/2/15,35.937,0.85,4.2,37.9,0.11,G,Y,Y,0.56,UpDn
9/3/15,35.966,0.85,4.4,36.6,0.12,Y,Y,Y,0.57,DnDn
9/4/15,35.633,0.83,4.4,41.9,0.1,R,R,R,0.55,DnDn
9/8/15,36.273,0.88,5.0,33.0,0.15,Y,Y,Y,0.59,DnDn
9/9/15,35.979,0.87,4.7,31.4,0.15,Y,Y,Y,0.6,UpDn
9/10/15,36.076,0.87,4.8,30.2,0.16,G,Y,Y,0.63,UpDn
9/11/15,36.189,0.87,5.4,30.6,0.18,G,Y,Y,0.69,UpDn
9/14/15,36.048,0.86,5.0,33.4,0.15,Y,Y,Y,0.69,UpDn
9/15/15,36.319,0.88,5.5,27.3,0.2,G,Y,Y,0.74,UpDn
9/16/15,36.586,0.91,6.0,23.6,0.25,G,Y,Y,0.78,UpDn
9/17/15,36.67,0.92,6.4,23.1,0.28,G,Y,Y,0.81,UpDn
9/18/15,36.267,0.89,5.8,27.3,0.21,Y,Y,Y,0.76,UpDn
9/21/15,36.23,0.88,5.7,27.5,0.21,Y,Y,Y,0.73,UpDn
9/22/15,35.797,0.87,4.9,29.1,0.17,Y,R,R,0.69,DnDn
9/23/15,35.67,0.86,5.2,32.2,0.16,Y,R,R,0.66,DnDn
9/24/15,35.556,0.85,5.2,33.4,0.16,Y,R,Y,0.63,DnDn
9/25/15,35.328,0.84,4.8,36.3,0.13,R,R,R,0.6,DnDn
9/28/15,34.535,0.8,3.9,45.5,0.08,R,R,R,0.55,DnDn
9/29/15,34.392,0.8,3.6,43.9,0.08,R,Y,Y,0.53,DnDn
9/30/15,34.892,0.83,4.6,38.1,0.12,Y,Y,Y,0.55,DnDn
10/1/15,34.893,0.83,4.7,38.2,0.12,Y,Y,Y,0.56,DnDn
10/2/15,35.329,0.86,5.4,33.3,0.16,Y,Y,Y,0.6,UpDn
10/5/15,35.918,0.91,7.3,25.8,0.28,Y,Y,Y,0.67,UpDn
10/6/15,35.8,0.93,7.5,21.1,0.35,Y,Y,Y,0.7,UpDn
10/7/15,36.161,0.96,10.2,19.0,0.54,G,Y,Y,0.78,UpDn
10/8/15,36.44,0.98,13.6,17.3,0.78,G,Y,Y,0.91,UpDn
10/9/15,36.528,0.99,14.3,16.8,0.85,G,Y,Y,0.98,UpDn
10/12/15,36.545,0.96,11.3,18.5,0.61,G,Y,Y,0.99,UpDn
10/13/15,36.231,0.95,10.2,17.9,0.57,Y,Y,Y,0.95,UpDn
10/14/15,36.054,0.94,9.9,18.9,0.52,Y,R,R,0.9,DnDn
10/15/15,36.554,0.98,14.4,16.3,0.89,G,Y,Y,0.98,UpDn
10/16/15,36.602,0.98,15.2,16.7,0.91,G,Y,Y,1.03,UpUp
10/19/15,36.618,0.97,14.1,17.1,0.82,G,Y,Y,1.05,UpUp
10/20/15,36.585,0.98,15.6,15.7,0.99,Y,Y,Y,1.06,UpUp
10/21/15,36.288,0.95,12.3,18.0,0.68,Y,Y,Y,0.99,UpDn
10/22/15,36.587,0.97,17.3,18.1,0.96,G,Y,Y,1.02,UpUp
10/23/15,36.873,0.98,20.5,17.6,1.16,G,Y,G,1.08,C/Up
10/26/15,36.799,0.97,17.2,18.5,0.93,Y,Y,R,1.06,UpUp
10/27/15,36.567,0.95,14.9,19.5,0.77,R,R,R,1.0,DnUp
10/28/15,37.049,0.99,19.8,16.7,1.19,G,Y,G,1.08,UpUp
10/29/15,36.909,0.98,17.9,17.9,1.0,Y,Y,Y,1.07,UpUp
10/30/15,36.892,0.97,17.6,18.2,0.97,Y,R,R,1.06,UpUp
11/2/15,37.292,1.01,23.1,15.3,1.51,G,G,G,1.18,UpUp
11/3/15,37.38,1.03,26.4,12.9,2.05,Y,G,G,1.32,UpUp
11/4/15,37.328,1.03,25.0,13.7,1.83,Y,Y,Y,1.35,UpUp
11/5/15,37.278,1.02,24.9,15.6,1.6,Y,Y,Y,1.32,UpUp
11/6/15,37.285,1.02,24.2,16.0,1.51,G,Y,Y,1.29,UpUp
11/9/15,36.944,0.98,18.1,17.3,1.05,Y,R,Y,1.17,DnUp
11/10/15,36.959,0.99,19.7,17.0,1.16,Y,Y,Y,1.13,DnUp
11/11/15,36.82,0.98,18.7,18.7,1.0,R,R,Y,1.08,DnUp
11/12/15,36.349,0.94,12.9,21.7,0.59,R,R,R,0.97,DnDn
11/13/15,36.086,0.93,10.9,22.8,0.48,Y,R,R,0.88,DnDn
11/16/15,36.387,0.96,15.7,21.0,0.75,Y,Y,Y,0.9,DnDn
11/17/15,36.366,0.95,14.0,21.6,0.65,R,R,R,0.89,C/Dn
11/18/15,36.715,0.97,18.8,20.6,0.91,Y,Y,Y,0.95,DnDn
11/19/15,36.726,0.97,19.4,20.8,0.94,Y,Y,Y,0.98,UpDn
11/20/15,36.855,0.98,21.4,20.9,1.02,G,Y,G,1.02,UpUp
11/23/15,36.927,0.97,19.0,20.6,0.92,G,Y,R,1.04,UpUp
11/24/15,37.014,0.99,19.7,17.7,1.11,Y,Y,G,1.08,UpUp
11/25/15,37.133,1.0,20.7,17.1,1.21,G,Y,G,1.13,UpUp
11/27/15,37.217,1.0,21.6,17.0,1.27,G,Y,G,1.17,C/Up
11/30/15,37.094,0.99,19.9,17.2,1.16,Y,Y,Y,1.16,UpUp
12/1/15,37.298,1.0,21.9,15.8,1.39,G,Y,G,1.21,UpUp
12/2/15,37.006,0.98,17.2,18.0,0.96,R,R,R,1.14,DnUp
12/3/15,36.527,0.95,12.5,20.0,0.63,Y,R,R,1.02,DnUp
12/4/15,36.869,0.96,17.3,20.2,0.86,Y,Y,Y,1.02,DnUp
12/7/15,36.528,0.93,14.0,23.5,0.59,R,R,R,0.95,DnDn
12/8/15,36.356,0.92,11.1,23.1,0.48,Y,R,R,0.89,DnDn
12/9/15,36.11,0.91,8.8,23.7,0.37,R,R,R,0.83,C/Dn
12/10/15,36.163,0.91,9.2,23.7,0.39,Y,Y,Y,0.81,DnDn
12/11/15,35.567,0.87,6.5,29.2,0.22,R,R,R,0.73,DnDn
12/14/15,35.466,0.87,7.2,30.3,0.24,R,Y,Y,0.69,DnDn
12/15/15,35.786,0.9,8.5,26.8,0.32,Y,Y,Y,0.71,DnDn
12/16/15,36.211,0.94,12.4,23.6,0.53,Y,Y,Y,0.77,UpDn
12/17/15,35.91,0.92,9.8,26.0,0.38,R,Y,R,0.77,DnDn
12/18/15,35.475,0.9,7.8,28.0,0.28,R,Y,Y,0.72,DnDn
12/21/15,35.621,0.92,8.4,26.7,0.32,Y,Y,Y,0.71,UpDn
12/22/15,35.865,0.92,8.2,23.4,0.35,G,Y,Y,0.74,UpDn
12/23/15,36.241,0.96,10.1,19.9,0.51,G,Y,Y,0.81,UpDn
12/24/15,36.258,0.96,10.5,19.7,0.53,Y,Y,Y,0.84,UpDn
12/28/15,36.133,0.93,8.6,22.7,0.38,Y,Y,Y,0.84,UpDn
12/29/15,36.378,0.94,9.5,20.5,0.46,G,Y,Y,0.89,UpDn
12/30/15,36.153,0.92,8.2,22.7,0.36,Y,Y,Y,0.87,UpDn
12/31/15,35.998,0.91,6.9,22.7,0.31,Y,R,R,0.84,DnDn
1/4/16,35.438,0.89,5.1,26.2,0.19,R,R,R,0.76,DnDn
1/5/16,35.497,0.89,5.6,25.1,0.22,Y,Y,Y,0.73,DnDn
1/6/16,35.078,0.87,5.2,30.7,0.17,Y,R,R,0.68,DnDn
1/7/16,34.364,0.82,4.3,41.1,0.1,R,R,R,0.6,DnDn
1/8/16,34.006,0.8,3.9,46.4,0.08,R,R,R,0.55,DnDn
1/11/16,33.888,0.81,4.4,45.6,0.1,R,Y,Y,0.52,DnDn
1/12/16,34.001,0.81,4.3,43.4,0.1,Y,Y,Y,0.52,DnDn
1/13/16,33.259,0.77,3.0,54.1,0.06,R,R,R,0.47,DnDn
1/14/16,33.555,0.79,3.6,49.7,0.07,Y,Y,Y,0.48,DnDn
1/15/16,33.012,0.76,3.2,59.0,0.05,R,R,R,0.44,DnDn
1/19/16,32.937,0.76,3.1,55.9,0.06,R,Y,Y,0.43,DnDn
1/20/16,32.762,0.75,2.8,59.7,0.05,R,R,R,0.41,DnDn
1/21/16,32.828,0.77,2.9,58.1,0.05,Y,Y,Y,0.42,DnDn
1/22/16,33.411,0.82,3.6,47.8,0.08,Y,Y,Y,0.47,DnDn
1/25/16,32.997,0.78,3.3,54.7,0.06,R,Y,Y,0.48,DnDn
1/26/16,33.385,0.82,4.0,44.2,0.09,Y,Y,Y,0.51,UpDn
1/27/16,33.088,0.8,3.7,47.7,0.08,Y,Y,Y,0.52,UpDn
1/28/16,33.139,0.81,4.5,45.7,0.1,G,Y,Y,0.55,UpDn
1/29/16,33.87,0.87,6.5,36.9,0.18,G,Y,Y,0.65,UpDn
2/1/16,33.891,0.86,6.7,38.5,0.17,Y,Y,Y,0.7,UpDn
2/2/16,33.389,0.83,6.5,41.0,0.16,Y,Y,Y,0.67,UpDn
2/3/16,33.435,0.85,7.6,39.3,0.19,G,Y,Y,0.66,UpDn
2/4/16,33.539,0.87,8.5,36.8,0.23,G,Y,Y,0.67,UpDn
2/5/16,32.878,0.83,7.7,43.5,0.18,Y,R,Y,0.64,DnDn
2/8/16,32.374,0.8,7.1,49.1,0.14,R,R,R,0.59,DnDn
2/9/16,32.233,0.79,6.5,49.3,0.13,R,R,R,0.56,DnDn
2/10/16,32.304,0.79,6.5,49.7,0.13,Y,Y,Y,0.55,DnDn
2/11/16,31.996,0.77,6.2,55.2,0.11,Y,R,R,0.53,DnDn
2/12/16,32.434,0.8,6.4,48.7,0.13,Y,Y,Y,0.55,DnDn
2/16/16,32.98,0.86,7.0,35.8,0.19,Y,Y,Y,0.6,UpDn
2/17/16,33.503,0.9,8.3,30.0,0.28,Y,Y,Y,0.68,UpDn
2/18/16,33.411,0.9,8.9,31.0,0.29,Y,Y,Y,0.71,UpDn
2/19/16,33.462,0.9,9.1,31.0,0.29,G,Y,Y,0.74,UpDn
2/22/16,33.792,0.91,9.4,28.2,0.33,G,Y,Y,0.8,UpDn
2/23/16,33.522,0.89,9.4,28.1,0.33,Y,Y,Y,0.8,UpDn
2/24/16,33.681,0.9,10.5,26.9,0.39,G,Y,Y,0.83,UpDn
2/25/16,33.941,0.92,12.0,25.6,0.47,G,Y,Y,0.89,UpDn
2/26/16,34.007,0.93,11.9,23.3,0.51,G,Y,Y,0.92,UpDn
2/29/16,33.915,0.92,11.6,23.9,0.48,Y,Y,Y,0.92,UpDn
3/1/16,34.48,0.99,17.4,17.0,1.02,G,Y,G,1.05,C/Up
3/2/16,34.665,1.02,20.1,15.3,1.31,G,G,G,1.15,UpUp
3/3/16,34.893,1.04,25.2,14.2,1.78,G,G,G,1.29,UpUp
3/4/16,35.046,1.06,28.2,13.5,2.1,G,G,G,1.4,UpUp
3/7/16,35.189,1.06,27.7,11.9,2.32,G,Y,G,1.45,UpUp
3/8/16,34.739,1.02,21.8,12.4,1.77,Y,Y,Y,1.37,UpUp
3/9/16,34.852,1.03,24.9,12.4,2.0,G,G,G,1.39,UpUp
3/10/16,34.732,1.02,23.3,13.7,1.7,Y,Y,Y,1.33,DnUp
3/11/16,35.269,1.06,31.1,12.0,2.59,G,Y,G,1.41,UpUp
3/14/16,35.232,1.05,28.9,11.3,2.56,Y,Y,Y,1.45,UpUp
3/15/16,34.953,1.02,24.9,12.6,1.98,Y,Y,Y,1.43,UpUp
3/16/16,35.194,1.04,30.1,12.4,2.43,G,G,G,1.44,UpUp
3/17/16,35.495,1.07,35.0,11.8,2.98,G,G,G,1.49,UpUp
3/18/16,35.626,1.08,36.5,11.5,3.18,G,G,G,1.52,UpUp
3/21/16,35.64,1.07,34.4,10.8,3.18,G,Y,Y,1.52,UpUp
3/22/16,35.644,1.08,35.1,9.4,3.72,G,G,G,1.51,UpUp
3/23/16,35.254,1.04,29.7,11.4,2.59,Y,Y,Y,1.47,UpUp
3/24/16,35.232,1.04,28.6,11.3,2.53,Y,Y,Y,1.44,DnUp
3/28/16,35.275,1.04,30.9,11.7,2.64,Y,Y,Y,1.43,DnUp
3/29/16,35.739,1.1,38.4,9.4,4.06,G,G,G,1.48,UpUp
3/30/16,35.867,1.11,40.3,9.1,4.45,G,G,G,1.52,UpUp
3/31/16,35.889,1.11,40.5,8.7,4.64,G,Y,G,1.54,UpUp
4/1/16,35.999,1.11,39.5,8.6,4.58,G,Y,Y,1.55,UpUp
4/4/16,35.82,1.08,34.8,9.1,3.82,Y,Y,Y,1.53,UpUp
4/5/16,35.523,1.07,30.7,8.8,3.5,Y,Y,Y,1.49,DnUp
4/6/16,35.833,1.1,34.6,8.0,4.32,Y,Y,Y,1.5,DnUp
4/7/16,35.501,1.07,29.5,9.0,3.27,Y,Y,Y,1.48,DnUp
4/8/16,35.643,1.09,33.0,8.8,3.76,Y,Y,Y,1.48,DnUp
4/11/16,35.621,1.1,34.9,8.6,4.05,R,G,G,1.48,DnUp
4/12/16,35.918,1.13,37.5,7.3,5.14,G,G,G,1.51,UpUp
4/13/16,36.353,1.16,42.5,6.6,6.48,G,G,G,1.57,UpUp
4/14/16,36.315,1.16,41.6,6.8,6.16,Y,Y,Y,1.58,UpUp
4/15/16,36.347,1.16,42.3,6.7,6.34,G,Y,G,1.59,UpUp
4/18/16,36.541,1.15,41.7,7.0,5.97,Y,Y,Y,1.61,UpUp
4/19/16,36.667,1.16,42.0,6.5,6.43,G,G,G,1.62,UpUp
4/20/16,36.699,1.16,41.9,6.3,6.63,G,Y,G,1.62,UpUp
4/21/16,36.526,1.15,39.7,6.5,6.16,Y,Y,Y,1.6,UpUp
4/22/16,36.632,1.17,41.3,6.4,6.48,G,G,G,1.6,UpUp
4/25/16,36.497,1.14,38.9,6.7,5.84,R,Y,Y,1.58,DnUp
4/26/16,36.675,1.16,40.7,6.0,6.77,G,Y,G,1.59,UpUp
4/27/16,36.782,1.16,41.3,6.5,6.4,G,Y,Y,1.6,UpUp
4/28/16,36.493,1.14,38.0,7.0,5.4,R,Y,Y,1.56,DnUp
4/29/16,36.352,1.13,35.0,7.9,4.44,Y,Y,Y,1.53,DnUp
5/2/16,36.555,1.13,38.1,7.9,4.82,Y,Y,Y,1.52,UpUp
5/3/16,36.16,1.09,28.9,8.7,3.33,Y,Y,Y,1.48,DnUp
5/4/16,35.935,1.07,24.5,10.3,2.38,Y,Y,Y,1.44,DnUp
5/5/16,35.878,1.06,23.4,11.3,2.07,R,Y,Y,1.42,DnUp
5/6/16,35.981,1.07,25.5,12.0,2.13,Y,Y,Y,1.41,DnUp
5/9/16,35.995,1.07,26.2,11.4,2.3,Y,Y,Y,1.41,DnUp
5/10/16,36.318,1.06,24.3,10.8,2.25,G,Y,Y,1.43,UpUp
5/11/16,36.049,1.04,21.3,12.7,1.68,Y,Y,Y,1.36,UpUp
5/12/16,35.965,1.02,20.7,14.6,1.42,Y,Y,Y,1.27,UpUp
5/13/16,35.77,1.01,17.7,15.4,1.15,R,Y,Y,1.17,DnUp
5/16/16,36.07,1.04,22.1,13.7,1.61,G,Y,Y,1.21,UpUp
5/17/16,35.775,1.0,14.8,14.8,1.0,Y,Y,Y,1.11,DnUp
5/18/16,35.748,1.0,14.0,15.8,0.88,R,Y,R,1.04,DnUp
5/19/16,35.559,0.98,12.1,17.8,0.68,R,R,R,0.97,DnDn
5/20/16,35.876,1.01,15.0,15.7,0.95,Y,G,Y,0.99,UpDn
5/23/16,35.865,1.01,14.8,15.7,0.94,Y,Y,R,1.0,DnDn
5/24/16,36.317,1.02,16.2,13.8,1.17,G,G,G,1.08,UpUp
5/25/16,36.485,1.04,19.1,12.7,1.5,Y,G,G,1.19,UpUp
5/26/16,36.489,1.03,19.4,12.8,1.51,Y,Y,G,1.23,UpUp
5/27/16,36.663,1.04,21.3,12.6,1.69,G,G,G,1.3,UpUp
5/31/16,36.669,1.04,19.6,12.4,1.58,G,Y,Y,1.31,UpUp
6/1/16,36.794,1.04,19.5,11.3,1.72,G,Y,G,1.35,UpUp
6/2/16,36.955,1.05,21.1,11.0,1.93,G,G,G,1.41,UpUp
6/3/16,36.921,1.05,21.4,11.4,1.88,Y,Y,Y,1.42,UpUp
6/6/16,37.159,1.07,23.9,10.0,2.39,G,G,G,1.47,UpUp
6/7/16,37.26,1.08,23.8,9.2,2.59,G,G,G,1.5,UpUp
6/8/16,37.421,1.09,26.7,8.9,3.01,G,G,G,1.52,UpUp
6/9/16,37.301,1.07,24.5,10.2,2.4,Y,Y,Y,1.51,UpUp
6/10/16,36.848,1.03,18.4,12.4,1.48,R,Y,Y,1.37,DnUp
6/13/16,36.559,1.0,13.9,13.8,1.01,Y,Y,Y,1.2,DnUp
6/14/16,36.416,0.99,12.4,14.7,0.85,Y,R,R,1.08,DnUp
6/15/16,36.464,1.0,12.9,14.2,0.91,Y,Y,Y,1.03,DnUp
6/16/16,36.444,0.99,12.7,14.7,0.87,R,R,R,1.0,DnUp
6/17/16,36.4,1.0,13.4,14.7,0.91,R,Y,Y,0.98,C/Dn
6/20/16,36.709,1.03,16.3,12.5,1.31,G,G,G,1.05,UpUp
6/21/16,36.716,1.02,15.4,12.1,1.27,G,Y,Y,1.08,UpUp
6/22/16,36.659,1.01,14.3,12.8,1.12,Y,Y,Y,1.07,UpUp
6/23/16,37.142,1.05,20.8,11.6,1.79,Y,G,G,1.21,UpUp
6/24/16,35.981,0.97,11.3,17.9,0.63,R,R,R,1.01,DnUp
6/27/16,35.261,0.91,7.8,26.3,0.3,Y,R,R,0.82,DnDn
6/28/16,35.776,0.95,9.6,20.9,0.46,Y,Y,Y,0.79,DnDn
6/29/16,36.33,0.99,13.5,17.1,0.79,Y,Y,Y,0.86,DnDn
6/30/16,36.798,1.02,17.7,15.2,1.16,Y,G,G,1.0,DnDn
7/1/16,36.914,1.03,19.8,14.4,1.38,Y,G,G,1.11,UpUp
7/5/16,36.599,0.99,14.4,17.3,0.83,Y,R,R,1.06,UpUp
7/6/16,36.764,0.99,14.4,15.6,0.92,G,Y,Y,1.06,UpUp
7/7/16,36.754,0.99,14.7,15.6,0.94,Y,Y,Y,1.06,UpUp
7/8/16,37.305,1.03,20.8,12.6,1.64,G,G,G,1.22,UpUp
7/11/16,37.534,1.05,22.9,11.6,1.97,G,G,G,1.37,C/Up
7/12/16,37.802,1.07,27.6,8.7,3.18,G,G,G,1.47,UpUp
7/13/16,37.765,1.06,26.3,9.4,2.79,Y,Y,Y,1.5,UpUp
7/14/16,37.863,1.07,28.7,9.4,3.06,G,G,G,1.53,UpUp
7/15/16,37.84,1.07,28.5,9.4,3.02,Y,Y,Y,1.54,UpUp
7/18/16,37.927,1.06,26.4,9.2,2.86,G,Y,Y,1.55,UpUp
7/19/16,37.804,1.05,24.5,8.8,2.78,Y,Y,Y,1.53,UpUp
7/20/16,37.972,1.06,26.8,8.7,3.07,G,Y,G,1.52,UpUp
7/21/16,37.862,1.06,25.4,8.9,2.85,Y,Y,Y,1.5,DnUp
7/22/16,38.042,1.07,27.7,8.8,3.14,G,Y,G,1.51,UpUp
7/25/16,37.932,1.05,25.4,9.6,2.66,Y,Y,Y,1.5,UpUp
7/26/16,38.053,1.07,26.5,8.0,3.33,G,G,G,1.5,UpUp
7/27/16,38.066,1.07,25.6,8.2,3.14,G,Y,Y,1.5,UpUp
7/28/16,38.115,1.07,25.8,8.8,2.93,G,Y,Y,1.5,UpUp
7/29/16,38.224,1.07,27.4,8.8,3.12,G,Y,Y,1.5,UpUp
8/1/16,38.176,1.06,25.1,9.6,2.61,Y,Y,Y,1.49,UpUp
8/2/16,37.868,1.04,18.8,9.9,1.91,Y,Y,Y,1.44,DnUp
8/3/16,38.028,1.05,20.7,9.5,2.18,Y,Y,Y,1.44,DnUp
8/4/16,38.068,1.06,21.6,9.6,2.25,Y,Y,Y,1.44,DnUp
8/5/16,38.356,1.08,27.0,9.4,2.88,G,G,Y,1.47,UpUp
8/8/16,38.378,1.08,27.1,8.8,3.08,G,Y,G,1.48,UpUp
8/9/16,38.448,1.08,27.3,8.8,3.11,G,Y,G,1.49,UpUp
8/10/16,38.336,1.07,25.7,10.0,2.57,Y,Y,Y,1.48,UpUp
8/11/16,38.49,1.08,28.2,9.7,2.91,G,G,G,1.49,UpUp
8/12/16,38.473,1.08,27.6,9.8,2.83,Y,Y,Y,1.49,UpUp
8/15/16,38.672,1.09,29.6,9.2,3.22,G,G,G,1.51,UpUp
8/16/16,38.47,1.07,24.8,9.1,2.72,Y,Y,Y,1.49,UpUp
8/17/16,38.426,1.07,24.1,9.9,2.44,Y,Y,Y,1.47,UpUp
8/18/16,38.595,1.08,27.7,9.3,2.98,G,Y,G,1.48,UpUp
8/19/16,38.546,1.07,26.3,9.6,2.73,Y,Y,Y,1.47,UpUp
8/22/16,38.577,1.07,25.3,9.3,2.72,Y,Y,Y,1.47,DnUp
8/23/16,38.69,1.08,26.1,8.6,3.04,G,G,G,1.47,UpUp
8/24/16,38.446,1.05,22.9,10.0,2.3,Y,Y,Y,1.45,UpUp
8/25/16,38.456,1.05,22.9,9.9,2.31,Y,Y,Y,1.43,DnUp
8/26/16,38.378,1.05,21.3,10.3,2.06,R,Y,Y,1.42,DnUp
8/29/16,38.536,1.06,24.1,9.8,2.46,Y,Y,Y,1.42,DnUp
8/30/16,38.492,1.06,23.0,9.0,2.54,Y,Y,Y,1.42,DnUp
8/31/16,38.388,1.05,21.4,10.0,2.14,R,Y,Y,1.41,DnUp
9/1/16,38.444,1.05,22.0,9.9,2.21,Y,Y,Y,1.41,DnUp
9/2/16,38.689,1.07,26.1,9.4,2.78,Y,G,G,1.43,UpUp
9/6/16,38.844,1.08,27.3,8.5,3.2,G,G,G,1.45,UpUp
9/7/16,38.955,1.09,27.2,7.7,3.51,G,G,G,1.46,UpUp
9/8/16,38.88,1.09,26.7,7.6,3.49,Y,Y,Y,1.46,UpUp
9/9/16,37.984,1.02,14.5,10.6,1.37,R,Y,Y,1.28,DnUp
9/12/16,38.346,1.06,19.0,9.3,2.04,Y,Y,Y,1.33,DnUp
9/13/16,37.796,1.01,11.7,11.6,1.01,Y,Y,Y,1.15,DnUp
9/14/16,37.78,1.01,11.5,12.4,0.93,Y,Y,R,1.05,DnUp
9/15/16,38.103,1.03,14.6,11.8,1.24,Y,Y,G,1.07,DnUp
9/16/16,38.024,1.02,13.6,12.6,1.08,Y,Y,Y,1.05,UpUp
9/19/16,38.137,1.03,14.9,11.8,1.26,Y,Y,Y,1.07,DnUp
9/20/16,38.118,1.01,11.6,11.5,1.01,Y,Y,Y,1.04,UpUp
9/21/16,38.509,1.04,15.8,10.1,1.57,G,G,G,1.14,UpUp
9/22/16,38.853,1.07,20.3,9.1,2.22,G,G,G,1.29,UpUp
9/23/16,38.658,1.05,17.6,9.9,1.78,Y,Y,Y,1.31,UpUp
9/26/16,38.42,1.02,12.2,11.1,1.1,Y,Y,Y,1.19,UpUp
9/27/16,38.553,1.01,11.4,10.4,1.09,G,Y,Y,1.14,UpUp
9/28/16,38.755,1.03,13.9,9.8,1.41,G,Y,Y,1.18,UpUp
9/29/16,38.439,1.01,11.0,10.9,1.01,Y,Y,Y,1.11,DnUp
9/30/16,38.714,1.03,14.1,10.5,1.35,G,Y,Y,1.15,UpUp
10/3/16,38.612,1.02,13.4,10.8,1.23,Y,Y,Y,1.14,UpUp
10/4/16,38.406,1.0,10.7,11.6,0.93,Y,Y,R,1.07,DnUp
10/5/16,38.578,1.01,13.8,11.4,1.21,Y,Y,G,1.08,DnUp
10/6/16,38.522,1.0,13.7,12.6,1.09,Y,Y,Y,1.07,UpUp
10/7/16,38.324,0.99,12.4,13.7,0.9,Y,R,R,1.02,DnUp
10/10/16,38.568,1.01,14.3,11.7,1.22,Y,G,G,1.05,DnUp
10/11/16,38.097,0.98,9.2,12.8,0.72,R,R,R,0.97,C/Dn
10/12/16,38.109,0.97,9.1,13.4,0.68,Y,R,R,0.92,DnDn
10/13/16,37.939,0.96,7.3,14.4,0.51,R,R,R,0.87,DnDn
10/14/16,37.924,0.95,7.8,15.0,0.52,R,R,Y,0.84,DnDn
10/17/16,37.827,0.95,7.7,15.1,0.51,R,Y,R,0.82,DnDn
10/18/16,38.043,0.97,8.4,12.8,0.65,Y,Y,Y,0.84,DnDn
10/19/16,38.144,0.98,10.0,12.4,0.81,G,Y,Y,0.88,UpDn
10/20/16,38.075,0.98,9.8,12.5,0.79,Y,Y,Y,0.89,UpDn
10/21/16,38.048,0.98,9.9,13.3,0.74,Y,Y,Y,0.89,UpDn
10/24/16,38.192,0.98,10.5,13.2,0.79,Y,Y,Y,0.91,UpDn
10/25/16,38.01,0.96,7.6,13.3,0.57,R,R,R,0.88,DnDn
10/26/16,37.824,0.95,7.3,15.4,0.47,Y,R,R,0.84,DnDn
10/27/16,37.59,0.93,7.2,18.5,0.39,R,R,R,0.79,DnDn
10/28/16,37.533,0.92,6.9,19.8,0.35,R,R,R,0.76,DnDn
10/31/16,37.581,0.93,7.3,19.2,0.38,Y,Y,Y,0.76,DnDn
11/1/16,37.332,0.92,5.6,19.7,0.29,R,R,R,0.74,DnDn
11/2/16,37.04,0.89,4.9,23.0,0.21,R,R,R,0.7,DnDn
11/3/16,36.87,0.88,5.2,25.8,0.2,R,R,R,0.67,DnDn
11/4/16,36.876,0.89,5.5,25.8,0.21,Y,Y,Y,0.66,DnDn
11/7/16,37.494,0.94,8.4,20.7,0.4,Y,Y,Y,0.72,DnDn
11/8/16,37.618,0.95,8.8,19.0,0.46,Y,Y,Y,0.77,UpDn
11/9/16,38.081,0.98,12.9,16.3,0.79,Y,Y,Y,0.88,UpDn
11/10/16,38.193,1.0,16.2,17.4,0.93,Y,Y,Y,0.96,UpDn
11/11/16,38.414,1.02,19.1,17.8,1.07,G,G,G,1.05,UpUp
11/14/16,38.564,0.99,18.1,18.7,0.97,G,R,R,1.09,UpUp
11/15/16,38.793,1.01,19.7,14.7,1.34,G,G,G,1.17,C/Up
11/16/16,38.754,1.01,19.4,14.8,1.31,Y,Y,Y,1.19,UpUp
11/17/16,38.897,1.02,21.0,15.3,1.37,G,G,G,1.23,UpUp
11/18/16,38.892,1.02,21.4,15.6,1.37,Y,Y,Y,1.24,UpUp
11/21/16,39.133,1.02,21.6,14.6,1.48,G,Y,G,1.29,UpUp
11/22/16,39.308,1.03,23.1,13.1,1.76,G,G,G,1.36,UpUp
11/23/16,39.38,1.03,24.3,13.4,1.81,G,Y,G,1.41,UpUp
11/25/16,39.521,1.04,24.9,13.1,1.9,G,G,G,1.46,UpUp
11/28/16,39.298,1.01,21.0,14.0,1.49,Y,Y,Y,1.38,UpUp
11/29/16,39.324,1.01,21.1,13.1,1.61,G,Y,G,1.36,UpUp
11/30/16,39.201,1.01,21.4,14.0,1.53,Y,Y,Y,1.31,DnUp
12/1/16,38.983,0.99,21.0,16.0,1.31,Y,R,Y,1.23,DnUp
12/2/16,39.013,0.99,20.8,15.7,1.32,Y,Y,Y,1.19,DnUp
12/5/16,39.391,1.03,24.3,13.9,1.75,G,G,G,1.27,UpUp
12/6/16,39.634,1.04,25.5,12.2,2.1,G,G,G,1.37,UpUp
12/7/16,39.986,1.06,28.3,11.9,2.38,G,G,G,1.45,UpUp
12/8/16,40.259,1.08,30.3,11.5,2.63,G,G,G,1.51,UpUp
12/9/16,40.308,1.08,31.1,11.6,2.67,G,Y,G,1.53,UpUp
12/12/16,40.116,1.04,26.3,12.8,2.06,Y,Y,Y,1.52,UpUp
12/13/16,40.239,1.04,27.3,11.5,2.37,G,Y,G,1.52,UpUp
12/14/16,39.872,1.01,23.8,13.2,1.8,Y,Y,Y,1.45,DnUp
12/15/16,39.948,1.02,24.7,13.8,1.8,Y,Y,Y,1.42,DnUp
12/16/16,39.909,1.01,24.7,14.1,1.75,Y,Y,Y,1.39,DnUp
12/19/16,39.988,1.03,26.0,13.8,1.89,Y,Y,Y,1.41,DnUp
12/20/16,40.161,1.04,27.4,12.5,2.19,Y,Y,Y,1.45,DnUp
12/21/16,40.056,1.03,26.7,12.8,2.08,Y,Y,Y,1.46,UpUp
12/22/16,39.858,1.02,24.9,13.9,1.78,R,Y,Y,1.41,DnUp
12/23/16,39.987,1.03,25.6,13.1,1.95,G,G,G,1.42,UpUp
12/27/16,40.091,1.04,26.7,12.5,2.13,G,G,G,1.43,UpUp
12/28/16,39.792,1.02,22.6,11.9,1.9,R,Y,Y,1.4,DnUp
12/29/16,39.829,1.03,23.0,11.2,2.05,Y,Y,Y,1.4,DnUp
12/30/16,39.723,1.02,21.7,11.8,1.85,R,Y,Y,1.37,DnUp
1/3/17,39.966,1.05,25.1,10.0,2.5,Y,G,G,1.4,DnUp
1/4/17,40.392,1.09,29.5,7.6,3.9,G,G,G,1.45,UpUp
1/5/17,40.289,1.08,28.5,7.6,3.74,Y,Y,Y,1.46,UpUp
1/6/17,40.282,1.08,28.6,7.8,3.64,Y,Y,Y,1.46,UpUp
1/9/17,40.117,1.06,23.6,8.3,2.85,Y,Y,Y,1.45,UpUp
1/10/17,40.285,1.07,25.4,7.2,3.52,G,G,G,1.46,UpUp
1/11/17,40.367,1.08,26.7,7.6,3.51,Y,Y,Y,1.47,DnUp
1/12/17,40.219,1.07,24.6,7.8,3.17,R,Y,Y,1.46,DnUp
1/13/17,40.375,1.08,26.6,7.6,3.48,G,Y,Y,1.47,UpUp
1/17/17,40.174,1.06,21.6,7.2,3.02,Y,Y,Y,1.45,UpUp
1/18/17,40.244,1.06,23.4,7.5,3.12,Y,Y,Y,1.45,DnUp
1/19/17,40.065,1.05,19.5,8.7,2.25,R,Y,Y,1.43,DnUp
1/20/17,40.186,1.06,22.4,8.3,2.7,Y,Y,Y,1.43,DnUp
1/23/17,40.165,1.06,22.3,8.8,2.55,Y,Y,Y,1.42,DnUp
1/24/17,40.566,1.08,27.6,7.8,3.55,G,G,G,1.45,UpUp
1/25/17,40.855,1.1,31.3,7.5,4.15,G,G,G,1.49,UpUp
1/26/17,40.774,1.09,30.0,8.3,3.63,Y,Y,Y,1.49,UpUp
1/27/17,40.752,1.09,28.6,8.8,3.27,Y,Y,Y,1.48,UpUp
1/30/17,40.437,1.05,21.5,9.5,2.27,Y,Y,Y,1.45,UpUp
1/31/17,40.536,1.05,18.9,8.7,2.18,Y,Y,Y,1.44,DnUp
2/1/17,40.545,1.05,19.8,9.1,2.17,Y,Y,Y,1.43,DnUp
2/2/17,40.544,1.05,19.3,9.3,2.08,R,Y,Y,1.42,DnUp
2/3/17,40.874,1.07,24.4,9.0,2.71,G,Y,Y,1.45,UpUp
2/6/17,40.736,1.06,22.1,9.5,2.33,Y,Y,Y,1.45,UpUp
2/7/17,40.675,1.02,16.5,9.8,1.68,Y,Y,Y,1.38,UpUp
2/8/17,40.691,1.02,16.7,10.3,1.61,G,Y,Y,1.33,UpUp
2/9/17,40.966,1.04,19.1,9.4,2.03,Y,Y,Y,1.4,UpUp
2/10/17,41.169,1.06,21.9,8.8,2.48,G,Y,Y,1.45,UpUp
2/13/17,41.314,1.06,24.6,8.7,2.82,G,Y,G,1.47,UpUp
2/14/17,41.374,1.06,23.6,7.9,3.0,G,Y,G,1.48,UpUp
2/15/17,41.55,1.07,25.9,7.9,3.27,G,G,G,1.5,UpUp
2/16/17,41.507,1.06,25.3,8.6,2.94,Y,Y,Y,1.49,UpUp
2/17/17,41.534,1.06,24.8,8.4,2.96,G,Y,G,1.49,UpUp
2/21/17,41.761,1.06,26.3,7.7,3.39,G,Y,G,1.51,UpUp
2/22/17,41.695,1.05,25.6,9.1,2.81,Y,Y,Y,1.5,UpUp
2/23/17,41.574,1.04,24.6,9.9,2.49,Y,Y,Y,1.48,UpUp
2/24/17,41.566,1.04,23.4,11.0,2.13,Y,Y,Y,1.47,UpUp
2/27/17,41.681,1.05,24.7,9.6,2.57,G,Y,Y,1.47,UpUp
2/28/17,41.397,1.02,18.7,11.1,1.68,Y,Y,Y,1.39,DnUp
3/1/17,41.893,1.05,25.4,10.3,2.47,G,Y,Y,1.45,UpUp
3/2/17,41.585,1.02,20.9,12.0,1.74,Y,Y,Y,1.39,UpUp
3/3/17,41.612,1.02,21.9,12.3,1.78,G,Y,Y,1.37,UpUp
3/6/17,41.431,1.01,19.5,13.4,1.46,Y,Y,Y,1.29,DnUp
3/7/17,41.276,1.0,16.0,13.5,1.19,R,Y,Y,1.2,DnUp
3/8/17,41.142,0.98,14.4,15.3,0.94,Y,R,R,1.11,DnUp
3/9/17,41.035,0.97,13.8,16.5,0.84,R,R,R,1.04,DnUp
3/10/17,41.182,0.98,15.9,16.2,0.98,Y,Y,Y,1.04,DnUp
3/13/17,41.302,1.01,18.5,14.4,1.28,Y,G,G,1.08,DnUp
3/14/17,41.137,0.99,14.8,15.0,0.98,R,R,R,1.05,C/Dn
3/15/17,41.573,1.02,20.2,12.9,1.56,G,G,G,1.15,UpUp
3/16/17,41.615,1.03,21.0,12.4,1.69,Y,G,G,1.22,UpUp
3/17/17,41.697,1.03,21.8,12.7,1.72,G,Y,G,1.27,UpUp
3/20/17,41.603,1.02,19.6,13.2,1.49,Y,Y,Y,1.25,UpUp
3/21/17,40.995,0.97,13.0,15.6,0.83,R,R,R,1.1,DnUp
3/22/17,40.999,0.97,13.6,17.0,0.8,Y,Y,R,1.02,DnUp
3/23/17,41.077,0.98,14.3,15.9,0.9,Y,Y,Y,1.0,DnUp
3/24/17,41.093,0.98,15.4,15.9,0.97,Y,Y,Y,1.0,DnUp
3/27/17,41.136,1.0,16.2,14.9,1.09,Y,Y,G,1.02,DnUp
3/28/17,41.353,1.0,15.5,12.7,1.23,Y,Y,G,1.06,UpUp
3/29/17,41.463,1.01,16.0,11.3,1.41,G,G,G,1.12,UpUp
3/30/17,41.575,1.02,16.7,11.2,1.48,G,G,G,1.17,UpUp
3/31/17,41.605,1.02,17.2,11.2,1.54,G,Y,G,1.2,UpUp
4/3/17,41.412,1.0,14.7,12.8,1.15,Y,Y,Y,1.14,UpUp
4/4/17,41.387,0.99,12.9,12.1,1.07,Y,R,Y,1.1,UpUp
4/5/17,41.182,0.97,11.7,13.9,0.84,Y,R,R,1.03,DnUp
4/6/17,41.355,0.99,12.9,12.7,1.02,Y,Y,G,1.03,DnUp
4/7/17,41.352,0.99,13.3,12.9,1.03,Y,Y,Y,1.03,DnUp
4/10/17,41.42,1.0,13.5,11.9,1.13,G,Y,Y,1.05,C/Up
4/11/17,41.504,1.0,13.0,10.4,1.25,G,Y,G,1.09,UpUp
4/12/17,41.261,0.99,11.5,12.2,0.94,Y,Y,R,1.04,UpUp
4/13/17,41.01,0.97,10.2,14.0,0.73,R,R,R,0.97,C/Dn
4/17/17,41.329,0.99,13.2,12.8,1.04,Y,Y,G,1.0,DnDn
4/18/17,41.282,0.98,11.6,12.6,0.93,Y,R,R,0.99,DnDn
4/19/17,41.34,0.98,11.6,13.1,0.88,Y,Y,R,0.99,DnDn
4/20/17,41.633,1.0,14.4,12.5,1.16,G,Y,G,1.05,C/Up
4/21/17,41.566,1.0,14.1,13.1,1.08,Y,Y,Y,1.06,UpUp
4/24/17,41.98,1.01,17.5,12.0,1.46,G,G,G,1.16,UpUp
4/25/17,42.225,1.02,19.7,10.7,1.83,G,G,G,1.28,UpUp
4/26/17,42.279,1.03,20.6,10.6,1.94,G,G,G,1.35,UpUp
4/27/17,42.285,1.02,20.9,11.8,1.77,G,Y,Y,1.36,UpUp
4/28/17,42.133,1.01,19.1,12.2,1.56,Y,Y,Y,1.31,UpUp
5/1/17,42.223,1.0,18.0,12.7,1.42,G,Y,Y,1.27,UpUp
5/2/17,42.217,0.99,16.4,12.4,1.32,Y,R,Y,1.24,DnUp
5/3/17,42.051,0.98,15.1,13.9,1.09,Y,R,Y,1.17,DnUp
5/4/17,42.015,0.97,15.6,16.1,0.97,Y,R,R,1.12,DnUp
5/5/17,42.21,0.98,17.4,14.7,1.18,G,Y,G,1.13,UpUp
5/8/17,42.149,0.98,16.5,14.7,1.12,Y,Y,Y,1.12,DnUp
5/9/17,42.165,0.98,15.6,13.8,1.14,Y,Y,Y,1.12,DnUp
5/10/17,42.244,0.99,16.8,13.4,1.25,G,Y,G,1.14,UpUp
5/11/17,42.112,0.98,15.7,14.0,1.12,Y,Y,Y,1.12,UpUp
5/12/17,42.027,0.98,15.6,15.3,1.02,Y,Y,Y,1.08,DnUp
5/15/17,42.273,0.99,17.4,13.7,1.27,G,Y,G,1.11,UpUp
5/16/17,42.291,0.99,17.2,12.8,1.34,G,Y,G,1.14,UpUp
5/17/17,41.607,0.95,11.7,16.4,0.71,Y,R,R,1.02,DnUp
5/18/17,41.694,0.95,11.6,16.6,0.7,Y,Y,R,0.97,DnDn
5/19/17,41.953,0.97,14.4,15.2,0.95,Y,Y,Y,0.99,DnDn
5/22/17,42.177,0.99,16.3,14.7,1.1,Y,Y,G,1.04,DnUp
5/23/17,42.193,1.0,16.3,13.2,1.23,Y,Y,Y,1.08,DnUp
5/24/17,42.291,1.0,17.4,13.6,1.28,G,Y,G,1.12,UpUp
5/25/17,42.383,1.0,18.8,14.5,1.3,G,Y,G,1.15,UpUp
5/26/17,42.389,1.0,19.1,14.6,1.3,G,Y,Y,1.17,UpUp
5/30/17,42.265,0.98,16.9,16.0,1.06,Y,R,Y,1.13,UpUp
5/31/17,42.274,0.98,16.1,16.0,1.0,G,Y,Y,1.1,UpUp
6/1/17,42.687,1.0,20.3,14.0,1.45,G,Y,G,1.19,UpUp
6/2/17,42.897,1.02,22.5,14.1,1.59,G,G,G,1.27,UpUp
6/5/17,42.768,0.99,19.3,14.8,1.31,Y,R,Y,1.24,UpUp
6/6/17,42.68,0.99,17.1,13.7,1.25,Y,Y,Y,1.21,UpUp
6/7/17,42.745,0.99,17.5,14.6,1.2,G,Y,Y,1.19,UpUp
6/8/17,42.895,1.0,18.7,14.5,1.28,G,Y,Y,1.21,UpUp
6/9/17,42.839,1.0,18.5,13.8,1.34,Y,Y,Y,1.21,DnUp
6/12/17,42.787,1.0,16.3,13.5,1.21,Y,Y,Y,1.18,UpUp
6/13/17,43.001,1.01,17.8,11.6,1.54,G,G,G,1.24,UpUp
6/14/17,42.907,1.0,17.0,13.3,1.28,Y,Y,Y,1.21,UpUp
6/15/17,42.726,0.98,14.8,14.9,0.99,Y,R,R,1.14,DnUp
6/16/17,42.718,0.98,15.7,15.1,1.04,R,Y,G,1.11,DnUp
6/19/17,42.994,1.0,19.0,14.2,1.34,G,Y,G,1.16,UpUp
6/20/17,42.675,0.98,13.4,14.8,0.9,Y,R,R,1.1,DnUp
6/21/17,42.629,0.97,13.3,16.0,0.83,R,R,R,1.05,DnUp
6/22/17,42.68,0.98,14.0,14.9,0.94,Y,Y,Y,1.04,DnUp
6/23/17,42.827,1.0,16.0,13.6,1.17,Y,Y,G,1.08,UpUp
6/26/17,42.881,1.0,15.9,12.7,1.25,Y,Y,Y,1.11,DnUp
6/27/17,42.569,0.99,12.2,11.7,1.04,R,Y,Y,1.07,DnUp
6/28/17,42.976,1.01,16.2,10.7,1.52,Y,G,G,1.16,UpUp
6/29/17,42.678,1.0,13.3,11.2,1.19,R,Y,Y,1.13,DnUp
6/30/17,42.75,1.0,13.8,10.9,1.27,Y,Y,G,1.13,DnUp
7/3/17,42.859,1.01,15.8,10.5,1.5,Y,G,G,1.17,DnUp
7/5/17,42.83,1.0,14.5,10.0,1.44,Y,Y,Y,1.18,UpUp
7/6/17,42.46,0.98,11.1,11.6,0.96,R,R,R,1.09,DnUp
7/7/17,42.748,0.99,14.3,11.2,1.28,Y,Y,G,1.1,UpUp
7/10/17,42.703,0.99,14.0,11.4,1.23,R,Y,Y,1.1,DnUp
7/11/17,42.766,0.99,12.9,10.8,1.2,Y,Y,Y,1.1,DnUp
7/12/17,43.073,1.01,16.4,10.2,1.61,G,G,G,1.19,UpUp
7/13/17,43.099,1.02,17.0,10.1,1.69,Y,G,G,1.24,UpUp
7/14/17,43.271,1.03,18.8,9.3,2.03,G,G,G,1.34,UpUp
7/17/17,43.302,1.02,17.7,9.5,1.87,Y,Y,Y,1.36,UpUp
7/18/17,43.308,1.01,15.8,8.8,1.8,G,Y,Y,1.36,UpUp
7/19/17,43.592,1.03,18.5,8.1,2.27,G,G,G,1.41,UpUp
7/20/17,43.609,1.03,18.8,8.3,2.28,G,Y,G,1.43,UpUp
7/21/17,43.579,1.02,18.1,9.1,1.99,Y,Y,Y,1.43,UpUp
7/24/17,43.616,1.02,18.0,9.6,1.88,G,Y,Y,1.42,UpUp
7/25/17,43.74,1.03,19.2,8.1,2.37,G,G,G,1.44,UpUp
7/26/17,43.714,1.03,18.5,8.7,2.14,Y,Y,Y,1.44,UpUp
7/27/17,43.539,1.01,16.4,9.3,1.76,Y,Y,Y,1.38,DnUp
7/28/17,43.526,1.01,16.7,10.1,1.65,R,Y,Y,1.33,DnUp
7/31/17,43.487,1.01,16.4,10.4,1.58,Y,Y,Y,1.29,DnUp
8/1/17,43.592,1.01,16.5,9.7,1.71,Y,Y,Y,1.29,DnUp
8/2/17,43.413,0.99,15.3,11.5,1.33,R,R,Y,1.22,DnUp
8/3/17,43.338,0.98,14.3,12.8,1.12,R,R,Y,1.15,DnUp
8/4/17,43.405,0.99,15.4,13.3,1.16,Y,Y,Y,1.12,DnUp
8/7/17,43.464,1.0,16.6,13.2,1.26,Y,Y,Y,1.12,DnUp
8/8/17,43.35,0.99,15.0,13.2,1.14,R,R,Y,1.1,DnUp
8/9/17,43.16,0.98,13.1,14.9,0.88,R,R,R,1.04,C/Dn
8/10/17,42.56,0.94,9.2,17.7,0.52,R,R,R,0.93,DnDn
8/11/17,42.633,0.94,9.5,17.8,0.53,Y,Y,Y,0.88,DnDn
8/14/17,43.044,0.98,12.7,15.5,0.82,Y,Y,Y,0.92,DnDn
8/15/17,42.896,0.96,10.6,15.8,0.67,R,R,R,0.91,DnDn
8/16/17,42.998,0.97,11.9,16.1,0.74,Y,Y,Y,0.92,DnDn
8/17/17,42.467,0.94,8.6,18.8,0.46,R,Y,R,0.86,DnDn
8/18/17,42.433,0.94,9.4,18.8,0.5,R,Y,Y,0.83,DnDn
8/21/17,42.43,0.95,9.5,19.3,0.49,R,Y,R,0.82,DnDn
8/22/17,42.756,0.96,10.2,17.1,0.6,Y,Y,Y,0.85,DnDn
8/23/17,42.699,0.96,10.8,17.2,0.63,R,Y,Y,0.86,DnDn
8/24/17,42.705,0.97,11.3,16.7,0.68,Y,Y,Y,0.87,UpDn
8/25/17,42.794,0.98,12.5,16.3,0.77,Y,Y,Y,0.89,UpDn
8/28/17,42.83,0.98,12.5,16.6,0.75,Y,Y,Y,0.9,UpDn
8/29/17,42.842,0.98,11.8,14.9,0.79,G,Y,Y,0.92,UpDn
8/30/17,43.035,0.99,13.2,14.6,0.91,Y,Y,Y,0.96,UpDn
8/31/17,43.36,1.01,15.7,13.6,1.15,G,G,G,1.05,C/Up
9/1/17,43.513,1.02,17.3,12.7,1.36,G,G,G,1.13,UpUp
9/5/17,43.221,1.0,14.4,14.5,1.0,Y,Y,Y,1.08,UpUp
9/6/17,43.32,1.01,14.4,12.3,1.17,G,G,G,1.09,UpUp
9/7/17,43.334,1.01,15.8,13.6,1.16,G,Y,Y,1.09,UpUp
9/8/17,43.345,1.01,15.6,14.0,1.12,Y,Y,Y,1.09,DnUp
9/11/17,43.724,1.03,18.2,12.1,1.51,G,G,G,1.18,UpUp
9/12/17,43.844,1.03,18.4,10.0,1.84,G,G,G,1.28,UpUp
9/13/17,43.846,1.04,18.0,10.0,1.81,G,Y,Y,1.32,UpUp
9/14/17,43.805,1.04,18.1,10.3,1.76,Y,Y,Y,1.33,UpUp
9/15/17,43.898,1.04,19.5,10.2,1.91,G,Y,G,1.36,UpUp
9/18/17,44.045,1.04,19.0,10.4,1.82,G,Y,Y,1.37,UpUp
9/19/17,44.051,1.04,18.5,9.6,1.93,G,Y,G,1.39,UpUp
9/20/17,44.113,1.04,19.1,9.4,2.02,G,Y,G,1.41,UpUp
9/21/17,44.01,1.03,18.4,9.9,1.85,Y,Y,Y,1.38,UpUp
9/22/17,44.112,1.04,19.8,9.6,2.07,G,Y,G,1.4,UpUp
9/25/17,44.008,1.03,18.2,9.4,1.93,Y,Y,Y,1.39,DnUp
9/26/17,44.053,1.03,17.8,8.5,2.1,G,Y,G,1.4,UpUp
9/27/17,44.355,1.05,21.8,8.0,2.74,G,G,G,1.43,UpUp
9/28/17,44.428,1.05,22.2,8.5,2.62,G,Y,Y,1.44,UpUp
9/29/17,44.576,1.06,23.2,8.4,2.78,G,G,G,1.45,UpUp
10/2/17,44.819,1.06,24.4,7.6,3.2,G,Y,G,1.47,UpUp
10/3/17,44.94,1.06,24.5,7.0,3.52,G,Y,G,1.48,UpUp
10/4/17,44.956,1.06,24.5,7.1,3.47,G,Y,Y,1.48,UpUp
10/5/17,45.09,1.07,25.7,7.0,3.65,G,G,G,1.49,UpUp
10/6/17,45.077,1.07,25.2,7.3,3.43,Y,Y,Y,1.49,UpUp
10/9/17,44.974,1.05,23.1,8.0,2.89,Y,Y,Y,1.48,UpUp
10/10/17,45.103,1.06,24.3,6.9,3.55,G,Y,G,1.48,UpUp
10/11/17,45.181,1.06,24.9,7.6,3.28,G,Y,Y,1.49,UpUp
10/12/17,45.158,1.06,24.1,8.1,2.96,Y,Y,Y,1.49,UpUp
10/13/17,45.19,1.06,25.1,8.4,2.98,G,Y,Y,1.49,UpUp
10/16/17,45.182,1.05,24.8,8.7,2.86,Y,Y,Y,1.48,UpUp
10/17/17,45.083,1.05,22.2,8.0,2.77,Y,Y,Y,1.47,DnUp
10/18/17,45.188,1.05,23.8,8.5,2.82,G,Y,Y,1.47,UpUp
10/19/17,45.13,1.04,22.9,8.9,2.58,R,Y,Y,1.46,DnUp
10/20/17,45.29,1.05,25.3,8.9,2.83,G,Y,Y,1.46,UpUp
10/23/17,45.095,1.03,22.3,9.8,2.26,R,Y,Y,1.44,DnUp
10/24/17,45.179,1.04,22.6,9.6,2.35,G,Y,Y,1.44,UpUp
10/25/17,44.943,1.02,20.3,10.5,1.92,Y,Y,Y,1.41,DnUp
10/26/17,45.024,1.02,21.7,11.9,1.83,Y,Y,Y,1.38,DnUp
10/27/17,45.298,1.03,23.7,11.7,2.02,G,Y,Y,1.41,UpUp
10/30/17,45.111,1.01,20.3,11.6,1.76,Y,Y,Y,1.37,UpUp
10/31/17,45.322,1.03,21.8,10.8,2.02,G,Y,Y,1.41,UpUp
11/1/17,45.265,1.02,20.6,11.4,1.8,Y,Y,Y,1.39,UpUp
11/2/17,45.277,1.02,21.6,12.4,1.75,G,Y,Y,1.37,UpUp
11/3/17,45.363,1.02,21.6,13.0,1.66,G,Y,Y,1.35,UpUp
11/6/17,45.484,1.03,23.1,12.3,1.88,G,G,G,1.38,UpUp
11/7/17,45.215,1.01,18.2,13.1,1.39,Y,Y,Y,1.29,DnUp
11/8/17,45.306,1.01,19.0,13.7,1.39,G,Y,Y,1.25,UpUp
11/9/17,45.114,1.0,17.0,14.2,1.2,Y,Y,Y,1.19,DnUp
11/10/17,45.067,1.0,17.1,14.6,1.17,Y,Y,Y,1.15,DnUp
11/13/17,45.08,1.0,17.2,15.0,1.15,Y,Y,Y,1.13,DnUp
11/14/17,45.013,0.98,14.2,16.1,0.88,R,R,R,1.08,C/Dn
11/15/17,44.838,0.97,12.3,16.5,0.75,Y,R,R,1.02,DnUp
11/16/17,45.243,1.0,15.7,15.4,1.02,G,Y,G,1.05,UpUp
11/17/17,45.321,1.01,16.9,14.5,1.16,G,G,Y,1.09,UpUp
11/20/17,45.42,1.01,18.3,13.9,1.31,G,Y,G,1.14,UpUp
11/21/17,45.724,1.02,18.9,12.9,1.46,Y,G,G,1.22,UpUp
11/22/17,45.737,1.02,19.3,12.2,1.58,G,Y,G,1.26,UpUp
11/24/17,45.82,1.03,19.8,12.3,1.61,G,G,G,1.29,C/Up
11/27/17,45.709,1.01,17.2,13.3,1.29,Y,Y,Y,1.25,UpUp
11/28/17,46.049,1.02,20.6,12.5,1.64,G,G,G,1.31,UpUp
11/29/17,46.022,1.02,21.0,13.1,1.6,Y,Y,Y,1.32,UpUp
11/30/17,46.192,1.02,23.0,12.9,1.79,G,Y,G,1.37,UpUp
12/1/17,46.073,1.02,21.9,12.9,1.7,Y,Y,Y,1.36,UpUp
12/4/17,45.96,1.0,20.5,13.8,1.49,Y,Y,Y,1.31,UpUp
12/5/17,45.705,0.98,14.4,14.0,1.03,Y,R,Y,1.19,DnUp
12/6/17,45.587,0.96,13.3,15.7,0.85,R,R,R,1.1,DnUp
12/7/17,45.799,0.98,14.8,15.4,0.97,Y,Y,Y,1.08,DnUp
12/8/17,45.914,0.98,16.6,14.9,1.11,Y,Y,G,1.09,DnUp
12/11/17,45.978,0.99,16.7,14.3,1.17,G,Y,Y,1.11,UpUp
12/12/17,45.913,0.98,14.3,13.7,1.05,Y,Y,Y,1.1,UpUp
12/13/17,46.012,0.99,14.7,12.9,1.14,Y,Y,G,1.11,UpUp
12/14/17,45.818,0.97,12.3,14.2,0.86,Y,R,R,1.06,UpUp
12/15/17,46.169,0.99,16.3,13.4,1.22,G,Y,G,1.11,UpUp
12/18/17,46.528,1.01,20.2,12.7,1.6,G,G,G,1.22,UpUp
12/19/17,46.345,0.99,16.3,12.2,1.33,Y,R,Y,1.21,UpUp
12/20/17,46.357,1.0,17.3,11.8,1.47,G,Y,G,1.22,UpUp
12/21/17,46.461,1.01,18.7,11.2,1.67,G,G,G,1.27,UpUp
12/22/17,46.451,1.01,18.3,11.3,1.62,Y,Y,Y,1.28,UpUp
12/26/17,46.483,1.0,17.4,11.0,1.58,Y,Y,Y,1.28,DnUp
12/27/17,46.515,1.0,16.1,9.9,1.63,G,Y,G,1.29,UpUp
12/28/17,46.636,1.01,17.1,9.4,1.82,G,G,G,1.33,UpUp
12/29/17,46.484,1.0,15.5,10.1,1.54,Y,Y,Y,1.29,UpUp
1/2/18,46.869,1.03,20.1,8.6,2.34,G,G,G,1.38,UpUp
1/3/18,47.088,1.04,22.1,7.4,2.99,G,G,G,1.43,UpUp
1/4/18,47.184,1.05,24.4,7.2,3.37,G,G,G,1.46,UpUp
1/5/18,47.416,1.06,25.9,7.1,3.65,G,G,G,1.49,UpUp
1/8/18,47.455,1.05,24.5,7.8,3.13,G,Y,Y,1.49,UpUp
1/9/18,47.47,1.04,24.2,7.6,3.21,G,Y,G,1.49,UpUp
1/10/18,47.365,1.04,22.7,8.0,2.84,Y,Y,Y,1.48,UpUp
1/11/18,47.814,1.07,28.4,7.3,3.91,G,G,G,1.51,UpUp
1/12/18,48.047,1.07,30.6,7.6,4.01,G,Y,G,1.53,UpUp
1/16/18,47.81,1.05,24.9,7.2,3.45,Y,Y,Y,1.51,UpUp
1/17/18,48.184,1.06,28.3,7.4,3.82,G,G,G,1.53,UpUp
1/18/18,48.044,1.05,26.3,8.0,3.3,Y,Y,Y,1.53,UpUp
1/19/18,48.401,1.07,30.4,8.1,3.73,G,Y,Y,1.55,UpUp
1/22/18,48.626,1.08,31.9,7.3,4.35,G,G,G,1.57,UpUp
1/23/18,48.808,1.08,32.2,6.6,4.84,G,Y,G,1.59,UpUp
1/24/18,48.683,1.08,31.8,7.2,4.41,Y,Y,Y,1.58,UpUp
1/25/18,48.677,1.07,31.2,7.7,4.04,Y,Y,Y,1.57,UpUp
1/26/18,48.997,1.08,33.8,7.7,4.39,G,G,G,1.58,UpUp
1/29/18,48.65,1.05,28.8,8.8,3.28,Y,Y,Y,1.55,UpUp
1/30/18,48.2,1.02,22.5,9.3,2.43,Y,Y,Y,1.5,DnUp
1/31/18,48.143,1.01,21.6,10.2,2.11,R,Y,Y,1.47,DnUp
2/1/18,48.124,1.01,22.4,11.3,1.97,R,Y,Y,1.44,DnUp
2/2/18,47.257,0.96,12.9,15.0,0.86,Y,R,R,1.21,DnUp
2/5/18,45.822,0.91,7.0,20.2,0.34,R,R,R,0.94,DnDn
2/6/18,46.371,0.93,8.3,18.1,0.46,Y,Y,Y,0.86,DnDn
2/7/18,46.224,0.93,7.6,19.0,0.4,R,Y,R,0.81,C/Dn
2/8/18,44.937,0.87,4.4,27.0,0.16,R,R,R,0.67,DnDn
2/9/18,45.223,0.88,5.1,25.7,0.2,Y,Y,Y,0.63,DnDn
2/12/18,45.705,0.93,7.5,20.5,0.37,Y,Y,Y,0.66,DnDn
2/13/18,45.814,0.93,7.6,19.0,0.4,Y,Y,Y,0.69,DnDn
2/14/18,46.467,0.97,11.4,16.8,0.68,Y,Y,Y,0.78,UpDn
2/15/18,46.896,0.99,14.1,15.7,0.9,Y,Y,Y,0.87,UpDn
2/16/18,46.992,0.99,14.5,15.6,0.93,G,Y,Y,0.93,UpDn
2/20/18,46.746,0.95,9.9,17.0,0.59,Y,Y,Y,0.91,UpDn
2/21/18,46.687,0.95,10.5,17.5,0.6,Y,Y,Y,0.9,UpDn
2/22/18,46.6,0.95,10.1,18.2,0.55,Y,Y,R,0.88,UpDn
2/23/18,47.124,0.97,13.0,16.6,0.78,G,Y,Y,0.97,UpDn
2/26/18,47.413,0.99,15.4,15.7,0.98,G,Y,Y,1.07,UpUp
2/27/18,46.874,0.95,11.3,17.6,0.64,Y,Y,Y,1.01,UpUp
2/28/18,46.44,0.93,9.5,21.3,0.45,R,R,R,0.92,DnDn
3/1/18,46.088,0.92,8.5,22.3,0.38,R,R,R,0.85,DnDn
3/2/18,46.41,0.94,10.4,20.2,0.52,Y,Y,Y,0.84,DnDn
3/5/18,46.783,0.97,12.2,18.0,0.68,Y,Y,Y,0.88,DnDn
3/6/18,47.078,0.98,13.1,15.3,0.86,G,Y,Y,0.94,UpDn
3/7/18,47.198,0.99,14.3,15.8,0.9,Y,Y,Y,0.98,UpDn
3/8/18,47.27,0.99,14.5,16.0,0.9,Y,Y,Y,1.01,UpUp
3/9/18,47.864,1.02,19.0,14.8,1.28,G,G,G,1.13,UpUp
3/12/18,47.956,1.01,17.7,14.2,1.24,G,Y,Y,1.18,UpUp
3/13/18,47.718,0.99,15.1,14.0,1.08,Y,R,Y,1.15,UpUp
3/14/18,47.57,0.98,13.6,15.4,0.88,Y,R,R,1.1,UpUp
3/15/18,47.437,0.97,13.4,17.1,0.78,Y,R,R,1.05,UpUp
3/16/18,47.578,0.98,14.4,16.4,0.88,Y,Y,Y,1.05,DnUp
3/19/18,47.115,0.96,11.9,18.5,0.64,Y,R,R,0.98,DnDn
3/20/18,47.163,0.96,11.7,18.5,0.63,Y,Y,R,0.94,DnDn
3/21/18,47.263,0.97,12.8,17.1,0.75,Y,Y,Y,0.94,DnDn
3/22/18,46.36,0.93,8.7,21.6,0.4,R,R,R,0.85,DnDn
3/23/18,45.602,0.9,7.4,26.3,0.28,R,R,R,0.74,DnDn
3/26/18,46.423,0.95,10.4,21.3,0.49,Y,Y,Y,0.77,DnDn
3/27/18,45.778,0.91,7.3,23.5,0.31,R,R,R,0.72,DnDn
3/28/18,45.698,0.9,6.9,24.6,0.28,R,R,R,0.69,DnDn
3/29/18,46.175,0.93,8.5,22.2,0.38,Y,Y,Y,0.72,DnDn
4/2/18,45.319,0.88,5.9,27.2,0.22,R,R,R,0.66,DnDn
4/3/18,45.721,0.9,6.7,23.2,0.29,Y,Y,Y,0.67,DnDn
4/4/18,46.115,0.92,8.1,21.3,0.38,Y,Y,Y,0.71,UpDn
4/5/18,46.367,0.94,9.2,19.5,0.47,Y,Y,Y,0.76,UpDn
4/6/18,45.602,0.91,7.7,23.7,0.33,R,R,R,0.72,DnDn
4/9/18,45.691,0.92,7.3,20.9,0.35,Y,Y,Y,0.71,UpDn
4/10/18,46.2,0.95,9.5,16.7,0.57,G,Y,Y,0.76,UpDn
4/11/18,46.137,0.96,9.8,16.5,0.59,Y,Y,Y,0.79,UpDn
4/12/18,46.314,0.97,10.6,16.2,0.65,Y,Y,Y,0.84,DnDn
4/13/18,46.177,0.96,10.2,16.5,0.62,Y,Y,Y,0.85,UpDn
4/16/18,46.471,0.97,11.0,15.7,0.7,G,Y,Y,0.9,UpDn
4/17/18,46.949,0.99,13.6,12.6,1.08,G,Y,G,1.01,C/Up
4/18/18,47.034,1.0,15.0,12.6,1.19,G,Y,G,1.07,UpUp
4/19/18,46.793,0.99,13.9,13.9,1.0,Y,Y,Y,1.05,UpUp
4/20/18,46.52,0.97,12.7,15.1,0.84,Y,Y,Y,0.99,UpDn
4/23/18,46.433,0.96,12.3,15.7,0.78,Y,R,Y,0.94,DnDn
4/24/18,46.084,0.96,11.2,14.6,0.77,Y,Y,R,0.9,DnDn
4/25/18,46.051,0.96,11.4,15.5,0.74,Y,Y,R,0.87,DnDn
4/26/18,46.361,0.97,12.8,15.4,0.83,Y,Y,Y,0.89,DnDn
4/27/18,46.371,0.97,12.8,15.8,0.81,Y,Y,R,0.9,DnDn
4/30/18,46.089,0.96,11.4,16.4,0.69,R,Y,R,0.87,C/Dn
5/1/18,45.747,0.97,11.7,14.8,0.79,R,Y,Y,0.85,DnDn
5/2/18,45.619,0.98,12.1,15.6,0.77,R,Y,Y,0.84,DnDn
5/3/18,45.493,0.97,11.6,16.7,0.69,R,Y,R,0.82,DnDn
5/4/18,45.921,0.99,14.2,15.7,0.9,Y,Y,Y,0.86,DnDn
5/7/18,46.13,1.0,15.7,15.0,1.05,Y,Y,G,0.92,UpDn
5/8/18,46.179,1.0,15.1,14.4,1.05,Y,Y,Y,0.95,UpDn
5/9/18,46.429,1.01,17.3,14.3,1.21,Y,G,G,1.01,UpUp
5/10/18,46.717,1.02,19.4,14.2,1.36,Y,G,G,1.1,UpUp
5/11/18,46.786,1.02,19.9,14.3,1.39,G,Y,G,1.15,UpUp
5/14/18,46.734,1.01,17.7,14.1,1.25,Y,Y,Y,1.14,UpUp
5/15/18,46.514,1.01,16.3,13.2,1.23,Y,Y,Y,1.11,UpUp
5/16/18,46.779,1.02,18.5,13.1,1.42,G,G,G,1.15,C/Up
5/17/18,46.866,1.03,20.0,13.0,1.53,G,G,G,1.19,UpUp
5/18/18,46.83,1.03,19.7,13.3,1.48,Y,Y,Y,1.2,UpUp
5/21/18,47.094,1.03,21.3,13.3,1.6,G,Y,G,1.25,UpUp
5/22/18,46.892,1.02,19.1,12.1,1.58,Y,Y,Y,1.24,UpUp
5/23/18,46.949,1.02,19.2,12.5,1.53,G,Y,Y,1.24,UpUp
5/24/18,46.894,1.01,18.8,13.4,1.41,Y,Y,Y,1.2,UpUp
5/25/18,46.854,1.01,17.9,13.6,1.31,Y,Y,Y,1.16,UpUp
5/29/18,46.562,0.99,15.9,14.8,1.08,Y,R,Y,1.08,DnUp
5/30/18,47.073,1.02,19.4,12.6,1.53,G,G,Y,1.15,UpUp
5/31/18,46.815,1.0,17.5,13.4,1.3,Y,Y,Y,1.13,DnUp
6/1/18,47.182,1.02,19.9,12.9,1.55,G,G,G,1.19,UpUp
6/4/18,47.375,1.02,21.2,13.2,1.6,G,Y,G,1.24,UpUp
6/5/18,47.507,1.04,22.9,11.7,1.96,G,G,G,1.33,UpUp
6/6/18,47.787,1.05,25.3,11.6,2.19,G,G,G,1.4,UpUp
6/7/18,47.66,1.04,25.2,11.9,2.13,Y,Y,Y,1.41,UpUp
6/8/18,47.795,1.05,25.5,12.2,2.09,G,G,Y,1.4,UpUp
6/11/18,47.885,1.04,25.3,11.5,2.2,G,Y,G,1.43,UpUp
6/12/18,47.986,1.05,25.5,10.5,2.42,G,G,G,1.45,UpUp
6/13/18,47.849,1.04,23.9,11.2,2.14,Y,Y,Y,1.45,UpUp
6/14/18,47.983,1.04,24.3,11.5,2.12,G,Y,Y,1.46,UpUp
6/15/18,47.948,1.03,22.7,12.7,1.79,Y,Y,Y,1.42,UpUp
6/18/18,47.952,1.03,23.3,12.6,1.85,G,Y,Y,1.41,UpUp
6/19/18,47.798,1.02,20.9,12.8,1.63,Y,Y,Y,1.35,DnUp
6/20/18,47.959,1.03,22.8,12.6,1.81,G,Y,Y,1.37,UpUp
6/21/18,47.612,1.01,20.3,14.0,1.45,Y,Y,Y,1.29,DnUp
6/22/18,47.687,1.02,21.2,13.2,1.6,Y,Y,Y,1.27,DnUp
6/25/18,47.046,0.98,15.7,15.2,1.03,Y,R,Y,1.14,DnUp
6/26/18,47.181,0.99,15.6,13.9,1.12,Y,Y,Y,1.1,DnUp
6/27/18,46.639,0.96,12.1,17.1,0.7,Y,R,R,0.99,DnDn
6/28/18,46.797,0.96,12.9,17.5,0.74,Y,Y,Y,0.95,DnDn
6/29/18,46.873,0.97,13.3,16.5,0.8,Y,Y,Y,0.94,DnDn
7/2/18,46.941,0.98,14.8,16.0,0.93,Y,Y,Y,0.96,DnDn
7/3/18,46.952,0.98,13.9,14.5,0.95,Y,Y,Y,0.97,DnDn
7/5/18,47.293,1.0,16.8,14.2,1.18,G,Y,G,1.02,UpUp
7/6/18,47.638,1.01,20.0,13.6,1.48,G,G,G,1.12,UpUp
7/9/18,47.966,1.02,20.5,12.4,1.65,G,G,G,1.22,UpUp
7/10/18,47.923,1.01,19.2,11.7,1.64,Y,Y,Y,1.26,UpUp
7/11/18,47.616,0.99,16.3,13.7,1.19,Y,R,Y,1.19,UpUp
7/12/18,47.892,1.0,17.6,13.5,1.31,G,Y,G,1.2,UpUp
7/13/18,47.897,1.0,17.6,13.8,1.27,G,Y,Y,1.19,UpUp
7/16/18,47.742,0.98,16.1,14.7,1.1,Y,R,Y,1.15,DnUp
7/17/18,47.925,0.99,15.7,13.5,1.16,G,Y,Y,1.16,UpUp
7/18/18,48.026,0.99,16.7,13.1,1.27,G,Y,G,1.18,UpUp
7/19/18,48.041,0.99,18.0,14.2,1.27,G,Y,Y,1.19,UpUp
7/20/18,47.963,0.99,17.1,14.0,1.22,Y,Y,Y,1.18,UpUp
7/23/18,47.96,0.99,16.8,14.0,1.2,Y,Y,Y,1.17,UpUp
7/24/18,47.832,0.97,13.6,13.9,0.98,Y,R,R,1.12,DnUp
7/25/18,48.141,0.99,15.9,14.3,1.12,G,Y,G,1.13,UpUp
7/26/18,48.178,0.99,17.6,14.6,1.2,G,Y,Y,1.14,UpUp
7/27/18,47.713,0.96,12.7,16.5,0.77,R,R,R,1.06,DnUp
7/30/18,47.401,0.95,11.1,16.8,0.66,R,R,R,0.98,DnDn
7/31/18,47.692,0.96,11.9,15.3,0.78,Y,Y,Y,0.98,DnDn
8/1/18,47.635,0.95,11.4,16.3,0.7,Y,R,R,0.96,DnDn
8/2/18,47.871,0.96,13.5,17.0,0.79,Y,Y,Y,0.98,DnDn
8/3/18,47.889,0.96,13.9,17.5,0.8,Y,Y,Y,0.99,UpDn
8/6/18,48.055,0.96,14.9,17.2,0.87,Y,Y,Y,1.01,UpUp
8/7/18,48.184,0.96,14.7,16.4,0.9,G,Y,Y,1.04,UpUp
8/8/18,48.15,0.96,14.8,17.0,0.87,Y,Y,Y,1.05,UpUp
8/9/18,48.159,0.96,15.1,17.2,0.88,G,Y,Y,1.05,UpUp
8/10/18,47.913,0.95,13.8,18.8,0.73,Y,R,R,1.01,UpUp
8/13/18,47.675,0.93,11.7,20.8,0.56,R,R,R,0.95,DnDn
8/14/18,47.951,0.94,13.2,19.1,0.69,Y,Y,Y,0.96,DnDn
8/15/18,47.499,0.92,11.1,23.0,0.48,R,R,R,0.91,DnDn
8/16/18,47.779,0.93,13.2,21.9,0.6,Y,Y,Y,0.91,DnDn
8/17/18,47.939,0.94,14.5,21.1,0.69,G,Y,Y,0.93,UpDn
8/20/18,48.082,0.96,15.6,19.8,0.79,Y,Y,Y,0.96,UpDn
8/21/18,48.372,0.97,16.3,16.5,0.99,G,Y,Y,1.03,UpUp
8/22/18,48.438,0.98,16.2,15.9,1.02,Y,Y,G,1.07,UpUp
8/23/18,48.317,0.97,15.3,16.7,0.92,Y,Y,R,1.06,UpUp
8/24/18,48.585,0.98,17.4,16.0,1.09,G,Y,G,1.1,UpUp
8/27/18,48.854,0.99,18.2,15.2,1.2,G,Y,G,1.15,UpUp
8/28/18,48.84,0.99,16.9,13.9,1.21,Y,Y,G,1.17,UpUp
8/29/18,49.026,1.0,18.4,13.7,1.34,G,Y,G,1.21,UpUp
8/30/18,48.815,0.98,16.4,14.8,1.11,Y,Y,Y,1.18,UpUp
8/31/18,48.897,0.99,16.7,14.7,1.14,G,Y,G,1.17,UpUp
9/4/18,48.737,0.98,16.2,16.5,0.98,Y,R,R,1.13,DnUp
9/5/18,48.515,0.97,14.0,16.3,0.86,R,R,R,1.07,DnUp
9/6/18,48.326,0.95,13.2,17.8,0.74,Y,R,R,1.01,DnUp
9/7/18,48.226,0.95,12.5,18.9,0.66,R,Y,R,0.97,DnDn
9/10/18,48.313,0.96,14.1,18.8,0.75,Y,Y,Y,0.96,DnDn
9/11/18,48.388,0.96,13.9,17.9,0.78,Y,Y,Y,0.96,DnDn
9/12/18,48.42,0.97,13.9,17.6,0.79,Y,Y,Y,0.97,DnDn
9/13/18,48.557,0.97,15.3,17.9,0.85,G,Y,Y,0.99,UpDn
9/14/18,48.641,0.97,16.2,18.3,0.88,Y,Y,Y,1.01,UpUp
9/17/18,48.308,0.95,12.7,18.5,0.69,R,R,R,0.97,C/Dn
9/18/18,48.552,0.97,13.1,16.0,0.82,G,Y,Y,0.98,UpDn
9/19/18,48.497,0.97,12.7,15.7,0.81,Y,Y,Y,0.98,UpDn
9/20/18,48.839,0.99,16.1,14.5,1.11,G,Y,G,1.05,C/Up
9/21/18,48.743,0.99,15.8,14.9,1.06,Y,Y,Y,1.07,UpUp
9/24/18,48.577,0.97,12.8,15.7,0.81,Y,Y,R,1.03,UpUp
9/25/18,48.597,0.96,11.8,14.5,0.82,G,Y,Y,1.01,UpUp
9/26/18,48.412,0.95,10.7,16.0,0.67,R,R,R,0.98,DnDn
9/27/18,48.464,0.95,10.9,16.7,0.66,Y,Y,R,0.96,DnDn
9/28/18,48.48,0.95,11.3,16.5,0.68,Y,Y,Y,0.95,DnDn
10/1/18,48.288,0.95,10.9,17.3,0.63,R,Y,R,0.93,DnDn
10/2/18,48.046,0.94,9.3,16.9,0.55,Y,R,R,0.9,DnDn
10/3/18,48.16,0.95,10.5,15.6,0.67,Y,Y,Y,0.9,DnDn
10/4/18,47.607,0.92,8.4,19.3,0.44,R,R,R,0.84,C/Dn
10/5/18,47.299,0.91,7.8,21.3,0.37,R,R,R,0.79,DnDn
10/8/18,47.088,0.91,8.2,21.3,0.39,R,Y,Y,0.75,DnDn
10/9/18,46.919,0.91,7.7,21.1,0.36,R,Y,R,0.72,DnDn
10/10/18,45.698,0.86,4.8,29.8,0.16,R,R,R,0.62,DnDn
10/11/18,44.959,0.83,3.7,35.8,0.1,R,R,R,0.55,DnDn
10/12/18,45.286,0.85,4.2,33.9,0.13,Y,Y,Y,0.54,DnDn
10/15/18,45.29,0.88,5.3,30.9,0.17,Y,Y,Y,0.54,DnDn
10/16/18,46.185,0.93,6.3,21.7,0.29,Y,Y,Y,0.6,DnDn
10/17/18,46.036,0.92,5.9,23.7,0.25,Y,Y,Y,0.62,UpDn
10/18/18,45.389,0.88,5.3,29.3,0.18,Y,Y,Y,0.59,UpDn
10/19/18,45.186,0.87,5.1,32.1,0.16,R,Y,Y,0.57,DnDn
10/22/18,45.085,0.86,4.8,33.8,0.14,R,R,R,0.56,DnDn
10/23/18,44.788,0.85,4.2,35.1,0.12,R,R,R,0.54,DnDn
10/24/18,43.536,0.8,3.6,49.1,0.07,R,R,R,0.48,DnDn
10/25/18,44.212,0.83,3.6,43.4,0.08,Y,Y,Y,0.51,DnDn
10/26/18,43.712,0.81,3.5,48.3,0.07,R,R,R,0.5,DnDn
10/29/18,43.425,0.81,3.5,49.9,0.07,R,Y,Y,0.49,DnDn
10/30/18,44.05,0.84,4.3,40.5,0.11,Y,Y,Y,0.53,DnDn
10/31/18,44.431,0.86,4.7,36.2,0.13,Y,Y,Y,0.57,UpDn
11/1/18,45.057,0.91,5.8,29.6,0.2,G,Y,Y,0.63,UpDn
11/2/18,44.991,0.91,6.5,29.6,0.22,Y,Y,Y,0.65,UpDn
11/5/18,45.044,0.9,6.0,30.1,0.2,Y,Y,Y,0.66,UpDn
11/6/18,45.269,0.91,6.8,26.1,0.26,G,Y,Y,0.7,UpDn
11/7/18,46.02,0.94,8.6,22.7,0.38,G,Y,Y,0.83,UpDn
11/8/18,45.825,0.93,8.5,24.8,0.34,Y,Y,Y,0.85,UpDn
11/9/18,45.332,0.9,7.7,29.4,0.26,Y,R,Y,0.8,UpDn
11/12/18,44.604,0.85,6.0,35.0,0.17,R,R,R,0.72,DnDn
11/13/18,44.568,0.85,5.7,33.6,0.17,Y,Y,Y,0.68,DnDn
11/14/18,44.348,0.84,5.5,36.1,0.15,Y,R,R,0.64,DnDn
11/15/18,44.729,0.86,6.2,33.1,0.19,Y,Y,Y,0.65,DnDn
11/16/18,44.845,0.86,6.6,33.4,0.2,Y,Y,Y,0.66,DnDn
11/19/18,44.152,0.84,5.6,37.8,0.15,R,R,R,0.62,DnDn
11/20/18,43.513,0.81,4.2,41.0,0.1,R,R,R,0.57,DnDn
11/21/18,43.891,0.83,4.7,36.8,0.13,Y,Y,Y,0.57,DnDn
11/23/18,43.816,0.83,4.7,37.7,0.13,R,Y,Y,0.57,DnDn
11/26/18,44.27,0.85,5.6,34.0,0.16,Y,Y,Y,0.59,DnDn
11/27/18,44.118,0.85,5.9,33.6,0.18,R,Y,Y,0.6,DnDn
11/28/18,44.999,0.89,8.4,28.5,0.29,Y,Y,Y,0.66,UpDn
11/29/18,44.925,0.89,8.2,29.1,0.28,Y,Y,Y,0.69,UpDn
11/30/18,45.109,0.89,9.4,29.3,0.32,Y,Y,Y,0.75,UpDn
12/3/18,45.583,0.9,9.8,26.8,0.37,G,Y,Y,0.85,UpDn
12/4/18,44.293,0.85,6.3,32.8,0.19,Y,Y,Y,0.75,UpDn
12/6/18,44.187,0.83,6.4,35.6,0.18,R,R,R,0.69,DnDn
12/7/18,43.415,0.81,5.3,39.8,0.13,R,R,R,0.62,DnDn
12/10/18,43.32,0.81,5.4,40.7,0.13,R,Y,Y,0.58,DnDn
12/11/18,43.296,0.82,5.5,39.2,0.14,Y,Y,Y,0.56,DnDn
12/12/18,43.633,0.83,6.1,36.2,0.17,Y,Y,Y,0.58,DnDn
12/13/18,43.365,0.82,5.7,39.4,0.14,R,R,R,0.57,DnDn
12/14/18,42.776,0.79,4.9,44.3,0.11,R,R,R,0.53,DnDn
12/17/18,41.951,0.76,3.7,51.8,0.07,R,R,R,0.48,DnDn
12/18/18,41.928,0.77,3.9,47.9,0.08,R,Y,Y,0.47,DnDn
12/19/18,41.335,0.74,3.1,54.7,0.06,R,R,R,0.43,DnDn
12/20/18,40.789,0.72,3.4,61.0,0.06,R,R,Y,0.39,DnDn
12/21/18,39.907,0.68,2.8,67.0,0.04,R,R,R,0.37,DnDn
12/24/18,39.189,0.69,2.8,69.4,0.04,R,Y,Y,0.36,DnDn
12/26/18,40.627,0.77,3.5,52.2,0.07,Y,Y,Y,0.43,DnDn
12/27/18,40.817,0.77,3.9,51.4,0.08,Y,Y,Y,0.47,DnDn
12/28/18,40.914,0.79,4.3,49.1,0.09,Y,Y,Y,0.51,UpDn
12/31/18,41.22,0.8,4.3,47.8,0.09,Y,Y,Y,0.54,UpDn
1/2/19,41.282,0.85,4.9,38.7,0.13,Y,Y,Y,0.57,UpDn
1/3/19,40.636,0.82,4.9,45.1,0.11,Y,Y,Y,0.56,UpDn
1/4/19,41.793,0.9,6.1,31.3,0.2,G,Y,Y,0.62,UpDn
1/7/19,42.244,0.92,6.8,28.0,0.24,G,Y,Y,0.73,UpDn
1/8/19,42.649,0.95,8.8,21.5,0.41,G,Y,Y,0.86,UpDn
1/9/19,42.935,0.98,11.1,19.4,0.57,G,Y,Y,0.95,UpDn
1/10/19,43.105,0.98,11.9,19.3,0.61,G,Y,Y,1.01,UpUp
1/11/19,43.088,0.98,12.2,19.1,0.64,Y,Y,Y,1.03,UpUp
1/14/19,42.817,0.95,9.0,20.9,0.43,Y,Y,Y,1.0,UpUp
1/15/19,43.165,0.98,10.6,16.8,0.63,G,Y,Y,1.04,UpUp
1/16/19,43.286,0.99,12.9,16.2,0.8,G,Y,Y,1.05,UpUp
1/17/19,43.584,1.01,15.0,15.8,0.95,G,G,Y,1.1,UpUp
1/18/19,44.019,1.03,20.0,14.9,1.34,G,G,G,1.2,C/Up
1/22/19,43.424,0.99,13.5,15.5,0.87,Y,R,R,1.12,UpUp
1/23/19,43.472,0.99,14.4,16.4,0.88,G,Y,Y,1.08,UpUp
1/24/19,43.673,1.01,17.3,15.8,1.1,G,G,G,1.11,UpUp
1/25/19,44.063,1.04,23.4,14.6,1.61,G,G,G,1.21,UpUp
1/28/19,43.865,1.01,18.5,15.0,1.23,Y,Y,Y,1.18,DnUp
1/29/19,43.833,1.01,19.5,13.9,1.4,Y,Y,G,1.18,UpUp
1/30/19,44.327,1.04,25.6,13.3,1.92,G,G,G,1.31,UpUp
1/31/19,44.693,1.06,30.2,12.7,2.39,G,G,G,1.41,UpUp
2/1/19,44.761,1.06,31.5,12.4,2.54,G,Y,G,1.45,UpUp
2/4/19,45.048,1.07,33.0,11.8,2.81,G,G,G,1.49,UpUp
2/5/19,45.227,1.1,37.3,10.0,3.73,G,G,G,1.52,UpUp
2/6/19,45.096,1.09,36.7,10.3,3.55,Y,Y,Y,1.51,UpUp
2/7/19,44.8,1.07,31.5,11.9,2.64,Y,Y,Y,1.48,UpUp
2/8/19,44.818,1.06,30.8,12.7,2.43,G,Y,Y,1.47,UpUp
2/11/19,44.941,1.07,32.0,12.2,2.62,Y,Y,Y,1.47,DnUp
2/12/19,45.441,1.11,37.7,9.4,4.03,G,G,G,1.52,UpUp
2/13/19,45.549,1.12,38.7,9.3,4.16,G,G,G,1.54,UpUp
2/14/19,45.547,1.11,39.0,9.4,4.15,Y,Y,Y,1.55,UpUp
2/15/19,46.029,1.14,43.1,9.0,4.79,G,G,G,1.59,UpUp
2/19/19,46.153,1.14,42.8,7.5,5.67,G,Y,G,1.61,UpUp
2/20/19,46.248,1.14,43.8,8.2,5.33,G,Y,Y,1.62,UpUp
2/21/19,46.119,1.13,42.1,8.7,4.83,Y,Y,Y,1.6,UpUp
2/22/19,46.458,1.15,45.0,8.6,5.21,G,G,G,1.62,UpUp
2/25/19,46.514,1.14,43.2,8.5,5.09,G,Y,Y,1.63,UpUp
2/26/19,46.396,1.13,42.6,8.4,5.09,Y,Y,Y,1.62,UpUp
2/27/19,46.435,1.13,41.7,8.6,4.86,G,Y,Y,1.62,UpUp
2/28/19,46.295,1.12,40.0,9.1,4.4,Y,Y,Y,1.6,UpUp
3/1/19,46.56,1.13,41.3,9.2,4.51,G,Y,Y,1.61,UpUp
3/4/19,46.338,1.12,40.0,9.2,4.33,Y,Y,Y,1.59,DnUp
3/5/19,46.283,1.13,40.1,8.8,4.56,R,Y,Y,1.57,DnUp
3/6/19,45.846,1.09,35.4,10.6,3.34,Y,Y,Y,1.53,DnUp
3/7/19,45.51,1.07,30.3,11.8,2.56,R,Y,Y,1.49,DnUp
3/8/19,45.427,1.06,29.1,12.2,2.39,Y,Y,Y,1.46,DnUp
3/11/19,46.016,1.11,38.5,10.9,3.53,Y,Y,Y,1.48,DnUp
3/12/19,46.11,1.12,38.0,9.9,3.84,Y,Y,Y,1.5,DnUp
3/13/19,46.329,1.13,39.8,10.1,3.96,G,G,G,1.53,UpUp
3/14/19,46.265,1.12,37.9,10.3,3.68,Y,Y,Y,1.53,UpUp
3/15/19,46.467,1.13,39.0,10.4,3.76,G,G,G,1.55,UpUp
3/18/19,46.675,1.13,39.9,10.1,3.96,G,Y,G,1.57,UpUp
3/19/19,46.598,1.11,34.4,10.3,3.35,Y,Y,Y,1.57,UpUp
3/20/19,46.395,1.1,32.3,10.7,3.01,Y,Y,Y,1.55,UpUp
3/21/19,46.809,1.11,35.0,10.9,3.22,G,Y,Y,1.57,UpUp
3/22/19,45.836,1.05,24.8,15.0,1.65,Y,Y,Y,1.44,DnUp
3/25/19,45.869,1.05,25.8,14.2,1.82,Y,Y,Y,1.41,DnUp
3/26/19,46.191,1.05,23.8,14.1,1.69,Y,Y,Y,1.39,DnUp
3/27/19,46.067,1.04,22.7,14.8,1.53,R,Y,Y,1.34,DnUp
3/28/19,46.238,1.05,24.9,15.0,1.66,Y,Y,Y,1.34,DnUp
3/29/19,46.48,1.06,27.4,14.7,1.87,G,G,G,1.39,UpUp
4/1/19,46.946,1.07,31.7,13.7,2.31,G,G,G,1.47,UpUp
4/2/19,46.927,1.03,24.3,13.2,1.85,Y,Y,Y,1.47,UpUp
4/3/19,47.074,1.04,25.7,13.2,1.95,Y,Y,G,1.49,UpUp
4/4/19,47.171,1.04,27.3,13.1,2.09,G,Y,G,1.51,UpUp
4/5/19,47.43,1.06,30.6,12.5,2.45,G,Y,G,1.54,UpUp
4/8/19,47.401,1.04,28.3,12.7,2.23,Y,Y,Y,1.54,UpUp
4/9/19,47.086,1.02,20.4,12.6,1.61,Y,Y,Y,1.44,UpUp
4/10/19,47.373,1.03,24.3,12.9,1.88,G,Y,Y,1.46,UpUp
4/11/19,47.366,1.02,24.0,13.7,1.75,Y,Y,Y,1.44,UpUp
4/12/19,47.593,1.03,27.3,14.1,1.94,G,Y,Y,1.48,UpUp
4/15/19,47.521,1.02,25.2,14.6,1.72,Y,Y,Y,1.45,UpUp
4/16/19,47.562,1.01,22.7,14.0,1.62,G,Y,Y,1.42,UpUp
4/17/19,47.367,1.0,21.7,15.8,1.37,Y,Y,Y,1.34,DnUp
4/18/19,47.411,0.99,21.4,16.3,1.32,G,R,Y,1.29,UpUp
4/22/19,47.387,0.99,20.6,16.2,1.27,Y,Y,Y,1.25,DnUp
4/23/19,47.828,1.0,21.4,14.5,1.48,G,Y,Y,1.29,UpUp
4/24/19,47.78,1.0,20.6,15.1,1.36,Y,Y,Y,1.28,UpUp
4/25/19,47.617,0.98,17.6,16.2,1.09,Y,R,Y,1.22,UpUp
4/26/19,47.87,0.99,19.7,15.7,1.26,G,Y,Y,1.23,UpUp
4/29/19,47.94,1.0,21.2,15.5,1.37,G,Y,G,1.26,UpUp
4/30/19,47.899,0.99,19.3,14.9,1.29,Y,R,Y,1.25,UpUp
5/1/19,47.581,0.97,15.7,16.6,0.94,R,R,R,1.17,DnUp
5/2/19,47.575,0.97,15.1,17.7,0.85,R,Y,R,1.12,DnUp
5/3/19,48.118,1.0,22.0,15.9,1.39,G,Y,G,1.2,UpUp
5/6/19,47.977,0.99,18.5,16.0,1.16,Y,R,Y,1.19,UpUp
5/7/19,47.245,0.95,10.2,17.5,0.58,R,R,R,1.07,DnUp
5/8/19,47.167,0.95,9.9,18.2,0.55,R,Y,R,1.0,C/Dn
5/9/19,47.042,0.93,9.8,20.0,0.49,R,R,R,0.95,DnDn
5/10/19,47.19,0.94,10.4,20.2,0.51,Y,Y,Y,0.93,DnDn
5/13/19,46.105,0.9,6.9,25.4,0.27,R,R,R,0.82,DnDn
5/14/19,46.521,0.92,7.4,22.3,0.33,Y,Y,Y,0.81,DnDn
5/15/19,46.751,0.93,8.2,22.3,0.37,Y,Y,Y,0.82,DnDn
5/16/19,47.054,0.93,9.7,22.4,0.43,Y,Y,Y,0.85,UpDn
5/17/19,46.661,0.91,8.6,25.3,0.34,R,R,R,0.83,DnDn
5/20/19,46.366,0.91,8.4,25.9,0.33,Y,Y,Y,0.8,UpDn
5/21/19,46.803,0.93,9.8,22.5,0.44,G,Y,Y,0.82,UpDn
5/22/19,46.599,0.92,8.9,24.9,0.36,R,R,R,0.81,DnDn
5/23/19,45.959,0.88,7.2,29.8,0.24,R,R,R,0.75,DnDn
5/24/19,46.121,0.9,8.2,28.5,0.29,Y,Y,Y,0.74,DnDn
5/28/19,45.863,0.89,7.6,29.3,0.26,R,R,R,0.73,DnDn
5/29/19,45.542,0.88,6.0,29.4,0.2,Y,R,R,0.7,DnDn
5/30/19,45.59,0.88,6.3,30.1,0.21,Y,Y,Y,0.69,DnDn
5/31/19,45.141,0.86,6.2,33.9,0.18,R,R,R,0.65,DnDn
6/3/19,45.115,0.88,6.8,32.5,0.21,R,Y,Y,0.64,DnDn
6/4/19,45.936,0.91,8.1,26.2,0.31,Y,Y,Y,0.7,UpDn
6/5/19,46.121,0.91,9.2,28.2,0.33,G,Y,Y,0.74,UpDn
6/6/19,46.23,0.9,9.8,28.7,0.34,G,Y,Y,0.77,UpDn
6/7/19,46.616,0.92,11.3,27.7,0.41,Y,Y,Y,0.84,UpDn
6/10/19,46.865,0.92,9.9,26.7,0.37,Y,Y,Y,0.9,UpDn
6/11/19,46.824,0.92,9.6,24.7,0.39,Y,Y,Y,0.92,UpDn
6/12/19,46.77,0.92,10.1,25.7,0.39,Y,Y,Y,0.93,UpDn
6/13/19,47.002,0.93,11.4,24.5,0.46,G,Y,Y,0.96,UpDn
6/14/19,46.81,0.92,11.0,26.2,0.42,Y,Y,Y,0.95,UpDn
6/17/19,46.853,0.92,10.2,25.8,0.4,Y,Y,Y,0.94,DnDn
6/18/19,47.299,0.94,11.2,22.1,0.51,G,Y,Y,0.99,UpDn
6/19/19,47.489,0.95,13.4,21.9,0.61,G,Y,Y,1.03,UpUp
6/20/19,47.836,0.97,17.2,21.2,0.81,G,Y,Y,1.1,UpUp
6/21/19,47.633,0.96,14.9,22.0,0.68,Y,Y,Y,1.09,UpUp
6/24/19,47.418,0.93,12.2,23.7,0.51,Y,Y,Y,1.03,UpUp
6/25/19,47.048,0.92,9.4,23.3,0.4,Y,R,R,0.95,DnDn
6/26/19,46.988,0.92,8.8,22.6,0.39,Y,Y,R,0.9,DnDn
6/27/19,47.378,0.94,11.1,21.0,0.53,Y,Y,Y,0.92,DnDn
6/28/19,47.756,0.97,14.7,19.5,0.75,G,Y,Y,0.98,UpDn
7/1/19,48.047,0.97,16.3,19.3,0.85,G,Y,Y,1.05,UpUp
7/2/19,48.053,0.97,16.6,18.4,0.9,G,Y,Y,1.08,UpUp
7/3/19,48.353,0.98,20.8,18.5,1.12,G,Y,G,1.15,UpUp
7/5/19,48.324,0.98,20.2,17.8,1.13,Y,Y,G,1.17,UpUp
7/8/19,48.042,0.96,15.3,18.7,0.82,Y,R,R,1.11,UpUp
7/9/19,48.078,0.96,15.2,17.8,0.85,G,Y,Y,1.09,UpUp
7/10/19,48.186,0.97,17.2,17.6,0.98,G,Y,Y,1.1,UpUp
7/11/19,48.18,0.96,17.1,18.9,0.91,Y,R,R,1.1,DnUp
7/12/19,48.395,0.97,19.3,18.4,1.05,G,Y,G,1.13,C/Up
7/15/19,48.371,0.97,19.2,18.9,1.02,Y,Y,Y,1.14,UpUp
7/16/19,48.296,0.97,18.3,17.4,1.05,Y,Y,G,1.14,UpUp
7/17/19,48.092,0.96,15.4,18.6,0.83,Y,R,R,1.1,DnUp
7/18/19,48.213,0.96,17.3,19.7,0.88,G,Y,Y,1.09,UpUp
7/19/19,48.01,0.96,15.3,19.6,0.78,Y,Y,R,1.05,DnUp
7/22/19,48.048,0.96,15.4,19.4,0.8,Y,Y,Y,1.03,DnUp
7/23/19,48.273,0.97,18.2,17.8,1.02,Y,Y,G,1.06,DnUp
7/24/19,48.643,0.99,22.9,17.1,1.34,G,Y,G,1.15,UpUp
7/25/19,48.307,0.97,19.1,18.5,1.03,Y,Y,Y,1.12,UpUp
7/26/19,48.61,0.99,22.8,18.3,1.25,G,Y,G,1.16,UpUp
7/29/19,48.459,0.97,19.9,18.8,1.06,Y,Y,Y,1.14,UpUp
7/30/19,48.485,0.99,20.7,16.0,1.29,G,Y,G,1.16,UpUp
7/31/19,48.125,0.97,15.9,17.2,0.92,Y,R,R,1.1,DnUp
8/1/19,47.688,0.95,12.3,20.4,0.61,R,R,R,1.0,DnUp
8/2/19,47.275,0.93,11.0,22.4,0.49,Y,R,R,0.92,DnDn
8/5/19,46.075,0.88,7.1,27.7,0.26,R,R,R,0.78,DnDn
8/6/19,46.547,0.9,7.9,24.9,0.32,Y,Y,Y,0.76,DnDn
8/7/19,46.658,0.91,8.8,26.0,0.34,Y,Y,Y,0.76,DnDn
8/8/19,47.418,0.94,12.7,23.3,0.54,Y,Y,Y,0.83,DnDn
8/9/19,47.095,0.92,11.2,25.8,0.43,R,R,R,0.83,C/Dn
8/12/19,46.594,0.9,9.8,28.1,0.35,Y,Y,Y,0.79,UpDn
8/13/19,47.102,0.93,10.5,24.6,0.43,G,Y,Y,0.81,UpDn
8/14/19,45.969,0.87,7.4,32.2,0.23,R,R,R,0.72,DnDn
8/15/19,45.99,0.87,8.1,33.7,0.24,Y,Y,Y,0.68,DnDn
8/16/19,46.606,0.9,9.6,29.5,0.33,Y,Y,Y,0.72,DnDn
8/19/19,46.996,0.93,11.3,26.5,0.43,G,Y,Y,0.77,UpDn
8/20/19,46.784,0.93,9.9,26.1,0.38,Y,Y,R,0.79,DnDn
8/21/19,47.119,0.94,11.2,24.5,0.46,Y,Y,Y,0.83,UpDn
8/22/19,47.025,0.94,11.2,25.7,0.43,Y,Y,Y,0.85,UpDn
8/23/19,46.011,0.89,8.4,31.3,0.27,R,R,R,0.77,DnDn
8/26/19,46.387,0.91,9.2,29.2,0.32,Y,Y,Y,0.76,DnDn
8/27/19,46.187,0.88,7.7,30.7,0.25,R,R,R,0.74,DnDn
8/28/19,46.435,0.9,8.5,28.7,0.3,Y,Y,Y,0.75,DnDn
8/29/19,46.948,0.92,10.3,26.0,0.39,Y,Y,Y,0.81,DnDn
8/30/19,47.019,0.93,10.4,25.7,0.4,Y,Y,Y,0.85,UpDn
9/3/19,46.67,0.9,9.2,29.2,0.32,Y,R,Y,0.82,UpDn
9/4/19,47.086,0.92,10.1,25.0,0.4,Y,Y,Y,0.86,UpDn
9/5/19,47.611,0.95,11.7,21.4,0.55,G,Y,Y,0.95,UpDn
9/6/19,47.58,0.95,11.8,21.5,0.55,Y,Y,Y,0.97,UpDn
9/9/19,47.623,0.96,11.7,19.9,0.59,G,Y,Y,0.98,UpDn
9/10/19,47.704,0.98,13.9,16.7,0.83,G,Y,Y,1.02,UpUp
9/11/19,48.124,1.01,18.9,15.4,1.23,G,G,G,1.12,C/Up
9/12/19,48.206,1.01,20.2,15.7,1.29,G,Y,G,1.17,UpUp
9/13/19,48.214,1.01,21.2,16.0,1.33,G,Y,G,1.2,UpUp
9/16/19,48.187,1.0,18.0,15.2,1.18,Y,Y,Y,1.19,UpUp
9/17/19,48.254,0.99,16.4,14.6,1.12,G,Y,Y,1.18,UpUp
9/18/19,48.18,0.98,15.2,15.7,0.97,Y,R,R,1.14,UpUp
9/19/19,48.109,0.97,14.6,16.4,0.89,Y,R,R,1.1,DnUp
9/20/19,47.985,0.97,13.7,16.1,0.85,Y,Y,R,1.06,DnUp
9/23/19,47.863,0.97,14.0,16.5,0.85,R,Y,Y,1.03,DnUp
9/24/19,47.562,0.94,10.6,17.9,0.59,Y,R,R,0.96,DnDn
9/25/19,47.814,0.95,12.7,18.1,0.7,Y,Y,Y,0.95,DnDn
9/26/19,47.652,0.94,11.1,19.7,0.56,R,R,R,0.92,C/Dn
9/27/19,47.342,0.92,10.1,21.2,0.48,R,R,R,0.87,DnDn
9/30/19,47.53,0.93,11.1,20.3,0.55,Y,Y,Y,0.87,DnDn
10/1/19,47.007,0.9,7.1,21.6,0.33,R,R,R,0.82,DnDn
10/2/19,46.425,0.87,5.2,24.8,0.21,R,R,R,0.74,DnDn
10/3/19,46.667,0.88,5.8,23.5,0.25,Y,Y,Y,0.73,DnDn
10/4/19,47.101,0.9,8.0,22.3,0.36,Y,Y,Y,0.76,DnDn
10/7/19,46.93,0.9,7.6,22.6,0.34,R,Y,R,0.77,DnDn
10/8/19,46.278,0.88,5.3,23.5,0.23,R,R,R,0.72,DnDn
10/9/19,46.569,0.89,6.4,23.3,0.28,Y,Y,Y,0.72,UpDn
10/10/19,46.763,0.9,7.1,23.2,0.31,G,Y,Y,0.74,UpDn
10/11/19,47.199,0.93,10.6,20.9,0.51,G,Y,Y,0.8,UpDn
10/14/19,47.12,0.92,9.2,21.7,0.43,Y,Y,Y,0.82,UpDn
10/15/19,47.498,0.94,12.6,18.9,0.67,Y,Y,Y,0.89,UpDn
10/16/19,47.449,0.95,13.3,19.3,0.69,Y,Y,Y,0.92,UpDn
10/17/19,47.668,0.96,15.6,18.4,0.85,G,Y,Y,0.98,UpDn
10/18/19,47.539,0.95,15.3,19.4,0.79,Y,Y,Y,0.99,UpDn
10/21/19,47.783,0.96,17.9,18.7,0.96,G,Y,Y,1.04,UpUp
10/22/19,47.599,0.97,19.3,16.8,1.14,Y,Y,G,1.06,UpUp
10/23/19,47.67,0.98,20.5,16.6,1.24,G,Y,G,1.09,C/Up
10/24/19,47.802,0.97,20.2,17.2,1.18,G,Y,Y,1.11,UpUp
10/25/19,47.962,0.98,21.9,16.7,1.31,G,Y,G,1.16,UpUp
10/28/19,48.186,0.98,23.2,16.7,1.39,G,Y,G,1.21,UpUp
10/29/19,48.184,0.99,22.3,15.4,1.44,Y,Y,G,1.23,UpUp
10/30/19,48.263,0.98,22.5,16.3,1.38,G,Y,Y,1.23,UpUp
10/31/19,48.077,0.97,19.5,17.0,1.15,Y,Y,Y,1.17,UpUp
11/1/19,48.55,1.0,26.3,16.0,1.64,G,Y,G,1.26,UpUp
11/4/19,48.669,1.01,27.2,15.5,1.76,G,G,G,1.32,UpUp
11/5/19,48.601,1.01,26.2,14.8,1.78,Y,Y,G,1.34,UpUp
11/6/19,48.549,1.0,25.2,16.2,1.56,Y,Y,Y,1.31,UpUp
11/7/19,48.588,1.0,26.5,17.3,1.54,G,Y,Y,1.29,UpUp
11/8/19,48.665,1.0,26.6,17.4,1.53,G,Y,Y,1.29,UpUp
11/11/19,48.625,0.99,24.8,17.4,1.43,Y,R,Y,1.27,DnUp
11/12/19,48.65,0.98,23.4,17.1,1.37,G,R,Y,1.25,UpUp
11/13/19,48.619,0.97,22.3,18.1,1.23,Y,R,Y,1.21,UpUp
11/14/19,48.661,0.97,22.3,18.8,1.19,G,Y,Y,1.19,UpUp
11/15/19,48.853,0.98,24.5,18.9,1.29,G,Y,Y,1.21,UpUp
11/18/19,48.85,0.97,24.1,19.6,1.23,Y,R,Y,1.2,UpUp
11/19/19,48.939,0.97,21.6,19.0,1.14,G,Y,Y,1.19,UpUp
11/20/19,48.807,0.96,18.8,19.4,0.97,Y,R,R,1.15,UpUp
11/21/19,48.656,0.96,17.5,19.5,0.89,Y,Y,R,1.1,DnUp
11/22/19,48.743,0.96,18.5,19.3,0.96,Y,Y,Y,1.08,DnUp
11/25/19,49.216,1.0,25.5,18.1,1.41,G,Y,G,1.18,UpUp
11/26/19,49.345,0.99,23.4,17.5,1.34,G,Y,Y,1.22,UpUp
11/27/19,49.609,1.0,25.2,16.7,1.51,G,Y,G,1.28,UpUp
11/29/19,49.421,0.99,22.8,16.7,1.36,Y,Y,Y,1.26,UpUp
12/2/19,49.012,0.97,16.8,17.5,0.96,Y,Y,R,1.16,UpUp
12/3/19,48.804,0.96,12.8,17.1,0.75,Y,R,R,1.08,DnUp
12/4/19,49.069,0.97,15.7,16.9,0.93,Y,Y,Y,1.07,DnUp
12/5/19,49.108,0.97,16.9,17.3,0.98,Y,Y,Y,1.07,DnUp
12/6/19,49.474,0.99,22.8,16.5,1.38,G,Y,G,1.15,UpUp
12/9/19,49.357,0.99,21.2,16.3,1.3,Y,Y,Y,1.17,UpUp
12/10/19,49.396,1.0,20.1,15.0,1.34,G,Y,G,1.19,UpUp
12/11/19,49.511,1.0,22.5,15.1,1.49,G,Y,G,1.23,UpUp
12/12/19,49.797,1.02,27.1,15.0,1.81,G,G,G,1.32,UpUp
12/13/19,49.81,1.02,26.3,14.9,1.76,G,Y,Y,1.35,UpUp
12/16/19,50.09,1.02,28.1,14.7,1.91,G,Y,G,1.41,UpUp
12/17/19,50.164,1.03,28.8,13.7,2.1,G,G,G,1.46,UpUp
12/18/19,50.137,1.04,28.7,13.9,2.06,Y,G,Y,1.48,UpUp
12/19/19,50.332,1.04,29.7,13.6,2.18,G,Y,G,1.5,UpUp
12/20/19,50.547,1.05,30.3,13.7,2.21,G,G,G,1.52,UpUp
12/23/19,50.596,1.05,29.4,13.6,2.15,G,Y,Y,1.53,UpUp
12/24/19,50.654,1.05,28.5,12.1,2.35,G,Y,G,1.53,UpUp
12/26/19,50.8,1.06,29.9,12.4,2.42,G,G,G,1.54,UpUp
12/27/19,50.695,1.05,28.8,12.3,2.35,Y,Y,Y,1.53,UpUp
12/30/19,50.504,1.04,26.9,12.7,2.11,Y,Y,Y,1.5,DnUp
12/31/19,50.619,1.05,25.8,11.5,2.25,G,Y,G,1.5,UpUp
1/2/20,50.893,1.06,28.6,10.9,2.62,G,G,G,1.52,UpUp
1/3/20,50.667,1.05,24.8,11.1,2.23,Y,Y,Y,1.5,DnUp
1/6/20,50.779,1.05,24.7,10.6,2.34,G,Y,Y,1.5,UpUp
1/7/20,50.735,1.04,20.2,10.0,2.02,Y,Y,Y,1.49,UpUp
1/8/20,50.915,1.04,21.4,10.2,2.09,G,Y,Y,1.49,UpUp
1/9/20,51.143,1.05,23.0,10.5,2.2,G,Y,Y,1.51,UpUp
1/10/20,51.058,1.04,21.3,10.9,1.95,Y,Y,Y,1.49,UpUp
1/13/20,51.377,1.05,24.5,10.9,2.24,G,Y,Y,1.51,UpUp
1/14/20,51.418,1.05,22.6,10.0,2.25,G,Y,G,1.51,UpUp
1/15/20,51.515,1.06,23.3,9.4,2.47,G,G,G,1.52,UpUp
1/16/20,51.898,1.08,27.3,9.1,3.01,G,G,G,1.55,UpUp
1/17/20,51.968,1.08,27.2,9.6,2.82,G,Y,Y,1.55,UpUp
1/21/20,51.798,1.04,19.3,9.7,1.99,Y,Y,Y,1.53,UpUp
1/22/20,51.807,1.04,19.6,10.5,1.86,G,Y,Y,1.5,UpUp
1/23/20,51.851,1.03,19.5,11.2,1.74,G,Y,Y,1.46,UpUp
1/24/20,51.455,1.01,16.0,13.2,1.22,Y,Y,Y,1.33,DnUp
1/27/20,50.774,0.98,11.5,15.3,0.75,Y,R,R,1.17,DnUp
1/28/20,51.184,0.99,13.2,14.1,0.94,Y,Y,Y,1.13,DnUp
1/29/20,51.05,0.99,12.7,15.5,0.82,Y,Y,R,1.09,DnUp
1/30/20,51.058,0.98,12.8,16.9,0.76,Y,R,R,1.06,DnUp
1/31/20,50.287,0.94,9.3,21.4,0.43,R,R,R,0.96,C/Dn
2/3/20,50.651,0.97,11.8,19.2,0.62,Y,Y,Y,0.95,DnDn
2/4/20,51.288,1.0,14.4,16.3,0.88,G,Y,Y,1.02,UpUp
2/5/20,51.686,1.03,18.4,14.1,1.31,G,G,G,1.13,UpUp
2/6/20,51.742,1.02,19.1,15.0,1.27,G,Y,Y,1.19,UpUp
2/7/20,51.373,1.0,16.7,17.9,0.93,Y,Y,R,1.14,UpUp
2/10/20,51.652,0.99,16.6,18.0,0.92,G,Y,Y,1.14,UpUp
2/11/20,51.882,1.01,17.7,15.9,1.11,G,G,G,1.18,C/Up
2/12/20,52.215,1.02,19.8,15.0,1.32,G,Y,G,1.25,UpUp
2/13/20,52.204,1.01,19.2,16.2,1.19,Y,Y,Y,1.26,UpUp
2/14/20,52.238,1.01,19.5,16.9,1.15,G,Y,Y,1.26,UpUp
2/18/20,52.16,0.99,16.6,16.8,0.99,Y,R,R,1.23,UpUp
2/19/20,52.415,1.01,18.3,16.3,1.12,G,G,G,1.25,UpUp
2/20/20,52.353,1.01,18.1,16.6,1.09,Y,Y,Y,1.24,UpUp
2/21/20,51.909,0.99,15.6,18.2,0.85,R,R,R,1.17,DnUp
2/24/20,50.5,0.92,9.0,25.3,0.35,Y,R,R,0.98,DnDn
2/25/20,49.163,0.86,5.1,34.0,0.15,R,R,R,0.78,DnDn
2/26/20,48.819,0.84,4.6,37.4,0.12,Y,R,R,0.67,DnDn
2/27/20,47.118,0.78,3.3,54.2,0.06,R,R,R,0.53,DnDn
2/28/20,46.314,0.76,3.1,61.3,0.05,R,R,R,0.46,C/Dn
3/2/20,47.715,0.87,4.6,43.3,0.11,Y,Y,Y,0.49,DnDn
3/3/20,46.9,0.84,4.3,47.5,0.09,R,R,R,0.46,DnDn
3/4/20,48.273,0.9,6.8,39.0,0.17,Y,Y,Y,0.52,DnDn
3/5/20,46.956,0.84,5.7,48.7,0.12,R,Y,Y,0.48,DnDn
3/6/20,46.241,0.8,5.1,55.9,0.09,R,Y,Y,0.44,DnDn
3/9/20,43.01,0.66,2.8,75.6,0.04,R,R,R,0.38,DnDn
3/10/20,44.381,0.7,2.7,71.6,0.04,Y,Y,Y,0.37,DnDn
3/11/20,42.193,0.61,2.1,80.2,0.03,R,R,R,0.34,DnDn
3/12/20,38.42,0.48,1.7,89.2,0.02,R,R,R,0.29,DnDn
3/13/20,40.692,0.57,1.8,86.1,0.02,Y,Y,Y,0.29,DnDn
3/16/20,36.284,0.42,1.7,91.1,0.02,R,R,Y,0.25,DnDn
3/17/20,37.86,0.49,2.1,89.0,0.02,Y,Y,Y,0.25,DnDn
3/18/20,35.146,0.39,2.0,91.9,0.02,R,R,Y,0.22,DnDn
3/19/20,35.922,0.43,1.7,91.7,0.02,Y,Y,Y,0.22,DnDn
3/20/20,34.913,0.41,1.7,92.3,0.02,R,R,Y,0.21,DnDn
3/23/20,33.996,0.44,1.6,91.6,0.02,R,Y,Y,0.22,DnDn
3/24/20,36.623,0.57,1.9,87.9,0.02,Y,Y,Y,0.25,DnDn
3/25/20,37.301,0.63,1.7,86.6,0.02,Y,Y,Y,0.28,UpDn
3/26/20,39.107,0.73,2.1,81.2,0.03,G,Y,Y,0.34,UpDn
3/27/20,37.999,0.67,1.9,83.8,0.02,Y,Y,Y,0.36,UpDn
3/30/20,38.839,0.66,1.8,81.9,0.02,Y,Y,Y,0.41,UpDn
3/31/20,38.504,0.67,1.9,80.1,0.02,Y,Y,Y,0.47,UpDn
4/1/20,36.791,0.57,1.7,85.0,0.02,R,R,Y,0.45,DnDn
4/2/20,37.264,0.59,1.9,83.6,0.02,Y,Y,Y,0.47,DnDn
4/3/20,36.6,0.56,1.9,84.9,0.02,R,R,Y,0.49,DnDn
4/6/20,38.922,0.68,2.6,79.2,0.03,G,Y,Y,0.71,UpDn
4/7/20,39.086,0.7,2.7,75.0,0.04,G,Y,Y,0.84,UpDn
4/8/20,40.266,0.77,3.6,68.9,0.05,Y,Y,Y,1.0,UpDn
4/9/20,41.203,0.85,5.5,61.4,0.09,G,Y,Y,1.1,UpUp
4/13/20,40.646,0.77,3.8,67.8,0.06,Y,Y,Y,1.05,UpUp
4/14/20,41.514,0.83,6.2,56.8,0.11,G,Y,Y,1.02,UpUp
4/15/20,40.5,0.77,5.1,64.0,0.08,Y,Y,Y,0.9,UpDn
4/16/20,40.563,0.76,6.0,63.9,0.09,G,R,Y,0.84,UpDn
4/17/20,41.666,0.82,7.9,57.3,0.14,G,Y,Y,0.91,UpDn
4/20/20,41.193,0.8,6.7,60.7,0.11,Y,Y,Y,0.9,UpDn
4/21/20,40.239,0.76,5.8,61.7,0.09,Y,R,R,0.8,DnDn
4/22/20,40.922,0.8,7.1,56.6,0.13,G,Y,Y,0.82,UpDn
4/23/20,41.024,0.81,7.4,55.5,0.13,G,Y,Y,0.84,UpDn
4/24/20,41.429,0.84,8.7,53.4,0.16,Y,Y,Y,0.89,DnDn
4/27/20,42.363,0.89,11.1,46.4,0.24,G,Y,Y,0.93,UpDn
4/28/20,42.547,0.93,12.9,35.4,0.36,G,Y,Y,0.94,UpDn
4/29/20,43.812,1.01,22.3,26.4,0.85,G,G,Y,1.07,UpUp
4/30/20,42.977,0.96,15.5,31.3,0.49,Y,R,Y,0.96,UpDn
5/1/20,41.87,0.88,10.1,39.9,0.25,Y,Y,Y,0.8,UpDn
5/4/20,41.987,0.88,10.5,40.4,0.26,Y,Y,Y,0.73,DnDn
5/5/20,42.289,0.9,13.1,33.3,0.39,Y,Y,Y,0.73,DnDn
5/6/20,42.106,0.89,12.6,35.8,0.35,Y,R,R,0.72,DnDn
5/7/20,42.648,0.92,14.9,33.6,0.44,Y,Y,Y,0.76,DnDn
5/8/20,43.455,0.97,19.8,27.4,0.72,G,Y,Y,0.91,UpDn
5/11/20,43.4,0.94,17.6,30.6,0.57,Y,Y,Y,0.97,UpDn
5/12/20,42.534,0.93,16.5,28.7,0.58,Y,Y,Y,0.9,UpDn
5/13/20,41.695,0.87,13.2,35.9,0.37,R,R,Y,0.79,DnDn
5/14/20,41.909,0.87,13.7,36.0,0.38,Y,Y,Y,0.75,DnDn
5/15/20,42.232,0.89,14.8,34.5,0.43,Y,Y,Y,0.76,DnDn
5/18/20,43.745,1.0,24.3,22.7,1.07,G,Y,G,0.99,C/Up
5/19/20,43.39,1.05,28.8,19.3,1.49,Y,G,G,1.13,UpUp
5/20/20,44.127,1.11,34.2,16.0,2.14,Y,G,G,1.36,UpUp
5/21/20,43.971,1.1,33.5,16.1,2.07,Y,Y,Y,1.46,UpUp
5/22/20,44.087,1.11,33.5,16.3,2.05,G,G,Y,1.52,UpUp
5/26/20,44.878,1.13,36.9,12.9,2.87,G,G,G,1.63,UpUp
5/27/20,45.546,1.24,46.6,8.4,5.57,G,G,G,1.7,UpUp
5/28/20,45.303,1.21,44.9,8.9,5.07,Y,Y,Y,1.7,UpUp
5/29/20,45.462,1.21,45.1,9.6,4.67,G,Y,Y,1.71,UpUp
6/1/20,45.818,1.21,45.1,8.9,5.07,G,Y,G,1.73,UpUp
6/2/20,46.189,1.31,54.2,7.2,7.49,G,G,G,1.75,UpUp
6/3/20,46.988,1.35,57.7,6.7,8.6,G,G,G,1.79,UpUp
6/4/20,46.843,1.36,58.1,6.5,8.96,Y,G,G,1.78,UpUp
6/5/20,47.921,1.41,61.6,5.8,10.58,G,G,G,1.82,UpUp
6/8/20,48.572,1.4,61.2,4.9,12.55,G,Y,G,1.82,UpUp
6/9/20,48.005,1.37,59.4,4.6,12.81,Y,Y,G,1.78,UpUp
6/10/20,47.529,1.32,55.3,4.8,11.46,Y,Y,Y,1.73,UpUp
6/11/20,44.952,1.13,37.8,7.8,4.87,R,Y,Y,1.64,DnUp
6/12/20,45.577,1.19,43.6,6.8,6.44,Y,Y,Y,1.61,DnUp
6/15/20,46.151,1.26,50.2,6.3,7.99,Y,Y,Y,1.61,DnUp
6/16/20,46.929,1.24,46.9,6.2,7.6,Y,Y,Y,1.61,DnUp
6/17/20,46.754,1.21,44.2,6.5,6.82,R,Y,Y,1.61,DnUp
6/18/20,46.773,1.2,43.1,7.0,6.15,Y,Y,Y,1.61,UpUp
6/19/20,46.653,1.19,41.7,7.6,5.52,Y,Y,Y,1.6,UpUp
6/22/20,46.894,1.19,41.1,7.3,5.61,G,Y,Y,1.6,UpUp
6/23/20,47.022,1.19,40.5,7.4,5.46,G,Y,Y,1.6,UpUp
6/24/20,45.902,1.11,30.5,9.9,3.08,R,Y,Y,1.58,DnUp
6/25/20,46.369,1.13,33.9,9.6,3.54,Y,Y,Y,1.58,DnUp
6/26/20,45.549,1.08,26.4,13.0,2.02,R,Y,Y,1.54,DnUp
6/29/20,46.123,1.14,33.8,10.0,3.38,Y,Y,Y,1.56,DnUp
6/30/20,46.662,1.1,29.7,10.2,2.92,Y,Y,Y,1.58,DnUp
7/1/20,46.693,1.09,28.9,10.6,2.72,Y,Y,Y,1.6,UpUp
7/2/20,46.943,1.1,31.3,10.9,2.86,G,Y,Y,1.62,UpUp
7/6/20,47.516,1.11,32.4,10.8,3.01,Y,G,G,1.65,UpUp
7/7/20,47.019,1.07,26.9,13.2,2.05,Y,Y,Y,1.63,UpUp
7/8/20,47.359,1.08,28.8,13.2,2.19,G,Y,Y,1.63,UpUp
7/9/20,46.981,1.04,25.2,18.3,1.38,Y,Y,Y,1.51,UpUp
7/10/20,47.402,1.07,28.6,14.7,1.95,G,Y,Y,1.56,UpUp
7/13/20,46.839,1.04,25.6,15.7,1.63,R,Y,Y,1.48,DnUp
7/14/20,47.457,1.04,27.6,15.7,1.76,G,Y,Y,1.51,UpUp
7/15/20,48.28,1.11,33.6,11.8,2.86,G,G,G,1.61,UpUp
7/16/20,48.06,1.09,32.9,12.2,2.69,Y,Y,Y,1.63,UpUp
7/17/20,48.313,1.1,34.2,12.5,2.73,G,G,G,1.65,UpUp
7/20/20,48.656,1.08,31.0,13.7,2.26,Y,Y,Y,1.66,UpUp
7/21/20,48.884,1.1,32.5,10.8,3.0,G,G,G,1.66,UpUp
7/22/20,49.134,1.1,33.5,11.4,2.94,G,Y,Y,1.67,UpUp
7/23/20,48.846,1.09,32.4,12.1,2.67,Y,Y,Y,1.65,UpUp
7/24/20,48.509,1.06,30.3,13.8,2.2,Y,Y,Y,1.62,UpUp
7/27/20,49.037,1.08,31.8,13.9,2.28,G,Y,G,1.63,UpUp
7/28/20,48.632,1.05,29.1,14.3,2.03,Y,Y,Y,1.61,DnUp
7/29/20,49.369,1.08,33.4,13.3,2.52,G,Y,Y,1.64,UpUp
7/30/20,49.201,1.07,31.0,14.5,2.13,Y,Y,Y,1.64,UpUp
7/31/20,49.067,1.05,29.2,16.6,1.76,Y,Y,Y,1.59,UpUp
8/3/20,49.589,1.07,31.7,14.4,2.2,G,Y,Y,1.62,UpUp
8/4/20,49.766,1.08,32.0,13.2,2.42,G,G,G,1.63,UpUp
8/5/20,50.304,1.11,34.8,12.2,2.85,G,G,G,1.65,UpUp
8/6/20,50.312,1.1,34.6,12.9,2.68,G,Y,Y,1.65,UpUp
8/7/20,50.426,1.12,36.4,12.1,3.0,G,G,G,1.65,UpUp
8/10/20,50.559,1.12,37.0,11.3,3.26,G,Y,G,1.65,UpUp
8/11/20,50.265,1.06,29.5,12.0,2.46,Y,Y,Y,1.63,UpUp
8/12/20,50.624,1.07,31.8,12.5,2.54,G,Y,Y,1.64,UpUp
8/13/20,50.672,1.07,31.0,12.9,2.41,G,Y,Y,1.64,UpUp
8/14/20,50.568,1.06,30.7,13.1,2.34,Y,Y,Y,1.64,UpUp
8/17/20,50.928,1.06,30.5,12.9,2.37,G,Y,Y,1.65,UpUp
8/18/20,50.859,1.03,26.6,13.2,2.01,Y,Y,Y,1.64,UpUp
8/19/20,50.66,1.02,25.7,14.3,1.8,Y,Y,Y,1.58,UpUp
8/20/20,50.644,1.01,24.5,15.2,1.61,Y,Y,Y,1.52,DnUp
8/21/20,50.528,0.99,22.9,17.2,1.34,R,R,Y,1.43,DnUp
8/24/20,50.884,1.01,26.5,15.9,1.67,Y,G,Y,1.45,DnUp
8/25/20,51.049,1.01,25.8,15.4,1.67,G,Y,Y,1.47,UpUp
8/26/20,51.188,1.0,25.7,16.6,1.55,G,Y,Y,1.46,UpUp
8/27/20,51.183,1.0,25.6,17.1,1.5,Y,Y,Y,1.44,UpUp
8/28/20,51.506,1.02,27.7,15.9,1.74,Y,G,G,1.49,UpUp
8/31/20,51.213,0.99,23.9,17.5,1.36,Y,R,Y,1.42,UpUp
9/1/20,51.644,1.02,25.6,16.2,1.58,G,G,Y,1.45,UpUp
9/2/20,52.173,1.04,28.4,16.4,1.73,G,G,G,1.51,UpUp
9/3/20,50.638,0.98,19.9,18.6,1.07,R,R,Y,1.34,DnUp
9/4/20,50.221,0.96,18.7,19.5,0.96,R,R,R,1.21,DnUp
9/8/20,49.255,0.94,12.1,21.1,0.57,R,R,R,1.03,DnUp
9/9/20,50.022,0.97,16.0,19.2,0.83,Y,Y,Y,1.03,DnUp
9/10/20,49.451,0.94,11.9,21.4,0.56,Y,R,R,0.96,DnDn
9/11/20,49.432,0.94,12.5,22.6,0.55,R,Y,R,0.92,C/Dn
9/14/20,50.186,0.99,19.1,19.0,1.0,Y,Y,Y,1.0,DnDn
9/15/20,50.362,1.0,19.9,18.5,1.08,Y,Y,G,1.06,UpUp
9/16/20,50.475,1.01,20.8,17.1,1.22,G,G,G,1.11,UpUp
9/17/20,50.183,1.0,18.2,17.5,1.04,Y,Y,Y,1.09,UpUp
9/18/20,49.907,0.99,15.8,18.6,0.85,Y,Y,R,1.04,UpUp
9/21/20,48.984,0.91,8.6,25.3,0.34,R,R,R,0.89,DnDn
9/22/20,49.346,0.9,7.6,25.6,0.3,Y,Y,R,0.84,DnDn
9/23/20,48.309,0.85,5.1,33.7,0.15,Y,R,R,0.73,DnDn
9/24/20,48.297,0.85,5.2,33.5,0.16,R,Y,Y,0.7,DnDn
9/25/20,48.889,0.87,6.3,31.0,0.2,Y,Y,Y,0.73,DnDn
9/28/20,49.718,0.93,9.7,24.1,0.4,Y,Y,Y,0.82,UpDn
9/29/20,49.619,0.92,8.5,23.2,0.36,Y,Y,Y,0.85,UpDn
9/30/20,49.844,0.93,9.3,23.7,0.39,G,Y,Y,0.89,UpDn
10/1/20,50.289,0.95,11.7,22.7,0.52,Y,Y,Y,0.96,UpDn
10/2/20,50.184,0.95,11.8,22.2,0.53,Y,Y,Y,0.98,UpDn
10/5/20,51.082,0.98,15.7,19.4,0.81,G,Y,Y,1.1,UpUp
10/6/20,50.786,0.96,11.8,19.1,0.62,Y,Y,Y,1.09,UpUp
10/7/20,51.581,1.0,17.3,17.5,0.99,G,Y,Y,1.19,UpUp
10/8/20,52.008,1.02,21.1,15.4,1.37,G,G,G,1.3,C/Up
10/9/20,52.411,1.04,23.5,15.0,1.57,G,G,G,1.4,UpUp
10/12/20,52.841,1.02,22.3,15.4,1.45,G,Y,Y,1.46,UpUp
10/13/20,52.666,1.0,18.8,15.0,1.25,Y,Y,Y,1.43,UpUp
10/14/20,52.386,0.99,17.4,15.6,1.12,Y,R,Y,1.38,UpUp
10/15/20,52.438,0.99,17.9,16.2,1.11,G,Y,Y,1.34,UpUp
10/16/20,52.418,0.99,18.4,16.5,1.11,Y,Y,Y,1.31,UpUp
10/19/20,51.909,0.97,14.6,17.5,0.84,Y,R,R,1.21,DnUp
10/20/20,52.113,0.98,15.1,15.8,0.95,Y,Y,Y,1.19,DnUp
10/21/20,51.867,0.96,13.8,17.2,0.8,R,R,R,1.13,DnUp
10/22/20,52.203,0.98,16.8,16.4,1.03,Y,Y,G,1.15,DnUp
10/23/20,52.458,0.99,18.5,16.3,1.14,G,Y,G,1.19,UpUp
10/26/20,51.517,0.94,11.5,18.8,0.61,R,R,R,1.08,C/Dn
10/27/20,51.309,0.92,8.6,19.6,0.44,R,R,R,0.99,DnDn
10/28/20,49.837,0.85,5.2,28.1,0.18,R,R,R,0.82,DnDn
10/29/20,50.225,0.87,6.8,26.5,0.26,Y,Y,Y,0.78,DnDn
10/30/20,49.649,0.85,5.6,29.8,0.19,Y,R,R,0.71,DnDn
11/2/20,50.295,0.91,9.5,23.8,0.4,Y,Y,Y,0.74,DnDn
11/3/20,51.345,0.97,14.2,17.6,0.81,Y,Y,Y,0.87,UpDn
11/4/20,52.075,0.97,14.5,18.4,0.79,Y,Y,Y,0.99,UpDn
11/5/20,53.189,1.03,23.5,15.4,1.53,G,G,G,1.24,UpUp
11/6/20,53.169,1.02,22.7,16.9,1.34,Y,Y,Y,1.31,UpUp
11/9/20,53.764,1.06,27.2,14.4,1.89,G,G,G,1.47,UpUp
11/10/20,53.867,1.09,30.5,12.6,2.43,G,G,G,1.56,C/Up
11/11/20,54.231,1.09,31.3,11.5,2.71,G,Y,G,1.63,UpUp
11/12/20,53.651,1.06,25.7,12.7,2.03,Y,Y,Y,1.61,UpUp
11/13/20,54.391,1.1,32.5,11.9,2.73,G,G,G,1.65,UpUp
11/16/20,55.157,1.12,35.2,10.8,3.26,G,G,G,1.71,UpUp
11/17/20,55.187,1.12,35.6,9.8,3.65,G,Y,G,1.72,UpUp
11/18/20,54.73,1.1,32.8,10.3,3.19,Y,Y,Y,1.7,UpUp
11/19/20,55.063,1.12,34.6,10.1,3.42,G,G,G,1.71,UpUp
11/20/20,55.023,1.12,34.3,9.9,3.47,Y,Y,G,1.7,UpUp
11/23/20,55.501,1.13,35.7,10.0,3.57,G,G,G,1.71,UpUp
11/24/20,56.124,1.17,39.9,8.9,4.48,G,G,G,1.72,UpUp
11/25/20,56.07,1.17,39.2,8.1,4.83,Y,Y,G,1.7,UpUp
11/27/20,56.403,1.19,40.1,7.6,5.29,G,G,G,1.7,UpUp
11/30/20,55.968,1.13,31.4,7.9,4.0,Y,Y,Y,1.67,UpUp
12/1/20,56.379,1.14,35.2,7.5,4.68,G,G,G,1.67,UpUp
12/2/20,56.326,1.15,35.8,7.7,4.67,Y,Y,Y,1.67,UpUp
12/3/20,56.6,1.16,36.8,7.7,4.81,G,Y,Y,1.68,UpUp
12/4/20,57.35,1.2,40.6,7.2,5.6,G,G,G,1.69,UpUp
12/7/20,57.294,1.18,38.5,7.3,5.25,Y,Y,Y,1.68,UpUp
12/8/20,57.614,1.19,39.8,6.9,5.8,G,G,G,1.68,UpUp
12/9/20,57.181,1.17,38.0,7.7,4.94,Y,Y,Y,1.66,UpUp
12/10/20,57.525,1.18,38.6,7.4,5.18,G,G,G,1.66,UpUp
12/11/20,57.346,1.17,37.1,8.0,4.66,Y,Y,Y,1.65,DnUp
12/14/20,57.258,1.16,36.2,7.8,4.64,R,Y,Y,1.64,DnUp
12/15/20,58.045,1.18,39.5,7.1,5.58,G,Y,Y,1.66,UpUp
12/16/20,58.118,1.18,39.1,7.1,5.51,G,Y,Y,1.66,UpUp
12/17/20,58.736,1.2,40.9,6.9,5.94,G,G,G,1.68,UpUp
12/18/20,58.664,1.19,39.5,7.3,5.39,Y,Y,Y,1.67,UpUp
12/21/20,58.46,1.16,35.5,7.3,4.83,Y,Y,Y,1.66,UpUp
12/22/20,58.693,1.15,33.0,7.4,4.45,G,Y,Y,1.66,UpUp
12/23/20,58.876,1.18,35.7,6.9,5.2,G,Y,Y,1.66,UpUp
12/24/20,58.908,1.17,36.0,7.4,4.87,G,Y,Y,1.65,UpUp
12/28/20,58.851,1.17,36.4,7.7,4.74,Y,Y,Y,1.65,UpUp
12/29/20,58.5,1.13,33.6,8.4,4.01,Y,Y,Y,1.63,UpUp
12/30/20,58.866,1.16,35.4,7.9,4.46,G,G,G,1.64,UpUp
12/31/20,58.919,1.15,36.2,8.7,4.14,G,Y,Y,1.64,UpUp
1/4/21,58.288,1.14,33.0,7.4,4.44,Y,Y,Y,1.62,DnUp
1/5/21,58.926,1.18,36.8,6.4,5.78,G,G,G,1.63,UpUp
1/6/21,59.794,1.22,41.1,6.2,6.62,G,G,G,1.66,UpUp
1/7/21,60.708,1.25,43.9,5.4,8.19,G,G,G,1.69,UpUp
1/8/21,60.881,1.25,43.5,5.7,7.68,G,Y,Y,1.69,UpUp
1/11/21,60.675,1.21,39.8,5.6,7.09,Y,Y,Y,1.67,UpUp
1/12/21,61.146,1.24,41.8,4.8,8.79,G,G,G,1.68,UpUp
1/13/21,61.004,1.23,41.2,4.6,8.87,Y,Y,G,1.68,UpUp
1/14/21,61.448,1.26,42.7,4.3,9.87,G,G,G,1.69,UpUp
1/15/21,60.865,1.23,40.3,5.0,8.09,Y,Y,Y,1.67,DnUp
1/19/21,61.49,1.25,41.0,4.1,9.93,G,G,G,1.68,UpUp
1/20/21,62.067,1.26,42.9,3.9,10.87,G,G,G,1.7,UpUp
1/21/21,61.901,1.25,41.9,4.2,9.97,Y,Y,Y,1.69,UpUp
1/22/21,62.021,1.25,41.7,4.2,9.95,G,Y,Y,1.69,UpUp
1/25/21,62.015,1.24,40.3,4.5,9.04,Y,Y,Y,1.69,UpUp
1/26/21,61.67,1.2,35.2,4.9,7.13,Y,Y,Y,1.67,UpUp
1/27/21,60.233,1.13,24.8,7.4,3.35,Y,Y,Y,1.6,DnUp
1/28/21,60.678,1.14,28.0,6.6,4.21,Y,Y,Y,1.58,DnUp
1/29/21,59.779,1.1,20.3,7.6,2.68,Y,Y,Y,1.53,DnUp
2/1/21,60.922,1.17,30.0,5.2,5.73,Y,Y,Y,1.56,DnUp
2/2/21,61.767,1.15,26.7,4.6,5.77,G,Y,Y,1.6,UpUp
2/3/21,61.906,1.18,29.0,4.3,6.71,G,G,G,1.62,UpUp
2/4/21,62.624,1.21,32.9,4.2,7.78,G,G,G,1.66,UpUp
2/5/21,63.211,1.23,35.4,3.7,9.68,G,G,G,1.68,UpUp
2/8/21,64.175,1.28,39.0,3.2,12.2,G,G,G,1.72,UpUp
2/9/21,64.491,1.27,37.5,2.9,12.88,G,Y,G,1.72,UpUp
2/10/21,64.436,1.27,37.0,3.0,12.43,Y,Y,Y,1.72,UpUp
2/11/21,64.637,1.26,37.0,3.5,10.61,G,Y,Y,1.72,UpUp
2/12/21,64.95,1.27,38.3,3.7,10.37,G,G,Y,1.73,UpUp
2/16/21,64.862,1.22,32.6,3.9,8.27,Y,Y,Y,1.72,UpUp
2/17/21,64.578,1.18,28.9,4.4,6.53,Y,Y,Y,1.71,UpUp
2/18/21,63.973,1.14,25.1,5.8,4.33,R,Y,Y,1.68,DnUp
2/19/21,64.593,1.17,28.5,5.4,5.32,Y,Y,Y,1.68,DnUp
2/22/21,63.866,1.14,26.9,5.7,4.71,Y,Y,Y,1.65,DnUp
2/23/21,63.467,1.09,23.4,7.7,3.04,R,Y,Y,1.6,DnUp
2/24/21,64.258,1.13,27.5,6.9,4.02,Y,Y,Y,1.61,DnUp
2/25/21,62.478,1.05,19.9,10.3,1.92,R,Y,Y,1.51,DnUp
2/26/21,62.293,1.03,17.7,12.1,1.46,R,Y,Y,1.37,DnUp
3/1/21,63.824,1.11,25.8,8.6,3.01,Y,Y,Y,1.46,DnUp
3/2/21,63.146,1.07,23.4,9.0,2.62,R,Y,Y,1.47,DnUp
3/3/21,62.226,1.04,22.4,12.8,1.76,R,Y,Y,1.39,DnUp
3/4/21,60.806,0.96,18.1,19.4,0.93,R,R,R,1.14,C/Dn
3/5/21,61.76,1.0,21.7,18.2,1.2,Y,Y,G,1.11,DnUp
3/8/21,61.546,1.0,23.5,19.1,1.23,R,Y,Y,1.08,DnUp
3/9/21,62.647,1.04,24.2,13.2,1.83,Y,Y,Y,1.22,DnUp
3/10/21,63.143,1.07,27.2,13.1,2.07,Y,G,G,1.34,UpUp
3/11/21,64.236,1.12,30.1,9.4,3.22,Y,G,G,1.46,UpUp
3/12/21,64.363,1.13,30.9,9.5,3.24,G,G,G,1.53,UpUp
3/15/21,64.833,1.11,30.3,9.2,3.29,Y,Y,G,1.59,UpUp
3/16/21,64.348,1.07,27.8,10.1,2.76,Y,Y,Y,1.57,UpUp
3/17/21,64.68,1.09,29.3,9.6,3.06,G,G,G,1.58,C/Up
3/18/21,63.416,1.04,24.8,13.1,1.9,R,Y,Y,1.49,DnUp
3/19/21,63.678,1.05,25.3,11.9,2.13,Y,Y,Y,1.47,DnUp
3/22/21,63.664,1.04,24.1,11.9,2.03,R,Y,Y,1.46,DnUp
3/23/21,62.444,0.96,14.8,16.2,0.91,R,R,R,1.22,DnUp
3/24/21,61.651,0.92,13.8,21.7,0.64,Y,R,R,1.02,DnUp
3/25/21,62.222,0.95,18.0,21.1,0.86,Y,Y,Y,0.97,DnDn
3/26/21,63.139,0.97,22.7,19.9,1.14,Y,Y,G,1.03,DnUp
3/29/21,62.416,0.95,20.5,21.8,0.94,R,R,R,0.99,C/Dn
3/30/21,62.722,0.95,19.9,21.9,0.91,Y,Y,Y,0.98,UpDn
3/31/21,63.18,0.97,19.7,18.7,1.05,G,Y,G,1.02,UpUp
4/1/21,64.036,1.0,24.6,16.5,1.5,G,Y,G,1.14,UpUp
4/5/21,64.523,1.01,27.3,16.7,1.64,G,G,G,1.26,UpUp
4/6/21,64.579,1.0,26.6,16.6,1.6,Y,Y,Y,1.31,UpUp
4/7/21,64.14,0.98,25.2,18.9,1.33,Y,Y,Y,1.27,UpUp
4/8/21,64.611,0.99,27.0,17.9,1.51,G,Y,G,1.3,C/Up
4/9/21,64.802,0.99,27.5,19.1,1.44,G,Y,Y,1.32,UpUp
4/12/21,64.631,0.97,27.7,21.5,1.29,Y,R,Y,1.29,UpUp
4/13/21,64.768,0.97,26.6,21.3,1.25,G,Y,Y,1.27,UpUp
4/14/21,64.821,0.97,27.7,21.3,1.3,G,Y,Y,1.27,UpUp
4/15/21,65.319,0.98,30.3,22.0,1.38,G,Y,Y,1.31,UpUp
4/16/21,65.515,0.98,31.4,22.6,1.39,G,Y,Y,1.32,UpUp
4/19/21,64.986,0.96,28.2,23.5,1.2,Y,R,Y,1.26,UpUp
4/20/21,64.245,0.92,21.4,25.1,0.85,Y,R,R,1.13,DnUp
4/21/21,65.086,0.96,26.8,22.6,1.18,G,Y,G,1.16,UpUp
4/22/21,64.888,0.96,23.9,22.4,1.07,Y,Y,Y,1.13,DnUp
4/23/21,65.702,0.99,29.7,21.0,1.41,G,Y,G,1.22,UpUp
4/26/21,66.13,1.01,30.8,18.9,1.63,G,G,G,1.31,UpUp
4/27/21,66.116,0.98,26.9,18.0,1.49,Y,R,Y,1.33,UpUp
4/28/21,66.189,0.99,28.1,17.3,1.62,G,Y,G,1.36,UpUp
4/29/21,66.178,0.99,28.8,18.5,1.55,Y,Y,Y,1.36,UpUp
4/30/21,65.576,0.96,24.9,20.3,1.23,Y,R,Y,1.27,DnUp
5/3/21,65.774,0.98,28.6,20.3,1.41,Y,Y,Y,1.26,DnUp
5/4/21,65.124,0.95,24.1,21.6,1.12,R,R,Y,1.17,DnUp
5/5/21,65.079,0.95,25.6,22.3,1.15,Y,Y,Y,1.13,DnUp
5/6/21,65.096,0.95,27.8,24.2,1.15,Y,Y,Y,1.11,DnUp
5/7/21,65.804,0.98,31.3,23.0,1.36,G,Y,G,1.17,UpUp
5/10/21,64.878,0.94,26.8,25.3,1.06,R,R,Y,1.1,DnUp
5/11/21,64.517,0.93,21.5,23.9,0.9,R,R,R,1.02,C/Dn
5/12/21,62.952,0.87,13.9,28.5,0.49,R,R,R,0.86,DnDn
5/13/21,63.485,0.88,18.0,28.4,0.63,Y,Y,Y,0.83,DnDn
5/14/21,64.654,0.93,23.8,25.0,0.95,Y,Y,Y,0.91,DnDn
5/17/21,64.547,0.95,25.0,24.2,1.03,R,Y,G,0.96,DnDn
5/18/21,64.345,0.96,21.7,20.3,1.07,R,Y,G,0.98,DnDn
5/19/21,63.98,0.95,18.5,21.3,0.87,Y,Y,R,0.95,UpDn
5/20/21,64.671,0.97,21.3,19.7,1.08,G,Y,G,1.0,UpDn
5/21/21,64.736,0.98,22.9,19.4,1.18,G,Y,G,1.04,UpUp
5/24/21,65.138,0.98,25.8,19.8,1.3,Y,Y,G,1.1,UpUp
5/25/21,64.907,0.96,18.8,19.2,0.98,Y,Y,R,1.07,UpUp
5/26/21,65.4,0.99,22.5,17.1,1.32,G,Y,G,1.14,C/Up
5/27/21,65.743,1.01,25.5,16.2,1.57,G,G,G,1.23,UpUp
5/28/21,65.829,1.01,26.8,16.3,1.64,G,Y,G,1.29,UpUp
6/1/21,66.135,1.03,29.3,15.4,1.9,G,G,G,1.38,UpUp
6/2/21,66.13,1.02,26.2,13.7,1.92,Y,Y,G,1.42,UpUp
6/3/21,65.71,1.01,24.4,14.7,1.67,Y,Y,Y,1.36,UpUp
6/4/21,66.139,1.02,27.8,14.2,1.95,G,G,G,1.4,UpUp
6/7/21,66.386,1.03,27.2,13.0,2.09,G,G,G,1.44,UpUp
6/8/21,66.674,1.06,28.3,11.0,2.58,G,G,G,1.47,UpUp
6/9/21,66.442,1.05,25.9,10.7,2.41,Y,Y,Y,1.47,UpUp
6/10/21,66.528,1.05,26.1,11.5,2.28,G,Y,Y,1.46,UpUp
6/11/21,66.865,1.06,28.0,11.0,2.53,G,G,G,1.48,UpUp
6/14/21,66.829,1.05,26.3,11.4,2.31,Y,Y,Y,1.48,UpUp
6/15/21,66.632,1.04,21.5,11.2,1.92,Y,Y,Y,1.45,DnUp
6/16/21,66.377,1.03,19.1,12.1,1.58,R,Y,Y,1.35,DnUp
6/17/21,66.107,1.0,16.3,14.0,1.17,Y,Y,Y,1.23,DnUp
6/18/21,65.293,0.96,12.0,17.9,0.67,Y,R,R,1.07,DnUp
6/21/21,66.153,1.01,17.5,15.0,1.16,Y,G,G,1.09,DnUp
6/22/21,66.345,1.0,16.3,14.1,1.15,Y,Y,Y,1.11,DnUp
6/23/21,66.444,1.02,16.8,13.5,1.24,Y,Y,Y,1.14,UpUp
6/24/21,66.972,1.04,20.1,12.4,1.62,G,G,G,1.24,UpUp
6/25/21,67.203,1.05,21.6,12.5,1.73,G,G,G,1.32,UpUp
6/28/21,67.136,1.02,17.8,13.5,1.32,Y,Y,Y,1.28,UpUp
6/29/21,67.087,1.01,17.8,14.8,1.2,Y,Y,Y,1.24,UpUp
6/30/21,67.023,1.01,16.0,12.3,1.3,Y,Y,G,1.23,UpUp
7/1/21,67.306,1.02,17.4,12.1,1.43,G,Y,Y,1.26,UpUp
7/2/21,67.337,1.01,17.7,13.5,1.31,G,Y,Y,1.25,UpUp
7/6/21,66.963,0.98,15.6,16.3,0.95,R,R,R,1.17,DnUp
7/7/21,66.893,0.96,13.9,18.6,0.75,R,R,R,1.1,DnUp
7/8/21,66.205,0.94,11.2,22.0,0.51,R,R,R,1.01,DnUp
7/9/21,67.224,0.98,15.6,16.4,0.95,Y,Y,Y,1.07,DnUp
7/12/21,67.319,0.99,16.7,16.2,1.03,Y,Y,G,1.1,DnUp
7/13/21,66.687,0.96,13.3,18.5,0.72,R,R,R,1.04,C/Dn
7/14/21,66.263,0.93,11.6,22.4,0.52,R,R,R,0.97,DnDn
7/15/21,65.958,0.91,10.0,24.1,0.42,R,R,R,0.91,DnDn
7/16/21,65.502,0.89,8.6,28.8,0.3,R,R,R,0.85,DnDn
7/19/21,64.64,0.87,6.7,32.8,0.21,R,R,R,0.77,DnDn
7/20/21,65.833,0.92,9.3,25.5,0.37,Y,Y,Y,0.81,DnDn
7/21/21,66.62,0.96,12.1,20.1,0.6,Y,Y,Y,0.89,UpDn
7/22/21,66.462,0.94,11.6,23.8,0.49,Y,Y,Y,0.91,UpDn
7/23/21,66.845,0.94,13.8,25.2,0.55,Y,Y,Y,0.95,UpDn
7/26/21,66.824,0.94,14.3,24.8,0.57,Y,Y,Y,0.97,UpDn
7/27/21,66.356,0.92,12.2,26.3,0.47,Y,Y,Y,0.94,UpDn
7/28/21,66.911,0.95,14.2,22.6,0.63,G,Y,Y,0.98,UpDn
7/29/21,67.303,0.96,16.9,22.0,0.77,G,Y,Y,1.04,UpUp
7/30/21,67.014,0.95,15.8,24.0,0.66,Y,Y,Y,1.04,UpUp
8/2/21,67.005,0.94,13.5,23.5,0.57,Y,Y,Y,1.03,UpUp
8/3/21,67.278,0.94,14.6,23.2,0.63,G,Y,Y,1.05,UpUp
8/4/21,67.011,0.92,13.2,26.8,0.49,Y,R,R,1.03,UpUp
8/5/21,67.598,0.95,15.7,24.2,0.65,G,Y,Y,1.07,UpUp
8/6/21,67.624,0.95,17.0,24.0,0.71,G,Y,Y,1.09,UpUp
8/9/21,67.594,0.95,15.8,24.0,0.66,Y,Y,Y,1.07,UpUp
8/10/21,67.651,0.94,14.7,22.7,0.65,G,Y,Y,1.06,UpUp
8/11/21,67.842,0.95,17.8,22.7,0.79,G,Y,Y,1.08,UpUp
8/12/21,67.821,0.95,17.6,23.8,0.74,Y,Y,Y,1.08,UpUp
8/13/21,67.702,0.93,17.5,26.1,0.67,Y,R,R,1.06,UpUp
8/16/21,67.411,0.9,15.8,28.6,0.55,R,R,R,1.01,DnUp
8/17/21,66.818,0.87,11.3,30.7,0.37,Y,R,R,0.93,DnDn
8/18/21,66.39,0.86,9.3,31.9,0.29,Y,R,R,0.87,DnDn
8/19/21,65.99,0.84,8.7,36.0,0.24,R,R,R,0.81,DnDn
8/20/21,66.582,0.86,11.1,33.7,0.33,Y,Y,Y,0.82,DnDn
8/23/21,67.37,0.91,13.8,28.3,0.49,Y,Y,Y,0.88,DnDn
8/24/21,67.846,0.94,15.1,22.9,0.66,G,Y,Y,0.96,UpDn
8/25/21,68.086,0.95,17.1,22.7,0.75,G,Y,Y,1.03,UpUp
8/26/21,67.613,0.93,14.2,24.4,0.58,Y,Y,Y,1.0,UpUp
8/27/21,68.573,0.98,20.0,20.7,0.97,G,Y,Y,1.1,UpUp
8/30/21,68.605,0.95,17.8,22.4,0.79,G,Y,Y,1.12,UpUp
8/31/21,68.642,0.96,18.2,21.2,0.86,G,Y,Y,1.13,UpUp
9/1/21,68.91,0.97,19.5,20.7,0.94,G,Y,Y,1.16,UpUp
9/2/21,69.24,0.99,21.5,19.9,1.08,G,Y,G,1.21,C/Up
9/3/21,69.213,0.98,21.2,20.2,1.05,Y,Y,Y,1.22,UpUp
9/7/21,68.79,0.96,17.3,22.0,0.79,Y,Y,R,1.16,UpUp
9/8/21,68.428,0.95,13.9,19.6,0.71,Y,R,R,1.1,DnUp
9/9/21,68.345,0.95,13.5,19.8,0.68,Y,Y,R,1.06,DnUp
9/10/21,67.936,0.94,11.8,21.6,0.54,Y,R,R,1.0,DnUp
9/13/21,67.956,0.95,13.5,20.1,0.67,Y,Y,Y,0.98,DnDn
9/14/21,67.481,0.92,10.7,21.7,0.49,R,R,R,0.92,DnDn
9/15/21,68.006,0.94,13.3,21.1,0.63,Y,Y,Y,0.93,DnDn
9/16/21,67.99,0.94,12.9,21.7,0.6,R,Y,R,0.93,C/Dn
9/17/21,67.689,0.93,11.9,22.1,0.54,R,R,Y,0.91,DnDn
9/20/21,66.397,0.87,7.1,28.8,0.25,R,R,R,0.81,DnDn
9/21/21,66.544,0.89,7.3,25.2,0.29,Y,Y,Y,0.78,DnDn
9/22/21,67.253,0.92,9.9,22.3,0.44,Y,Y,Y,0.81,DnDn
9/23/21,68.042,0.95,13.7,19.8,0.69,Y,Y,Y,0.89,UpDn
9/24/21,67.811,0.95,13.8,21.5,0.64,Y,Y,Y,0.91,UpDn
9/27/21,67.865,0.97,16.3,19.1,0.85,Y,Y,Y,0.95,UpDn
9/28/21,66.494,0.93,12.5,20.6,0.61,R,Y,Y,0.88,DnDn
9/29/21,66.367,0.92,12.8,23.1,0.55,R,Y,Y,0.83,DnDn
9/30/21,65.845,0.91,11.1,23.8,0.47,R,R,R,0.78,DnDn
10/1/21,66.454,0.93,13.6,22.4,0.61,Y,Y,Y,0.8,DnDn
10/4/21,65.65,0.91,12.6,25.7,0.49,R,R,R,0.76,DnDn
10/5/21,66.146,0.93,14.2,22.4,0.63,Y,Y,Y,0.78,DnDn
10/6/21,66.085,0.92,13.3,24.0,0.55,R,Y,Y,0.78,DnDn
10/7/21,66.856,0.95,15.5,21.4,0.73,Y,Y,Y,0.84,UpDn
10/8/21,66.583,0.94,15.8,22.9,0.69,Y,Y,Y,0.85,UpDn
10/11/21,66.206,0.93,14.5,22.8,0.64,Y,Y,Y,0.83,UpDn
10/12/21,66.397,0.94,13.9,20.2,0.69,G,Y,Y,0.84,UpDn
10/13/21,66.819,0.95,14.6,18.7,0.78,Y,Y,Y,0.87,UpDn
10/14/21,67.733,0.98,17.6,17.2,1.02,G,Y,G,0.98,C/Up
10/15/21,67.897,0.98,18.0,18.0,1.0,G,Y,Y,1.04,UpUp
10/18/21,68.029,0.97,17.7,19.1,0.93,G,Y,Y,1.07,UpUp
10/19/21,68.397,0.98,19.2,17.9,1.07,G,Y,G,1.12,UpUp
10/20/21,68.688,1.0,20.7,14.6,1.42,G,Y,G,1.2,UpUp
10/21/21,68.846,0.99,21.0,15.2,1.38,G,Y,Y,1.23,UpUp
10/22/21,68.801,0.98,21.0,17.6,1.19,Y,Y,Y,1.22,UpUp
10/25/21,69.156,1.0,24.0,16.8,1.43,G,Y,G,1.26,UpUp
10/26/21,68.934,0.99,21.4,16.6,1.29,Y,Y,Y,1.24,UpUp
10/27/21,68.204,0.96,16.4,19.2,0.85,Y,R,R,1.12,DnUp
10/28/21,69.031,0.98,21.3,17.7,1.2,G,Y,G,1.16,UpUp
10/29/21,69.031,0.98,20.6,18.9,1.09,Y,Y,Y,1.16,UpUp
11/1/21,69.767,1.01,24.9,15.3,1.63,G,G,G,1.28,UpUp
11/2/21,69.857,1.01,24.5,14.2,1.72,G,Y,G,1.34,UpUp
11/3/21,70.435,1.04,28.1,13.3,2.11,G,G,G,1.44,UpUp
11/4/21,70.522,1.03,27.3,14.7,1.86,G,Y,Y,1.46,UpUp
11/5/21,70.89,1.04,30.4,15.2,2.0,G,G,G,1.51,UpUp
11/8/21,71.177,1.03,29.0,14.0,2.07,G,Y,G,1.54,UpUp
11/9/21,71.142,1.02,28.1,14.4,1.95,Y,Y,Y,1.53,UpUp
11/10/21,70.281,0.99,24.4,16.5,1.48,Y,R,Y,1.4,DnUp
11/11/21,70.596,1.01,26.3,16.6,1.58,G,G,Y,1.37,UpUp
11/12/21,71.002,1.01,28.4,16.5,1.72,G,Y,Y,1.4,UpUp
11/15/21,70.856,1.0,27.4,16.9,1.62,Y,Y,Y,1.39,DnUp
11/16/21,70.972,0.99,25.5,17.5,1.46,Y,R,Y,1.36,DnUp
11/17/21,70.511,0.97,23.0,19.8,1.16,Y,R,Y,1.27,UpUp
11/18/21,70.247,0.94,21.7,23.2,0.94,Y,R,R,1.18,DnUp
11/19/21,69.926,0.92,19.0,24.9,0.76,Y,R,R,1.1,DnUp
11/22/21,69.404,0.92,20.0,25.9,0.77,R,Y,Y,1.03,C/Dn
11/23/21,69.238,0.91,20.0,25.8,0.78,R,R,Y,0.99,DnDn
11/24/21,69.368,0.92,20.3,24.6,0.82,Y,Y,Y,0.98,DnDn
11/26/21,67.781,0.86,10.2,30.1,0.34,R,R,R,0.85,DnDn
11/29/21,68.084,0.88,12.1,30.2,0.4,Y,Y,Y,0.81,DnDn
11/30/21,66.785,0.85,7.6,33.2,0.23,R,R,R,0.71,DnDn
12/1/21,65.794,0.81,6.1,39.0,0.16,R,R,R,0.61,DnDn
12/2/21,66.905,0.84,9.0,35.1,0.26,Y,Y,Y,0.63,DnDn
12/3/21,65.912,0.8,7.6,39.6,0.19,R,R,R,0.59,DnDn
12/6/21,66.643,0.85,10.5,35.1,0.3,Y,Y,Y,0.62,DnDn
12/7/21,68.081,0.91,14.5,28.2,0.51,Y,Y,Y,0.73,UpDn
12/8/21,68.543,0.93,16.1,26.5,0.61,Y,Y,Y,0.82,UpDn
12/9/21,67.544,0.89,13.0,30.7,0.42,Y,Y,Y,0.8,UpDn
12/10/21,67.603,0.89,14.7,32.3,0.46,Y,Y,Y,0.8,UpDn
12/13/21,66.869,0.84,10.2,36.0,0.28,Y,R,R,0.75,UpDn
12/14/21,66.252,0.81,7.8,37.9,0.21,R,R,R,0.69,DnDn
12/15/21,67.118,0.84,10.7,36.2,0.3,Y,Y,Y,0.71,DnDn
12/16/21,66.407,0.82,9.8,37.8,0.26,R,R,R,0.69,DnDn
12/17/21,66.294,0.82,8.4,37.3,0.22,R,Y,R,0.68,DnDn
12/20/21,65.181,0.8,7.1,42.1,0.17,R,R,R,0.62,DnDn
12/21/21,66.526,0.85,9.7,34.8,0.28,Y,Y,Y,0.67,UpDn
12/22/21,67.069,0.87,12.2,33.2,0.37,Y,Y,Y,0.72,DnDn
12/23/21,67.536,0.89,14.5,31.3,0.46,Y,Y,Y,0.78,UpDn
12/27/21,68.157,0.89,16.9,31.3,0.54,Y,Y,Y,0.87,UpDn
12/28/21,67.965,0.88,16.7,32.2,0.52,Y,Y,Y,0.89,UpDn
12/29/21,68.034,0.87,17.8,33.3,0.54,G,Y,Y,0.91,UpDn
12/30/21,68.082,0.88,17.2,32.2,0.53,G,Y,Y,0.94,UpDn
12/31/21,68.036,0.89,17.7,32.3,0.55,Y,Y,Y,0.95,UpDn
1/3/22,68.116,0.91,17.8,29.5,0.6,Y,Y,Y,0.96,DnDn
1/4/22,67.915,0.91,21.0,30.1,0.7,R,Y,Y,0.96,DnDn
1/5/22,66.339,0.86,15.4,34.3,0.45,Y,R,R,0.84,DnDn
1/6/22,66.424,0.86,14.4,31.0,0.47,Y,Y,Y,0.79,DnDn
1/7/22,65.914,0.86,14.7,31.6,0.47,R,Y,Y,0.74,DnDn
1/10/22,65.631,0.84,12.2,32.3,0.38,R,R,R,0.69,DnDn
1/11/22,66.349,0.88,14.4,28.1,0.51,Y,Y,Y,0.71,DnDn
1/12/22,66.373,0.88,15.8,28.4,0.56,G,Y,Y,0.73,UpDn
1/13/22,65.609,0.86,15.7,30.8,0.51,R,Y,Y,0.7,DnDn
1/14/22,65.484,0.86,15.9,31.8,0.5,R,Y,Y,0.68,DnDn
1/18/22,64.165,0.82,12.3,36.0,0.34,R,R,R,0.61,DnDn
1/19/22,63.6,0.81,9.9,36.2,0.27,R,R,R,0.56,DnDn
1/20/22,62.89,0.79,8.0,39.4,0.2,Y,R,R,0.51,DnDn
1/21/22,61.727,0.75,6.0,44.9,0.13,R,R,R,0.45,DnDn
1/24/22,62.165,0.77,7.0,42.3,0.16,Y,Y,Y,0.45,DnDn
1/25/22,61.334,0.77,7.3,42.9,0.17,R,Y,Y,0.43,DnDn
1/26/22,60.884,0.76,7.1,45.5,0.16,R,R,R,0.43,DnDn
1/27/22,60.188,0.73,6.8,49.8,0.14,R,R,R,0.41,DnDn
1/28/22,61.208,0.76,7.7,46.7,0.17,Y,Y,Y,0.45,DnDn
1/31/22,62.712,0.82,8.4,38.4,0.22,G,Y,Y,0.52,UpDn
2/1/22,63.264,0.86,9.8,31.0,0.32,Y,Y,Y,0.58,UpDn
2/2/22,63.295,0.85,10.7,33.3,0.32,Y,Y,Y,0.61,UpDn
2/3/22,62.148,0.81,9.7,38.5,0.25,Y,Y,Y,0.6,UpDn
2/4/22,62.461,0.83,10.2,37.3,0.27,G,Y,Y,0.6,UpDn
2/7/22,62.496,0.83,10.5,37.0,0.28,Y,Y,Y,0.63,DnDn
2/8/22,63.156,0.87,12.8,30.2,0.42,Y,Y,Y,0.71,DnDn
2/9/22,64.249,0.91,14.8,25.4,0.58,G,Y,Y,0.85,UpDn
2/10/22,63.324,0.88,13.2,28.7,0.46,Y,Y,Y,0.81,UpDn
2/11/22,62.429,0.86,12.9,33.1,0.39,Y,Y,Y,0.74,DnDn
2/14/22,62.07,0.83,11.0,35.6,0.31,R,Y,Y,0.69,DnDn
2/15/22,63.229,0.91,13.7,25.3,0.54,G,Y,Y,0.74,UpDn
2/16/22,63.319,0.91,15.1,25.1,0.6,Y,Y,Y,0.78,DnDn
2/17/22,61.999,0.87,13.0,31.0,0.42,R,R,R,0.71,DnDn
2/18/22,61.522,0.85,12.1,34.2,0.35,R,R,R,0.65,DnDn
2/22/22,60.721,0.82,10.7,39.0,0.27,R,R,R,0.59,DnDn
2/23/22,59.737,0.81,9.2,40.8,0.23,Y,R,R,0.54,DnDn
2/24/22,60.585,0.83,8.9,36.8,0.24,Y,Y,Y,0.55,DnDn
2/25/22,61.856,0.87,11.8,31.0,0.38,Y,Y,Y,0.61,DnDn
2/28/22,61.904,0.88,12.4,30.6,0.41,Y,Y,Y,0.64,UpDn
3/1/22,61.043,0.85,10.9,33.2,0.33,Y,Y,Y,0.62,UpDn
3/2/22,62.103,0.89,13.4,29.6,0.45,G,Y,Y,0.66,UpDn
3/3/22,61.44,0.87,13.3,33.4,0.4,Y,Y,Y,0.67,UpDn
3/4/22,60.638,0.84,12.8,39.1,0.33,R,R,R,0.64,DnDn
3/7/22,58.933,0.8,11.5,46.8,0.25,R,R,R,0.57,DnDn
3/8/22,58.895,0.82,11.0,43.9,0.25,R,Y,Y,0.54,DnDn
3/9/22,60.362,0.87,11.8,34.6,0.34,Y,Y,Y,0.58,DnDn
3/10/22,60.096,0.86,12.4,37.2,0.33,R,R,R,0.61,DnDn
3/11/22,59.28,0.83,11.7,41.7,0.28,R,R,R,0.6,DnDn
3/14/22,58.564,0.79,9.9,45.3,0.22,R,R,R,0.56,DnDn
3/15/22,59.428,0.81,8.8,39.2,0.22,Y,Y,Y,0.57,UpDn
3/16/22,61.108,0.88,10.8,30.3,0.36,G,Y,Y,0.66,UpDn
3/17/22,61.966,0.92,14.0,25.9,0.54,Y,Y,Y,0.79,UpDn
3/18/22,62.73,0.95,15.0,22.6,0.67,Y,Y,Y,0.92,UpDn
3/21/22,62.403,0.92,13.7,26.5,0.52,Y,Y,Y,0.93,UpDn
3/22/22,63.042,0.95,15.2,19.7,0.77,G,Y,Y,1.01,UpUp
3/23/22,62.15,0.93,13.9,22.6,0.62,Y,Y,Y,0.96,UpDn
3/24/22,62.833,0.95,15.8,21.2,0.74,G,Y,Y,1.0,UpDn
3/25/22,62.833,0.95,16.6,23.0,0.72,Y,Y,Y,1.02,UpUp
3/28/22,62.965,0.94,15.6,23.0,0.68,G,Y,Y,1.03,UpUp
3/29/22,64.132,1.0,22.5,15.7,1.43,G,Y,G,1.21,C/Up
3/30/22,63.5,0.98,18.9,17.8,1.06,Y,Y,Y,1.18,UpUp
3/31/22,62.748,0.95,15.6,20.9,0.75,Y,Y,R,1.08,DnUp
4/1/22,63.138,0.97,17.2,20.4,0.84,G,Y,Y,1.07,UpUp
4/4/22,63.468,0.99,18.6,18.3,1.02,G,Y,G,1.1,UpUp
4/5/22,62.458,0.94,14.7,22.9,0.64,Y,R,R,0.99,DnDn
4/6/22,61.712,0.91,13.8,27.0,0.51,R,R,R,0.88,DnDn
4/7/22,61.746,0.9,14.0,29.3,0.48,Y,R,R,0.82,DnDn
4/8/22,61.533,0.89,14.2,31.3,0.46,Y,R,R,0.78,DnDn
4/11/22,60.895,0.88,13.2,32.8,0.4,Y,R,R,0.73,DnDn
4/12/22,60.795,0.91,13.3,27.9,0.48,R,Y,Y,0.71,C/Dn
4/13/22,61.647,0.94,15.8,24.2,0.65,Y,Y,Y,0.77,DnDn
4/14/22,61.089,0.93,15.0,27.2,0.55,R,Y,Y,0.76,DnDn
4/18/22,60.812,0.91,14.2,29.8,0.48,R,Y,Y,0.74,DnDn
4/19/22,61.773,0.94,16.1,24.3,0.66,G,Y,Y,0.8,UpDn
4/20/22,61.889,0.94,18.1,24.8,0.73,Y,Y,Y,0.85,UpDn
4/21/22,60.736,0.89,14.1,30.1,0.47,R,R,R,0.79,DnDn
4/22/22,59.313,0.84,9.6,35.8,0.27,R,R,R,0.67,DnDn
4/25/22,59.521,0.85,8.7,34.1,0.25,Y,Y,R,0.63,DnDn
4/26/22,57.979,0.79,6.0,42.3,0.14,Y,R,R,0.55,DnDn
4/27/22,57.953,0.79,6.5,43.1,0.15,R,Y,Y,0.53,DnDn
4/28/22,58.91,0.82,8.7,38.0,0.23,Y,Y,Y,0.57,DnDn
4/29/22,57.404,0.78,6.4,43.9,0.15,R,R,R,0.52,DnDn
5/2/22,57.651,0.8,6.4,41.8,0.15,Y,Y,Y,0.51,DnDn
5/3/22,57.975,0.82,7.2,36.6,0.2,Y,Y,Y,0.52,DnDn
5/4/22,59.357,0.87,10.1,30.7,0.33,Y,Y,Y,0.6,UpDn
5/5/22,57.362,0.79,7.4,42.2,0.18,R,R,R,0.54,DnDn
5/6/22,56.688,0.77,7.3,47.5,0.15,R,R,Y,0.49,DnDn
5/9/22,54.666,0.69,4.4,59.9,0.07,R,R,R,0.42,DnDn
5/10/22,54.626,0.7,3.6,58.3,0.06,R,Y,R,0.39,DnDn
5/11/22,53.743,0.67,3.6,63.4,0.06,R,R,Y,0.36,DnDn
5/12/22,54.03,0.68,3.7,63.2,0.06,Y,Y,Y,0.37,DnDn
5/13/22,55.466,0.74,5.1,54.0,0.1,Y,Y,Y,0.44,DnDn
5/16/22,55.2,0.76,6.0,53.4,0.11,Y,Y,Y,0.47,UpDn
5/17/22,56.405,0.82,7.5,41.1,0.18,Y,Y,Y,0.54,UpDn
5/18/22,54.449,0.75,5.4,51.8,0.1,Y,Y,Y,0.5,UpDn
5/19/22,54.726,0.77,5.6,50.3,0.11,G,Y,Y,0.49,UpDn
5/20/22,54.705,0.77,5.5,50.7,0.11,R,Y,Y,0.49,DnDn
5/23/22,55.297,0.79,6.4,46.1,0.14,G,Y,Y,0.51,UpDn
5/24/22,54.689,0.77,6.0,46.8,0.13,R,R,R,0.5,DnDn
5/25/22,55.393,0.8,7.3,43.0,0.17,G,Y,Y,0.55,UpDn
5/26/22,56.456,0.84,9.1,37.8,0.24,G,Y,Y,0.66,UpDn
5/27/22,57.686,0.89,11.9,32.9,0.36,Y,Y,Y,0.83,UpDn
5/31/22,57.277,0.85,9.2,35.0,0.26,Y,Y,Y,0.83,UpDn
6/1/22,56.865,0.84,8.8,34.1,0.26,Y,Y,Y,0.79,UpDn
6/2/22,58.064,0.89,11.3,29.1,0.39,G,Y,Y,0.88,UpDn
6/3/22,57.425,0.87,10.0,31.4,0.32,Y,Y,Y,0.84,UpDn
6/6/22,57.64,0.87,11.2,31.7,0.35,Y,Y,Y,0.84,DnDn
6/7/22,58.182,0.89,12.4,27.9,0.45,G,Y,Y,0.9,UpDn
6/8/22,57.574,0.88,10.7,29.6,0.36,Y,Y,Y,0.87,UpDn
6/9/22,56.431,0.83,8.6,35.2,0.24,Y,R,R,0.76,DnDn
6/10/22,55.022,0.78,6.5,44.2,0.15,R,R,R,0.65,DnDn
6/13/22,52.751,0.7,3.7,59.5,0.06,R,R,R,0.5,DnDn
6/14/22,52.528,0.69,3.6,60.4,0.06,Y,R,Y,0.43,DnDn
6/15/22,53.192,0.72,4.1,54.8,0.07,Y,Y,Y,0.43,DnDn
6/16/22,51.291,0.66,2.8,68.8,0.04,R,R,R,0.38,DnDn
6/17/22,51.548,0.67,2.9,67.7,0.04,Y,Y,Y,0.36,DnDn
6/21/22,52.355,0.74,3.7,52.1,0.07,Y,Y,Y,0.39,DnDn
6/22/22,52.22,0.74,3.5,54.4,0.06,R,Y,Y,0.4,DnDn
6/23/22,52.672,0.76,3.7,50.9,0.07,Y,Y,Y,0.42,DnDn
6/24/22,54.073,0.8,5.0,42.3,0.12,Y,Y,Y,0.49,UpDn
6/27/22,54.117,0.79,4.7,41.9,0.11,G,Y,Y,0.52,UpDn
6/28/22,53.319,0.79,4.4,41.4,0.11,Y,Y,Y,0.51,UpDn
6/29/22,52.986,0.77,3.9,45.4,0.09,Y,Y,Y,0.5,UpDn
6/30/22,52.667,0.75,4.0,48.9,0.08,R,R,Y,0.51,DnDn
7/1/22,53.173,0.77,4.7,45.6,0.1,Y,Y,Y,0.56,DnDn
7/5/22,53.248,0.78,4.9,46.1,0.11,Y,Y,Y,0.61,DnDn
7/6/22,53.057,0.79,5.0,43.0,0.12,R,Y,Y,0.62,DnDn
7/7/22,53.969,0.84,6.2,36.5,0.17,G,Y,Y,0.7,UpDn
7/8/22,53.922,0.84,6.6,36.2,0.18,Y,Y,Y,0.74,UpDn
7/11/22,53.206,0.8,5.2,41.9,0.12,Y,Y,Y,0.69,UpDn
7/12/22,52.892,0.81,5.2,38.9,0.13,R,Y,Y,0.65,DnDn
7/13/22,52.797,0.8,5.5,40.0,0.14,R,Y,Y,0.63,DnDn
7/14/22,52.338,0.78,4.6,44.4,0.1,Y,R,R,0.6,DnDn
7/15/22,53.196,0.81,5.5,39.5,0.14,Y,Y,Y,0.62,DnDn
7/18/22,53.111,0.82,5.3,36.7,0.14,R,Y,Y,0.63,DnDn
7/19/22,54.488,0.91,8.6,24.8,0.34,Y,Y,Y,0.77,UpDn
7/20/22,54.955,0.94,10.7,22.8,0.47,Y,Y,Y,0.87,UpDn
7/21/22,55.359,0.95,13.0,23.0,0.56,G,Y,Y,0.95,UpDn
7/22/22,54.852,0.92,10.2,25.5,0.4,Y,Y,Y,0.92,UpDn
7/25/22,55.002,0.91,9.4,25.5,0.37,Y,Y,Y,0.92,UpDn
7/26/22,54.56,0.9,9.5,25.3,0.37,Y,R,Y,0.88,UpDn
7/27/22,55.657,0.94,14.4,21.1,0.68,G,Y,Y,0.99,UpDn
7/28/22,56.35,0.97,20.0,19.9,1.0,G,Y,Y,1.12,UpUp
7/29/22,56.883,0.99,23.6,19.4,1.22,G,Y,G,1.24,C/Up
8/1/22,56.909,0.96,21.3,20.1,1.06,G,Y,Y,1.27,UpUp
8/2/22,56.821,1.0,21.3,17.1,1.24,Y,Y,G,1.3,UpUp
8/3/22,57.322,1.03,25.9,16.3,1.59,G,G,G,1.4,UpUp
8/4/22,57.272,1.03,25.5,17.0,1.5,Y,Y,Y,1.41,UpUp
8/5/22,57.389,1.04,25.4,16.4,1.54,G,G,G,1.43,UpUp
8/8/22,57.66,1.06,27.1,14.7,1.84,G,G,G,1.48,UpUp
8/9/22,57.065,1.02,22.7,16.0,1.42,Y,Y,Y,1.4,UpUp
8/10/22,58.287,1.07,30.3,13.6,2.22,G,G,G,1.53,UpUp
8/11/22,58.394,1.08,31.9,13.3,2.4,G,G,G,1.59,UpUp
8/12/22,59.227,1.11,35.9,12.6,2.84,G,G,G,1.66,UpUp
8/15/22,59.331,1.09,33.2,13.3,2.49,G,Y,Y,1.68,UpUp
8/16/22,59.382,1.08,32.8,12.9,2.54,G,Y,G,1.68,UpUp
8/17/22,58.766,1.04,29.4,15.1,1.95,Y,Y,Y,1.62,UpUp
8/18/22,58.902,1.05,30.7,15.0,2.05,G,Y,Y,1.61,UpUp
8/19/22,58.084,0.99,25.3,18.1,1.4,Y,R,Y,1.46,DnUp
8/22/22,57.043,0.95,18.8,19.9,0.95,Y,R,R,1.26,DnUp
8/23/22,57.052,0.96,18.1,17.6,1.03,Y,Y,G,1.17,DnUp
8/24/22,57.337,0.98,20.7,17.3,1.19,Y,Y,Y,1.16,DnUp
8/25/22,58.097,1.01,26.1,15.8,1.66,Y,G,Y,1.26,DnUp
8/26/22,56.514,0.95,14.4,19.6,0.74,R,R,R,1.1,C/Dn
8/29/22,56.157,0.94,13.5,20.1,0.67,R,R,R,0.99,DnDn
8/30/22,55.492,0.92,10.4,20.3,0.51,R,R,R,0.88,DnDn
8/31/22,55.189,0.91,9.2,21.5,0.43,R,R,R,0.81,DnDn
9/1/22,54.806,0.88,8.0,24.9,0.32,R,R,R,0.74,DnDn
9/2/22,54.477,0.87,8.0,26.4,0.3,R,R,R,0.68,DnDn
9/6/22,54.156,0.87,7.9,28.1,0.28,R,Y,R,0.64,DnDn
9/7/22,55.082,0.92,10.3,23.4,0.44,Y,Y,Y,0.7,DnDn
9/8/22,55.484,0.94,11.7,22.8,0.51,Y,Y,Y,0.77,UpDn
9/9/22,56.355,0.98,17.3,19.4,0.89,Y,Y,Y,0.9,UpDn
9/12/22,56.878,1.0,19.4,18.0,1.08,Y,Y,G,1.03,UpUp
9/13/22,54.925,0.9,8.9,23.6,0.38,Y,Y,R,0.9,UpDn
9/14/22,55.033,0.9,9.9,24.6,0.4,Y,Y,Y,0.84,DnDn
9/15/22,54.556,0.89,9.0,26.6,0.34,R,R,R,0.77,DnDn
9/16/22,53.986,0.85,7.2,30.7,0.23,R,R,R,0.71,DnDn
9/19/22,54.263,0.87,9.1,28.9,0.31,Y,Y,Y,0.7,DnDn
9/20/22,53.544,0.84,6.8,33.3,0.21,R,R,R,0.65,DnDn
9/21/22,52.856,0.81,5.6,37.7,0.15,R,R,R,0.58,DnDn
9/22/22,52.003,0.78,4.4,45.0,0.1,R,R,R,0.5,DnDn
9/23/22,50.967,0.72,3.1,58.6,0.05,R,R,R,0.43,DnDn
9/26/22,50.306,0.72,2.9,62.9,0.05,R,Y,Y,0.4,DnDn
9/27/22,50.324,0.73,2.7,63.3,0.04,Y,Y,R,0.38,DnDn
9/28/22,51.502,0.78,3.5,49.3,0.07,Y,Y,Y,0.42,DnDn
9/29/22,50.601,0.74,2.9,60.0,0.05,R,R,R,0.4,DnDn
9/30/22,50.258,0.73,3.0,63.2,0.05,R,Y,Y,0.38,DnDn
10/3/22,51.46,0.79,4.3,49.5,0.09,Y,Y,Y,0.45,UpDn
10/4/22,53.077,0.87,6.7,34.0,0.2,G,Y,Y,0.57,UpDn
10/5/22,52.851,0.86,7.0,37.1,0.19,Y,Y,Y,0.62,UpDn
10/6/22,52.463,0.84,7.2,39.4,0.18,Y,Y,Y,0.64,UpDn
10/7/22,51.248,0.79,6.0,48.8,0.12,Y,Y,Y,0.59,UpDn
10/10/22,50.904,0.76,4.7,54.3,0.09,R,R,Y,0.56,DnDn
10/11/22,50.679,0.75,3.9,55.0,0.07,Y,R,R,0.55,DnDn
10/12/22,50.472,0.74,4.0,56.3,0.07,R,R,Y,0.54,DnDn
10/13/22,51.391,0.78,5.8,48.8,0.12,Y,Y,Y,0.57,DnDn
10/14/22,50.309,0.74,4.5,57.2,0.08,R,R,R,0.54,DnDn
10/17/22,51.485,0.79,5.6,46.7,0.12,Y,Y,Y,0.57,UpDn
10/18/22,52.019,0.81,6.0,40.0,0.15,G,Y,Y,0.61,UpDn
10/19/22,51.354,0.78,6.2,45.8,0.14,Y,Y,Y,0.6,UpDn
10/20/22,50.923,0.77,5.7,47.5,0.12,R,R,Y,0.58,DnDn
10/21/22,51.857,0.81,7.6,42.4,0.18,Y,Y,Y,0.61,UpDn
10/24/22,52.118,0.79,7.1,43.6,0.16,G,Y,Y,0.63,UpDn
10/25/22,53.189,0.84,8.7,32.9,0.26,G,Y,Y,0.76,UpDn
10/26/22,53.323,0.86,9.8,32.2,0.3,G,Y,Y,0.83,UpDn
10/27/22,53.322,0.85,10.6,32.8,0.32,Y,Y,Y,0.86,UpDn
10/28/22,54.218,0.88,14.3,30.7,0.47,G,Y,Y,0.96,UpDn
10/31/22,54.057,0.86,11.8,32.1,0.37,Y,Y,Y,0.96,UpDn
11/1/22,54.204,0.87,13.4,27.1,0.49,G,Y,Y,0.98,UpDn
11/2/22,52.925,0.82,9.6,33.3,0.29,Y,R,R,0.86,DnDn
11/3/22,52.744,0.82,10.0,35.7,0.28,R,Y,R,0.78,DnDn
11/4/22,53.441,0.85,13.4,32.6,0.41,Y,Y,Y,0.81,DnDn
11/7/22,53.76,0.86,14.4,30.9,0.46,Y,Y,Y,0.86,DnDn
11/8/22,53.987,0.9,16.9,27.0,0.63,Y,Y,Y,0.92,DnDn
11/9/22,52.985,0.84,12.1,31.8,0.38,Y,Y,Y,0.84,UpDn
11/10/22,55.601,0.95,26.0,24.8,1.05,Y,Y,G,1.08,UpUp
11/11/22,56.092,0.99,29.4,22.1,1.33,G,Y,G,1.23,UpUp
11/14/22,55.565,0.95,23.3,23.3,1.0,Y,Y,Y,1.2,UpUp
11/15/22,56.197,0.99,28.9,19.6,1.47,G,Y,G,1.3,UpUp
11/16/22,55.557,0.95,24.9,22.3,1.12,Y,Y,Y,1.25,UpUp
11/17/22,55.212,0.94,23.4,23.6,0.99,R,R,R,1.18,DnUp
11/18/22,55.448,0.94,24.6,24.0,1.03,Y,Y,G,1.17,DnUp
11/21/22,55.221,0.93,23.6,24.9,0.95,R,R,R,1.14,DnUp
11/22/22,55.891,0.96,28.3,22.6,1.25,Y,Y,G,1.22,DnUp
11/23/22,56.123,0.98,29.7,21.7,1.37,G,Y,G,1.3,C/Up
11/25/22,56.259,0.98,30.5,21.7,1.41,Y,Y,G,1.35,UpUp
11/28/22,55.453,0.93,24.2,24.3,0.99,Y,R,R,1.25,UpUp
11/29/22,55.549,0.94,25.7,22.4,1.15,Y,Y,G,1.23,UpUp
11/30/22,56.868,1.0,33.1,20.1,1.65,G,Y,G,1.39,UpUp
12/1/22,56.979,1.0,33.4,20.2,1.65,G,Y,Y,1.44,UpUp
12/2/22,57.041,1.01,33.8,19.7,1.72,G,G,G,1.48,UpUp
12/5/22,55.937,0.95,26.3,22.5,1.17,Y,R,Y,1.34,UpUp
12/6/22,55.329,0.95,23.0,22.3,1.03,R,Y,Y,1.22,DnUp
12/7/22,55.259,0.94,22.1,23.8,0.93,Y,R,R,1.14,DnUp
12/8/22,55.622,0.95,24.5,23.8,1.03,Y,Y,G,1.13,DnUp
12/9/22,55.241,0.93,21.1,24.7,0.86,Y,R,R,1.09,DnUp
12/12/22,55.743,0.97,27.6,23.1,1.2,Y,Y,G,1.14,DnUp
12/13/22,56.148,1.0,30.6,21.3,1.44,Y,Y,G,1.22,UpUp
12/14/22,55.866,0.99,28.8,22.3,1.29,Y,Y,Y,1.23,UpUp
12/15/22,54.719,0.93,19.2,25.2,0.76,R,R,R,1.1,C/Dn
12/16/22,54.269,0.92,16.2,26.8,0.61,R,R,R,0.99,DnDn
12/19/22,53.739,0.89,14.4,29.3,0.49,R,R,R,0.89,DnDn
12/20/22,53.867,0.89,13.1,28.6,0.46,Y,Y,R,0.85,DnDn
12/21/22,54.638,0.92,17.5,26.8,0.66,Y,Y,Y,0.9,DnDn
12/22/22,54.013,0.9,14.1,28.9,0.49,R,R,R,0.87,DnDn
12/23/22,54.22,0.91,15.7,27.9,0.56,Y,Y,Y,0.88,DnDn
12/27/22,54.087,0.89,16.2,29.4,0.55,Y,Y,Y,0.87,UpDn
12/28/22,53.42,0.86,10.8,30.8,0.35,R,R,R,0.81,DnDn
12/29/22,54.346,0.91,14.7,26.6,0.55,Y,Y,Y,0.85,DnDn
12/30/22,54.17,0.91,13.6,26.1,0.52,Y,Y,Y,0.86,UpDn
1/3/23,54.0,0.92,13.7,26.8,0.51,R,Y,R,0.85,DnDn
1/4/23,54.605,0.96,16.1,22.4,0.72,G,Y,Y,0.9,UpDn
1/5/23,54.135,0.95,14.1,23.4,0.6,Y,Y,Y,0.89,UpDn
1/6/23,55.235,1.0,22.4,20.7,1.09,G,Y,G,1.04,UpUp
1/9/23,55.352,0.99,21.6,19.9,1.09,G,Y,Y,1.11,C/Up
1/10/23,55.846,1.02,22.8,16.7,1.37,Y,G,G,1.22,UpUp
1/11/23,56.452,1.05,27.7,15.1,1.84,G,G,G,1.37,UpUp
1/12/23,56.9,1.08,31.9,13.2,2.42,G,G,G,1.49,UpUp
1/13/23,57.205,1.1,33.5,12.4,2.7,G,G,G,1.56,UpUp
1/17/23,57.168,1.05,24.7,10.9,2.26,Y,Y,Y,1.57,UpUp
1/18/23,56.556,1.02,20.4,13.3,1.53,Y,Y,Y,1.46,UpUp
1/19/23,56.147,1.0,18.7,14.8,1.27,Y,Y,Y,1.33,DnUp
1/20/23,56.991,1.04,24.0,13.2,1.82,G,Y,Y,1.4,UpUp
1/23/23,57.571,1.06,28.4,12.4,2.29,G,Y,Y,1.5,UpUp
1/24/23,57.484,1.06,26.9,11.7,2.29,Y,Y,Y,1.54,UpUp
1/25/23,57.584,1.06,27.3,12.1,2.25,G,Y,Y,1.56,UpUp
1/26/23,58.0,1.07,30.7,12.3,2.49,G,G,G,1.59,UpUp
1/27/23,58.094,1.09,31.6,11.9,2.67,G,G,G,1.59,UpUp
1/30/23,57.477,1.04,24.1,12.2,1.98,Y,Y,Y,1.53,DnUp
1/31/23,58.414,1.08,28.7,9.9,2.9,G,G,G,1.56,UpUp
2/1/23,59.137,1.11,33.4,9.5,3.51,G,G,G,1.62,UpUp
2/2/23,59.776,1.13,36.0,9.2,3.92,G,G,G,1.66,UpUp
2/3/23,59.217,1.1,31.6,9.8,3.24,Y,Y,Y,1.64,UpUp
2/6/23,58.677,1.06,24.1,10.1,2.39,Y,Y,Y,1.58,UpUp
2/7/23,59.168,1.07,25.0,9.3,2.7,G,Y,Y,1.59,UpUp
2/8/23,58.572,1.04,20.7,10.8,1.91,Y,Y,Y,1.53,DnUp
2/9/23,58.104,1.0,17.0,12.8,1.33,Y,Y,Y,1.38,DnUp
2/10/23,58.067,1.0,16.4,13.3,1.23,R,Y,Y,1.28,DnUp
2/13/23,58.647,1.03,23.0,12.4,1.85,Y,Y,Y,1.35,DnUp
2/14/23,58.658,1.04,22.4,11.6,1.93,Y,Y,Y,1.4,DnUp
2/15/23,58.978,1.05,23.9,11.4,2.09,G,G,G,1.45,UpUp
2/16/23,58.462,1.03,20.5,12.7,1.62,Y,Y,Y,1.39,UpUp
2/17/23,58.415,1.02,19.3,13.2,1.47,Y,Y,Y,1.33,UpUp
2/21/23,57.203,0.95,10.4,15.1,0.69,R,R,R,1.13,C/Dn
2/22/23,57.198,0.95,10.7,16.0,0.67,R,Y,R,1.03,DnUp
2/23/23,57.443,0.96,12.6,16.2,0.77,Y,Y,Y,1.0,DnUp
2/24/23,56.902,0.92,9.9,19.6,0.51,R,R,R,0.93,DnDn
2/27/23,57.113,0.95,12.1,18.1,0.67,Y,Y,Y,0.93,DnDn
2/28/23,57.012,0.95,11.9,17.0,0.7,R,Y,Y,0.92,DnDn
3/1/23,57.054,0.95,12.5,18.0,0.69,Y,Y,Y,0.92,DnDn
3/2/23,57.346,0.96,13.9,18.1,0.77,Y,Y,Y,0.94,DnDn
3/3/23,58.03,0.99,17.8,16.1,1.11,Y,Y,G,1.03,UpUp
3/6/23,57.66,0.95,13.5,17.9,0.76,Y,Y,R,1.01,UpUp
3/7/23,56.994,0.93,10.5,19.5,0.54,R,R,R,0.94,DnDn
3/8/23,57.074,0.93,11.1,20.9,0.53,G,Y,R,0.91,UpDn
3/9/23,55.981,0.87,8.3,27.1,0.31,R,R,R,0.81,DnDn
3/10/23,54.89,0.82,5.4,34.4,0.16,R,R,R,0.69,DnDn
3/13/23,54.418,0.83,5.2,35.1,0.15,R,Y,R,0.62,DnDn
3/14/23,55.096,0.85,6.2,32.6,0.19,Y,Y,Y,0.64,DnDn
3/15/23,54.239,0.82,4.7,39.2,0.12,Y,R,R,0.59,DnDn
3/16/23,54.986,0.84,6.2,36.2,0.17,Y,Y,Y,0.61,DnDn
3/17/23,54.168,0.81,5.6,41.5,0.13,R,R,R,0.57,DnDn
3/20/23,54.691,0.83,6.0,39.3,0.15,Y,Y,Y,0.59,UpDn
3/21/23,55.417,0.87,6.9,34.0,0.2,G,Y,Y,0.65,UpDn
3/22/23,54.521,0.83,5.6,39.0,0.14,Y,Y,Y,0.62,UpDn
3/23/23,54.491,0.83,6.3,40.7,0.16,R,Y,Y,0.6,DnDn
3/24/23,54.676,0.83,6.4,39.4,0.16,Y,Y,Y,0.61,UpDn
3/27/23,55.041,0.85,6.5,37.4,0.17,G,Y,Y,0.64,UpDn
3/28/23,55.103,0.84,5.8,36.4,0.16,Y,R,R,0.66,DnDn
3/29/23,55.687,0.86,7.3,33.7,0.22,G,Y,Y,0.74,UpDn
3/30/23,55.921,0.88,8.6,33.0,0.26,Y,Y,Y,0.81,UpDn
3/31/23,56.679,0.91,11.3,30.4,0.37,G,Y,Y,0.91,UpDn
4/3/23,56.768,0.89,10.5,31.4,0.33,G,Y,Y,0.94,UpDn
4/4/23,56.21,0.86,7.6,32.7,0.23,Y,Y,Y,0.89,UpDn
4/5/23,55.845,0.84,6.9,35.2,0.2,Y,R,R,0.83,UpDn
4/6/23,55.882,0.85,7.3,34.9,0.21,Y,Y,Y,0.8,DnDn
4/10/23,56.199,0.87,8.0,32.7,0.24,Y,Y,Y,0.81,DnDn
4/11/23,56.545,0.89,8.9,29.3,0.3,Y,Y,Y,0.85,DnDn
4/12/23,56.376,0.88,9.0,31.5,0.29,Y,Y,Y,0.85,UpDn
4/13/23,56.938,0.91,12.5,29.0,0.43,G,Y,Y,0.91,UpDn
4/14/23,56.692,0.89,11.2,30.3,0.37,Y,Y,Y,0.91,UpDn
4/17/23,56.955,0.9,10.5,29.2,0.36,G,Y,Y,0.92,UpDn
4/18/23,56.987,0.89,10.7,28.1,0.38,G,Y,Y,0.93,UpDn
4/19/23,56.946,0.89,9.6,28.3,0.34,Y,Y,Y,0.92,UpDn
4/20/23,56.76,0.87,8.9,30.3,0.29,Y,R,R,0.89,DnDn
4/21/23,56.762,0.87,9.2,31.0,0.3,G,Y,Y,0.87,UpDn
4/24/23,56.783,0.86,9.7,31.7,0.31,Y,R,Y,0.86,DnDn
4/25/23,55.744,0.83,6.1,34.3,0.18,Y,R,R,0.78,DnDn
4/26/23,55.389,0.81,5.4,36.1,0.15,R,R,R,0.72,DnDn
4/27/23,56.058,0.84,8.0,33.7,0.24,Y,Y,Y,0.74,DnDn
4/28/23,56.506,0.86,9.4,31.4,0.3,Y,Y,Y,0.78,DnDn
5/1/23,56.506,0.86,9.2,31.4,0.29,Y,Y,R,0.8,DnDn
5/2/23,55.803,0.85,7.4,32.9,0.22,Y,Y,Y,0.77,UpDn
5/3/23,55.714,0.85,7.5,33.5,0.22,Y,Y,Y,0.75,UpDn
5/4/23,55.246,0.84,7.1,35.8,0.2,R,Y,R,0.71,DnDn
5/5/23,56.095,0.88,10.5,31.2,0.34,Y,Y,Y,0.75,DnDn
5/8/23,56.075,0.88,10.5,30.5,0.34,R,Y,Y,0.77,DnDn
5/9/23,55.902,0.89,10.0,27.8,0.36,Y,Y,Y,0.78,UpDn
5/10/23,56.034,0.9,10.7,27.9,0.39,G,Y,Y,0.8,UpDn
5/11/23,55.77,0.88,9.4,30.6,0.31,Y,Y,Y,0.79,UpDn
5/12/23,55.661,0.87,9.0,31.6,0.29,R,R,R,0.78,DnDn
5/15/23,56.072,0.89,10.9,28.7,0.38,Y,Y,Y,0.81,DnDn
5/16/23,55.482,0.88,8.3,29.1,0.28,R,R,R,0.78,DnDn
5/17/23,56.116,0.91,10.0,25.3,0.39,G,Y,Y,0.82,UpDn
5/18/23,56.452,0.92,11.9,25.1,0.47,G,Y,Y,0.88,UpDn
5/19/23,56.297,0.92,11.9,26.0,0.46,Y,Y,Y,0.89,UpDn
5/22/23,56.48,0.92,11.9,24.4,0.49,G,Y,Y,0.92,UpDn
5/23/23,55.941,0.92,8.7,21.2,0.41,Y,Y,Y,0.88,UpDn
5/24/23,55.406,0.89,7.5,24.4,0.31,Y,R,R,0.83,DnDn
5/25/23,55.352,0.87,8.1,27.9,0.29,Y,R,R,0.79,DnDn
5/26/23,55.856,0.89,10.3,26.5,0.39,Y,Y,Y,0.81,DnDn
5/30/23,55.715,0.89,9.8,27.7,0.35,Y,Y,R,0.81,DnDn
5/31/23,55.267,0.9,8.4,25.9,0.32,R,Y,R,0.79,DnDn
6/1/23,55.743,0.93,10.7,23.8,0.45,G,Y,Y,0.82,UpDn
6/2/23,56.908,0.98,15.5,19.3,0.81,G,Y,Y,0.96,UpDn
6/5/23,56.582,0.96,12.9,21.3,0.6,Y,Y,Y,0.97,UpDn
6/6/23,57.237,1.0,16.7,17.4,0.96,G,Y,Y,1.07,UpUp
6/7/23,57.465,1.01,20.0,16.5,1.21,Y,G,G,1.16,UpUp
6/8/23,57.555,1.01,20.2,16.7,1.21,G,Y,Y,1.2,C/Up
6/9/23,57.391,1.0,18.8,18.0,1.05,Y,Y,Y,1.19,UpUp
6/12/23,57.748,1.0,19.5,17.6,1.11,G,Y,G,1.22,UpUp
6/13/23,58.227,1.02,22.1,15.7,1.4,G,G,G,1.3,UpUp
6/14/23,58.037,1.01,21.1,17.0,1.24,Y,Y,Y,1.29,UpUp
6/15/23,58.605,1.03,25.1,16.0,1.57,G,G,G,1.37,UpUp
6/16/23,58.418,1.02,23.8,16.6,1.43,Y,Y,Y,1.36,UpUp
6/20/23,58.044,0.98,17.1,16.9,1.01,Y,R,Y,1.27,UpUp
6/21/23,57.939,0.97,16.6,17.7,0.94,Y,R,R,1.21,DnUp
6/22/23,57.748,0.96,14.8,19.1,0.78,R,R,R,1.14,DnUp
6/23/23,57.197,0.93,11.9,21.4,0.56,Y,R,R,1.04,DnUp
6/26/23,57.251,0.94,12.5,20.9,0.6,Y,Y,Y,0.99,DnDn
6/27/23,57.871,0.96,16.7,19.3,0.87,Y,Y,Y,1.03,DnUp
6/28/23,57.923,0.97,17.1,19.8,0.87,Y,Y,Y,1.05,DnUp
6/29/23,58.269,0.98,19.9,18.7,1.07,Y,Y,G,1.1,UpUp
6/30/23,58.712,1.0,22.2,17.9,1.24,G,Y,G,1.18,UpUp
7/3/23,58.837,0.99,21.6,16.8,1.28,G,Y,G,1.23,UpUp
7/5/23,58.438,0.97,18.3,16.3,1.12,Y,Y,Y,1.2,UpUp
7/6/23,57.748,0.94,13.5,19.2,0.71,R,R,R,1.09,C/Dn
7/7/23,58.009,0.96,16.7,17.6,0.95,Y,Y,Y,1.08,DnUp
7/10/23,58.558,0.99,20.4,16.5,1.24,Y,Y,G,1.15,DnUp
7/11/23,59.035,1.02,23.7,14.1,1.68,G,G,G,1.28,C/Up
7/12/23,59.518,1.04,26.6,13.3,2.0,G,G,G,1.42,UpUp
7/13/23,59.986,1.06,29.3,12.9,2.28,Y,G,G,1.51,UpUp
7/14/23,59.698,1.03,26.0,14.1,1.85,Y,Y,Y,1.5,UpUp
7/17/23,60.061,1.03,25.8,14.3,1.81,G,Y,Y,1.51,UpUp
7/18/23,60.483,1.05,28.9,12.7,2.28,G,G,G,1.56,UpUp
7/19/23,60.628,1.06,29.9,12.6,2.37,G,G,G,1.59,UpUp
7/20/23,60.247,1.04,28.2,13.6,2.07,Y,Y,Y,1.57,UpUp
7/21/23,60.242,1.03,28.0,14.1,1.99,Y,Y,Y,1.56,UpUp
7/24/23,60.308,1.03,28.3,14.8,1.9,G,Y,Y,1.54,UpUp
7/25/23,60.442,1.02,28.1,14.8,1.9,Y,Y,Y,1.54,DnUp
7/26/23,60.621,1.04,29.3,14.7,2.0,Y,Y,Y,1.56,DnUp
7/27/23,60.081,1.0,25.9,16.3,1.58,R,Y,Y,1.47,DnUp
7/28/23,60.64,1.04,29.2,15.1,1.93,G,G,Y,1.51,UpUp
7/31/23,60.906,1.05,30.2,13.8,2.18,G,G,G,1.55,UpUp
8/1/23,60.67,1.03,26.6,13.7,1.94,Y,Y,Y,1.53,UpUp
8/2/23,59.894,0.99,21.4,15.8,1.35,R,R,Y,1.38,DnUp
8/3/23,59.798,0.98,20.4,17.0,1.2,R,R,Y,1.28,DnUp
8/4/23,59.72,0.98,19.5,17.5,1.11,Y,Y,Y,1.21,DnUp
8/7/23,60.068,0.98,23.0,18.0,1.28,Y,Y,Y,1.21,DnUp
8/8/23,59.714,0.97,17.9,18.3,0.98,R,R,R,1.15,DnUp
8/9/23,59.466,0.95,16.1,20.1,0.8,R,R,R,1.09,C/Dn
8/10/23,59.45,0.95,15.7,21.0,0.75,R,Y,R,1.05,DnUp
8/11/23,59.393,0.94,15.6,21.7,0.72,R,R,R,1.02,DnUp
8/14/23,59.402,0.94,14.9,21.9,0.68,Y,Y,R,1.0,DnUp
8/15/23,58.778,0.91,10.5,23.9,0.44,R,R,R,0.93,DnDn
8/16/23,58.292,0.88,9.1,26.9,0.34,R,R,R,0.86,DnDn
8/17/23,57.721,0.86,7.9,29.1,0.27,R,R,R,0.78,DnDn
8/18/23,57.794,0.87,8.6,29.3,0.29,Y,Y,Y,0.75,DnDn
8/21/23,57.871,0.88,9.3,28.3,0.33,Y,Y,Y,0.75,DnDn
8/22/23,57.752,0.87,7.4,28.5,0.26,R,R,R,0.74,DnDn
8/23/23,58.307,0.89,8.3,26.3,0.32,Y,Y,Y,0.77,UpDn
8/24/23,57.689,0.86,7.3,28.7,0.26,R,Y,R,0.74,DnDn
8/25/23,57.91,0.87,7.6,28.6,0.27,G,Y,Y,0.74,UpDn
8/28/23,58.285,0.89,8.8,27.1,0.32,G,Y,Y,0.77,UpDn
8/29/23,59.054,0.91,9.3,23.2,0.4,Y,Y,Y,0.85,UpDn
8/30/23,59.27,0.92,10.0,22.9,0.44,G,Y,Y,0.91,UpDn
8/31/23,59.142,0.91,10.2,23.7,0.43,Y,Y,Y,0.92,UpDn
9/1/23,59.466,0.93,12.3,23.6,0.52,G,Y,Y,0.96,UpDn
9/5/23,58.728,0.89,8.6,26.2,0.33,Y,Y,Y,0.9,UpDn
9/6/23,58.539,0.87,7.5,26.5,0.29,R,R,R,0.86,DnDn
9/7/23,58.247,0.86,7.3,29.7,0.25,Y,R,R,0.81,DnDn
9/8/23,58.139,0.86,7.6,30.0,0.25,R,Y,Y,0.78,DnDn
9/11/23,58.315,0.88,8.4,28.6,0.29,Y,Y,Y,0.78,DnDn
9/12/23,58.144,0.88,8.2,27.4,0.3,R,Y,Y,0.77,DnDn
9/13/23,57.94,0.87,7.7,29.0,0.27,R,Y,R,0.75,DnDn
9/14/23,58.501,0.89,9.2,26.1,0.35,G,Y,Y,0.78,UpDn
9/15/23,58.005,0.88,8.2,27.5,0.3,R,Y,Y,0.76,DnDn
9/18/23,57.893,0.86,7.8,29.4,0.26,R,R,R,0.74,DnDn
9/19/23,57.738,0.85,6.8,28.8,0.24,R,R,R,0.72,DnDn
9/20/23,57.473,0.84,6.5,30.4,0.21,R,R,R,0.7,DnDn
9/21/23,56.54,0.81,5.3,35.2,0.15,Y,R,R,0.63,DnDn
9/22/23,56.511,0.81,5.5,36.4,0.15,R,Y,Y,0.6,DnDn
9/25/23,56.597,0.82,6.4,35.6,0.18,Y,Y,Y,0.61,DnDn
9/26/23,55.882,0.8,4.8,38.2,0.13,R,R,R,0.58,DnDn
9/27/23,56.072,0.8,5.9,38.2,0.15,Y,Y,Y,0.58,DnDn
9/28/23,56.492,0.82,6.4,36.8,0.17,Y,Y,Y,0.6,DnDn
9/29/23,56.283,0.82,5.6,36.0,0.16,R,Y,Y,0.6,DnDn
10/2/23,55.768,0.79,4.5,40.5,0.11,R,R,R,0.58,DnDn
10/3/23,54.955,0.76,3.4,44.8,0.08,R,R,R,0.53,DnDn
10/4/23,55.233,0.76,3.3,43.6,0.08,Y,Y,Y,0.52,DnDn
10/5/23,55.193,0.77,3.6,43.4,0.08,R,Y,Y,0.53,DnDn
10/6/23,55.718,0.79,4.1,40.4,0.1,Y,Y,Y,0.56,DnDn
10/9/23,56.022,0.8,4.8,38.2,0.13,Y,Y,Y,0.59,UpDn
10/10/23,56.46,0.83,4.8,31.7,0.15,Y,Y,Y,0.64,UpDn
10/11/23,56.56,0.83,5.1,32.4,0.16,G,Y,Y,0.71,UpDn
10/12/23,55.811,0.8,4.7,37.0,0.13,Y,Y,Y,0.68,UpDn
10/13/23,55.513,0.79,5.1,39.2,0.13,R,Y,Y,0.65,DnDn
10/16/23,56.106,0.81,5.4,35.7,0.15,G,Y,Y,0.67,UpDn
10/17/23,56.322,0.84,6.1,30.8,0.2,Y,Y,Y,0.71,DnDn
10/18/23,55.416,0.8,5.7,36.3,0.16,Y,R,Y,0.67,DnDn
10/19/23,54.752,0.78,5.0,40.7,0.12,R,R,R,0.62,DnDn
10/20/23,54.168,0.76,4.1,44.7,0.09,R,R,R,0.57,DnDn
10/23/23,53.893,0.75,3.6,46.0,0.08,Y,R,R,0.55,DnDn
10/24/23,54.193,0.79,3.8,39.1,0.1,Y,Y,Y,0.55,DnDn
10/25/23,53.53,0.76,3.8,44.7,0.09,R,R,R,0.53,DnDn
10/26/23,53.443,0.76,3.8,44.5,0.09,R,Y,Y,0.52,DnDn
10/27/23,53.031,0.75,3.7,47.9,0.08,R,R,R,0.5,DnDn
10/30/23,53.423,0.77,3.7,43.9,0.09,Y,Y,Y,0.51,DnDn
10/31/23,53.76,0.8,3.9,37.7,0.1,Y,Y,Y,0.53,DnDn
11/1/23,54.094,0.81,4.3,37.0,0.12,Y,Y,Y,0.56,UpDn
11/2/23,55.11,0.86,6.4,30.6,0.21,Y,Y,Y,0.63,UpDn
11/3/23,56.058,0.92,9.7,25.8,0.37,Y,Y,Y,0.77,UpDn
11/6/23,55.847,0.87,6.0,29.4,0.2,Y,Y,Y,0.81,UpDn
11/7/23,55.844,0.88,6.4,27.1,0.23,Y,Y,Y,0.84,UpDn
11/8/23,55.666,0.87,6.3,29.2,0.21,Y,Y,Y,0.84,UpDn
11/9/23,55.226,0.84,5.6,32.6,0.17,Y,R,R,0.79,UpDn
11/10/23,55.823,0.85,7.8,32.2,0.24,Y,Y,Y,0.83,DnDn
11/13/23,55.86,0.86,7.8,31.3,0.25,G,Y,Y,0.86,UpDn
11/14/23,57.486,0.94,17.9,23.6,0.76,G,Y,Y,1.05,UpUp
11/15/23,57.586,0.96,19.9,22.9,0.87,G,Y,Y,1.12,UpUp
11/16/23,57.263,0.93,17.8,25.1,0.71,Y,Y,Y,1.11,UpUp
11/17/23,57.616,0.96,21.5,23.7,0.91,G,Y,Y,1.15,UpUp
11/20/23,57.945,0.95,21.1,23.5,0.9,G,Y,Y,1.19,UpUp
11/21/23,57.721,0.94,19.7,23.0,0.86,Y,Y,Y,1.17,UpUp
11/22/23,57.957,0.95,21.5,22.8,0.95,G,Y,Y,1.17,UpUp
11/24/23,58.21,0.96,23.9,21.4,1.11,G,Y,G,1.21,C/Up
11/27/23,58.065,0.95,22.0,22.6,0.97,Y,R,R,1.19,UpUp
11/28/23,57.913,0.96,23.3,20.6,1.13,Y,Y,G,1.19,DnUp
11/29/23,58.098,0.97,25.0,20.7,1.21,G,Y,G,1.21,UpUp
11/30/23,58.343,0.98,26.5,20.5,1.3,G,Y,G,1.25,UpUp
12/1/23,59.244,1.02,33.0,18.5,1.79,G,G,G,1.4,UpUp
12/4/23,59.305,1.02,30.5,18.4,1.66,G,Y,Y,1.44,UpUp
12/5/23,58.88,1.0,28.5,17.9,1.59,Y,Y,Y,1.4,UpUp
12/6/23,58.819,1.0,28.3,18.6,1.52,Y,Y,Y,1.36,UpUp
12/7/23,59.141,1.01,30.8,18.5,1.66,G,G,G,1.39,UpUp
12/8/23,59.364,1.02,30.8,18.3,1.68,G,Y,Y,1.42,UpUp
12/11/23,59.638,1.01,30.8,19.3,1.6,G,Y,Y,1.43,UpUp
12/12/23,59.756,1.01,31.3,19.3,1.62,G,Y,G,1.44,UpUp
12/13/23,60.942,1.06,38.0,17.5,2.17,G,G,G,1.57,UpUp
12/14/23,61.745,1.1,41.7,15.7,2.66,G,G,G,1.64,UpUp
12/15/23,61.487,1.09,39.5,16.4,2.4,Y,Y,Y,1.65,UpUp
12/18/23,61.564,1.06,36.7,16.9,2.18,G,Y,Y,1.65,UpUp
12/19/23,62.22,1.1,40.2,14.8,2.72,G,G,G,1.67,UpUp
12/20/23,61.309,1.06,35.8,15.6,2.29,Y,Y,Y,1.64,UpUp
12/21/23,62.048,1.09,39.3,15.1,2.6,G,Y,Y,1.65,UpUp
12/22/23,62.333,1.11,40.6,14.3,2.84,G,G,G,1.66,UpUp
12/26/23,62.741,1.13,41.5,14.0,2.97,G,G,G,1.68,UpUp
12/27/23,62.88,1.14,42.1,12.9,3.28,G,G,G,1.68,UpUp
12/28/23,62.824,1.13,41.6,12.5,3.34,Y,Y,G,1.68,UpUp
12/29/23,62.48,1.11,39.9,12.7,3.14,Y,Y,Y,1.66,UpUp
1/2/24,62.064,1.09,36.8,12.9,2.86,Y,Y,Y,1.64,DnUp
1/3/24,61.12,1.05,30.7,12.5,2.45,Y,Y,Y,1.59,DnUp
1/4/24,61.042,1.05,30.6,12.9,2.36,Y,Y,Y,1.55,DnUp
1/5/24,61.024,1.05,31.3,13.5,2.31,R,Y,Y,1.53,DnUp
1/8/24,61.784,1.09,37.1,13.1,2.84,Y,Y,Y,1.55,DnUp
1/9/24,61.484,1.08,33.6,13.3,2.53,R,Y,Y,1.55,DnUp
1/10/24,61.688,1.08,34.7,13.6,2.55,G,Y,G,1.55,UpUp
1/11/24,61.626,1.06,33.2,14.7,2.27,Y,Y,Y,1.54,UpUp
1/12/24,61.638,1.06,33.3,14.9,2.23,Y,Y,Y,1.54,UpUp
1/16/24,61.238,1.03,27.9,16.8,1.67,R,Y,Y,1.46,DnUp
1/17/24,60.835,1.01,21.3,17.8,1.2,R,Y,Y,1.33,DnUp
1/18/24,61.259,1.01,23.2,18.0,1.29,Y,Y,Y,1.3,DnUp
1/19/24,61.793,1.02,26.7,18.3,1.46,G,Y,Y,1.33,UpUp
1/22/24,62.345,1.05,30.9,17.1,1.81,G,Y,Y,1.43,UpUp
1/23/24,62.199,1.04,27.3,15.9,1.72,Y,Y,Y,1.45,UpUp
1/24/24,62.037,1.03,26.5,16.3,1.63,Y,Y,Y,1.44,UpUp
1/25/24,62.388,1.05,29.4,16.2,1.82,G,G,G,1.48,UpUp
1/26/24,62.473,1.05,29.9,15.8,1.89,G,Y,G,1.51,UpUp
1/29/24,63.046,1.06,32.4,15.3,2.12,G,G,G,1.57,UpUp
1/30/24,62.959,1.03,26.2,16.0,1.64,Y,Y,Y,1.52,UpUp
1/31/24,62.061,0.99,20.3,18.1,1.12,Y,R,Y,1.37,UpUp
2/1/24,62.785,1.01,25.4,17.6,1.44,G,G,Y,1.37,UpUp
2/2/24,62.817,1.0,23.8,19.3,1.23,G,Y,Y,1.34,UpUp
2/5/24,62.347,0.97,19.8,21.7,0.91,Y,R,R,1.25,DnUp
2/6/24,62.642,0.97,17.8,19.8,0.9,Y,Y,R,1.22,DnUp
2/7/24,62.911,0.97,19.0,21.4,0.88,G,Y,R,1.21,UpUp
2/8/24,63.241,0.98,19.9,20.4,0.98,G,Y,Y,1.23,UpUp
2/9/24,63.678,1.0,21.9,19.6,1.12,G,Y,G,1.28,UpUp
2/12/24,64.078,1.02,24.3,17.2,1.41,G,G,G,1.35,UpUp
2/13/24,62.701,0.95,13.8,21.9,0.63,Y,R,R,1.2,UpUp
2/14/24,63.618,0.99,18.9,19.1,0.99,G,Y,Y,1.21,UpUp
2/15/24,64.396,1.02,23.9,16.4,1.46,G,G,G,1.32,UpUp
2/16/24,64.039,1.01,22.2,17.2,1.29,Y,Y,Y,1.32,UpUp
2/20/24,63.598,0.98,19.2,19.0,1.01,Y,R,Y,1.25,DnUp
2/21/24,63.528,0.97,16.2,19.7,0.82,Y,Y,R,1.19,UpUp
2/22/24,64.355,0.98,20.6,21.0,0.98,G,Y,Y,1.22,UpUp
2/23/24,64.391,0.98,21.8,21.0,1.03,Y,Y,G,1.24,DnUp
2/26/24,64.476,0.99,21.5,20.2,1.06,G,Y,Y,1.26,UpUp
2/27/24,64.749,1.0,21.9,18.7,1.17,G,Y,G,1.29,UpUp
2/28/24,64.606,0.98,20.0,20.3,0.99,Y,Y,R,1.27,UpUp
2/29/24,64.926,0.99,22.0,20.0,1.1,G,Y,G,1.29,UpUp
3/1/24,65.421,1.01,24.9,18.9,1.32,G,G,G,1.35,UpUp
3/4/24,65.47,0.99,22.9,19.8,1.16,G,R,Y,1.35,UpUp
3/5/24,64.908,0.97,18.1,20.1,0.9,Y,R,R,1.27,UpUp
3/6/24,65.373,0.98,21.4,19.8,1.08,G,Y,G,1.27,UpUp
3/7/24,65.92,1.0,24.3,19.6,1.24,G,Y,G,1.32,UpUp
3/8/24,65.649,0.99,23.5,19.1,1.23,Y,R,Y,1.32,UpUp
3/11/24,65.442,0.98,22.8,19.7,1.16,Y,R,Y,1.29,DnUp
3/12/24,65.806,0.98,22.9,19.6,1.17,G,Y,G,1.3,UpUp
3/13/24,65.875,0.98,24.1,20.1,1.2,G,Y,G,1.3,UpUp
3/14/24,65.232,0.95,20.2,23.4,0.86,Y,R,R,1.21,DnUp
3/15/24,65.186,0.95,19.7,22.6,0.87,R,Y,Y,1.16,DnUp
3/18/24,65.129,0.95,20.3,22.6,0.9,R,Y,Y,1.13,C/Dn
3/19/24,65.46,0.96,21.0,20.6,1.02,Y,Y,G,1.14,DnUp
3/20/24,66.258,0.99,26.0,18.3,1.42,G,Y,G,1.25,C/Up
3/21/24,66.724,1.0,27.3,18.4,1.49,G,Y,G,1.33,UpUp
3/22/24,66.322,0.99,24.7,20.0,1.23,Y,Y,Y,1.3,UpUp
3/25/24,66.25,0.97,22.7,20.1,1.13,Y,Y,Y,1.26,UpUp
3/26/24,66.202,0.97,21.7,18.7,1.16,Y,Y,G,1.24,UpUp
3/27/24,66.928,1.01,27.2,16.9,1.61,G,G,G,1.34,UpUp
3/28/24,67.092,1.02,28.4,16.6,1.72,G,G,G,1.41,UpUp
4/1/24,66.668,0.99,25.3,17.5,1.45,Y,R,Y,1.37,UpUp
4/2/24,65.953,0.97,20.1,18.5,1.08,R,Y,Y,1.26,DnUp
4/3/24,66.17,0.98,22.3,18.3,1.22,Y,Y,G,1.23,DnUp
4/4/24,65.536,0.96,17.4,19.1,0.91,Y,R,R,1.14,DnUp
4/5/24,65.983,0.97,20.6,19.3,1.07,Y,Y,G,1.14,DnUp
4/8/24,66.183,0.99,23.5,18.5,1.27,Y,Y,Y,1.17,DnUp
4/9/24,66.258,0.99,21.6,16.7,1.29,Y,Y,G,1.19,UpUp
4/10/24,65.247,0.95,14.0,20.0,0.7,R,R,R,1.08,C/Dn
4/11/24,65.459,0.96,16.2,20.0,0.81,Y,Y,Y,1.04,DnUp
4/12/24,64.45,0.92,10.6,23.3,0.46,R,R,R,0.93,DnDn
4/15/24,63.732,0.9,9.6,25.9,0.37,R,R,R,0.83,DnDn
4/16/24,63.472,0.88,7.7,26.9,0.29,R,R,R,0.76,DnDn
4/17/24,63.088,0.87,6.9,28.3,0.25,R,R,R,0.71,DnDn
4/18/24,62.971,0.87,7.6,28.6,0.26,R,Y,Y,0.68,DnDn
4/19/24,62.9,0.87,8.2,28.9,0.28,R,Y,Y,0.67,DnDn
4/22/24,63.405,0.89,9.6,26.2,0.37,Y,Y,Y,0.7,DnDn
4/23/24,64.216,0.93,11.1,22.1,0.5,Y,Y,Y,0.77,UpDn
4/24/24,64.24,0.92,11.3,22.8,0.49,Y,Y,Y,0.8,UpDn
4/25/24,64.026,0.91,11.0,24.8,0.44,Y,Y,Y,0.8,UpDn
4/26/24,64.371,0.93,12.5,23.4,0.53,Y,Y,Y,0.83,UpDn
4/29/24,64.643,0.93,12.6,22.6,0.56,G,Y,Y,0.86,UpDn
4/30/24,63.626,0.9,8.3,24.1,0.35,R,R,R,0.81,DnDn
5/1/24,63.585,0.9,8.7,24.0,0.36,R,Y,Y,0.78,DnDn
5/2/24,64.247,0.93,11.3,22.0,0.51,G,Y,Y,0.83,UpDn
5/3/24,64.874,0.95,13.2,21.3,0.62,G,Y,Y,0.91,UpDn
5/6/24,65.55,0.97,15.2,20.3,0.75,G,Y,Y,1.01,UpUp
5/7/24,65.656,0.96,14.1,19.2,0.74,Y,Y,Y,1.04,UpUp
5/8/24,65.498,0.96,14.5,20.1,0.72,Y,Y,Y,1.04,UpUp
5/9/24,66.039,0.98,17.9,19.5,0.92,G,Y,Y,1.1,UpUp
5/10/24,66.057,0.97,17.9,20.8,0.86,G,Y,Y,1.1,UpUp
5/13/24,65.937,0.96,16.3,20.4,0.8,Y,R,Y,1.08,UpUp
5/14/24,66.338,0.98,18.6,18.2,1.02,G,Y,G,1.13,C/Up
5/15/24,67.052,1.0,24.5,17.7,1.38,G,Y,G,1.24,UpUp
5/16/24,66.774,1.0,22.2,18.0,1.24,Y,Y,Y,1.24,UpUp
5/17/24,66.882,1.0,23.6,18.1,1.31,G,Y,G,1.25,UpUp
5/20/24,67.007,0.99,22.2,18.2,1.22,G,Y,Y,1.25,UpUp
5/21/24,66.879,0.99,20.5,17.9,1.14,Y,Y,Y,1.23,UpUp
5/22/24,66.516,0.97,16.8,18.6,0.9,Y,R,R,1.16,DnUp
5/23/24,65.773,0.93,12.6,21.6,0.58,R,R,R,1.04,DnUp
5/24/24,66.286,0.95,15.4,20.9,0.73,Y,Y,Y,1.01,DnUp
5/28/24,66.059,0.95,15.9,21.1,0.75,Y,Y,Y,0.99,DnDn
5/29/24,65.332,0.93,11.3,22.0,0.51,R,R,R,0.92,DnDn
5/30/24,65.548,0.94,12.2,21.6,0.56,Y,Y,Y,0.9,DnDn
5/31/24,65.973,0.96,13.7,20.9,0.66,Y,Y,Y,0.92,UpDn
6/3/24,65.75,0.95,14.1,21.3,0.66,R,Y,Y,0.92,C/Dn
6/4/24,65.393,0.93,11.4,22.0,0.52,R,R,R,0.88,DnDn
6/5/24,66.078,0.95,15.2,21.5,0.71,Y,Y,Y,0.92,UpDn
6/6/24,65.931,0.95,15.4,21.8,0.71,Y,Y,Y,0.93,UpDn
6/7/24,65.472,0.92,12.1,24.1,0.5,R,R,R,0.89,DnDn
6/10/24,65.643,0.93,12.8,23.2,0.55,Y,Y,Y,0.88,DnDn
6/11/24,65.417,0.92,10.9,22.6,0.48,Y,R,R,0.86,UpDn
6/12/24,66.104,0.94,13.6,21.6,0.63,G,Y,Y,0.9,UpDn
6/13/24,65.845,0.93,12.4,23.9,0.52,R,R,R,0.9,DnDn
6/14/24,65.345,0.9,10.7,27.0,0.4,R,R,R,0.87,DnDn
6/17/24,65.804,0.91,11.7,26.1,0.45,G,Y,Y,0.88,UpDn
6/18/24,65.889,0.91,12.2,26.0,0.47,G,Y,Y,0.89,UpDn
6/20/24,65.694,0.9,11.7,26.5,0.44,Y,R,R,0.88,DnDn
6/21/24,65.697,0.9,11.6,26.6,0.44,Y,Y,Y,0.88,DnDn
6/24/24,65.829,0.91,12.0,25.8,0.46,Y,Y,Y,0.89,UpDn
6/25/24,65.62,0.9,11.1,25.9,0.43,Y,R,R,0.88,DnDn
6/26/24,65.523,0.9,11.0,25.6,0.43,Y,Y,Y,0.87,DnDn
6/27/24,65.748,0.91,12.1,25.0,0.48,G,Y,Y,0.88,UpDn
6/28/24,65.801,0.92,13.0,24.8,0.52,G,Y,Y,0.89,UpDn
7/1/24,65.445,0.9,11.3,26.5,0.43,R,R,R,0.87,DnDn
7/2/24,65.678,0.91,12.4,25.1,0.49,G,Y,Y,0.88,UpDn
7/3/24,65.901,0.93,13.8,23.6,0.59,G,Y,Y,0.91,UpDn
7/5/24,65.828,0.92,14.6,24.6,0.59,Y,Y,Y,0.92,UpDn
7/8/24,65.975,0.93,14.3,23.9,0.6,G,Y,Y,0.94,UpDn
7/9/24,65.805,0.93,13.6,23.2,0.59,Y,Y,Y,0.93,UpDn
7/10/24,66.353,0.95,16.6,22.2,0.75,G,Y,Y,0.99,UpDn
7/11/24,67.218,1.0,22.4,18.5,1.21,G,Y,G,1.12,C/Up
7/12/24,67.795,1.02,26.6,17.1,1.56,G,G,G,1.25,UpUp
7/15/24,68.144,1.01,25.1,17.4,1.44,G,Y,Y,1.31,UpUp
7/16/24,69.453,1.05,30.1,14.3,2.1,G,G,G,1.49,UpUp
7/17/24,68.642,1.03,26.0,15.6,1.66,Y,Y,Y,1.45,UpUp
7/18/24,67.933,0.99,20.0,18.0,1.12,Y,R,Y,1.31,UpUp
7/19/24,67.601,0.97,16.8,18.9,0.89,Y,R,R,1.2,DnUp
7/22/24,68.37,0.99,22.3,17.4,1.28,G,Y,G,1.23,UpUp
7/23/24,68.442,1.0,21.2,16.7,1.27,Y,Y,Y,1.24,DnUp
7/24/24,67.246,0.96,14.4,19.2,0.75,R,R,R,1.12,DnUp
7/25/24,67.526,0.96,16.4,19.8,0.83,Y,Y,Y,1.08,DnUp
7/26/24,68.441,0.99,20.6,18.4,1.12,G,Y,G,1.14,UpUp
7/29/24,68.233,0.97,17.8,19.2,0.93,Y,R,R,1.13,DnUp
7/30/24,68.302,0.96,18.0,19.5,0.92,Y,R,R,1.12,DnUp
7/31/24,68.917,0.98,20.2,18.0,1.12,Y,Y,G,1.17,UpUp
8/1/24,67.653,0.92,14.5,22.6,0.64,Y,R,R,1.07,UpUp
8/2/24,66.187,0.87,10.3,29.4,0.35,Y,R,R,0.91,DnDn
8/5/24,64.509,0.82,5.9,35.5,0.17,R,R,R,0.73,C/Dn
8/6/24,65.112,0.84,7.1,32.0,0.22,Y,Y,Y,0.7,DnDn
8/7/24,64.585,0.82,6.8,34.8,0.19,R,R,R,0.65,DnDn
8/8/24,65.902,0.87,9.2,29.9,0.31,Y,Y,Y,0.7,DnDn
8/9/24,66.001,0.87,9.7,30.7,0.32,Y,Y,Y,0.73,DnDn
8/12/24,65.755,0.87,8.9,31.0,0.29,Y,Y,Y,0.74,UpDn
8/13/24,66.641,0.91,11.5,26.0,0.44,G,Y,Y,0.8,UpDn
8/14/24,66.695,0.9,12.1,26.6,0.46,Y,Y,Y,0.83,UpDn
8/15/24,67.705,0.94,15.9,23.9,0.66,G,Y,Y,0.93,UpDn
8/16/24,67.896,0.95,17.8,23.5,0.76,G,Y,Y,1.0,UpDn
8/19/24,68.476,0.96,20.8,22.0,0.95,G,Y,Y,1.09,UpUp
8/20/24,68.12,0.95,17.5,21.4,0.82,Y,Y,Y,1.1,UpUp
8/21/24,68.718,0.98,22.6,19.7,1.15,G,Y,G,1.19,C/Up
8/22/24,68.283,0.95,17.8,21.7,0.82,Y,Y,R,1.16,UpUp
8/23/24,69.453,1.0,28.5,19.2,1.48,G,Y,G,1.3,UpUp
8/26/24,69.257,0.99,25.6,19.1,1.34,Y,Y,Y,1.32,UpUp
8/27/24,69.205,0.99,24.2,18.5,1.31,Y,Y,Y,1.32,UpUp
8/28/24,68.856,0.96,21.5,20.7,1.04,Y,R,Y,1.25,UpUp
8/29/24,69.15,0.98,23.5,20.1,1.17,G,Y,G,1.25,UpUp
8/30/24,69.593,0.99,26.8,19.8,1.35,G,Y,Y,1.3,UpUp
9/3/24,68.122,0.93,16.3,23.9,0.68,R,R,R,1.14,DnUp
9/4/24,68.052,0.93,15.6,23.5,0.66,R,Y,R,1.05,DnUp
9/5/24,67.719,0.93,15.1,24.0,0.63,R,Y,R,0.98,DnDn
9/6/24,66.792,0.89,11.8,27.7,0.43,Y,R,R,0.88,DnDn
9/9/24,67.295,0.92,15.2,25.6,0.59,Y,Y,Y,0.88,DnDn
9/10/24,67.311,0.93,13.9,25.2,0.55,Y,Y,R,0.87,DnDn
9/11/24,67.623,0.94,14.6,23.6,0.62,Y,Y,Y,0.89,DnDn
9/12/24,68.169,0.96,17.9,22.5,0.8,Y,Y,Y,0.95,UpDn
9/13/24,68.997,0.99,24.2,20.1,1.2,G,Y,G,1.07,UpUp
9/16/24,69.271,0.98,23.8,20.6,1.16,G,Y,Y,1.14,UpUp
9/17/24,69.438,0.99,23.4,18.7,1.25,G,Y,G,1.2,UpUp
9/18/24,69.352,0.98,22.8,19.7,1.16,Y,Y,Y,1.21,UpUp
9/19/24,70.511,1.02,31.5,17.8,1.77,G,G,G,1.37,UpUp
9/20/24,70.105,1.01,28.7,18.8,1.53,Y,Y,Y,1.37,UpUp
9/23/24,70.284,0.99,27.5,19.4,1.41,G,R,Y,1.36,UpUp
9/24/24,70.473,1.0,29.0,17.5,1.65,G,Y,G,1.4,UpUp
9/25/24,70.004,0.98,24.6,19.2,1.28,Y,Y,Y,1.33,UpUp
9/26/24,70.604,1.01,29.7,18.1,1.64,G,G,Y,1.38,UpUp
9/27/24,70.711,1.02,30.7,17.5,1.76,G,G,G,1.42,UpUp
9/30/24,70.79,1.01,29.4,17.1,1.72,G,Y,Y,1.44,UpUp
10/1/24,70.308,0.98,21.7,18.0,1.21,Y,R,Y,1.34,DnUp
10/2/24,70.258,0.98,21.3,18.3,1.16,Y,Y,Y,1.27,UpUp
10/3/24,69.898,0.96,18.0,19.5,0.93,Y,R,R,1.18,DnUp
10/4/24,70.479,0.99,23.6,18.1,1.31,Y,Y,G,1.21,DnUp
10/7/24,69.987,0.97,19.3,18.9,1.02,Y,R,Y,1.16,DnUp
10/8/24,70.145,0.97,19.4,17.6,1.1,Y,Y,Y,1.14,DnUp
10/9/24,70.487,0.97,21.2,18.3,1.16,G,Y,Y,1.15,UpUp
10/10/24,70.27,0.97,20.9,18.8,1.11,Y,Y,Y,1.14,UpUp
10/11/24,71.078,1.0,25.7,17.0,1.51,G,Y,G,1.24,UpUp
10/14/24,71.493,1.0,26.9,16.9,1.59,G,Y,G,1.31,UpUp
10/15/24,71.11,0.99,24.2,16.3,1.49,Y,Y,Y,1.3,UpUp
10/16/24,71.648,1.02,27.7,14.9,1.86,G,G,G,1.38,UpUp
10/17/24,71.603,1.01,27.1,15.4,1.76,Y,Y,Y,1.4,UpUp
10/18/24,71.82,1.03,28.4,14.6,1.94,G,G,G,1.45,UpUp
10/21/24,71.183,1.0,23.2,15.8,1.47,Y,Y,Y,1.36,DnUp
10/22/24,70.852,1.01,21.2,14.2,1.49,R,G,Y,1.3,DnUp
10/23/24,70.353,0.98,17.7,15.5,1.14,Y,R,Y,1.2,DnUp
10/24/24,70.474,0.99,18.4,16.4,1.12,Y,Y,Y,1.15,DnUp
10/25/24,70.235,0.98,17.7,17.0,1.04,Y,R,Y,1.1,DnUp
10/28/24,70.731,1.02,22.5,15.3,1.47,Y,G,Y,1.16,DnUp
10/29/24,70.663,1.0,18.5,15.4,1.19,R,Y,Y,1.15,DnUp
10/30/24,70.474,0.99,17.3,16.5,1.05,Y,Y,Y,1.11,UpUp
10/31/24,69.626,0.95,12.5,19.3,0.65,R,R,R,1.0,C/Dn
11/1/24,69.842,0.96,13.2,19.7,0.67,Y,Y,Y,0.96,DnDn
11/4/24,69.945,0.96,12.9,18.8,0.69,Y,Y,Y,0.95,DnDn
11/5/24,70.929,0.98,16.0,16.9,0.95,Y,Y,Y,1.02,UpUp
11/6/24,72.946,1.02,26.4,17.4,1.52,G,G,G,1.25,C/Up
11/7/24,73.09,1.03,28.0,17.2,1.63,Y,G,G,1.36,UpUp
11/8/24,73.455,1.03,27.9,18.5,1.5,G,Y,Y,1.41,UpUp
11/11/24,73.967,1.01,26.7,18.8,1.42,G,Y,Y,1.44,UpUp
11/12/24,73.313,0.98,23.7,20.2,1.18,Y,R,Y,1.37,UpUp
11/13/24,73.021,0.96,23.0,22.1,1.04,Y,R,Y,1.3,UpUp
11/14/24,72.432,0.94,20.7,23.5,0.88,R,R,R,1.21,DnUp
11/15/24,71.661,0.92,17.0,26.1,0.65,Y,R,R,1.1,DnUp
11/18/24,71.892,0.93,19.6,24.7,0.79,Y,Y,Y,1.07,DnUp
11/19/24,72.079,0.95,19.6,23.4,0.84,Y,Y,Y,1.06,DnUp
11/20/24,72.241,0.95,20.6,23.8,0.86,Y,Y,Y,1.07,DnUp
11/21/24,73.071,0.97,24.3,23.2,1.05,Y,Y,G,1.14,UpUp
11/22/24,73.825,0.99,26.3,22.0,1.2,G,Y,G,1.24,UpUp
11/25/24,74.465,1.0,27.0,20.7,1.3,G,Y,G,1.32,UpUp
11/26/24,74.262,0.99,25.5,20.8,1.23,Y,Y,Y,1.32,UpUp
11/27/24,74.222,1.0,25.6,20.0,1.28,Y,Y,G,1.32,UpUp
11/29/24,74.504,1.01,27.0,19.1,1.41,G,G,G,1.36,UpUp
12/2/24,74.448,1.0,26.2,19.4,1.35,Y,Y,Y,1.36,UpUp
12/3/24,74.302,0.98,23.5,19.4,1.21,Y,R,Y,1.33,DnUp
12/4/24,74.561,0.98,24.1,19.8,1.22,G,Y,Y,1.33,UpUp
12/5/24,74.145,0.97,22.8,21.3,1.07,R,R,Y,1.28,DnUp
12/6/24,74.298,0.97,23.2,21.1,1.1,Y,Y,Y,1.27,DnUp
12/9/24,73.856,0.98,21.6,19.4,1.11,R,Y,Y,1.23,DnUp
12/10/24,73.413,0.96,17.5,19.4,0.9,R,R,R,1.16,C/Dn
12/11/24,73.792,0.97,20.0,19.9,1.0,Y,Y,Y,1.15,DnUp
12/12/24,73.271,0.94,17.3,22.1,0.78,R,R,R,1.09,DnUp
12/13/24,72.942,0.93,16.3,23.5,0.7,R,R,R,1.03,DnUp
12/16/24,72.984,0.93,18.0,24.5,0.73,Y,Y,Y,1.0,DnUp
12/17/24,72.422,0.91,14.1,24.7,0.57,R,R,R,0.94,DnDn
12/18/24,70.068,0.84,7.7,31.8,0.24,R,R,R,0.77,DnDn
12/19/24,69.833,0.83,7.6,33.5,0.23,R,R,R,0.69,DnDn
12/20/24,70.465,0.85,9.1,31.2,0.29,Y,Y,Y,0.68,DnDn
12/23/24,70.457,0.87,10.3,30.1,0.34,R,Y,Y,0.68,DnDn
12/24/24,70.942,0.9,11.3,27.0,0.42,Y,Y,Y,0.71,DnDn
12/26/24,71.194,0.92,12.1,25.4,0.48,Y,Y,Y,0.75,UpDn
12/27/24,70.572,0.9,10.0,27.1,0.37,Y,Y,Y,0.73,UpDn
12/30/24,70.014,0.88,8.4,28.4,0.3,R,Y,Y,0.69,DnDn
12/31/24,69.932,0.88,7.4,26.0,0.28,R,Y,R,0.67,DnDn
1/2/25,69.898,0.9,7.8,24.7,0.32,R,Y,Y,0.67,DnDn
1/3/25,70.65,0.93,9.6,22.2,0.43,Y,Y,Y,0.72,DnDn
1/6/25,70.77,0.93,10.6,22.7,0.47,G,Y,Y,0.75,UpDn
1/7/25,70.24,0.91,8.5,22.1,0.38,Y,Y,Y,0.74,UpDn
1/8/25,70.218,0.89,7.7,24.6,0.31,Y,Y,Y,0.73,UpDn
1/10/25,69.127,0.86,6.8,30.5,0.22,R,R,R,0.68,DnDn
1/13/25,69.33,0.86,6.7,29.1,0.23,Y,Y,Y,0.67,DnDn
1/14/25,69.937,0.88,7.6,25.8,0.3,Y,Y,Y,0.7,DnDn
1/15/25,70.938,0.92,10.3,22.4,0.46,G,Y,Y,0.78,UpDn
1/16/25,71.224,0.92,10.8,22.6,0.48,G,Y,Y,0.85,UpDn
1/17/25,71.627,0.94,12.6,21.5,0.58,Y,Y,Y,0.92,UpDn
1/21/25,72.513,0.95,13.9,20.2,0.69,G,Y,Y,1.01,UpUp
1/22/25,72.457,0.95,13.7,19.6,0.7,Y,Y,Y,1.03,UpUp
1/23/25,72.741,0.96,15.7,19.0,0.83,G,Y,Y,1.07,UpUp
1/24/25,72.627,0.96,15.3,19.0,0.81,Y,Y,Y,1.07,UpUp
1/27/25,72.026,0.92,10.7,20.6,0.52,Y,R,R,1.0,UpUp
1/28/25,72.187,0.93,11.1,20.2,0.55,Y,Y,Y,0.98,DnDn
1/29/25,71.996,0.92,11.0,20.9,0.53,R,R,R,0.96,DnDn
1/30/25,72.714,0.94,13.9,19.9,0.7,Y,Y,Y,1.01,DnUp
1/31/25,72.188,0.92,12.1,21.4,0.56,R,R,R,0.99,DnDn
2/3/25,71.53,0.91,10.8,23.7,0.46,R,R,R,0.92,DnDn
2/4/25,72.093,0.93,11.7,19.5,0.6,Y,Y,Y,0.92,DnDn
2/5/25,72.608,0.95,13.3,19.0,0.7,Y,Y,Y,0.96,UpDn
2/6/25,72.581,0.95,14.5,19.7,0.74,R,Y,Y,0.97,DnDn
2/7/25,71.966,0.93,12.5,21.9,0.57,R,Y,Y,0.92,DnDn
2/10/25,72.354,0.94,13.9,21.0,0.66,Y,Y,Y,0.92,UpDn
2/11/25,72.146,0.94,13.7,20.7,0.66,Y,Y,Y,0.91,UpDn
2/12/25,71.799,0.93,13.2,22.3,0.59,R,R,R,0.89,DnDn
2/13/25,72.473,0.96,16.6,20.7,0.8,Y,Y,Y,0.93,DnDn
2/14/25,72.432,0.96,16.8,20.8,0.81,Y,Y,Y,0.95,UpDn
2/18/25,72.723,0.96,17.4,20.8,0.84,G,Y,Y,0.98,UpDn
2/19/25,72.534,0.95,16.3,20.7,0.78,Y,Y,Y,0.98,UpDn
2/20/25,72.128,0.94,15.1,21.7,0.7,Y,Y,Y,0.95,UpDn
2/21/25,70.785,0.9,10.9,26.2,0.41,R,R,R,0.84,DnDn
2/24/25,70.465,0.89,10.0,27.2,0.37,R,R,R,0.78,DnDn
2/25/25,70.424,0.88,10.7,27.9,0.38,Y,R,Y,0.75,DnDn
2/26/25,70.549,0.89,11.2,27.6,0.4,Y,Y,Y,0.74,DnDn
2/27/25,69.675,0.86,9.0,31.6,0.29,R,R,R,0.69,DnDn
2/28/25,70.311,0.87,10.6,31.0,0.34,Y,Y,Y,0.7,DnDn
3/3/25,69.255,0.83,10.1,35.7,0.28,R,R,R,0.65,DnDn
3/4/25,68.546,0.82,8.8,35.9,0.24,R,R,R,0.6,DnDn
3/5/25,69.425,0.86,11.4,32.4,0.35,Y,Y,Y,0.63,DnDn
3/6/25,68.445,0.84,10.2,35.8,0.28,R,R,R,0.6,DnDn
3/7/25,68.713,0.85,11.5,34.9,0.33,Y,Y,Y,0.6,DnDn
3/10/25,67.151,0.8,8.6,42.2,0.2,R,R,R,0.53,DnDn
3/11/25,66.927,0.81,8.2,40.4,0.2,R,Y,Y,0.51,DnDn
3/12/25,67.051,0.83,8.4,38.6,0.22,Y,Y,Y,0.51,DnDn
3/13/25,66.155,0.8,8.1,43.7,0.19,R,R,R,0.5,DnDn
3/14/25,67.5,0.84,10.4,37.1,0.28,Y,Y,Y,0.56,DnDn
3/17/25,68.31,0.88,12.6,33.3,0.38,Y,Y,Y,0.63,UpDn
3/18/25,67.812,0.87,12.0,33.0,0.36,Y,Y,Y,0.64,UpDn
3/19/25,68.511,0.89,13.0,30.2,0.43,G,Y,Y,0.69,UpDn
3/20/25,68.201,0.88,12.2,31.1,0.39,Y,Y,Y,0.7,UpDn
3/21/25,67.919,0.88,10.6,31.7,0.34,Y,Y,Y,0.7,UpDn
3/24/25,69.06,0.9,11.3,28.6,0.39,G,Y,Y,0.78,UpDn
3/25/25,69.0,0.89,10.9,27.7,0.39,Y,Y,Y,0.81,UpDn
3/26/25,68.456,0.87,10.3,30.1,0.34,Y,R,R,0.8,DnDn
3/27/25,68.304,0.87,10.5,31.0,0.34,Y,Y,Y,0.78,UpDn
3/28/25,67.168,0.83,8.8,37.1,0.24,R,R,R,0.71,DnDn
3/31/25,67.19,0.82,8.7,37.7,0.23,Y,R,R,0.67,DnDn
4/1/25,67.435,0.83,8.4,36.1,0.23,Y,Y,Y,0.66,DnDn
4/2/25,68.038,0.85,9.2,33.6,0.27,Y,Y,Y,0.69,DnDn
4/3/25,65.084,0.77,7.3,50.0,0.15,R,R,R,0.58,DnDn
4/4/25,61.984,0.68,3.6,65.3,0.05,R,R,R,0.46,DnDn
4/7/25,61.243,0.68,2.7,68.8,0.04,R,Y,R,0.4,DnDn
4/8/25,60.267,0.66,2.3,72.7,0.03,R,R,R,0.36,DnDn
4/9/25,64.758,0.79,3.3,48.8,0.07,Y,Y,Y,0.47,DnDn
4/10/25,62.89,0.73,3.9,61.5,0.06,R,R,R,0.47,DnDn
4/11/25,63.903,0.77,5.0,54.7,0.09,Y,Y,Y,0.5,UpDn
4/14/25,64.573,0.8,5.4,51.2,0.11,Y,Y,Y,0.54,UpDn
4/15/25,64.614,0.81,5.4,46.1,0.12,Y,Y,Y,0.57,UpDn
4/16/25,63.924,0.79,5.7,50.1,0.11,R,Y,Y,0.57,DnDn
4/17/25,64.342,0.81,7.0,47.5,0.15,Y,Y,Y,0.59,UpDn
4/21/25,63.201,0.78,5.7,53.5,0.11,R,Y,Y,0.56,DnDn
4/22/25,64.613,0.83,7.5,41.8,0.18,G,Y,Y,0.59,UpDn
4/23/25,65.33,0.86,8.0,36.4,0.22,G,Y,Y,0.63,UpDn
4/24/25,66.429,0.9,10.1,31.4,0.32,Y,Y,Y,0.83,UpDn
4/25/25,66.455,0.91,9.9,30.9,0.32,G,Y,Y,0.9,UpDn
4/28/25,66.645,0.89,9.6,31.6,0.3,Y,Y,Y,0.94,UpDn
4/29/25,66.987,0.91,11.1,27.0,0.41,G,Y,Y,0.99,UpDn
4/30/25,67.034,0.91,11.2,28.4,0.4,G,Y,Y,0.96,UpDn
5/1/25,67.085,0.91,11.1,28.0,0.4,G,Y,Y,0.95,UpDn
5/2/25,68.224,0.95,15.6,24.5,0.64,G,Y,Y,1.04,UpUp
5/5/25,68.038,0.93,14.0,26.6,0.52,Y,Y,Y,1.03,UpUp
5/6/25,67.619,0.92,14.0,25.4,0.55,Y,Y,Y,1.0,UpUp
5/7/25,67.874,0.92,14.3,25.9,0.55,G,Y,Y,1.0,UpUp
5/8/25,68.471,0.95,17.0,22.9,0.74,G,Y,Y,1.06,UpUp
5/9/25,68.492,0.96,18.0,23.3,0.77,G,Y,Y,1.09,UpUp
5/12/25,70.13,1.01,27.1,18.7,1.45,G,G,G,1.27,C/Up
5/13/25,70.463,1.05,31.6,15.9,1.98,G,G,G,1.42,UpUp
5/14/25,70.142,1.03,29.9,17.5,1.71,Y,Y,Y,1.41,UpUp
5/15/25,70.563,1.04,31.4,17.4,1.8,G,G,G,1.45,UpUp
5/16/25,71.107,1.06,33.1,17.2,1.93,G,G,G,1.52,UpUp
5/19/25,71.096,1.04,31.7,17.6,1.8,Y,Y,Y,1.52,UpUp
5/20/25,71.015,1.06,33.1,15.4,2.15,Y,G,G,1.55,UpUp
5/21/25,69.759,1.01,26.4,18.3,1.45,R,Y,Y,1.4,DnUp
5/22/25,69.671,1.01,26.0,18.4,1.41,Y,Y,Y,1.31,DnUp
5/23/25,69.497,1.01,25.1,18.9,1.33,Y,Y,Y,1.25,DnUp
5/27/25,70.603,1.05,32.0,16.8,1.91,Y,G,G,1.37,DnUp
5/28/25,70.058,1.05,30.0,15.9,1.89,R,Y,Y,1.39,DnUp
5/29/25,70.265,1.06,31.3,15.6,2.0,Y,G,G,1.43,UpUp
5/30/25,70.222,1.04,30.5,16.7,1.83,Y,Y,Y,1.42,UpUp
6/2/25,70.302,1.05,30.4,16.5,1.84,G,G,G,1.41,UpUp
6/3/25,70.767,1.07,33.1,14.1,2.35,G,G,G,1.46,UpUp
6/4/25,70.823,1.08,32.4,14.0,2.31,Y,G,Y,1.49,UpUp
6/5/25,70.696,1.07,31.9,14.9,2.15,Y,Y,Y,1.5,UpUp
6/6/25,71.264,1.1,35.2,13.7,2.58,G,G,G,1.53,UpUp
6/9/25,71.324,1.1,35.4,13.2,2.67,G,Y,G,1.55,UpUp
6/10/25,71.574,1.11,36.9,11.5,3.2,G,G,G,1.57,UpUp
6/11/25,71.433,1.1,36.1,12.4,2.91,Y,Y,Y,1.57,UpUp
6/12/25,71.527,1.1,36.3,13.2,2.76,G,Y,Y,1.57,UpUp
6/13/25,70.621,1.06,31.6,15.0,2.11,Y,Y,Y,1.52,DnUp
6/16/25,71.212,1.08,33.9,14.0,2.42,Y,Y,Y,1.52,DnUp
6/17/25,70.59,1.07,30.6,13.9,2.21,Y,Y,Y,1.49,DnUp
6/18/25,70.666,1.07,31.6,14.1,2.25,Y,Y,Y,1.47,DnUp
6/20/25,70.577,1.06,30.2,15.3,1.97,Y,Y,Y,1.45,DnUp
6/23/25,71.157,1.07,32.4,14.9,2.17,G,G,G,1.47,UpUp
6/24/25,71.918,1.1,35.7,12.7,2.82,G,G,G,1.52,UpUp
6/25/25,71.469,1.08,33.5,13.9,2.41,Y,Y,Y,1.51,UpUp
6/26/25,72.186,1.11,36.5,13.1,2.79,G,G,G,1.55,UpUp
6/27/25,72.389,1.1,36.6,13.8,2.65,G,Y,Y,1.57,UpUp
6/30/25,72.716,1.1,36.5,13.4,2.72,G,Y,G,1.59,UpUp
7/1/25,73.026,1.09,36.6,12.6,2.9,G,Y,G,1.61,UpUp
7/2/25,73.432,1.12,38.5,12.1,3.17,G,G,G,1.64,UpUp
7/3/25,73.924,1.13,39.8,11.8,3.38,G,G,G,1.66,UpUp
7/7/25,73.308,1.08,34.8,13.2,2.63,Y,Y,Y,1.63,UpUp
7/8/25,73.383,1.09,33.8,11.8,2.86,G,Y,G,1.62,UpUp
7/9/25,73.772,1.1,35.4,11.1,3.18,G,G,G,1.63,UpUp
7/10/25,73.951,1.11,36.1,10.9,3.32,G,Y,G,1.64,UpUp
7/11/25,73.38,1.09,33.5,11.8,2.83,Y,Y,Y,1.61,DnUp
7/14/25,73.609,1.09,33.9,11.7,2.89,G,Y,G,1.6,UpUp
7/15/25,72.71,1.04,24.5,12.9,1.89,Y,Y,Y,1.52,DnUp
7/16/25,73.08,1.05,26.3,12.4,2.11,Y,Y,Y,1.51,DnUp
7/17/25,73.603,1.07,28.6,12.0,2.38,Y,Y,Y,1.52,DnUp
7/18/25,73.518,1.06,27.6,12.6,2.19,Y,Y,Y,1.52,UpUp
7/21/25,73.391,1.06,28.4,12.5,2.27,Y,Y,Y,1.5,DnUp
7/22/25,73.919,1.07,28.6,11.2,2.55,G,G,G,1.52,UpUp
7/23/25,74.608,1.1,32.9,10.6,3.12,G,G,G,1.56,UpUp
7/24/25,74.248,1.08,30.2,11.6,2.62,Y,Y,Y,1.54,UpUp
7/25/25,74.479,1.08,30.5,12.0,2.55,G,Y,Y,1.54,UpUp
7/28/25,74.246,1.05,26.4,12.9,2.05,Y,Y,Y,1.52,UpUp
7/29/25,74.025,1.02,22.4,13.9,1.6,Y,Y,Y,1.43,UpUp
7/30/25,73.653,0.99,19.0,16.1,1.18,Y,R,Y,1.31,DnUp
7/31/25,73.093,0.97,16.2,18.5,0.88,R,R,R,1.18,DnUp
8/1/25,72.239,0.94,11.8,21.4,0.55,Y,R,R,1.04,DnUp
8/4/25,73.26,1.0,19.2,17.6,1.09,Y,Y,G,1.08,DnUp
8/5/25,73.164,0.99,16.1,16.8,0.96,R,R,R,1.07,DnUp
8/6/25,73.254,0.99,18.4,18.0,1.02,Y,Y,G,1.08,DnUp
8/7/25,73.144,0.99,19.1,18.9,1.01,Y,Y,Y,1.07,UpUp
8/8/25,73.261,0.99,20.7,19.8,1.05,G,Y,G,1.07,UpUp
8/11/25,73.094,0.97,18.1,20.1,0.9,R,R,R,1.05,C/Dn
8/12/25,74.323,1.01,24.4,17.1,1.43,Y,G,G,1.17,UpUp
8/13/25,75.184,1.04,29.2,15.5,1.88,G,G,G,1.34,UpUp
8/14/25,74.64,1.02,26.3,17.1,1.54,Y,Y,Y,1.33,UpUp
8/15/25,74.421,1.02,24.9,17.6,1.42,Y,Y,Y,1.29,UpUp
8/18/25,74.551,1.01,23.8,17.1,1.39,Y,Y,Y,1.27,UpUp
8/19/25,74.311,0.98,18.8,18.0,1.05,R,R,Y,1.2,DnUp
8/20/25,74.229,0.98,17.8,18.5,0.97,Y,Y,R,1.15,DnUp
8/21/25,74.123,0.98,16.8,18.4,0.91,R,Y,R,1.11,DnUp
8/22/25,75.739,1.04,29.9,15.7,1.91,G,G,G,1.31,C/Up
8/25/25,75.189,1.01,24.5,16.4,1.49,Y,Y,Y,1.31,UpUp
8/26/25,75.46,1.02,23.6,15.3,1.54,Y,G,G,1.33,UpUp
8/27/25,75.637,1.02,24.5,15.4,1.59,G,Y,G,1.35,UpUp
8/28/25,75.832,1.03,25.7,15.7,1.64,Y,G,G,1.38,UpUp
8/29/25,75.51,1.02,23.9,15.9,1.5,Y,Y,Y,1.35,DnUp
9/2/25,75.051,1.0,20.4,16.7,1.22,R,Y,Y,1.26,DnUp
9/3/25,75.047,1.0,18.8,16.2,1.16,R,Y,Y,1.2,DnUp
9/4/25,75.665,1.01,23.3,16.6,1.41,G,Y,Y,1.24,UpUp
9/5/25,75.885,1.02,24.8,16.2,1.53,G,Y,Y,1.28,UpUp
9/8/25,76.137,1.02,26.1,15.9,1.64,G,Y,G,1.33,UpUp
9/9/25,76.011,1.02,23.2,14.8,1.56,Y,Y,Y,1.33,UpUp
9/10/25,75.881,1.02,23.3,15.5,1.5,Y,Y,Y,1.31,UpUp
9/11/25,76.926,1.05,29.0,14.3,2.02,G,G,G,1.44,UpUp
9/12/25,76.418,1.04,26.6,15.1,1.77,Y,Y,Y,1.41,UpUp
9/15/25,76.524,1.03,26.4,15.2,1.73,G,Y,Y,1.39,UpUp
9/16/25,76.423,1.02,22.7,14.0,1.63,Y,Y,Y,1.36,UpUp
9/17/25,76.41,1.02,22.5,14.5,1.55,Y,Y,Y,1.33,UpUp
9/18/25,77.12,1.05,26.7,13.5,1.97,G,Y,Y,1.42,UpUp
9/19/25,76.938,1.04,24.8,14.3,1.73,Y,Y,Y,1.41,UpUp
9/22/25,77.118,1.04,24.7,13.8,1.8,G,Y,G,1.42,UpUp
9/23/25,76.985,1.03,21.8,13.7,1.59,Y,Y,Y,1.38,UpUp
9/24/25,76.636,1.02,20.2,14.2,1.42,Y,Y,Y,1.31,UpUp
9/25/25,76.038,1.0,17.4,16.5,1.05,Y,Y,Y,1.2,DnUp
9/26/25,76.579,1.01,19.9,15.9,1.25,Y,Y,Y,1.19,DnUp
9/29/25,76.757,1.02,21.2,15.5,1.36,Y,Y,Y,1.21,DnUp
9/30/25,76.847,1.02,20.5,15.0,1.37,Y,Y,Y,1.22,DnUp
10/1/25,77.02,1.02,22.6,15.5,1.46,G,Y,G,1.24,UpUp
10/2/25,77.399,1.03,23.0,15.3,1.51,G,G,G,1.28,UpUp
10/3/25,77.649,1.05,25.0,14.4,1.73,G,G,G,1.34,UpUp
10/6/25,77.885,1.05,25.0,14.6,1.71,G,Y,Y,1.37,UpUp
10/7/25,77.267,1.02,20.1,15.0,1.34,Y,Y,Y,1.29,UpUp
10/8/25,77.758,1.04,22.9,14.5,1.59,G,G,G,1.32,UpUp
10/9/25,77.195,1.03,19.9,16.0,1.25,Y,Y,Y,1.25,DnUp
10/10/25,75.305,0.95,11.5,22.0,0.52,Y,R,R,1.05,DnUp
10/13/25,76.536,1.01,17.2,18.1,0.95,Y,G,Y,1.05,DnUp
10/14/25,76.989,1.03,16.9,15.1,1.12,Y,G,G,1.09,DnUp
10/15/25,77.142,1.04,19.0,15.0,1.26,Y,Y,Y,1.14,DnUp
10/16/25,76.401,1.01,16.7,19.3,0.87,R,Y,R,1.08,C/Dn
10/17/25,76.385,0.99,16.0,19.9,0.81,Y,R,Y,1.04,UpUp
10/20/25,77.274,1.02,20.1,16.7,1.21,G,G,G,1.11,UpUp
10/21/25,77.229,1.01,17.4,15.3,1.14,Y,Y,Y,1.13,UpUp
10/22/25,76.531,0.98,14.6,17.3,0.85,R,R,R,1.07,DnUp
10/23/25,77.153,1.01,19.1,16.3,1.18,Y,G,G,1.1,UpUp
10/24/25,77.599,1.03,21.9,15.3,1.43,G,G,G,1.18,C/Up
10/27/25,78.001,1.01,21.9,16.4,1.34,G,Y,Y,1.23,UpUp
10/28/25,77.637,0.99,18.5,16.8,1.1,Y,R,Y,1.2,UpUp
10/29/25,77.09,0.97,16.8,20.5,0.82,Y,R,R,1.11,UpUp
10/30/25,76.503,0.95,14.8,22.7,0.65,R,R,R,1.02,DnUp
10/31/25,76.783,0.96,16.0,22.2,0.72,Y,Y,Y,0.99,DnDn
11/3/25,76.539,0.95,16.0,23.6,0.68,Y,R,R,0.96,DnDn
11/4/25,75.617,0.9,10.0,27.1,0.37,R,R,R,0.87,DnDn
11/5/25,76.202,0.92,12.7,25.7,0.5,Y,Y,Y,0.87,DnDn
11/6/25,75.376,0.89,10.9,29.8,0.36,R,R,R,0.82,C/Dn
11/7/25,75.767,0.9,11.4,28.9,0.4,Y,Y,Y,0.81,DnDn
11/10/25,76.49,0.94,16.0,26.4,0.61,Y,Y,Y,0.86,DnDn
11/11/25,76.632,0.94,15.8,25.0,0.63,Y,Y,Y,0.89,UpDn
11/12/25,76.778,0.94,16.7,25.0,0.67,G,Y,Y,0.91,UpDn
11/13/25,75.492,0.9,11.9,28.8,0.41,Y,Y,Y,0.84,UpDn
11/14/25,75.364,0.89,11.7,29.9,0.39,R,R,R,0.8,DnDn
11/17/25,74.298,0.86,8.8,33.5,0.26,R,R,R,0.72,DnDn
11/18/25,74.162,0.86,8.2,32.6,0.25,R,Y,R,0.69,DnDn
11/19/25,74.133,0.85,8.1,33.5,0.24,Y,R,R,0.68,DnDn
11/20/25,73.021,0.82,6.8,37.7,0.18,R,R,R,0.62,DnDn
11/21/25,74.198,0.85,8.1,34.0,0.24,Y,Y,Y,0.65,DnDn
11/24/25,74.933,0.89,9.9,31.6,0.31,Y,Y,Y,0.7,UpDn
11/25/25,76.003,0.92,12.0,27.7,0.43,Y,Y,Y,0.8,UpDn
11/26/25,76.534,0.94,14.4,26.2,0.55,G,Y,Y,0.89,UpDn
11/28/25,76.9,0.96,16.3,25.0,0.65,Y,Y,Y,0.97,UpDn
12/1/25,76.351,0.92,12.6,27.2,0.46,Y,Y,Y,0.95,UpDn
12/2/25,76.44,0.91,12.1,26.6,0.45,G,Y,Y,0.95,UpDn
12/3/25,77.132,0.94,15.6,24.6,0.63,G,Y,Y,1.01,UpUp
12/4/25,77.321,0.96,16.2,23.6,0.69,G,Y,Y,1.05,UpUp
12/5/25,77.374,0.95,16.3,24.4,0.67,G,R,Y,1.07,UpUp
12/8/25,77.116,0.93,14.3,24.9,0.57,Y,Y,Y,1.05,UpUp
12/9/25,77.088,0.95,14.6,22.9,0.64,Y,Y,Y,1.04,UpUp
12/10/25,77.925,0.97,19.7,22.2,0.88,G,Y,Y,1.11,UpUp
12/11/25,78.516,0.98,21.7,22.5,0.96,G,Y,Y,1.18,UpUp
12/12/25,77.732,0.96,19.0,23.8,0.8,Y,Y,Y,1.12,UpUp
12/15/25,77.511,0.93,17.8,25.4,0.7,Y,Y,Y,1.05,UpUp
12/16/25,77.158,0.92,15.2,24.6,0.62,Y,R,R,0.98,UpDn
12/17/25,76.571,0.9,14.3,26.0,0.55,Y,R,R,0.91,DnDn
12/18/25,76.997,0.91,15.2,25.6,0.59,Y,Y,Y,0.9,DnDn
12/19/25,77.503,0.93,16.4,25.1,0.65,Y,Y,Y,0.93,DnDn
12/22/25,78.064,0.94,18.5,24.2,0.77,G,Y,Y,0.98,UpDn
12/23/25,78.001,0.94,17.6,23.3,0.75,Y,Y,Y,1.0,UpDn
12/24/25,78.191,0.94,19.1,22.8,0.84,G,Y,Y,1.03,UpUp
12/26/25,78.136,0.94,18.5,23.1,0.8,Y,Y,Y,1.04,UpUp
12/29/25,77.736,0.92,15.7,24.4,0.64,Y,R,R,1.0,UpUp
12/30/25,77.492,0.92,14.6,24.0,0.61,Y,Y,R,0.97,DnDn
12/31/25,76.878,0.9,12.7,24.1,0.53,R,R,R,0.92,DnDn
1/2/26,77.436,0.93,15.2,22.5,0.67,Y,Y,Y,0.93,DnDn
1/5/26,78.422,0.96,20.5,20.8,0.98,G,Y,Y,1.03,UpUp
1/6/26,79.182,0.98,23.1,19.0,1.22,G,Y,G,1.15,C/Up
1/7/26,78.787,0.97,20.9,19.6,1.07,Y,Y,Y,1.15,UpUp
1/8/26,79.096,0.99,23.3,18.7,1.24,Y,Y,G,1.19,UpUp
1/9/26,79.709,1.0,25.5,19.1,1.34,G,Y,G,1.25,UpUp
1/12/26,80.022,0.99,24.1,18.7,1.29,G,Y,Y,1.28,UpUp
1/13/26,79.948,0.99,22.6,17.7,1.28,Y,Y,Y,1.29,UpUp
1/14/26,80.067,1.0,24.1,17.6,1.37,G,Y,G,1.31,UpUp
1/15/26,80.529,1.01,26.2,17.8,1.47,G,G,G,1.35,UpUp
1/16/26,80.403,1.0,25.1,18.5,1.36,Y,Y,Y,1.34,UpUp
1/20/26,79.341,0.96,18.9,20.1,0.94,Y,R,R,1.22,DnUp
1/21/26,80.539,1.0,24.7,17.7,1.4,G,Y,G,1.29,UpUp
1/22/26,80.906,1.02,26.7,16.7,1.6,G,G,G,1.37,UpUp
1/23/26,80.421,1.01,24.7,17.2,1.44,Y,Y,Y,1.35,DnUp
1/26/26,80.521,0.99,24.3,17.7,1.37,G,R,Y,1.32,UpUp
1/27/26,80.767,1.01,25.3,16.7,1.51,G,G,G,1.34,UpUp
1/28/26,80.602,1.0,23.9,18.0,1.33,Y,Y,Y,1.31,UpUp
1/29/26,80.513,0.99,25.1,20.0,1.26,Y,R,Y,1.27,DnUp
1/30/26,79.438,0.95,21.8,21.9,1.0,R,R,Y,1.17,DnUp
2/2/26,79.87,0.97,24.2,21.3,1.13,Y,Y,Y,1.15,DnUp
2/3/26,79.663,0.97,24.4,22.5,1.09,Y,Y,Y,1.13,DnUp
2/4/26,79.578,0.96,25.1,24.2,1.04,R,R,Y,1.11,DnUp
2/5/26,78.63,0.91,21.6,28.4,0.76,R,R,R,1.02,C/Dn
2/6/26,80.457,0.97,27.3,25.2,1.09,Y,Y,G,1.1,UpUp
2/9/26,80.83,0.98,27.3,23.5,1.16,G,Y,G,1.17,UpUp
2/10/26,80.845,0.98,27.4,22.3,1.23,G,Y,G,1.21,UpUp
2/11/26,80.881,0.98,27.8,24.2,1.15,Y,Y,Y,1.22,UpUp
2/12/26,79.679,0.93,23.9,27.5,0.87,Y,Y,R,1.13,UpUp
2/13/26,80.195,0.95,26.3,26.7,0.98,Y,Y,Y,1.12,DnUp
2/17/26,80.037,0.94,25.4,26.8,0.95,Y,R,R,1.1,DnUp
2/18/26,80.488,0.94,23.0,25.4,0.9,Y,Y,R,1.11,DnUp
2/19/26,80.433,0.95,23.1,25.1,0.92,R,Y,Y,1.11,DnUp
2/20/26,80.835,0.95,24.6,25.9,0.95,G,Y,Y,1.13,UpUp
2/23/26,79.862,0.92,20.9,27.8,0.75,R,R,R,1.06,DnUp
2/24/26,80.579,0.94,22.2,25.8,0.86,G,Y,Y,1.08,UpUp
2/25/26,80.902,0.96,23.1,24.3,0.95,G,Y,Y,1.12,UpUp
2/26/26,81.076,0.97,24.1,23.7,1.02,Y,Y,G,1.15,UpUp
2/27/26,80.697,0.95,22.5,25.9,0.87,Y,Y,R,1.11,DnUp
3/2/26,80.77,0.95,22.0,25.7,0.86,Y,Y,Y,1.09,UpUp
3/3/26,79.377,0.91,15.0,27.2,0.55,Y,R,R,0.98,DnDn
3/4/26,79.979,0.93,16.5,24.7,0.67,Y,Y,Y,0.96,DnDn
3/5/26,78.921,0.9,12.5,27.5,0.46,R,R,R,0.89,DnDn
3/6/26,77.753,0.87,10.9,30.1,0.36,R,R,R,0.79,DnDn
3/9/26,78.255,0.89,12.6,28.4,0.44,Y,Y,Y,0.78,DnDn
3/10/26,78.059,0.9,12.4,26.7,0.46,R,Y,Y,0.77,DnDn
3/11/26,77.831,0.9,11.8,28.0,0.42,R,Y,R,0.75,DnDn
3/12/26,76.402,0.86,10.2,32.5,0.31,R,R,R,0.67,DnDn
3/13/26,76.046,0.85,9.4,34.8,0.27,R,R,R,0.62,DnDn
3/16/26,76.792,0.88,10.8,31.5,0.34,Y,Y,Y,0.64,DnDn
3/17/26,77.216,0.89,10.7,29.1,0.37,Y,Y,Y,0.67,DnDn
3/18/26,76.203,0.85,9.6,34.6,0.28,R,R,R,0.63,DnDn
3/19/26,76.107,0.85,9.6,35.9,0.27,R,Y,R,0.61,DnDn
3/20/26,74.724,0.81,8.0,41.3,0.19,R,R,R,0.54,DnDn
3/23/26,75.877,0.85,9.2,35.2,0.26,Y,Y,Y,0.58,DnDn
3/24/26,75.935,0.85,9.4,35.3,0.27,Y,Y,Y,0.6,DnDn
3/25/26,76.537,0.88,10.5,32.2,0.32,Y,Y,Y,0.65,UpDn
3/26/26,75.334,0.84,9.4,37.1,0.25,R,R,R,0.63,DnDn
3/27/26,74.328,0.81,8.8,42.7,0.21,R,Y,Y,0.59,DnDn
3/30/26,73.869,0.79,8.2,43.5,0.19,R,R,R,0.56,DnDn
3/31/26,75.846,0.85,8.7,33.3,0.26,Y,Y,Y,0.62,DnDn
4/1/26,76.493,0.87,9.2,31.0,0.3,Y,Y,Y,0.7,DnDn
4/2/26,76.609,0.88,10.1,31.2,0.32,Y,Y,Y,0.75,UpDn
4/6/26,76.976,0.87,9.7,30.5,0.32,Y,Y,Y,0.79,UpDn
4/7/26,76.976,0.87,9.6,29.1,0.33,Y,Y,Y,0.81,UpDn
4/8/26,76.91,0.87,15.1,24.5,0.62,G,Y,Y,0.98,UpDn
4/9/26,79.061,0.93,17.2,24.8,0.69,G,Y,Y,1.04,UpUp
4/10/26,79.373,0.93,17.1,25.6,0.667,Y,Y,Y,1.04,UpUp
4/13/26,80.034,0.94,,,0.757,G,Y,Y,1.11,UpUp
4/14/26,80.034,0.94,21.3,18.8,1.131,G,Y,G,1.2,C/Up
4/15/26,80.668,0.97,20.5,17.9,1.144,Y,Y,G,1.224,UpUp
4/16/26,80.657,0.99,22.9,16.7,1.364,G,Y,G,1.296,UpUp
4/17/26,82.108,1.03,,,1.773,G,G,G,1.43,UpUp
4/20/26,82.108,1.03,26.7,16.2,1.645,G,Y,Y,1.471,UpUp
4/21/26,82.315,1.01,22.1,16.4,1.348,Y,Y,Y,1.391,UpUp
4/22/26,81.587,1.0,23.9,15.9,1.507,G,G,G,1.381,UpUp
4/23/26,81.898,1.02,22.0,18.8,1.171,Y,R,Y,1.311,UpUp
4/24/26,81.79,1.0,22.6,18.7,1.207,Y,Y,Y,1.29,DnUp
4/27/26,81.79,1.0,23.6,18.1,1.303,Y,Y,Y,1.288,DnUp
4/28/26,81.715,0.99,22.3,18.1,1.232,R,Y,Y,1.221,DnUp
4/29/26,80.994,0.99,19.6,20.8,0.942,Y,R,R,1.129,DnUp
4/30/26,80.538,0.97,25.4,18.5,1.37,G,G,G,1.209,UpUp
5/1/26,81.955,1.01,26.7,18.2,1.467,G,G,G,1.257,UpUp
5/4/26,82.001,1.02,23.5,19.3,1.22,R,Y,Y,1.219,DnUp
5/5/26,81.534,1.0,26.9,17.2,1.565,Y,G,G,1.296,UpUp
5/6/26,82.517,1.02,30.4,15.6,1.947,G,G,G,1.445,UpUp
5/7/26,83.639,1.05,27.8,17.0,1.634,Y,Y,Y,1.41,UpUp
5/8/26,82.763,1.03,29.0,17.8,1.628,G,Y,Y,1.413,UpUp
5/11/26,83.268,1.03,27.8,18.8,1.482,Y,Y,Y,1.401,UpUp
5/12/26,83.355,1.02,25.6,18.5,1.382,Y,Y,Y,1.342,UpUp
5/13/26,82.724,1.01,25.2,19.9,1.269,Y,Y,Y,1.298,DnUp
5/14/26,82.795,1.01,26.3,19.9,1.322,G,Y,Y,1.301,UpUp
5/15/26,81.659,0.964,21.0,23.2,0.904,Y,R,R,1.182,DnUp
5/18/26,81.542,0.97,22.3,22.7,0.983,R,Y,Y,1.125,DnUp
5/19/26,81.542,0.97,19.4,23.5,0.824,R,R,R,1.057,DnUp
5/20/26,80.949,0.95,23.6,21.3,1.108,Y,Y,G,1.096,DnUp
5/21/26,82.243,0.99,25.6,19.9,1.289,Y,Y,Y,1.178,DnUp
