Date,Adj Close,Close,High,Low,Open,Volume
1/2/90,17.239999771118164,17.239999771118164,17.239999771118164,17.239999771118164,17.239999771118164,0
1/3/90,18.190000534057617,18.190000534057617,18.190000534057617,18.190000534057617,18.190000534057617,0
1/4/90,19.219999313354492,19.219999313354492,19.219999313354492,19.219999313354492,19.219999313354492,0
1/5/90,20.11000061035156,20.11000061035156,20.11000061035156,20.11000061035156,20.11000061035156,0
1/8/90,20.260000228881836,20.260000228881836,20.260000228881836,20.260000228881836,20.260000228881836,0
1/9/90,22.200000762939453,22.200000762939453,22.200000762939453,22.200000762939453,22.200000762939453,0
1/10/90,22.440000534057617,22.440000534057617,22.440000534057617,22.440000534057617,22.440000534057617,0
1/11/90,20.049999237060547,20.049999237060547,20.049999237060547,20.049999237060547,20.049999237060547,0
1/12/90,24.63999938964844,24.63999938964844,24.63999938964844,24.63999938964844,24.63999938964844,0
1/15/90,26.34000015258789,26.34000015258789,26.34000015258789,26.34000015258789,26.34000015258789,0
1/16/90,24.18000030517578,24.18000030517578,24.18000030517578,24.18000030517578,24.18000030517578,0
1/17/90,24.15999984741211,24.15999984741211,24.15999984741211,24.15999984741211,24.15999984741211,0
1/18/90,24.34000015258789,24.34000015258789,24.34000015258789,24.34000015258789,24.34000015258789,0
1/19/90,22.5,22.5,22.5,22.5,22.5,0
1/22/90,26.700000762939453,26.700000762939453,26.700000762939453,26.700000762939453,26.700000762939453,0
1/23/90,24.719999313354492,24.719999313354492,24.719999313354492,24.719999313354492,24.719999313354492,0
1/24/90,25.38999938964844,25.38999938964844,25.38999938964844,25.38999938964844,25.38999938964844,0
1/25/90,25.62999916,25.62999916,25.62999916,25.62999916,25.62999916,0
1/26/90,26.280000686645508,26.280000686645508,26.280000686645508,26.280000686645508,26.280000686645508,0
1/29/90,26.440000534057617,26.440000534057617,26.440000534057617,26.440000534057617,26.440000534057617,0
1/30/90,27.25,27.25,27.25,27.25,27.25,0
1/31/90,25.36000061035156,25.36000061035156,25.36000061035156,25.36000061035156,25.36000061035156,0
2/1/90,24.87000084,24.87000084,24.87000084,24.87000084,24.87000084,0
2/2/90,24.31999969482422,24.31999969482422,24.31999969482422,24.31999969482422,24.31999969482422,0
2/5/90,24.540000915527344,24.540000915527344,24.540000915527344,24.540000915527344,24.540000915527344,0
2/6/90,24.690000534057617,24.690000534057617,24.690000534057617,24.690000534057617,24.690000534057617,0
2/7/90,24.290000915527344,24.290000915527344,24.290000915527344,24.290000915527344,24.290000915527344,0
2/8/90,23.770000457763672,23.770000457763672,23.770000457763672,23.770000457763672,23.770000457763672,0
2/9/90,23.690000534057617,23.690000534057617,23.690000534057617,23.690000534057617,23.690000534057617,0
2/12/90,24.37999916,24.37999916,24.37999916,24.37999916,24.37999916,0
2/13/90,23.760000228881836,23.760000228881836,23.760000228881836,23.760000228881836,23.760000228881836,0
2/14/90,22.049999237060547,22.049999237060547,22.049999237060547,22.049999237060547,22.049999237060547,0
2/15/90,19.709999084472656,19.709999084472656,19.709999084472656,19.709999084472656,19.709999084472656,0
2/16/90,20.780000686645508,20.780000686645508,20.780000686645508,20.780000686645508,20.780000686645508,0
2/20/90,22.780000686645508,22.780000686645508,22.780000686645508,22.780000686645508,22.780000686645508,0
2/21/90,23.88999938964844,23.88999938964844,23.88999938964844,23.88999938964844,23.88999938964844,0
2/22/90,22.540000915527344,22.540000915527344,22.540000915527344,22.540000915527344,22.540000915527344,0
2/23/90,23.690000534057617,23.690000534057617,23.690000534057617,23.690000534057617,23.690000534057617,0
2/26/90,23.559999465942383,23.559999465942383,23.559999465942383,23.559999465942383,23.559999465942383,0
2/27/90,22.690000534057617,22.690000534057617,22.690000534057617,22.690000534057617,22.690000534057617,0
2/28/90,21.989999771118164,21.989999771118164,21.989999771118164,21.989999771118164,21.989999771118164,0
3/1/90,21.899999618530273,21.899999618530273,21.899999618530273,21.899999618530273,21.899999618530273,0
3/2/90,21.34000015258789,21.34000015258789,21.34000015258789,21.34000015258789,21.34000015258789,0
3/5/90,22.030000686645508,22.030000686645508,22.030000686645508,22.030000686645508,22.030000686645508,0
3/6/90,20.549999237060547,20.549999237060547,20.549999237060547,20.549999237060547,20.549999237060547,0
3/7/90,19.100000381469727,19.100000381469727,19.100000381469727,19.100000381469727,19.100000381469727,0
3/8/90,19.739999771118164,19.739999771118164,19.739999771118164,19.739999771118164,19.739999771118164,0
3/9/90,20.299999237060547,20.299999237060547,20.299999237060547,20.299999237060547,20.299999237060547,0
3/12/90,20.06999969482422,20.06999969482422,20.06999969482422,20.06999969482422,20.06999969482422,0
3/13/90,21.049999237060547,21.049999237060547,21.049999237060547,21.049999237060547,21.049999237060547,0
3/14/90,19.649999618530273,19.649999618530273,19.649999618530273,19.649999618530273,19.649999618530273,0
3/15/90,18.809999465942383,18.809999465942383,18.809999465942383,18.809999465942383,18.809999465942383,0
3/16/90,17.62000084,17.62000084,17.62000084,17.62000084,17.62000084,0
3/19/90,18.290000915527344,18.290000915527344,18.290000915527344,18.290000915527344,18.290000915527344,0
3/20/90,19.059999465942383,19.059999465942383,19.059999465942383,19.059999465942383,19.059999465942383,0
3/21/90,20.100000381469727,20.100000381469727,20.100000381469727,20.100000381469727,20.100000381469727,0
3/22/90,22.739999771118164,22.739999771118164,22.739999771118164,22.739999771118164,22.739999771118164,0
3/23/90,20.459999084472656,20.459999084472656,20.459999084472656,20.459999084472656,20.459999084472656,0
3/26/90,19.59000015258789,19.59000015258789,19.59000015258789,19.59000015258789,19.59000015258789,0
3/27/90,21.010000228881836,21.010000228881836,21.010000228881836,21.010000228881836,21.010000228881836,0
3/28/90,19.770000457763672,19.770000457763672,19.770000457763672,19.770000457763672,19.770000457763672,0
3/29/90,18.459999084472656,18.459999084472656,18.459999084472656,18.459999084472656,18.459999084472656,0
3/30/90,19.729999542236328,19.729999542236328,19.729999542236328,19.729999542236328,19.729999542236328,0
4/2/90,22.84000015258789,22.84000015258789,22.84000015258789,22.84000015258789,22.84000015258789,0
4/3/90,20.440000534057617,20.440000534057617,20.440000534057617,20.440000534057617,20.440000534057617,0
4/4/90,22.030000686645508,22.030000686645508,22.030000686645508,22.030000686645508,22.030000686645508,0
4/5/90,21.209999084472656,21.209999084472656,21.209999084472656,21.209999084472656,21.209999084472656,0
4/6/90,21.760000228881836,21.760000228881836,21.760000228881836,21.760000228881836,21.760000228881836,0
4/9/90,22.299999237060547,22.299999237060547,22.299999237060547,22.299999237060547,22.299999237060547,0
4/10/90,21.690000534057617,21.690000534057617,21.690000534057617,21.690000534057617,21.690000534057617,0
4/11/90,17.729999542236328,17.729999542236328,17.729999542236328,17.729999542236328,17.729999542236328,0
4/12/90,19.799999237060547,19.799999237060547,19.799999237060547,19.799999237060547,19.799999237060547,0
4/16/90,20.75,20.75,20.75,20.75,20.75,0
4/17/90,20.37999916,20.37999916,20.37999916,20.37999916,20.37999916,0
4/18/90,22.670000076293945,22.670000076293945,22.670000076293945,22.670000076293945,22.670000076293945,0
4/19/90,22.459999084472656,22.459999084472656,22.459999084472656,22.459999084472656,22.459999084472656,0
4/20/90,23.329999923706055,23.329999923706055,23.329999923706055,23.329999923706055,23.329999923706055,0
4/23/90,24.15999984741211,24.15999984741211,24.15999984741211,24.15999984741211,24.15999984741211,0
4/24/90,21.700000762939453,21.700000762939453,21.700000762939453,21.700000762939453,21.700000762939453,0
4/25/90,20.86000061035156,20.86000061035156,20.86000061035156,20.86000061035156,20.86000061035156,0
4/26/90,20.25,20.25,20.25,20.25,20.25,0
4/27/90,22.190000534057617,22.190000534057617,22.190000534057617,22.190000534057617,22.190000534057617,0
4/30/90,19.520000457763672,19.520000457763672,19.520000457763672,19.520000457763672,19.520000457763672,0
5/1/90,18.43000030517578,18.43000030517578,18.43000030517578,18.43000030517578,18.43000030517578,0
5/2/90,19.31999969482422,19.31999969482422,19.31999969482422,19.31999969482422,19.31999969482422,0
5/3/90,17.809999465942383,17.809999465942383,17.809999465942383,17.809999465942383,17.809999465942383,0
5/4/90,17.280000686645508,17.280000686645508,17.280000686645508,17.280000686645508,17.280000686645508,0
5/7/90,17.649999618530273,17.649999618530273,17.649999618530273,17.649999618530273,17.649999618530273,0
5/8/90,18.489999771118164,18.489999771118164,18.489999771118164,18.489999771118164,18.489999771118164,0
5/9/90,18.63999938964844,18.63999938964844,18.63999938964844,18.63999938964844,18.63999938964844,0
5/10/90,18.59000015258789,18.59000015258789,18.59000015258789,18.59000015258789,18.59000015258789,0
5/11/90,19.809999465942383,19.809999465942383,19.809999465942383,19.809999465942383,19.809999465942383,0
5/14/90,20.13999938964844,20.13999938964844,20.13999938964844,20.13999938964844,20.13999938964844,0
5/15/90,19.489999771118164,19.489999771118164,19.489999771118164,19.489999771118164,19.489999771118164,0
5/16/90,17.709999084472656,17.709999084472656,17.709999084472656,17.709999084472656,17.709999084472656,0
5/17/90,17.270000457763672,17.270000457763672,17.270000457763672,17.270000457763672,17.270000457763672,0
5/18/90,17.200000762939453,17.200000762939453,17.200000762939453,17.200000762939453,17.200000762939453,0
5/21/90,16.719999313354492,16.719999313354492,16.719999313354492,16.719999313354492,16.719999313354492,0
5/22/90,17.84000015258789,17.84000015258789,17.84000015258789,17.84000015258789,17.84000015258789,0
5/23/90,17.18000030517578,17.18000030517578,17.18000030517578,17.18000030517578,17.18000030517578,0
5/24/90,17.700000762939453,17.700000762939453,17.700000762939453,17.700000762939453,17.700000762939453,0
5/25/90,17.31999969482422,17.31999969482422,17.31999969482422,17.31999969482422,17.31999969482422,0
5/29/90,18.75,18.75,18.75,18.75,18.75,0
5/30/90,17.440000534057617,17.440000534057617,17.440000534057617,17.440000534057617,17.440000534057617,0
5/31/90,17.37000084,17.37000084,17.37000084,17.37000084,17.37000084,0
6/1/90,17.09000015258789,17.09000015258789,17.09000015258789,17.09000015258789,17.09000015258789,0
6/4/90,18.38999938964844,18.38999938964844,18.38999938964844,18.38999938964844,18.38999938964844,0
6/5/90,18.969999313354492,18.969999313354492,18.969999313354492,18.969999313354492,18.969999313354492,0
6/6/90,17.420000076293945,17.420000076293945,17.420000076293945,17.420000076293945,17.420000076293945,0
6/7/90,16.87999916,16.87999916,16.87999916,16.87999916,16.87999916,0
6/8/90,17.579999923706055,17.579999923706055,17.579999923706055,17.579999923706055,17.579999923706055,0
6/11/90,16.34000015258789,16.34000015258789,16.34000015258789,16.34000015258789,16.34000015258789,0
6/12/90,16.600000381469727,16.600000381469727,16.600000381469727,16.600000381469727,16.600000381469727,0
6/13/90,17.37999916,17.37999916,17.37999916,17.37999916,17.37999916,0
6/14/90,17.399999618530273,17.399999618530273,17.399999618530273,17.399999618530273,17.399999618530273,0
6/15/90,15.899999618530272,15.899999618530272,15.899999618530272,15.899999618530272,15.899999618530272,0
6/18/90,17.709999084472656,17.709999084472656,17.709999084472656,17.709999084472656,17.709999084472656,0
6/19/90,15.229999542236328,15.229999542236328,15.229999542236328,15.229999542236328,15.229999542236328,0
6/20/90,15.270000457763672,15.270000457763672,15.270000457763672,15.270000457763672,15.270000457763672,0
6/21/90,14.720000267028809,14.720000267028809,14.720000267028809,14.720000267028809,14.720000267028809,0
6/22/90,19.36000061035156,19.36000061035156,19.36000061035156,19.36000061035156,19.36000061035156,0
6/25/90,17.059999465942383,17.059999465942383,17.059999465942383,17.059999465942383,17.059999465942383,0
6/26/90,16.290000915527344,16.290000915527344,16.290000915527344,16.290000915527344,16.290000915527344,0
6/27/90,16.0,16.0,16.0,16.0,16.0,0
6/28/90,16.18000030517578,16.18000030517578,16.18000030517578,16.18000030517578,16.18000030517578,0
6/29/90,15.5,15.5,15.5,15.5,15.5,0
7/2/90,16.260000228881836,16.260000228881836,16.260000228881836,16.260000228881836,16.260000228881836,0
7/3/90,16.110000610351562,16.110000610351562,16.110000610351562,16.110000610351562,16.110000610351562,0
7/5/90,17.25,17.25,17.25,17.25,17.25,0
7/6/90,16.40999984741211,16.40999984741211,16.40999984741211,16.40999984741211,16.40999984741211,0
7/9/90,16.65999984741211,16.65999984741211,16.65999984741211,16.65999984741211,16.65999984741211,0
7/10/90,16.920000076293945,16.920000076293945,16.920000076293945,16.920000076293945,16.920000076293945,0
7/11/90,16.68000030517578,16.68000030517578,16.68000030517578,16.68000030517578,16.68000030517578,0
7/12/90,17.059999465942383,17.059999465942383,17.059999465942383,17.059999465942383,17.059999465942383,0
7/13/90,17.09000015258789,17.09000015258789,17.09000015258789,17.09000015258789,17.09000015258789,0
7/16/90,16.75,16.75,16.75,16.75,16.75,0
7/17/90,16.65999984741211,16.65999984741211,16.65999984741211,16.65999984741211,16.65999984741211,0
7/18/90,18.899999618530273,18.899999618530273,18.899999618530273,18.899999618530273,18.899999618530273,0
7/19/90,18.559999465942383,18.559999465942383,18.559999465942383,18.559999465942383,18.559999465942383,0
7/20/90,15.630000114440918,15.630000114440918,15.630000114440918,15.630000114440918,15.630000114440918,0
7/23/90,23.68000030517578,23.68000030517578,23.68000030517578,23.68000030517578,23.68000030517578,0
7/24/90,21.790000915527344,21.790000915527344,21.790000915527344,21.790000915527344,21.790000915527344,0
7/25/90,20.190000534057617,20.190000534057617,20.190000534057617,20.190000534057617,20.190000534057617,0
7/26/90,20.260000228881836,20.260000228881836,20.260000228881836,20.260000228881836,20.260000228881836,0
7/27/90,21.12000084,21.12000084,21.12000084,21.12000084,21.12000084,0
7/30/90,21.15999984741211,21.15999984741211,21.15999984741211,21.15999984741211,21.15999984741211,0
7/31/90,21.11000061035156,21.11000061035156,21.11000061035156,21.11000061035156,21.11000061035156,0
8/1/90,21.63999938964844,21.63999938964844,21.63999938964844,21.63999938964844,21.63999938964844,0
8/2/90,20.43000030517578,20.43000030517578,20.43000030517578,20.43000030517578,20.43000030517578,0
8/3/90,28.739999771118164,28.739999771118164,28.739999771118164,28.739999771118164,28.739999771118164,0
8/6/90,35.90999984741211,35.90999984741211,35.90999984741211,35.90999984741211,35.90999984741211,0
8/7/90,32.75,32.75,32.75,32.75,32.75,0
8/8/90,28.270000457763672,28.270000457763672,28.270000457763672,28.270000457763672,28.270000457763672,0
8/9/90,24.38999938964844,24.38999938964844,24.38999938964844,24.38999938964844,24.38999938964844,0
8/10/90,25.75,25.75,25.75,25.75,25.75,0
8/13/90,25.739999771118164,25.739999771118164,25.739999771118164,25.739999771118164,25.739999771118164,0
8/14/90,24.18000030517578,24.18000030517578,24.18000030517578,24.18000030517578,24.18000030517578,0
8/15/90,23.309999465942383,23.309999465942383,23.309999465942383,23.309999465942383,23.309999465942383,0
8/16/90,27.15999984741211,27.15999984741211,27.15999984741211,27.15999984741211,27.15999984741211,0
8/17/90,27.530000686645508,27.530000686645508,27.530000686645508,27.530000686645508,27.530000686645508,0
8/20/90,26.459999084472656,26.459999084472656,26.459999084472656,26.459999084472656,26.459999084472656,0
8/21/90,28.899999618530273,28.899999618530273,28.899999618530273,28.899999618530273,28.899999618530273,0
8/22/90,30.549999237060547,30.549999237060547,30.549999237060547,30.549999237060547,30.549999237060547,0
8/23/90,36.470001220703125,36.470001220703125,36.470001220703125,36.470001220703125,36.470001220703125,0
8/24/90,33.93000030517578,33.93000030517578,33.93000030517578,33.93000030517578,33.93000030517578,0
8/27/90,29.62999916,29.62999916,29.62999916,29.62999916,29.62999916,0
8/28/90,29.12000084,29.12000084,29.12000084,29.12000084,29.12000084,0
8/29/90,27.37999916,27.37999916,27.37999916,27.37999916,27.37999916,0
8/30/90,29.88999938964844,29.88999938964844,29.88999938964844,29.88999938964844,29.88999938964844,0
8/31/90,29.899999618530273,29.899999618530273,29.899999618530273,29.899999618530273,29.899999618530273,0
9/4/90,29.579999923706055,29.579999923706055,29.579999923706055,29.579999923706055,29.579999923706055,0
9/5/90,28.520000457763672,28.520000457763672,28.520000457763672,28.520000457763672,28.520000457763672,0
9/6/90,30.190000534057617,30.190000534057617,30.190000534057617,30.190000534057617,30.190000534057617,0
9/7/90,28.729999542236328,28.729999542236328,28.729999542236328,28.729999542236328,28.729999542236328,0
9/10/90,29.34000015258789,29.34000015258789,29.34000015258789,29.34000015258789,29.34000015258789,0
9/11/90,28.37999916,28.37999916,28.37999916,28.37999916,28.37999916,0
9/12/90,28.12000084,28.12000084,28.12000084,28.12000084,28.12000084,0
9/13/90,29.329999923706055,29.329999923706055,29.329999923706055,29.329999923706055,29.329999923706055,0
9/14/90,30.559999465942383,30.559999465942383,30.559999465942383,30.559999465942383,30.559999465942383,0
9/17/90,29.549999237060547,29.549999237060547,29.549999237060547,29.549999237060547,29.549999237060547,0
9/18/90,28.81999969482422,28.81999969482422,28.81999969482422,28.81999969482422,28.81999969482422,0
9/19/90,27.87999916,27.87999916,27.87999916,27.87999916,27.87999916,0
9/20/90,28.65999984741211,28.65999984741211,28.65999984741211,28.65999984741211,28.65999984741211,0
9/21/90,30.040000915527344,30.040000915527344,30.040000915527344,30.040000915527344,30.040000915527344,0
9/24/90,30.559999465942383,30.559999465942383,30.559999465942383,30.559999465942383,30.559999465942383,0
9/25/90,28.809999465942383,28.809999465942383,28.809999465942383,28.809999465942383,28.809999465942383,0
9/26/90,28.190000534057617,28.190000534057617,28.190000534057617,28.190000534057617,28.190000534057617,0
9/27/90,28.670000076293945,28.670000076293945,28.670000076293945,28.670000076293945,28.670000076293945,0
9/28/90,29.11000061035156,29.11000061035156,29.11000061035156,29.11000061035156,29.11000061035156,0
10/1/90,28.059999465942383,28.059999465942383,28.059999465942383,28.059999465942383,28.059999465942383,0
10/2/90,27.280000686645508,27.280000686645508,27.280000686645508,27.280000686645508,27.280000686645508,0
10/3/90,27.899999618530273,27.899999618530273,27.899999618530273,27.899999618530273,27.899999618530273,0
10/4/90,27.510000228881836,27.510000228881836,27.510000228881836,27.510000228881836,27.510000228881836,0
10/5/90,27.850000381469727,27.850000381469727,27.850000381469727,27.850000381469727,27.850000381469727,0
10/8/90,28.040000915527344,28.040000915527344,28.040000915527344,28.040000915527344,28.040000915527344,0
10/9/90,30.709999084472656,30.709999084472656,30.709999084472656,30.709999084472656,30.709999084472656,0
10/10/90,31.190000534057617,31.190000534057617,31.190000534057617,31.190000534057617,31.190000534057617,0
10/11/90,33.97999954223633,33.97999954223633,33.97999954223633,33.97999954223633,33.97999954223633,0
10/12/90,31.940000534057617,31.940000534057617,31.940000534057617,31.940000534057617,31.940000534057617,0
10/15/90,31.63999938964844,31.63999938964844,31.63999938964844,31.63999938964844,31.63999938964844,0
10/16/90,31.450000762939453,31.450000762939453,31.450000762939453,31.450000762939453,31.450000762939453,0
10/17/90,31.37000084,31.37000084,31.37000084,31.37000084,31.37000084,0
10/18/90,29.600000381469727,29.600000381469727,29.600000381469727,29.600000381469727,29.600000381469727,0
10/19/90,27.86000061035156,27.86000061035156,27.86000061035156,27.86000061035156,27.86000061035156,0
10/22/90,27.270000457763672,27.270000457763672,27.270000457763672,27.270000457763672,27.270000457763672,0
10/23/90,27.56999969482422,27.56999969482422,27.56999969482422,27.56999969482422,27.56999969482422,0
10/24/90,28.280000686645508,28.280000686645508,28.280000686645508,28.280000686645508,28.280000686645508,0
10/25/90,29.040000915527344,29.040000915527344,29.040000915527344,29.040000915527344,29.040000915527344,0
10/26/90,30.75,30.75,30.75,30.75,30.75,0
10/29/90,31.540000915527344,31.540000915527344,31.540000915527344,31.540000915527344,31.540000915527344,0
10/30/90,30.520000457763672,30.520000457763672,30.520000457763672,30.520000457763672,30.520000457763672,0
10/31/90,30.040000915527344,30.040000915527344,30.040000915527344,30.040000915527344,30.040000915527344,0
11/1/90,30.25,30.25,30.25,30.25,30.25,0
11/2/90,30.030000686645508,30.030000686645508,30.030000686645508,30.030000686645508,30.030000686645508,0
11/5/90,29.850000381469727,29.850000381469727,29.850000381469727,29.850000381469727,29.850000381469727,0
11/6/90,29.11000061035156,29.11000061035156,29.11000061035156,29.11000061035156,29.11000061035156,0
11/7/90,30.87000084,30.87000084,30.87000084,30.87000084,30.87000084,0
11/8/90,30.790000915527344,30.790000915527344,30.790000915527344,30.790000915527344,30.790000915527344,0
11/9/90,26.959999084472656,26.959999084472656,26.959999084472656,26.959999084472656,26.959999084472656,0
11/12/90,25.600000381469727,25.600000381469727,25.600000381469727,25.600000381469727,25.600000381469727,0
11/13/90,24.579999923706055,24.579999923706055,24.579999923706055,24.579999923706055,24.579999923706055,0
11/14/90,22.88999938964844,22.88999938964844,22.88999938964844,22.88999938964844,22.88999938964844,0
11/15/90,22.56999969482422,22.56999969482422,22.56999969482422,22.56999969482422,22.56999969482422,0
11/16/90,21.34000015258789,21.34000015258789,21.34000015258789,21.34000015258789,21.34000015258789,0
11/19/90,20.950000762939453,20.950000762939453,20.950000762939453,20.950000762939453,20.950000762939453,0
11/20/90,20.09000015258789,20.09000015258789,20.09000015258789,20.09000015258789,20.09000015258789,0
11/21/90,21.09000015258789,21.09000015258789,21.09000015258789,21.09000015258789,21.09000015258789,0
11/23/90,20.979999542236328,20.979999542236328,20.979999542236328,20.979999542236328,20.979999542236328,0
11/26/90,22.760000228881836,22.760000228881836,22.760000228881836,22.760000228881836,22.760000228881836,0
11/27/90,22.86000061035156,22.86000061035156,22.86000061035156,22.86000061035156,22.86000061035156,0
11/28/90,22.959999084472656,22.959999084472656,22.959999084472656,22.959999084472656,22.959999084472656,0
11/29/90,23.90999984741211,23.90999984741211,23.90999984741211,23.90999984741211,23.90999984741211,0
11/30/90,22.15999984741211,22.15999984741211,22.15999984741211,22.15999984741211,22.15999984741211,0
12/3/90,22.290000915527344,22.290000915527344,22.290000915527344,22.290000915527344,22.290000915527344,0
12/4/90,22.030000686645508,22.030000686645508,22.030000686645508,22.030000686645508,22.030000686645508,0
12/5/90,20.940000534057617,20.940000534057617,20.940000534057617,20.940000534057617,20.940000534057617,0
12/6/90,22.62000084,22.62000084,22.62000084,22.62000084,22.62000084,0
12/7/90,22.59000015258789,22.59000015258789,22.59000015258789,22.59000015258789,22.59000015258789,0
12/10/90,23.579999923706055,23.579999923706055,23.579999923706055,23.579999923706055,23.579999923706055,0
12/11/90,23.75,23.75,23.75,23.75,23.75,0
12/12/90,21.280000686645508,21.280000686645508,21.280000686645508,21.280000686645508,21.280000686645508,0
12/13/90,23.049999237060547,23.049999237060547,23.049999237060547,23.049999237060547,23.049999237060547,0
12/14/90,23.850000381469727,23.850000381469727,23.850000381469727,23.850000381469727,23.850000381469727,0
12/17/90,24.850000381469727,24.850000381469727,24.850000381469727,24.850000381469727,24.850000381469727,0
12/18/90,23.11000061035156,23.11000061035156,23.11000061035156,23.11000061035156,23.11000061035156,0
12/19/90,23.079999923706055,23.079999923706055,23.079999923706055,23.079999923706055,23.079999923706055,0
12/20/90,23.12999916,23.12999916,23.12999916,23.12999916,23.12999916,0
12/21/90,22.65999984741211,22.65999984741211,22.65999984741211,22.65999984741211,22.65999984741211,0
12/24/90,24.030000686645508,24.030000686645508,24.030000686645508,24.030000686645508,24.030000686645508,0
12/26/90,24.18000030517578,24.18000030517578,24.18000030517578,24.18000030517578,24.18000030517578,0
12/27/90,24.809999465942383,24.809999465942383,24.809999465942383,24.809999465942383,24.809999465942383,0
12/28/90,25.049999237060547,25.049999237060547,25.049999237060547,25.049999237060547,25.049999237060547,0
12/31/90,26.37999916,26.37999916,26.37999916,26.37999916,26.37999916,0
1/2/91,26.62000084,26.62000084,26.62000084,26.62000084,26.62000084,0
1/3/91,27.93000030517578,27.93000030517578,27.93000030517578,27.93000030517578,27.93000030517578,0
1/4/91,27.190000534057617,27.190000534057617,27.190000534057617,27.190000534057617,27.190000534057617,0
1/7/91,28.950000762939453,28.950000762939453,28.950000762939453,28.950000762939453,28.950000762939453,0
1/8/91,30.37999916,30.37999916,30.37999916,30.37999916,30.37999916,0
1/9/91,33.29999923706055,33.29999923706055,33.29999923706055,33.29999923706055,33.29999923706055,0
1/10/91,31.329999923706055,31.329999923706055,31.329999923706055,31.329999923706055,31.329999923706055,0
1/11/91,32.630001068115234,32.630001068115234,32.630001068115234,32.630001068115234,32.630001068115234,0
1/14/91,36.20000076293945,36.20000076293945,36.20000076293945,36.20000076293945,36.20000076293945,0
1/15/91,36.15999984741211,36.15999984741211,36.15999984741211,36.15999984741211,36.15999984741211,0
1/16/91,33.20000076293945,33.20000076293945,33.20000076293945,33.20000076293945,33.20000076293945,0
1/17/91,27.450000762939453,27.450000762939453,27.450000762939453,27.450000762939453,27.450000762939453,0
1/18/91,25.38999938964844,25.38999938964844,25.38999938964844,25.38999938964844,25.38999938964844,0
1/21/91,24.329999923706055,24.329999923706055,24.329999923706055,24.329999923706055,24.329999923706055,0
1/22/91,24.899999618530273,24.899999618530273,24.899999618530273,24.899999618530273,24.899999618530273,0
1/23/91,23.920000076293945,23.920000076293945,23.920000076293945,23.920000076293945,23.920000076293945,0
1/24/91,22.86000061035156,22.86000061035156,22.86000061035156,22.86000061035156,22.86000061035156,0
1/25/91,22.200000762939453,22.200000762939453,22.200000762939453,22.200000762939453,22.200000762939453,0
1/28/91,23.049999237060547,23.049999237060547,23.049999237060547,23.049999237060547,23.049999237060547,0
1/29/91,23.170000076293945,23.170000076293945,23.170000076293945,23.170000076293945,23.170000076293945,0
1/30/91,21.37000084,21.37000084,21.37000084,21.37000084,21.37000084,0
1/31/91,20.90999984741211,20.90999984741211,20.90999984741211,20.90999984741211,20.90999984741211,0
2/1/91,21.040000915527344,21.040000915527344,21.040000915527344,21.040000915527344,21.040000915527344,0
2/4/91,21.86000061035156,21.86000061035156,21.86000061035156,21.86000061035156,21.86000061035156,0
2/5/91,21.459999084472656,21.459999084472656,21.459999084472656,21.459999084472656,21.459999084472656,0
2/6/91,22.68000030517578,22.68000030517578,22.68000030517578,22.68000030517578,22.68000030517578,0
2/7/91,23.600000381469727,23.600000381469727,23.600000381469727,23.600000381469727,23.600000381469727,0
2/8/91,23.37999916,23.37999916,23.37999916,23.37999916,23.37999916,0
2/11/91,22.559999465942383,22.559999465942383,22.559999465942383,22.559999465942383,22.559999465942383,0
2/12/91,22.260000228881836,22.260000228881836,22.260000228881836,22.260000228881836,22.260000228881836,0
2/13/91,20.86000061035156,20.86000061035156,20.86000061035156,20.86000061035156,20.86000061035156,0
2/14/91,21.479999542236328,21.479999542236328,21.479999542236328,21.479999542236328,21.479999542236328,0
2/15/91,19.56999969482422,19.56999969482422,19.56999969482422,19.56999969482422,19.56999969482422,0
2/19/91,19.84000015258789,19.84000015258789,19.84000015258789,19.84000015258789,19.84000015258789,0
2/20/91,22.260000228881836,22.260000228881836,22.260000228881836,22.260000228881836,22.260000228881836,0
2/21/91,20.780000686645508,20.780000686645508,20.780000686645508,20.780000686645508,20.780000686645508,0
2/22/91,21.010000228881836,21.010000228881836,21.010000228881836,21.010000228881836,21.010000228881836,0
2/25/91,22.86000061035156,22.86000061035156,22.86000061035156,22.86000061035156,22.86000061035156,0
2/26/91,20.37999916,20.37999916,20.37999916,20.37999916,20.37999916,0
2/27/91,21.260000228881836,21.260000228881836,21.260000228881836,21.260000228881836,21.260000228881836,0
2/28/91,21.229999542236328,21.229999542236328,21.229999542236328,21.229999542236328,21.229999542236328,0
3/1/91,21.229999542236328,21.229999542236328,21.229999542236328,21.229999542236328,21.229999542236328,0
3/4/91,20.86000061035156,20.86000061035156,20.86000061035156,20.86000061035156,20.86000061035156,0
3/5/91,20.450000762939453,20.450000762939453,20.450000762939453,20.450000762939453,20.450000762939453,0
3/6/91,20.549999237060547,20.549999237060547,20.549999237060547,20.549999237060547,20.549999237060547,0
3/7/91,21.049999237060547,21.049999237060547,21.049999237060547,21.049999237060547,21.049999237060547,0
3/8/91,20.809999465942383,20.809999465942383,20.809999465942383,20.809999465942383,20.809999465942383,0
3/11/91,20.87999916,20.87999916,20.87999916,20.87999916,20.87999916,0
3/12/91,18.81999969482422,18.81999969482422,18.81999969482422,18.81999969482422,18.81999969482422,0
3/13/91,16.09000015258789,16.09000015258789,16.09000015258789,16.09000015258789,16.09000015258789,0
3/14/91,14.93999958,14.93999958,14.93999958,14.93999958,14.93999958,0
3/15/91,14.899999618530272,14.899999618530272,14.899999618530272,14.899999618530272,14.899999618530272,0
3/18/91,15.789999961853027,15.789999961853027,15.789999961853027,15.789999961853027,15.789999961853027,0
3/19/91,16.110000610351562,16.110000610351562,16.110000610351562,16.110000610351562,16.110000610351562,0
3/20/91,16.040000915527344,16.040000915527344,16.040000915527344,16.040000915527344,16.040000915527344,0
3/21/91,16.860000610351562,16.860000610351562,16.860000610351562,16.860000610351562,16.860000610351562,0
3/22/91,16.489999771118164,16.489999771118164,16.489999771118164,16.489999771118164,16.489999771118164,0
3/25/91,16.760000228881836,16.760000228881836,16.760000228881836,16.760000228881836,16.760000228881836,0
3/26/91,16.309999465942383,16.309999465942383,16.309999465942383,16.309999465942383,16.309999465942383,0
3/27/91,16.549999237060547,16.549999237060547,16.549999237060547,16.549999237060547,16.549999237060547,0
3/28/91,16.87999916,16.87999916,16.87999916,16.87999916,16.87999916,0
4/1/91,17.420000076293945,17.420000076293945,17.420000076293945,17.420000076293945,17.420000076293945,0
4/2/91,17.399999618530273,17.399999618530273,17.399999618530273,17.399999618530273,17.399999618530273,0
4/3/91,17.610000610351562,17.610000610351562,17.610000610351562,17.610000610351562,17.610000610351562,0
4/4/91,18.010000228881836,18.010000228881836,18.010000228881836,18.010000228881836,18.010000228881836,0
4/5/91,17.62999916,17.62999916,17.62999916,17.62999916,17.62999916,0
4/8/91,17.40999984741211,17.40999984741211,17.40999984741211,17.40999984741211,17.40999984741211,0
4/9/91,20.12000084,20.12000084,20.12000084,20.12000084,20.12000084,0
4/10/91,19.729999542236328,19.729999542236328,19.729999542236328,19.729999542236328,19.729999542236328,0
4/11/91,17.239999771118164,17.239999771118164,17.239999771118164,17.239999771118164,17.239999771118164,0
4/12/91,18.450000762939453,18.450000762939453,18.450000762939453,18.450000762939453,18.450000762939453,0
4/15/91,16.5,16.5,16.5,16.5,16.5,0
4/16/91,15.81999969482422,15.81999969482422,15.81999969482422,15.81999969482422,15.81999969482422,0
4/17/91,15.470000267028809,15.470000267028809,15.470000267028809,15.470000267028809,15.470000267028809,0
4/18/91,16.260000228881836,16.260000228881836,16.260000228881836,16.260000228881836,16.260000228881836,0
4/19/91,15.68000030517578,15.68000030517578,15.68000030517578,15.68000030517578,15.68000030517578,0
4/22/91,16.780000686645508,16.780000686645508,16.780000686645508,16.780000686645508,16.780000686645508,0
4/23/91,17.020000457763672,17.020000457763672,17.020000457763672,17.020000457763672,17.020000457763672,0
4/24/91,16.719999313354492,16.719999313354492,16.719999313354492,16.719999313354492,16.719999313354492,0
4/25/91,17.149999618530273,17.149999618530273,17.149999618530273,17.149999618530273,17.149999618530273,0
4/26/91,17.270000457763672,17.270000457763672,17.270000457763672,17.270000457763672,17.270000457763672,0
4/29/91,18.270000457763672,18.270000457763672,18.270000457763672,18.270000457763672,18.270000457763672,0
4/30/91,18.239999771118164,18.239999771118164,18.239999771118164,18.239999771118164,18.239999771118164,0
5/1/91,17.770000457763672,17.770000457763672,17.770000457763672,17.770000457763672,17.770000457763672,0
5/2/91,17.520000457763672,17.520000457763672,17.520000457763672,17.520000457763672,17.520000457763672,0
5/3/91,17.239999771118164,17.239999771118164,17.239999771118164,17.239999771118164,17.239999771118164,0
5/6/91,17.920000076293945,17.920000076293945,17.920000076293945,17.920000076293945,17.920000076293945,0
5/7/91,17.459999084472656,17.459999084472656,17.459999084472656,17.459999084472656,17.459999084472656,0
5/8/91,17.780000686645508,17.780000686645508,17.780000686645508,17.780000686645508,17.780000686645508,0
5/9/91,17.170000076293945,17.170000076293945,17.170000076293945,17.170000076293945,17.170000076293945,0
5/10/91,17.540000915527344,17.540000915527344,17.540000915527344,17.540000915527344,17.540000915527344,0
5/13/91,17.65999984741211,17.65999984741211,17.65999984741211,17.65999984741211,17.65999984741211,0
5/14/91,18.0,18.0,18.0,18.0,18.0,0
5/15/91,18.37999916,18.37999916,18.37999916,18.37999916,18.37999916,0
5/16/91,17.239999771118164,17.239999771118164,17.239999771118164,17.239999771118164,17.239999771118164,0
5/17/91,16.639999389648438,16.639999389648438,16.639999389648438,16.639999389648438,16.639999389648438,0
5/20/91,17.100000381469727,17.100000381469727,17.100000381469727,17.100000381469727,17.100000381469727,0
5/21/91,16.06999969482422,16.06999969482422,16.06999969482422,16.06999969482422,16.06999969482422,0
5/22/91,16.15999984741211,16.15999984741211,16.15999984741211,16.15999984741211,16.15999984741211,0
5/23/91,16.110000610351562,16.110000610351562,16.110000610351562,16.110000610351562,16.110000610351562,0
5/24/91,15.229999542236328,15.229999542236328,15.229999542236328,15.229999542236328,15.229999542236328,0
5/28/91,15.670000076293944,15.670000076293944,15.670000076293944,15.670000076293944,15.670000076293944,0
5/29/91,15.899999618530272,15.899999618530272,15.899999618530272,15.899999618530272,15.899999618530272,0
5/30/91,16.020000457763672,16.020000457763672,16.020000457763672,16.020000457763672,16.020000457763672,0
5/31/91,15.93000030517578,15.93000030517578,15.93000030517578,15.93000030517578,15.93000030517578,0
6/3/91,16.87000084,16.87000084,16.87000084,16.87000084,16.87000084,0
6/4/91,16.170000076293945,16.170000076293945,16.170000076293945,16.170000076293945,16.170000076293945,0
6/5/91,16.399999618530273,16.399999618530273,16.399999618530273,16.399999618530273,16.399999618530273,0
6/6/91,16.93000030517578,16.93000030517578,16.93000030517578,16.93000030517578,16.93000030517578,0
6/7/91,16.979999542236328,16.979999542236328,16.979999542236328,16.979999542236328,16.979999542236328,0
6/10/91,17.469999313354492,17.469999313354492,17.469999313354492,17.469999313354492,17.469999313354492,0
6/11/91,17.31999969482422,17.31999969482422,17.31999969482422,17.31999969482422,17.31999969482422,0
6/12/91,17.719999313354492,17.719999313354492,17.719999313354492,17.719999313354492,17.719999313354492,0
6/13/91,16.989999771118164,16.989999771118164,16.989999771118164,16.989999771118164,16.989999771118164,0
6/14/91,15.979999542236328,15.979999542236328,15.979999542236328,15.979999542236328,15.979999542236328,0
6/17/91,15.5,15.5,15.5,15.5,15.5,0
6/18/91,16.139999389648438,16.139999389648438,16.139999389648438,16.139999389648438,16.139999389648438,0
6/19/91,17.440000534057617,17.440000534057617,17.440000534057617,17.440000534057617,17.440000534057617,0
6/20/91,16.75,16.75,16.75,16.75,16.75,0
6/21/91,16.510000228881836,16.510000228881836,16.510000228881836,16.510000228881836,16.510000228881836,0
6/24/91,18.280000686645508,18.280000686645508,18.280000686645508,18.280000686645508,18.280000686645508,0
6/25/91,17.850000381469727,17.850000381469727,17.850000381469727,17.850000381469727,17.850000381469727,0
6/26/91,17.979999542236328,17.979999542236328,17.979999542236328,17.979999542236328,17.979999542236328,0
6/27/91,17.87000084,17.87000084,17.87000084,17.87000084,17.87000084,0
6/28/91,19.549999237060547,19.549999237060547,19.549999237060547,19.549999237060547,19.549999237060547,0
7/1/91,18.63999938964844,18.63999938964844,18.63999938964844,18.63999938964844,18.63999938964844,0
7/2/91,17.62999916,17.62999916,17.62999916,17.62999916,17.62999916,0
7/3/91,19.469999313354492,19.469999313354492,19.469999313354492,19.469999313354492,19.469999313354492,0
7/5/91,18.350000381469727,18.350000381469727,18.350000381469727,18.350000381469727,18.350000381469727,0
7/8/91,20.290000915527344,20.290000915527344,20.290000915527344,20.290000915527344,20.290000915527344,0
7/9/91,19.760000228881836,19.760000228881836,19.760000228881836,19.760000228881836,19.760000228881836,0
7/10/91,19.190000534057617,19.190000534057617,19.190000534057617,19.190000534057617,19.190000534057617,0
7/11/91,17.389999389648438,17.389999389648438,17.389999389648438,17.389999389648438,17.389999389648438,0
7/12/91,18.290000915527344,18.290000915527344,18.290000915527344,18.290000915527344,18.290000915527344,0
7/15/91,17.780000686645508,17.780000686645508,17.780000686645508,17.780000686645508,17.780000686645508,0
7/16/91,17.489999771118164,17.489999771118164,17.489999771118164,17.489999771118164,17.489999771118164,0
7/17/91,17.520000457763672,17.520000457763672,17.520000457763672,17.520000457763672,17.520000457763672,0
7/18/91,15.770000457763672,15.770000457763672,15.770000457763672,15.770000457763672,15.770000457763672,0
7/19/91,15.5,15.5,15.5,15.5,15.5,0
7/22/91,16.899999618530273,16.899999618530273,16.899999618530273,16.899999618530273,16.899999618530273,0
7/23/91,16.579999923706055,16.579999923706055,16.579999923706055,16.579999923706055,16.579999923706055,0
7/24/91,16.40999984741211,16.40999984741211,16.40999984741211,16.40999984741211,16.40999984741211,0
7/25/91,15.739999771118164,15.739999771118164,15.739999771118164,15.739999771118164,15.739999771118164,0
7/26/91,15.449999809265137,15.449999809265137,15.449999809265137,15.449999809265137,15.449999809265137,0
7/29/91,15.670000076293944,15.670000076293944,15.670000076293944,15.670000076293944,15.670000076293944,0
7/30/91,15.470000267028809,15.470000267028809,15.470000267028809,15.470000267028809,15.470000267028809,0
7/31/91,15.18000030517578,15.18000030517578,15.18000030517578,15.18000030517578,15.18000030517578,0
8/1/91,15.470000267028809,15.470000267028809,15.470000267028809,15.470000267028809,15.470000267028809,0
8/2/91,15.260000228881836,15.260000228881836,15.260000228881836,15.260000228881836,15.260000228881836,0
8/5/91,15.920000076293944,15.920000076293944,15.920000076293944,15.920000076293944,15.920000076293944,0
8/6/91,15.539999961853027,15.539999961853027,15.539999961853027,15.539999961853027,15.539999961853027,0
8/7/91,15.56000042,15.56000042,15.56000042,15.56000042,15.56000042,0
8/8/91,15.979999542236328,15.979999542236328,15.979999542236328,15.979999542236328,15.979999542236328,0
8/9/91,15.449999809265137,15.449999809265137,15.449999809265137,15.449999809265137,15.449999809265137,0
8/12/91,15.260000228881836,15.260000228881836,15.260000228881836,15.260000228881836,15.260000228881836,0
8/13/91,14.729999542236328,14.729999542236328,14.729999542236328,14.729999542236328,14.729999542236328,0
8/14/91,15.09000015258789,15.09000015258789,15.09000015258789,15.09000015258789,15.09000015258789,0
8/15/91,15.18999958,15.18999958,15.18999958,15.18999958,15.18999958,0
8/16/91,16.010000228881836,16.010000228881836,16.010000228881836,16.010000228881836,16.010000228881836,0
8/19/91,21.190000534057617,21.190000534057617,21.190000534057617,21.190000534057617,21.190000534057617,0
8/20/91,18.86000061035156,18.86000061035156,18.86000061035156,18.86000061035156,18.86000061035156,0
8/21/91,15.619999885559082,15.619999885559082,15.619999885559082,15.619999885559082,15.619999885559082,0
8/22/91,14.59000015258789,14.59000015258789,14.59000015258789,14.59000015258789,14.59000015258789,0
8/23/91,14.40999984741211,14.40999984741211,14.40999984741211,14.40999984741211,14.40999984741211,0
8/26/91,14.81000042,14.81000042,14.81000042,14.81000042,14.81000042,0
8/27/91,15.460000038146973,15.460000038146973,15.460000038146973,15.460000038146973,15.460000038146973,0
8/28/91,15.31000042,15.31000042,15.31000042,15.31000042,15.31000042,0
8/29/91,14.81999969482422,14.81999969482422,14.81999969482422,14.81999969482422,14.81999969482422,0
8/30/91,14.460000038146973,14.460000038146973,14.460000038146973,14.460000038146973,14.460000038146973,0
9/3/91,16.56999969482422,16.56999969482422,16.56999969482422,16.56999969482422,16.56999969482422,0
9/4/91,17.18000030517578,17.18000030517578,17.18000030517578,17.18000030517578,17.18000030517578,0
9/5/91,17.309999465942383,17.309999465942383,17.309999465942383,17.309999465942383,17.309999465942383,0
9/6/91,16.760000228881836,16.760000228881836,16.760000228881836,16.760000228881836,16.760000228881836,0
9/9/91,17.729999542236328,17.729999542236328,17.729999542236328,17.729999542236328,17.729999542236328,0
9/10/91,18.219999313354492,18.219999313354492,18.219999313354492,18.219999313354492,18.219999313354492,0
9/11/91,17.959999084472656,17.959999084472656,17.959999084472656,17.959999084472656,17.959999084472656,0
9/12/91,16.209999084472656,16.209999084472656,16.209999084472656,16.209999084472656,16.209999084472656,0
9/13/91,17.87999916,17.87999916,17.87999916,17.87999916,17.87999916,0
9/16/91,17.81999969482422,17.81999969482422,17.81999969482422,17.81999969482422,17.81999969482422,0
9/17/91,17.68000030517578,17.68000030517578,17.68000030517578,17.68000030517578,17.68000030517578,0
9/18/91,17.559999465942383,17.559999465942383,17.559999465942383,17.559999465942383,17.559999465942383,0
9/19/91,17.559999465942383,17.559999465942383,17.559999465942383,17.559999465942383,17.559999465942383,0
9/20/91,17.079999923706055,17.079999923706055,17.079999923706055,17.079999923706055,17.079999923706055,0
9/23/91,16.37999916,16.37999916,16.37999916,16.37999916,16.37999916,0
9/24/91,16.040000915527344,16.040000915527344,16.040000915527344,16.040000915527344,16.040000915527344,0
9/25/91,15.68000030517578,15.68000030517578,15.68000030517578,15.68000030517578,15.68000030517578,0
9/26/91,15.350000381469728,15.350000381469728,15.350000381469728,15.350000381469728,15.350000381469728,0
9/27/91,16.309999465942383,16.309999465942383,16.309999465942383,16.309999465942383,16.309999465942383,0
9/30/91,15.850000381469728,15.850000381469728,15.850000381469728,15.850000381469728,15.850000381469728,0
10/1/91,14.81000042,14.81000042,14.81000042,14.81000042,14.81000042,0
10/2/91,15.81000042,15.81000042,15.81000042,15.81000042,15.81000042,0
10/3/91,17.040000915527344,17.040000915527344,17.040000915527344,17.040000915527344,17.040000915527344,0
10/4/91,15.630000114440918,15.630000114440918,15.630000114440918,15.630000114440918,15.630000114440918,0
10/7/91,18.579999923706055,18.579999923706055,18.579999923706055,18.579999923706055,18.579999923706055,0
10/8/91,17.809999465942383,17.809999465942383,17.809999465942383,17.809999465942383,17.809999465942383,0
10/9/91,18.540000915527344,18.540000915527344,18.540000915527344,18.540000915527344,18.540000915527344,0
10/10/91,17.799999237060547,17.799999237060547,17.799999237060547,17.799999237060547,17.799999237060547,0
10/11/91,17.600000381469727,17.600000381469727,17.600000381469727,17.600000381469727,17.600000381469727,0
10/14/91,16.709999084472656,16.709999084472656,16.709999084472656,16.709999084472656,16.709999084472656,0
10/15/91,16.219999313354492,16.219999313354492,16.219999313354492,16.219999313354492,16.219999313354492,0
10/16/91,14.850000381469728,14.850000381469728,14.850000381469728,14.850000381469728,14.850000381469728,0
10/17/91,16.31999969482422,16.31999969482422,16.31999969482422,16.31999969482422,16.31999969482422,0
10/18/91,15.869999885559082,15.869999885559082,15.869999885559082,15.869999885559082,15.869999885559082,0
10/21/91,16.65999984741211,16.65999984741211,16.65999984741211,16.65999984741211,16.65999984741211,0
10/22/91,16.549999237060547,16.549999237060547,16.549999237060547,16.549999237060547,16.549999237060547,0
10/23/91,16.260000228881836,16.260000228881836,16.260000228881836,16.260000228881836,16.260000228881836,0
10/24/91,15.619999885559082,15.619999885559082,15.619999885559082,15.619999885559082,15.619999885559082,0
10/25/91,15.75,15.75,15.75,15.75,15.75,0
10/28/91,15.449999809265137,15.449999809265137,15.449999809265137,15.449999809265137,15.449999809265137,0
10/29/91,15.550000190734863,15.550000190734863,15.550000190734863,15.550000190734863,15.550000190734863,0
10/30/91,15.460000038146973,15.460000038146973,15.460000038146973,15.460000038146973,15.460000038146973,0
10/31/91,15.479999542236328,15.479999542236328,15.479999542236328,15.479999542236328,15.479999542236328,0
11/1/91,15.600000381469728,15.600000381469728,15.600000381469728,15.600000381469728,15.600000381469728,0
11/4/91,16.350000381469727,16.350000381469727,16.350000381469727,16.350000381469727,16.350000381469727,0
11/5/91,16.479999542236328,16.479999542236328,16.479999542236328,16.479999542236328,16.479999542236328,0
11/6/91,16.469999313354492,16.469999313354492,16.469999313354492,16.469999313354492,16.469999313354492,0
11/7/91,15.970000267028809,15.970000267028809,15.970000267028809,15.970000267028809,15.970000267028809,0
11/8/91,15.43000030517578,15.43000030517578,15.43000030517578,15.43000030517578,15.43000030517578,0
11/11/91,14.890000343322754,14.890000343322754,14.890000343322754,14.890000343322754,14.890000343322754,0
11/12/91,14.039999961853027,14.039999961853027,14.039999961853027,14.039999961853027,14.039999961853027,0
11/13/91,13.949999809265137,13.949999809265137,13.949999809265137,13.949999809265137,13.949999809265137,0
11/14/91,13.960000038146973,13.960000038146973,13.960000038146973,13.960000038146973,13.960000038146973,0
11/15/91,21.18000030517578,21.18000030517578,21.18000030517578,21.18000030517578,21.18000030517578,0
11/18/91,18.280000686645508,18.280000686645508,18.280000686645508,18.280000686645508,18.280000686645508,0
11/19/91,20.34000015258789,20.34000015258789,20.34000015258789,20.34000015258789,20.34000015258789,0
11/20/91,20.399999618530273,20.399999618530273,20.399999618530273,20.399999618530273,20.399999618530273,0
11/21/91,19.11000061035156,19.11000061035156,19.11000061035156,19.11000061035156,19.11000061035156,0
11/22/91,21.200000762939453,21.200000762939453,21.200000762939453,21.200000762939453,21.200000762939453,0
11/25/91,21.920000076293945,21.920000076293945,21.920000076293945,21.920000076293945,21.920000076293945,0
11/26/91,19.799999237060547,19.799999237060547,19.799999237060547,19.799999237060547,19.799999237060547,0
11/27/91,19.84000015258789,19.84000015258789,19.84000015258789,19.84000015258789,19.84000015258789,0
11/29/91,20.260000228881836,20.260000228881836,20.260000228881836,20.260000228881836,20.260000228881836,0
12/2/91,20.18000030517578,20.18000030517578,20.18000030517578,20.18000030517578,20.18000030517578,0
12/3/91,19.700000762939453,19.700000762939453,19.700000762939453,19.700000762939453,19.700000762939453,0
12/4/91,19.540000915527344,19.540000915527344,19.540000915527344,19.540000915527344,19.540000915527344,0
12/5/91,20.190000534057617,20.190000534057617,20.190000534057617,20.190000534057617,20.190000534057617,0
12/6/91,19.040000915527344,19.040000915527344,19.040000915527344,19.040000915527344,19.040000915527344,0
12/9/91,19.739999771118164,19.739999771118164,19.739999771118164,19.739999771118164,19.739999771118164,0
12/10/91,19.88999938964844,19.88999938964844,19.88999938964844,19.88999938964844,19.88999938964844,0
12/11/91,20.56999969482422,20.56999969482422,20.56999969482422,20.56999969482422,20.56999969482422,0
12/12/91,19.079999923706055,19.079999923706055,19.079999923706055,19.079999923706055,19.079999923706055,0
12/13/91,17.87999916,17.87999916,17.87999916,17.87999916,17.87999916,0
12/16/91,17.62000084,17.62000084,17.62000084,17.62000084,17.62000084,0
12/17/91,18.12000084,18.12000084,18.12000084,18.12000084,18.12000084,0
12/18/91,17.780000686645508,17.780000686645508,17.780000686645508,17.780000686645508,17.780000686645508,0
12/19/91,17.959999084472656,17.959999084472656,17.959999084472656,17.959999084472656,17.959999084472656,0
12/20/91,17.649999618530273,17.649999618530273,17.649999618530273,17.649999618530273,17.649999618530273,0
12/23/91,16.610000610351562,16.610000610351562,16.610000610351562,16.610000610351562,16.610000610351562,0
12/24/91,15.670000076293944,15.670000076293944,15.670000076293944,15.670000076293944,15.670000076293944,0
12/26/91,15.43999958,15.43999958,15.43999958,15.43999958,15.43999958,0
12/27/91,15.699999809265137,15.699999809265137,15.699999809265137,15.699999809265137,15.699999809265137,0
12/30/91,17.62999916,17.62999916,17.62999916,17.62999916,17.62999916,0
12/31/91,19.309999465942383,19.309999465942383,19.309999465942383,19.309999465942383,19.309999465942383,0
1/2/92,18.950000762939453,18.950000762939453,20.149999618530273,18.87999916,19.690000534057617,0
1/3/92,18.75,18.75,19.229999542236328,17.040000915527344,17.040000915527344,0
1/6/92,18.959999084472656,18.959999084472656,19.489999771118164,16.079999923706055,16.229999542236328,0
1/7/92,19.229999542236328,19.229999542236328,20.299999237060547,19.12000084,20.299999237060547,0
1/8/92,18.719999313354492,18.719999313354492,19.270000457763672,17.299999237060547,17.530000686645508,0
1/9/92,18.959999084472656,18.959999084472656,19.40999984741211,17.579999923706055,17.579999923706055,0
1/10/92,18.450000762939453,18.450000762939453,18.88999938964844,18.299999237060547,18.5,0
1/13/92,18.010000228881836,18.010000228881836,19.049999237060547,18.010000228881836,19.049999237060547,0
1/14/92,17.010000228881836,17.010000228881836,17.729999542236328,16.15999984741211,17.729999542236328,0
1/15/92,17.389999389648438,17.389999389648438,17.90999984741211,17.309999465942383,17.809999465942383,0
1/16/92,17.639999389648438,17.639999389648438,18.43000030517578,17.420000076293945,18.43000030517578,0
1/17/92,16.31999969482422,16.31999969482422,16.770000457763672,16.010000228881836,16.59000015258789,0
1/20/92,16.420000076293945,16.420000076293945,16.719999313354492,16.239999771118164,16.56999969482422,0
1/21/92,17.920000076293945,17.920000076293945,18.190000534057617,16.600000381469727,16.739999771118164,0
1/22/92,16.75,16.75,17.579999923706055,16.719999313354492,17.540000915527344,0
1/23/92,16.459999084472656,16.459999084472656,16.729999542236328,15.399999618530272,15.479999542236328,0
1/24/92,16.239999771118164,16.239999771118164,16.329999923706055,15.649999618530272,16.229999542236328,0
1/27/92,16.670000076293945,16.670000076293945,16.81999969482422,16.149999618530273,16.149999618530273,0
1/28/92,17.670000076293945,17.670000076293945,17.700000762939453,16.989999771118164,17.06999969482422,0
1/29/92,17.62000084,17.62000084,18.040000915527344,16.049999237060547,16.56999969482422,0
1/30/92,17.489999771118164,17.489999771118164,17.75,16.87000084,16.87000084,0
1/31/92,17.399999618530273,17.399999618530273,17.510000228881836,14.119999885559082,14.15999984741211,0
2/3/92,18.200000762939453,18.200000762939453,19.209999084472656,17.010000228881836,17.079999923706055,0
2/4/92,17.959999084472656,17.959999084472656,18.719999313354492,16.84000015258789,17.15999984741211,0
2/5/92,18.219999313354492,18.219999313354492,18.350000381469727,17.979999542236328,18.149999618530273,0
2/6/92,18.790000915527344,18.790000915527344,18.93000030517578,18.63999938964844,18.799999237060547,0
2/7/92,18.510000228881836,18.510000228881836,19.309999465942383,18.12999916,18.43000030517578,0
2/10/92,18.559999465942383,18.559999465942383,19.25,18.549999237060547,19.239999771118164,0
2/11/92,17.700000762939453,17.700000762939453,18.56999969482422,17.610000610351562,18.559999465942383,0
2/12/92,17.37000084,17.37000084,18.229999542236328,17.37000084,18.219999313354492,0
2/13/92,17.450000762939453,17.450000762939453,18.030000686645508,15.350000381469728,15.420000076293944,0
2/14/92,17.030000686645508,17.030000686645508,17.62000084,16.809999465942383,17.520000457763672,0
2/18/92,18.219999313354492,18.219999313354492,18.31999969482422,17.37999916,17.790000915527344,0
2/19/92,17.15999984741211,17.15999984741211,17.690000534057617,16.850000381469727,17.690000534057617,0
2/20/92,16.719999313354492,16.719999313354492,17.31999969482422,15.59000015258789,15.65999984741211,0
2/21/92,16.87000084,16.87000084,17.40999984741211,15.75,15.75,0
2/24/92,17.12999916,17.12999916,17.549999237060547,17.06999969482422,17.469999313354492,0
2/25/92,16.350000381469727,16.350000381469727,17.100000381469727,15.520000457763672,15.859999656677246,0
2/26/92,16.639999389648438,16.639999389648438,16.739999771118164,15.65999984741211,15.65999984741211,0
2/27/92,16.510000228881836,16.510000228881836,17.079999923706055,16.360000610351562,16.969999313354492,0
2/28/92,16.68000030517578,16.68000030517578,17.170000076293945,15.34000015258789,15.34000015258789,0
3/2/92,16.87999916,16.87999916,17.5,16.87999916,17.440000534057617,0
3/3/92,17.260000228881836,17.260000228881836,17.40999984741211,16.920000076293945,17.360000610351562,0
3/4/92,17.889999389648438,17.889999389648438,17.920000076293945,17.43000030517578,17.81999969482422,0
3/5/92,18.469999313354492,18.469999313354492,18.88999938964844,17.940000534057617,18.56999969482422,0
3/6/92,19.75,19.75,20.040000915527344,18.13999938964844,18.25,0
3/9/92,19.68000030517578,19.68000030517578,20.68000030517578,19.65999984741211,20.670000076293945,0
3/10/92,18.68000030517578,18.68000030517578,19.62999916,18.600000381469727,19.62000084,0
3/11/92,19.790000915527344,19.790000915527344,20.34000015258789,19.18000030517578,19.229999542236328,0
3/12/92,19.719999313354492,19.719999313354492,21.059999465942383,19.469999313354492,19.469999313354492,0
3/13/92,18.350000381469727,18.350000381469727,18.87999916,17.979999542236328,18.38999938964844,0
3/16/92,18.459999084472656,18.459999084472656,19.12999916,18.440000534057617,19.12999916,0
3/17/92,16.790000915527344,16.790000915527344,17.84000015258789,16.790000915527344,17.780000686645508,0
3/18/92,16.690000534057617,16.690000534057617,16.969999313354492,16.610000610351562,16.950000762939453,0
3/19/92,16.520000457763672,16.520000457763672,16.850000381469727,16.440000534057617,16.729999542236328,0
3/20/92,16.81999969482422,16.81999969482422,16.899999618530273,16.579999923706055,16.729999542236328,0
3/23/92,16.729999542236328,16.729999542236328,17.62999916,16.729999542236328,17.62999916,0
3/24/92,16.31999969482422,16.31999969482422,16.700000762939453,16.18000030517578,16.270000457763672,0
3/25/92,16.190000534057617,16.190000534057617,16.40999984741211,16.079999923706055,16.40999984741211,0
3/26/92,16.290000915527344,16.290000915527344,16.600000381469727,16.100000381469727,16.549999237060547,0
3/27/92,16.020000457763672,16.020000457763672,16.09000015258789,15.460000038146973,15.880000114440918,0
3/30/92,15.970000267028809,15.970000267028809,16.530000686645508,15.899999618530272,16.43000030517578,0
3/31/92,16.18000030517578,16.18000030517578,16.559999465942383,15.979999542236328,16.450000762939453,0
4/1/92,16.479999542236328,16.479999542236328,17.110000610351562,16.43000030517578,16.93000030517578,0
4/2/92,17.059999465942383,17.059999465942383,17.170000076293945,16.110000610351562,16.25,0
4/3/92,16.719999313354492,16.719999313354492,18.31999969482422,16.709999084472656,18.219999313354492,0
4/6/92,16.719999313354492,16.719999313354492,17.200000762939453,16.59000015258789,17.18000030517578,0
4/7/92,18.809999465942383,18.809999465942383,18.809999465942383,16.559999465942383,17.260000228881836,0
4/8/92,20.149999618530273,20.149999618530273,21.440000534057617,19.65999984741211,20.059999465942383,0
4/9/92,17.889999389648438,17.889999389648438,18.959999084472656,17.479999542236328,18.950000762939453,0
4/10/92,16.850000381469727,16.850000381469727,17.43000030517578,16.790000915527344,17.389999389648438,0
4/13/92,16.989999771118164,16.989999771118164,17.510000228881836,16.93000030517578,17.420000076293945,0
4/14/92,15.979999542236328,15.979999542236328,16.81999969482422,15.880000114440918,16.81999969482422,0
4/15/92,15.149999618530272,15.149999618530272,16.450000762939453,15.149999618530272,16.360000610351562,0
4/16/92,14.850000381469728,14.850000381469728,15.579999923706056,14.829999923706056,15.170000076293944,0
4/20/92,15.93000030517578,15.93000030517578,16.540000915527344,15.699999809265137,16.149999618530273,0
4/21/92,16.530000686645508,16.530000686645508,16.860000610351562,15.739999771118164,16.0,0
4/22/92,15.960000038146973,15.960000038146973,16.149999618530273,15.859999656677246,16.030000686645508,0
4/23/92,15.829999923706056,15.829999923706056,16.75,15.829999923706056,16.100000381469727,0
4/24/92,15.710000038146973,15.710000038146973,16.829999923706055,15.529999732971191,15.729999542236328,0
4/27/92,16.489999771118164,16.489999771118164,16.93000030517578,16.37999916,16.93000030517578,0
4/28/92,16.239999771118164,16.239999771118164,16.899999618530273,16.239999771118164,16.559999465942383,0
4/29/92,15.949999809265137,15.949999809265137,16.399999618530273,15.859999656677246,16.37999916,0
4/30/92,15.529999732971191,15.529999732971191,15.93999958,15.529999732971191,15.859999656677246,0
5/1/92,16.610000610351562,16.610000610351562,17.360000610351562,14.84000015258789,14.869999885559082,0
5/4/92,16.920000076293945,16.920000076293945,17.760000228881836,16.479999542236328,16.700000762939453,0
5/5/92,16.65999984741211,16.65999984741211,17.12000084,15.489999771118164,15.56000042,0
5/6/92,16.809999465942383,16.809999465942383,17.329999923706055,15.899999618530272,16.110000610351562,0
5/7/92,16.540000915527344,16.540000915527344,17.290000915527344,15.670000076293944,15.800000190734863,0
5/8/92,15.649999618530272,15.649999618530272,16.34000015258789,15.520000457763672,16.18000030517578,0
5/11/92,15.170000076293944,15.170000076293944,15.899999618530272,15.170000076293944,15.869999885559082,0
5/12/92,15.68000030517578,15.68000030517578,15.869999885559082,15.31999969482422,15.399999618530272,0
5/13/92,15.18999958,15.18999958,15.880000114440918,15.18999958,15.880000114440918,0
5/14/92,15.489999771118164,15.489999771118164,16.190000534057617,14.350000381469728,14.380000114440918,0
5/15/92,14.81999969482422,14.81999969482422,16.059999465942383,14.100000381469728,14.380000114440918,0
5/18/92,14.619999885559082,14.619999885559082,15.460000038146973,14.579999923706056,15.170000076293944,0
5/19/92,13.56999969482422,13.56999969482422,14.399999618530272,13.43999958,13.949999809265137,0
5/20/92,13.619999885559082,13.619999885559082,14.18999958,12.979999542236328,12.979999542236328,0
5/21/92,13.920000076293944,13.920000076293944,15.119999885559082,13.920000076293944,14.010000228881836,0
5/22/92,13.729999542236328,13.729999542236328,14.31000042,13.529999732971191,14.029999732971191,0
5/26/92,14.920000076293944,14.920000076293944,15.279999732971191,13.770000457763672,13.93000030517578,0
5/27/92,13.989999771118164,13.989999771118164,14.359999656677246,13.59000015258789,13.84000015258789,0
5/28/92,13.770000457763672,13.770000457763672,14.56999969482422,13.720000267028809,14.25,0
5/29/92,13.859999656677246,13.859999656677246,14.279999732971191,12.770000457763672,12.770000457763672,0
6/1/92,14.43000030517578,14.43000030517578,14.84000015258789,13.920000076293944,14.470000267028809,0
6/2/92,14.56999969482422,14.56999969482422,15.220000267028809,12.729999542236328,12.920000076293944,0
6/3/92,14.350000381469728,14.350000381469728,14.970000267028809,13.239999771118164,13.239999771118164,0
6/4/92,13.65999984741211,13.65999984741211,14.31999969482422,13.140000343322754,13.210000038146973,0
6/5/92,14.649999618530272,14.649999618530272,14.960000038146973,14.5,14.56999969482422,0
6/8/92,15.18999958,15.18999958,15.600000381469728,15.100000381469728,15.600000381469728,0
6/9/92,15.970000267028809,15.970000267028809,15.979999542236328,15.170000076293944,15.279999732971191,0
6/10/92,16.62000084,16.62000084,16.62000084,15.75,15.899999618530272,0
6/11/92,16.290000915527344,16.290000915527344,16.950000762939453,16.290000915527344,16.90999984741211,0
6/12/92,14.949999809265137,14.949999809265137,15.479999542236328,14.710000038146973,15.369999885559082,0
6/15/92,14.760000228881836,14.760000228881836,16.110000610351562,14.720000267028809,16.110000610351562,0
6/16/92,15.220000267028809,15.220000267028809,15.229999542236328,14.81999969482422,15.119999885559082,0
6/17/92,18.079999923706055,18.079999923706055,18.079999923706055,15.739999771118164,15.760000228881836,0
6/18/92,18.200000762939453,18.200000762939453,18.530000686645508,17.639999389648438,18.229999542236328,0
6/19/92,16.309999465942383,16.309999465942383,17.530000686645508,16.280000686645508,17.43000030517578,0
6/22/92,16.65999984741211,16.65999984741211,17.790000915527344,14.640000343322754,14.65999984741211,0
6/23/92,14.529999732971191,14.529999732971191,15.289999961853027,14.170000076293944,14.270000457763672,0
6/24/92,14.399999618530272,14.399999618530272,14.75,14.119999885559082,14.260000228881836,0
6/25/92,14.399999618530272,14.399999618530272,15.0,13.850000381469728,13.93000030517578,0
6/26/92,14.670000076293944,14.670000076293944,15.0,14.130000114440918,14.130000114440918,0
6/29/92,13.210000038146973,13.210000038146973,14.40999984741211,13.210000038146973,13.93999958,0
6/30/92,13.350000381469728,13.350000381469728,14.31000042,13.18999958,13.65999984741211,0
7/1/92,13.34000015258789,13.34000015258789,13.56999969482422,12.979999542236328,13.43000030517578,0
7/2/92,13.880000114440918,13.880000114440918,14.829999923706056,12.68000030517578,12.68999958,0
7/6/92,14.869999885559082,14.869999885559082,15.43000030517578,14.270000457763672,14.270000457763672,0
7/7/92,15.829999923706056,15.829999923706056,15.859999656677246,14.029999732971191,14.029999732971191,0
7/8/92,15.529999732971191,15.529999732971191,16.360000610351562,14.170000076293944,14.170000076293944,0
7/9/92,14.600000381469728,14.600000381469728,15.40999984741211,14.050000190734863,14.34000015258789,0
7/10/92,13.699999809265137,13.699999809265137,14.119999885559082,13.56000042,13.93000030517578,0
7/13/92,14.010000228881836,14.010000228881836,14.56999969482422,12.470000267028809,12.470000267028809,0
7/14/92,13.5,13.5,14.390000343322754,13.289999961853027,14.260000228881836,0
7/15/92,12.520000457763672,12.520000457763672,13.079999923706056,12.31000042,12.40999984741211,0
7/16/92,12.270000457763672,12.270000457763672,12.880000114440918,11.779999732971191,12.130000114440918,0
7/17/92,12.600000381469728,12.600000381469728,13.479999542236328,12.399999618530272,13.149999618530272,0
7/20/92,12.65999984741211,12.65999984741211,13.539999961853027,12.619999885559082,13.539999961853027,0
7/21/92,12.600000381469728,12.600000381469728,12.81000042,12.170000076293944,12.199999809265137,0
7/22/92,13.56999969482422,13.56999969482422,14.010000228881836,11.359999656677246,11.359999656677246,0
7/23/92,13.329999923706056,13.329999923706056,13.899999618530272,13.239999771118164,13.329999923706056,0
7/24/92,13.369999885559082,13.369999885559082,14.15999984741211,12.25,12.25,0
7/27/92,13.899999618530272,13.899999618530272,14.949999809265137,13.34000015258789,13.34000015258789,0
7/28/92,13.050000190734863,13.050000190734863,14.0,11.5,11.5,0
7/29/92,13.43999958,13.43999958,13.789999961853027,12.210000038146973,12.210000038146973,0
7/30/92,13.5,13.5,13.789999961853027,12.979999542236328,13.449999809265137,0
7/31/92,13.170000076293944,13.170000076293944,13.640000343322754,12.550000190734863,12.550000190734863,0
8/3/92,13.829999923706056,13.829999923706056,14.329999923706056,13.199999809265137,14.050000190734863,0
8/4/92,13.579999923706056,13.579999923706056,14.329999923706056,13.109999656677246,13.34000015258789,0
8/5/92,13.81999969482422,13.81999969482422,14.34000015258789,12.40999984741211,12.40999984741211,0
8/6/92,14.229999542236328,14.229999542236328,14.789999961853027,12.34000015258789,12.399999618530272,0
8/7/92,13.93999958,13.93999958,14.279999732971191,13.170000076293944,13.93000030517578,0
8/10/92,14.510000228881836,14.510000228881836,15.43000030517578,13.829999923706056,13.869999885559082,0
8/11/92,15.09000015258789,15.09000015258789,15.920000076293944,15.09000015258789,15.31999969482422,0
8/12/92,14.880000114440918,14.880000114440918,15.56999969482422,13.510000228881836,14.279999732971191,0
8/13/92,15.34000015258789,15.34000015258789,15.789999961853027,13.43999958,13.449999809265137,0
8/14/92,14.65999984741211,14.65999984741211,15.699999809265137,14.65999984741211,15.630000114440918,0
8/17/92,14.609999656677246,14.609999656677246,15.539999961853027,13.829999923706056,14.31999969482422,0
8/18/92,13.84000015258789,13.84000015258789,14.81000042,13.84000015258789,14.670000076293944,0
8/19/92,14.350000381469728,14.350000381469728,14.84000015258789,13.90999984741211,14.670000076293944,0
8/20/92,14.479999542236328,14.479999542236328,14.720000267028809,14.130000114440918,14.369999885559082,0
8/21/92,15.010000228881836,15.010000228881836,15.479999542236328,13.399999618530272,13.739999771118164,0
8/24/92,16.190000534057617,16.190000534057617,16.479999542236328,15.210000038146973,15.210000038146973,0
8/25/92,15.619999885559082,15.619999885559082,16.520000457763672,14.869999885559082,14.869999885559082,0
8/26/92,14.5,14.5,15.40999984741211,14.050000190734863,14.050000190734863,0
8/27/92,13.65999984741211,13.65999984741211,13.859999656677246,12.880000114440918,13.859999656677246,0
8/28/92,13.140000343322754,13.140000343322754,13.420000076293944,12.520000457763672,12.56999969482422,0
8/31/92,13.579999923706056,13.579999923706056,13.890000343322754,12.65999984741211,12.65999984741211,0
9/1/92,13.399999618530272,13.399999618530272,13.43999958,11.850000381469728,11.869999885559082,0
9/2/92,12.729999542236328,12.729999542236328,13.09000015258789,12.56999969482422,12.68999958,0
9/3/92,12.880000114440918,12.880000114440918,12.880000114440918,10.68999958,10.770000457763672,0
9/4/92,12.979999542236328,12.979999542236328,13.15999984741211,12.75,12.920000076293944,0
9/8/92,13.649999618530272,13.649999618530272,13.899999618530272,13.359999656677246,13.359999656677246,0
9/9/92,13.359999656677246,13.359999656677246,13.920000076293944,13.010000228881836,13.029999732971191,0
9/10/92,12.920000076293944,12.920000076293944,13.279999732971191,12.59000015258789,12.640000343322754,0
9/11/92,12.470000267028809,12.470000267028809,13.020000457763672,11.960000038146973,12.390000343322754,0
9/14/92,13.0,13.0,13.369999885559082,12.510000228881836,13.369999885559082,0
9/15/92,13.630000114440918,13.630000114440918,13.75,11.529999732971191,11.529999732971191,0
9/16/92,14.720000267028809,14.720000267028809,14.859999656677246,13.520000457763672,13.630000114440918,0
9/17/92,14.31000042,14.31000042,14.40999984741211,13.609999656677246,13.609999656677246,0
9/18/92,13.739999771118164,13.739999771118164,13.93999958,12.800000190734863,13.609999656677246,0
9/21/92,13.449999809265137,13.449999809265137,13.720000267028809,12.960000038146973,12.989999771118164,0
9/22/92,13.880000114440918,13.880000114440918,14.100000381469728,13.529999732971191,13.56999969482422,0
9/23/92,13.829999923706056,13.829999923706056,14.109999656677246,13.710000038146973,13.720000267028809,0
9/24/92,13.43999958,13.43999958,13.859999656677246,13.420000076293944,13.760000228881836,0
9/25/92,14.800000190734863,14.800000190734863,14.979999542236328,13.539999961853027,13.770000457763672,0
9/28/92,15.18999958,15.18999958,15.420000076293944,15.109999656677246,15.420000076293944,0
9/29/92,14.970000267028809,14.970000267028809,15.359999656677246,14.869999885559082,15.229999542236328,0
9/30/92,14.279999732971191,14.279999732971191,14.890000343322754,13.960000038146973,13.960000038146973,0
10/1/92,16.309999465942383,16.309999465942383,16.309999465942383,15.029999732971191,15.43999958,0
10/2/92,17.790000915527344,17.790000915527344,17.799999237060547,15.31999969482422,15.329999923706056,0
10/5/92,20.010000228881836,20.010000228881836,25.12999916,19.37000084,19.770000457763672,0
10/6/92,19.950000762939453,19.950000762939453,20.420000076293945,19.489999771118164,20.37000084,0
10/7/92,21.020000457763672,21.020000457763672,21.079999923706055,18.899999618530273,19.06999969482422,0
10/8/92,19.260000228881836,19.260000228881836,19.940000534057617,18.950000762939453,19.56999969482422,0
10/9/92,20.510000228881836,20.510000228881836,21.0,19.670000076293945,19.670000076293945,0
10/12/92,19.489999771118164,19.489999771118164,20.62000084,19.479999542236328,20.61000061035156,0
10/13/92,17.899999618530273,17.899999618530273,18.440000534057617,16.149999618530273,16.84000015258789,0
10/14/92,18.420000076293945,18.420000076293945,18.520000457763672,15.579999923706056,15.770000457763672,0
10/15/92,17.110000610351562,17.110000610351562,18.149999618530273,16.90999984741211,18.11000061035156,0
10/16/92,17.010000228881836,17.010000228881836,17.670000076293945,15.470000267028809,15.800000190734863,0
10/19/92,17.309999465942383,17.309999465942383,17.350000381469727,16.43000030517578,16.889999389648438,0
10/20/92,16.87000084,16.87000084,17.100000381469727,15.739999771118164,16.0,0
10/21/92,16.62000084,16.62000084,17.079999923706055,16.62000084,17.079999923706055,0
10/22/92,15.84000015258789,15.84000015258789,16.239999771118164,15.720000267028809,15.829999923706056,0
10/23/92,16.459999084472656,16.459999084472656,17.209999084472656,16.459999084472656,17.110000610351562,0
10/26/92,16.31999969482422,16.31999969482422,17.31999969482422,16.309999465942383,16.93000030517578,0
10/27/92,16.239999771118164,16.239999771118164,16.75,16.12999916,16.329999923706055,0
10/28/92,15.949999809265137,15.949999809265137,16.65999984741211,15.81000042,16.329999923706055,0
10/29/92,15.470000267028809,15.470000267028809,15.829999923706056,15.390000343322754,15.68000030517578,0
10/30/92,16.149999618530273,16.149999618530273,16.600000381469727,15.56999969482422,15.899999618530272,0
11/2/92,16.670000076293945,16.670000076293945,17.12999916,16.56999969482422,17.020000457763672,0
11/3/92,17.329999923706055,17.329999923706055,17.920000076293945,15.960000038146973,16.010000228881836,0
11/4/92,16.280000686645508,16.280000686645508,16.87000084,16.170000076293945,16.329999923706055,0
11/5/92,15.380000114440918,15.380000114440918,16.100000381469727,15.350000381469728,16.100000381469727,0
11/6/92,14.68999958,14.68999958,15.68000030517578,14.649999618530272,15.65999984741211,0
11/9/92,14.229999542236328,14.229999542236328,15.140000343322754,14.06000042,14.68999958,0
11/10/92,14.369999885559082,14.369999885559082,14.710000038146973,14.270000457763672,14.510000228881836,0
11/11/92,13.989999771118164,13.989999771118164,15.020000457763672,13.989999771118164,14.600000381469728,0
11/12/92,14.369999885559082,14.369999885559082,16.360000610351562,14.31999969482422,16.360000610351562,0
11/13/92,14.609999656677246,14.609999656677246,14.859999656677246,14.029999732971191,14.800000190734863,0
11/16/92,14.859999656677246,14.859999656677246,14.890000343322754,14.640000343322754,14.68000030517578,0
11/17/92,15.010000228881836,15.010000228881836,15.850000381469728,14.43999958,15.739999771118164,0
11/18/92,14.550000190734863,14.550000190734863,14.979999542236328,14.18000030517578,14.979999542236328,0
11/19/92,14.329999923706056,14.329999923706056,15.100000381469728,14.140000343322754,14.979999542236328,0
11/20/92,13.670000076293944,13.670000076293944,14.199999809265137,13.43999958,14.199999809265137,0
11/23/92,13.399999618530272,13.399999618530272,13.949999809265137,12.890000343322754,12.93000030517578,0
11/24/92,12.65999984741211,12.65999984741211,13.369999885559082,12.460000038146973,12.539999961853027,0
11/25/92,12.5,12.5,12.949999809265137,12.479999542236328,12.479999542236328,0
11/27/92,12.579999923706056,12.579999923706056,12.670000076293944,11.520000457763672,11.630000114440918,0
11/30/92,13.010000228881836,13.010000228881836,13.670000076293944,11.380000114440918,11.380000114440918,0
12/1/92,12.800000190734863,12.800000190734863,13.890000343322754,12.760000228881836,12.93999958,0
12/2/92,12.56000042,12.56000042,13.489999771118164,11.989999771118164,12.06000042,0
12/3/92,12.029999732971191,12.029999732971191,12.779999732971191,11.84000015258789,12.09000015258789,0
12/4/92,11.81000042,11.81000042,12.460000038146973,11.539999961853027,11.68999958,0
12/7/92,12.0,12.0,12.609999656677246,11.699999809265137,12.0,0
12/8/92,11.729999542236328,11.729999542236328,12.380000114440918,10.289999961853027,10.289999961853027,0
12/9/92,12.579999923706056,12.579999923706056,13.34000015258789,10.93000030517578,11.729999542236328,0
12/10/92,12.75,12.75,13.369999885559082,12.260000228881836,12.359999656677246,0
12/11/92,12.34000015258789,12.34000015258789,13.520000457763672,11.010000228881836,12.359999656677246,0
12/14/92,12.65999984741211,12.65999984741211,12.829999923706056,12.359999656677246,12.609999656677246,0
12/15/92,12.40999984741211,12.40999984741211,12.920000076293944,12.369999885559082,12.609999656677246,0
12/16/92,12.579999923706056,12.579999923706056,12.880000114440918,12.149999618530272,12.609999656677246,0
12/17/92,12.140000343322754,12.140000343322754,12.600000381469728,11.859999656677246,12.029999732971191,0
12/18/92,11.65999984741211,11.65999984741211,12.579999923706056,10.640000343322754,12.029999732971191,0
12/21/92,11.649999618530272,11.649999618530272,11.970000267028809,11.199999809265137,11.65999984741211,0
12/22/92,11.75,11.75,12.81000042,10.359999656677246,10.56999969482422,0
12/23/92,11.510000228881836,11.510000228881836,11.899999618530272,11.270000457763672,11.75,0
12/24/92,11.56999969482422,11.56999969482422,11.989999771118164,11.300000190734863,11.5,0
12/28/92,12.220000267028809,12.220000267028809,12.850000381469728,12.109999656677246,12.670000076293944,0
12/29/92,12.289999961853027,12.289999961853027,12.84000015258789,11.720000267028809,12.270000457763672,0
12/30/92,12.600000381469728,12.600000381469728,13.600000381469728,12.140000343322754,12.140000343322754,0
12/31/92,12.56999969482422,12.56999969482422,13.050000190734863,11.75,11.869999885559082,0
1/4/93,13.359999656677246,13.359999656677246,13.920000076293944,12.90999984741211,12.960000038146973,0
1/5/93,13.350000381469728,13.350000381469728,14.079999923706056,12.920000076293944,12.989999771118164,0
1/6/93,13.369999885559082,13.369999885559082,14.170000076293944,11.859999656677246,12.880000114440918,0
1/7/93,14.720000267028809,14.720000267028809,15.06000042,12.649999618530272,12.899999618530272,0
1/8/93,13.770000457763672,13.770000457763672,14.390000343322754,13.609999656677246,13.75,0
1/11/93,12.859999656677246,12.859999656677246,13.56999969482422,12.43000030517578,13.270000457763672,0
1/12/93,12.779999732971191,12.779999732971191,13.869999885559082,11.739999771118164,11.81999969482422,0
1/13/93,12.420000076293944,12.420000076293944,13.020000457763672,12.149999618530272,13.020000457763672,0
1/14/93,11.989999771118164,11.989999771118164,12.329999923706056,11.93000030517578,12.289999961853027,0
1/15/93,11.56999969482422,11.56999969482422,11.960000038146973,11.25,11.899999618530272,0
1/18/93,11.489999771118164,11.489999771118164,12.170000076293944,11.489999771118164,12.149999618530272,0
1/19/93,12.06000042,12.06000042,12.170000076293944,11.619999885559082,11.640000343322754,0
1/20/93,12.149999618530272,12.149999618530272,12.34000015258789,11.850000381469728,12.210000038146973,0
1/21/93,11.68999958,11.68999958,12.449999809265137,11.68999958,12.40999984741211,0
1/22/93,11.300000190734863,11.300000190734863,11.739999771118164,11.220000267028809,11.630000114440918,0
1/25/93,11.380000114440918,11.380000114440918,11.649999618530272,11.260000228881836,11.420000076293944,0
1/26/93,11.449999809265137,11.449999809265137,11.5,10.979999542236328,11.079999923706056,0
1/27/93,12.010000228881836,12.010000228881836,12.609999656677246,11.43999958,11.65999984741211,0
1/28/93,12.039999961853027,12.039999961853027,12.460000038146973,11.899999618530272,12.079999923706056,0
1/29/93,12.420000076293944,12.420000076293944,13.15999984741211,12.420000076293944,12.489999771118164,0
2/1/93,12.329999923706056,12.329999923706056,12.920000076293944,12.18000030517578,12.510000228881836,0
2/2/93,12.25,12.25,12.890000343322754,12.220000267028809,12.470000267028809,0
2/3/93,12.119999885559082,12.119999885559082,12.34000015258789,11.789999961853027,11.979999542236328,0
2/4/93,12.289999961853027,12.289999961853027,12.84000015258789,11.68999958,11.859999656677246,0
2/5/93,12.899999618530272,12.899999618530272,13.449999809265137,12.489999771118164,12.56000042,0
2/8/93,13.220000267028809,13.220000267028809,13.93999958,12.199999809265137,13.149999618530272,0
2/9/93,13.479999542236328,13.479999542236328,13.760000228881836,13.43000030517578,13.630000114440918,0
2/10/93,13.43000030517578,13.43000030517578,14.260000228881836,13.0,13.579999923706056,0
2/11/93,12.68999958,12.68999958,13.649999618530272,12.630000114440918,13.050000190734863,0
2/12/93,12.380000114440918,12.380000114440918,13.65999984741211,12.31999969482422,13.579999923706056,0
2/16/93,15.760000228881836,15.760000228881836,16.450000762939453,13.350000381469728,13.43999958,0
2/17/93,15.899999618530272,15.899999618530272,16.34000015258789,15.56999969482422,15.960000038146973,0
2/18/93,15.56000042,15.56000042,16.649999618530273,14.31999969482422,14.68999958,0
2/19/93,15.020000457763672,15.020000457763672,15.739999771118164,15.0,15.739999771118164,0
2/22/93,14.699999809265137,14.699999809265137,15.25,14.34000015258789,15.029999732971191,0
2/23/93,15.039999961853027,15.039999961853027,15.43000030517578,14.600000381469728,15.100000381469728,0
2/24/93,14.720000267028809,14.720000267028809,15.029999732971191,14.0,14.0,0
2/25/93,13.760000228881836,13.760000228881836,14.789999961853027,12.949999809265137,12.989999771118164,0
2/26/93,13.15999984741211,13.15999984741211,13.81999969482422,13.119999885559082,13.470000267028809,0
3/1/93,13.600000381469728,13.600000381469728,14.109999656677246,13.06999969482422,13.130000114440918,0
3/2/93,12.489999771118164,12.489999771118164,13.800000190734863,12.489999771118164,13.760000228881836,0
3/3/93,13.130000114440918,13.130000114440918,13.710000038146973,12.93000030517578,13.140000343322754,0
3/4/93,13.43999958,13.43999958,14.020000457763672,12.5,12.520000457763672,0
3/5/93,14.079999923706056,14.079999923706056,14.130000114440918,12.979999542236328,13.199999809265137,0
3/8/93,16.219999313354492,16.219999313354492,16.299999237060547,14.949999809265137,15.0,0
3/9/93,14.170000076293944,14.170000076293944,15.43000030517578,13.779999732971191,14.020000457763672,0
3/10/93,13.90999984741211,13.90999984741211,14.720000267028809,13.850000381469728,14.630000114440918,0
3/11/93,14.260000228881836,14.260000228881836,14.270000457763672,13.920000076293944,13.970000267028809,0
3/12/93,15.65999984741211,15.65999984741211,16.37000084,14.90999984741211,15.600000381469728,0
3/15/93,14.739999771118164,14.739999771118164,15.06000042,14.630000114440918,15.010000228881836,0
3/16/93,14.510000228881836,14.510000228881836,14.68000030517578,13.050000190734863,13.050000190734863,0
3/17/93,14.529999732971191,14.529999732971191,15.18000030517578,14.399999618530272,15.06000042,0
3/18/93,14.170000076293944,14.170000076293944,15.06999969482422,14.170000076293944,14.329999923706056,0
3/19/93,13.229999542236328,13.229999542236328,13.890000343322754,13.109999656677246,13.890000343322754,0
3/22/93,13.65999984741211,13.65999984741211,14.420000076293944,13.649999618530272,13.970000267028809,0
3/23/93,13.020000457763672,13.020000457763672,13.369999885559082,12.68999958,12.710000038146973,0
3/24/93,12.43999958,12.43999958,12.890000343322754,12.06000042,12.229999542236328,0
3/25/93,12.079999923706056,12.079999923706056,12.81000042,12.039999961853027,12.710000038146973,0
3/26/93,12.210000038146973,12.210000038146973,12.380000114440918,10.65999984741211,10.65999984741211,0
3/29/93,12.630000114440918,12.630000114440918,13.039999961853027,12.270000457763672,13.039999961853027,0
3/30/93,12.229999542236328,12.229999542236328,12.81999969482422,12.229999542236328,12.579999923706056,0
3/31/93,12.529999732971191,12.529999732971191,12.899999618530272,12.18999958,12.289999961853027,0
4/1/93,13.020000457763672,13.020000457763672,14.050000190734863,12.699999809265137,13.039999961853027,0
4/2/93,14.5,14.5,14.850000381469728,13.989999771118164,14.270000457763672,0
4/5/93,14.119999885559082,14.119999885559082,15.06000042,14.06000042,14.43000030517578,0
4/6/93,14.239999771118164,14.239999771118164,14.84000015258789,13.720000267028809,13.729999542236328,0
4/7/93,13.640000343322754,13.640000343322754,14.579999923706056,13.579999923706056,13.75,0
4/8/93,12.829999923706056,12.829999923706056,13.649999618530272,12.15999984741211,12.329999923706056,0
4/12/93,11.93000030517578,11.93000030517578,12.779999732971191,11.520000457763672,12.329999923706056,0
4/13/93,11.699999809265137,11.699999809265137,12.949999809265137,11.479999542236328,12.59000015258789,0
4/14/93,11.760000228881836,11.760000228881836,12.40999984741211,11.609999656677246,12.329999923706056,0
4/15/93,10.960000038146973,10.960000038146973,11.970000267028809,10.710000038146973,11.960000038146973,0
4/16/93,11.289999961853027,11.289999961853027,11.5,10.739999771118164,11.109999656677246,0
4/19/93,12.06000042,12.06000042,12.350000381469728,11.390000343322754,11.390000343322754,0
4/20/93,11.93999958,11.93999958,12.539999961853027,11.75,11.81999969482422,0
4/21/93,12.109999656677246,12.109999656677246,12.81999969482422,12.020000457763672,12.40999984741211,0
4/22/93,12.68000030517578,12.68000030517578,13.010000228881836,11.449999809265137,11.579999923706056,0
4/23/93,13.359999656677246,13.359999656677246,13.979999542236328,12.920000076293944,13.199999809265137,0
4/26/93,15.25,15.25,15.449999809265137,13.989999771118164,14.06000042,0
4/27/93,13.93000030517578,13.93000030517578,15.449999809265137,13.93000030517578,15.390000343322754,0
4/28/93,13.119999885559082,13.119999885559082,13.779999732971191,11.279999732971191,13.779999732971191,0
4/29/93,12.800000190734863,12.800000190734863,13.43999958,12.800000190734863,13.239999771118164,0
4/30/93,12.420000076293944,12.420000076293944,12.670000076293944,11.25,11.260000228881836,0
5/3/93,12.899999618530272,12.899999618530272,13.520000457763672,12.789999961853027,13.25,0
5/4/93,12.140000343322754,12.140000343322754,13.06999969482422,12.100000381469728,13.050000190734863,0
5/5/93,12.380000114440918,12.380000114440918,12.75,11.960000038146973,12.119999885559082,0
5/6/93,13.220000267028809,13.220000267028809,13.720000267028809,12.579999923706056,12.829999923706056,0
5/7/93,13.010000228881836,13.010000228881836,13.479999542236328,12.869999885559082,12.93000030517578,0
5/10/93,13.720000267028809,13.720000267028809,14.710000038146973,13.25,13.420000076293944,0
5/11/93,13.350000381469728,13.350000381469728,14.18999958,13.350000381469728,13.619999885559082,0
5/12/93,13.56000042,13.56000042,14.109999656677246,12.869999885559082,12.979999542236328,0
5/13/93,14.760000228881836,14.760000228881836,14.789999961853027,14.18000030517578,14.630000114440918,0
5/14/93,14.390000343322754,14.390000343322754,14.970000267028809,14.020000457763672,14.630000114440918,0
5/17/93,14.130000114440918,14.130000114440918,14.850000381469728,14.100000381469728,14.850000381469728,0
5/18/93,14.18999958,14.18999958,14.619999885559082,14.079999923706056,14.520000457763672,0
5/19/93,14.289999961853027,14.289999961853027,15.020000457763672,13.760000228881836,14.460000038146973,0
5/20/93,13.979999542236328,13.979999542236328,15.109999656677246,13.31000042,14.460000038146973,0
5/21/93,14.510000228881836,14.510000228881836,14.960000038146973,13.670000076293944,14.15999984741211,0
5/24/93,14.100000381469728,14.100000381469728,14.800000190734863,14.09000015258789,14.15999984741211,0
5/25/93,14.039999961853027,14.039999961853027,14.34000015258789,13.729999542236328,13.729999542236328,0
5/26/93,12.880000114440918,12.880000114440918,13.81999969482422,12.880000114440918,13.199999809265137,0
5/27/93,13.100000381469728,13.100000381469728,13.729999542236328,13.09000015258789,13.579999923706056,0
5/28/93,13.470000267028809,13.470000267028809,13.859999656677246,13.119999885559082,13.210000038146973,0
6/1/93,13.670000076293944,13.670000076293944,14.630000114440918,13.640000343322754,13.640000343322754,0
6/2/93,13.479999542236328,13.479999542236328,14.210000038146973,13.18000030517578,13.59000015258789,0
6/3/93,13.539999961853027,13.539999961853027,14.119999885559082,13.470000267028809,13.670000076293944,0
6/4/93,12.859999656677246,12.859999656677246,13.510000228881836,12.859999656677246,12.960000038146973,0
6/7/93,14.06999969482422,14.06999969482422,14.779999732971191,12.630000114440918,12.760000228881836,0
6/8/93,14.739999771118164,14.739999771118164,15.220000267028809,14.270000457763672,15.220000267028809,0
6/9/93,13.960000038146973,13.960000038146973,15.880000114440918,13.75,15.739999771118164,0
6/10/93,13.31000042,13.31000042,14.239999771118164,13.289999961853027,13.59000015258789,0
6/11/93,12.710000038146973,12.710000038146973,13.420000076293944,12.710000038146973,13.350000381469728,0
6/14/93,12.329999923706056,12.329999923706056,12.359999656677246,12.18000030517578,12.31999969482422,0
6/15/93,11.989999771118164,11.989999771118164,12.970000267028809,11.93000030517578,12.31999969482422,0
6/16/93,11.869999885559082,11.869999885559082,12.84000015258789,11.869999885559082,12.31999969482422,0
6/17/93,11.65999984741211,11.65999984741211,12.869999885559082,11.539999961853027,12.850000381469728,0
6/18/93,12.239999771118164,12.239999771118164,12.399999618530272,11.729999542236328,11.729999542236328,0
6/21/93,12.25,12.25,12.649999618530272,12.229999542236328,12.56999969482422,0
6/22/93,11.649999618530272,11.649999618530272,12.06999969482422,11.390000343322754,11.670000076293944,0
6/23/93,12.039999961853027,12.039999961853027,12.329999923706056,11.140000343322754,11.239999771118164,0
6/24/93,12.25,12.25,12.970000267028809,12.239999771118164,12.90999984741211,0
6/25/93,11.25,11.25,12.149999618530272,11.109999656677246,12.149999618530272,0
6/28/93,11.109999656677246,11.109999656677246,12.880000114440918,11.06999969482422,12.130000114440918,0
6/29/93,11.289999961853027,11.289999961853027,11.789999961853027,11.270000457763672,11.460000038146973,0
6/30/93,11.260000228881836,11.260000228881836,11.720000267028809,10.859999656677246,11.220000267028809,0
7/1/93,11.510000228881836,11.510000228881836,12.239999771118164,10.470000267028809,10.489999771118164,0
7/2/93,11.329999923706056,11.329999923706056,11.670000076293944,11.260000228881836,11.600000381469728,0
7/6/93,13.869999885559082,13.869999885559082,14.369999885559082,12.56000042,13.0,0
7/7/93,13.050000190734863,13.050000190734863,14.149999618530272,12.949999809265137,13.43000030517578,0
7/8/93,12.239999771118164,12.239999771118164,13.43000030517578,11.18999958,11.18999958,0
7/9/93,10.800000190734863,10.800000190734863,11.84000015258789,10.18999958,11.279999732971191,0
7/12/93,10.850000381469728,10.850000381469728,11.149999618530272,9.109999656677246,9.18000030517578,0
7/13/93,11.020000457763672,11.020000457763672,11.81000042,10.270000457763672,10.850000381469728,0
7/14/93,10.779999732971191,10.779999732971191,11.670000076293944,10.039999961853027,11.020000457763672,0
7/15/93,10.600000381469728,10.600000381469728,10.949999809265137,10.449999809265137,10.93999958,0
7/16/93,10.960000038146973,10.960000038146973,11.170000076293944,10.050000190734863,10.65999984741211,0
7/19/93,11.460000038146973,11.460000038146973,11.739999771118164,11.09000015258789,11.43999958,0
7/20/93,11.050000190734863,11.050000190734863,12.119999885559082,10.949999809265137,11.100000381469728,0
7/21/93,11.970000267028809,11.970000267028809,12.279999732971191,11.90999984741211,12.050000190734863,0
7/22/93,11.68999958,11.68999958,11.93999958,11.109999656677246,11.93999958,0
7/23/93,11.31999969482422,11.31999969482422,11.779999732971191,10.859999656677246,11.149999618530272,0
7/26/93,11.31999969482422,11.31999969482422,11.770000457763672,11.220000267028809,11.649999618530272,0
7/27/93,11.34000015258789,11.34000015258789,12.220000267028809,11.31000042,11.869999885559082,0
7/28/93,11.369999885559082,11.369999885559082,11.869999885559082,10.640000343322754,11.869999885559082,0
7/29/93,11.25,11.25,11.850000381469728,11.149999618530272,11.539999961853027,0
7/30/93,11.729999542236328,11.729999542236328,12.06000042,10.34000015258789,11.539999961853027,0
8/2/93,11.470000267028809,11.470000267028809,12.06000042,11.43000030517578,11.81000042,0
8/3/93,11.489999771118164,11.489999771118164,12.300000190734863,10.800000190734863,10.949999809265137,0
8/4/93,11.710000038146973,11.710000038146973,12.229999542236328,10.81000042,10.920000076293944,0
8/5/93,12.029999732971191,12.029999732971191,12.630000114440918,11.65999984741211,11.93999958,0
8/6/93,12.329999923706056,12.329999923706056,13.18000030517578,12.010000228881836,12.18000030517578,0
8/9/93,12.390000343322754,12.390000343322754,13.140000343322754,11.90999984741211,12.149999618530272,0
8/10/93,12.31000042,12.31000042,13.100000381469728,11.899999618530272,11.970000267028809,0
8/11/93,12.06999969482422,12.06999969482422,12.720000267028809,12.039999961853027,12.359999656677246,0
8/12/93,12.380000114440918,12.380000114440918,13.170000076293944,12.149999618530272,12.220000267028809,0
8/13/93,12.18999958,12.18999958,13.25,12.170000076293944,12.800000190734863,0
8/16/93,12.010000228881836,12.010000228881836,12.43999958,11.770000457763672,12.369999885559082,0
8/17/93,11.59000015258789,11.59000015258789,12.710000038146973,11.520000457763672,11.779999732971191,0
8/18/93,11.520000457763672,11.520000457763672,12.25,11.380000114440918,12.06000042,0
8/19/93,11.630000114440918,11.630000114440918,12.06999969482422,11.380000114440918,12.06999969482422,0
8/20/93,11.619999885559082,11.619999885559082,12.109999656677246,11.239999771118164,11.289999961853027,0
8/23/93,12.149999618530272,12.149999618530272,12.470000267028809,12.109999656677246,12.359999656677246,0
8/24/93,11.800000190734863,11.800000190734863,12.65999984741211,11.699999809265137,11.93999958,0
8/25/93,12.100000381469728,12.100000381469728,12.68000030517578,11.729999542236328,11.779999732971191,0
8/26/93,12.140000343322754,12.140000343322754,12.770000457763672,11.539999961853027,11.850000381469728,0
8/27/93,11.90999984741211,11.90999984741211,12.550000190734863,11.649999618530272,11.850000381469728,0
8/30/93,11.739999771118164,11.739999771118164,12.279999732971191,11.229999542236328,11.34000015258789,0
8/31/93,11.850000381469728,11.850000381469728,13.100000381469728,11.770000457763672,12.550000190734863,0
9/1/93,11.479999542236328,11.479999542236328,12.220000267028809,11.300000190734863,11.300000190734863,0
9/2/93,11.869999885559082,11.869999885559082,12.640000343322754,11.760000228881836,11.90999984741211,0
9/3/93,11.15999984741211,11.15999984741211,11.729999542236328,10.75,11.56000042,0
9/7/93,12.899999618530272,12.899999618530272,13.329999923706056,11.789999961853027,11.800000190734863,0
9/8/93,13.239999771118164,13.239999771118164,13.890000343322754,12.239999771118164,12.260000228881836,0
9/9/93,12.670000076293944,12.670000076293944,13.380000114440918,12.539999961853027,13.380000114440918,0
9/10/93,11.699999809265137,11.699999809265137,12.15999984741211,11.289999961853027,12.15999984741211,0
9/13/93,12.15999984741211,12.15999984741211,12.43999958,11.65999984741211,11.670000076293944,0
9/14/93,13.149999618530272,13.149999618530272,13.829999923706056,12.670000076293944,13.489999771118164,0
9/15/93,12.699999809265137,12.699999809265137,13.43000030517578,12.470000267028809,13.149999618530272,0
9/16/93,13.359999656677246,13.359999656677246,13.779999732971191,12.729999542236328,13.489999771118164,0
9/17/93,13.390000343322754,13.390000343322754,14.050000190734863,11.300000190734863,11.31999969482422,0
9/20/93,14.600000381469728,14.600000381469728,14.729999542236328,13.420000076293944,13.65999984741211,0
9/21/93,17.299999237060547,17.299999237060547,18.309999465942383,14.520000457763672,14.56999969482422,0
9/22/93,13.75,13.75,14.81000042,13.729999542236328,14.779999732971191,0
9/23/93,13.359999656677246,13.359999656677246,13.850000381469728,13.210000038146973,13.470000267028809,0
9/24/93,12.470000267028809,12.470000267028809,12.779999732971191,12.350000381469728,12.579999923706056,0
9/27/93,12.489999771118164,12.489999771118164,12.850000381469728,12.31000042,12.760000228881836,0
9/28/93,12.18999958,12.18999958,12.859999656677246,11.84000015258789,11.90999984741211,0
9/29/93,12.630000114440918,12.630000114440918,13.109999656677246,11.899999618530272,12.0,0
9/30/93,12.989999771118164,12.989999771118164,13.229999542236328,12.539999961853027,13.079999923706056,0
10/1/93,11.829999923706056,11.829999923706056,12.56000042,11.760000228881836,12.56000042,0
10/4/93,12.850000381469728,12.850000381469728,13.600000381469728,12.75,13.270000457763672,0
10/5/93,12.970000267028809,12.970000267028809,13.760000228881836,12.520000457763672,13.149999618530272,0
10/6/93,12.68000030517578,12.68000030517578,13.130000114440918,12.380000114440918,13.06999969482422,0
10/7/93,13.140000343322754,13.140000343322754,13.56000042,12.43999958,12.649999618530272,0
10/8/93,12.039999961853027,12.039999961853027,13.420000076293944,11.600000381469728,12.649999618530272,0
10/11/93,12.260000228881836,12.260000228881836,13.369999885559082,12.039999961853027,13.079999923706056,0
10/12/93,12.40999984741211,12.40999984741211,14.789999961853027,12.010000228881836,14.640000343322754,0
10/13/93,11.380000114440918,11.380000114440918,13.350000381469728,10.600000381469728,10.619999885559082,0
10/14/93,11.0,11.0,12.399999618530272,11.0,12.350000381469728,0
10/15/93,10.869999885559082,10.869999885559082,11.630000114440918,10.43999958,11.0,0
10/18/93,11.329999923706056,11.329999923706056,12.270000457763672,11.18000030517578,12.270000457763672,0
10/19/93,11.609999656677246,11.609999656677246,12.079999923706056,11.31000042,11.729999542236328,0
10/20/93,11.31999969482422,11.31999969482422,11.68000030517578,11.199999809265137,11.199999809265137,0
10/21/93,11.199999809265137,11.199999809265137,11.640000343322754,10.600000381469728,10.699999809265137,0
10/22/93,11.479999542236328,11.479999542236328,11.75,10.75,10.75,0
10/25/93,11.829999923706056,11.829999923706056,12.34000015258789,11.670000076293944,11.670000076293944,0
10/26/93,11.829999923706056,11.829999923706056,12.199999809265137,10.0,10.039999961853027,0
10/27/93,12.010000228881836,12.010000228881836,12.31000042,11.640000343322754,11.829999923706056,0
10/28/93,11.880000114440918,11.880000114440918,12.100000381469728,11.720000267028809,11.949999809265137,0
10/29/93,11.460000038146973,11.460000038146973,11.800000190734863,10.800000190734863,11.800000190734863,0
11/1/93,11.779999732971191,11.779999732971191,12.18999958,11.770000457763672,12.020000457763672,0
11/2/93,11.739999771118164,11.739999771118164,12.369999885559082,11.489999771118164,11.68000030517578,0
11/3/93,13.260000228881836,13.260000228881836,13.869999885559082,11.529999732971191,11.720000267028809,0
11/4/93,14.68000030517578,14.68000030517578,15.15999984741211,13.130000114440918,13.520000457763672,0
11/5/93,14.970000267028809,14.970000267028809,16.459999084472656,14.56000042,14.56999969482422,0
11/8/93,14.31000042,14.31000042,16.12000084,14.18999958,16.12000084,0
11/9/93,13.93999958,13.93999958,14.359999656677246,13.15999984741211,13.920000076293944,0
11/10/93,13.720000267028809,13.720000267028809,14.34000015258789,12.989999771118164,13.18000030517578,0
11/11/93,13.880000114440918,13.880000114440918,14.65999984741211,13.020000457763672,13.25,0
11/12/93,13.329999923706056,13.329999923706056,14.609999656677246,12.989999771118164,14.470000267028809,0
11/15/93,14.460000038146973,14.460000038146973,15.300000190734863,13.779999732971191,13.789999961853027,0
11/16/93,15.109999656677246,15.109999656677246,15.729999542236328,14.970000267028809,15.029999732971191,0
11/17/93,15.56999969482422,15.56999969482422,16.290000915527344,15.170000076293944,15.68999958,0
11/18/93,14.649999618530272,14.649999618530272,15.619999885559082,14.56000042,15.43999958,0
11/19/93,15.029999732971191,15.029999732971191,15.510000228881836,14.529999732971191,14.989999771118164,0
11/22/93,15.899999618530272,15.899999618530272,16.450000762939453,15.770000457763672,16.200000762939453,0
11/23/93,14.270000457763672,14.270000457763672,14.859999656677246,13.859999656677246,14.859999656677246,0
11/24/93,13.510000228881836,13.510000228881836,13.890000343322754,13.18999958,13.890000343322754,0
11/26/93,13.770000457763672,13.770000457763672,14.529999732971191,13.289999961853027,13.300000190734863,0
11/29/93,14.119999885559082,14.119999885559082,14.649999618530272,13.390000343322754,13.390000343322754,0
11/30/93,13.760000228881836,13.760000228881836,14.630000114440918,13.479999542236328,14.119999885559082,0
12/1/93,13.829999923706056,13.829999923706056,14.399999618530272,12.920000076293944,12.93000030517578,0
12/2/93,13.510000228881836,13.510000228881836,14.220000267028809,13.510000228881836,14.220000267028809,0
12/3/93,12.68999958,12.68999958,13.399999618530272,12.670000076293944,13.34000015258789,0
12/6/93,12.84000015258789,12.84000015258789,14.529999732971191,12.779999732971191,14.5,0
12/7/93,12.40999984741211,12.40999984741211,14.760000228881836,12.300000190734863,14.760000228881836,0
12/8/93,12.460000038146973,12.460000038146973,14.239999771118164,12.460000038146973,14.199999809265137,0
12/9/93,12.43000030517578,12.43000030517578,13.239999771118164,11.510000228881836,11.579999923706056,0
12/10/93,12.600000381469728,12.600000381469728,12.68999958,12.149999618530272,12.619999885559082,0
12/13/93,10.979999542236328,10.979999542236328,11.510000228881836,9.649999618530272,9.699999809265137,0
12/14/93,11.130000114440918,11.130000114440918,11.229999542236328,10.640000343322754,10.710000038146973,0
12/15/93,11.029999732971191,11.029999732971191,11.489999771118164,10.920000076293944,11.489999771118164,0
12/16/93,10.899999618530272,10.899999618530272,11.18000030517578,10.59000015258789,11.149999618530272,0
12/17/93,11.079999923706056,11.079999923706056,11.670000076293944,11.029999732971191,11.670000076293944,0
12/20/93,10.75,10.75,11.470000267028809,10.729999542236328,11.109999656677246,0
12/21/93,10.079999923706056,10.079999923706056,10.600000381469728,10.050000190734863,10.529999732971191,0
12/22/93,9.31000042,9.31000042,10.029999732971191,9.279999732971191,10.029999732971191,0
12/23/93,9.479999542236328,9.479999542236328,9.550000190734863,9.170000076293944,9.5,0
12/27/93,9.699999809265137,9.699999809265137,9.789999961853027,8.890000343322754,9.5,0
12/28/93,9.81999969482422,9.81999969482422,9.960000038146973,9.699999809265137,9.81000042,0
12/29/93,10.460000038146973,10.460000038146973,10.84000015258789,10.029999732971191,10.109999656677246,0
12/30/93,10.68999958,10.68999958,11.09000015258789,10.199999809265137,10.31999969482422,0
12/31/93,11.65999984741211,11.65999984741211,11.65999984741211,10.520000457763672,10.59000015258789,0
1/3/94,12.56999969482422,12.56999969482422,13.420000076293944,11.279999732971191,11.279999732971191,0
1/4/94,11.90999984741211,11.90999984741211,12.869999885559082,11.81000042,12.869999885559082,0
1/5/94,10.93999958,10.93999958,11.470000267028809,10.369999885559082,11.470000267028809,0
1/6/94,11.270000457763672,11.270000457763672,11.739999771118164,10.34000015258789,11.470000267028809,0
1/7/94,10.960000038146973,10.960000038146973,12.140000343322754,10.0,11.470000267028809,0
1/10/94,10.739999771118164,10.739999771118164,11.300000190734863,10.279999732971191,10.640000343322754,0
1/11/94,11.289999961853027,11.289999961853027,12.079999923706056,11.260000228881836,12.039999961853027,0
1/12/94,11.649999618530272,11.649999618530272,12.40999984741211,11.56000042,12.210000038146973,0
1/13/94,12.079999923706056,12.079999923706056,12.84000015258789,12.050000190734863,12.75,0
1/14/94,11.149999618530272,11.149999618530272,11.220000267028809,11.0,11.140000343322754,0
1/17/94,11.880000114440918,11.880000114440918,12.06999969482422,11.720000267028809,11.989999771118164,0
1/18/94,11.630000114440918,11.630000114440918,11.720000267028809,11.31000042,11.699999809265137,0
1/19/94,11.760000228881836,11.760000228881836,12.149999618530272,11.619999885559082,11.739999771118164,0
1/20/94,11.15999984741211,11.15999984741211,11.829999923706056,11.15999984741211,11.81000042,0
1/21/94,11.09000015258789,11.09000015258789,11.210000038146973,10.899999618530272,10.899999618530272,0
1/24/94,11.600000381469728,11.600000381469728,11.93000030517578,11.229999542236328,11.59000015258789,0
1/25/94,11.380000114440918,11.380000114440918,11.960000038146973,10.93999958,10.93999958,0
1/26/94,11.170000076293944,11.170000076293944,11.869999885559082,11.06999969482422,11.760000228881836,0
1/27/94,10.300000190734863,10.300000190734863,11.279999732971191,10.210000038146973,10.68999958,0
1/28/94,9.93999958,9.93999958,10.31000042,9.590000153,9.859999656677246,0
1/31/94,10.630000114440918,10.630000114440918,11.199999809265137,10.010000228881836,10.010000228881836,0
2/1/94,10.649999618530272,10.649999618530272,11.210000038146973,10.510000228881836,10.81000042,0
2/2/94,10.609999656677246,10.609999656677246,10.859999656677246,10.369999885559082,10.539999961853027,0
2/3/94,10.75,10.75,11.260000228881836,10.630000114440918,10.630000114440918,0
2/4/94,15.25,15.25,15.630000114440918,10.210000038146973,10.710000038146973,0
2/7/94,13.960000038146973,13.960000038146973,15.369999885559082,13.859999656677246,15.25,0
2/8/94,13.65999984741211,13.65999984741211,14.43999958,12.489999771118164,12.489999771118164,0
2/9/94,13.300000190734863,13.300000190734863,13.890000343322754,12.75,12.90999984741211,0
2/10/94,14.239999771118164,14.239999771118164,14.960000038146973,12.68999958,12.68999958,0
2/11/94,14.460000038146973,14.460000038146973,15.18000030517578,14.199999809265137,15.18000030517578,0
2/14/94,14.279999732971191,14.279999732971191,14.619999885559082,13.880000114440918,14.25,0
2/15/94,13.399999618530272,13.399999618530272,14.149999618530272,13.399999618530272,14.149999618530272,0
2/16/94,13.130000114440918,13.130000114440918,13.390000343322754,12.979999542236328,13.119999885559082,0
2/17/94,13.789999961853027,13.789999961853027,14.329999923706056,12.59000015258789,12.75,0
2/18/94,14.699999809265137,14.699999809265137,15.399999618530272,13.800000190734863,13.970000267028809,0
2/22/94,13.520000457763672,13.520000457763672,15.170000076293944,13.520000457763672,14.949999809265137,0
2/23/94,13.90999984741211,13.90999984741211,14.140000343322754,11.81000042,13.520000457763672,0
2/24/94,15.960000038146973,15.960000038146973,16.309999465942383,14.779999732971191,15.539999961853027,0
2/25/94,14.800000190734863,14.800000190734863,15.18999958,14.579999923706056,15.010000228881836,0
2/28/94,14.869999885559082,14.869999885559082,15.210000038146973,13.859999656677246,15.010000228881836,0
3/1/94,15.829999923706056,15.829999923706056,17.040000915527344,12.539999961853027,12.579999923706056,0
3/2/94,16.079999923706055,16.079999923706055,17.940000534057617,16.079999923706055,17.81999969482422,0
3/3/94,16.360000610351562,16.360000610351562,16.670000076293945,15.81999969482422,15.989999771118164,0
3/4/94,16.0,16.0,16.62999916,15.630000114440918,15.649999618530272,0
3/7/94,14.260000228881836,14.260000228881836,14.960000038146973,12.199999809265137,12.199999809265137,0
3/8/94,16.229999542236328,16.229999542236328,16.389999389648438,16.06999969482422,16.06999969482422,0
3/9/94,14.40999984741211,14.40999984741211,15.0,14.350000381469728,14.68000030517578,0
3/10/94,16.549999237060547,16.549999237060547,16.93000030517578,16.079999923706055,16.079999923706055,0
3/11/94,14.869999885559082,14.869999885559082,16.139999389648438,13.890000343322754,14.770000457763672,0
3/14/94,16.610000610351562,16.610000610351562,17.479999542236328,16.520000457763672,16.520000457763672,0
3/15/94,14.779999732971191,14.779999732971191,15.18000030517578,13.779999732971191,14.489999771118164,0
3/16/94,14.510000228881836,14.510000228881836,15.890000343322754,14.489999771118164,15.350000381469728,0
3/17/94,12.760000228881836,12.760000228881836,13.329999923706056,12.760000228881836,13.229999542236328,0
3/18/94,13.31999969482422,13.31999969482422,13.739999771118164,13.199999809265137,13.739999771118164,0
3/21/94,14.34000015258789,14.34000015258789,15.06999969482422,14.300000190734863,14.5,0
3/22/94,13.390000343322754,13.390000343322754,13.970000267028809,12.75,13.93999958,0
3/23/94,12.31000042,12.31000042,12.760000228881836,11.579999923706056,11.880000114440918,0
3/24/94,13.43000030517578,13.43000030517578,14.140000343322754,12.220000267028809,12.220000267028809,0
3/25/94,13.670000076293944,13.670000076293944,13.829999923706056,12.880000114440918,13.399999618530272,0
3/28/94,14.899999618530272,14.899999618530272,16.239999771118164,14.899999618530272,15.68999958,0
3/29/94,16.489999771118164,16.489999771118164,16.959999084472656,13.649999618530272,13.65999984741211,0
3/30/94,18.59000015258789,18.59000015258789,18.84000015258789,17.110000610351562,17.110000610351562,0
3/31/94,20.450000762939453,20.450000762939453,21.940000534057617,18.420000076293945,18.5,0
4/4/94,23.87000084,23.87000084,28.299999237060547,23.61000061035156,23.61000061035156,0
4/5/94,18.12999916,18.12999916,21.62999916,18.12999916,21.62999916,0
4/6/94,17.37999916,17.37999916,18.34000015258789,16.799999237060547,16.84000015258789,0
4/7/94,16.979999542236328,16.979999542236328,18.239999771118164,16.87999916,17.920000076293945,0
4/8/94,16.920000076293945,16.920000076293945,17.579999923706055,16.420000076293945,16.5,0
4/11/94,16.610000610351562,16.610000610351562,17.65999984741211,16.43000030517578,16.5,0
4/12/94,16.420000076293945,16.420000076293945,17.450000762939453,16.239999771118164,16.5,0
4/13/94,17.020000457763672,17.020000457763672,17.959999084472656,14.720000267028809,15.970000267028809,0
4/14/94,16.270000457763672,16.270000457763672,17.260000228881836,16.149999618530273,17.12999916,0
4/15/94,15.979999542236328,15.979999542236328,16.65999984741211,15.5,15.539999961853027,0
4/18/94,17.219999313354492,17.219999313354492,17.87999916,15.979999542236328,16.079999923706055,0
4/19/94,16.93000030517578,16.93000030517578,17.760000228881836,16.670000076293945,16.690000534057617,0
4/20/94,17.010000228881836,17.010000228881836,18.13999938964844,16.479999542236328,16.799999237060547,0
4/21/94,14.93000030517578,14.93000030517578,16.559999465942383,14.869999885559082,16.43000030517578,0
4/22/94,14.93999958,14.93999958,15.399999618530272,14.06999969482422,14.15999984741211,0
4/25/94,14.260000228881836,14.260000228881836,15.31000042,14.06999969482422,15.18999958,0
4/26/94,13.800000190734863,13.800000190734863,14.800000190734863,13.779999732971191,14.18999958,0
4/28/94,14.510000228881836,14.510000228881836,14.880000114440918,13.210000038146973,13.229999542236328,0
4/29/94,13.770000457763672,13.770000457763672,14.34000015258789,13.050000190734863,13.050000190734863,0
5/2/94,14.109999656677246,14.109999656677246,14.779999732971191,13.989999771118164,14.420000076293944,0
5/3/94,13.81000042,13.81000042,14.449999809265137,13.029999732971191,13.029999732971191,0
5/4/94,14.289999961853027,14.289999961853027,14.800000190734863,13.710000038146973,13.770000457763672,0
5/5/94,14.56000042,14.56000042,15.34000015258789,13.619999885559082,13.619999885559082,0
5/6/94,15.079999923706056,15.079999923706056,15.539999961853027,14.789999961853027,15.109999656677246,0
5/9/94,16.15999984741211,16.15999984741211,16.649999618530273,15.859999656677246,16.399999618530273,0
5/10/94,15.18999958,15.18999958,16.06999969482422,15.100000381469728,15.869999885559082,0
5/11/94,15.550000190734863,15.550000190734863,16.280000686645508,14.75,14.93000030517578,0
5/12/94,15.460000038146973,15.460000038146973,16.15999984741211,14.760000228881836,15.010000228881836,0
5/13/94,14.539999961853027,14.539999961853027,16.110000610351562,14.479999542236328,15.550000190734863,0
5/16/94,14.670000076293944,14.670000076293944,15.0,14.149999618530272,14.850000381469728,0
5/17/94,14.079999923706056,14.079999923706056,15.220000267028809,14.079999923706056,14.670000076293944,0
5/18/94,12.550000190734863,12.550000190734863,13.81999969482422,12.529999732971191,13.100000381469728,0
5/19/94,12.329999923706056,12.329999923706056,12.460000038146973,11.43999958,12.09000015258789,0
5/20/94,12.789999961853027,12.789999961853027,13.029999732971191,11.800000190734863,11.890000343322754,0
5/23/94,13.489999771118164,13.489999771118164,13.93999958,13.239999771118164,13.260000228881836,0
5/24/94,12.729999542236328,12.729999542236328,13.170000076293944,12.420000076293944,12.59000015258789,0
5/25/94,12.43000030517578,12.43000030517578,13.470000267028809,12.390000343322754,13.010000228881836,0
5/26/94,12.5,12.5,12.65999984741211,12.260000228881836,12.460000038146973,0
5/27/94,12.489999771118164,12.489999771118164,13.010000228881836,12.420000076293944,12.84000015258789,0
5/31/94,13.029999732971191,13.029999732971191,13.460000038146973,12.770000457763672,13.390000343322754,0
6/1/94,12.720000267028809,12.720000267028809,13.470000267028809,12.539999961853027,13.15999984741211,0
6/2/94,12.729999542236328,12.729999542236328,13.06000042,12.449999809265137,12.770000457763672,0
6/3/94,12.18999958,12.18999958,13.359999656677246,12.100000381469728,13.279999732971191,0
6/6/94,13.029999732971191,13.029999732971191,13.029999732971191,11.760000228881836,11.779999732971191,0
6/7/94,13.050000190734863,13.050000190734863,14.119999885559082,13.039999961853027,13.350000381469728,0
6/8/94,13.31999969482422,13.31999969482422,13.720000267028809,12.68999958,12.81000042,0
6/9/94,13.210000038146973,13.210000038146973,13.279999732971191,13.100000381469728,13.270000457763672,0
6/10/94,12.68999958,12.68999958,13.039999961853027,12.449999809265137,13.039999961853027,0
6/13/94,11.920000076293944,11.920000076293944,12.609999656677246,11.65999984741211,12.34000015258789,0
6/14/94,11.600000381469728,11.600000381469728,11.93000030517578,11.380000114440918,11.619999885559082,0
6/15/94,11.520000457763672,11.520000457763672,12.390000343322754,11.210000038146973,11.359999656677246,0
6/16/94,11.220000267028809,11.220000267028809,11.890000343322754,11.199999809265137,11.359999656677246,0
6/17/94,12.31000042,12.31000042,12.329999923706056,10.479999542236328,10.520000457763672,0
6/20/94,13.960000038146973,13.960000038146973,14.210000038146973,13.380000114440918,13.770000457763672,0
6/21/94,14.699999809265137,14.699999809265137,14.989999771118164,13.600000381469728,13.699999809265137,0
6/22/94,14.020000457763672,14.020000457763672,14.760000228881836,14.020000457763672,14.75,0
6/23/94,14.119999885559082,14.119999885559082,14.279999732971191,13.289999961853027,13.31000042,0
6/24/94,16.719999313354492,16.719999313354492,17.270000457763672,15.31000042,15.350000381469728,0
6/27/94,15.529999732971191,15.529999732971191,17.709999084472656,15.510000228881836,17.360000610351562,0
6/28/94,15.039999961853027,15.039999961853027,15.75,13.390000343322754,13.390000343322754,0
6/29/94,14.420000076293944,14.420000076293944,14.75,14.260000228881836,14.630000114440918,0
6/30/94,14.970000267028809,14.970000267028809,15.43000030517578,13.859999656677246,13.920000076293944,0
7/1/94,14.359999656677246,14.359999656677246,15.260000228881836,14.359999656677246,14.890000343322754,0
7/5/94,14.920000076293944,14.920000076293944,15.479999542236328,14.600000381469728,14.84000015258789,0
7/6/94,14.699999809265137,14.699999809265137,15.630000114440918,14.43999958,15.119999885559082,0
7/7/94,14.010000228881836,14.010000228881836,14.640000343322754,13.239999771118164,13.239999771118164,0
7/8/94,13.260000228881836,13.260000228881836,14.880000114440918,12.850000381469728,14.880000114440918,0
7/11/94,13.829999923706056,13.829999923706056,14.609999656677246,13.029999732971191,13.300000190734863,0
7/12/94,13.399999618530272,13.399999618530272,14.15999984741211,13.039999961853027,13.899999618530272,0
7/13/94,12.420000076293944,12.420000076293944,12.979999542236328,12.170000076293944,12.93999958,0
7/14/94,11.640000343322754,11.640000343322754,12.880000114440918,11.390000343322754,12.68999958,0
7/15/94,11.279999732971191,11.279999732971191,11.539999961853027,11.0,11.130000114440918,0
7/18/94,11.43999958,11.43999958,11.68000030517578,11.15999984741211,11.489999771118164,0
7/19/94,11.649999618530272,11.649999618530272,11.90999984741211,11.0,11.489999771118164,0
7/20/94,11.699999809265137,11.699999809265137,12.130000114440918,11.5,11.510000228881836,0
7/21/94,11.649999618530272,11.649999618530272,12.56000042,11.619999885559082,12.489999771118164,0
7/22/94,11.220000267028809,11.220000267028809,11.890000343322754,10.960000038146973,10.960000038146973,0
7/25/94,11.460000038146973,11.460000038146973,12.380000114440918,11.43999958,11.869999885559082,0
7/26/94,11.65999984741211,11.65999984741211,12.020000457763672,11.649999618530272,11.779999732971191,0
7/27/94,11.93000030517578,11.93000030517578,12.260000228881836,11.859999656677246,11.93000030517578,0
7/28/94,12.029999732971191,12.029999732971191,12.149999618530272,11.68999958,11.989999771118164,0
7/29/94,11.130000114440918,11.130000114440918,11.739999771118164,11.050000190734863,11.229999542236328,0
8/1/94,11.170000076293944,11.170000076293944,11.760000228881836,11.130000114440918,11.710000038146973,0
8/2/94,11.270000457763672,11.270000457763672,11.43000030517578,10.75,10.90999984741211,0
8/3/94,11.350000381469728,11.350000381469728,11.609999656677246,11.149999618530272,11.420000076293944,0
8/4/94,12.18000030517578,12.18000030517578,12.300000190734863,11.460000038146973,11.5,0
8/5/94,12.34000015258789,12.34000015258789,12.979999542236328,12.329999923706056,12.850000381469728,0
8/8/94,12.40999984741211,12.40999984741211,12.699999809265137,11.68999958,11.710000038146973,0
8/9/94,12.539999961853027,12.539999961853027,13.31999969482422,11.119999885559082,11.119999885559082,0
8/10/94,11.90999984741211,11.90999984741211,12.630000114440918,11.65999984741211,12.609999656677246,0
8/11/94,12.130000114440918,12.130000114440918,12.890000343322754,11.270000457763672,11.550000190734863,0
8/12/94,11.09000015258789,11.09000015258789,12.130000114440918,11.029999732971191,11.979999542236328,0
8/15/94,12.06000042,12.06000042,12.729999542236328,11.649999618530272,11.920000076293944,0
8/16/94,11.390000343322754,11.390000343322754,12.789999961853027,11.170000076293944,11.720000267028809,0
8/17/94,11.539999961853027,11.539999961853027,11.619999885559082,11.15999984741211,11.170000076293944,0
8/18/94,12.06999969482422,12.06999969482422,12.600000381469728,11.649999618530272,11.760000228881836,0
8/19/94,12.829999923706056,12.829999923706056,13.34000015258789,12.43999958,12.710000038146973,0
8/22/94,12.619999885559082,12.619999885559082,13.229999542236328,12.550000190734863,12.869999885559082,0
8/23/94,11.75,11.75,11.850000381469728,11.140000343322754,11.779999732971191,0
8/24/94,11.56999969482422,11.56999969482422,12.050000190734863,11.56000042,12.029999732971191,0
8/25/94,12.020000457763672,12.020000457763672,12.270000457763672,11.520000457763672,11.619999885559082,0
8/26/94,12.18999958,12.18999958,12.84000015258789,11.020000457763672,11.15999984741211,0
8/29/94,11.81999969482422,11.81999969482422,12.81000042,11.65999984741211,12.81000042,0
8/30/94,11.229999542236328,11.229999542236328,11.81000042,11.220000267028809,11.729999542236328,0
8/31/94,11.970000267028809,11.970000267028809,12.43000030517578,11.18000030517578,11.18000030517578,0
9/1/94,11.859999656677246,11.859999656677246,12.65999984741211,11.859999656677246,12.170000076293944,0
9/2/94,11.399999618530272,11.399999618530272,11.729999542236328,11.170000076293944,11.210000038146973,0
9/6/94,11.68999958,11.68999958,12.239999771118164,11.479999542236328,11.5,0
9/7/94,11.81000042,11.81000042,12.489999771118164,11.600000381469728,11.829999923706056,0
9/8/94,11.859999656677246,11.859999656677246,12.029999732971191,11.399999618530272,12.010000228881836,0
9/9/94,13.119999885559082,13.119999885559082,13.56000042,11.619999885559082,11.619999885559082,0
9/12/94,14.010000228881836,14.010000228881836,14.90999984741211,13.43999958,13.470000267028809,0
9/13/94,13.770000457763672,13.770000457763672,14.59000015258789,12.960000038146973,12.960000038146973,0
9/14/94,13.09000015258789,13.09000015258789,14.380000114440918,12.920000076293944,13.949999809265137,0
9/15/94,11.880000114440918,11.880000114440918,13.0,11.43000030517578,11.869999885559082,0
9/16/94,12.800000190734863,12.800000190734863,13.119999885559082,11.75,12.06000042,0
9/19/94,13.06000042,13.06000042,13.260000228881836,12.710000038146973,12.890000343322754,0
9/20/94,14.449999809265137,14.449999809265137,14.449999809265137,13.350000381469728,13.350000381469728,0
9/21/94,14.489999771118164,14.489999771118164,16.079999923706055,13.630000114440918,13.649999618530272,0
9/22/94,13.890000343322754,13.890000343322754,13.93999958,13.43000030517578,13.56000042,0
9/23/94,14.529999732971191,14.529999732971191,14.869999885559082,13.789999961853027,13.789999961853027,0
9/26/94,14.56000042,14.56000042,15.010000228881836,14.520000457763672,14.93999958,0
9/27/94,14.130000114440918,14.130000114440918,15.130000114440918,14.130000114440918,14.899999618530272,0
9/28/94,13.25,13.25,13.81999969482422,12.970000267028809,13.619999885559082,0
9/29/94,13.970000267028809,13.970000267028809,14.399999618530272,13.229999542236328,13.550000190734863,0
9/30/94,14.279999732971191,14.279999732971191,14.56000042,12.850000381469728,13.329999923706056,0
10/3/94,15.43999958,15.43999958,16.399999618530273,15.420000076293944,15.68999958,0
10/4/94,16.65999984741211,16.65999984741211,16.969999313354492,14.079999923706056,14.079999923706056,0
10/5/94,15.920000076293944,15.920000076293944,16.719999313354492,15.0,16.260000228881836,0
10/6/94,16.239999771118164,16.239999771118164,16.37000084,15.300000190734863,15.649999618530272,0
10/7/94,14.920000076293944,14.920000076293944,15.729999542236328,14.850000381469728,15.31000042,0
10/10/94,14.720000267028809,14.720000267028809,15.619999885559082,14.260000228881836,14.260000228881836,0
10/11/94,13.550000190734863,13.550000190734863,14.15999984741211,13.399999618530272,13.93000030517578,0
10/12/94,14.510000228881836,14.510000228881836,15.210000038146973,13.59000015258789,13.65999984741211,0
10/13/94,14.899999618530272,14.899999618530272,14.970000267028809,12.75,12.75,0
10/14/94,13.31999969482422,13.31999969482422,14.329999923706056,13.18000030517578,14.329999923706056,0
10/17/94,14.760000228881836,14.760000228881836,15.31000042,14.130000114440918,14.25,0
10/18/94,14.59000015258789,14.59000015258789,15.600000381469728,14.380000114440918,14.399999618530272,0
10/19/94,15.130000114440918,15.130000114440918,15.329999923706056,13.869999885559082,13.90999984741211,0
10/20/94,15.989999771118164,15.989999771118164,16.450000762939453,15.5,15.5,0
10/21/94,15.90999984741211,15.90999984741211,16.459999084472656,15.81000042,16.139999389648438,0
10/24/94,16.969999313354492,16.969999313354492,17.219999313354492,15.869999885559082,15.970000267028809,0
10/25/94,16.12999916,16.12999916,17.18000030517578,16.110000610351562,17.18000030517578,0
10/26/94,15.699999809265137,15.699999809265137,16.030000686645508,15.529999732971191,15.699999809265137,0
10/27/94,15.670000076293944,15.670000076293944,15.899999618530272,15.199999809265137,15.199999809265137,0
10/28/94,14.56000042,14.56000042,15.220000267028809,14.56000042,15.109999656677246,0
10/31/94,14.56000042,14.56000042,15.170000076293944,14.199999809265137,14.729999542236328,0
11/1/94,14.84000015258789,14.84000015258789,15.18000030517578,14.609999656677246,14.609999656677246,0
11/2/94,15.34000015258789,15.34000015258789,15.470000267028809,14.40999984741211,15.279999732971191,0
11/3/94,15.579999923706056,15.579999923706056,16.43000030517578,14.31999969482422,14.31999969482422,0
11/4/94,16.75,16.75,16.87000084,14.869999885559082,14.989999771118164,0
11/7/94,17.37000084,17.37000084,17.87000084,16.81999969482422,16.87999916,0
11/8/94,16.299999237060547,16.299999237060547,16.920000076293945,15.539999961853027,15.56999969482422,0
11/9/94,16.420000076293945,16.420000076293945,17.329999923706055,15.829999923706056,15.949999809265137,0
11/10/94,16.0,16.0,16.739999771118164,15.670000076293944,16.110000610351562,0
11/11/94,16.5,16.5,16.90999984741211,14.989999771118164,15.06999969482422,0
11/14/94,16.68000030517578,16.68000030517578,16.989999771118164,16.68000030517578,16.959999084472656,0
11/15/94,16.65999984741211,16.65999984741211,17.010000228881836,14.75,14.75,0
11/16/94,15.56000042,15.56000042,16.030000686645508,15.56000042,15.729999542236328,0
11/17/94,15.90999984741211,15.90999984741211,16.139999389648438,14.989999771118164,15.020000457763672,0
11/18/94,16.0,16.0,16.270000457763672,15.609999656677246,15.770000457763672,0
11/21/94,16.12999916,16.12999916,16.37999916,15.279999732971191,15.470000267028809,0
11/22/94,17.239999771118164,17.239999771118164,17.389999389648438,16.020000457763672,16.56999969482422,0
11/23/94,18.40999984741211,18.40999984741211,19.56999969482422,18.270000457763672,18.270000457763672,0
11/25/94,17.440000534057617,17.440000534057617,18.510000228881836,17.229999542236328,17.639999389648438,0
11/28/94,16.829999923706055,16.829999923706055,17.62000084,16.829999923706055,17.09000015258789,0
11/29/94,16.149999618530273,16.149999618530273,16.760000228881836,15.649999618530272,16.010000228881836,0
11/30/94,15.949999809265137,15.949999809265137,16.87000084,15.529999732971191,15.989999771118164,0
12/1/94,16.690000534057617,16.690000534057617,17.040000915527344,15.420000076293944,15.489999771118164,0
12/2/94,16.549999237060547,16.549999237060547,17.139999389648438,16.100000381469727,16.110000610351562,0
12/5/94,16.100000381469727,16.100000381469727,17.030000686645508,15.68999958,15.880000114440918,0
12/6/94,16.049999237060547,16.049999237060547,16.860000610351562,15.65999984741211,15.800000190734863,0
12/7/94,16.280000686645508,16.280000686645508,17.639999389648438,16.170000076293945,16.610000610351562,0
12/8/94,18.149999618530273,18.149999618530273,18.15999984741211,16.12000084,16.12999916,0
12/9/94,16.040000915527344,16.040000915527344,17.219999313354492,16.010000228881836,17.0,0
12/12/94,15.460000038146973,15.460000038146973,17.440000534057617,15.460000038146973,17.440000534057617,0
12/13/94,14.479999542236328,14.479999542236328,15.170000076293944,14.329999923706056,15.039999961853027,0
12/14/94,13.029999732971191,13.029999732971191,15.109999656677246,12.65999984741211,15.09000015258789,0
12/15/94,12.869999885559082,12.869999885559082,13.789999961853027,12.670000076293944,13.789999961853027,0
12/16/94,12.789999961853027,12.789999961853027,13.130000114440918,11.869999885559082,12.869999885559082,0
12/19/94,13.020000457763672,13.020000457763672,13.670000076293944,13.020000457763672,13.020000457763672,0
12/20/94,12.979999542236328,12.979999542236328,13.479999542236328,12.779999732971191,12.93999958,0
12/21/94,12.050000190734863,12.050000190734863,12.93999958,11.90999984741211,12.899999618530272,0
12/22/94,12.420000076293944,12.420000076293944,12.59000015258789,12.119999885559082,12.170000076293944,0
12/23/94,11.81999969482422,11.81999969482422,12.039999961853027,11.739999771118164,11.960000038146973,0
12/27/94,12.06999969482422,12.06999969482422,12.369999885559082,11.609999656677246,11.829999923706056,0
12/28/94,12.81000042,12.81000042,13.210000038146973,11.359999656677246,11.399999618530272,0
12/29/94,12.859999656677246,12.859999656677246,12.869999885559082,12.34000015258789,12.869999885559082,0
12/30/94,13.199999809265137,13.199999809265137,13.479999542236328,12.34000015258789,12.479999542236328,0
1/3/95,14.25,14.25,14.710000038146973,13.390000343322754,14.09000015258789,0
1/4/95,13.529999732971191,13.529999732971191,14.149999618530272,13.529999732971191,13.869999885559082,0
1/5/95,13.5,13.5,14.18999958,13.369999885559082,13.699999809265137,0
1/6/95,13.130000114440918,13.130000114440918,13.760000228881836,12.789999961853027,13.670000076293944,0
1/9/95,13.329999923706056,13.329999923706056,14.079999923706056,13.210000038146973,13.529999732971191,0
1/10/95,12.520000457763672,12.520000457763672,13.25,11.970000267028809,12.489999771118164,0
1/11/95,12.149999618530272,12.149999618530272,13.130000114440918,11.949999809265137,12.029999732971191,0
1/12/95,12.829999923706056,12.829999923706056,13.56000042,12.640000343322754,12.739999771118164,0
1/13/95,11.100000381469728,11.100000381469728,11.859999656677246,11.020000457763672,11.460000038146973,0
1/16/95,11.140000343322754,11.140000343322754,11.529999732971191,11.06000042,11.449999809265137,0
1/17/95,11.789999961853027,11.789999961853027,12.479999542236328,11.609999656677246,12.449999809265137,0
1/18/95,11.56999969482422,11.56999969482422,11.899999618530272,11.210000038146973,11.239999771118164,0
1/19/95,11.859999656677246,11.859999656677246,12.34000015258789,11.520000457763672,12.079999923706056,0
1/20/95,12.149999618530272,12.149999618530272,12.479999542236328,12.0,12.079999923706056,0
1/23/95,12.789999961853027,12.789999961853027,13.890000343322754,12.779999732971191,13.890000343322754,0
1/24/95,11.93999958,11.93999958,12.510000228881836,11.84000015258789,12.130000114440918,0
1/25/95,11.460000038146973,11.460000038146973,12.260000228881836,11.170000076293944,11.93999958,0
1/26/95,11.25,11.25,11.520000457763672,10.890000343322754,10.899999618530272,0
1/27/95,11.25,11.25,11.40999984741211,10.760000228881836,10.770000457763672,0
1/30/95,12.260000228881836,12.260000228881836,12.670000076293944,11.43000030517578,11.630000114440918,0
1/31/95,11.960000038146973,11.960000038146973,12.25,11.770000457763672,12.119999885559082,0
2/1/95,11.729999542236328,11.729999542236328,11.949999809265137,11.529999732971191,11.739999771118164,0
2/2/95,11.130000114440918,11.130000114440918,11.630000114440918,11.09000015258789,11.59000015258789,0
2/3/95,10.979999542236328,10.979999542236328,11.470000267028809,10.510000228881836,10.56000042,0
2/6/95,11.220000267028809,11.220000267028809,11.670000076293944,10.93999958,11.239999771118164,0
2/7/95,11.170000076293944,11.170000076293944,11.40999984741211,11.0,11.010000228881836,0
2/8/95,11.420000076293944,11.420000076293944,11.489999771118164,11.029999732971191,11.289999961853027,0
2/9/95,11.630000114440918,11.630000114440918,11.979999542236328,11.229999542236328,11.420000076293944,0
2/10/95,11.279999732971191,11.279999732971191,11.710000038146973,11.15999984741211,11.5,0
2/13/95,11.40999984741211,11.40999984741211,11.770000457763672,11.289999961853027,11.739999771118164,0
2/14/95,11.43000030517578,11.43000030517578,11.779999732971191,11.31999969482422,11.350000381469728,0
2/15/95,11.520000457763672,11.520000457763672,11.739999771118164,11.279999732971191,11.489999771118164,0
2/16/95,11.609999656677246,11.609999656677246,11.989999771118164,11.550000190734863,11.619999885559082,0
2/17/95,11.710000038146973,11.710000038146973,12.06000042,11.289999961853027,11.43999958,0
2/21/95,12.050000190734863,12.050000190734863,12.520000457763672,12.050000190734863,12.050000190734863,0
2/22/95,11.390000343322754,11.390000343322754,11.760000228881836,11.029999732971191,11.029999732971191,0
2/23/95,11.149999618530272,11.149999618530272,11.350000381469728,10.770000457763672,10.800000190734863,0
2/24/95,10.84000015258789,10.84000015258789,11.31999969482422,10.779999732971191,10.949999809265137,0
2/27/95,12.510000228881836,12.510000228881836,13.010000228881836,10.890000343322754,10.93000030517578,0
2/28/95,11.75,11.75,12.390000343322754,11.729999542236328,12.329999923706056,0
3/1/95,11.649999618530272,11.649999618530272,11.93000030517578,11.359999656677246,11.489999771118164,0
3/2/95,12.020000457763672,12.020000457763672,12.020000457763672,11.460000038146973,11.65999984741211,0
3/3/95,11.449999809265137,11.449999809265137,11.90999984741211,11.399999618530272,11.479999542236328,0
3/6/95,12.170000076293944,12.170000076293944,12.649999618530272,11.84000015258789,12.18999958,0
3/7/95,14.220000267028809,14.220000267028809,14.770000457763672,12.329999923706056,12.390000343322754,0
3/8/95,13.720000267028809,13.720000267028809,14.270000457763672,13.210000038146973,13.210000038146973,0
3/9/95,13.359999656677246,13.359999656677246,13.979999542236328,12.890000343322754,13.09000015258789,0
3/10/95,12.380000114440918,12.380000114440918,13.270000457763672,11.699999809265137,13.270000457763672,0
3/13/95,12.149999618530272,12.149999618530272,12.460000038146973,11.989999771118164,12.109999656677246,0
3/14/95,12.100000381469728,12.100000381469728,12.609999656677246,11.399999618530272,11.68000030517578,0
3/15/95,12.420000076293944,12.420000076293944,12.68000030517578,12.18999958,12.270000457763672,0
3/16/95,11.949999809265137,11.949999809265137,12.380000114440918,11.779999732971191,12.270000457763672,0
3/17/95,11.800000190734863,11.800000190734863,12.130000114440918,11.600000381469728,12.050000190734863,0
3/20/95,11.34000015258789,11.34000015258789,11.899999618530272,11.34000015258789,11.880000114440918,0
3/21/95,11.529999732971191,11.529999732971191,11.829999923706056,10.789999961853027,11.350000381469728,0
3/22/95,11.289999961853027,11.289999961853027,11.720000267028809,11.270000457763672,11.359999656677246,0
3/23/95,11.43000030517578,11.43000030517578,11.75,11.25,11.390000343322754,0
3/24/95,11.18999958,11.18999958,11.239999771118164,10.979999542236328,11.229999542236328,0
3/27/95,11.829999923706056,11.829999923706056,12.109999656677246,11.779999732971191,11.970000267028809,0
3/28/95,11.329999923706056,11.329999923706056,11.649999618530272,11.289999961853027,11.510000228881836,0
3/29/95,12.510000228881836,12.510000228881836,12.93000030517578,11.619999885559082,11.68000030517578,0
3/30/95,12.619999885559082,12.619999885559082,13.029999732971191,12.300000190734863,12.59000015258789,0
3/31/95,13.369999885559082,13.369999885559082,13.789999961853027,12.949999809265137,13.600000381469728,0
4/3/95,13.5,13.5,14.09000015258789,12.420000076293944,12.520000457763672,0
4/4/95,12.619999885559082,12.619999885559082,12.949999809265137,11.760000228881836,12.239999771118164,0
4/5/95,12.960000038146973,12.960000038146973,13.34000015258789,12.729999542236328,12.979999542236328,0
4/6/95,12.81000042,12.81000042,13.220000267028809,11.649999618530272,11.720000267028809,0
4/7/95,12.850000381469728,12.850000381469728,13.65999984741211,12.720000267028809,13.140000343322754,0
4/10/95,12.789999961853027,12.789999961853027,13.420000076293944,12.619999885559082,13.300000190734863,0
4/11/95,12.729999542236328,12.729999542236328,13.600000381469728,11.640000343322754,12.59000015258789,0
4/12/95,12.039999961853027,12.039999961853027,12.84000015258789,11.800000190734863,12.289999961853027,0
4/13/95,11.479999542236328,11.479999542236328,11.869999885559082,11.100000381469728,11.220000267028809,0
4/17/95,12.329999923706056,12.329999923706056,12.890000343322754,11.260000228881836,11.489999771118164,0
4/18/95,12.960000038146973,12.960000038146973,13.06999969482422,12.15999984741211,12.210000038146973,0
4/19/95,13.09000015258789,13.09000015258789,14.479999542236328,13.09000015258789,13.109999656677246,0
4/20/95,12.100000381469728,12.100000381469728,12.93999958,12.09000015258789,12.15999984741211,0
4/21/95,11.859999656677246,11.859999656677246,12.260000228881836,10.949999809265137,11.210000038146973,0
4/24/95,11.920000076293944,11.920000076293944,12.09000015258789,11.550000190734863,11.779999732971191,0
4/25/95,12.40999984741211,12.40999984741211,12.529999732971191,11.93000030517578,11.93000030517578,0
4/26/95,12.279999732971191,12.279999732971191,12.84000015258789,12.25,12.779999732971191,0
4/27/95,11.93000030517578,11.93000030517578,12.149999618530272,11.710000038146973,11.81000042,0
4/28/95,11.75,11.75,12.369999885559082,11.510000228881836,11.539999961853027,0
5/1/95,12.140000343322754,12.140000343322754,12.68000030517578,11.119999885559082,11.210000038146973,0
5/2/95,11.880000114440918,11.880000114440918,12.329999923706056,11.779999732971191,12.18000030517578,0
5/3/95,11.68999958,11.68999958,11.81999969482422,11.43999958,11.800000190734863,0
5/4/95,12.640000343322754,12.640000343322754,13.460000038146973,11.399999618530272,11.460000038146973,0
5/5/95,12.06000042,12.06000042,12.65999984741211,11.81999969482422,11.90999984741211,0
5/8/95,12.220000267028809,12.220000267028809,12.369999885559082,11.289999961853027,11.369999885559082,0
5/9/95,12.75,12.75,13.010000228881836,12.170000076293944,12.260000228881836,0
5/10/95,13.079999923706056,13.079999923706056,13.43999958,12.81000042,12.93999958,0
5/11/95,12.979999542236328,12.979999542236328,13.59000015258789,12.869999885559082,13.289999961853027,0
5/12/95,11.84000015258789,11.84000015258789,12.609999656677246,11.18000030517578,11.199999809265137,0
5/15/95,12.380000114440918,12.380000114440918,12.640000343322754,11.779999732971191,12.09000015258789,0
5/16/95,12.199999809265137,12.199999809265137,12.649999618530272,12.029999732971191,12.130000114440918,0
5/17/95,12.359999656677246,12.359999656677246,12.649999618530272,12.109999656677246,12.279999732971191,0
5/18/95,13.130000114440918,13.130000114440918,13.489999771118164,11.890000343322754,11.890000343322754,0
5/19/95,12.81000042,12.81000042,13.600000381469728,12.600000381469728,12.729999542236328,0
5/22/95,11.68000030517578,11.68000030517578,12.270000457763672,11.489999771118164,12.220000267028809,0
5/23/95,11.550000190734863,11.550000190734863,11.739999771118164,11.050000190734863,11.140000343322754,0
5/24/95,11.260000228881836,11.260000228881836,11.850000381469728,10.079999923706056,10.289999961853027,0
5/25/95,11.630000114440918,11.630000114440918,11.989999771118164,11.31000042,11.760000228881836,0
5/26/95,12.199999809265137,12.199999809265137,12.56000042,11.630000114440918,11.630000114440918,0
5/30/95,12.520000457763672,12.520000457763672,12.970000267028809,12.100000381469728,12.130000114440918,0
5/31/95,12.850000381469728,12.850000381469728,12.960000038146973,12.050000190734863,12.489999771118164,0
6/1/95,12.210000038146973,12.210000038146973,12.850000381469728,12.119999885559082,12.15999984741211,0
6/2/95,12.979999542236328,12.979999542236328,13.31000042,12.40999984741211,12.770000457763672,0
6/5/95,13.449999809265137,13.449999809265137,14.050000190734863,13.270000457763672,13.5,0
6/6/95,13.0,13.0,13.630000114440918,12.90999984741211,12.960000038146973,0
6/7/95,12.84000015258789,12.84000015258789,13.989999771118164,12.779999732971191,13.220000267028809,0
6/8/95,12.890000343322754,12.890000343322754,13.029999732971191,12.630000114440918,13.010000228881836,0
6/9/95,12.760000228881836,12.760000228881836,13.449999809265137,12.359999656677246,12.619999885559082,0
6/12/95,11.90999984741211,11.90999984741211,12.720000267028809,11.710000038146973,12.0,0
6/13/95,11.289999961853027,11.289999961853027,12.0,11.050000190734863,11.350000381469728,0
6/14/95,11.289999961853027,11.289999961853027,12.18999958,11.010000228881836,12.15999984741211,0
6/15/95,11.229999542236328,11.229999542236328,12.050000190734863,10.949999809265137,11.720000267028809,0
6/16/95,10.75,10.75,10.949999809265137,10.359999656677246,10.359999656677246,0
6/19/95,11.210000038146973,11.210000038146973,11.350000381469728,10.600000381469728,10.600000381469728,0
6/20/95,11.15999984741211,11.15999984741211,11.470000267028809,11.100000381469728,11.260000228881836,0
6/21/95,11.31999969482422,11.31999969482422,11.600000381469728,11.18999958,11.520000457763672,0
6/22/95,11.43999958,11.43999958,11.729999542236328,10.880000114440918,10.920000076293944,0
6/23/95,11.119999885559082,11.119999885559082,11.510000228881836,10.970000267028809,11.43000030517578,0
6/26/95,11.800000190734863,11.800000190734863,12.119999885559082,10.979999542236328,10.979999542236328,0
6/27/95,12.369999885559082,12.369999885559082,12.56999969482422,11.65999984741211,11.850000381469728,0
6/28/95,11.739999771118164,11.739999771118164,12.40999984741211,11.609999656677246,12.300000190734863,0
6/29/95,11.59000015258789,11.59000015258789,12.18999958,11.470000267028809,11.59000015258789,0
6/30/95,11.380000114440918,11.380000114440918,11.510000228881836,10.75,11.06999969482422,0
7/3/95,11.56999969482422,11.56999969482422,12.550000190734863,11.229999542236328,11.359999656677246,0
7/5/95,12.100000381469728,12.100000381469728,12.390000343322754,11.18999958,11.859999656677246,0
7/6/95,11.520000457763672,11.520000457763672,12.390000343322754,11.43000030517578,12.350000381469728,0
7/7/95,11.770000457763672,11.770000457763672,12.109999656677246,11.720000267028809,11.760000228881836,0
7/10/95,12.18999958,12.18999958,12.869999885559082,10.93000030517578,11.18999958,0
7/11/95,12.25,12.25,13.06000042,11.869999885559082,11.970000267028809,0
7/12/95,12.31000042,12.31000042,12.75,12.06999969482422,12.25,0
7/13/95,12.56000042,12.56000042,13.300000190734863,10.920000076293944,11.130000114440918,0
7/14/95,12.079999923706056,12.079999923706056,12.960000038146973,11.989999771118164,12.729999542236328,0
7/17/95,12.260000228881836,12.260000228881836,12.68999958,12.220000267028809,12.350000381469728,0
7/18/95,12.68000030517578,12.68000030517578,13.050000190734863,12.449999809265137,12.550000190734863,0
7/19/95,13.489999771118164,13.489999771118164,15.260000228881836,12.989999771118164,13.479999542236328,0
7/20/95,12.779999732971191,12.779999732971191,13.800000190734863,12.770000457763672,13.460000038146973,0
7/21/95,12.369999885559082,12.369999885559082,13.270000457763672,11.729999542236328,11.93999958,0
7/24/95,12.550000190734863,12.550000190734863,12.770000457763672,12.390000343322754,12.640000343322754,0
7/25/95,12.770000457763672,12.770000457763672,13.050000190734863,12.539999961853027,12.729999542236328,0
7/26/95,13.18000030517578,13.18000030517578,13.670000076293944,12.850000381469728,12.850000381469728,0
7/27/95,13.18000030517578,13.18000030517578,13.350000381469728,13.020000457763672,13.34000015258789,0
7/28/95,13.18000030517578,13.18000030517578,13.81999969482422,13.029999732971191,13.050000190734863,0
7/31/95,13.489999771118164,13.489999771118164,13.869999885559082,13.220000267028809,13.220000267028809,0
8/1/95,13.56000042,13.56000042,14.149999618530272,13.390000343322754,13.43999958,0
8/2/95,13.65999984741211,13.65999984741211,13.979999542236328,13.09000015258789,13.279999732971191,0
8/3/95,13.779999732971191,13.779999732971191,14.489999771118164,13.760000228881836,14.460000038146973,0
8/4/95,13.210000038146973,13.210000038146973,13.81000042,12.829999923706056,12.899999618530272,0
8/7/95,13.100000381469728,13.100000381469728,13.989999771118164,13.06000042,13.619999885559082,0
8/8/95,13.06000042,13.06000042,13.31000042,13.06000042,13.25,0
8/9/95,12.75,12.75,13.020000457763672,12.600000381469728,12.779999732971191,0
8/10/95,13.0,13.0,13.350000381469728,12.56999969482422,12.869999885559082,0
8/11/95,12.899999618530272,12.899999618530272,13.34000015258789,12.449999809265137,12.449999809265137,0
8/14/95,13.239999771118164,13.239999771118164,14.350000381469728,12.670000076293944,12.68999958,0
8/15/95,12.350000381469728,12.350000381469728,12.760000228881836,12.270000457763672,12.31000042,0
8/16/95,12.449999809265137,12.449999809265137,12.59000015258789,11.470000267028809,11.600000381469728,0
8/17/95,12.130000114440918,12.130000114440918,12.829999923706056,12.09000015258789,12.170000076293944,0
8/18/95,12.029999732971191,12.029999732971191,12.270000457763672,11.359999656677246,11.470000267028809,0
8/21/95,13.420000076293944,13.420000076293944,13.779999732971191,11.890000343322754,12.079999923706056,0
8/22/95,12.600000381469728,12.600000381469728,12.979999542236328,12.43000030517578,12.539999961853027,0
8/23/95,13.170000076293944,13.170000076293944,13.369999885559082,11.800000190734863,11.81999969482422,0
8/24/95,12.93999958,12.93999958,13.520000457763672,12.859999656677246,13.31000042,0
8/25/95,12.329999923706056,12.329999923706056,12.68999958,12.109999656677246,12.229999542236328,0
8/28/95,12.479999542236328,12.479999542236328,13.199999809265137,12.050000190734863,12.149999618530272,0
8/29/95,12.649999618530272,12.649999618530272,13.800000190734863,11.630000114440918,11.68000030517578,0
8/30/95,12.029999732971191,12.029999732971191,12.420000076293944,11.739999771118164,11.770000457763672,0
8/31/95,11.520000457763672,11.520000457763672,11.949999809265137,11.359999656677246,11.609999656677246,0
9/1/95,11.289999961853027,11.289999961853027,11.68000030517578,10.829999923706056,11.149999618530272,0
9/5/95,11.649999618530272,11.649999618530272,12.029999732971191,11.279999732971191,11.43999958,0
9/6/95,11.649999618530272,11.649999618530272,12.079999923706056,10.18999958,10.31000042,0
9/7/95,11.850000381469728,11.850000381469728,12.529999732971191,10.649999618530272,10.649999618530272,0
9/8/95,11.15999984741211,11.15999984741211,11.93999958,10.489999771118164,11.010000228881836,0
9/11/95,11.510000228881836,11.510000228881836,12.09000015258789,11.31000042,11.789999961853027,0
9/12/95,11.460000038146973,11.460000038146973,12.149999618530272,11.31999969482422,11.670000076293944,0
9/13/95,11.350000381469728,11.350000381469728,12.0,11.18000030517578,11.65999984741211,0
9/14/95,11.100000381469728,11.100000381469728,11.93000030517578,10.869999885559082,11.289999961853027,0
9/15/95,11.579999923706056,11.579999923706056,11.84000015258789,11.0,11.130000114440918,0
9/18/95,12.34000015258789,12.34000015258789,12.720000267028809,12.300000190734863,12.380000114440918,0
9/19/95,12.670000076293944,12.670000076293944,13.31000042,12.399999618530272,12.5,0
9/20/95,12.350000381469728,12.350000381469728,12.81000042,12.350000381469728,12.75,0
9/21/95,12.5,12.5,13.18000030517578,11.890000343322754,11.949999809265137,0
9/22/95,12.460000038146973,12.460000038146973,12.93999958,12.369999885559082,12.789999961853027,0
9/25/95,13.220000267028809,13.220000267028809,13.43000030517578,12.31000042,12.329999923706056,0
9/26/95,12.899999618530272,12.899999618530272,13.229999542236328,12.079999923706056,12.210000038146973,0
9/27/95,12.899999618530272,12.899999618530272,13.949999809265137,12.479999542236328,12.729999542236328,0
9/28/95,12.460000038146973,12.460000038146973,12.869999885559082,11.670000076293944,11.720000267028809,0
9/29/95,12.739999771118164,12.739999771118164,13.25,12.09000015258789,12.199999809265137,0
10/2/95,13.949999809265137,13.949999809265137,14.369999885559082,12.289999961853027,12.399999618530272,0
10/3/95,14.5,14.5,14.93999958,14.260000228881836,14.520000457763672,0
10/4/95,14.859999656677246,14.859999656677246,15.420000076293944,13.31000042,13.31000042,0
10/5/95,15.739999771118164,15.739999771118164,16.290000915527344,14.119999885559082,14.149999618530272,0
10/6/95,13.979999542236328,13.979999542236328,14.710000038146973,13.449999809265137,13.449999809265137,0
10/9/95,14.850000381469728,14.850000381469728,15.520000457763672,14.579999923706056,14.609999656677246,0
10/10/95,14.970000267028809,14.970000267028809,16.469999313354492,14.970000267028809,14.970000267028809,0
10/11/95,14.56999969482422,14.56999969482422,14.81999969482422,14.43000030517578,14.739999771118164,0
10/12/95,14.239999771118164,14.239999771118164,14.640000343322754,13.65999984741211,14.34000015258789,0
10/13/95,13.670000076293944,13.670000076293944,14.390000343322754,13.489999771118164,13.949999809265137,0
10/16/95,14.619999885559082,14.619999885559082,15.350000381469728,14.56999969482422,15.039999961853027,0
10/17/95,14.029999732971191,14.029999732971191,14.859999656677246,14.029999732971191,14.630000114440918,0
10/18/95,14.050000190734863,14.050000190734863,14.56000042,12.550000190734863,12.56999969482422,0
10/19/95,13.550000190734863,13.550000190734863,14.380000114440918,13.479999542236328,14.380000114440918,0
10/20/95,13.460000038146973,13.460000038146973,13.770000457763672,13.130000114440918,13.460000038146973,0
10/23/95,14.170000076293944,14.170000076293944,14.699999809265137,14.029999732971191,14.630000114440918,0
10/24/95,13.850000381469728,13.850000381469728,14.329999923706056,13.850000381469728,14.010000228881836,0
10/25/95,14.489999771118164,14.489999771118164,14.720000267028809,13.390000343322754,13.40999984741211,0
10/26/95,15.59000015258789,15.59000015258789,16.989999771118164,14.40999984741211,14.470000267028809,0
10/27/95,14.630000114440918,14.630000114440918,15.899999618530272,14.630000114440918,15.789999961853027,0
10/30/95,14.260000228881836,14.260000228881836,14.800000190734863,14.25,14.479999542236328,0
10/31/95,13.829999923706056,13.829999923706056,14.079999923706056,13.43000030517578,13.899999618530272,0
11/1/95,13.40999984741211,13.40999984741211,13.979999542236328,13.390000343322754,13.979999542236328,0
11/2/95,13.18999958,13.18999958,13.640000343322754,13.09000015258789,13.369999885559082,0
11/3/95,12.260000228881836,12.260000228881836,13.079999923706056,12.119999885559082,12.119999885559082,0
11/6/95,12.739999771118164,12.739999771118164,13.449999809265137,12.65999984741211,13.09000015258789,0
11/7/95,13.050000190734863,13.050000190734863,13.989999771118164,12.779999732971191,12.920000076293944,0
11/8/95,12.15999984741211,12.15999984741211,13.029999732971191,12.109999656677246,12.850000381469728,0
11/9/95,12.460000038146973,12.460000038146973,13.18999958,12.31000042,12.350000381469728,0
11/10/95,12.970000267028809,12.970000267028809,13.449999809265137,12.609999656677246,12.619999885559082,0
11/13/95,13.199999809265137,13.199999809265137,14.100000381469728,13.010000228881836,13.520000457763672,0
11/14/95,13.380000114440918,13.380000114440918,13.970000267028809,13.140000343322754,13.770000457763672,0
11/15/95,12.949999809265137,12.949999809265137,13.899999618530272,12.93999958,13.43999958,0
11/16/95,12.56999969482422,12.56999969482422,13.010000228881836,12.470000267028809,12.880000114440918,0
11/17/95,12.489999771118164,12.489999771118164,12.800000190734863,12.350000381469728,12.609999656677246,0
11/20/95,12.369999885559082,12.369999885559082,13.270000457763672,12.170000076293944,12.75,0
11/21/95,11.739999771118164,11.739999771118164,12.34000015258789,11.729999542236328,11.890000343322754,0
11/22/95,11.81000042,11.81000042,11.960000038146973,11.609999656677246,11.90999984741211,0
11/24/95,11.869999885559082,11.869999885559082,12.800000190734863,11.81000042,11.90999984741211,0
11/27/95,12.43000030517578,12.43000030517578,12.699999809265137,10.56999969482422,10.56999969482422,0
11/28/95,11.56999969482422,11.56999969482422,12.260000228881836,11.520000457763672,11.93999958,0
11/29/95,11.649999618530272,11.649999618530272,11.960000038146973,10.93000030517578,11.0,0
11/30/95,11.579999923706056,11.579999923706056,11.920000076293944,10.899999618530272,10.899999618530272,0
12/1/95,11.109999656677246,11.109999656677246,11.640000343322754,11.039999961853027,11.119999885559082,0
12/4/95,10.65999984741211,10.65999984741211,11.350000381469728,10.06000042,11.119999885559082,0
12/5/95,11.649999618530272,11.649999618530272,11.979999542236328,10.470000267028809,11.119999885559082,0
12/6/95,12.699999809265137,12.699999809265137,13.170000076293944,10.81999969482422,10.84000015258789,0
12/7/95,12.739999771118164,12.739999771118164,13.18000030517578,12.140000343322754,12.5,0
12/8/95,11.119999885559082,11.119999885559082,12.670000076293944,10.149999618530272,12.5,0
12/11/95,11.06000042,11.06000042,12.210000038146973,10.880000114440918,12.140000343322754,0
12/12/95,10.630000114440918,10.630000114440918,11.34000015258789,10.06999969482422,10.380000114440918,0
12/13/95,10.359999656677246,10.359999656677246,11.510000228881836,10.149999618530272,11.510000228881836,0
12/14/95,11.06999969482422,11.06999969482422,11.43999958,10.270000457763672,10.670000076293944,0
12/15/95,11.43999958,11.43999958,12.220000267028809,11.119999885559082,11.220000267028809,0
12/18/95,14.550000190734863,14.550000190734863,14.859999656677246,11.020000457763672,11.220000267028809,0
12/19/95,13.15999984741211,13.15999984741211,15.420000076293944,13.109999656677246,15.420000076293944,0
12/20/95,12.199999809265137,12.199999809265137,12.34000015258789,11.109999656677246,11.84000015258789,0
12/21/95,10.770000457763672,10.770000457763672,13.010000228881836,10.649999618530272,13.010000228881836,0
12/22/95,11.510000228881836,11.510000228881836,11.579999923706056,10.970000267028809,11.289999961853027,0
12/26/95,11.489999771118164,11.489999771118164,11.869999885559082,11.479999542236328,11.720000267028809,0
12/27/95,11.979999542236328,11.979999542236328,12.649999618530272,11.18999958,11.239999771118164,0
12/28/95,12.25,12.25,12.369999885559082,11.899999618530272,11.90999984741211,0
12/29/95,12.520000457763672,12.520000457763672,13.140000343322754,12.31000042,12.59000015258789,0
1/2/96,12.18999958,12.18999958,13.390000343322754,12.18999958,13.390000343322754,0
1/3/96,12.100000381469728,12.100000381469728,12.289999961853027,11.449999809265137,11.529999732971191,0
1/4/96,13.779999732971191,13.779999732971191,14.229999542236328,11.229999542236328,11.239999771118164,0
1/5/96,13.579999923706056,13.579999923706056,14.739999771118164,13.550000190734863,14.020000457763672,0
1/8/96,13.109999656677246,13.109999656677246,13.220000267028809,12.43999958,13.220000267028809,0
1/9/96,15.210000038146973,15.210000038146973,15.479999542236328,13.039999961853027,13.039999961853027,0
1/10/96,16.399999618530273,16.399999618530273,16.87000084,15.649999618530272,16.549999237060547,0
1/11/96,14.68999958,14.68999958,16.100000381469727,14.619999885559082,15.760000228881836,0
1/12/96,14.229999542236328,14.229999542236328,15.0,14.149999618530272,14.279999732971191,0
1/15/96,14.989999771118164,14.989999771118164,15.130000114440918,14.029999732971191,14.119999885559082,0
1/16/96,14.09000015258789,14.09000015258789,15.329999923706056,14.09000015258789,14.619999885559082,0
1/17/96,14.25,14.25,14.31000042,13.550000190734863,14.0,0
1/18/96,13.579999923706056,13.579999923706056,14.359999656677246,13.539999961853027,13.720000267028809,0
1/19/96,12.699999809265137,12.699999809265137,13.56999969482422,12.59000015258789,13.550000190734863,0
1/22/96,13.34000015258789,13.34000015258789,13.529999732971191,12.520000457763672,12.880000114440918,0
1/23/96,13.56000042,13.56000042,13.670000076293944,13.31999969482422,13.56000042,0
1/24/96,12.539999961853027,12.539999961853027,12.989999771118164,12.5,12.920000076293944,0
1/25/96,12.93999958,12.93999958,12.989999771118164,12.279999732971191,12.31000042,0
1/26/96,12.0,12.0,12.649999618530272,11.90999984741211,12.640000343322754,0
1/29/96,12.18999958,12.18999958,12.34000015258789,12.050000190734863,12.06999969482422,0
1/30/96,12.420000076293944,12.420000076293944,12.420000076293944,11.390000343322754,11.449999809265137,0
1/31/96,12.529999732971191,12.529999732971191,13.039999961853027,12.350000381469728,12.369999885559082,0
2/1/96,12.649999618530272,12.649999618530272,12.869999885559082,11.109999656677246,11.43999958,0
2/2/96,13.229999542236328,13.229999542236328,13.479999542236328,12.420000076293944,12.510000228881836,0
2/5/96,13.460000038146973,13.460000038146973,14.039999961853027,13.369999885559082,13.789999961853027,0
2/6/96,14.59000015258789,14.59000015258789,14.68000030517578,13.510000228881836,13.989999771118164,0
2/7/96,14.109999656677246,14.109999656677246,14.770000457763672,14.039999961853027,14.289999961853027,0
2/8/96,13.890000343322754,13.890000343322754,14.109999656677246,13.43000030517578,13.960000038146973,0
2/9/96,14.630000114440918,14.630000114440918,15.399999618530272,14.170000076293944,14.270000457763672,0
2/12/96,14.68999958,14.68999958,14.989999771118164,14.43000030517578,14.529999732971191,0
2/13/96,14.93999958,14.93999958,15.420000076293944,14.609999656677246,14.68999958,0
2/14/96,15.59000015258789,15.59000015258789,15.600000381469728,14.68000030517578,15.020000457763672,0
2/15/96,16.12999916,16.12999916,16.309999465942383,15.640000343322754,15.699999809265137,0
2/16/96,15.369999885559082,15.369999885559082,16.350000381469727,14.93000030517578,14.93000030517578,0
2/20/96,16.799999237060547,16.799999237060547,17.18000030517578,16.170000076293945,16.229999542236328,0
2/21/96,14.470000267028809,14.470000267028809,15.56000042,14.470000267028809,15.529999732971191,0
2/22/96,14.56000042,14.56000042,14.56999969482422,14.0,14.140000343322754,0
2/23/96,14.779999732971191,14.779999732971191,15.81000042,14.640000343322754,14.93000030517578,0
2/26/96,16.37999916,16.37999916,16.389999389648438,15.43999958,15.470000267028809,0
2/27/96,16.62999916,16.62999916,17.030000686645508,16.450000762939453,16.510000228881836,0
2/28/96,16.719999313354492,16.719999313354492,16.84000015258789,15.359999656677246,15.510000228881836,0
2/29/96,17.040000915527344,17.040000915527344,17.389999389648438,16.37000084,16.87999916,0
3/1/96,16.719999313354492,16.719999313354492,17.920000076293945,16.670000076293945,17.12999916,0
3/4/96,16.670000076293945,16.670000076293945,17.030000686645508,16.200000762939453,16.780000686645508,0
3/5/96,16.100000381469727,16.100000381469727,16.68000030517578,16.100000381469727,16.639999389648438,0
3/6/96,16.559999465942383,16.559999465942383,16.579999923706055,16.030000686645508,16.030000686645508,0
3/7/96,16.489999771118164,16.489999771118164,17.100000381469727,16.40999984741211,16.850000381469727,0
3/8/96,20.700000762939453,20.700000762939453,21.36000061035156,17.5,18.86000061035156,0
3/11/96,19.399999618530273,19.399999618530273,21.260000228881836,17.290000915527344,17.34000015258789,0
3/12/96,19.09000015258789,19.09000015258789,19.809999465942383,18.219999313354492,18.37000084,0
3/13/96,18.12999916,18.12999916,18.87000084,18.020000457763672,18.520000457763672,0
3/14/96,16.93000030517578,16.93000030517578,18.200000762939453,16.93000030517578,17.790000915527344,0
3/15/96,16.540000915527344,16.540000915527344,17.100000381469727,14.979999542236328,15.149999618530272,0
3/18/96,17.309999465942383,17.309999465942383,17.389999389648438,16.489999771118164,16.5,0
3/19/96,18.350000381469727,18.350000381469727,18.420000076293945,16.809999465942383,16.93000030517578,0
3/20/96,18.65999984741211,18.65999984741211,19.450000762939453,18.280000686645508,18.299999237060547,0
3/21/96,17.739999771118164,17.739999771118164,18.36000061035156,17.579999923706055,18.36000061035156,0
3/22/96,17.049999237060547,17.049999237060547,17.420000076293945,16.93000030517578,17.40999984741211,0
3/25/96,17.84000015258789,17.84000015258789,17.979999542236328,17.12000084,17.12999916,0
3/26/96,17.799999237060547,17.799999237060547,18.260000228881836,17.65999984741211,18.229999542236328,0
3/27/96,17.889999389648438,17.889999389648438,18.299999237060547,17.309999465942383,17.309999465942383,0
3/28/96,18.15999984741211,18.15999984741211,18.31999969482422,17.68000030517578,17.799999237060547,0
3/29/96,18.87999916,18.87999916,18.87999916,18.030000686645508,18.25,0
4/1/96,17.899999618530273,17.899999618530273,18.709999084472656,17.87999916,18.420000076293945,0
4/2/96,16.450000762939453,16.450000762939453,17.34000015258789,16.270000457763672,16.979999542236328,0
4/3/96,16.329999923706055,16.329999923706055,16.559999465942383,16.15999984741211,16.360000610351562,0
4/4/96,16.18000030517578,16.18000030517578,16.200000762939453,15.890000343322754,16.149999618530273,0
4/8/96,18.719999313354492,18.719999313354492,20.780000686645508,18.149999618530273,18.149999618530273,0
4/9/96,17.31999969482422,17.31999969482422,17.420000076293945,16.959999084472656,16.959999084472656,0
4/10/96,20.219999313354492,20.219999313354492,20.459999084472656,17.520000457763672,17.790000915527344,0
4/11/96,19.649999618530273,19.649999618530273,21.09000015258789,19.229999542236328,19.40999984741211,0
4/12/96,17.37999916,17.37999916,18.729999542236328,17.309999465942383,18.690000534057617,0
4/15/96,16.829999923706055,16.829999923706055,17.540000915527344,16.81999969482422,17.540000915527344,0
4/16/96,16.450000762939453,16.450000762939453,16.559999465942383,16.209999084472656,16.510000228881836,0
4/17/96,17.06999969482422,17.06999969482422,17.299999237060547,16.360000610351562,16.5,0
4/18/96,16.40999984741211,16.40999984741211,17.059999465942383,16.239999771118164,16.690000534057617,0
4/19/96,15.119999885559082,15.119999885559082,15.399999618530272,14.300000190734863,14.56000042,0
4/22/96,15.380000114440918,15.380000114440918,15.699999809265137,14.760000228881836,14.760000228881836,0
4/23/96,15.010000228881836,15.010000228881836,15.460000038146973,14.890000343322754,14.949999809265137,0
4/24/96,14.90999984741211,14.90999984741211,15.130000114440918,13.989999771118164,14.010000228881836,0
4/25/96,14.720000267028809,14.720000267028809,15.350000381469728,14.59000015258789,14.68999958,0
4/26/96,14.75,14.75,14.93000030517578,14.460000038146973,14.56000042,0
4/29/96,15.449999809265137,15.449999809265137,15.670000076293944,15.350000381469728,15.539999961853027,0
4/30/96,15.829999923706056,15.829999923706056,16.010000228881836,15.710000038146973,15.75,0
5/1/96,16.06999969482422,16.06999969482422,16.87000084,15.75,15.890000343322754,0
5/2/96,18.62000084,18.62000084,18.959999084472656,16.719999313354492,16.75,0
5/3/96,16.700000762939453,16.700000762939453,17.389999389648438,15.56000042,16.610000610351562,0
5/6/96,16.920000076293945,16.920000076293945,17.87000084,16.719999313354492,16.889999389648438,0
5/7/96,16.87000084,16.87000084,17.239999771118164,16.520000457763672,16.62000084,0
5/8/96,15.779999732971191,15.779999732971191,18.690000534057617,15.779999732971191,17.200000762939453,0
5/9/96,16.989999771118164,16.989999771118164,17.049999237060547,15.380000114440918,15.479999542236328,0
5/10/96,15.609999656677246,15.609999656677246,16.31999969482422,15.300000190734863,16.200000762939453,0
5/13/96,15.15999984741211,15.15999984741211,16.260000228881836,14.880000114440918,16.260000228881836,0
5/14/96,14.899999618530272,14.899999618530272,15.18000030517578,14.65999984741211,15.010000228881836,0
5/15/96,15.59000015258789,15.59000015258789,15.829999923706056,14.56999969482422,14.56999969482422,0
5/16/96,15.710000038146973,15.710000038146973,16.010000228881836,15.529999732971191,16.010000228881836,0
5/17/96,15.130000114440918,15.130000114440918,15.199999809265137,14.56000042,14.739999771118164,0
5/20/96,15.800000190734863,15.800000190734863,16.360000610351562,14.890000343322754,15.050000190734863,0
5/21/96,16.0,16.0,16.37000084,15.59000015258789,15.65999984741211,0
5/22/96,15.5,15.5,16.100000381469727,15.460000038146973,16.0,0
5/23/96,16.170000076293945,16.170000076293945,16.40999984741211,15.729999542236328,15.789999961853027,0
5/24/96,15.539999961853027,15.539999961853027,15.760000228881836,15.43999958,15.579999923706056,0
5/28/96,16.920000076293945,16.920000076293945,16.969999313354492,16.040000915527344,16.100000381469727,0
5/29/96,17.149999618530273,17.149999618530273,17.75,16.75,16.969999313354492,0
5/30/96,16.020000457763672,16.020000457763672,17.139999389648438,16.010000228881836,17.059999465942383,0
5/31/96,16.06999969482422,16.06999969482422,16.290000915527344,15.5,15.739999771118164,0
6/3/96,16.860000610351562,16.860000610351562,17.030000686645508,16.579999923706055,16.799999237060547,0
6/4/96,16.18000030517578,16.18000030517578,16.389999389648438,16.12000084,16.350000381469727,0
6/5/96,16.040000915527344,16.040000915527344,16.450000762939453,15.93000030517578,16.040000915527344,0
6/6/96,16.84000015258789,16.84000015258789,16.860000610351562,16.329999923706055,16.34000015258789,0
6/7/96,16.100000381469727,16.100000381469727,17.690000534057617,16.100000381469727,17.670000076293945,0
6/10/96,16.780000686645508,16.780000686645508,17.15999984741211,16.549999237060547,16.56999969482422,0
6/11/96,16.68000030517578,16.68000030517578,16.81999969482422,16.0,16.37999916,0
6/12/96,17.0,17.0,17.200000762939453,16.350000381469727,16.469999313354492,0
6/13/96,17.12000084,17.12000084,17.670000076293945,16.799999237060547,16.81999969482422,0
6/14/96,18.63999938964844,18.63999938964844,18.87999916,16.700000762939453,17.100000381469727,0
6/17/96,17.459999084472656,17.459999084472656,17.899999618530273,17.110000610351562,17.270000457763672,0
6/18/96,17.450000762939453,17.450000762939453,17.469999313354492,16.639999389648438,16.690000534057617,0
6/19/96,17.540000915527344,17.540000915527344,17.709999084472656,17.18000030517578,17.549999237060547,0
6/20/96,16.969999313354492,16.969999313354492,17.309999465942383,16.729999542236328,17.079999923706055,0
6/21/96,15.800000190734863,15.800000190734863,16.12000084,14.529999732971191,14.899999618530272,0
6/24/96,15.90999984741211,15.90999984741211,16.37999916,15.75,16.079999923706055,0
6/25/96,15.43000030517578,15.43000030517578,15.850000381469728,15.390000343322754,15.5,0
6/26/96,15.229999542236328,15.229999542236328,15.56999969482422,14.949999809265137,15.06999969482422,0
6/27/96,14.18999958,14.18999958,15.100000381469728,14.149999618530272,15.079999923706056,0
6/28/96,13.68000030517578,13.68000030517578,13.920000076293944,13.550000190734863,13.920000076293944,0
7/1/96,13.779999732971191,13.779999732971191,14.079999923706056,13.75,13.829999923706056,0
7/2/96,14.18999958,14.18999958,14.449999809265137,13.920000076293944,13.93000030517578,0
7/3/96,14.210000038146973,14.210000038146973,14.65999984741211,13.800000190734863,13.880000114440918,0
7/5/96,16.09000015258789,16.09000015258789,16.84000015258789,14.920000076293944,16.25,0
7/8/96,16.420000076293945,16.420000076293945,16.829999923706055,15.93000030517578,16.68000030517578,0
7/9/96,15.489999771118164,15.489999771118164,16.020000457763672,15.43000030517578,16.020000457763672,0
7/10/96,15.510000228881836,15.510000228881836,16.469999313354492,15.510000228881836,16.059999465942383,0
7/11/96,17.809999465942383,17.809999465942383,19.200000762939453,15.760000228881836,15.81000042,0
7/12/96,17.09000015258789,17.09000015258789,17.5,16.790000915527344,16.989999771118164,0
7/15/96,20.11000061035156,20.11000061035156,20.11000061035156,17.12999916,17.139999389648438,0
7/16/96,20.100000381469727,20.100000381469727,27.049999237060547,19.479999542236328,20.280000686645508,0
7/17/96,19.219999313354492,19.219999313354492,20.34000015258789,19.12000084,19.37999916,0
7/18/96,17.93000030517578,17.93000030517578,19.56999969482422,17.920000076293945,18.780000686645508,0
7/19/96,17.260000228881836,17.260000228881836,17.860000610351562,16.729999542236328,16.739999771118164,0
7/22/96,20.40999984741211,20.40999984741211,21.309999465942383,19.299999237060547,19.299999237060547,0
7/23/96,21.549999237060547,21.549999237060547,21.799999237060547,19.280000686645508,19.299999237060547,0
7/24/96,21.440000534057617,21.440000534057617,24.190000534057617,21.43000030517578,23.899999618530273,0
7/25/96,19.38999938964844,19.38999938964844,19.690000534057617,18.61000061035156,19.59000015258789,0
7/26/96,17.450000762939453,17.450000762939453,18.799999237060547,17.350000381469727,18.690000534057617,0
7/29/96,20.09000015258789,20.09000015258789,20.510000228881836,18.440000534057617,18.559999465942383,0
7/30/96,20.530000686645508,20.530000686645508,21.56999969482422,19.829999923706055,19.829999923706055,0
7/31/96,19.459999084472656,19.459999084472656,20.200000762939453,19.270000457763672,19.87999916,0
8/1/96,18.760000228881836,18.760000228881836,19.38999938964844,18.229999542236328,19.38999938964844,0
8/2/96,16.190000534057617,16.190000534057617,17.489999771118164,16.15999984741211,16.37999916,0
8/5/96,17.360000610351562,17.360000610351562,17.540000915527344,16.84000015258789,17.12000084,0
8/6/96,16.93000030517578,16.93000030517578,17.87999916,16.93000030517578,17.75,0
8/7/96,16.239999771118164,16.239999771118164,17.170000076293945,16.219999313354492,16.87999916,0
8/8/96,16.040000915527344,16.040000915527344,16.579999923706055,15.970000267028809,16.280000686645508,0
8/9/96,15.770000457763672,15.770000457763672,16.530000686645508,15.25,16.010000228881836,0
8/12/96,15.56999969482422,15.56999969482422,16.5,15.449999809265137,16.139999389648438,0
8/13/96,16.40999984741211,16.40999984741211,17.0,15.710000038146973,16.290000915527344,0
8/14/96,15.960000038146973,15.960000038146973,16.610000610351562,15.84000015258789,16.530000686645508,0
8/15/96,15.460000038146973,15.460000038146973,16.09000015258789,15.289999961853027,16.09000015258789,0
8/16/96,14.81000042,14.81000042,15.729999542236328,14.56999969482422,15.0,0
8/19/96,15.270000457763672,15.270000457763672,15.489999771118164,15.220000267028809,15.270000457763672,0
8/20/96,14.729999542236328,14.729999542236328,15.539999961853027,14.729999542236328,15.18999958,0
8/21/96,14.520000457763672,14.520000457763672,15.100000381469728,14.510000228881836,14.90999984741211,0
8/22/96,13.710000038146973,13.710000038146973,13.90999984741211,13.220000267028809,13.899999618530272,0
8/23/96,14.18000030517578,14.18000030517578,15.079999923706056,13.670000076293944,13.710000038146973,0
8/26/96,15.380000114440918,15.380000114440918,15.65999984741211,14.699999809265137,14.739999771118164,0
8/27/96,15.109999656677246,15.109999656677246,15.619999885559082,14.539999961853027,14.56999969482422,0
8/28/96,15.100000381469728,15.100000381469728,15.979999542236328,14.84000015258789,14.880000114440918,0
8/29/96,16.219999313354492,16.219999313354492,16.690000534057617,15.43000030517578,15.43000030517578,0
8/30/96,17.010000228881836,17.010000228881836,17.25,16.09000015258789,16.09000015258789,0
9/3/96,18.469999313354492,18.469999313354492,19.780000686645508,18.270000457763672,19.780000686645508,0
9/4/96,18.63999938964844,18.63999938964844,19.06999969482422,18.549999237060547,18.61000061035156,0
9/5/96,20.510000228881836,20.510000228881836,20.530000686645508,18.959999084472656,19.06999969482422,0
9/6/96,17.100000381469727,17.100000381469727,18.190000534057617,16.84000015258789,18.149999618530273,0
9/9/96,16.360000610351562,16.360000610351562,17.12999916,16.290000915527344,17.100000381469727,0
9/10/96,16.25,16.25,16.799999237060547,16.25,16.420000076293945,0
9/11/96,16.059999465942383,16.059999465942383,16.559999465942383,15.90999984741211,16.559999465942383,0
9/12/96,15.970000267028809,15.970000267028809,16.09000015258789,15.359999656677246,15.359999656677246,0
9/13/96,15.199999809265137,15.199999809265137,15.890000343322754,15.149999618530272,15.510000228881836,0
9/16/96,15.43000030517578,15.43000030517578,15.960000038146973,15.239999771118164,15.399999618530272,0
9/17/96,15.739999771118164,15.739999771118164,16.219999313354492,15.56000042,15.859999656677246,0
9/18/96,15.859999656677246,15.859999656677246,16.459999084472656,15.760000228881836,16.270000457763672,0
9/19/96,16.030000686645508,16.030000686645508,16.489999771118164,15.93000030517578,16.09000015258789,0
9/20/96,15.649999618530272,15.649999618530272,16.18000030517578,14.550000190734863,14.56999969482422,0
9/23/96,16.459999084472656,16.459999084472656,16.739999771118164,16.31999969482422,16.329999923706055,0
9/24/96,16.450000762939453,16.450000762939453,16.899999618530273,16.12999916,16.549999237060547,0
9/25/96,16.219999313354492,16.219999313354492,16.329999923706055,15.81999969482422,15.859999656677246,0
9/26/96,16.110000610351562,16.110000610351562,16.510000228881836,15.699999809265137,16.12999916,0
9/27/96,16.100000381469727,16.100000381469727,16.65999984741211,16.040000915527344,16.56999969482422,0
9/30/96,16.950000762939453,16.950000762939453,17.079999923706055,16.209999084472656,16.329999923706055,0
10/1/96,17.049999237060547,17.049999237060547,17.520000457763672,16.799999237060547,16.899999618530273,0
10/2/96,16.780000686645508,16.780000686645508,17.12000084,16.690000534057617,16.920000076293945,0
10/3/96,16.770000457763672,16.770000457763672,16.979999542236328,16.479999542236328,16.729999542236328,0
10/4/96,14.800000190734863,14.800000190734863,15.460000038146973,14.779999732971191,15.460000038146973,0
10/7/96,15.109999656677246,15.109999656677246,15.510000228881836,14.960000038146973,15.06000042,0
10/8/96,15.579999923706056,15.579999923706056,15.630000114440918,15.020000457763672,15.350000381469728,0
10/9/96,16.09000015258789,16.09000015258789,16.299999237060547,15.619999885559082,15.65999984741211,0
10/10/96,16.260000228881836,16.260000228881836,16.350000381469727,15.920000076293944,16.329999923706055,0
10/11/96,15.06999969482422,15.06999969482422,15.56999969482422,14.960000038146973,15.5,0
10/14/96,15.130000114440918,15.130000114440918,15.380000114440918,14.630000114440918,14.770000457763672,0
10/15/96,15.829999923706056,15.829999923706056,16.770000457763672,14.81999969482422,14.81999969482422,0
10/16/96,15.600000381469728,15.600000381469728,16.06999969482422,15.59000015258789,15.81999969482422,0
10/17/96,15.40999984741211,15.40999984741211,15.460000038146973,14.989999771118164,15.25,0
10/18/96,15.079999923706056,15.079999923706056,15.550000190734863,15.020000457763672,15.520000457763672,0
10/21/96,15.979999542236328,15.979999542236328,16.229999542236328,15.25,15.529999732971191,0
10/22/96,16.399999618530273,16.399999618530273,16.790000915527344,16.239999771118164,16.290000915527344,0
10/23/96,16.450000762939453,16.450000762939453,17.15999984741211,16.200000762939453,16.65999984741211,0
10/24/96,16.889999389648438,16.889999389648438,17.0,16.170000076293945,16.170000076293945,0
10/25/96,17.290000915527344,17.290000915527344,17.62000084,16.84000015258789,17.09000015258789,0
10/28/96,18.34000015258789,18.34000015258789,18.36000061035156,17.12999916,17.270000457763672,0
10/29/96,18.280000686645508,18.280000686645508,18.84000015258789,18.09000015258789,18.440000534057617,0
10/30/96,18.479999542236328,18.479999542236328,19.209999084472656,18.170000076293945,18.170000076293945,0
10/31/96,18.11000061035156,18.11000061035156,18.329999923706055,17.81999969482422,18.13999938964844,0
11/1/96,17.889999389648438,17.889999389648438,18.299999237060547,17.260000228881836,17.290000915527344,0
11/4/96,18.040000915527344,18.040000915527344,18.61000061035156,18.030000686645508,18.329999923706055,0
11/5/96,17.649999618530273,17.649999618530273,17.670000076293945,16.969999313354492,17.31999969482422,0
11/6/96,16.969999313354492,16.969999313354492,17.329999923706055,16.049999237060547,16.739999771118164,0
11/7/96,17.209999084472656,17.209999084472656,17.520000457763672,16.65999984741211,16.84000015258789,0
11/8/96,15.779999732971191,15.779999732971191,16.549999237060547,15.619999885559082,16.520000457763672,0
11/11/96,14.039999961853027,14.039999961853027,14.729999542236328,13.880000114440918,14.729999542236328,0
11/12/96,15.359999656677246,15.359999656677246,16.139999389648438,15.220000267028809,15.890000343322754,0
11/13/96,14.890000343322754,14.890000343322754,15.40999984741211,14.699999809265137,14.93999958,0
11/14/96,13.789999961853027,13.789999961853027,14.619999885559082,13.630000114440918,14.619999885559082,0
11/15/96,14.359999656677246,14.359999656677246,14.880000114440918,13.449999809265137,13.609999656677246,0
11/18/96,15.119999885559082,15.119999885559082,15.479999542236328,14.710000038146973,14.710000038146973,0
11/19/96,15.229999542236328,15.229999542236328,15.609999656677246,14.960000038146973,15.039999961853027,0
11/20/96,15.93999958,15.93999958,16.100000381469727,15.229999542236328,15.390000343322754,0
11/21/96,15.770000457763672,15.770000457763672,16.530000686645508,15.770000457763672,16.079999923706055,0
11/22/96,14.920000076293944,14.920000076293944,15.239999771118164,14.68000030517578,15.06000042,0
11/25/96,15.90999984741211,15.90999984741211,16.030000686645508,15.170000076293944,15.470000267028809,0
11/26/96,16.969999313354492,16.969999313354492,17.670000076293945,16.549999237060547,16.670000076293945,0
11/27/96,16.959999084472656,16.959999084472656,17.219999313354492,16.860000610351562,17.0,0
11/29/96,17.139999389648438,17.139999389648438,18.260000228881836,16.68000030517578,16.760000228881836,0
12/2/96,17.93000030517578,17.93000030517578,18.729999542236328,17.93000030517578,18.65999984741211,0
12/3/96,18.68000030517578,18.68000030517578,18.81999969482422,17.59000015258789,17.700000762939453,0
12/4/96,17.93000030517578,17.93000030517578,18.920000076293945,17.90999984741211,18.760000228881836,0
12/5/96,18.13999938964844,18.13999938964844,18.520000457763672,17.37999916,17.59000015258789,0
12/6/96,18.81999969482422,18.81999969482422,21.87999916,18.440000534057617,20.36000061035156,0
12/9/96,17.75,17.75,18.520000457763672,17.75,18.5,0
12/10/96,17.87999916,17.87999916,17.90999984741211,17.190000534057617,17.360000610351562,0
12/11/96,19.68000030517578,19.68000030517578,20.43000030517578,18.61000061035156,18.61000061035156,0
12/12/96,20.450000762939453,20.450000762939453,20.450000762939453,18.65999984741211,18.690000534057617,0
12/13/96,21.09000015258789,21.09000015258789,21.31999969482422,19.809999465942383,20.850000381469727,0
12/16/96,21.989999771118164,21.989999771118164,22.040000915527344,20.729999542236328,21.040000915527344,0
12/17/96,20.770000457763672,20.770000457763672,22.12999916,20.399999618530273,21.989999771118164,0
12/18/96,19.420000076293945,19.420000076293945,20.079999923706055,18.940000534057617,20.06999969482422,0
12/19/96,18.770000457763672,18.770000457763672,18.969999313354492,18.459999084472656,18.940000534057617,0
12/20/96,18.850000381469727,18.850000381469727,19.719999313354492,16.829999923706055,16.84000015258789,0
12/23/96,19.5,19.5,19.670000076293945,18.989999771118164,19.270000457763672,0
12/24/96,18.68000030517578,18.68000030517578,19.219999313354492,18.68000030517578,19.219999313354492,0
12/26/96,18.59000015258789,18.59000015258789,18.709999084472656,18.190000534057617,18.329999923706055,0
12/27/96,19.12999916,19.12999916,19.12999916,18.670000076293945,18.670000076293945,0
12/30/96,19.510000228881836,19.510000228881836,19.719999313354492,19.229999542236328,19.700000762939453,0
12/31/96,20.920000076293945,20.920000076293945,20.920000076293945,19.799999237060547,19.86000061035156,0
1/2/97,21.13999938964844,21.13999938964844,22.799999237060547,21.100000381469727,21.540000915527344,0
1/3/97,19.12999916,19.12999916,19.920000076293945,19.040000915527344,19.81999969482422,0
1/6/97,19.88999938964844,19.88999938964844,20.440000534057617,19.420000076293945,19.84000015258789,0
1/7/97,19.350000381469727,19.350000381469727,20.709999084472656,19.309999465942383,20.459999084472656,0
1/8/97,20.239999771118164,20.239999771118164,20.530000686645508,18.600000381469727,18.600000381469727,0
1/9/97,20.90999984741211,20.90999984741211,21.100000381469727,19.87000084,19.989999771118164,0
1/10/97,19.62999916,19.62999916,20.81999969482422,19.510000228881836,20.75,0
1/13/97,19.84000015258789,19.84000015258789,20.229999542236328,19.280000686645508,19.469999313354492,0
1/14/97,19.270000457763672,19.270000457763672,20.100000381469727,18.829999923706055,20.100000381469727,0
1/15/97,19.399999618530273,19.399999618530273,19.739999771118164,19.13999938964844,19.38999938964844,0
1/16/97,19.61000061035156,19.61000061035156,20.06999969482422,19.219999313354492,19.59000015258789,0
1/17/97,18.62999916,18.62999916,19.81999969482422,18.600000381469727,19.780000686645508,0
1/20/97,18.600000381469727,18.600000381469727,19.18000030517578,18.40999984741211,19.18000030517578,0
1/21/97,17.809999465942383,17.809999465942383,18.700000762939453,17.799999237060547,18.690000534057617,0
1/22/97,17.09000015258789,17.09000015258789,18.020000457763672,17.06999969482422,18.020000457763672,0
1/23/97,18.469999313354492,18.469999313354492,18.59000015258789,16.360000610351562,16.670000076293945,0
1/24/97,19.329999923706055,19.329999923706055,20.06999969482422,18.350000381469727,18.450000762939453,0
1/27/97,20.15999984741211,20.15999984741211,20.520000457763672,19.760000228881836,20.170000076293945,0
1/28/97,20.739999771118164,20.739999771118164,21.059999465942383,19.40999984741211,19.959999084472656,0
1/29/97,20.229999542236328,20.229999542236328,20.690000534057617,20.219999313354492,20.600000381469727,0
1/30/97,19.469999313354492,19.469999313354492,20.079999923706055,19.469999313354492,19.809999465942383,0
1/31/97,19.469999313354492,19.469999313354492,19.469999313354492,19.469999313354492,19.469999313354492,0
2/3/97,19.579999923706055,19.579999923706055,20.06999969482422,19.559999465942383,19.88999938964844,0
2/4/97,19.43000030517578,19.43000030517578,19.690000534057617,19.43000030517578,19.59000015258789,0
2/5/97,21.059999465942383,21.059999465942383,21.38999938964844,19.5,19.549999237060547,0
2/6/97,20.15999984741211,20.15999984741211,20.68000030517578,20.040000915527344,20.579999923706055,0
2/7/97,18.899999618530273,18.899999618530273,19.87999916,18.709999084472656,18.81999969482422,0
2/10/97,20.649999618530273,20.649999618530273,21.12999916,19.649999618530273,19.649999618530273,0
2/11/97,19.969999313354492,19.969999313354492,20.719999313354492,19.969999313354492,20.309999465942383,0
2/12/97,19.479999542236328,19.479999542236328,19.88999938964844,19.420000076293945,19.56999969482422,0
2/13/97,19.229999542236328,19.229999542236328,19.729999542236328,19.100000381469727,19.299999237060547,0
2/14/97,19.18000030517578,19.18000030517578,19.36000061035156,19.0,19.209999084472656,0
2/18/97,19.700000762939453,19.700000762939453,20.059999465942383,19.649999618530273,19.760000228881836,0
2/19/97,20.61000061035156,20.61000061035156,20.649999618530273,19.81999969482422,19.940000534057617,0
2/20/97,21.40999984741211,21.40999984741211,21.540000915527344,20.690000534057617,20.93000030517578,0
2/21/97,20.549999237060547,20.549999237060547,21.40999984741211,20.489999771118164,21.290000915527344,0
2/24/97,19.84000015258789,19.84000015258789,20.959999084472656,19.84000015258789,20.940000534057617,0
2/25/97,19.979999542236328,19.979999542236328,20.200000762939453,19.899999618530273,20.11000061035156,0
2/26/97,20.739999771118164,20.739999771118164,21.25,19.399999618530273,19.399999618530273,0
2/27/97,21.079999923706055,21.079999923706055,21.31999969482422,20.40999984741211,20.43000030517578,0
2/28/97,21.100000381469727,21.100000381469727,21.549999237060547,20.760000228881836,21.549999237060547,0
3/3/97,20.88999938964844,20.88999938964844,21.88999938964844,20.87999916,21.88999938964844,0
3/4/97,20.62000084,20.62000084,20.829999923706055,20.270000457763672,20.75,0
3/5/97,19.489999771118164,19.489999771118164,20.079999923706055,19.40999984741211,20.010000228881836,0
3/6/97,20.479999542236328,20.479999542236328,20.510000228881836,19.469999313354492,19.479999542236328,0
3/7/97,19.31999969482422,19.31999969482422,19.549999237060547,19.209999084472656,19.520000457763672,0
3/10/97,19.0,19.0,20.13999938964844,18.979999542236328,20.13999938964844,0
3/11/97,19.25,19.25,19.459999084472656,19.13999938964844,19.239999771118164,0
3/12/97,19.61000061035156,19.61000061035156,19.809999465942383,18.709999084472656,18.719999313354492,0
3/13/97,19.790000915527344,19.790000915527344,20.489999771118164,19.239999771118164,19.31999969482422,0
3/14/97,19.809999465942383,19.809999465942383,19.950000762939453,19.579999923706055,19.86000061035156,0
3/17/97,20.950000762939453,20.950000762939453,21.90999984741211,20.920000076293945,21.18000030517578,0
3/18/97,21.260000228881836,21.260000228881836,21.559999465942383,20.770000457763672,20.850000381469727,0
3/19/97,21.739999771118164,21.739999771118164,21.950000762939453,21.290000915527344,21.68000030517578,0
3/20/97,21.219999313354492,21.219999313354492,21.90999984741211,21.020000457763672,21.520000457763672,0
3/21/97,19.690000534057617,19.690000534057617,20.670000076293945,17.440000534057617,17.540000915527344,0
3/24/97,20.059999465942383,20.059999465942383,20.719999313354492,19.950000762939453,20.0,0
3/25/97,19.260000228881836,19.260000228881836,19.940000534057617,19.13999938964844,19.75,0
3/26/97,18.31999969482422,18.31999969482422,18.75,18.229999542236328,18.600000381469727,0
3/27/97,20.5,20.5,20.790000915527344,17.299999237060547,17.37999916,0
3/31/97,22.13999938964844,22.13999938964844,22.440000534057617,21.209999084472656,21.540000915527344,0
4/1/97,20.84000015258789,20.84000015258789,23.040000915527344,20.670000076293945,22.850000381469727,0
4/2/97,21.299999237060547,21.299999237060547,21.760000228881836,20.459999084472656,21.290000915527344,0
4/3/97,21.190000534057617,21.190000534057617,21.489999771118164,20.62000084,21.239999771118164,0
4/4/97,19.229999542236328,19.229999542236328,20.719999313354492,19.149999618530273,20.700000762939453,0
4/7/97,18.510000228881836,18.510000228881836,19.270000457763672,18.350000381469727,19.239999771118164,0
4/8/97,18.440000534057617,18.440000534057617,18.780000686645508,18.420000076293945,18.649999618530273,0
4/9/97,18.559999465942383,18.559999465942383,18.899999618530273,18.059999465942383,18.09000015258789,0
4/10/97,19.010000228881836,19.010000228881836,19.020000457763672,18.62000084,18.62000084,0
4/11/97,19.760000228881836,19.760000228881836,20.020000457763672,19.270000457763672,19.510000228881836,0
4/14/97,19.09000015258789,19.09000015258789,20.12999916,19.09000015258789,19.81999969482422,0
4/15/97,18.25,18.25,19.020000457763672,18.0,19.020000457763672,0
4/16/97,17.639999389648438,17.639999389648438,18.510000228881836,17.56999969482422,18.43000030517578,0
4/17/97,18.709999084472656,18.709999084472656,18.770000457763672,18.12000084,18.37999916,0
4/18/97,18.75,18.75,19.13999938964844,18.12999916,18.13999938964844,0
4/21/97,20.100000381469727,20.100000381469727,20.459999084472656,19.18000030517578,19.219999313354492,0
4/22/97,19.520000457763672,19.520000457763672,20.0,19.059999465942383,19.87999916,0
4/23/97,20.479999542236328,20.479999542236328,20.549999237060547,19.81999969482422,19.84000015258789,0
4/24/97,20.829999923706055,20.829999923706055,20.989999771118164,20.149999618530273,20.260000228881836,0
4/25/97,21.149999618530273,21.149999618530273,21.469999313354492,20.87999916,21.25,0
4/28/97,21.34000015258789,21.34000015258789,22.260000228881836,21.040000915527344,22.209999084472656,0
4/29/97,19.809999465942383,19.809999465942383,20.65999984741211,19.459999084472656,20.63999938964844,0
4/30/97,20.059999465942383,20.059999465942383,20.290000915527344,19.200000762939453,20.0,0
5/1/97,19.87000084,19.87000084,20.87999916,19.87000084,20.18000030517578,0
5/2/97,17.510000228881836,17.510000228881836,18.87999916,17.280000686645508,18.87999916,0
5/5/97,20.12999916,20.12999916,20.12999916,18.37000084,18.489999771118164,0
5/6/97,20.850000381469727,20.850000381469727,22.260000228881836,20.829999923706055,21.37000084,0
5/7/97,21.34000015258789,21.34000015258789,21.530000686645508,20.62999916,21.190000534057617,0
5/8/97,21.260000228881836,21.260000228881836,21.479999542236328,20.350000381469727,21.399999618530273,0
5/9/97,20.11000061035156,20.11000061035156,21.5,20.010000228881836,21.489999771118164,0
5/12/97,20.25,20.25,20.850000381469727,20.06999969482422,20.440000534057617,0
5/13/97,20.809999465942383,20.809999465942383,21.020000457763672,20.530000686645508,20.530000686645508,0
5/14/97,21.09000015258789,21.09000015258789,21.31999969482422,20.479999542236328,20.479999542236328,0
5/15/97,19.90999984741211,19.90999984741211,21.13999938964844,19.87000084,21.13999938964844,0
5/16/97,21.56999969482422,21.56999969482422,21.81999969482422,18.579999923706055,18.729999542236328,0
5/19/97,21.479999542236328,21.479999542236328,21.950000762939453,21.260000228881836,21.87999916,0
5/20/97,19.260000228881836,19.260000228881836,21.719999313354492,19.12999916,21.489999771118164,0
5/21/97,19.280000686645508,19.280000686645508,19.62000084,18.81999969482422,19.190000534057617,0
5/22/97,18.770000457763672,18.770000457763672,19.239999771118164,18.68000030517578,19.010000228881836,0
5/23/97,18.079999923706055,18.079999923706055,18.520000457763672,18.010000228881836,18.459999084472656,0
5/27/97,19.36000061035156,19.36000061035156,19.920000076293945,19.12000084,19.260000228881836,0
5/28/97,19.280000686645508,19.280000686645508,19.579999923706055,19.219999313354492,19.38999938964844,0
5/29/97,19.020000457763672,19.020000457763672,19.770000457763672,18.81999969482422,19.100000381469727,0
5/30/97,19.190000534057617,19.190000534057617,19.479999542236328,18.850000381469727,19.479999542236328,0
6/2/97,20.850000381469727,20.850000381469727,21.190000534057617,20.760000228881836,21.079999923706055,0
6/3/97,20.010000228881836,20.010000228881836,20.010000228881836,19.559999465942383,19.90999984741211,0
6/4/97,20.100000381469727,20.100000381469727,20.38999938964844,19.87999916,19.989999771118164,0
6/5/97,20.36000061035156,20.36000061035156,20.37000084,20.049999237060547,20.190000534057617,0
6/6/97,18.940000534057617,18.940000534057617,19.479999542236328,18.920000076293945,19.440000534057617,0
6/9/97,19.459999084472656,19.459999084472656,19.65999984741211,19.36000061035156,19.65999984741211,0
6/10/97,19.040000915527344,19.040000915527344,19.280000686645508,18.790000915527344,19.280000686645508,0
6/11/97,18.850000381469727,18.850000381469727,19.239999771118164,18.850000381469727,18.959999084472656,0
6/12/97,18.510000228881836,18.510000228881836,18.940000534057617,18.200000762939453,18.700000762939453,0
6/13/97,19.270000457763672,19.270000457763672,19.760000228881836,18.989999771118164,19.299999237060547,0
6/16/97,19.770000457763672,19.770000457763672,20.209999084472656,19.729999542236328,19.770000457763672,0
6/17/97,20.170000076293945,20.170000076293945,20.959999084472656,19.87000084,20.65999984741211,0
6/18/97,20.450000762939453,20.450000762939453,20.65999984741211,20.260000228881836,20.37999916,0
6/19/97,20.100000381469727,20.100000381469727,21.0,19.90999984741211,20.18000030517578,0
6/20/97,20.200000762939453,20.200000762939453,20.36000061035156,19.799999237060547,20.239999771118164,0
6/23/97,21.190000534057617,21.190000534057617,21.63999938964844,20.25,20.700000762939453,0
6/24/97,20.739999771118164,20.739999771118164,21.579999923706055,20.5,20.729999542236328,0
6/25/97,21.5,21.5,22.280000686645508,20.559999465942383,21.010000228881836,0
6/26/97,21.81999969482422,21.81999969482422,22.12999916,21.399999618530273,21.75,0
6/27/97,21.219999313354492,21.219999313354492,21.350000381469727,20.86000061035156,21.260000228881836,0
6/30/97,21.530000686645508,21.530000686645508,21.90999984741211,21.34000015258789,21.469999313354492,0
7/1/97,21.0,21.0,21.540000915527344,20.920000076293945,21.540000915527344,0
7/2/97,19.700000762939453,19.700000762939453,20.739999771118164,19.63999938964844,20.739999771118164,0
7/3/97,17.81999969482422,17.81999969482422,18.63999938964844,17.81999969482422,18.459999084472656,0
7/7/97,19.12999916,19.12999916,19.37999916,18.440000534057617,18.709999084472656,0
7/8/97,18.760000228881836,18.760000228881836,19.219999313354492,18.760000228881836,19.079999923706055,0
7/9/97,20.399999618530273,20.399999618530273,20.510000228881836,18.56999969482422,18.579999923706055,0
7/10/97,19.920000076293945,19.920000076293945,20.290000915527344,19.62000084,19.88999938964844,0
7/11/97,19.059999465942383,19.059999465942383,19.34000015258789,18.719999313354492,19.290000915527344,0
7/14/97,19.579999923706055,19.579999923706055,19.84000015258789,18.93000030517578,19.020000457763672,0
7/15/97,19.0,19.0,20.100000381469727,18.979999542236328,19.510000228881836,0
7/16/97,19.36000061035156,19.36000061035156,19.84000015258789,19.149999618530273,19.799999237060547,0
7/17/97,20.540000915527344,20.540000915527344,20.81999969482422,19.899999618530273,19.969999313354492,0
7/18/97,22.280000686645508,22.280000686645508,23.049999237060547,21.010000228881836,21.010000228881836,0
7/21/97,23.510000228881836,23.510000228881836,23.709999084472656,23.34000015258789,23.549999237060547,0
7/22/97,21.770000457763672,21.770000457763672,23.170000076293945,21.760000228881836,23.11000061035156,0
7/23/97,21.299999237060547,21.299999237060547,21.56999969482422,21.040000915527344,21.309999465942383,0
7/24/97,20.959999084472656,20.959999084472656,22.100000381469727,20.90999984741211,21.56999969482422,0
7/25/97,20.81999969482422,20.81999969482422,20.969999313354492,20.479999542236328,20.63999938964844,0
7/28/97,21.84000015258789,21.84000015258789,22.13999938964844,20.56999969482422,20.56999969482422,0
7/29/97,22.020000457763672,22.020000457763672,22.37000084,21.809999465942383,22.280000686645508,0
7/30/97,21.38999938964844,21.38999938964844,22.059999465942383,21.34000015258789,21.950000762939453,0
7/31/97,21.479999542236328,21.479999542236328,21.979999542236328,21.239999771118164,21.34000015258789,0
8/1/97,22.290000915527344,22.290000915527344,22.969999313354492,21.290000915527344,21.290000915527344,0
8/4/97,21.940000534057617,21.940000534057617,23.34000015258789,21.920000076293945,23.0,0
8/5/97,20.63999938964844,20.63999938964844,21.780000686645508,20.63999938964844,21.780000686645508,0
8/6/97,20.049999237060547,20.049999237060547,20.88999938964844,19.959999084472656,20.87000084,0
8/7/97,19.770000457763672,19.770000457763672,19.979999542236328,19.329999923706055,19.540000915527344,0
8/8/97,22.459999084472656,22.459999084472656,23.229999542236328,21.030000686645508,21.37000084,0
8/11/97,22.770000457763672,22.770000457763672,23.579999923706055,22.59000015258789,22.86000061035156,0
8/12/97,23.75,23.75,23.899999618530273,22.030000686645508,22.12999916,0
8/13/97,24.520000457763672,24.520000457763672,25.469999313354492,23.520000457763672,23.579999923706055,0
8/14/97,23.11000061035156,23.11000061035156,23.87999916,23.11000061035156,23.700000762939453,0
8/15/97,24.450000762939453,24.450000762939453,25.049999237060547,22.90999984741211,23.200000762939453,0
8/18/97,24.37000084,24.37000084,26.309999465942383,24.37000084,26.11000061035156,0
8/19/97,22.63999938964844,22.63999938964844,23.309999465942383,22.61000061035156,23.309999465942383,0
8/20/97,21.09000015258789,21.09000015258789,22.62999916,21.030000686645508,22.56999969482422,0
8/21/97,23.829999923706055,23.829999923706055,24.079999923706055,21.329999923706055,21.350000381469727,0
8/22/97,24.739999771118164,24.739999771118164,26.239999771118164,24.670000076293945,25.299999237060547,0
8/25/97,24.100000381469727,24.100000381469727,24.459999084472656,23.62999916,24.459999084472656,0
8/26/97,24.729999542236328,24.729999542236328,24.90999984741211,24.200000762939453,24.399999618530273,0
8/27/97,24.260000228881836,24.260000228881836,25.37999916,24.18000030517578,25.059999465942383,0
8/28/97,24.510000228881836,24.510000228881836,25.530000686645508,23.790000915527344,24.790000915527344,0
8/29/97,24.760000228881836,24.760000228881836,25.059999465942383,24.40999984741211,24.520000457763672,0
9/2/97,24.530000686645508,24.530000686645508,25.90999984741211,24.459999084472656,25.850000381469727,0
9/3/97,24.950000762939453,24.950000762939453,24.959999084472656,24.40999984741211,24.40999984741211,0
9/4/97,25.270000457763672,25.270000457763672,25.600000381469727,24.75,25.010000228881836,0
9/5/97,24.309999465942383,24.309999465942383,24.86000061035156,23.950000762939453,24.170000076293945,0
9/8/97,24.399999618530273,24.399999618530273,24.540000915527344,23.969999313354492,24.5,0
9/9/97,23.88999938964844,23.88999938964844,24.770000457763672,23.530000686645508,24.760000228881836,0
9/10/97,24.63999938964844,24.63999938964844,24.63999938964844,24.09000015258789,24.200000762939453,0
9/11/97,25.989999771118164,25.989999771118164,27.329999923706055,25.469999313354492,25.530000686645508,0
9/12/97,25.170000076293945,25.170000076293945,26.36000061035156,24.940000534057617,25.600000381469727,0
9/15/97,25.739999771118164,25.739999771118164,26.149999618530273,25.100000381469727,25.770000457763672,0
9/16/97,23.770000457763672,23.770000457763672,25.100000381469727,23.61000061035156,24.770000457763672,0
9/17/97,24.100000381469727,24.100000381469727,24.799999237060547,23.690000534057617,23.87999916,0
9/18/97,23.479999542236328,23.479999542236328,23.87000084,22.760000228881836,23.760000228881836,0
9/19/97,22.739999771118164,22.739999771118164,23.059999465942383,21.670000076293945,22.510000228881836,0
9/22/97,22.079999923706055,22.079999923706055,22.87000084,21.989999771118164,22.87000084,0
9/23/97,22.0,22.0,22.62000084,21.940000534057617,22.18000030517578,0
9/24/97,22.63999938964844,22.63999938964844,23.87999916,21.43000030517578,22.12999916,0
9/25/97,22.959999084472656,22.959999084472656,23.329999923706055,22.459999084472656,22.600000381469727,0
9/26/97,22.260000228881836,22.260000228881836,22.670000076293945,21.81999969482422,21.959999084472656,0
9/29/97,22.229999542236328,22.229999542236328,23.229999542236328,22.149999618530273,23.209999084472656,0
9/30/97,22.90999984741211,22.90999984741211,22.90999984741211,22.049999237060547,22.31999969482422,0
10/1/97,22.31999969482422,22.31999969482422,22.989999771118164,22.270000457763672,22.950000762939453,0
10/2/97,22.270000457763672,22.270000457763672,22.729999542236328,22.260000228881836,22.549999237060547,0
10/3/97,21.540000915527344,21.540000915527344,22.170000076293945,20.75,20.809999465942383,0
10/6/97,21.61000061035156,21.61000061035156,22.229999542236328,21.59000015258789,21.979999542236328,0
10/7/97,20.290000915527344,20.290000915527344,21.649999618530273,20.270000457763672,21.350000381469727,0
10/8/97,20.770000457763672,20.770000457763672,21.90999984741211,20.38999938964844,20.38999938964844,0
10/9/97,22.309999465942383,22.309999465942383,23.5,22.049999237060547,23.350000381469727,0
10/10/97,19.75,19.75,20.540000915527344,19.75,20.290000915527344,0
10/13/97,20.260000228881836,20.260000228881836,20.700000762939453,19.780000686645508,19.81999969482422,0
10/14/97,19.989999771118164,19.989999771118164,20.969999313354492,19.850000381469727,19.86000061035156,0
10/15/97,20.049999237060547,20.049999237060547,21.010000228881836,19.280000686645508,19.61000061035156,0
10/16/97,20.530000686645508,20.530000686645508,21.049999237060547,19.489999771118164,19.739999771118164,0
10/17/97,21.690000534057617,21.690000534057617,22.850000381469727,20.09000015258789,20.31999969482422,0
10/20/97,20.719999313354492,20.719999313354492,21.459999084472656,20.670000076293945,21.399999618530273,0
10/21/97,19.530000686645508,19.530000686645508,20.209999084472656,19.479999542236328,20.200000762939453,0
10/22/97,19.86000061035156,19.86000061035156,20.170000076293945,19.559999465942383,19.559999465942383,0
10/23/97,22.989999771118164,22.989999771118164,24.11000061035156,21.65999984741211,22.549999237060547,0
10/24/97,23.170000076293945,23.170000076293945,23.489999771118164,20.87999916,20.93000030517578,0
10/27/97,31.12000084,31.12000084,32.63999938964844,24.770000457763672,24.90999984741211,0
10/28/97,31.219999313354492,31.219999313354492,48.63999938964844,30.690000534057617,45.689998626708984,0
10/29/97,33.75,33.75,34.43000030517578,28.829999923706055,29.31999969482422,0
10/30/97,38.20000076293945,38.20000076293945,38.560001373291016,35.84000015258789,36.709999084472656,0
10/31/97,35.09000015258789,35.09000015258789,37.25,35.02000045776367,35.08000183105469,0
11/3/97,32.09000015258789,32.09000015258789,32.66999816894531,31.899999618530273,32.18000030517578,0
11/4/97,32.24000168,32.24000168,33.279998779296875,31.229999542236328,31.440000534057617,0
11/5/97,32.18000030517578,32.18000030517578,32.65999984741211,31.18000030517578,32.310001373291016,0
11/6/97,32.56999969482422,32.56999969482422,33.45000076293945,32.33000183105469,33.060001373291016,0
11/7/97,36.27000045776367,36.27000045776367,38.220001220703125,34.77000045776367,36.20000076293945,0
11/10/97,36.630001068115234,36.630001068115234,36.75999832,35.040000915527344,35.209999084472656,0
11/11/97,36.380001068115234,36.380001068115234,36.91999816894531,36.29999923706055,36.91999816894531,0
11/12/97,37.84000015258789,37.84000015258789,37.86000061035156,35.72999954223633,37.81999969482422,0
11/13/97,36.63999938964844,36.63999938964844,38.459999084472656,36.43000030517578,37.24000168,0
11/14/97,33.65999984741211,33.65999984741211,36.29999923706055,33.540000915527344,36.189998626708984,0
11/17/97,31.579999923706055,31.579999923706055,32.619998931884766,31.12999916,32.560001373291016,0
11/18/97,31.549999237060547,31.549999237060547,32.34000015258789,31.0,31.329999923706055,0
11/19/97,29.93000030517578,29.93000030517578,31.270000457763672,29.84000015258789,31.12000084,0
11/20/97,27.31999969482422,27.31999969482422,28.809999465942383,27.170000076293945,28.729999542236328,0
11/21/97,26.649999618530273,26.649999618530273,27.670000076293945,26.420000076293945,26.68000030517578,0
11/24/97,29.799999237060547,29.799999237060547,30.12000084,28.579999923706055,28.90999984741211,0
11/25/97,28.950000762939453,28.950000762939453,30.31999969482422,28.88999938964844,28.940000534057617,0
11/26/97,28.950000762939453,28.950000762939453,28.950000762939453,28.950000762939453,28.950000762939453,0
11/28/97,27.43000030517578,27.43000030517578,28.270000457763672,27.030000686645508,28.040000915527344,0
12/1/97,26.010000228881836,26.010000228881836,27.86000061035156,25.969999313354492,27.86000061035156,0
12/2/97,25.65999984741211,25.65999984741211,26.059999465942383,25.510000228881836,25.690000534057617,0
12/3/97,23.920000076293945,23.920000076293945,25.549999237060547,23.459999084472656,25.209999084472656,0
12/4/97,23.84000015258789,23.84000015258789,24.059999465942383,22.63999938964844,22.799999237060547,0
12/5/97,22.649999618530273,22.649999618530273,23.049999237060547,20.40999984741211,22.34000015258789,0
12/8/97,23.219999313354492,23.219999313354492,23.530000686645508,22.87999916,22.87999916,0
12/9/97,23.36000061035156,23.36000061035156,23.790000915527344,23.100000381469727,23.450000762939453,0
12/10/97,24.549999237060547,24.549999237060547,25.219999313354492,22.87999916,23.059999465942383,0
12/11/97,27.62999916,27.62999916,28.010000228881836,26.559999465942383,26.81999969482422,0
12/12/97,27.920000076293945,27.920000076293945,27.920000076293945,26.489999771118164,26.549999237060547,0
12/15/97,27.37000084,27.37000084,28.809999465942383,27.31999969482422,28.18000030517578,0
12/16/97,26.11000061035156,26.11000061035156,26.510000228881836,25.479999542236328,26.030000686645508,0
12/17/97,26.329999923706055,26.329999923706055,26.790000915527344,25.40999984741211,25.56999969482422,0
12/18/97,27.190000534057617,27.190000534057617,27.62999916,26.11000061035156,26.209999084472656,0
12/19/97,29.18000030517578,29.18000030517578,33.08000183105469,29.11000061035156,29.229999542236328,0
12/22/97,28.559999465942383,28.559999465942383,29.420000076293945,28.559999465942383,28.829999923706055,0
12/23/97,29.86000061035156,29.86000061035156,29.86000061035156,28.209999084472656,28.690000534057617,0
12/24/97,30.270000457763672,30.270000457763672,30.829999923706055,29.520000457763672,29.940000534057617,0
12/26/97,29.270000457763672,29.270000457763672,30.040000915527344,29.260000228881836,29.38999938964844,0
12/29/97,26.790000915527344,26.790000915527344,28.770000457763672,26.790000915527344,28.709999084472656,0
12/30/97,24.37999916,24.37999916,26.280000686645508,24.350000381469727,26.270000457763672,0
12/31/97,24.010000228881836,24.010000228881836,24.520000457763672,23.59000015258789,24.209999084472656,0
1/2/98,23.420000076293945,23.420000076293945,24.93000030517578,23.420000076293945,24.34000015258789,0
1/5/98,24.36000061035156,24.36000061035156,25.020000457763672,23.020000457763672,24.11000061035156,0
1/6/98,25.65999984741211,25.65999984741211,25.969999313354492,24.87000084,25.200000762939453,0
1/7/98,25.06999969482422,25.06999969482422,27.43000030517578,25.06999969482422,26.149999618530273,0
1/8/98,26.010000228881836,26.010000228881836,26.700000762939453,25.62000084,26.239999771118164,0
1/9/98,28.690000534057617,28.690000534057617,29.350000381469727,25.690000534057617,25.790000915527344,0
1/12/98,28.020000457763672,28.020000457763672,31.079999923706055,28.020000457763672,28.690000534057617,0
1/13/98,25.170000076293945,25.170000076293945,26.790000915527344,25.12000084,26.700000762939453,0
1/14/98,23.75,23.75,25.040000915527344,23.62000084,25.040000915527344,0
1/15/98,23.450000762939453,23.450000762939453,24.399999618530273,23.329999923706055,23.920000076293945,0
1/16/98,21.649999618530273,21.649999618530273,22.36000061035156,20.549999237060547,21.450000762939453,0
1/20/98,21.649999618530273,21.649999618530273,23.13999938964844,21.649999618530273,22.209999084472656,0
1/21/98,22.530000686645508,22.530000686645508,23.59000015258789,22.37999916,22.75,0
1/22/98,23.15999984741211,23.15999984741211,23.690000534057617,22.969999313354492,23.219999313354492,0
1/23/98,23.31999969482422,23.31999969482422,24.40999984741211,22.700000762939453,22.719999313354492,0
1/26/98,23.969999313354492,23.969999313354492,24.43000030517578,23.469999313354492,23.739999771118164,0
1/27/98,22.270000457763672,22.270000457763672,23.170000076293945,22.0,23.15999984741211,0
1/28/98,22.059999465942383,22.059999465942383,22.399999618530273,21.530000686645508,21.87999916,0
1/29/98,21.649999618530273,21.649999618530273,21.969999313354492,21.079999923706055,21.969999313354492,0
1/30/98,21.469999313354492,21.469999313354492,21.780000686645508,21.049999237060547,21.670000076293945,0
2/2/98,21.36000061035156,21.36000061035156,21.559999465942383,21.229999542236328,21.31999969482422,0
2/3/98,20.670000076293945,20.670000076293945,21.479999542236328,20.670000076293945,21.309999465942383,0
2/4/98,20.549999237060547,20.549999237060547,21.170000076293945,20.309999465942383,21.0,0
2/5/98,21.290000915527344,21.290000915527344,21.450000762939453,19.18000030517578,19.18000030517578,0
2/6/98,20.510000228881836,20.510000228881836,21.25,20.479999542236328,20.969999313354492,0
2/9/98,21.549999237060547,21.549999237060547,21.899999618530273,21.200000762939453,21.229999542236328,0
2/10/98,20.65999984741211,20.65999984741211,21.270000457763672,20.36000061035156,21.209999084472656,0
2/11/98,20.37999916,20.37999916,21.040000915527344,20.36000061035156,21.040000915527344,0
2/12/98,19.729999542236328,19.729999542236328,21.219999313354492,19.65999984741211,20.62000084,0
2/13/98,19.84000015258789,19.84000015258789,20.520000457763672,19.729999542236328,20.479999542236328,0
2/17/98,20.760000228881836,20.760000228881836,21.0,20.229999542236328,20.43000030517578,0
2/18/98,19.65999984741211,19.65999984741211,20.37999916,19.65999984741211,20.239999771118164,0
2/19/98,19.87999916,19.87999916,20.190000534057617,19.719999313354492,19.88999938964844,0
2/20/98,19.0,19.0,19.87000084,18.969999313354492,19.559999465942383,0
2/23/98,18.989999771118164,18.989999771118164,19.719999313354492,18.969999313354492,19.13999938964844,0
2/24/98,19.350000381469727,19.350000381469727,19.690000534057617,18.770000457763672,19.12999916,0
2/25/98,18.62000084,18.62000084,19.290000915527344,18.38999938964844,19.010000228881836,0
2/26/98,18.62999916,18.62999916,19.020000457763672,18.530000686645508,18.959999084472656,0
2/27/98,18.549999237060547,18.549999237060547,18.940000534057617,18.38999938964844,18.65999984741211,0
3/2/98,19.190000534057617,19.190000534057617,19.37999916,18.799999237060547,18.969999313354492,0
3/3/98,19.040000915527344,19.040000915527344,19.579999923706055,19.040000915527344,19.43000030517578,0
3/4/98,19.579999923706055,19.579999923706055,19.829999923706055,19.270000457763672,19.270000457763672,0
3/5/98,20.93000030517578,20.93000030517578,21.059999465942383,20.260000228881836,20.87000084,0
3/6/98,19.13999938964844,19.13999938964844,19.969999313354492,19.12999916,19.969999313354492,0
3/9/98,20.229999542236328,20.229999542236328,20.450000762939453,19.719999313354492,20.200000762939453,0
3/10/98,19.43000030517578,19.43000030517578,20.010000228881836,19.38999938964844,19.899999618530273,0
3/11/98,18.88999938964844,18.88999938964844,19.559999465942383,18.760000228881836,19.40999984741211,0
3/12/98,18.25,18.25,19.209999084472656,18.040000915527344,18.760000228881836,0
3/13/98,18.709999084472656,18.709999084472656,19.43000030517578,17.579999923706055,17.690000534057617,0
3/16/98,18.510000228881836,18.510000228881836,19.34000015258789,18.459999084472656,19.270000457763672,0
3/17/98,18.65999984741211,18.65999984741211,19.040000915527344,18.25,18.420000076293945,0
3/18/98,18.290000915527344,18.290000915527344,19.059999465942383,18.11000061035156,18.709999084472656,0
3/19/98,17.760000228881836,17.760000228881836,18.530000686645508,17.700000762939453,17.899999618530273,0
3/20/98,18.690000534057617,18.690000534057617,18.84000015258789,17.600000381469727,17.610000610351562,0
3/23/98,19.979999542236328,19.979999542236328,20.18000030517578,19.549999237060547,19.649999618530273,0
3/24/98,20.510000228881836,20.510000228881836,20.649999618530273,19.87000084,20.11000061035156,0
3/25/98,22.540000915527344,22.540000915527344,23.549999237060547,20.59000015258789,20.59000015258789,0
3/26/98,22.809999465942383,22.809999465942383,23.540000915527344,22.280000686645508,23.020000457763672,0
3/27/98,23.469999313354492,23.469999313354492,24.229999542236328,22.40999984741211,22.440000534057617,0
3/30/98,24.65999984741211,24.65999984741211,24.920000076293945,24.18000030517578,24.31999969482422,0
3/31/98,24.219999313354492,24.219999313354492,24.350000381469727,23.40999984741211,24.229999542236328,0
4/1/98,23.37000084,23.37000084,24.969999313354492,23.290000915527344,24.850000381469727,0
4/2/98,21.979999542236328,21.979999542236328,23.06999969482422,21.809999465942383,23.06999969482422,0
4/3/98,21.81999969482422,21.81999969482422,22.25,21.459999084472656,21.940000534057617,0
4/6/98,22.469999313354492,22.469999313354492,22.63999938964844,21.84000015258789,21.84000015258789,0
4/7/98,23.65999984741211,23.65999984741211,24.299999237060547,23.13999938964844,23.309999465942383,0
4/8/98,23.170000076293945,23.170000076293945,23.5,22.719999313354492,23.010000228881836,0
4/9/98,21.510000228881836,21.510000228881836,22.38999938964844,21.25,21.38999938964844,0
4/13/98,22.770000457763672,22.770000457763672,23.56999969482422,22.770000457763672,22.989999771118164,0
4/14/98,21.61000061035156,21.61000061035156,23.940000534057617,21.61000061035156,23.37000084,0
4/15/98,20.88999938964844,20.88999938964844,21.709999084472656,20.780000686645508,21.459999084472656,0
4/16/98,22.059999465942383,22.059999465942383,22.36000061035156,21.440000534057617,21.440000534057617,0
4/17/98,20.760000228881836,20.760000228881836,22.31999969482422,20.690000534057617,22.31999969482422,0
4/20/98,20.38999938964844,20.38999938964844,21.25,20.37999916,21.219999313354492,0
4/21/98,19.90999984741211,19.90999984741211,20.540000915527344,19.63999938964844,20.510000228881836,0
4/22/98,19.440000534057617,19.440000534057617,19.829999923706055,19.25,19.739999771118164,0
4/23/98,20.600000381469727,20.600000381469727,20.770000457763672,19.43000030517578,20.399999618530273,0
4/24/98,21.969999313354492,21.969999313354492,22.420000076293945,20.149999618530273,20.280000686645508,0
4/27/98,26.09000015258789,26.09000015258789,27.469999313354492,24.950000762939453,24.950000762939453,0
4/28/98,24.170000076293945,24.170000076293945,24.87999916,23.690000534057617,24.040000915527344,0
4/29/98,22.780000686645508,22.780000686645508,23.690000534057617,22.540000915527344,23.36000061035156,0
4/30/98,21.18000030517578,21.18000030517578,21.37000084,20.510000228881836,21.15999984741211,0
5/1/98,19.34000015258789,19.34000015258789,20.920000076293945,19.299999237060547,20.719999313354492,0
5/4/98,20.31999969482422,20.31999969482422,20.559999465942383,19.489999771118164,19.56999969482422,0
5/5/98,21.459999084472656,21.459999084472656,21.729999542236328,20.729999542236328,20.940000534057617,0
5/6/98,22.790000915527344,22.790000915527344,22.88999938964844,21.84000015258789,21.899999618530273,0
5/7/98,23.38999938964844,23.38999938964844,23.899999618530273,22.93000030517578,23.649999618530273,0
5/8/98,20.56999969482422,20.56999969482422,21.100000381469727,20.18000030517578,20.940000534057617,0
5/11/98,21.049999237060547,21.049999237060547,21.399999618530273,19.670000076293945,20.079999923706055,0
5/12/98,20.979999542236328,20.979999542236328,21.700000762939453,20.709999084472656,21.229999542236328,0
5/13/98,20.440000534057617,20.440000534057617,20.719999313354492,20.219999313354492,20.290000915527344,0
5/14/98,19.63999938964844,19.63999938964844,20.829999923706055,19.62999916,19.899999618530273,0
5/15/98,20.440000534057617,20.440000534057617,21.049999237060547,19.329999923706055,19.61000061035156,0
5/18/98,21.690000534057617,21.690000534057617,22.209999084472656,20.799999237060547,20.84000015258789,0
5/19/98,20.38999938964844,20.38999938964844,21.12999916,20.11000061035156,20.739999771118164,0
5/20/98,19.88999938964844,19.88999938964844,20.34000015258789,19.549999237060547,19.65999984741211,0
5/21/98,19.37999916,19.37999916,19.950000762939453,19.219999313354492,19.700000762939453,0
5/22/98,18.989999771118164,18.989999771118164,19.549999237060547,18.600000381469727,18.65999984741211,0
5/26/98,22.06999969482422,22.06999969482422,22.06999969482422,19.62999916,19.65999984741211,0
5/27/98,22.59000015258789,22.59000015258789,25.100000381469727,22.59000015258789,24.329999923706055,0
5/28/98,20.739999771118164,20.739999771118164,21.920000076293945,20.510000228881836,21.790000915527344,0
5/29/98,21.31999969482422,21.31999969482422,21.530000686645508,19.93000030517578,19.93000030517578,0
6/1/98,22.829999923706055,22.829999923706055,23.31999969482422,22.149999618530273,22.709999084472656,0
6/2/98,22.0,22.0,22.65999984741211,21.68000030517578,22.219999313354492,0
6/3/98,22.850000381469727,22.850000381469727,22.88999938964844,21.040000915527344,21.100000381469727,0
6/4/98,21.219999313354492,21.219999313354492,23.149999618530273,21.11000061035156,22.81999969482422,0
6/5/98,19.780000686645508,19.780000686645508,20.520000457763672,19.770000457763672,20.479999542236328,0
6/8/98,20.579999923706055,20.579999923706055,20.86000061035156,18.969999313354492,19.020000457763672,0
6/9/98,20.520000457763672,20.520000457763672,21.049999237060547,20.34000015258789,20.450000762939453,0
6/10/98,21.479999542236328,21.479999542236328,21.93000030517578,20.420000076293945,21.260000228881836,0
6/11/98,23.56999969482422,23.56999969482422,23.649999618530273,21.87000084,21.87000084,0
6/12/98,22.780000686645508,22.780000686645508,25.049999237060547,22.729999542236328,23.56999969482422,0
6/15/98,25.940000534057617,25.940000534057617,26.030000686645508,23.88999938964844,24.770000457763672,0
6/16/98,24.799999237060547,24.799999237060547,26.489999771118164,24.799999237060547,26.489999771118164,0
6/17/98,22.88999938964844,22.88999938964844,23.510000228881836,22.270000457763672,23.37999916,0
6/18/98,22.399999618530273,22.399999618530273,23.059999465942383,22.34000015258789,22.87000084,0
6/19/98,21.920000076293945,21.920000076293945,22.12000084,21.309999465942383,21.479999542236328,0
6/22/98,21.940000534057617,21.940000534057617,23.079999923706055,21.59000015258789,22.959999084472656,0
6/23/98,20.170000076293945,20.170000076293945,21.18000030517578,20.13999938964844,21.18000030517578,0
6/24/98,20.020000457763672,20.020000457763672,20.549999237060547,19.459999084472656,20.18000030517578,0
6/25/98,20.25,20.25,20.31999969482422,19.36000061035156,19.5,0
6/26/98,19.36000061035156,19.36000061035156,19.950000762939453,19.18000030517578,19.84000015258789,0
6/29/98,19.56999969482422,19.56999969482422,19.579999923706055,18.93000030517578,19.38999938964844,0
6/30/98,19.709999084472656,19.709999084472656,19.87999916,19.12000084,19.850000381469727,0
7/1/98,18.0,18.0,19.350000381469727,18.0,18.989999771118164,0
7/2/98,17.670000076293945,17.670000076293945,18.68000030517578,17.62999916,18.489999771118164,0
7/6/98,18.62999916,18.62999916,19.18000030517578,18.59000015258789,19.059999465942383,0
7/7/98,18.62000084,18.62000084,18.850000381469727,18.309999465942383,18.399999618530273,0
7/8/98,17.81999969482422,17.81999969482422,18.31999969482422,17.520000457763672,18.239999771118164,0
7/9/98,18.15999984741211,18.15999984741211,18.489999771118164,17.780000686645508,18.049999237060547,0
7/10/98,17.920000076293945,17.920000076293945,18.540000915527344,17.579999923706055,17.860000610351562,0
7/13/98,18.260000228881836,18.260000228881836,18.510000228881836,18.09000015258789,18.36000061035156,0
7/14/98,17.87999916,17.87999916,18.31999969482422,17.600000381469727,18.31999969482422,0
7/15/98,17.889999389648438,17.889999389648438,18.649999618530273,17.649999618530273,17.87999916,0
7/16/98,16.969999313354492,16.969999313354492,18.06999969482422,16.860000610351562,17.559999465942383,0
7/17/98,16.229999542236328,16.229999542236328,16.5,16.100000381469727,16.420000076293945,0
7/20/98,17.34000015258789,17.34000015258789,17.729999542236328,16.809999465942383,17.729999542236328,0
7/21/98,20.100000381469727,20.100000381469727,20.350000381469727,17.450000762939453,17.450000762939453,0
7/22/98,20.31999969482422,20.31999969482422,21.299999237060547,20.15999984741211,20.530000686645508,0
7/23/98,23.010000228881836,23.010000228881836,24.079999923706055,20.309999465942383,20.540000915527344,0
7/24/98,23.010000228881836,23.010000228881836,24.540000915527344,22.540000915527344,22.540000915527344,0
7/27/98,23.12999916,23.12999916,24.690000534057617,23.12999916,24.43000030517578,0
7/28/98,25.25,25.25,26.68000030517578,23.43000030517578,23.690000534057617,0
7/29/98,24.790000915527344,24.790000915527344,25.149999618530273,23.290000915527344,23.290000915527344,0
7/30/98,22.65999984741211,22.65999984741211,23.809999465942383,22.65999984741211,23.809999465942383,0
7/31/98,24.799999237060547,24.799999237060547,25.12000084,22.11000061035156,22.290000915527344,0
8/3/98,25.979999542236328,25.979999542236328,26.309999465942383,25.37999916,26.149999618530273,0
8/4/98,31.059999465942383,31.059999465942383,31.059999465942383,25.56999969482422,25.56999969482422,0
8/5/98,29.829999923706055,29.829999923706055,32.59000015258789,28.729999542236328,31.780000686645508,0
8/6/98,28.200000762939453,28.200000762939453,29.93000030517578,28.059999465942383,29.450000762939453,0
8/7/98,27.020000457763672,27.020000457763672,27.65999984741211,25.350000381469727,27.65999984741211,0
8/10/98,28.75,28.75,29.12999916,27.989999771118164,28.049999237060547,0
8/11/98,31.90999984741211,31.90999984741211,33.66999816894531,31.90999984741211,32.540000915527344,0
8/12/98,28.549999237060547,28.549999237060547,29.75,28.510000228881836,29.40999984741211,0
8/13/98,29.920000076293945,29.920000076293945,29.979999542236328,28.170000076293945,28.200000762939453,0
8/14/98,34.34000015258789,34.34000015258789,34.61000061035156,29.84000015258789,29.86000061035156,0
8/17/98,31.86000061035156,31.86000061035156,34.77000045776367,31.86000061035156,34.77000045776367,0
8/18/98,28.399999618530273,28.399999618530273,30.809999465942383,28.36000061035156,30.65999984741211,0
8/19/98,28.690000534057617,28.690000534057617,29.260000228881836,27.350000381469727,27.559999465942383,0
8/20/98,30.0,30.0,30.540000915527344,29.239999771118164,29.270000457763672,0
8/21/98,33.13999938964844,33.13999938964844,36.93000030517578,32.59000015258789,32.59000015258789,0
8/24/98,31.799999237060547,31.799999237060547,32.58000183105469,31.299999237060547,31.690000534057617,0
8/25/98,30.329999923706055,30.329999923706055,30.81999969482422,28.489999771118164,29.309999465942383,0
8/26/98,31.13999938964844,31.13999938964844,32.650001525878906,30.440000534057617,31.950000762939453,0
8/27/98,38.54999923706055,38.54999923706055,39.47999954223633,33.650001525878906,33.650001525878906,0
8/28/98,39.599998474121094,39.599998474121094,42.779998779296875,38.400001525878906,38.400001525878906,0
8/31/98,44.279998779296875,44.279998779296875,45.02000045776367,38.79999923706055,39.74000168,0
9/1/98,36.47999954223633,36.47999954223633,44.939998626708984,36.08000183105469,41.74000168,0
9/2/98,36.75999832,36.75999832,36.75999832,34.02000045776367,35.209999084472656,0
9/3/98,41.43000030517578,41.43000030517578,42.68000030517578,40.00999832,40.959999084472656,0
9/4/98,43.310001373291016,43.310001373291016,44.189998626708984,40.58000183105469,40.65999984741211,0
9/8/98,37.900001525878906,37.900001525878906,40.34000015258789,37.70000076293945,40.11000061035156,0
9/9/98,39.65999984741211,39.65999984741211,39.79999923706055,37.560001373291016,37.86000061035156,0
9/10/98,45.290000915527344,45.290000915527344,46.560001373291016,43.720001220703125,43.88999938964844,0
9/11/98,43.74000168,43.74000168,48.060001373291016,43.74000168,47.95000076293945,0
9/14/98,38.56999969482422,38.56999969482422,40.88999938964844,37.529998779296875,40.88999938964844,0
9/15/98,36.58000183105469,36.58000183105469,38.72999954223633,36.43000030517578,38.369998931884766,0
9/16/98,35.939998626708984,35.939998626708984,37.72999954223633,35.720001220703125,35.93000030517578,0
9/17/98,39.22999954223633,39.22999954223633,40.11000061035156,38.81999969482422,39.43000030517578,0
9/18/98,38.630001068115234,38.630001068115234,39.84000015258789,38.50999832,39.439998626708984,0
9/21/98,38.58000183105469,38.58000183105469,42.74000168,38.38999938964844,42.74000168,0
9/22/98,36.619998931884766,36.619998931884766,38.90999984741211,36.470001220703125,37.849998474121094,0
9/23/98,32.470001220703125,32.470001220703125,35.13999938964844,32.439998626708984,35.029998779296875,0
9/24/98,34.65999984741211,34.65999984741211,35.900001525878906,33.060001373291016,33.779998779296875,0
9/25/98,34.54999923706055,34.54999923706055,37.290000915527344,33.90999984741211,37.13999938964844,0
9/28/98,34.869998931884766,34.869998931884766,35.24000168,33.52000045776367,34.20000076293945,0
9/29/98,36.08000183105469,36.08000183105469,38.38999938964844,35.74000168,37.16999816894531,0
9/30/98,40.95000076293945,40.95000076293945,41.150001525878906,37.099998474121094,37.15999984741211,0
10/1/98,43.47999954223633,43.47999954223633,43.97999954223633,41.849998474121094,41.900001525878906,0
10/2/98,40.470001220703125,40.470001220703125,43.380001068115234,40.25,42.16999816894531,0
10/5/98,42.810001373291016,42.810001373291016,45.560001373291016,42.29999923706055,42.650001525878906,0
10/6/98,41.20000076293945,41.20000076293945,42.04999923706055,39.720001220703125,40.15999984741211,0
10/7/98,43.50999832,43.50999832,44.84000015258789,40.65999984741211,40.97999954223633,0
10/8/98,45.74000168,45.74000168,49.529998779296875,45.58000183105469,47.06999969482422,0
10/9/98,42.20000076293945,42.20000076293945,45.36000061035156,41.849998474121094,43.279998779296875,0
10/12/98,40.06999969482422,40.06999969482422,40.560001373291016,39.400001525878906,40.54999923706055,0
10/13/98,40.22999954223633,40.22999954223633,41.599998474121094,39.959999084472656,40.970001220703125,0
10/14/98,38.959999084472656,38.959999084472656,40.93000030517578,38.00999832,40.91999816894531,0
10/15/98,33.34000015258789,33.34000015258789,39.65999984741211,32.40999984741211,39.61000061035156,0
10/16/98,34.81999969482422,34.81999969482422,35.779998779296875,33.619998931884766,34.00999832,0
10/19/98,33.130001068115234,33.130001068115234,36.00999832,32.40999984741211,35.939998626708984,0
10/20/98,33.11000061035156,33.11000061035156,33.36000061035156,29.81999969482422,30.809999465942383,0
10/21/98,33.209999084472656,33.209999084472656,34.54999923706055,32.99000168,33.27000045776367,0
10/22/98,31.530000686645508,31.530000686645508,34.16999816894531,31.31999969482422,33.900001525878906,0
10/23/98,32.27000045776367,32.27000045776367,32.70000076293945,31.690000534057617,31.899999618530273,0
10/26/98,32.380001068115234,32.380001068115234,33.25999832,31.37999916,33.25,0
10/27/98,32.95000076293945,32.95000076293945,33.27000045776367,30.739999771118164,31.200000762939453,0
10/28/98,32.41999816894531,32.41999816894531,33.77000045776367,31.969999313354492,33.77000045776367,0
10/29/98,29.5,29.5,32.25999832,29.38999938964844,32.09000015258789,0
10/30/98,28.049999237060547,28.049999237060547,28.709999084472656,27.540000915527344,28.280000686645508,0
11/2/98,27.260000228881836,27.260000228881836,28.719999313354492,27.200000762939453,28.309999465942383,0
11/3/98,27.760000228881836,27.760000228881836,28.190000534057617,26.600000381469727,26.600000381469727,0
11/4/98,27.37000084,27.37000084,27.940000534057617,26.5,26.979999542236328,0
11/5/98,26.010000228881836,26.010000228881836,28.309999465942383,26.0,27.520000457763672,0
11/6/98,25.700000762939453,25.700000762939453,26.469999313354492,25.600000381469727,25.90999984741211,0
11/9/98,28.09000015258789,28.09000015258789,28.719999313354492,26.88999938964844,26.93000030517578,0
11/10/98,28.170000076293945,28.170000076293945,28.59000015258789,27.309999465942383,28.200000762939453,0
11/11/98,28.469999313354492,28.469999313354492,29.06999969482422,27.25,27.280000686645508,0
11/12/98,29.280000686645508,29.280000686645508,29.65999984741211,27.93000030517578,28.62999916,0
11/13/98,29.030000686645508,29.030000686645508,29.600000381469727,28.93000030517578,29.489999771118164,0
11/16/98,28.899999618530273,28.899999618530273,29.579999923706055,28.780000686645508,28.790000915527344,0
11/17/98,27.950000762939453,27.950000762939453,30.559999465942383,27.209999084472656,29.34000015258789,0
11/18/98,27.12999916,27.12999916,28.459999084472656,27.12999916,28.12999916,0
11/19/98,25.5,25.5,26.399999618530273,25.309999465942383,26.100000381469727,0
11/20/98,22.469999313354492,22.469999313354492,24.010000228881836,22.43000030517578,24.010000228881836,0
11/23/98,21.84000015258789,21.84000015258789,22.229999542236328,21.239999771118164,22.200000762939453,0
11/24/98,23.280000686645508,23.280000686645508,23.649999618530273,22.100000381469727,22.31999969482422,0
11/25/98,22.149999618530273,22.149999618530273,23.68000030517578,22.079999923706055,23.479999542236328,0
11/27/98,22.09000015258789,22.09000015258789,22.469999313354492,21.979999542236328,22.43000030517578,0
11/30/98,26.010000228881836,26.010000228881836,26.010000228881836,22.790000915527344,22.790000915527344,0
12/1/98,24.969999313354492,24.969999313354492,27.399999618530273,24.84000015258789,27.37999916,0
12/2/98,25.43000030517578,25.43000030517578,26.520000457763672,25.280000686645508,25.62999916,0
12/3/98,28.700000762939453,28.700000762939453,28.770000457763672,25.12999916,25.530000686645508,0
12/4/98,25.309999465942383,25.309999465942383,26.760000228881836,25.079999923706055,26.280000686645508,0
12/7/98,24.899999618530273,24.899999618530273,25.959999084472656,24.81999969482422,25.59000015258789,0
12/8/98,25.579999923706055,25.579999923706055,26.25,24.63999938964844,25.049999237060547,0
12/9/98,25.65999984741211,25.65999984741211,26.479999542236328,25.489999771118164,25.780000686645508,0
12/10/98,26.809999465942383,26.809999465942383,26.90999984741211,25.729999542236328,25.729999542236328,0
12/11/98,27.719999313354492,27.719999313354492,28.829999923706055,27.290000915527344,27.93000030517578,0
12/14/98,31.309999465942383,31.309999465942383,31.670000076293945,29.56999969482422,29.86000061035156,0
12/15/98,29.420000076293945,29.420000076293945,31.37999916,29.420000076293945,31.37999916,0
12/16/98,29.959999084472656,29.959999084472656,30.280000686645508,29.12999916,29.12999916,0
12/17/98,27.959999084472656,27.959999084472656,29.420000076293945,27.940000534057617,29.420000076293945,0
12/18/98,25.040000915527344,25.040000915527344,26.959999084472656,25.040000915527344,26.799999237060547,0
12/21/98,23.86000061035156,23.86000061035156,24.63999938964844,23.09000015258789,24.63999938964844,0
12/22/98,22.780000686645508,22.780000686645508,24.450000762939453,22.75,24.049999237060547,0
12/23/98,20.209999084472656,20.209999084472656,22.059999465942383,20.079999923706055,21.88999938964844,0
12/24/98,21.479999542236328,21.479999542236328,21.780000686645508,20.65999984741211,21.0,0
12/28/98,23.5,23.5,23.969999313354492,22.90999984741211,22.920000076293945,0
12/29/98,22.18000030517578,22.18000030517578,24.0,22.11000061035156,23.68000030517578,0
12/30/98,23.34000015258789,23.34000015258789,23.559999465942383,22.030000686645508,22.030000686645508,0
12/31/98,24.420000076293945,24.420000076293945,24.760000228881836,23.670000076293945,23.739999771118164,0
1/4/99,26.170000076293945,26.170000076293945,26.959999084472656,24.739999771118164,25.37999916,0
1/5/99,24.459999084472656,24.459999084472656,25.979999542236328,24.36000061035156,25.920000076293945,0
1/6/99,23.34000015258789,23.34000015258789,23.37999916,22.68000030517578,23.36000061035156,0
1/7/99,24.37000084,24.37000084,24.899999618530273,24.040000915527344,24.420000076293945,0
1/8/99,23.280000686645508,23.280000686645508,24.079999923706055,22.809999465942383,22.950000762939453,0
1/11/99,25.459999084472656,25.459999084472656,25.809999465942383,21.37999916,21.40999984741211,0
1/12/99,28.100000381469727,28.100000381469727,28.31999969482422,25.549999237060547,25.59000015258789,0
1/13/99,30.11000061035156,30.11000061035156,32.849998474121094,28.780000686645508,32.619998931884766,0
1/14/99,32.97999954223633,32.97999954223633,33.65999984741211,30.200000762939453,30.459999084472656,0
1/15/99,29.239999771118164,29.239999771118164,32.560001373291016,29.13999938964844,32.560001373291016,0
1/19/99,29.239999771118164,29.239999771118164,30.61000061035156,28.799999237060547,28.86000061035156,0
1/20/99,28.600000381469727,28.600000381469727,29.040000915527344,27.62000084,28.62000084,0
1/21/99,30.920000076293945,30.920000076293945,31.37000084,29.229999542236328,29.549999237060547,0
1/22/99,31.950000762939453,31.950000762939453,32.810001373291016,31.100000381469727,32.25999832,0
1/25/99,31.12999916,31.12999916,32.709999084472656,31.12999916,32.220001220703125,0
1/26/99,29.229999542236328,29.229999542236328,30.959999084472656,29.229999542236328,30.920000076293945,0
1/27/99,29.729999542236328,29.729999542236328,29.809999465942383,28.239999771118164,28.280000686645508,0
1/28/99,28.11000061035156,28.11000061035156,29.510000228881836,28.010000228881836,29.25,0
1/29/99,26.25,26.25,28.549999237060547,25.899999618530273,27.770000457763672,0
2/1/99,27.670000076293945,27.670000076293945,27.739999771118164,26.760000228881836,27.209999084472656,0
2/2/99,28.15999984741211,28.15999984741211,29.459999084472656,28.11000061035156,28.190000534057617,0
2/3/99,27.87999916,27.87999916,29.030000686645508,27.62000084,28.59000015258789,0
2/4/99,29.479999542236328,29.479999542236328,29.489999771118164,27.579999923706055,27.62000084,0
2/5/99,29.670000076293945,29.670000076293945,30.540000915527344,29.459999084472656,29.690000534057617,0
2/8/99,30.270000457763672,30.270000457763672,30.770000457763672,29.530000686645508,29.530000686645508,0
2/9/99,31.36000061035156,31.36000061035156,31.40999984741211,29.84000015258789,29.959999084472656,0
2/10/99,30.450000762939453,30.450000762939453,31.75,30.450000762939453,31.59000015258789,0
2/11/99,27.420000076293945,27.420000076293945,30.15999984741211,27.420000076293945,30.030000686645508,0
2/12/99,29.760000228881836,29.760000228881836,30.459999084472656,27.850000381469727,27.850000381469727,0
2/16/99,29.649999618530273,29.649999618530273,30.040000915527344,28.729999542236328,28.87999916,0
2/17/99,30.649999618530273,30.649999618530273,30.950000762939453,29.15999984741211,30.209999084472656,0
2/18/99,30.450000762939453,30.450000762939453,31.13999938964844,30.31999969482422,30.989999771118164,0
2/19/99,29.299999237060547,29.299999237060547,30.12000084,28.61000061035156,30.010000228881836,0
2/22/99,25.87000084,25.87000084,28.829999923706055,25.780000686645508,28.829999923706055,0
2/23/99,26.489999771118164,26.489999771118164,26.899999618530273,25.920000076293945,25.920000076293945,0
2/24/99,27.209999084472656,27.209999084472656,27.209999084472656,25.219999313354492,25.700000762939453,0
2/25/99,28.010000228881836,28.010000228881836,29.709999084472656,27.799999237060547,27.950000762939453,0
2/26/99,27.87999916,27.87999916,29.0,27.62999916,28.40999984741211,0
3/1/99,28.37000084,28.37000084,29.87000084,28.13999938964844,29.34000015258789,0
3/2/99,29.219999313354492,29.219999313354492,29.280000686645508,27.489999771118164,27.959999084472656,0
3/3/99,29.040000915527344,29.040000915527344,29.899999618530273,28.81999969482422,28.850000381469727,0
3/4/99,26.670000076293945,26.670000076293945,27.809999465942383,26.420000076293945,27.809999465942383,0
3/5/99,24.079999923706055,24.079999923706055,25.440000534057617,24.079999923706055,24.780000686645508,0
3/8/99,24.540000915527344,24.540000915527344,25.209999084472656,24.479999542236328,24.87000084,0
3/9/99,25.020000457763672,25.020000457763672,25.290000915527344,24.25,25.280000686645508,0
3/10/99,24.790000915527344,24.790000915527344,25.38999938964844,24.61000061035156,24.86000061035156,0
3/11/99,24.37000084,24.37000084,24.979999542236328,23.81999969482422,24.309999465942383,0
3/12/99,24.84000015258789,24.84000015258789,25.36000061035156,24.739999771118164,24.790000915527344,0
3/15/99,25.239999771118164,25.239999771118164,25.899999618530273,25.18000030517578,25.809999465942383,0
3/16/99,25.149999618530273,25.149999618530273,25.559999465942383,24.979999542236328,25.34000015258789,0
3/17/99,25.56999969482422,25.56999969482422,26.489999771118164,24.899999618530273,24.93000030517578,0
3/18/99,24.12999916,24.12999916,25.239999771118164,24.030000686645508,25.13999938964844,0
3/19/99,24.31999969482422,24.31999969482422,24.350000381469727,23.38999938964844,24.06999969482422,0
3/22/99,25.0,25.0,25.549999237060547,24.799999237060547,25.299999237060547,0
3/23/99,27.270000457763672,27.270000457763672,27.739999771118164,25.84000015258789,25.969999313354492,0
3/24/99,26.600000381469727,26.600000381469727,27.309999465942383,26.59000015258789,26.989999771118164,0
3/25/99,24.329999923706055,24.329999923706055,25.37999916,24.329999923706055,25.31999969482422,0
3/26/99,24.040000915527344,24.040000915527344,24.809999465942383,23.829999923706055,24.790000915527344,0
3/29/99,23.540000915527344,23.540000915527344,23.959999084472656,23.450000762939453,23.87000084,0
3/30/99,22.729999542236328,22.729999542236328,24.34000015258789,22.709999084472656,24.34000015258789,0
3/31/99,23.260000228881836,23.260000228881836,23.299999237060547,22.0,22.030000686645508,0
4/1/99,22.059999465942383,22.059999465942383,22.87000084,22.059999465942383,22.87000084,0
4/5/99,22.190000534057617,22.190000534057617,23.200000762939453,22.18000030517578,22.87999916,0
4/6/99,22.649999618530273,22.649999618530273,23.040000915527344,22.12000084,22.530000686645508,0
4/7/99,22.809999465942383,22.809999465942383,23.260000228881836,22.100000381469727,22.530000686645508,0
4/8/99,22.59000015258789,22.59000015258789,23.510000228881836,22.010000228881836,23.37999916,0
4/9/99,21.770000457763672,21.770000457763672,22.59000015258789,21.549999237060547,22.15999984741211,0
4/12/99,21.93000030517578,21.93000030517578,23.40999984741211,20.469999313354492,21.12999916,0
4/13/99,22.729999542236328,22.729999542236328,23.350000381469727,22.010000228881836,22.15999984741211,0
4/14/99,24.940000534057617,24.940000534057617,24.959999084472656,23.06999969482422,23.329999923706055,0
4/15/99,23.93000030517578,23.93000030517578,26.239999771118164,23.90999984741211,25.219999313354492,0
4/16/99,23.899999618530273,23.899999618530273,24.239999771118164,23.600000381469727,24.06999969482422,0
4/19/99,26.420000076293945,26.420000076293945,26.5,22.93000030517578,23.59000015258789,0
4/20/99,25.020000457763672,25.020000457763672,26.09000015258789,24.790000915527344,25.84000015258789,0
4/21/99,23.309999465942383,23.309999465942383,24.87999916,23.309999465942383,24.86000061035156,0
4/22/99,22.62000084,22.62000084,22.809999465942383,22.399999618530273,22.420000076293945,0
4/23/99,22.760000228881836,22.760000228881836,23.12999916,22.37000084,22.600000381469727,0
4/26/99,23.530000686645508,23.530000686645508,23.940000534057617,23.209999084472656,23.93000030517578,0
4/27/99,23.36000061035156,23.36000061035156,23.709999084472656,23.020000457763672,23.040000915527344,0
4/28/99,24.399999618530273,24.399999618530273,24.479999542236328,23.450000762939453,23.530000686645508,0
4/29/99,25.059999465942383,25.059999465942383,25.549999237060547,24.31999969482422,24.5,0
4/30/99,25.06999969482422,25.06999969482422,26.469999313354492,23.62000084,24.40999984741211,0
5/3/99,24.149999618530273,24.149999618530273,25.770000457763672,24.11000061035156,24.40999984741211,0
5/4/99,25.62000084,25.62000084,25.700000762939453,24.229999542236328,24.229999542236328,0
5/5/99,25.190000534057617,25.190000534057617,27.219999313354492,25.170000076293945,25.719999313354492,0
5/6/99,27.440000534057617,27.440000534057617,28.579999923706055,25.34000015258789,25.34000015258789,0
5/7/99,25.36000061035156,25.36000061035156,26.420000076293945,25.36000061035156,26.149999618530273,0
5/10/99,26.62000084,26.62000084,26.979999542236328,25.729999542236328,26.38999938964844,0
5/11/99,25.62000084,25.62000084,26.209999084472656,25.329999923706055,25.86000061035156,0
5/12/99,26.12999916,26.12999916,27.079999923706055,26.059999465942383,26.709999084472656,0
5/13/99,25.020000457763672,25.020000457763672,25.559999465942383,24.760000228881836,25.559999465942383,0
5/14/99,26.86000061035156,26.86000061035156,27.780000686645508,26.479999542236328,26.59000015258789,0
5/17/99,27.280000686645508,27.280000686645508,29.209999084472656,27.270000457763672,27.979999542236328,0
5/18/99,27.260000228881836,27.260000228881836,28.760000228881836,27.200000762939453,27.549999237060547,0
5/19/99,25.079999923706055,25.079999923706055,26.40999984741211,25.079999923706055,25.86000061035156,0
5/20/99,24.459999084472656,24.459999084472656,25.260000228881836,24.049999237060547,25.100000381469727,0
5/21/99,24.399999618530273,24.399999618530273,24.84000015258789,24.049999237060547,24.12000084,0
5/24/99,27.62000084,27.62000084,27.799999237060547,24.84000015258789,24.93000030517578,0
5/25/99,28.899999618530273,28.899999618530273,29.13999938964844,26.87000084,27.709999084472656,0
5/26/99,27.56999969482422,27.56999969482422,29.62000084,27.56999969482422,28.829999923706055,0
5/27/99,28.12000084,28.12000084,28.68000030517578,27.549999237060547,27.59000015258789,0
5/28/99,25.38999938964844,25.38999938964844,27.260000228881836,25.34000015258789,27.260000228881836,0
6/1/99,26.62000084,26.62000084,27.989999771118164,26.600000381469727,27.12000084,0
6/2/99,26.209999084472656,26.209999084472656,27.780000686645508,25.989999771118164,26.530000686645508,0
6/3/99,26.200000762939453,26.200000762939453,26.700000762939453,25.65999984741211,25.81999969482422,0
6/4/99,23.43000030517578,23.43000030517578,25.459999084472656,23.43000030517578,25.309999465942383,0
6/7/99,23.780000686645508,23.780000686645508,24.489999771118164,23.65999984741211,24.399999618530273,0
6/8/99,24.020000457763672,24.020000457763672,24.280000686645508,23.420000076293945,23.559999465942383,0
6/9/99,23.899999618530273,23.899999618530273,24.260000228881836,23.62999916,23.84000015258789,0
6/10/99,25.31999969482422,25.31999969482422,26.149999618530273,24.709999084472656,24.780000686645508,0
6/11/99,25.899999618530273,25.899999618530273,27.010000228881836,24.690000534057617,24.87000084,0
6/14/99,26.510000228881836,26.510000228881836,26.799999237060547,26.079999923706055,26.079999923706055,0
6/15/99,25.90999984741211,25.90999984741211,26.229999542236328,25.329999923706055,26.15999984741211,0
6/16/99,22.399999618530273,22.399999618530273,24.56999969482422,22.13999938964844,24.38999938964844,0
6/17/99,21.950000762939453,21.950000762939453,23.12000084,21.770000457763672,22.739999771118164,0
6/18/99,21.75,21.75,23.030000686645508,21.75,22.190000534057617,0
6/21/99,21.809999465942383,21.809999465942383,22.899999618530273,21.770000457763672,22.31999969482422,0
6/22/99,21.700000762939453,21.700000762939453,21.88999938964844,20.760000228881836,21.68000030517578,0
6/23/99,21.31999969482422,21.31999969482422,22.479999542236328,21.309999465942383,22.209999084472656,0
6/24/99,23.059999465942383,23.059999465942383,23.940000534057617,20.670000076293945,20.670000076293945,0
6/25/99,21.760000228881836,21.760000228881836,22.25,20.850000381469727,21.36000061035156,0
6/28/99,22.62999916,22.62999916,22.969999313354492,22.280000686645508,22.479999542236328,0
6/29/99,22.510000228881836,22.510000228881836,23.549999237060547,22.489999771118164,23.540000915527344,0
6/30/99,21.09000015258789,21.09000015258789,23.34000015258789,20.799999237060547,22.989999771118164,0
7/1/99,19.690000534057617,19.690000534057617,21.43000030517578,19.62999916,20.56999969482422,0
7/2/99,18.65999984741211,18.65999984741211,19.450000762939453,18.65999984741211,19.239999771118164,0
7/6/99,20.729999542236328,20.729999542236328,20.75,19.63999938964844,19.93000030517578,0
7/7/99,20.350000381469727,20.350000381469727,21.239999771118164,20.350000381469727,21.11000061035156,0
7/8/99,20.239999771118164,20.239999771118164,21.010000228881836,19.87999916,20.969999313354492,0
7/9/99,17.959999084472656,17.959999084472656,18.75,17.899999618530273,18.549999237060547,0
7/12/99,19.729999542236328,19.729999542236328,20.12000084,19.299999237060547,19.299999237060547,0
7/13/99,19.950000762939453,19.950000762939453,20.739999771118164,19.15999984741211,19.350000381469727,0
7/14/99,19.709999084472656,19.709999084472656,20.37999916,19.37999916,19.440000534057617,0
7/15/99,18.68000030517578,18.68000030517578,19.329999923706055,18.62000084,18.670000076293945,0
7/16/99,17.420000076293945,17.420000076293945,18.479999542236328,17.06999969482422,18.049999237060547,0
7/19/99,19.06999969482422,19.06999969482422,19.489999771118164,18.37999916,18.5,0
7/20/99,21.790000915527344,21.790000915527344,21.950000762939453,19.959999084472656,19.959999084472656,0
7/21/99,21.459999084472656,21.459999084472656,21.780000686645508,21.030000686645508,21.260000228881836,0
7/22/99,23.049999237060547,23.049999237060547,23.37999916,21.729999542236328,21.899999618530273,0
7/23/99,23.31999969482422,23.31999969482422,23.690000534057617,22.36000061035156,22.36000061035156,0
7/26/99,24.979999542236328,24.979999542236328,25.739999771118164,24.260000228881836,24.760000228881836,0
7/27/99,23.229999542236328,23.229999542236328,24.540000915527344,22.87000084,24.450000762939453,0
7/28/99,22.850000381469727,22.850000381469727,23.729999542236328,22.56999969482422,23.34000015258789,0
7/29/99,24.520000457763672,24.520000457763672,25.079999923706055,23.5,23.510000228881836,0
7/30/99,24.63999938964844,24.63999938964844,24.709999084472656,23.290000915527344,23.809999465942383,0
8/2/99,25.59000015258789,25.59000015258789,25.790000915527344,24.75,25.75,0
8/3/99,26.270000457763672,26.270000457763672,26.540000915527344,25.25,25.25,0
8/4/99,27.399999618530273,27.399999618530273,27.5,25.010000228881836,25.62999916,0
8/5/99,27.010000228881836,27.010000228881836,29.920000076293945,26.940000534057617,28.829999923706055,0
8/6/99,26.600000381469727,26.600000381469727,27.18000030517578,25.979999542236328,26.309999465942383,0
8/9/99,27.65999984741211,27.65999984741211,27.979999542236328,27.09000015258789,27.40999984741211,0
8/10/99,28.450000762939453,28.450000762939453,30.0,27.61000061035156,27.61000061035156,0
8/11/99,25.38999938964844,25.38999938964844,27.270000457763672,25.37000084,27.190000534057617,0
8/12/99,25.030000686645508,25.030000686645508,25.059999465942383,24.079999923706055,24.579999923706055,0
8/13/99,22.309999465942383,22.309999465942383,23.799999237060547,22.270000457763672,23.65999984741211,0
8/16/99,23.06999969482422,23.06999969482422,23.75,22.90999984741211,23.75,0
8/17/99,21.670000076293945,21.670000076293945,22.86000061035156,21.670000076293945,22.09000015258789,0
8/18/99,23.299999237060547,23.299999237060547,23.309999465942383,22.719999313354492,22.780000686645508,0
8/19/99,24.38999938964844,24.38999938964844,24.959999084472656,24.219999313354492,24.56999969482422,0
8/20/99,22.950000762939453,22.950000762939453,24.06999969482422,22.950000762939453,24.049999237060547,0
8/23/99,22.549999237060547,22.549999237060547,23.12999916,22.520000457763672,23.12999916,0
8/24/99,22.399999618530273,22.399999618530273,23.62999916,22.12000084,23.40999984741211,0
8/25/99,20.959999084472656,20.959999084472656,22.40999984741211,20.829999923706055,21.920000076293945,0
8/26/99,21.209999084472656,21.209999084472656,21.260000228881836,20.12000084,20.25,0
8/27/99,21.829999923706055,21.829999923706055,22.010000228881836,20.899999618530273,20.899999618530273,0
8/30/99,24.62999916,24.62999916,24.649999618530273,23.290000915527344,23.299999237060547,0
8/31/99,24.450000762939453,24.450000762939453,25.540000915527344,23.739999771118164,24.40999984741211,0
9/1/99,22.93000030517578,22.93000030517578,24.18000030517578,22.93000030517578,23.86000061035156,0
9/2/99,24.530000686645508,24.530000686645508,25.559999465942383,24.25,24.25,0
9/3/99,20.979999542236328,20.979999542236328,21.549999237060547,20.87000084,21.5,0
9/7/99,23.440000534057617,23.440000534057617,23.649999618530273,22.350000381469727,22.399999618530273,0
9/8/99,23.81999969482422,23.81999969482422,24.270000457763672,22.940000534057617,24.209999084472656,0
9/9/99,23.010000228881836,23.010000228881836,24.079999923706055,23.010000228881836,23.90999984741211,0
9/10/99,22.030000686645508,22.030000686645508,22.540000915527344,21.670000076293945,22.190000534057617,0
9/13/99,22.88999938964844,22.88999938964844,23.350000381469727,22.700000762939453,22.799999237060547,0
9/14/99,23.770000457763672,23.770000457763672,24.170000076293945,23.37999916,23.37999916,0
9/15/99,24.559999465942383,24.559999465942383,24.88999938964844,22.75,22.969999313354492,0
9/16/99,25.25,25.25,27.540000915527344,25.06999969482422,25.459999084472656,0
9/17/99,23.299999237060547,23.299999237060547,24.5,23.13999938964844,24.329999923706055,0
9/20/99,24.030000686645508,24.030000686645508,24.36000061035156,23.950000762939453,24.079999923706055,0
9/21/99,25.649999618530273,25.649999618530273,26.06999969482422,24.200000762939453,24.510000228881836,0
9/22/99,25.190000534057617,25.190000534057617,26.489999771118164,24.63999938964844,25.87999916,0
9/23/99,27.84000015258789,27.84000015258789,27.84000015258789,24.020000457763672,24.12999916,0
9/24/99,27.790000915527344,27.790000915527344,29.209999084472656,27.760000228881836,28.200000762939453,0
9/27/99,26.399999618530273,26.399999618530273,27.149999618530273,26.059999465942383,27.059999465942383,0
9/28/99,26.059999465942383,26.059999465942383,28.579999923706055,25.940000534057617,26.34000015258789,0
9/29/99,26.489999771118164,26.489999771118164,26.690000534057617,24.86000061035156,25.510000228881836,0
9/30/99,25.40999984741211,25.40999984741211,26.469999313354492,24.84000015258789,26.149999618530273,0
10/1/99,24.93000030517578,24.93000030517578,26.290000915527344,24.93000030517578,25.579999923706055,0
10/4/99,24.459999084472656,24.459999084472656,25.260000228881836,24.450000762939453,25.260000228881836,0
10/5/99,24.790000915527344,24.790000915527344,26.459999084472656,24.329999923706055,24.68000030517578,0
10/6/99,22.059999465942383,22.059999465942383,23.86000061035156,21.989999771118164,23.719999313354492,0
10/7/99,23.579999923706055,23.579999923706055,23.81999969482422,22.31999969482422,22.440000534057617,0
10/8/99,20.489999771118164,20.489999771118164,22.68000030517578,20.37000084,22.440000534057617,0
10/11/99,20.62999916,20.62999916,21.049999237060547,20.36000061035156,20.709999084472656,0
10/12/99,22.84000015258789,22.84000015258789,23.020000457763672,21.540000915527344,21.559999465942383,0
10/13/99,25.959999084472656,25.959999084472656,26.56999969482422,22.56999969482422,22.62000084,0
10/14/99,26.049999237060547,26.049999237060547,27.469999313354492,25.600000381469727,26.68000030517578,0
10/15/99,28.75,28.75,29.399999618530273,27.309999465942383,27.309999465942383,0
10/18/99,28.190000534057617,28.190000534057617,29.809999465942383,28.149999618530273,29.34000015258789,0
10/19/99,26.559999465942383,26.559999465942383,26.559999465942383,24.850000381469727,26.25,0
10/20/99,23.899999618530273,23.899999618530273,25.479999542236328,23.87000084,25.149999618530273,0
10/21/99,24.020000457763672,24.020000457763672,25.709999084472656,23.989999771118164,25.530000686645508,0
10/22/99,21.63999938964844,21.63999938964844,22.079999923706055,20.829999923706055,22.020000457763672,0
10/25/99,23.600000381469727,23.600000381469727,24.149999618530273,23.15999984741211,23.780000686645508,0
10/26/99,24.260000228881836,24.260000228881836,24.260000228881836,22.68000030517578,22.940000534057617,0
10/27/99,24.200000762939453,24.200000762939453,25.37999916,24.06999969482422,24.31999969482422,0
10/28/99,21.34000015258789,21.34000015258789,22.5,21.280000686645508,22.37000084,0
10/29/99,22.200000762939453,22.200000762939453,22.37000084,20.299999237060547,20.62999916,0
11/1/99,22.09000015258789,22.09000015258789,22.90999984741211,22.049999237060547,22.700000762939453,0
11/2/99,23.100000381469727,23.100000381469727,23.31999969482422,21.290000915527344,22.09000015258789,0
11/3/99,23.15999984741211,23.15999984741211,23.56999969482422,22.760000228881836,23.079999923706055,0
11/4/99,23.0,23.0,23.309999465942383,22.43000030517578,22.469999313354492,0
11/5/99,21.65999984741211,21.65999984741211,22.12000084,21.290000915527344,21.469999313354492,0
11/8/99,21.87000084,21.87000084,22.579999923706055,21.719999313354492,22.56999969482422,0
11/9/99,22.700000762939453,22.700000762939453,22.959999084472656,22.059999465942383,22.059999465942383,0
11/10/99,22.260000228881836,22.260000228881836,22.690000534057617,21.979999542236328,22.600000381469727,0
11/11/99,22.06999969482422,22.06999969482422,22.68000030517578,22.020000457763672,22.239999771118164,0
11/12/99,21.649999618530273,21.649999618530273,22.940000534057617,21.63999938964844,21.989999771118164,0
11/15/99,22.739999771118164,22.739999771118164,23.239999771118164,21.549999237060547,21.780000686645508,0
11/16/99,20.729999542236328,20.729999542236328,22.770000457763672,20.729999542236328,22.12999916,0
11/17/99,20.959999084472656,20.959999084472656,21.25,20.549999237060547,20.780000686645508,0
11/18/99,19.760000228881836,19.760000228881836,20.700000762939453,19.559999465942383,20.59000015258789,0
11/19/99,19.11000061035156,19.11000061035156,19.799999237060547,18.63999938964844,18.799999237060547,0
11/22/99,19.979999542236328,19.979999542236328,20.459999084472656,19.65999984741211,20.37000084,0
11/23/99,21.0,21.0,21.86000061035156,20.799999237060547,21.06999969482422,0
11/24/99,20.260000228881836,20.260000228881836,20.850000381469727,20.100000381469727,20.700000762939453,0
11/26/99,22.329999923706055,22.329999923706055,23.469999313354492,20.219999313354492,20.350000381469727,0
11/29/99,23.56999969482422,23.56999969482422,24.290000915527344,23.11000061035156,24.270000457763672,0
11/30/99,24.18000030517578,24.18000030517578,24.209999084472656,22.86000061035156,23.809999465942383,0
12/1/99,22.229999542236328,22.229999542236328,23.40999984741211,22.229999542236328,23.40999984741211,0
12/2/99,21.770000457763672,21.770000457763672,22.290000915527344,21.670000076293945,21.690000534057617,0
12/3/99,19.31999969482422,19.31999969482422,19.81999969482422,18.690000534057617,19.739999771118164,0
12/6/99,20.579999923706055,20.579999923706055,21.469999313354492,20.209999084472656,21.12000084,0
12/7/99,21.09000015258789,21.09000015258789,21.549999237060547,20.799999237060547,20.93000030517578,0
12/8/99,21.25,21.25,21.329999923706055,20.62000084,21.209999084472656,0
12/9/99,21.190000534057617,21.190000534057617,22.309999465942383,20.719999313354492,20.799999237060547,0
12/10/99,21.479999542236328,21.479999542236328,22.149999618530273,21.030000686645508,21.61000061035156,0
12/13/99,21.719999313354492,21.719999313354492,22.479999542236328,21.56999969482422,21.959999084472656,0
12/14/99,23.059999465942383,23.059999465942383,23.25,22.049999237060547,22.25,0
12/15/99,22.030000686645508,22.030000686645508,23.770000457763672,21.829999923706055,23.25,0
12/16/99,21.90999984741211,21.90999984741211,22.950000762939453,21.13999938964844,21.36000061035156,0
12/17/99,21.350000381469727,21.350000381469727,21.459999084472656,20.84000015258789,21.38999938964844,0
12/20/99,23.780000686645508,23.780000686645508,24.219999313354492,22.13999938964844,22.18000030517578,0
12/21/99,22.65999984741211,22.65999984741211,24.020000457763672,22.09000015258789,22.979999542236328,0
12/22/99,22.43000030517578,22.43000030517578,22.84000015258789,22.13999938964844,22.13999938964844,0
12/23/99,21.12000084,21.12000084,21.62999916,20.87000084,21.59000015258789,0
12/27/99,23.06999969482422,23.06999969482422,23.34000015258789,22.850000381469727,22.87999916,0
12/28/99,22.969999313354492,22.969999313354492,23.690000534057617,22.86000061035156,23.61000061035156,0
12/29/99,23.09000015258789,23.09000015258789,23.37000084,22.799999237060547,23.079999923706055,0
12/30/99,24.760000228881836,24.760000228881836,25.170000076293945,23.149999618530273,23.510000228881836,0
12/31/99,24.63999938964844,24.63999938964844,25.200000762939453,24.450000762939453,25.030000686645508,0
1/3/00,24.209999084472656,24.209999084472656,26.149999618530273,23.979999542236328,24.36000061035156,0
1/4/00,27.010000228881836,27.010000228881836,27.18000030517578,24.799999237060547,24.940000534057617,0
1/5/00,26.40999984741211,26.40999984741211,29.0,25.850000381469727,27.979999542236328,0
1/6/00,25.729999542236328,25.729999542236328,26.709999084472656,24.700000762939453,26.68000030517578,0
1/7/00,21.719999313354492,21.719999313354492,25.170000076293945,21.719999313354492,25.13999938964844,0
1/10/00,21.709999084472656,21.709999084472656,22.489999771118164,21.36000061035156,21.88999938964844,0
1/11/00,22.5,22.5,22.62999916,21.690000534057617,21.979999542236328,0
1/12/00,22.84000015258789,22.84000015258789,23.489999771118164,22.40999984741211,23.049999237060547,0
1/13/00,21.709999084472656,21.709999084472656,23.100000381469727,21.31999969482422,22.729999542236328,0
1/14/00,19.65999984741211,19.65999984741211,20.149999618530273,19.510000228881836,19.829999923706055,0
1/18/00,21.5,21.5,21.62999916,20.969999313354492,21.38999938964844,0
1/19/00,21.719999313354492,21.719999313354492,22.15999984741211,21.440000534057617,22.149999618530273,0
1/20/00,21.75,21.75,22.600000381469727,21.18000030517578,21.309999465942383,0
1/21/00,20.81999969482422,20.81999969482422,21.90999984741211,20.5,21.549999237060547,0
1/24/00,24.06999969482422,24.06999969482422,24.440000534057617,21.43000030517578,21.43000030517578,0
1/25/00,23.020000457763672,23.020000457763672,24.280000686645508,22.87000084,23.790000915527344,0
1/26/00,23.030000686645508,23.030000686645508,23.190000534057617,22.450000762939453,22.90999984741211,0
1/27/00,23.540000915527344,23.540000915527344,24.38999938964844,22.030000686645508,22.37000084,0
1/28/00,26.13999938964844,26.13999938964844,26.540000915527344,23.170000076293945,23.75,0
1/31/00,24.950000762939453,24.950000762939453,27.43000030517578,24.940000534057617,26.780000686645508,0
2/1/00,23.450000762939453,23.450000762939453,24.739999771118164,23.290000915527344,24.43000030517578,0
2/2/00,23.12000084,23.12000084,24.739999771118164,22.62000084,23.020000457763672,0
2/3/00,22.010000228881836,22.010000228881836,23.729999542236328,21.93000030517578,22.719999313354492,0
2/4/00,21.540000915527344,21.540000915527344,21.770000457763672,20.690000534057617,20.770000457763672,0
2/7/00,22.790000915527344,22.790000915527344,23.270000457763672,22.790000915527344,22.969999313354492,0
2/8/00,21.25,21.25,22.079999923706055,21.170000076293945,21.68000030517578,0
2/9/00,22.899999618530273,22.899999618530273,22.899999618530273,21.290000915527344,21.540000915527344,0
2/10/00,23.06999969482422,23.06999969482422,23.549999237060547,22.75,23.36000061035156,0
2/11/00,24.420000076293945,24.420000076293945,24.799999237060547,22.81999969482422,22.940000534057617,0
2/14/00,24.37999916,24.37999916,24.88999938964844,24.270000457763672,24.670000076293945,0
2/15/00,22.920000076293945,22.920000076293945,24.75,22.84000015258789,24.079999923706055,0
2/16/00,23.510000228881836,23.510000228881836,23.829999923706055,22.739999771118164,23.200000762939453,0
2/17/00,23.170000076293945,23.170000076293945,23.479999542236328,22.62999916,22.899999618530273,0
2/18/00,26.0,26.0,26.37000084,23.37000084,23.37000084,0
2/22/00,25.86000061035156,25.86000061035156,28.12000084,25.469999313354492,25.90999984741211,0
2/23/00,23.88999938964844,23.88999938964844,25.37000084,23.559999465942383,25.200000762939453,0
2/24/00,24.37999916,24.37999916,25.940000534057617,24.149999618530273,24.18000030517578,0
2/25/00,25.200000762939453,25.200000762939453,25.37000084,23.579999923706055,24.12999916,0
2/28/00,24.68000030517578,24.68000030517578,26.190000534057617,24.09000015258789,25.899999618530273,0
2/29/00,23.37000084,23.37000084,23.87999916,23.239999771118164,23.760000228881836,0
3/1/00,21.63999938964844,21.63999938964844,22.719999313354492,21.40999984741211,22.649999618530273,0
3/2/00,21.059999465942383,21.059999465942383,22.100000381469727,20.93000030517578,21.62000084,0
3/3/00,19.209999084472656,19.209999084472656,20.040000915527344,19.190000534057617,19.979999542236328,0
3/6/00,21.5,21.5,21.739999771118164,20.329999923706055,20.37999916,0
3/7/00,24.309999465942383,24.309999465942383,24.489999771118164,22.239999771118164,22.239999771118164,0
3/8/00,23.81999969482422,23.81999969482422,25.200000762939453,23.479999542236328,24.56999969482422,0
3/9/00,22.209999084472656,22.209999084472656,24.18000030517578,22.200000762939453,24.18000030517578,0
3/10/00,21.239999771118164,21.239999771118164,21.690000534057617,20.84000015258789,20.88999938964844,0
3/13/00,22.850000381469727,22.850000381469727,23.260000228881836,21.989999771118164,23.030000686645508,0
3/14/00,24.40999984741211,24.40999984741211,24.40999984741211,22.329999923706055,22.75,0
3/15/00,22.34000015258789,22.34000015258789,24.760000228881836,21.979999542236328,24.65999984741211,0
3/16/00,20.770000457763672,20.770000457763672,21.920000076293945,20.489999771118164,21.649999618530273,0
3/17/00,22.37000084,22.37000084,22.559999465942383,21.06999969482422,21.260000228881836,0
3/20/00,22.959999084472656,22.959999084472656,23.260000228881836,22.280000686645508,22.309999465942383,0
3/21/00,21.700000762939453,21.700000762939453,23.450000762939453,21.270000457763672,23.450000762939453,0
3/22/00,21.489999771118164,21.489999771118164,22.020000457763672,21.219999313354492,21.90999984741211,0
3/23/00,22.260000228881836,22.260000228881836,22.420000076293945,21.100000381469727,21.81999969482422,0
3/24/00,23.309999465942383,23.309999465942383,23.959999084472656,22.12000084,22.450000762939453,0
3/27/00,24.530000686645508,24.530000686645508,24.799999237060547,24.100000381469727,24.350000381469727,0
3/28/00,24.86000061035156,24.86000061035156,25.200000762939453,24.469999313354492,24.989999771118164,0
3/29/00,24.100000381469727,24.100000381469727,25.020000457763672,23.790000915527344,24.37000084,0
3/30/00,25.469999313354492,25.469999313354492,25.87000084,23.790000915527344,23.950000762939453,0
3/31/00,24.11000061035156,24.11000061035156,24.969999313354492,23.440000534057617,24.780000686645508,0
4/3/00,24.030000686645508,24.030000686645508,25.86000061035156,24.030000686645508,24.989999771118164,0
4/4/00,27.12000084,27.12000084,31.15999984741211,23.25,23.5,0
4/5/00,28.40999984741211,28.40999984741211,30.010000228881836,27.770000457763672,28.559999465942383,0
4/6/00,27.149999618530273,27.149999618530273,27.829999923706055,27.049999237060547,27.709999084472656,0
4/7/00,24.38999938964844,24.38999938964844,25.63999938964844,23.579999923706055,25.63999938964844,0
4/10/00,25.989999771118164,25.989999771118164,26.040000915527344,24.969999313354492,25.440000534057617,0
4/11/00,27.25,27.25,28.079999923706055,26.63999938964844,27.670000076293945,0
4/12/00,28.979999542236328,28.979999542236328,28.979999542236328,27.040000915527344,27.190000534057617,0
4/13/00,29.399999618530273,29.399999618530273,29.399999618530273,27.780000686645508,28.459999084472656,0
4/14/00,33.49000168,33.49000168,33.790000915527344,30.09000015258789,30.09000015258789,0
4/17/00,28.950000762939453,28.950000762939453,34.310001373291016,28.469999313354492,33.70000076293945,0
4/18/00,26.12000084,26.12000084,28.12999916,26.12000084,27.93000030517578,0
4/19/00,27.020000457763672,27.020000457763672,27.229999542236328,26.270000457763672,26.540000915527344,0
4/20/00,25.850000381469727,25.850000381469727,27.209999084472656,25.770000457763672,26.540000915527344,0
4/24/00,27.37000084,27.37000084,28.5,27.25,27.790000915527344,0
4/25/00,25.239999771118164,25.239999771118164,26.450000762939453,25.200000762939453,26.260000228881836,0
4/26/00,26.969999313354492,26.969999313354492,27.239999771118164,25.270000457763672,25.38999938964844,0
4/27/00,26.190000534057617,26.190000534057617,29.5,25.950000762939453,29.43000030517578,0
4/28/00,26.200000762939453,26.200000762939453,26.799999237060547,25.61000061035156,25.62000084,0
5/1/00,25.87999916,25.87999916,26.440000534057617,25.260000228881836,26.06999969482422,0
5/2/00,28.5,28.5,28.5,26.5,26.809999465942383,0
5/3/00,31.62999916,31.62999916,32.88999938964844,30.0,30.0,0
5/4/00,30.770000457763672,30.770000457763672,32.060001373291016,30.559999465942383,31.450000762939453,0
5/5/00,27.530000686645508,27.530000686645508,29.540000915527344,27.440000534057617,29.489999771118164,0
5/8/00,28.200000762939453,28.200000762939453,29.049999237060547,28.200000762939453,28.799999237060547,0
5/9/00,28.93000030517578,28.93000030517578,29.68000030517578,28.15999984741211,28.25,0
5/10/00,29.87000084,29.87000084,30.600000381469727,28.899999618530273,29.68000030517578,0
5/11/00,27.760000228881836,27.760000228881836,29.12000084,27.760000228881836,29.06999969482422,0
5/12/00,26.049999237060547,26.049999237060547,26.329999923706055,25.61000061035156,26.329999923706055,0
5/15/00,24.86000061035156,24.86000061035156,26.700000762939453,24.799999237060547,26.469999313354492,0
5/16/00,24.34000015258789,24.34000015258789,25.149999618530273,24.09000015258789,24.459999084472656,0
5/17/00,23.979999542236328,23.979999542236328,25.11000061035156,23.739999771118164,24.62000084,0
5/18/00,23.959999084472656,23.959999084472656,24.030000686645508,23.290000915527344,23.420000076293945,0
5/19/00,25.440000534057617,25.440000534057617,26.149999618530273,24.850000381469727,24.850000381469727,0
5/22/00,26.0,26.0,27.899999618530273,25.979999542236328,26.25,0
5/23/00,25.87000084,25.87000084,26.12000084,24.969999313354492,25.75,0
5/24/00,24.31999969482422,24.31999969482422,26.729999542236328,24.190000534057617,25.959999084472656,0
5/25/00,24.579999923706055,24.579999923706055,25.030000686645508,23.850000381469727,23.87000084,0
5/26/00,24.469999313354492,24.469999313354492,24.90999984741211,24.200000762939453,24.61000061035156,0
5/30/00,23.62000084,23.62000084,24.780000686645508,23.600000381469727,24.59000015258789,0
5/31/00,23.649999618530273,23.649999618530273,24.09000015258789,23.229999542236328,24.09000015258789,0
6/1/00,22.36000061035156,22.36000061035156,23.209999084472656,22.31999969482422,23.200000762939453,0
6/2/00,21.479999542236328,21.479999542236328,21.68000030517578,21.299999237060547,21.31999969482422,0
6/5/00,22.709999084472656,22.709999084472656,23.290000915527344,22.59000015258789,23.059999465942383,0
6/6/00,23.049999237060547,23.049999237060547,23.239999771118164,22.719999313354492,23.200000762939453,0
6/7/00,22.479999542236328,22.479999542236328,23.399999618530273,22.34000015258789,23.170000076293945,0
6/8/00,22.770000457763672,22.770000457763672,23.530000686645508,22.770000457763672,23.36000061035156,0
6/9/00,22.13999938964844,22.13999938964844,22.489999771118164,21.989999771118164,22.079999923706055,0
6/12/00,22.31999969482422,22.31999969482422,22.75,22.12999916,22.219999313354492,0
6/13/00,21.670000076293945,21.670000076293945,23.38999938964844,21.600000381469727,23.280000686645508,0
6/14/00,21.479999542236328,21.479999542236328,21.739999771118164,21.0,21.61000061035156,0
6/15/00,20.68000030517578,20.68000030517578,21.62999916,20.520000457763672,21.420000076293945,0
6/16/00,20.5,20.5,20.899999618530273,20.299999237060547,20.540000915527344,0
6/19/00,20.62999916,20.62999916,21.36000061035156,20.34000015258789,21.15999984741211,0
6/20/00,20.87999916,20.87999916,21.229999542236328,20.700000762939453,20.809999465942383,0
6/21/00,20.61000061035156,20.61000061035156,21.25,20.459999084472656,21.059999465942383,0
6/22/00,22.0,22.0,22.290000915527344,21.43000030517578,21.540000915527344,0
6/23/00,22.34000015258789,22.34000015258789,22.81999969482422,22.020000457763672,22.12999916,0
6/26/00,22.450000762939453,22.450000762939453,25.010000228881836,22.450000762939453,24.850000381469727,0
6/27/00,21.799999237060547,21.799999237060547,22.170000076293945,21.63999938964844,22.100000381469727,0
6/28/00,20.290000915527344,20.290000915527344,21.87000084,19.989999771118164,21.87000084,0
6/29/00,19.700000762939453,19.700000762939453,21.15999984741211,19.62999916,20.760000228881836,0
6/30/00,19.540000915527344,19.540000915527344,19.780000686645508,19.38999938964844,19.68000030517578,0
7/3/00,19.829999923706055,19.829999923706055,20.510000228881836,19.829999923706055,20.510000228881836,0
7/5/00,21.15999984741211,21.15999984741211,21.649999618530273,20.559999465942383,20.62999916,0
7/6/00,20.940000534057617,20.940000534057617,21.510000228881836,20.760000228881836,20.770000457763672,0
7/7/00,19.219999313354492,19.219999313354492,20.25,19.170000076293945,19.68000030517578,0
7/10/00,20.329999923706055,20.329999923706055,20.62999916,20.079999923706055,20.200000762939453,0
7/11/00,20.11000061035156,20.11000061035156,20.450000762939453,19.43000030517578,19.63999938964844,0
7/12/00,20.030000686645508,20.030000686645508,20.299999237060547,19.940000534057617,20.290000915527344,0
7/13/00,20.030000686645508,20.030000686645508,20.170000076293945,19.760000228881836,19.899999618530273,0
7/14/00,19.31999969482422,19.31999969482422,19.59000015258789,19.209999084472656,19.209999084472656,0
7/17/00,19.450000762939453,19.450000762939453,20.12999916,19.12999916,20.020000457763672,0
7/18/00,19.75,19.75,19.920000076293945,19.329999923706055,19.700000762939453,0
7/19/00,19.649999618530273,19.649999618530273,19.829999923706055,19.190000534057617,19.280000686645508,0
7/20/00,18.940000534057617,18.940000534057617,19.190000534057617,18.87000084,19.049999237060547,0
7/21/00,18.940000534057617,18.940000534057617,19.38999938964844,18.770000457763672,19.040000915527344,0
7/24/00,19.920000076293945,19.920000076293945,19.989999771118164,19.170000076293945,19.350000381469727,0
7/25/00,19.38999938964844,19.38999938964844,19.739999771118164,19.350000381469727,19.459999084472656,0
7/26/00,19.670000076293945,19.670000076293945,19.989999771118164,19.479999542236328,19.62999916,0
7/27/00,19.600000381469727,19.600000381469727,20.190000534057617,19.260000228881836,19.260000228881836,0
7/28/00,20.84000015258789,20.84000015258789,20.979999542236328,19.329999923706055,19.329999923706055,0
7/31/00,20.739999771118164,20.739999771118164,21.170000076293945,20.540000915527344,20.979999542236328,0
8/1/00,20.549999237060547,20.549999237060547,20.84000015258789,20.270000457763672,20.65999984741211,0
8/2/00,20.0,20.0,20.200000762939453,19.81999969482422,20.200000762939453,0
8/3/00,19.989999771118164,19.989999771118164,20.37999916,19.65999984741211,20.290000915527344,0
8/4/00,18.62000084,18.62000084,18.969999313354492,18.530000686645508,18.75,0
8/7/00,19.030000686645508,19.030000686645508,19.36000061035156,18.90999984741211,19.309999465942383,0
8/8/00,18.790000915527344,18.790000915527344,19.06999969482422,18.75,18.88999938964844,0
8/9/00,19.18000030517578,19.18000030517578,19.280000686645508,18.739999771118164,18.780000686645508,0
8/10/00,19.190000534057617,19.190000534057617,19.190000534057617,18.829999923706055,18.969999313354492,0
8/11/00,18.549999237060547,18.549999237060547,19.36000061035156,18.34000015258789,19.260000228881836,0
8/14/00,17.87999916,17.87999916,18.989999771118164,17.84000015258789,18.979999542236328,0
8/15/00,17.979999542236328,17.979999542236328,18.270000457763672,17.860000610351562,17.969999313354492,0
8/16/00,18.020000457763672,18.020000457763672,18.12000084,17.690000534057617,17.809999465942383,0
8/17/00,17.479999542236328,17.479999542236328,18.059999465942383,17.389999389648438,18.0,0
8/18/00,17.049999237060547,17.049999237060547,17.510000228881836,16.989999771118164,17.170000076293945,0
8/21/00,17.350000381469727,17.350000381469727,17.709999084472656,17.260000228881836,17.709999084472656,0
8/22/00,17.469999313354492,17.469999313354492,17.829999923706055,17.270000457763672,17.829999923706055,0
8/23/00,17.37999916,17.37999916,17.739999771118164,17.34000015258789,17.59000015258789,0
8/24/00,17.040000915527344,17.040000915527344,17.59000015258789,16.950000762939453,17.420000076293945,0
8/25/00,16.530000686645508,16.530000686645508,17.059999465942383,16.489999771118164,16.959999084472656,0
8/28/00,16.540000915527344,16.540000915527344,17.110000610351562,16.280000686645508,17.110000610351562,0
8/29/00,16.889999389648438,16.889999389648438,17.100000381469727,16.68000030517578,16.84000015258789,0
8/30/00,17.690000534057617,17.690000534057617,17.959999084472656,17.110000610351562,17.12999916,0
8/31/00,16.84000015258789,16.84000015258789,17.450000762939453,16.639999389648438,17.440000534057617,0
9/1/00,17.530000686645508,17.530000686645508,17.770000457763672,16.469999313354492,16.809999465942383,0
9/5/00,19.81999969482422,19.81999969482422,20.059999465942383,19.15999984741211,19.18000030517578,0
9/6/00,20.790000915527344,20.790000915527344,20.920000076293945,19.700000762939453,19.700000762939453,0
9/7/00,19.420000076293945,19.420000076293945,20.510000228881836,19.34000015258789,20.469999313354492,0
9/8/00,18.459999084472656,18.459999084472656,19.06999969482422,18.459999084472656,18.809999465942383,0
9/11/00,18.399999618530273,18.399999618530273,19.100000381469727,18.309999465942383,19.030000686645508,0
9/12/00,18.59000015258789,18.59000015258789,19.040000915527344,18.149999618530273,18.329999923706055,0
9/13/00,18.31999969482422,18.31999969482422,18.760000228881836,18.15999984741211,18.760000228881836,0
9/14/00,18.260000228881836,18.260000228881836,18.510000228881836,17.959999084472656,18.239999771118164,0
9/15/00,18.520000457763672,18.520000457763672,18.719999313354492,18.010000228881836,18.09000015258789,0
9/18/00,20.25,20.25,20.350000381469727,18.780000686645508,18.87999916,0
9/19/00,19.540000915527344,19.540000915527344,20.25,19.540000915527344,20.219999313354492,0
9/20/00,19.93000030517578,19.93000030517578,21.18000030517578,19.920000076293945,19.989999771118164,0
9/21/00,20.18000030517578,20.18000030517578,20.709999084472656,20.010000228881836,20.170000076293945,0
9/22/00,20.739999771118164,20.739999771118164,22.65999984741211,20.739999771118164,22.09000015258789,0
9/25/00,21.40999984741211,21.40999984741211,21.65999984741211,20.65999984741211,20.850000381469727,0
9/26/00,21.87999916,21.87999916,22.09000015258789,21.100000381469727,21.5,0
9/27/00,21.670000076293945,21.670000076293945,22.100000381469727,21.38999938964844,21.709999084472656,0
9/28/00,19.469999313354492,19.469999313354492,21.309999465942383,19.399999618530273,21.280000686645508,0
9/29/00,20.56999969482422,20.56999969482422,20.56999969482422,19.799999237060547,19.87999916,0
10/2/00,21.229999542236328,21.229999542236328,21.559999465942383,20.799999237060547,20.979999542236328,0
10/3/00,21.850000381469727,21.850000381469727,21.850000381469727,20.40999984741211,20.989999771118164,0
10/4/00,21.540000915527344,21.540000915527344,22.65999984741211,21.209999084472656,22.18000030517578,0
10/5/00,21.030000686645508,21.030000686645508,21.299999237060547,20.649999618530273,21.020000457763672,0
10/6/00,22.709999084472656,22.709999084472656,23.350000381469727,20.43000030517578,20.530000686645508,0
10/9/00,24.020000457763672,24.020000457763672,24.670000076293945,23.62999916,23.920000076293945,0
10/10/00,24.86000061035156,24.86000061035156,25.020000457763672,23.719999313354492,23.770000457763672,0
10/11/00,26.56999969482422,26.56999969482422,28.37000084,26.09000015258789,26.229999542236328,0
10/12/00,30.510000228881836,30.510000228881836,30.549999237060547,26.950000762939453,27.209999084472656,0
10/13/00,27.600000381469727,27.600000381469727,29.420000076293945,27.5,29.34000015258789,0
10/16/00,26.790000915527344,26.790000915527344,27.649999618530273,26.59000015258789,27.329999923706055,0
10/17/00,27.84000015258789,27.84000015258789,28.290000915527344,26.190000534057617,26.190000534057617,0
10/18/00,28.719999313354492,28.719999313354492,30.799999237060547,28.170000076293945,30.700000762939453,0
10/19/00,25.09000015258789,25.09000015258789,27.020000457763672,24.850000381469727,26.799999237060547,0
10/20/00,24.239999771118164,24.239999771118164,24.62999916,23.020000457763672,24.62999916,0
10/23/00,24.690000534057617,24.690000534057617,25.12999916,24.270000457763672,24.579999923706055,0
10/24/00,24.280000686645508,24.280000686645508,24.809999465942383,23.600000381469727,24.13999938964844,0
10/25/00,26.649999618530273,26.649999618530273,26.780000686645508,25.010000228881836,25.579999923706055,0
10/26/00,28.62000084,28.62000084,30.079999923706055,26.43000030517578,26.63999938964844,0
10/27/00,26.469999313354492,26.469999313354492,28.049999237060547,26.469999313354492,27.420000076293945,0
10/30/00,25.459999084472656,25.459999084472656,26.479999542236328,25.06999969482422,26.229999542236328,0
10/31/00,23.62999916,23.62999916,24.87000084,23.37000084,24.770000457763672,0
11/1/00,24.280000686645508,24.280000686645508,24.86000061035156,23.90999984741211,24.06999969482422,0
11/2/00,23.920000076293945,23.920000076293945,24.239999771118164,23.63999938964844,23.709999084472656,0
11/3/00,23.670000076293945,23.670000076293945,24.059999465942383,23.510000228881836,24.049999237060547,0
11/6/00,24.520000457763672,24.520000457763672,24.75,24.12999916,24.530000686645508,0
11/7/00,24.90999984741211,24.90999984741211,25.40999984741211,24.729999542236328,25.12000084,0
11/8/00,25.65999984741211,25.65999984741211,25.739999771118164,24.87000084,24.87000084,0
11/9/00,27.200000762939453,27.200000762939453,28.459999084472656,26.18000030517578,26.790000915527344,0
11/10/00,28.530000686645508,28.530000686645508,28.809999465942383,28.0,28.06999969482422,0
11/13/00,29.059999465942383,29.059999465942383,30.56999969482422,28.739999771118164,29.12999916,0
11/14/00,26.809999465942383,26.809999465942383,27.93000030517578,26.37999916,27.93000030517578,0
11/15/00,26.149999618530273,26.149999618530273,27.25,25.850000381469727,27.239999771118164,0
11/16/00,25.049999237060547,25.049999237060547,25.81999969482422,24.670000076293945,25.81999969482422,0
11/17/00,24.809999465942383,24.809999465942383,25.87999916,24.469999313354492,25.5,0
11/20/00,27.43000030517578,27.43000030517578,27.600000381469727,26.37000084,26.489999771118164,0
11/21/00,26.62000084,26.62000084,27.63999938964844,26.520000457763672,27.43000030517578,0
11/22/00,27.709999084472656,27.709999084472656,27.829999923706055,26.87000084,26.90999984741211,0
11/24/00,26.0,26.0,27.31999969482422,25.989999771118164,27.31999969482422,0
11/27/00,26.93000030517578,26.93000030517578,26.979999542236328,26.12000084,26.12000084,0
11/28/00,27.63999938964844,27.63999938964844,27.84000015258789,26.780000686645508,26.989999771118164,0
11/29/00,27.489999771118164,27.489999771118164,28.219999313354492,27.299999237060547,27.87999916,0
11/30/00,29.649999618530273,29.649999618530273,31.11000061035156,28.43000030517578,28.63999938964844,0
12/1/00,27.479999542236328,27.479999542236328,28.38999938964844,27.079999923706055,28.309999465942383,0
12/4/00,27.780000686645508,27.780000686645508,28.739999771118164,27.649999618530273,28.549999237060547,0
12/5/00,24.989999771118164,24.989999771118164,27.309999465942383,24.969999313354492,27.280000686645508,0
12/6/00,25.06999969482422,25.06999969482422,25.209999084472656,23.88999938964844,24.31999969482422,0
12/7/00,25.34000015258789,25.34000015258789,25.549999237060547,24.90999984741211,25.459999084472656,0
12/8/00,22.40999984741211,22.40999984741211,23.84000015258789,22.37999916,23.739999771118164,0
12/11/00,23.510000228881836,23.510000228881836,23.989999771118164,22.809999465942383,23.799999237060547,0
12/12/00,24.87999916,24.87999916,25.36000061035156,23.969999313354492,24.030000686645508,0
12/13/00,23.62999916,23.62999916,24.31999969482422,23.299999237060547,23.690000534057617,0
12/14/00,24.86000061035156,24.86000061035156,25.40999984741211,23.399999618530273,23.399999618530273,0
12/15/00,26.549999237060547,26.549999237060547,26.87000084,25.43000030517578,25.43000030517578,0
12/18/00,27.700000762939453,27.700000762939453,27.88999938964844,26.43000030517578,26.790000915527344,0
12/19/00,27.170000076293945,27.170000076293945,27.540000915527344,25.40999984741211,27.350000381469727,0
12/20/00,31.739999771118164,31.739999771118164,32.02000045776367,29.43000030517578,29.950000762939453,0
12/21/00,29.65999984741211,29.65999984741211,32.31999969482422,29.219999313354492,31.969999313354492,0
12/22/00,27.549999237060547,27.549999237060547,28.829999923706055,27.549999237060547,28.75,0
12/26/00,28.729999542236328,28.729999542236328,29.12999916,28.37000084,28.469999313354492,0
12/27/00,28.13999938964844,28.13999938964844,28.950000762939453,27.959999084472656,28.87999916,0
12/28/00,26.56999969482422,26.56999969482422,28.059999465942383,26.530000686645508,27.989999771118164,0
12/29/00,26.850000381469727,26.850000381469727,26.959999084472656,26.31999969482422,26.350000381469727,0
1/2/01,29.989999771118164,29.989999771118164,30.399999618530273,27.920000076293945,27.93000030517578,0
1/3/01,26.600000381469727,26.600000381469727,29.959999084472656,25.989999771118164,29.62999916,0
1/4/01,26.969999313354492,26.969999313354492,27.190000534057617,26.12999916,26.350000381469727,0
1/5/01,28.670000076293945,28.670000076293945,29.040000915527344,27.209999084472656,27.809999465942383,0
1/8/01,29.84000015258789,29.84000015258789,30.799999237060547,29.719999313354492,29.979999542236328,0
1/9/01,27.989999771118164,27.989999771118164,29.530000686645508,27.770000457763672,29.469999313354492,0
1/10/01,26.799999237060547,26.799999237060547,28.469999313354492,26.700000762939453,28.440000534057617,0
1/11/01,25.790000915527344,25.790000915527344,26.709999084472656,25.649999618530273,26.68000030517578,0
1/12/01,24.559999465942383,24.559999465942383,25.479999542236328,24.5,25.309999465942383,0
1/16/01,25.280000686645508,25.280000686645508,25.68000030517578,24.87999916,25.59000015258789,0
1/17/01,24.93000030517578,24.93000030517578,25.219999313354492,24.280000686645508,24.399999618530273,0
1/18/01,23.37000084,23.37000084,24.530000686645508,23.18000030517578,24.479999542236328,0
1/19/01,23.239999771118164,23.239999771118164,24.079999923706055,23.0,23.62000084,0
1/22/01,23.25,23.25,24.309999465942383,23.239999771118164,24.270000457763672,0
1/23/01,21.56999969482422,21.56999969482422,23.149999618530273,21.469999313354492,23.0,0
1/24/01,22.030000686645508,22.030000686645508,22.40999984741211,21.87000084,21.979999542236328,0
1/25/01,22.63999938964844,22.63999938964844,22.86000061035156,22.270000457763672,22.440000534057617,0
1/26/01,22.56999969482422,22.56999969482422,23.049999237060547,22.440000534057617,22.520000457763672,0
1/29/01,22.61000061035156,22.61000061035156,22.959999084472656,22.559999465942383,22.799999237060547,0
1/30/01,22.56999969482422,22.56999969482422,23.350000381469727,22.469999313354492,23.06999969482422,0
1/31/01,22.020000457763672,22.020000457763672,23.020000457763672,21.979999542236328,22.940000534057617,0
2/1/01,21.65999984741211,21.65999984741211,22.68000030517578,21.61000061035156,22.38999938964844,0
2/2/01,21.950000762939453,21.950000762939453,21.950000762939453,20.809999465942383,20.87000084,0
2/5/01,22.190000534057617,22.190000534057617,23.010000228881836,22.18000030517578,22.75,0
2/6/01,21.979999542236328,21.979999542236328,22.12000084,21.420000076293945,22.040000915527344,0
2/7/01,21.670000076293945,21.670000076293945,22.36000061035156,21.440000534057617,21.62999916,0
2/8/01,21.459999084472656,21.459999084472656,21.61000061035156,20.920000076293945,21.459999084472656,0
2/9/01,22.030000686645508,22.030000686645508,22.239999771118164,21.15999984741211,21.670000076293945,0
2/12/01,21.920000076293945,21.920000076293945,23.12999916,21.829999923706055,23.059999465942383,0
2/13/01,21.37000084,21.37000084,21.65999984741211,21.12000084,21.63999938964844,0
2/14/01,21.520000457763672,21.520000457763672,22.520000457763672,21.520000457763672,21.84000015258789,0
2/15/01,20.270000457763672,20.270000457763672,21.510000228881836,20.219999313354492,21.510000228881836,0
2/16/01,22.12000084,22.12000084,22.729999542236328,21.43000030517578,21.649999618530273,0
2/20/01,24.690000534057617,24.690000534057617,24.760000228881836,23.15999984741211,23.43000030517578,0
2/21/01,25.75,25.75,25.809999465942383,24.239999771118164,24.809999465942383,0
2/22/01,26.760000228881836,26.760000228881836,28.40999984741211,25.959999084472656,25.959999084472656,0
2/23/01,27.209999084472656,27.209999084472656,30.62000084,26.940000534057617,27.18000030517578,0
2/26/01,25.43000030517578,25.43000030517578,27.479999542236328,25.43000030517578,27.18000030517578,0
2/27/01,26.489999771118164,26.489999771118164,26.59000015258789,25.020000457763672,25.56999969482422,0
2/28/01,28.350000381469727,28.350000381469727,28.81999969482422,26.049999237060547,26.37000084,0
3/1/01,28.079999923706055,28.079999923706055,30.260000228881836,28.079999923706055,29.65999984741211,0
3/2/01,27.43000030517578,27.43000030517578,29.34000015258789,26.81999969482422,29.079999923706055,0
3/5/01,27.12000084,27.12000084,28.43000030517578,27.079999923706055,28.31999969482422,0
3/6/01,25.88999938964844,25.88999938964844,26.280000686645508,25.579999923706055,26.260000228881836,0
3/7/01,24.12000084,24.12000084,25.530000686645508,24.12000084,25.280000686645508,0
3/8/01,24.290000915527344,24.290000915527344,24.899999618530273,24.229999542236328,24.420000076293945,0
3/9/01,25.62000084,25.62000084,25.760000228881836,24.459999084472656,24.469999313354492,0
3/12/01,30.31999969482422,30.31999969482422,30.540000915527344,27.739999771118164,27.87999916,0
3/13/01,27.549999237060547,27.549999237060547,30.84000015258789,27.549999237060547,30.770000457763672,0
3/14/01,29.61000061035156,29.61000061035156,30.709999084472656,28.86000061035156,30.37000084,0
3/15/01,28.559999465942383,28.559999465942383,28.979999542236328,28.25,28.530000686645508,0
3/16/01,29.90999984741211,29.90999984741211,29.90999984741211,28.559999465942383,28.780000686645508,0
3/19/01,29.780000686645508,29.780000686645508,31.329999923706055,29.5,30.61000061035156,0
3/20/01,30.959999084472656,30.959999084472656,31.270000457763672,29.299999237060547,30.020000457763672,0
3/21/01,31.93000030517578,31.93000030517578,32.18000030517578,30.260000228881836,31.40999984741211,0
3/22/01,32.84000015258789,32.84000015258789,35.45000076293945,32.349998474121094,32.40999984741211,0
3/23/01,30.450000762939453,30.450000762939453,33.0,30.40999984741211,33.0,0
3/26/01,29.040000915527344,29.040000915527344,30.239999771118164,29.040000915527344,30.0,0
3/27/01,27.040000915527344,27.040000915527344,28.62999916,27.030000686645508,28.520000457763672,0
3/28/01,28.579999923706055,28.579999923706055,28.979999542236328,28.209999084472656,28.260000228881836,0
3/29/01,29.170000076293945,29.170000076293945,29.84000015258789,28.15999984741211,29.270000457763672,0
3/30/01,28.63999938964844,28.63999938964844,29.31999969482422,28.299999237060547,28.760000228881836,0
4/2/01,31.209999084472656,31.209999084472656,31.61000061035156,29.15999984741211,29.399999618530273,0
4/3/01,34.720001220703125,34.720001220703125,35.20000076293945,32.91999816894531,32.91999816894531,0
4/4/01,34.06999969482422,34.06999969482422,34.74000168,33.209999084472656,34.279998779296875,0
4/5/01,29.940000534057617,29.940000534057617,32.50999832,29.87999916,32.50999832,0
4/6/01,31.690000534057617,31.690000534057617,32.040000915527344,30.219999313354492,30.38999938964844,0
4/9/01,31.90999984741211,31.90999984741211,32.54999923706055,31.37999916,31.940000534057617,0
4/10/01,29.440000534057617,29.440000534057617,30.690000534057617,29.329999923706055,30.670000076293945,0
4/11/01,28.459999084472656,28.459999084472656,29.12999916,28.399999618530273,28.940000534057617,0
4/12/01,26.12000084,26.12000084,28.37000084,26.12000084,28.09000015258789,0
4/16/01,26.329999923706055,26.329999923706055,27.18000030517578,26.219999313354492,26.850000381469727,0
4/17/01,25.61000061035156,25.61000061035156,26.219999313354492,25.329999923706055,26.040000915527344,0
4/18/01,24.12999916,24.12999916,24.649999618530273,23.010000228881836,24.579999923706055,0
4/19/01,24.15999984741211,24.15999984741211,24.62000084,24.12000084,24.510000228881836,0
4/20/01,25.37999916,25.37999916,25.450000762939453,24.5,24.670000076293945,0
4/23/01,28.15999984741211,28.15999984741211,28.600000381469727,27.280000686645508,27.350000381469727,0
4/24/01,28.489999771118164,28.489999771118164,28.61000061035156,27.229999542236328,27.700000762939453,0
4/25/01,27.399999618530273,27.399999618530273,28.68000030517578,27.25,28.63999938964844,0
4/26/01,25.959999084472656,25.959999084472656,26.40999984741211,25.62000084,26.40999984741211,0
4/27/01,24.020000457763672,24.020000457763672,25.0,24.020000457763672,25.0,0
4/30/01,25.479999542236328,25.479999542236328,25.739999771118164,23.899999618530273,24.209999084472656,0
5/1/01,24.200000762939453,24.200000762939453,25.56999969482422,24.15999984741211,25.459999084472656,0
5/2/01,24.229999542236328,24.229999542236328,25.040000915527344,23.969999313354492,24.600000381469727,0
5/3/01,25.780000686645508,25.780000686645508,26.31999969482422,25.43000030517578,25.520000457763672,0
5/4/01,23.90999984741211,23.90999984741211,26.489999771118164,23.87999916,26.489999771118164,0
5/7/01,24.86000061035156,24.86000061035156,25.459999084472656,24.530000686645508,25.100000381469727,0
5/8/01,24.440000534057617,24.440000534057617,25.350000381469727,24.440000534057617,24.489999771118164,0
5/9/01,24.350000381469727,24.350000381469727,25.059999465942383,24.270000457763672,24.940000534057617,0
5/10/01,24.0,24.0,24.670000076293945,23.549999237060547,23.690000534057617,0
5/11/01,23.540000915527344,23.540000915527344,23.86000061035156,23.13999938964844,23.13999938964844,0
5/14/01,24.260000228881836,24.260000228881836,24.5,24.059999465942383,24.229999542236328,0
5/15/01,23.709999084472656,23.709999084472656,24.5,23.34000015258789,24.40999984741211,0
5/16/01,21.88999938964844,21.88999938964844,23.219999313354492,21.170000076293945,23.170000076293945,0
5/17/01,21.469999313354492,21.469999313354492,22.739999771118164,21.31999969482422,22.5,0
5/18/01,21.229999542236328,21.229999542236328,21.709999084472656,21.170000076293945,21.459999084472656,0
5/21/01,20.760000228881836,20.760000228881836,21.959999084472656,20.739999771118164,21.899999618530273,0
5/22/01,21.350000381469727,21.350000381469727,21.559999465942383,21.09000015258789,21.530000686645508,0
5/23/01,22.079999923706055,22.079999923706055,22.149999618530273,21.579999923706055,21.600000381469727,0
5/24/01,20.56999969482422,20.56999969482422,21.88999938964844,20.549999237060547,21.850000381469727,0
5/25/01,20.600000381469727,20.600000381469727,21.12999916,20.459999084472656,20.600000381469727,0
5/29/01,22.13999938964844,22.13999938964844,22.37000084,21.93000030517578,22.15999984741211,0
5/30/01,22.760000228881836,22.760000228881836,23.15999984741211,22.25,22.399999618530273,0
5/31/01,22.63999938964844,22.63999938964844,23.15999984741211,22.329999923706055,22.959999084472656,0
6/1/01,21.59000015258789,21.59000015258789,23.12000084,21.520000457763672,23.020000457763672,0
6/4/01,21.37999916,21.37999916,22.06999969482422,21.329999923706055,21.63999938964844,0
6/5/01,19.579999923706055,19.579999923706055,20.920000076293945,19.469999313354492,20.799999237060547,0
6/6/01,20.38999938964844,20.38999938964844,20.63999938964844,19.93000030517578,20.09000015258789,0
6/7/01,19.670000076293945,19.670000076293945,20.38999938964844,19.670000076293945,20.350000381469727,0
6/8/01,19.920000076293945,19.920000076293945,20.440000534057617,19.579999923706055,19.62000084,0
6/11/01,20.700000762939453,20.700000762939453,21.09000015258789,20.37000084,20.62000084,0
6/12/01,20.700000762939453,20.700000762939453,21.68000030517578,20.43000030517578,21.209999084472656,0
6/13/01,21.450000762939453,21.450000762939453,21.600000381469727,20.700000762939453,20.790000915527344,0
6/14/01,23.12000084,23.12000084,23.12000084,22.12000084,22.12999916,0
6/15/01,22.809999465942383,22.809999465942383,24.420000076293945,22.440000534057617,23.979999542236328,0
6/18/01,23.170000076293945,23.170000076293945,23.540000915527344,22.93000030517578,23.260000228881836,0
6/19/01,22.34000015258789,22.34000015258789,22.81999969482422,21.93000030517578,22.399999618530273,0
6/20/01,21.709999084472656,21.709999084472656,22.290000915527344,21.600000381469727,22.049999237060547,0
6/21/01,19.37999916,19.37999916,21.36000061035156,19.34000015258789,21.309999465942383,0
6/22/01,20.020000457763672,20.020000457763672,20.200000762939453,19.59000015258789,19.81999969482422,0
6/25/01,20.670000076293945,20.670000076293945,20.88999938964844,20.25,20.36000061035156,0
6/26/01,21.200000762939453,21.200000762939453,21.649999618530273,20.75,21.450000762939453,0
6/27/01,20.87999916,20.87999916,21.84000015258789,20.540000915527344,21.549999237060547,0
6/28/01,20.010000228881836,20.010000228881836,20.18000030517578,19.520000457763672,20.18000030517578,0
6/29/01,19.059999465942383,19.059999465942383,19.899999618530273,18.829999923706055,19.899999618530273,0
7/2/01,18.760000228881836,18.760000228881836,19.75,18.739999771118164,19.75,0
7/3/01,18.920000076293945,18.920000076293945,19.37000084,18.920000076293945,19.209999084472656,0
7/5/01,20.09000015258789,20.09000015258789,20.38999938964844,19.700000762939453,20.13999938964844,0
7/6/01,21.62999916,21.62999916,21.899999618530273,20.959999084472656,20.959999084472656,0
7/9/01,22.479999542236328,22.479999542236328,22.959999084472656,22.299999237060547,22.709999084472656,0
7/10/01,23.25,23.25,23.260000228881836,22.280000686645508,22.280000686645508,0
7/11/01,24.010000228881836,24.010000228881836,24.90999984741211,23.59000015258789,24.170000076293945,0
7/12/01,22.09000015258789,22.09000015258789,23.290000915527344,22.09000015258789,23.290000915527344,0
7/13/01,21.13999938964844,21.13999938964844,22.12000084,21.020000457763672,22.030000686645508,0
7/16/01,22.90999984741211,22.90999984741211,22.90999984741211,21.579999923706055,21.690000534057617,0
7/17/01,22.61000061035156,22.61000061035156,23.600000381469727,22.459999084472656,23.540000915527344,0
7/18/01,23.600000381469727,23.600000381469727,23.84000015258789,23.06999969482422,23.190000534057617,0
7/19/01,22.510000228881836,22.510000228881836,23.06999969482422,21.84000015258789,22.579999923706055,0
7/20/01,22.34000015258789,22.34000015258789,23.010000228881836,22.190000534057617,22.670000076293945,0
7/23/01,23.739999771118164,23.739999771118164,23.87000084,22.510000228881836,22.63999938964844,0
7/24/01,25.239999771118164,25.239999771118164,25.61000061035156,24.15999984741211,24.200000762939453,0
7/25/01,24.0,24.0,25.229999542236328,23.920000076293945,24.920000076293945,0
7/26/01,23.010000228881836,23.010000228881836,24.229999542236328,22.979999542236328,24.020000457763672,0
7/27/01,22.0,22.0,23.12999916,21.93000030517578,23.020000457763672,0
7/30/01,22.690000534057617,22.690000534057617,23.030000686645508,22.479999542236328,22.479999542236328,0
7/31/01,21.62000084,21.62000084,22.450000762939453,20.790000915527344,22.309999465942383,0
8/1/01,20.559999465942383,20.559999465942383,20.989999771118164,20.12999916,20.969999313354492,0
8/2/01,20.09000015258789,20.09000015258789,20.479999542236328,19.690000534057617,20.329999923706055,0
8/3/01,19.88999938964844,19.88999938964844,21.030000686645508,19.829999923706055,20.229999542236328,0
8/6/01,21.88999938964844,21.88999938964844,22.260000228881836,20.87999916,21.06999969482422,0
8/7/01,21.010000228881836,21.010000228881836,21.510000228881836,20.729999542236328,21.43000030517578,0
8/8/01,22.31999969482422,22.31999969482422,22.56999969482422,20.719999313354492,21.520000457763672,0
8/9/01,21.75,21.75,22.43000030517578,21.63999938964844,22.020000457763672,0
8/10/01,20.549999237060547,20.549999237060547,21.530000686645508,20.37000084,20.559999465942383,0
8/13/01,20.420000076293945,20.420000076293945,20.690000534057617,20.239999771118164,20.579999923706055,0
8/14/01,20.479999542236328,20.479999542236328,20.540000915527344,19.93000030517578,19.950000762939453,0
8/15/01,20.90999984741211,20.90999984741211,20.90999984741211,19.84000015258789,20.13999938964844,0
8/16/01,21.540000915527344,21.540000915527344,22.149999618530273,21.059999465942383,21.260000228881836,0
8/17/01,23.84000015258789,23.84000015258789,24.239999771118164,21.90999984741211,21.940000534057617,0
8/20/01,22.87000084,22.87000084,24.850000381469727,22.87000084,24.829999923706055,0
8/21/01,24.399999618530273,24.399999618530273,24.510000228881836,21.62999916,22.549999237060547,0
8/22/01,22.440000534057617,22.440000534057617,23.280000686645508,22.34000015258789,22.709999084472656,0
8/23/01,22.229999542236328,22.229999542236328,22.36000061035156,21.850000381469727,22.049999237060547,0
8/24/01,19.709999084472656,19.709999084472656,21.309999465942383,19.700000762939453,21.299999237060547,0
8/27/01,20.559999465942383,20.559999465942383,20.850000381469727,20.12999916,20.5,0
8/28/01,22.0,22.0,22.12000084,20.899999618530273,20.899999618530273,0
8/29/01,23.030000686645508,23.030000686645508,23.260000228881836,21.84000015258789,21.850000381469727,0
8/30/01,25.40999984741211,25.40999984741211,25.84000015258789,23.15999984741211,23.15999984741211,0
8/31/01,24.920000076293945,24.920000076293945,25.469999313354492,24.40999984741211,25.309999465942383,0
9/4/01,25.850000381469727,25.850000381469727,26.170000076293945,24.190000534057617,26.11000061035156,0
9/5/01,26.350000381469727,26.350000381469727,27.37000084,26.219999313354492,26.219999313354492,0
9/6/01,28.61000061035156,28.61000061035156,28.729999542236328,27.229999542236328,27.229999542236328,0
9/7/01,30.989999771118164,30.989999771118164,31.299999237060547,28.920000076293945,29.88999938964844,0
9/10/01,31.84000015258789,31.84000015258789,33.34000015258789,31.84000015258789,33.11000061035156,0
9/17/01,41.75999832,41.75999832,44.33000183105469,39.77000045776367,43.20000076293945,0
9/18/01,38.869998931884766,38.869998931884766,42.16999816894531,38.869998931884766,41.06999969482422,0
9/19/01,40.560001373291016,40.560001373291016,44.25999832,37.5,37.880001068115234,0
9/20/01,43.74000168,43.74000168,43.75999832,41.16999816894531,41.400001525878906,0
9/21/01,42.65999984741211,42.65999984741211,49.349998474121094,42.65999984741211,48.93000030517578,0
9/24/01,37.75,37.75,41.49000168,37.20000076293945,41.31999969482422,0
9/25/01,35.810001373291016,35.810001373291016,37.25999832,35.810001373291016,37.060001373291016,0
9/26/01,35.25999832,35.25999832,35.74000168,34.49000168,35.0,0
9/27/01,34.0,34.0,36.11000061035156,33.99000168,35.45000076293945,0
9/28/01,31.93000030517578,31.93000030517578,33.08000183105469,31.739999771118164,33.08000183105469,0
10/1/01,32.31999969482422,32.31999969482422,34.08000183105469,32.290000915527344,33.41999816894531,0
10/2/01,31.18000030517578,31.18000030517578,32.63999938964844,31.15999984741211,32.40999984741211,0
10/3/01,31.34000015258789,31.34000015258789,32.470001220703125,31.149999618530273,32.400001525878906,0
10/4/01,31.969999313354492,31.969999313354492,32.15999984741211,30.309999465942383,31.37000084,0
10/5/01,33.38999938964844,33.38999938964844,34.38999938964844,32.63999938964844,32.68000030517578,0
10/8/01,35.119998931884766,35.119998931884766,36.18000030517578,34.84000015258789,35.65999984741211,0
10/9/01,34.83000183105469,34.83000183105469,35.529998779296875,34.47999954223633,35.25,0
10/10/01,31.600000381469727,31.600000381469727,34.16999816894531,31.34000015258789,34.16999816894531,0
10/11/01,31.5,31.5,32.15999984741211,30.829999923706055,30.93000030517578,0
10/12/01,35.27000045776367,35.27000045776367,36.560001373291016,32.27000045776367,32.47999954223633,0
10/15/01,35.310001373291016,35.310001373291016,36.95000076293945,35.24000168,36.75,0
10/16/01,32.880001068115234,32.880001068115234,35.31999969482422,32.849998474121094,34.810001373291016,0
10/17/01,35.08000183105469,35.08000183105469,35.09000015258789,32.439998626708984,32.439998626708984,0
10/18/01,34.95000076293945,34.95000076293945,35.61000061035156,34.849998474121094,35.41999816894531,0
10/19/01,34.11000061035156,34.11000061035156,35.459999084472656,33.88999938964844,34.75999832,0
10/22/01,32.25,32.25,34.65999984741211,32.16999816894531,34.470001220703125,0
10/23/01,32.0,32.0,32.459999084472656,31.299999237060547,32.24000168,0
10/24/01,30.950000762939453,30.950000762939453,31.84000015258789,30.799999237060547,31.739999771118164,0
10/25/01,29.459999084472656,29.459999084472656,32.91999816894531,29.450000762939453,32.400001525878906,0
10/26/01,28.420000076293945,28.420000076293945,30.020000457763672,28.11000061035156,30.020000457763672,0
10/29/01,31.63999938964844,31.63999938964844,31.670000076293945,30.309999465942383,30.43000030517578,0
10/30/01,33.459999084472656,33.459999084472656,34.77000045776367,33.0,33.24000168,0
10/31/01,33.560001373291016,33.560001373291016,33.59000015258789,32.27000045776367,33.119998931884766,0
11/1/01,32.310001373291016,32.310001373291016,34.56999969482422,32.0,33.970001220703125,0
11/2/01,30.709999084472656,30.709999084472656,32.66999816894531,30.459999084472656,32.45000076293945,0
11/5/01,30.5,30.5,31.209999084472656,30.229999542236328,31.13999938964844,0
11/6/01,28.799999237060547,28.799999237060547,31.190000534057617,28.719999313354492,30.63999938964844,0
11/7/01,29.12999916,29.12999916,29.540000915527344,28.11000061035156,29.40999984741211,0
11/8/01,28.62000084,28.62000084,28.87999916,27.43000030517578,28.510000228881836,0
11/9/01,27.440000534057617,27.440000534057617,29.049999237060547,27.34000015258789,28.989999771118164,0
11/12/01,29.350000381469727,29.350000381469727,31.940000534057617,29.040000915527344,31.940000534057617,0
11/13/01,26.469999313354492,26.469999313354492,28.020000457763672,26.34000015258789,27.950000762939453,0
11/14/01,26.559999465942383,26.559999465942383,27.040000915527344,26.260000228881836,26.270000457763672,0
11/15/01,25.559999465942383,25.559999465942383,26.459999084472656,25.530000686645508,26.329999923706055,0
11/16/01,25.06999969482422,25.06999969482422,25.950000762939453,25.030000686645508,25.760000228881836,0
11/19/01,24.459999084472656,24.459999084472656,25.43000030517578,24.459999084472656,25.43000030517578,0
11/20/01,24.12000084,24.12000084,24.479999542236328,23.5,24.350000381469727,0
11/21/01,24.190000534057617,24.190000534057617,24.420000076293945,23.84000015258789,23.86000061035156,0
11/23/01,23.25,23.25,23.940000534057617,23.0,23.93000030517578,0
11/26/01,23.790000915527344,23.790000915527344,24.739999771118164,23.75,24.219999313354492,0
11/27/01,24.0,24.0,24.559999465942383,22.959999084472656,23.600000381469727,0
11/28/01,25.899999618530273,25.899999618530273,25.90999984741211,24.290000915527344,24.56999969482422,0
11/29/01,25.18000030517578,25.18000030517578,26.459999084472656,25.13999938964844,26.15999984741211,0
11/30/01,23.84000015258789,23.84000015258789,25.299999237060547,23.600000381469727,25.049999237060547,0
12/3/01,25.770000457763672,25.770000457763672,26.37999916,25.520000457763672,25.920000076293945,0
12/4/01,24.079999923706055,24.079999923706055,25.75,24.079999923706055,25.40999984741211,0
12/5/01,23.020000457763672,23.020000457763672,23.149999618530273,22.579999923706055,23.149999618530273,0
12/6/01,23.709999084472656,23.709999084472656,24.13999938964844,23.350000381469727,23.5,0
12/7/01,23.489999771118164,23.489999771118164,23.850000381469727,23.18000030517578,23.760000228881836,0
12/10/01,25.62000084,25.62000084,25.87000084,24.579999923706055,24.969999313354492,0
12/11/01,25.299999237060547,25.299999237060547,25.579999923706055,24.219999313354492,25.25,0
12/12/01,24.87000084,24.87000084,25.90999984741211,24.65999984741211,25.0,0
12/13/01,25.90999984741211,25.90999984741211,25.93000030517578,25.030000686645508,25.479999542236328,0
12/14/01,24.62999916,24.62999916,25.530000686645508,24.229999542236328,25.280000686645508,0
12/17/01,24.260000228881836,24.260000228881836,25.059999465942383,23.959999084472656,25.020000457763672,0
12/18/01,23.290000915527344,23.290000915527344,23.709999084472656,23.190000534057617,23.43000030517578,0
12/19/01,22.579999923706055,22.579999923706055,23.34000015258789,22.260000228881836,23.34000015258789,0
12/20/01,23.670000076293945,23.670000076293945,23.690000534057617,22.479999542236328,22.559999465942383,0
12/21/01,22.5,22.5,23.280000686645508,22.37999916,23.12999916,0
12/24/01,22.62000084,22.62000084,23.11000061035156,22.62000084,23.059999465942383,0
12/26/01,22.290000915527344,22.290000915527344,22.420000076293945,22.010000228881836,22.36000061035156,0
12/27/01,21.59000015258789,21.59000015258789,22.010000228881836,21.59000015258789,22.010000228881836,0
12/28/01,21.399999618530273,21.399999618530273,21.59000015258789,21.12000084,21.399999618530273,0
12/31/01,23.799999237060547,23.799999237060547,23.799999237060547,22.459999084472656,22.5,0
1/2/02,22.709999084472656,22.709999084472656,24.200000762939453,22.709999084472656,23.780000686645508,0
1/3/02,21.34000015258789,21.34000015258789,22.43000030517578,21.329999923706055,22.219999313354492,0
1/4/02,20.450000762939453,20.450000762939453,21.530000686645508,20.399999618530273,20.969999313354492,0
1/7/02,21.940000534057617,21.940000534057617,22.149999618530273,21.350000381469727,21.40999984741211,0
1/8/02,21.829999923706055,21.829999923706055,22.290000915527344,21.280000686645508,21.62999916,0
1/9/02,22.12999916,22.12999916,22.420000076293945,20.65999984741211,21.299999237060547,0
1/10/02,22.36000061035156,22.36000061035156,22.780000686645508,21.780000686645508,22.280000686645508,0
1/11/02,22.600000381469727,22.600000381469727,22.84000015258789,21.920000076293945,22.290000915527344,0
1/14/02,23.579999923706055,23.579999923706055,24.040000915527344,23.239999771118164,23.940000534057617,0
1/15/02,22.700000762939453,22.700000762939453,23.739999771118164,22.579999923706055,23.38999938964844,0
1/16/02,23.450000762939453,23.450000762939453,23.600000381469727,22.87000084,23.420000076293945,0
1/17/02,22.25,22.25,23.549999237060547,22.12999916,23.34000015258789,0
1/18/02,22.520000457763672,22.520000457763672,23.06999969482422,22.219999313354492,22.969999313354492,0
1/22/02,23.61000061035156,23.61000061035156,23.829999923706055,22.760000228881836,22.93000030517578,0
1/23/02,21.87999916,21.87999916,23.540000915527344,21.68000030517578,23.350000381469727,0
1/24/02,21.149999618530273,21.149999618530273,21.34000015258789,20.739999771118164,21.190000534057617,0
1/25/02,21.010000228881836,21.010000228881836,21.56999969482422,20.739999771118164,21.36000061035156,0
1/28/02,21.13999938964844,21.13999938964844,21.87999916,21.11000061035156,21.239999771118164,0
1/29/02,24.350000381469727,24.350000381469727,24.989999771118164,20.690000534057617,20.920000076293945,0
1/30/02,23.219999313354492,23.219999313354492,26.87999916,23.219999313354492,24.579999923706055,0
1/31/02,21.09000015258789,21.09000015258789,22.700000762939453,21.09000015258789,22.450000762939453,0
2/1/02,21.12000084,21.12000084,21.43000030517578,20.950000762939453,21.12000084,0
2/4/02,24.87000084,24.87000084,25.149999618530273,22.690000534057617,22.770000457763672,0
2/5/02,25.450000762939453,25.450000762939453,26.190000534057617,24.510000228881836,25.260000228881836,0
2/6/02,26.09000015258789,26.09000015258789,27.31999969482422,25.34000015258789,25.530000686645508,0
2/7/02,25.11000061035156,25.11000061035156,26.540000915527344,24.239999771118164,25.989999771118164,0
2/8/02,23.260000228881836,23.260000228881836,24.670000076293945,23.06999969482422,24.559999465942383,0
2/11/02,21.780000686645508,21.780000686645508,24.040000915527344,21.780000686645508,24.040000915527344,0
2/12/02,21.62000084,21.62000084,22.440000534057617,21.440000534057617,22.299999237060547,0
2/13/02,20.850000381469727,20.850000381469727,21.170000076293945,20.549999237060547,20.920000076293945,0
2/14/02,21.770000457763672,21.770000457763672,21.920000076293945,21.31999969482422,21.920000076293945,0
2/15/02,22.37000084,22.37000084,22.790000915527344,21.540000915527344,21.979999542236328,0
2/19/02,24.43000030517578,24.43000030517578,24.59000015258789,23.829999923706055,23.920000076293945,0
2/20/02,22.65999984741211,22.65999984741211,24.940000534057617,22.62000084,23.780000686645508,0
2/21/02,23.799999237060547,23.799999237060547,23.959999084472656,21.899999618530273,22.59000015258789,0
2/22/02,22.86000061035156,22.86000061035156,24.440000534057617,22.75,24.040000915527344,0
2/25/02,21.84000015258789,21.84000015258789,23.11000061035156,21.420000076293945,23.09000015258789,0
2/26/02,21.68000030517578,21.68000030517578,22.25,21.350000381469727,21.36000061035156,0
2/27/02,21.489999771118164,21.489999771118164,22.420000076293945,20.81999969482422,21.18000030517578,0
2/28/02,21.59000015258789,21.59000015258789,21.59000015258789,20.709999084472656,21.12000084,0
3/1/02,19.959999084472656,19.959999084472656,21.059999465942383,19.87999916,21.059999465942383,0
3/4/02,20.5,20.5,20.950000762939453,20.350000381469727,20.690000534057617,0
3/5/02,20.299999237060547,20.299999237060547,21.12000084,20.239999771118164,20.760000228881836,0
3/6/02,19.940000534057617,19.940000534057617,20.489999771118164,19.549999237060547,20.270000457763672,0
3/7/02,20.040000915527344,20.040000915527344,20.809999465942383,19.969999313354492,20.719999313354492,0
3/8/02,19.270000457763672,19.270000457763672,20.219999313354492,19.270000457763672,19.760000228881836,0
3/11/02,19.84000015258789,19.84000015258789,20.770000457763672,19.559999465942383,20.65999984741211,0
3/12/02,19.59000015258789,19.59000015258789,20.56999969482422,19.510000228881836,20.520000457763672,0
3/13/02,19.459999084472656,19.459999084472656,19.88999938964844,19.399999618530273,19.829999923706055,0
3/14/02,19.200000762939453,19.200000762939453,19.559999465942383,18.979999542236328,19.450000762939453,0
3/15/02,18.420000076293945,18.420000076293945,18.84000015258789,18.37999916,18.770000457763672,0
3/18/02,18.93000030517578,18.93000030517578,19.399999618530273,18.739999771118164,18.790000915527344,0
3/19/02,18.15999984741211,18.15999984741211,18.65999984741211,18.09000015258789,18.5,0
3/20/02,18.459999084472656,18.459999084472656,18.75,18.329999923706055,18.700000762939453,0
3/21/02,18.149999618530273,18.149999618530273,18.84000015258789,18.13999938964844,18.61000061035156,0
3/22/02,17.770000457763672,17.770000457763672,18.37999916,17.62000084,18.34000015258789,0
3/25/02,18.479999542236328,18.479999542236328,18.719999313354492,18.040000915527344,18.18000030517578,0
3/26/02,18.12999916,18.12999916,18.440000534057617,17.809999465942383,18.440000534057617,0
3/27/02,17.700000762939453,17.700000762939453,18.15999984741211,17.549999237060547,18.100000381469727,0
3/28/02,17.399999618530273,17.399999618530273,17.510000228881836,17.020000457763672,17.229999542236328,0
4/1/02,18.729999542236328,18.729999542236328,19.5,18.61000061035156,18.989999771118164,0
4/2/02,19.15999984741211,19.15999984741211,19.40999984741211,19.12000084,19.12000084,0
4/3/02,20.200000762939453,20.200000762939453,20.469999313354492,19.399999618530273,19.40999984741211,0
4/4/02,19.780000686645508,19.780000686645508,20.09000015258789,19.459999084472656,19.899999618530273,0
4/5/02,19.12999916,19.12999916,19.399999618530273,18.780000686645508,19.329999923706055,0
4/8/02,19.61000061035156,19.61000061035156,20.459999084472656,19.56999969482422,20.350000381469727,0
4/9/02,19.469999313354492,19.469999313354492,19.729999542236328,19.299999237060547,19.309999465942383,0
4/10/02,18.190000534057617,18.190000534057617,19.280000686645508,18.170000076293945,19.219999313354492,0
4/11/02,20.299999237060547,20.299999237060547,20.350000381469727,18.559999465942383,18.719999313354492,0
4/12/02,19.420000076293945,19.420000076293945,20.190000534057617,19.309999465942383,19.959999084472656,0
4/15/02,19.81999969482422,19.81999969482422,20.200000762939453,19.469999313354492,20.12999916,0
4/16/02,18.11000061035156,18.11000061035156,19.030000686645508,18.059999465942383,18.579999923706055,0
4/17/02,18.43000030517578,18.43000030517578,19.030000686645508,17.899999618530273,18.34000015258789,0
4/18/02,19.290000915527344,19.290000915527344,19.799999237060547,17.81999969482422,17.81999969482422,0
4/19/02,18.299999237060547,18.299999237060547,18.959999084472656,17.729999542236328,18.40999984741211,0
4/22/02,19.770000457763672,19.770000457763672,20.09000015258789,19.34000015258789,19.40999984741211,0
4/23/02,20.280000686645508,20.280000686645508,20.329999923706055,19.200000762939453,19.229999542236328,0
4/24/02,20.770000457763672,20.770000457763672,20.86000061035156,19.709999084472656,20.010000228881836,0
4/25/02,20.950000762939453,20.950000762939453,21.700000762939453,20.86000061035156,21.559999465942383,0
4/26/02,22.13999938964844,22.13999938964844,22.13999938964844,20.670000076293945,20.719999313354492,0
4/29/02,24.049999237060547,24.049999237060547,24.5,22.90999984741211,23.229999542236328,0
4/30/02,21.90999984741211,21.90999984741211,24.030000686645508,21.63999938964844,24.030000686645508,0
5/1/02,20.059999465942383,20.059999465942383,22.030000686645508,19.90999984741211,21.440000534057617,0
5/2/02,20.06999969482422,20.06999969482422,20.510000228881836,19.90999984741211,20.11000061035156,0
5/3/02,20.190000534057617,20.190000534057617,20.959999084472656,20.049999237060547,20.25,0
5/6/02,22.559999465942383,22.559999465942383,22.56999969482422,20.829999923706055,20.989999771118164,0
5/7/02,21.940000534057617,21.940000534057617,22.59000015258789,21.63999938964844,22.37999916,0
5/8/02,20.38999938964844,20.38999938964844,21.309999465942383,20.209999084472656,21.299999237060547,0
5/9/02,21.559999465942383,21.559999465942383,21.62000084,20.829999923706055,20.84000015258789,0
5/10/02,22.40999984741211,22.40999984741211,22.709999084472656,21.770000457763672,21.829999923706055,0
5/13/02,20.719999313354492,20.719999313354492,22.25,20.670000076293945,22.25,0
5/14/02,19.350000381469727,19.350000381469727,20.079999923706055,19.200000762939453,19.87000084,0
5/15/02,19.190000534057617,19.190000534057617,19.649999618530273,18.5,19.5,0
5/16/02,18.5,18.5,19.309999465942383,18.479999542236328,19.309999465942383,0
5/17/02,17.700000762939453,17.700000762939453,18.56999969482422,17.700000762939453,18.010000228881836,0
5/20/02,19.239999771118164,19.239999771118164,19.420000076293945,18.760000228881836,18.760000228881836,0
5/21/02,20.049999237060547,20.049999237060547,20.11000061035156,18.989999771118164,19.040000915527344,0
5/22/02,19.579999923706055,19.579999923706055,20.709999084472656,19.540000915527344,20.25,0
5/23/02,18.229999542236328,18.229999542236328,19.15999984741211,18.190000534057617,19.049999237060547,0
5/24/02,18.899999618530273,18.899999618530273,19.030000686645508,18.219999313354492,18.219999313354492,0
5/28/02,20.309999465942383,20.309999465942383,20.770000457763672,20.06999969482422,20.209999084472656,0
5/29/02,20.38999938964844,20.38999938964844,20.790000915527344,19.729999542236328,20.40999984741211,0
5/30/02,20.61000061035156,20.61000061035156,21.579999923706055,20.420000076293945,20.87999916,0
5/31/02,19.979999542236328,19.979999542236328,20.260000228881836,19.43000030517578,20.260000228881836,0
6/3/02,23.37000084,23.37000084,23.37000084,20.62000084,20.979999542236328,0
6/4/02,23.88999938964844,23.88999938964844,24.81999969482422,23.309999465942383,23.600000381469727,0
6/5/02,22.61000061035156,22.61000061035156,23.770000457763672,22.459999084472656,23.520000457763672,0
6/6/02,24.15999984741211,24.15999984741211,24.63999938964844,22.940000534057617,22.969999313354492,0
6/7/02,23.510000228881836,23.510000228881836,26.149999618530273,22.979999542236328,25.959999084472656,0
6/10/02,23.719999313354492,23.719999313354492,24.280000686645508,23.049999237060547,24.18000030517578,0
6/11/02,24.450000762939453,24.450000762939453,24.5,22.809999465942383,23.11000061035156,0
6/12/02,24.149999618530273,24.149999618530273,25.5,23.850000381469727,24.18000030517578,0
6/13/02,25.020000457763672,25.020000457763672,25.559999465942383,23.969999313354492,24.649999618530273,0
6/14/02,25.959999084472656,25.959999084472656,28.780000686645508,25.799999237060547,28.43000030517578,0
6/17/02,24.63999938964844,24.63999938964844,25.920000076293945,24.600000381469727,25.920000076293945,0
6/18/02,24.239999771118164,24.239999771118164,24.809999465942383,24.059999465942383,24.75,0
6/19/02,26.059999465942383,26.059999465942383,26.079999923706055,24.649999618530273,25.049999237060547,0
6/20/02,27.479999542236328,27.479999542236328,27.559999465942383,26.0,26.100000381469727,0
6/21/02,27.229999542236328,27.229999542236328,28.5,26.84000015258789,28.37999916,0
6/24/02,26.979999542236328,26.979999542236328,29.020000457763672,26.459999084472656,27.93000030517578,0
6/25/02,27.84000015258789,27.84000015258789,27.920000076293945,25.489999771118164,26.40999984741211,0
6/26/02,28.420000076293945,28.420000076293945,30.979999542236328,28.40999984741211,29.989999771118164,0
6/27/02,26.290000915527344,26.290000915527344,29.239999771118164,26.290000915527344,27.670000076293945,0
6/28/02,25.399999618530273,25.399999618530273,25.87999916,24.87999916,25.739999771118164,0
7/1/02,27.11000061035156,27.11000061035156,27.15999984741211,25.62999916,25.709999084472656,0
7/2/02,28.959999084472656,28.959999084472656,29.780000686645508,27.559999465942383,27.559999465942383,0
7/3/02,29.420000076293945,29.420000076293945,31.030000686645508,28.760000228881836,28.87999916,0
7/5/02,27.11000061035156,27.11000061035156,27.299999237060547,25.68000030517578,27.299999237060547,0
7/8/02,28.25,28.25,28.780000686645508,27.87999916,28.540000915527344,0
7/9/02,30.219999313354492,30.219999313354492,30.34000015258789,27.790000915527344,27.959999084472656,0
7/10/02,34.099998474121094,34.099998474121094,34.16999816894531,30.770000457763672,31.399999618530273,0
7/11/02,33.849998474121094,33.849998474121094,36.349998474121094,33.849998474121094,34.41999816894531,0
7/12/02,32.939998626708984,32.939998626708984,34.29999923706055,32.40999984741211,34.29999923706055,0
7/15/02,35.029998779296875,35.029998779296875,38.380001068115234,34.86000061035156,35.06999969482422,0
7/16/02,36.650001525878906,36.650001525878906,36.81999969482422,35.20000076293945,35.970001220703125,0
7/17/02,35.45000076293945,35.45000076293945,36.72999954223633,33.619998931884766,34.25,0
7/18/02,35.119998931884766,35.119998931884766,35.41999816894531,33.45000076293945,35.20000076293945,0
7/19/02,38.16999816894531,38.16999816894531,38.16999816894531,35.97999954223633,36.41999816894531,0
7/22/02,41.869998931884766,41.869998931884766,42.58000183105469,38.56999969482422,39.130001068115234,0
7/23/02,44.91999816894531,44.91999816894531,46.130001068115234,42.04999923706055,42.27000045776367,0
7/24/02,39.86000061035156,39.86000061035156,48.459999084472656,39.83000183105469,48.16999816894531,0
7/25/02,39.27000045776367,39.27000045776367,42.04999923706055,38.88999938964844,40.650001525878906,0
7/26/02,35.50999832,35.50999832,38.79999923706055,35.50999832,38.61000061035156,0
7/29/02,31.329999923706055,31.329999923706055,33.88999938964844,31.190000534057617,33.88999938964844,0
7/30/02,31.920000076293945,31.920000076293945,32.77000045776367,30.600000381469727,32.040000915527344,0
7/31/02,32.029998779296875,32.029998779296875,33.68000030517578,32.029998779296875,32.779998779296875,0
8/1/02,36.95000076293945,36.95000076293945,36.95000076293945,32.77000045776367,32.77000045776367,0
8/2/02,41.290000915527344,41.290000915527344,43.93000030517578,36.86000061035156,37.529998779296875,0
8/5/02,45.08000183105469,45.08000183105469,45.209999084472656,41.77000045776367,41.95000076293945,0
8/6/02,42.029998779296875,42.029998779296875,43.060001373291016,40.279998779296875,43.060001373291016,0
8/7/02,38.72999954223633,38.72999954223633,41.369998931884766,38.650001525878906,40.720001220703125,0
8/8/02,36.33000183105469,36.33000183105469,39.060001373291016,36.189998626708984,38.529998779296875,0
8/9/02,35.33000183105469,35.33000183105469,37.47999954223633,34.689998626708984,37.40999984741211,0
8/12/02,37.04999923706055,37.04999923706055,37.52000045776367,36.83000183105469,37.22999954223633,0
8/13/02,35.81999969482422,35.81999969482422,37.310001373291016,34.20000076293945,37.24000168,0
8/14/02,32.36000061035156,32.36000061035156,35.99000168,32.349998474121094,35.560001373291016,0
8/15/02,29.43000030517578,29.43000030517578,32.099998474121094,29.43000030517578,31.899999618530273,0
8/16/02,28.809999465942383,28.809999465942383,29.950000762939453,28.010000228881836,29.87999916,0
8/19/02,28.61000061035156,28.61000061035156,29.729999542236328,28.290000915527344,29.600000381469727,0
8/20/02,29.59000015258789,29.59000015258789,30.219999313354492,29.18000030517578,29.520000457763672,0
8/21/02,28.229999542236328,28.229999542236328,30.059999465942383,28.06999969482422,29.18000030517578,0
8/22/02,27.75,27.75,28.63999938964844,27.61000061035156,28.63999938964844,0
8/23/02,29.31999969482422,29.31999969482422,29.540000915527344,28.079999923706055,28.079999923706055,0
8/26/02,29.88999938964844,29.88999938964844,31.93000030517578,29.62999916,30.729999542236328,0
8/27/02,30.11000061035156,30.11000061035156,30.799999237060547,29.530000686645508,29.88999938964844,0
8/28/02,33.31999969482422,33.31999969482422,33.599998474121094,31.190000534057617,31.239999771118164,0
8/29/02,33.66999816894531,33.66999816894531,35.41999816894531,33.209999084472656,35.41999816894531,0
8/30/02,32.63999938964844,32.63999938964844,33.63999938964844,31.93000030517578,33.63999938964844,0
9/3/02,39.970001220703125,39.970001220703125,39.970001220703125,37.119998931884766,37.119998931884766,0
9/4/02,37.439998626708984,37.439998626708984,39.709999084472656,37.04999923706055,39.209999084472656,0
9/5/02,38.86000061035156,38.86000061035156,40.40999984741211,38.209999084472656,39.58000183105469,0
9/6/02,36.33000183105469,36.33000183105469,37.349998474121094,35.99000168,36.880001068115234,0
9/9/02,36.45000076293945,36.45000076293945,39.630001068115234,36.040000915527344,39.099998474121094,0
9/10/02,35.08000183105469,35.08000183105469,35.97999954223633,35.08000183105469,35.97999954223633,0
9/11/02,34.810001373291016,34.810001373291016,34.810001373291016,33.720001220703125,34.810001373291016,0
9/12/02,37.5,37.5,37.74000168,36.099998474121094,36.24000168,0
9/13/02,35.81999969482422,35.81999969482422,38.52000045776367,35.81999969482422,38.220001220703125,0
9/16/02,36.74000168,36.74000168,38.54999923706055,36.63999938964844,37.34000015258789,0
9/17/02,38.00999832,38.00999832,38.060001373291016,35.790000915527344,35.869998931884766,0
9/18/02,37.52000045776367,37.52000045776367,39.709999084472656,36.959999084472656,38.68000030517578,0
9/19/02,40.650001525878906,40.650001525878906,40.70000076293945,38.91999816894531,39.91999816894531,0
9/20/02,38.97999954223633,38.97999954223633,40.22999954223633,38.720001220703125,39.93000030517578,0
9/23/02,39.68000030517578,39.68000030517578,41.18000030517578,39.25999832,40.779998779296875,0
9/24/02,40.52000045776367,40.52000045776367,41.34000015258789,39.56999969482422,40.95000076293945,0
9/25/02,37.33000183105469,37.33000183105469,39.91999816894531,36.790000915527344,39.650001525878906,0
9/26/02,34.599998474121094,34.599998474121094,36.150001525878906,34.599998474121094,36.09000015258789,0
9/27/02,36.970001220703125,36.970001220703125,36.970001220703125,33.959999084472656,35.06999969482422,0
9/30/02,39.689998626708984,39.689998626708984,41.86000061035156,38.88999938964844,41.06999969482422,0
10/1/02,34.119998931884766,34.119998931884766,37.61000061035156,33.77000045776367,37.25,0
10/2/02,36.83000183105469,36.83000183105469,36.970001220703125,34.41999816894531,35.15999984741211,0
10/3/02,37.310001373291016,37.310001373291016,37.75,36.11000061035156,37.33000183105469,0
10/4/02,39.459999084472656,39.459999084472656,40.290000915527344,38.66999816894531,39.18000030517578,0
10/7/02,42.63999938964844,42.63999938964844,42.95000076293945,41.040000915527344,41.650001525878906,0
10/8/02,41.02000045776367,41.02000045776367,43.439998626708984,39.959999084472656,42.09000015258789,0
10/9/02,42.130001068115234,42.130001068115234,42.58000183105469,41.209999084472656,42.25,0
10/10/02,37.54999923706055,37.54999923706055,39.38999938964844,37.540000915527344,39.130001068115234,0
10/11/02,35.70000076293945,35.70000076293945,36.529998779296875,35.20000076293945,36.36000061035156,0
10/14/02,36.040000915527344,36.040000915527344,37.18000030517578,36.02000045776367,36.91999816894531,0
10/15/02,34.02000045776367,34.02000045776367,34.709999084472656,33.790000915527344,34.36000061035156,0
10/16/02,36.0,36.0,36.27000045776367,34.90999984741211,34.90999984741211,0
10/17/02,34.099998474121094,34.099998474121094,35.130001068115234,33.93000030517578,34.77000045776367,0
10/18/02,33.529998779296875,33.529998779296875,34.72999954223633,33.34000015258789,34.599998474121094,0
10/21/02,33.11000061035156,33.11000061035156,35.54999923706055,33.0,35.34000015258789,0
10/22/02,34.09000015258789,34.09000015258789,34.75999832,33.61000061035156,34.38999938964844,0
10/23/02,33.20000076293945,33.20000076293945,35.61000061035156,33.20000076293945,34.060001373291016,0
10/24/02,34.029998779296875,34.029998779296875,34.43000030517578,32.529998779296875,32.99000168,0
10/25/02,30.0,30.0,33.369998931884766,29.87999916,33.369998931884766,0
10/28/02,31.06999969482422,31.06999969482422,31.670000076293945,30.309999465942383,30.780000686645508,0
10/29/02,32.27000045776367,32.27000045776367,33.529998779296875,31.530000686645508,31.530000686645508,0
10/30/02,31.229999542236328,31.229999542236328,32.5,30.790000915527344,32.5,0
10/31/02,31.13999938964844,31.13999938964844,31.56999969482422,29.690000534057617,31.56999969482422,0
11/1/02,29.299999237060547,29.299999237060547,31.700000762939453,28.62000084,31.56999969482422,0
11/4/02,30.81999969482422,30.81999969482422,30.899999618530273,28.829999923706055,29.809999465942383,0
11/5/02,31.229999542236328,31.229999542236328,31.719999313354492,30.43000030517578,31.010000228881836,0
11/6/02,30.729999542236328,30.729999542236328,32.599998474121094,30.709999084472656,31.88999938964844,0
11/7/02,31.420000076293945,31.420000076293945,31.850000381469727,30.760000228881836,31.420000076293945,0
11/8/02,29.40999984741211,29.40999984741211,31.030000686645508,29.100000381469727,30.38999938964844,0
11/11/02,31.299999237060547,31.299999237060547,31.63999938964844,30.40999984741211,30.62999916,0
11/12/02,30.579999923706055,30.579999923706055,31.200000762939453,29.75,31.09000015258789,0
11/13/02,31.239999771118164,31.239999771118164,31.899999618530273,30.5,31.209999084472656,0
11/14/02,28.670000076293945,28.670000076293945,29.760000228881836,28.649999618530273,29.690000534057617,0
11/15/02,26.649999618530273,26.649999618530273,28.229999542236328,26.440000534057617,27.920000076293945,0
11/18/02,27.65999984741211,27.65999984741211,27.65999984741211,26.729999542236328,27.09000015258789,0
11/19/02,27.40999984741211,27.40999984741211,28.149999618530273,26.62999916,28.12000084,0
11/20/02,25.31999969482422,25.31999969482422,26.93000030517578,25.059999465942383,26.93000030517578,0
11/21/02,23.809999465942383,23.809999465942383,24.75,23.40999984741211,24.600000381469727,0
11/22/02,23.15999984741211,23.15999984741211,24.219999313354492,23.049999237060547,23.989999771118164,0
11/25/02,24.06999969482422,24.06999969482422,25.420000076293945,23.62000084,23.920000076293945,0
11/26/02,25.969999313354492,25.969999313354492,26.149999618530273,24.559999465942383,24.559999465942383,0
11/27/02,27.25,27.25,27.420000076293945,23.969999313354492,25.149999618530273,0
11/29/02,27.5,27.5,27.700000762939453,26.84000015258789,27.100000381469727,0
12/2/02,27.459999084472656,27.459999084472656,28.61000061035156,27.280000686645508,28.350000381469727,0
12/3/02,28.329999923706055,28.329999923706055,28.40999984741211,27.469999313354492,27.790000915527344,0
12/4/02,28.920000076293945,28.920000076293945,29.510000228881836,28.270000457763672,29.100000381469727,0
12/5/02,30.100000381469727,30.100000381469727,30.200000762939453,29.260000228881836,29.5,0
12/6/02,28.87999916,28.87999916,30.63999938964844,28.770000457763672,30.63999938964844,0
12/9/02,30.780000686645508,30.780000686645508,31.200000762939453,29.989999771118164,30.06999969482422,0
12/10/02,28.760000228881836,28.760000228881836,30.489999771118164,28.649999618530273,30.440000534057617,0
12/11/02,27.760000228881836,27.760000228881836,29.0,27.549999237060547,28.920000076293945,0
12/12/02,27.290000915527344,27.290000915527344,28.15999984741211,27.229999542236328,27.950000762939453,0
12/13/02,28.18000030517578,28.18000030517578,28.670000076293945,27.559999465942383,28.010000228881836,0
12/16/02,26.239999771118164,26.239999771118164,28.290000915527344,26.219999313354492,28.25,0
12/17/02,26.65999984741211,26.65999984741211,26.81999969482422,25.899999618530273,26.25,0
12/18/02,28.290000915527344,28.290000915527344,28.549999237060547,27.290000915527344,27.290000915527344,0
12/19/02,30.209999084472656,30.209999084472656,30.84000015258789,27.87999916,28.260000228881836,0
12/20/02,26.709999084472656,26.709999084472656,28.75,26.59000015258789,28.59000015258789,0
12/23/02,26.200000762939453,26.200000762939453,27.690000534057617,25.87000084,27.61000061035156,0
12/24/02,26.489999771118164,26.489999771118164,26.81999969482422,26.37999916,26.38999938964844,0
12/26/02,27.37000084,27.37000084,27.56999969482422,26.15999984741211,26.31999969482422,0
12/27/02,29.549999237060547,29.549999237060547,29.969999313354492,27.520000457763672,27.719999313354492,0
12/30/02,29.62000084,29.62000084,30.829999923706055,29.469999313354492,30.690000534057617,0
12/31/02,28.62000084,28.62000084,29.62000084,28.600000381469727,29.079999923706055,0
1/2/03,25.38999938964844,25.38999938964844,28.739999771118164,25.31999969482422,28.739999771118164,0
1/3/03,24.68000030517578,24.68000030517578,25.549999237060547,24.68000030517578,25.549999237060547,0
1/6/03,24.90999984741211,24.90999984741211,25.420000076293945,24.290000915527344,25.31999969482422,0
1/7/03,25.12999916,25.12999916,25.690000534057617,24.90999984741211,25.12999916,0
1/8/03,25.530000686645508,25.530000686645508,25.760000228881836,25.06999969482422,25.62000084,0
1/9/03,24.25,24.25,24.899999618530273,24.020000457763672,24.899999618530273,0
1/10/03,24.31999969482422,24.31999969482422,24.690000534057617,24.149999618530273,24.62000084,0
1/13/03,24.899999618530273,24.899999618530273,25.479999542236328,24.68000030517578,24.950000762939453,0
1/14/03,24.56999969482422,24.56999969482422,25.09000015258789,24.37999916,25.010000228881836,0
1/15/03,25.510000228881836,25.510000228881836,26.010000228881836,24.850000381469727,24.850000381469727,0
1/16/03,25.010000228881836,25.010000228881836,25.799999237060547,24.690000534057617,24.920000076293945,0
1/17/03,25.700000762939453,25.700000762939453,26.0,25.200000762939453,25.38999938964844,0
1/21/03,27.59000015258789,27.59000015258789,27.700000762939453,26.729999542236328,26.75,0
1/22/03,29.010000228881836,29.010000228881836,29.079999923706055,27.770000457763672,28.15999984741211,0
1/23/03,27.530000686645508,27.530000686645508,29.190000534057617,27.350000381469727,28.719999313354492,0
1/24/03,31.510000228881836,31.510000228881836,32.40999984741211,28.450000762939453,28.469999313354492,0
1/27/03,34.689998626708984,34.689998626708984,35.33000183105469,32.970001220703125,33.310001373291016,0
1/28/03,31.93000030517578,31.93000030517578,34.470001220703125,31.81999969482422,34.41999816894531,0
1/29/03,31.260000228881836,31.260000228881836,33.24000168,31.049999237060547,32.45000076293945,0
1/30/03,31.31999969482422,31.31999969482422,31.5,30.65999984741211,31.37999916,0
1/31/03,31.170000076293945,31.170000076293945,31.65999984741211,30.61000061035156,31.149999618530273,0
2/3/03,31.020000457763672,31.020000457763672,32.45000076293945,30.87000084,32.45000076293945,0
2/4/03,32.75999832,32.75999832,33.369998931884766,32.70000076293945,32.74000168,0
2/5/03,33.040000915527344,33.040000915527344,33.220001220703125,31.979999542236328,32.75999832,0
2/6/03,33.349998474121094,33.349998474121094,34.24000168,33.119998931884766,34.029998779296875,0
2/7/03,34.00999832,34.00999832,34.310001373291016,33.189998626708984,33.29999923706055,0
2/10/03,33.99000168,33.99000168,35.65999984741211,33.99000168,35.209999084472656,0
2/11/03,33.68000030517578,33.68000030517578,33.970001220703125,32.720001220703125,33.18000030517578,0
2/12/03,34.33000183105469,34.33000183105469,34.33000183105469,33.77000045776367,33.880001068115234,0
2/13/03,33.70000076293945,33.70000076293945,35.20000076293945,33.33000183105469,34.99000168,0
2/14/03,32.619998931884766,32.619998931884766,33.939998626708984,32.41999816894531,33.74000168,0
2/18/03,31.11000061035156,31.11000061035156,32.119998931884766,31.11000061035156,32.119998931884766,0
2/19/03,31.309999465942383,31.309999465942383,31.719999313354492,31.12999916,31.170000076293945,0
2/20/03,31.15999984741211,31.15999984741211,31.270000457763672,30.86000061035156,30.969999313354492,0
2/21/03,30.25,30.25,31.649999618530273,30.15999984741211,30.979999542236328,0
2/24/03,31.979999542236328,31.979999542236328,32.310001373291016,31.459999084472656,31.459999084472656,0
2/25/03,31.739999771118164,31.739999771118164,33.060001373291016,31.600000381469727,32.709999084472656,0
2/26/03,31.940000534057617,31.940000534057617,32.209999084472656,31.75,32.119998931884766,0
2/27/03,30.530000686645508,30.530000686645508,31.850000381469727,30.469999313354492,31.760000228881836,0
2/28/03,29.62999916,29.62999916,29.84000015258789,29.059999465942383,29.84000015258789,0
3/3/03,30.43000030517578,30.43000030517578,30.520000457763672,29.709999084472656,29.780000686645508,0
3/4/03,31.829999923706055,31.829999923706055,31.979999542236328,30.979999542236328,31.049999237060547,0
3/5/03,30.37999916,30.37999916,31.329999923706055,30.37999916,31.25,0
3/6/03,31.37000084,31.37000084,31.530000686645508,30.690000534057617,31.040000915527344,0
3/7/03,31.079999923706055,31.079999923706055,32.810001373291016,30.84000015258789,32.63999938964844,0
3/10/03,33.310001373291016,33.310001373291016,33.849998474121094,33.08000183105469,33.369998931884766,0
3/11/03,33.61000061035156,33.61000061035156,33.75,32.970001220703125,33.31999969482422,0
3/12/03,33.50999832,33.50999832,34.400001525878906,33.31999969482422,33.689998626708984,0
3/13/03,31.760000228881836,31.760000228881836,32.97999954223633,31.670000076293945,32.97999954223633,0
3/14/03,30.979999542236328,30.979999542236328,31.25,30.450000762939453,30.850000381469727,0
3/17/03,31.75,31.75,32.619998931884766,31.670000076293945,31.850000381469727,0
3/18/03,30.43000030517578,30.43000030517578,31.510000228881836,30.239999771118164,31.510000228881836,0
3/19/03,31.540000915527344,31.540000915527344,31.540000915527344,30.399999618530273,30.81999969482422,0
3/20/03,30.440000534057617,30.440000534057617,32.0,30.40999984741211,31.809999465942383,0
3/21/03,28.670000076293945,28.670000076293945,29.700000762939453,28.440000534057617,29.40999984741211,0
3/24/03,30.38999938964844,30.38999938964844,31.0,30.329999923706055,30.530000686645508,0
3/25/03,28.75,28.75,30.5,28.75,30.270000457763672,0
3/26/03,28.229999542236328,28.229999542236328,28.790000915527344,27.88999938964844,28.62000084,0
3/27/03,27.959999084472656,27.959999084472656,29.100000381469727,27.62000084,28.940000534057617,0
3/28/03,27.75,27.75,28.25,27.579999923706055,28.209999084472656,0
3/31/03,29.149999618530273,29.149999618530273,30.209999084472656,28.56999969482422,29.950000762939453,0
4/1/03,28.36000061035156,28.36000061035156,29.579999923706055,28.18000030517578,29.579999923706055,0
4/2/03,28.020000457763672,28.020000457763672,28.12000084,27.450000762939453,27.5,0
4/3/03,28.209999084472656,28.209999084472656,28.440000534057617,27.540000915527344,28.31999969482422,0
4/4/03,29.12999916,29.12999916,30.040000915527344,28.350000381469727,28.350000381469727,0
4/7/03,28.450000762939453,28.450000762939453,28.86000061035156,27.68000030517578,28.86000061035156,0
4/8/03,27.12999916,27.12999916,27.940000534057617,26.86000061035156,27.87000084,0
4/9/03,27.11000061035156,27.11000061035156,27.229999542236328,26.12999916,27.079999923706055,0
4/10/03,25.600000381469727,25.600000381469727,27.12999916,25.510000228881836,26.920000076293945,0
4/11/03,24.440000534057617,24.440000534057617,25.200000762939453,24.309999465942383,24.420000076293945,0
4/14/03,23.40999984741211,23.40999984741211,25.0,23.31999969482422,24.829999923706055,0
4/15/03,22.559999465942383,22.559999465942383,23.420000076293945,22.440000534057617,23.239999771118164,0
4/16/03,22.520000457763672,22.520000457763672,22.850000381469727,21.950000762939453,22.5,0
4/17/03,21.5,21.5,22.37999916,21.329999923706055,22.11000061035156,0
4/21/03,21.950000762939453,21.950000762939453,22.350000381469727,21.559999465942383,21.809999465942383,0
4/22/03,20.700000762939453,20.700000762939453,21.86000061035156,20.260000228881836,21.829999923706055,0
4/23/03,20.799999237060547,20.799999237060547,21.06999969482422,20.68000030517578,20.86000061035156,0
4/24/03,20.329999923706055,20.329999923706055,21.270000457763672,20.309999465942383,21.030000686645508,0
4/25/03,20.799999237060547,20.799999237060547,20.88999938964844,20.36000061035156,20.510000228881836,0
4/28/03,20.84000015258789,20.84000015258789,20.959999084472656,20.649999618530273,20.88999938964844,0
4/29/03,20.760000228881836,20.760000228881836,21.329999923706055,20.459999084472656,20.65999984741211,0
4/30/03,21.209999084472656,21.209999084472656,21.559999465942383,20.87000084,21.040000915527344,0
5/1/03,21.59000015258789,21.59000015258789,22.329999923706055,21.31999969482422,21.350000381469727,0
5/2/03,20.62999916,20.62999916,21.420000076293945,20.62999916,21.09000015258789,0
5/5/03,21.12999916,21.12999916,21.709999084472656,21.059999465942383,21.31999969482422,0
5/6/03,20.799999237060547,20.799999237060547,21.350000381469727,20.399999618530273,21.0,0
5/7/03,21.0,21.0,21.579999923706055,20.940000534057617,21.450000762939453,0
5/8/03,21.239999771118164,21.239999771118164,21.65999984741211,20.700000762939453,21.65999984741211,0
5/9/03,19.690000534057617,19.690000534057617,20.93000030517578,19.65999984741211,20.850000381469727,0
5/12/03,19.520000457763672,19.520000457763672,20.020000457763672,19.38999938964844,19.959999084472656,0
5/13/03,19.90999984741211,19.90999984741211,20.049999237060547,19.350000381469727,19.510000228881836,0
5/14/03,20.0,20.0,20.290000915527344,19.81999969482422,20.020000457763672,0
5/15/03,19.239999771118164,19.239999771118164,19.790000915527344,19.219999313354492,19.549999237060547,0
5/16/03,18.399999618530273,18.399999618530273,19.420000076293945,18.239999771118164,19.260000228881836,0
5/19/03,20.510000228881836,20.510000228881836,20.690000534057617,19.450000762939453,19.489999771118164,0
5/20/03,21.290000915527344,21.290000915527344,21.68000030517578,20.299999237060547,20.489999771118164,0
5/21/03,21.209999084472656,21.209999084472656,21.719999313354492,21.209999084472656,21.690000534057617,0
5/22/03,19.780000686645508,19.780000686645508,21.0,19.559999465942383,20.989999771118164,0
5/23/03,19.170000076293945,19.170000076293945,20.079999923706055,19.13999938964844,20.06999969482422,0
5/27/03,19.989999771118164,19.989999771118164,20.75,19.65999984741211,20.68000030517578,0
5/28/03,20.030000686645508,20.030000686645508,20.350000381469727,19.790000915527344,19.790000915527344,0
5/29/03,20.43000030517578,20.43000030517578,20.739999771118164,19.65999984741211,19.719999313354492,0
5/30/03,19.469999313354492,19.469999313354492,19.829999923706055,19.440000534057617,19.829999923706055,0
6/2/03,20.850000381469727,20.850000381469727,20.979999542236328,20.059999465942383,20.350000381469727,0
6/3/03,20.84000015258789,20.84000015258789,21.219999313354492,20.700000762939453,20.850000381469727,0
6/4/03,20.62000084,20.62000084,20.950000762939453,20.5,20.950000762939453,0
6/5/03,20.829999923706055,20.829999923706055,21.38999938964844,20.809999465942383,21.209999084472656,0
6/6/03,21.25,21.25,21.440000534057617,20.15999984741211,20.40999984741211,0
6/9/03,22.149999618530273,22.149999618530273,22.809999465942383,22.12000084,22.200000762939453,0
6/10/03,20.63999938964844,20.63999938964844,21.87000084,20.63999938964844,21.87000084,0
6/11/03,20.209999084472656,20.209999084472656,20.719999313354492,20.100000381469727,20.61000061035156,0
6/12/03,20.40999984741211,20.40999984741211,21.040000915527344,20.38999938964844,20.739999771118164,0
6/13/03,20.65999984741211,20.65999984741211,20.899999618530273,20.5,20.56999969482422,0
6/16/03,20.219999313354492,20.219999313354492,21.280000686645508,20.219999313354492,21.280000686645508,0
6/17/03,20.010000228881836,20.010000228881836,20.549999237060547,19.780000686645508,20.299999237060547,0
6/18/03,19.760000228881836,19.760000228881836,20.329999923706055,19.739999771118164,20.25,0
6/19/03,19.799999237060547,19.799999237060547,19.989999771118164,19.510000228881836,19.829999923706055,0
6/20/03,19.13999938964844,19.13999938964844,19.59000015258789,18.88999938964844,19.540000915527344,0
6/23/03,20.579999923706055,20.579999923706055,20.989999771118164,20.15999984741211,20.15999984741211,0
6/24/03,20.75,20.75,20.88999938964844,20.239999771118164,20.290000915527344,0
6/25/03,20.809999465942383,20.809999465942383,21.25,20.479999542236328,21.13999938964844,0
6/26/03,19.399999618530273,19.399999618530273,20.469999313354492,19.399999618530273,20.190000534057617,0
6/27/03,19.15999984741211,19.15999984741211,19.63999938964844,18.87000084,19.399999618530273,0
6/30/03,19.520000457763672,19.520000457763672,19.62999916,19.209999084472656,19.309999465942383,0
7/1/03,19.459999084472656,19.459999084472656,20.799999237060547,19.290000915527344,20.489999771118164,0
7/2/03,19.030000686645508,19.030000686645508,19.399999618530273,18.84000015258789,18.90999984741211,0
7/3/03,19.38999938964844,19.38999938964844,19.729999542236328,18.86000061035156,19.329999923706055,0
7/7/03,20.059999465942383,20.059999465942383,20.31999969482422,19.84000015258789,19.989999771118164,0
7/8/03,19.479999542236328,19.479999542236328,20.049999237060547,19.37000084,19.959999084472656,0
7/9/03,18.93000030517578,18.93000030517578,19.62999916,18.93000030517578,19.5,0
7/10/03,19.190000534057617,19.190000534057617,19.5,19.049999237060547,19.260000228881836,0
7/11/03,18.469999313354492,18.469999313354492,18.88999938964844,18.260000228881836,18.75,0
7/14/03,19.59000015258789,19.59000015258789,19.670000076293945,18.700000762939453,18.87999916,0
7/15/03,19.549999237060547,19.549999237060547,19.93000030517578,19.37999916,19.700000762939453,0
7/16/03,19.760000228881836,19.760000228881836,20.149999618530273,19.65999984741211,19.709999084472656,0
7/17/03,20.219999313354492,20.219999313354492,20.450000762939453,19.799999237060547,19.799999237060547,0
7/18/03,19.11000061035156,19.11000061035156,20.200000762939453,19.100000381469727,20.13999938964844,0
7/21/03,19.780000686645508,19.780000686645508,20.36000061035156,19.780000686645508,20.059999465942383,0
7/22/03,19.170000076293945,19.170000076293945,20.06999969482422,19.100000381469727,19.850000381469727,0
7/23/03,18.63999938964844,18.63999938964844,19.600000381469727,18.600000381469727,19.440000534057617,0
7/24/03,18.600000381469727,18.600000381469727,18.649999618530273,17.87999916,18.37000084,0
7/25/03,17.75,17.75,18.87999916,17.649999618530273,18.600000381469727,0
7/28/03,18.36000061035156,18.36000061035156,18.760000228881836,18.25,18.690000534057617,0
7/29/03,18.670000076293945,18.670000076293945,19.5,18.31999969482422,18.600000381469727,0
7/30/03,18.850000381469727,18.850000381469727,19.030000686645508,18.729999542236328,18.87999916,0
7/31/03,19.489999771118164,19.489999771118164,19.579999923706055,18.36000061035156,18.81999969482422,0
8/1/03,20.75,20.75,20.770000457763672,20.059999465942383,20.059999465942383,0
8/4/03,21.270000457763672,21.270000457763672,22.86000061035156,21.25,22.15999984741211,0
8/5/03,22.68000030517578,22.68000030517578,22.68000030517578,21.36000061035156,21.61000061035156,0
8/6/03,21.5,21.5,23.88999938964844,21.479999542236328,23.260000228881836,0
8/7/03,20.260000228881836,20.260000228881836,21.719999313354492,20.09000015258789,21.510000228881836,0
8/8/03,19.59000015258789,19.59000015258789,20.209999084472656,19.479999542236328,19.780000686645508,0
8/11/03,19.75,19.75,20.309999465942383,19.510000228881836,20.040000915527344,0
8/12/03,17.940000534057617,17.940000534057617,19.549999237060547,17.75,19.11000061035156,0
8/13/03,18.770000457763672,18.770000457763672,18.989999771118164,18.049999237060547,18.309999465942383,0
8/14/03,18.469999313354492,18.469999313354492,18.959999084472656,18.200000762939453,18.959999084472656,0
8/15/03,18.270000457763672,18.270000457763672,18.940000534057617,18.149999618530273,18.649999618530273,0
8/18/03,18.18000030517578,18.18000030517578,18.850000381469727,18.010000228881836,18.719999313354492,0
8/19/03,17.860000610351562,17.860000610351562,18.37999916,17.790000915527344,17.989999771118164,0
8/20/03,17.81999969482422,17.81999969482422,18.329999923706055,17.809999465942383,18.06999969482422,0
8/21/03,17.84000015258789,17.84000015258789,18.18000030517578,17.639999389648438,17.639999389648438,0
8/22/03,18.549999237060547,18.549999237060547,18.62999916,17.729999542236328,17.739999771118164,0
8/25/03,19.530000686645508,19.530000686645508,19.579999923706055,19.209999084472656,19.450000762939453,0
8/26/03,19.489999771118164,19.489999771118164,20.299999237060547,19.450000762939453,19.770000457763672,0
8/27/03,19.12999916,19.12999916,19.93000030517578,19.09000015258789,19.90999984741211,0
8/28/03,18.479999542236328,18.479999542236328,19.59000015258789,18.450000762939453,19.09000015258789,0
8/29/03,18.62999916,18.62999916,18.75,18.520000457763672,18.530000686645508,0
9/2/03,19.020000457763672,19.020000457763672,19.829999923706055,18.950000762939453,19.309999465942383,0
9/3/03,19.440000534057617,19.440000534057617,19.579999923706055,19.209999084472656,19.309999465942383,0
9/4/03,18.709999084472656,18.709999084472656,19.63999938964844,18.700000762939453,19.579999923706055,0
9/5/03,18.170000076293945,18.170000076293945,18.690000534057617,18.149999618530273,18.63999938964844,0
9/8/03,18.260000228881836,18.260000228881836,18.59000015258789,18.25,18.299999237060547,0
9/9/03,18.850000381469727,18.850000381469727,19.13999938964844,18.450000762939453,18.479999542236328,0
9/10/03,20.010000228881836,20.010000228881836,20.149999618530273,19.260000228881836,19.260000228881836,0
9/11/03,19.25,19.25,20.020000457763672,19.190000534057617,19.87000084,0
9/12/03,18.68000030517578,18.68000030517578,20.65999984741211,18.510000228881836,20.579999923706055,0
9/15/03,19.280000686645508,19.280000686645508,19.350000381469727,18.850000381469727,19.149999618530273,0
9/16/03,18.030000686645508,18.030000686645508,18.940000534057617,17.950000762939453,18.940000534057617,0
9/17/03,18.149999618530273,18.149999618530273,18.239999771118164,17.979999542236328,18.030000686645508,0
9/18/03,17.56999969482422,17.56999969482422,18.149999618530273,17.559999465942383,18.13999938964844,0
9/19/03,17.540000915527344,17.540000915527344,17.860000610351562,17.520000457763672,17.829999923706055,0
9/22/03,19.649999618530273,19.649999618530273,20.030000686645508,19.030000686645508,19.079999923706055,0
9/23/03,19.469999313354492,19.469999313354492,19.969999313354492,19.309999465942383,19.90999984741211,0
9/24/03,21.219999313354492,21.219999313354492,21.260000228881836,19.440000534057617,19.530000686645508,0
9/25/03,22.260000228881836,22.260000228881836,22.270000457763672,21.040000915527344,21.11000061035156,0
9/26/03,22.229999542236328,22.229999542236328,22.729999542236328,21.850000381469727,22.280000686645508,0
9/29/03,21.670000076293945,21.670000076293945,22.850000381469727,21.63999938964844,22.850000381469727,0
9/30/03,22.719999313354492,22.719999313354492,23.260000228881836,22.030000686645508,22.040000915527344,0
10/1/03,21.06999969482422,21.06999969482422,22.81999969482422,20.989999771118164,22.809999465942383,0
10/2/03,20.799999237060547,20.799999237060547,21.450000762939453,20.709999084472656,21.229999542236328,0
10/3/03,19.5,19.5,20.09000015258789,18.950000762939453,19.940000534057617,0
10/6/03,19.510000228881836,19.510000228881836,20.690000534057617,19.450000762939453,20.690000534057617,0
10/7/03,19.40999984741211,19.40999984741211,20.13999938964844,19.399999618530273,20.13999938964844,0
10/8/03,19.18000030517578,19.18000030517578,19.61000061035156,19.079999923706055,19.260000228881836,0
10/9/03,18.81999969482422,18.81999969482422,19.280000686645508,18.260000228881836,18.510000228881836,0
10/10/03,18.450000762939453,18.450000762939453,18.920000076293945,18.420000076293945,18.920000076293945,0
10/13/03,17.549999237060547,17.549999237060547,17.90999984741211,17.420000076293945,17.62000084,0
10/14/03,17.37000084,17.37000084,17.790000915527344,17.200000762939453,17.399999618530273,0
10/15/03,17.690000534057617,17.690000534057617,17.959999084472656,16.979999542236328,17.729999542236328,0
10/16/03,17.190000534057617,17.190000534057617,18.049999237060547,16.860000610351562,17.579999923706055,0
10/17/03,17.62000084,17.62000084,17.850000381469727,16.969999313354492,16.969999313354492,0
10/20/03,17.040000915527344,17.040000915527344,18.06999969482422,17.040000915527344,17.84000015258789,0
10/21/03,16.549999237060547,16.549999237060547,17.229999542236328,16.190000534057617,17.15999984741211,0
10/22/03,17.670000076293945,17.670000076293945,17.979999542236328,17.100000381469727,17.100000381469727,0
10/23/03,17.68000030517578,17.68000030517578,18.510000228881836,17.479999542236328,18.510000228881836,0
10/24/03,17.709999084472656,17.709999084472656,18.68000030517578,17.670000076293945,18.25,0
10/27/03,18.049999237060547,18.049999237060547,18.18000030517578,17.739999771118164,17.969999313354492,0
10/28/03,16.81999969482422,16.81999969482422,17.889999389648438,16.770000457763672,17.790000915527344,0
10/29/03,16.43000030517578,16.43000030517578,17.020000457763672,16.34000015258789,16.850000381469727,0
10/30/03,16.329999923706055,16.329999923706055,16.760000228881836,16.010000228881836,16.040000915527344,0
10/31/03,16.100000381469727,16.100000381469727,16.190000534057617,15.789999961853027,16.110000610351562,0
11/3/03,16.549999237060547,16.549999237060547,16.700000762939453,16.219999313354492,16.329999923706055,0
11/4/03,16.549999237060547,16.549999237060547,16.780000686645508,16.450000762939453,16.56999969482422,0
11/5/03,16.860000610351562,16.860000610351562,17.31999969482422,16.549999237060547,16.989999771118164,0
11/6/03,16.739999771118164,16.739999771118164,17.37000084,16.62000084,17.0,0
11/7/03,16.93000030517578,16.93000030517578,16.93000030517578,16.5,16.62999916,0
11/10/03,17.62000084,17.62000084,17.87999916,17.530000686645508,17.790000915527344,0
11/11/03,17.540000915527344,17.540000915527344,18.530000686645508,17.5,18.13999938964844,0
11/12/03,16.75,16.75,17.850000381469727,16.549999237060547,17.780000686645508,0
11/13/03,16.469999313354492,16.469999313354492,17.12999916,16.43000030517578,17.049999237060547,0
11/14/03,16.940000534057617,16.940000534057617,17.0,16.170000076293945,16.62999916,0
11/17/03,18.600000381469727,18.600000381469727,19.36000061035156,18.040000915527344,18.13999938964844,0
11/18/03,19.11000061035156,19.11000061035156,19.170000076293945,17.780000686645508,18.09000015258789,0
11/19/03,18.799999237060547,18.799999237060547,19.510000228881836,18.649999618530273,19.13999938964844,0
11/20/03,19.479999542236328,19.479999542236328,19.61000061035156,18.459999084472656,19.09000015258789,0
11/21/03,18.979999542236328,18.979999542236328,19.399999618530273,18.81999969482422,19.079999923706055,0
11/24/03,17.440000534057617,17.440000534057617,18.979999542236328,17.190000534057617,18.90999984741211,0
11/25/03,16.709999084472656,16.709999084472656,17.87000084,16.399999618530273,17.399999618530273,0
11/26/03,16.229999542236328,16.229999542236328,17.260000228881836,16.020000457763672,16.110000610351562,0
11/28/03,16.31999969482422,16.31999969482422,16.62000084,16.15999984741211,16.510000228881836,0
12/1/03,16.770000457763672,16.770000457763672,17.030000686645508,16.170000076293945,16.739999771118164,0
12/2/03,16.270000457763672,16.270000457763672,16.889999389648438,16.170000076293945,16.889999389648438,0
12/3/03,16.62999916,16.62999916,16.68000030517578,15.770000457763672,16.079999923706055,0
12/4/03,16.299999237060547,16.299999237060547,16.829999923706055,16.290000915527344,16.479999542236328,0
12/5/03,17.09000015258789,17.09000015258789,17.31999969482422,16.5,16.760000228881836,0
12/8/03,16.540000915527344,16.540000915527344,17.59000015258789,16.520000457763672,17.549999237060547,0
12/9/03,17.62999916,17.62999916,17.799999237060547,16.559999465942383,16.62999916,0
12/10/03,17.87000084,17.87000084,18.270000457763672,17.579999923706055,17.65999984741211,0
12/11/03,16.729999542236328,16.729999542236328,17.950000762939453,16.510000228881836,17.950000762939453,0
12/12/03,16.40999984741211,16.40999984741211,16.979999542236328,16.09000015258789,16.190000534057617,0
12/15/03,17.229999542236328,17.229999542236328,17.420000076293945,15.789999961853027,15.800000190734863,0
12/16/03,15.93000030517578,15.93000030517578,17.450000762939453,15.899999618530272,17.270000457763672,0
12/17/03,15.579999923706056,15.579999923706056,16.270000457763672,15.520000457763672,16.12000084,0
12/18/03,16.15999984741211,16.15999984741211,16.190000534057617,14.65999984741211,15.59000015258789,0
12/19/03,16.420000076293945,16.420000076293945,16.809999465942383,15.710000038146973,16.65999984741211,0
12/22/03,16.940000534057617,16.940000534057617,17.309999465942383,16.610000610351562,17.059999465942383,0
12/23/03,16.489999771118164,16.489999771118164,17.399999618530273,16.290000915527344,17.31999969482422,0
12/24/03,16.65999984741211,16.65999984741211,16.770000457763672,16.239999771118164,16.649999618530273,0
12/26/03,17.450000762939453,17.450000762939453,17.489999771118164,16.62999916,16.760000228881836,0
12/29/03,17.09000015258789,17.09000015258789,17.860000610351562,17.06999969482422,17.809999465942383,0
12/30/03,17.68000030517578,17.68000030517578,17.969999313354492,17.200000762939453,17.31999969482422,0
12/31/03,18.309999465942383,18.309999465942383,18.86000061035156,17.40999984741211,17.489999771118164,0
1/2/04,18.219999313354492,18.219999313354492,18.68000030517578,17.540000915527344,17.959999084472656,0
1/5/04,17.489999771118164,17.489999771118164,18.489999771118164,17.440000534057617,18.450000762939453,0
1/6/04,16.729999542236328,16.729999542236328,17.670000076293945,16.190000534057617,17.65999984741211,0
1/7/04,15.5,15.5,16.75,15.5,16.719999313354492,0
1/8/04,15.609999656677246,15.609999656677246,15.68000030517578,15.31999969482422,15.420000076293944,0
1/9/04,16.75,16.75,16.87999916,15.56999969482422,16.149999618530273,0
1/12/04,16.81999969482422,16.81999969482422,17.459999084472656,16.790000915527344,17.31999969482422,0
1/13/04,18.040000915527344,18.040000915527344,18.329999923706055,16.530000686645508,16.600000381469727,0
1/14/04,16.75,16.75,17.299999237060547,16.399999618530273,17.290000915527344,0
1/15/04,15.56000042,15.56000042,17.309999465942383,15.489999771118164,17.06999969482422,0
1/16/04,15.0,15.0,15.43999958,14.899999618530272,15.399999618530272,0
1/20/04,15.210000038146973,15.210000038146973,16.12999916,15.09000015258789,15.770000457763672,0
1/21/04,14.34000015258789,14.34000015258789,15.630000114440918,14.239999771118164,15.630000114440918,0
1/22/04,14.710000038146973,14.710000038146973,14.869999885559082,14.010000228881836,14.199999809265137,0
1/23/04,14.84000015258789,14.84000015258789,15.050000190734863,14.56000042,14.729999542236328,0
1/26/04,14.550000190734863,14.550000190734863,15.779999732971191,14.520000457763672,15.779999732971191,0
1/27/04,15.350000381469728,15.350000381469728,15.43999958,14.739999771118164,15.279999732971191,0
1/28/04,16.780000686645508,16.780000686645508,17.059999465942383,15.289999961853027,15.369999885559082,0
1/29/04,17.139999389648438,17.139999389648438,17.65999984741211,16.790000915527344,16.87999916,0
1/30/04,16.62999916,16.62999916,17.350000381469727,16.549999237060547,16.549999237060547,0
2/2/04,17.110000610351562,17.110000610351562,17.559999465942383,16.670000076293945,17.450000762939453,0
2/3/04,17.34000015258789,17.34000015258789,17.780000686645508,17.170000076293945,17.290000915527344,0
2/4/04,17.87000084,17.87000084,18.059999465942383,17.459999084472656,17.84000015258789,0
2/5/04,17.709999084472656,17.709999084472656,17.989999771118164,17.600000381469727,17.90999984741211,0
2/6/04,16.0,16.0,17.709999084472656,15.93999958,17.709999084472656,0
2/9/04,16.389999389648438,16.389999389648438,16.81999969482422,16.12000084,16.540000915527344,0
2/10/04,15.93999958,15.93999958,16.760000228881836,15.84000015258789,16.40999984741211,0
2/11/04,15.390000343322754,15.390000343322754,16.15999984741211,15.260000228881836,15.899999618530272,0
2/12/04,15.31000042,15.31000042,15.720000267028809,15.229999542236328,15.359999656677246,0
2/13/04,15.579999923706056,15.579999923706056,16.030000686645508,14.859999656677246,15.119999885559082,0
2/17/04,15.399999618530272,15.399999618530272,15.960000038146973,15.31999969482422,15.630000114440918,0
2/18/04,15.59000015258789,15.59000015258789,15.760000228881836,15.300000190734863,15.510000228881836,0
2/19/04,15.800000190734863,15.800000190734863,15.970000267028809,15.199999809265137,15.329999923706056,0
2/20/04,16.040000915527344,16.040000915527344,16.549999237060547,15.81999969482422,15.850000381469728,0
2/23/04,16.290000915527344,16.290000915527344,16.780000686645508,16.25,16.5,0
2/24/04,15.899999618530272,15.899999618530272,16.760000228881836,15.770000457763672,16.37999916,0
2/25/04,14.93000030517578,14.93000030517578,16.049999237060547,14.93000030517578,15.579999923706056,0
2/26/04,14.829999923706056,14.829999923706056,15.329999923706056,14.68999958,15.31999969482422,0
2/27/04,14.550000190734863,14.550000190734863,14.770000457763672,13.800000190734863,13.800000190734863,0
3/1/04,14.43999958,14.43999958,15.050000190734863,14.399999618530272,14.90999984741211,0
3/2/04,14.859999656677246,14.859999656677246,14.890000343322754,14.18000030517578,14.59000015258789,0
3/3/04,14.550000190734863,14.550000190734863,15.270000457763672,14.470000267028809,14.729999542236328,0
3/4/04,14.399999618530272,14.399999618530272,14.5,14.18999958,14.449999809265137,0
3/5/04,14.479999542236328,14.479999542236328,14.81999969482422,13.829999923706056,14.81000042,0
3/8/04,15.789999961853027,15.789999961853027,15.829999923706056,14.539999961853027,14.829999923706056,0
3/9/04,16.600000381469727,16.600000381469727,16.739999771118164,15.56000042,15.56999969482422,0
3/10/04,18.670000076293945,18.670000076293945,18.700000762939453,16.110000610351562,16.12000084,0
3/11/04,20.670000076293945,20.670000076293945,20.690000534057617,17.62999916,18.809999465942383,0
3/12/04,18.299999237060547,18.299999237060547,20.079999923706055,18.059999465942383,19.940000534057617,0
3/15/04,21.12999916,21.12999916,21.38999938964844,18.86000061035156,18.979999542236328,0
3/16/04,20.34000015258789,20.34000015258789,20.940000534057617,19.86000061035156,20.270000457763672,0
3/17/04,18.11000061035156,18.11000061035156,19.549999237060547,17.979999542236328,19.540000915527344,0
3/18/04,18.530000686645508,18.530000686645508,19.229999542236328,18.350000381469727,18.37999916,0
3/19/04,19.149999618530273,19.149999618530273,19.25,17.889999389648438,17.979999542236328,0
3/22/04,21.579999923706055,21.579999923706055,22.670000076293945,20.61000061035156,20.61000061035156,0
3/23/04,20.670000076293945,20.670000076293945,21.329999923706055,20.010000228881836,21.059999465942383,0
3/24/04,19.809999465942383,19.809999465942383,20.829999923706055,19.450000762939453,20.239999771118164,0
3/25/04,17.87999916,17.87999916,19.579999923706055,17.610000610351562,19.579999923706055,0
3/26/04,17.329999923706055,17.329999923706055,18.229999542236328,16.670000076293945,18.190000534057617,0
3/29/04,16.5,16.5,17.170000076293945,16.290000915527344,17.110000610351562,0
3/30/04,16.280000686645508,16.280000686645508,16.799999237060547,16.12999916,16.68000030517578,0
3/31/04,16.739999771118164,16.739999771118164,16.959999084472656,16.229999542236328,16.329999923706055,0
4/1/04,16.649999618530273,16.649999618530273,17.25,16.649999618530273,16.760000228881836,0
4/2/04,15.640000343322754,15.640000343322754,16.549999237060547,15.210000038146973,15.210000038146973,0
4/5/04,14.970000267028809,14.970000267028809,16.639999389648438,14.81000042,16.170000076293945,0
4/6/04,15.31999969482422,15.31999969482422,15.529999732971191,15.06999969482422,15.350000381469728,0
4/7/04,15.760000228881836,15.760000228881836,16.360000610351562,15.34000015258789,15.40999984741211,0
4/8/04,16.260000228881836,16.260000228881836,16.81999969482422,14.960000038146973,14.960000038146973,0
4/12/04,15.279999732971191,15.279999732971191,16.12000084,15.0,15.710000038146973,0
4/13/04,17.260000228881836,17.260000228881836,17.979999542236328,15.289999961853027,15.289999961853027,0
4/14/04,15.619999885559082,15.619999885559082,17.709999084472656,15.600000381469728,17.290000915527344,0
4/15/04,15.739999771118164,15.739999771118164,16.780000686645508,15.220000267028809,16.020000457763672,0
4/16/04,14.93999958,14.93999958,15.68999958,14.770000457763672,15.59000015258789,0
4/19/04,15.420000076293944,15.420000076293944,16.079999923706055,15.329999923706056,15.729999542236328,0
4/20/04,16.670000076293945,16.670000076293945,16.719999313354492,14.789999961853027,15.239999771118164,0
4/21/04,15.600000381469728,15.600000381469728,16.940000534057617,15.550000190734863,16.610000610351562,0
4/22/04,14.609999656677246,14.609999656677246,15.979999542236328,13.859999656677246,15.890000343322754,0
4/23/04,14.010000228881836,14.010000228881836,14.56000042,13.890000343322754,14.420000076293944,0
4/26/04,14.770000457763672,14.770000457763672,15.220000267028809,14.390000343322754,14.75,0
4/27/04,15.06999969482422,15.06999969482422,15.170000076293944,14.369999885559082,15.050000190734863,0
4/28/04,16.290000915527344,16.290000915527344,16.540000915527344,15.550000190734863,15.550000190734863,0
4/29/04,16.600000381469727,16.600000381469727,17.270000457763672,15.869999885559082,16.360000610351562,0
4/30/04,17.190000534057617,17.190000534057617,17.229999542236328,16.139999389648438,16.270000457763672,0
5/3/04,16.62000084,16.62000084,17.719999313354492,16.610000610351562,17.690000534057617,0
5/4/04,16.549999237060547,16.549999237060547,17.12999916,15.970000267028809,16.799999237060547,0
5/5/04,15.770000457763672,15.770000457763672,16.549999237060547,15.640000343322754,16.43000030517578,0
5/6/04,17.049999237060547,17.049999237060547,17.670000076293945,16.450000762939453,16.450000762939453,0
5/7/04,18.12999916,18.12999916,18.170000076293945,16.440000534057617,17.219999313354492,0
5/10/04,19.770000457763672,19.770000457763672,20.200000762939453,18.989999771118164,19.440000534057617,0
5/11/04,18.56999969482422,18.56999969482422,19.280000686645508,17.940000534057617,19.229999542236328,0
5/12/04,18.13999938964844,18.13999938964844,20.40999984741211,18.13999938964844,18.790000915527344,0
5/13/04,18.86000061035156,18.86000061035156,18.920000076293945,17.969999313354492,18.780000686645508,0
5/14/04,18.469999313354492,18.469999313354492,19.270000457763672,18.059999465942383,18.65999984741211,0
5/17/04,19.959999084472656,19.959999084472656,20.450000762939453,19.649999618530273,19.700000762939453,0
5/18/04,19.329999923706055,19.329999923706055,19.700000762939453,19.13999938964844,19.600000381469727,0
5/19/04,18.93000030517578,18.93000030517578,18.93000030517578,17.579999923706055,18.479999542236328,0
5/20/04,18.670000076293945,18.670000076293945,19.25,18.549999237060547,18.600000381469727,0
5/21/04,18.489999771118164,18.489999771118164,18.739999771118164,18.0,18.729999542236328,0
5/24/04,18.079999923706055,18.079999923706055,18.81999969482422,17.959999084472656,18.790000915527344,0
5/25/04,15.960000038146973,15.960000038146973,18.420000076293945,15.729999542236328,18.40999984741211,0
5/26/04,15.970000267028809,15.970000267028809,16.299999237060547,15.779999732971191,16.09000015258789,0
5/27/04,15.279999732971191,15.279999732971191,15.859999656677246,15.18999958,15.739999771118164,0
5/28/04,15.5,15.5,15.649999618530272,15.390000343322754,15.43999958,0
6/1/04,16.299999237060547,16.299999237060547,16.959999084472656,16.190000534057617,16.600000381469727,0
6/2/04,16.079999923706055,16.079999923706055,16.700000762939453,15.949999809265137,16.049999237060547,0
6/3/04,17.030000686645508,17.030000686645508,17.040000915527344,16.15999984741211,16.43000030517578,0
6/4/04,16.780000686645508,16.780000686645508,16.899999618530273,15.81999969482422,16.239999771118164,0
6/7/04,15.390000343322754,15.390000343322754,16.700000762939453,15.329999923706056,16.600000381469727,0
6/8/04,15.010000228881836,15.010000228881836,15.880000114440918,15.0,15.789999961853027,0
6/9/04,15.390000343322754,15.390000343322754,15.460000038146973,14.56000042,14.56000042,0
6/10/04,15.039999961853027,15.039999961853027,15.350000381469728,14.920000076293944,15.329999923706056,0
6/14/04,16.06999969482422,16.06999969482422,16.360000610351562,15.539999961853027,15.539999961853027,0
6/15/04,15.050000190734863,15.050000190734863,15.350000381469728,14.720000267028809,15.34000015258789,0
6/16/04,14.789999961853027,14.789999961853027,15.220000267028809,14.479999542236328,14.829999923706056,0
6/17/04,15.149999618530272,15.149999618530272,15.579999923706056,15.0,15.06000042,0
6/18/04,14.989999771118164,14.989999771118164,15.25,14.510000228881836,14.739999771118164,0
6/21/04,15.260000228881836,15.260000228881836,15.619999885559082,14.960000038146973,15.609999656677246,0
6/22/04,14.31000042,14.31000042,15.640000343322754,14.31000042,15.43999958,0
6/23/04,13.979999542236328,13.979999542236328,14.81999969482422,13.75,14.600000381469728,0
6/24/04,14.81000042,14.81000042,14.970000267028809,14.15999984741211,14.390000343322754,0
6/25/04,15.18999958,15.18999958,15.289999961853027,14.470000267028809,14.779999732971191,0
6/28/04,16.06999969482422,16.06999969482422,16.12999916,15.18999958,15.279999732971191,0
6/29/04,15.470000267028809,15.470000267028809,16.280000686645508,15.220000267028809,15.220000267028809,0
6/30/04,14.34000015258789,14.34000015258789,15.729999542236328,14.25,15.270000457763672,0
7/1/04,15.199999809265137,15.199999809265137,15.56999969482422,14.40999984741211,14.739999771118164,0
7/2/04,15.079999923706056,15.079999923706056,15.449999809265137,14.800000190734863,15.229999542236328,0
7/6/04,16.25,16.25,16.75,16.12999916,16.25,0
7/7/04,15.81000042,15.81000042,16.469999313354492,15.59000015258789,16.360000610351562,0
7/8/04,16.200000762939453,16.200000762939453,16.360000610351562,15.5,15.859999656677246,0
7/9/04,15.779999732971191,15.779999732971191,16.030000686645508,15.710000038146973,16.010000228881836,0
7/12/04,14.960000038146973,14.960000038146973,15.609999656677246,14.609999656677246,15.25,0
7/13/04,14.460000038146973,14.460000038146973,15.079999923706056,14.279999732971191,14.859999656677246,0
7/14/04,13.760000228881836,13.760000228881836,16.59000015258789,13.34000015258789,14.899999618530272,0
7/15/04,14.710000038146973,14.710000038146973,14.729999542236328,13.600000381469728,13.93999958,0
7/16/04,14.34000015258789,14.34000015258789,14.579999923706056,13.949999809265137,14.270000457763672,0
7/19/04,15.170000076293944,15.170000076293944,15.829999923706056,14.859999656677246,15.170000076293944,0
7/20/04,14.170000076293944,14.170000076293944,15.56999969482422,13.979999542236328,15.529999732971191,0
7/21/04,16.40999984741211,16.40999984741211,16.459999084472656,13.90999984741211,14.0,0
7/22/04,15.75,15.75,17.100000381469727,15.289999961853027,16.649999618530273,0
7/23/04,16.5,16.5,16.940000534057617,15.81999969482422,15.81999969482422,0
7/26/04,17.299999237060547,17.299999237060547,17.93000030517578,16.979999542236328,17.219999313354492,0
7/27/04,16.549999237060547,16.549999237060547,17.34000015258789,16.299999237060547,17.239999771118164,0
7/28/04,16.149999618530273,16.149999618530273,17.40999984741211,15.93999958,16.770000457763672,0
7/29/04,15.68000030517578,15.68000030517578,16.12000084,15.420000076293944,16.0,0
7/30/04,15.31999969482422,15.31999969482422,15.890000343322754,15.270000457763672,15.850000381469728,0
8/2/04,15.369999885559082,15.369999885559082,16.579999923706055,15.220000267028809,16.420000076293945,0
8/3/04,16.030000686645508,16.030000686645508,16.049999237060547,15.279999732971191,15.56000042,0
8/4/04,16.209999084472656,16.209999084472656,16.649999618530273,15.81999969482422,16.329999923706055,0
8/5/04,18.31999969482422,18.31999969482422,18.40999984741211,16.170000076293945,16.190000534057617,0
8/6/04,19.34000015258789,19.34000015258789,19.68000030517578,18.18000030517578,18.209999084472656,0
8/9/04,18.88999938964844,18.88999938964844,19.969999313354492,18.62999916,19.969999313354492,0
8/10/04,17.469999313354492,17.469999313354492,18.86000061035156,17.25,18.799999237060547,0
8/11/04,18.040000915527344,18.040000915527344,18.489999771118164,17.84000015258789,18.149999618530273,0
8/12/04,19.079999923706055,19.079999923706055,19.299999237060547,18.36000061035156,18.61000061035156,0
8/13/04,17.979999542236328,17.979999542236328,19.25,17.969999313354492,18.90999984741211,0
8/16/04,17.56999969482422,17.56999969482422,19.280000686645508,17.420000076293945,19.280000686645508,0
8/17/04,17.020000457763672,17.020000457763672,17.280000686645508,16.15999984741211,16.579999923706055,0
8/18/04,16.229999542236328,16.229999542236328,17.549999237060547,16.12999916,17.549999237060547,0
8/19/04,16.959999084472656,16.959999084472656,17.549999237060547,16.309999465942383,16.540000915527344,0
8/20/04,16.0,16.0,17.040000915527344,15.779999732971191,16.989999771118164,0
8/23/04,15.880000114440918,15.880000114440918,16.709999084472656,15.789999961853027,16.68000030517578,0
8/24/04,15.329999923706056,15.329999923706056,15.81000042,15.329999923706056,15.630000114440918,0
8/25/04,14.979999542236328,14.979999542236328,15.760000228881836,14.81000042,15.399999618530272,0
8/26/04,14.90999984741211,14.90999984741211,15.220000267028809,14.760000228881836,15.220000267028809,0
8/27/04,14.710000038146973,14.710000038146973,15.020000457763672,14.670000076293944,14.90999984741211,0
8/30/04,15.43999958,15.43999958,15.579999923706056,15.300000190734863,15.350000381469728,0
8/31/04,15.289999961853027,15.289999961853027,15.850000381469728,15.279999732971191,15.640000343322754,0
9/1/04,14.90999984741211,14.90999984741211,15.390000343322754,14.720000267028809,15.390000343322754,0
9/2/04,14.279999732971191,14.279999732971191,15.050000190734863,14.18000030517578,14.970000267028809,0
9/3/04,13.90999984741211,13.90999984741211,14.380000114440918,13.789999961853027,14.359999656677246,0
9/7/04,14.06999969482422,14.06999969482422,14.640000343322754,14.029999732971191,14.520000457763672,0
9/8/04,14.06000042,14.06000042,14.31000042,13.880000114440918,14.15999984741211,0
9/9/04,14.010000228881836,14.010000228881836,14.40999984741211,13.699999809265137,14.119999885559082,0
9/10/04,13.760000228881836,13.760000228881836,14.229999542236328,13.68999958,13.899999618530272,0
9/13/04,13.170000076293944,13.170000076293944,13.779999732971191,13.15999984741211,13.640000343322754,0
9/14/04,13.56000042,13.56000042,13.890000343322754,13.5,13.5,0
9/15/04,14.640000343322754,14.640000343322754,14.670000076293944,13.68000030517578,13.880000114440918,0
9/16/04,14.390000343322754,14.390000343322754,14.65999984741211,14.270000457763672,14.289999961853027,0
9/17/04,14.029999732971191,14.029999732971191,14.43000030517578,13.93000030517578,14.109999656677246,0
9/20/04,14.43000030517578,14.43000030517578,15.289999961853027,13.979999542236328,13.979999542236328,0
9/21/04,13.65999984741211,13.65999984741211,15.979999542236328,13.380000114440918,15.979999542236328,0
9/22/04,14.739999771118164,14.739999771118164,15.300000190734863,13.949999809265137,15.279999732971191,0
9/23/04,14.800000190734863,14.800000190734863,15.079999923706056,14.609999656677246,14.850000381469728,0
9/24/04,14.279999732971191,14.279999732971191,14.93999958,14.079999923706056,14.93000030517578,0
9/27/04,14.619999885559082,14.619999885559082,15.09000015258789,14.550000190734863,14.859999656677246,0
9/28/04,13.829999923706056,13.829999923706056,14.84000015258789,13.68999958,14.729999542236328,0
9/29/04,13.210000038146973,13.210000038146973,14.140000343322754,13.199999809265137,14.09000015258789,0
9/30/04,13.34000015258789,13.34000015258789,13.670000076293944,13.199999809265137,13.489999771118164,0
10/1/04,12.75,12.75,13.109999656677246,12.600000381469728,13.109999656677246,0
10/4/04,13.40999984741211,13.40999984741211,13.449999809265137,12.989999771118164,13.050000190734863,0
10/5/04,13.949999809265137,13.949999809265137,14.18999958,13.510000228881836,13.510000228881836,0
10/6/04,13.279999732971191,13.279999732971191,14.100000381469728,13.239999771118164,14.010000228881836,0
10/7/04,14.5,14.5,14.65999984741211,13.31999969482422,13.329999923706056,0
10/8/04,15.050000190734863,15.050000190734863,15.520000457763672,13.779999732971191,14.699999809265137,0
10/11/04,14.710000038146973,14.710000038146973,15.270000457763672,14.279999732971191,14.68999958,0
10/12/04,15.050000190734863,15.050000190734863,15.68999958,14.90999984741211,15.210000038146973,0
10/13/04,15.420000076293944,15.420000076293944,15.630000114440918,13.920000076293944,13.920000076293944,0
10/14/04,16.43000030517578,16.43000030517578,16.559999465942383,15.220000267028809,15.220000267028809,0
10/15/04,15.039999961853027,15.039999961853027,16.489999771118164,14.720000267028809,16.280000686645508,0
10/18/04,14.710000038146973,14.710000038146973,16.15999984741211,14.640000343322754,16.15999984741211,0
10/19/04,15.130000114440918,15.130000114440918,16.31999969482422,14.31999969482422,16.31999969482422,0
10/20/04,14.850000381469728,14.850000381469728,15.529999732971191,14.800000190734863,15.460000038146973,0
10/21/04,14.539999961853027,14.539999961853027,15.18999958,14.279999732971191,14.979999542236328,0
10/22/04,15.279999732971191,15.279999732971191,15.40999984741211,14.31000042,14.59000015258789,0
10/25/04,16.579999923706055,16.579999923706055,16.709999084472656,16.020000457763672,16.06999969482422,0
10/26/04,16.389999389648438,16.389999389648438,16.87000084,15.970000267028809,16.719999313354492,0
10/27/04,15.720000267028809,15.720000267028809,16.530000686645508,15.65999984741211,16.479999542236328,0
10/28/04,15.390000343322754,15.390000343322754,16.049999237060547,15.359999656677246,16.020000457763672,0
10/29/04,16.270000457763672,16.270000457763672,16.290000915527344,14.960000038146973,15.829999923706056,0
11/1/04,16.270000457763672,16.270000457763672,16.760000228881836,16.18000030517578,16.43000030517578,0
11/2/04,16.18000030517578,16.18000030517578,16.31999969482422,15.210000038146973,15.989999771118164,0
11/3/04,14.039999961853027,14.039999961853027,15.18000030517578,13.789999961853027,15.050000190734863,0
11/4/04,13.970000267028809,13.970000267028809,14.020000457763672,12.949999809265137,13.829999923706056,0
11/5/04,13.84000015258789,13.84000015258789,14.100000381469728,13.229999542236328,13.670000076293944,0
11/8/04,13.800000190734863,13.800000190734863,14.479999542236328,13.68000030517578,14.109999656677246,0
11/9/04,13.609999656677246,13.609999656677246,13.960000038146973,12.890000343322754,12.890000343322754,0
11/10/04,13.079999923706056,13.079999923706056,13.510000228881836,12.789999961853027,13.15999984741211,0
11/11/04,13.039999961853027,13.039999961853027,13.119999885559082,12.640000343322754,13.109999656677246,0
11/12/04,13.329999923706056,13.329999923706056,13.479999542236328,13.039999961853027,13.239999771118164,0
11/15/04,13.380000114440918,13.380000114440918,14.06000042,13.25,14.050000190734863,0
11/16/04,13.210000038146973,13.210000038146973,13.670000076293944,13.199999809265137,13.40999984741211,0
11/17/04,13.210000038146973,13.210000038146973,13.390000343322754,12.770000457763672,13.199999809265137,0
11/18/04,12.979999542236328,12.979999542236328,13.289999961853027,12.960000038146973,13.220000267028809,0
11/19/04,13.5,13.5,13.829999923706056,12.770000457763672,12.789999961853027,0
11/22/04,12.970000267028809,12.970000267028809,13.710000038146973,12.93999958,13.710000038146973,0
11/23/04,12.670000076293944,12.670000076293944,12.90999984741211,12.56999969482422,12.779999732971191,0
11/24/04,12.720000267028809,12.720000267028809,12.890000343322754,12.56000042,12.579999923706056,0
11/26/04,12.779999732971191,12.779999732971191,12.899999618530272,12.59000015258789,12.760000228881836,0
11/29/04,13.300000190734863,13.300000190734863,13.68999958,12.93000030517578,12.989999771118164,0
11/30/04,13.239999771118164,13.239999771118164,13.380000114440918,13.06999969482422,13.270000457763672,0
12/1/04,12.970000267028809,12.970000267028809,13.119999885559082,12.770000457763672,13.100000381469728,0
12/2/04,12.979999542236328,12.979999542236328,13.039999961853027,12.720000267028809,12.970000267028809,0
12/3/04,12.960000038146973,12.960000038146973,13.06000042,12.399999618530272,13.020000457763672,0
12/6/04,13.18999958,13.18999958,13.399999618530272,12.93000030517578,12.949999809265137,0
12/7/04,13.670000076293944,13.670000076293944,13.739999771118164,12.960000038146973,13.06999969482422,0
12/8/04,13.18999958,13.18999958,13.68000030517578,13.18000030517578,13.520000457763672,0
12/9/04,12.880000114440918,12.880000114440918,13.710000038146973,12.770000457763672,13.520000457763672,0
12/10/04,12.760000228881836,12.760000228881836,13.149999618530272,12.68000030517578,13.050000190734863,0
12/13/04,12.539999961853027,12.539999961853027,12.609999656677246,12.130000114440918,12.369999885559082,0
12/14/04,12.729999542236328,12.729999542236328,12.970000267028809,12.210000038146973,12.550000190734863,0
12/15/04,12.350000381469728,12.350000381469728,12.880000114440918,12.229999542236328,12.40999984741211,0
12/16/04,12.270000457763672,12.270000457763672,12.59000015258789,11.960000038146973,12.34000015258789,0
12/17/04,11.949999809265137,11.949999809265137,12.75,11.869999885559082,12.34000015258789,0
12/20/04,11.829999923706056,11.829999923706056,12.34000015258789,11.770000457763672,12.260000228881836,0
12/21/04,11.550000190734863,11.550000190734863,12.0,11.369999885559082,11.779999732971191,0
12/22/04,11.449999809265137,11.449999809265137,11.710000038146973,11.369999885559082,11.420000076293944,0
12/23/04,11.229999542236328,11.229999542236328,11.640000343322754,11.140000343322754,11.40999984741211,0
12/27/04,12.140000343322754,12.140000343322754,12.15999984741211,11.529999732971191,11.529999732971191,0
12/28/04,12.0,12.0,12.399999618530272,11.970000267028809,12.25,0
12/29/04,11.619999885559082,11.619999885559082,11.789999961853027,11.609999656677246,11.609999656677246,0
12/30/04,12.56000042,12.56000042,12.609999656677246,12.18000030517578,12.25,0
12/31/04,13.289999961853027,13.289999961853027,13.289999961853027,12.420000076293944,12.420000076293944,0
1/3/05,14.079999923706056,14.079999923706056,14.229999542236328,13.25,13.390000343322754,0
1/4/05,13.979999542236328,13.979999542236328,14.449999809265137,13.93000030517578,14.010000228881836,0
1/5/05,14.09000015258789,14.09000015258789,14.09000015258789,13.260000228881836,13.979999542236328,0
1/6/05,13.579999923706056,13.579999923706056,14.09000015258789,13.329999923706056,14.09000015258789,0
1/7/05,13.489999771118164,13.489999771118164,13.510000228881836,12.93999958,13.470000267028809,0
1/10/05,13.229999542236328,13.229999542236328,13.93000030517578,12.93999958,13.920000076293944,0
1/11/05,13.18999958,13.18999958,13.68000030517578,13.050000190734863,13.43999958,0
1/12/05,12.56000042,12.56000042,13.93999958,12.539999961853027,13.93999958,0
1/13/05,12.84000015258789,12.84000015258789,12.859999656677246,12.369999885559082,12.699999809265137,0
1/14/05,12.43000030517578,12.43000030517578,12.81999969482422,12.289999961853027,12.68000030517578,0
1/18/05,12.470000267028809,12.470000267028809,13.149999618530272,12.300000190734863,13.130000114440918,0
1/19/05,13.18000030517578,13.18000030517578,13.210000038146973,12.40999984741211,12.470000267028809,0
1/20/05,13.829999923706056,13.829999923706056,14.109999656677246,13.279999732971191,13.369999885559082,0
1/21/05,14.359999656677246,14.359999656677246,14.460000038146973,13.399999618530272,13.75,0
1/24/05,14.649999618530272,14.649999618530272,14.75,14.170000076293944,14.380000114440918,0
1/25/05,14.06000042,14.06000042,14.359999656677246,13.880000114440918,14.34000015258789,0
1/26/05,13.43999958,13.43999958,13.84000015258789,13.06000042,13.84000015258789,0
1/27/05,13.239999771118164,13.239999771118164,13.56999969482422,12.960000038146973,13.5,0
1/28/05,13.239999771118164,13.239999771118164,13.56000042,12.829999923706056,13.149999618530272,0
1/31/05,12.81999969482422,12.81999969482422,13.630000114440918,12.789999961853027,13.630000114440918,0
2/1/05,12.029999732971191,12.029999732971191,13.020000457763672,12.020000457763672,12.800000190734863,0
2/2/05,11.65999984741211,11.65999984741211,12.06000042,11.520000457763672,12.010000228881836,0
2/3/05,11.789999961853027,11.789999961853027,12.119999885559082,11.720000267028809,12.029999732971191,0
2/4/05,11.210000038146973,11.210000038146973,11.970000267028809,10.899999618530272,11.970000267028809,0
2/7/05,11.729999542236328,11.729999542236328,11.75,11.359999656677246,11.529999732971191,0
2/8/05,11.600000381469728,11.600000381469728,11.670000076293944,11.449999809265137,11.65999984741211,0
2/9/05,12.0,12.0,12.020000457763672,11.40999984741211,11.520000457763672,0
2/10/05,11.510000228881836,11.510000228881836,11.989999771118164,11.380000114440918,11.979999542236328,0
2/11/05,11.43000030517578,11.43000030517578,11.81999969482422,11.25,11.640000343322754,0
2/14/05,11.520000457763672,11.520000457763672,11.859999656677246,11.18000030517578,11.279999732971191,0
2/15/05,11.270000457763672,11.270000457763672,11.760000228881836,11.130000114440918,11.56999969482422,0
2/16/05,11.100000381469728,11.100000381469728,11.5,11.029999732971191,11.399999618530272,0
2/17/05,11.770000457763672,11.770000457763672,11.90999984741211,11.210000038146973,11.25,0
2/18/05,11.18000030517578,11.18000030517578,12.119999885559082,11.18000030517578,11.989999771118164,0
2/22/05,13.140000343322754,13.140000343322754,13.199999809265137,12.09000015258789,12.18000030517578,0
2/23/05,12.390000343322754,12.390000343322754,12.93999958,12.300000190734863,12.93999958,0
2/24/05,11.56999969482422,11.56999969482422,12.510000228881836,11.479999542236328,12.510000228881836,0
2/25/05,11.489999771118164,11.489999771118164,11.779999732971191,10.920000076293944,11.75,0
2/28/05,12.079999923706056,12.079999923706056,12.5,11.729999542236328,11.890000343322754,0
3/1/05,12.039999961853027,12.039999961853027,12.100000381469728,11.65999984741211,11.949999809265137,0
3/2/05,12.5,12.5,12.90999984741211,12.199999809265137,12.880000114440918,0
3/3/05,12.93000030517578,12.93000030517578,13.06999969482422,12.229999542236328,12.279999732971191,0
3/4/05,11.93999958,11.93999958,12.5,11.93999958,12.489999771118164,0
3/7/05,12.260000228881836,12.260000228881836,12.600000381469728,12.050000190734863,12.359999656677246,0
3/8/05,12.399999618530272,12.399999618530272,12.5,11.949999809265137,12.06000042,0
3/9/05,12.699999809265137,12.699999809265137,12.720000267028809,12.199999809265137,12.229999542236328,0
3/10/05,12.489999771118164,12.489999771118164,12.970000267028809,12.420000076293944,12.619999885559082,0
3/11/05,12.800000190734863,12.800000190734863,12.979999542236328,12.109999656677246,12.289999961853027,0
3/14/05,12.390000343322754,12.390000343322754,12.989999771118164,12.359999656677246,12.81999969482422,0
3/15/05,13.149999618530272,13.149999618530272,13.220000267028809,12.329999923706056,12.43999958,0
3/16/05,13.489999771118164,13.489999771118164,13.81000042,13.18999958,13.300000190734863,0
3/17/05,13.289999961853027,13.289999961853027,13.670000076293944,13.199999809265137,13.25,0
3/18/05,13.140000343322754,13.140000343322754,13.670000076293944,13.079999923706056,13.649999618530272,0
3/21/05,13.609999656677246,13.609999656677246,13.979999542236328,13.329999923706056,13.619999885559082,0
3/22/05,14.270000457763672,14.270000457763672,14.279999732971191,13.149999618530272,13.760000228881836,0
3/23/05,14.06000042,14.06000042,14.890000343322754,13.880000114440918,14.609999656677246,0
3/24/05,13.420000076293944,13.420000076293944,13.880000114440918,12.970000267028809,13.859999656677246,0
3/28/05,13.75,13.75,14.010000228881836,13.43999958,14.010000228881836,0
3/29/05,14.489999771118164,14.489999771118164,14.68000030517578,13.380000114440918,13.960000038146973,0
3/30/05,13.640000343322754,13.640000343322754,14.470000267028809,13.640000343322754,14.470000267028809,0
3/31/05,14.020000457763672,14.020000457763672,14.100000381469728,13.56999969482422,13.710000038146973,0
4/1/05,14.09000015258789,14.09000015258789,14.380000114440918,12.920000076293944,13.640000343322754,0
4/4/05,14.109999656677246,14.109999656677246,14.760000228881836,13.960000038146973,14.529999732971191,0
4/5/05,13.68000030517578,13.68000030517578,14.109999656677246,13.65999984741211,14.100000381469728,0
4/6/05,13.149999618530272,13.149999618530272,13.760000228881836,12.890000343322754,13.75,0
4/7/05,12.329999923706056,12.329999923706056,12.960000038146973,12.300000190734863,12.920000076293944,0
4/8/05,12.619999885559082,12.619999885559082,12.649999618530272,11.520000457763672,12.06000042,0
4/11/05,11.979999542236328,11.979999542236328,12.460000038146973,11.81999969482422,12.09000015258789,0
4/12/05,11.300000190734863,11.300000190734863,12.829999923706056,11.199999809265137,12.119999885559082,0
4/13/05,13.31000042,13.31000042,13.43999958,11.270000457763672,11.68000030517578,0
4/14/05,14.529999732971191,14.529999732971191,14.600000381469728,12.670000076293944,13.399999618530272,0
4/15/05,17.739999771118164,17.739999771118164,18.049999237060547,14.710000038146973,14.920000076293944,0
4/18/05,16.559999465942383,16.559999465942383,18.59000015258789,16.40999984741211,18.329999923706055,0
4/19/05,14.960000038146973,14.960000038146973,15.970000267028809,14.81000042,15.279999732971191,0
4/20/05,16.920000076293945,16.920000076293945,17.25,14.520000457763672,14.859999656677246,0
4/21/05,14.40999984741211,14.40999984741211,16.219999313354492,14.260000228881836,16.219999313354492,0
4/22/05,15.380000114440918,15.380000114440918,16.31999969482422,14.199999809265137,14.539999961853027,0
4/25/05,14.619999885559082,14.619999885559082,15.470000267028809,14.600000381469728,15.289999961853027,0
4/26/05,14.90999984741211,14.90999984741211,15.149999618530272,14.270000457763672,14.270000457763672,0
4/27/05,14.869999885559082,14.869999885559082,15.93000030517578,14.43000030517578,14.619999885559082,0
4/28/05,16.860000610351562,16.860000610351562,16.87000084,14.18999958,14.18999958,0
4/29/05,15.31000042,15.31000042,16.920000076293945,15.260000228881836,15.75,0
5/2/05,15.119999885559082,15.119999885559082,16.010000228881836,15.079999923706056,15.449999809265137,0
5/3/05,14.529999732971191,14.529999732971191,15.31000042,14.529999732971191,15.18999958,0
5/4/05,13.850000381469728,13.850000381469728,15.380000114440918,13.699999809265137,14.43999958,0
5/5/05,13.979999542236328,13.979999542236328,15.81999969482422,13.43000030517578,13.479999542236328,0
5/6/05,14.050000190734863,14.050000190734863,14.06000042,13.109999656677246,13.289999961853027,0
5/9/05,13.75,13.75,14.56000042,13.529999732971191,14.109999656677246,0
5/10/05,14.90999984741211,14.90999984741211,15.109999656677246,14.029999732971191,14.050000190734863,0
5/11/05,14.449999809265137,14.449999809265137,15.800000190734863,14.31000042,14.68999958,0
5/12/05,16.12000084,16.12000084,16.229999542236328,14.15999984741211,14.43000030517578,0
5/13/05,16.31999969482422,16.31999969482422,17.700000762939453,15.399999618530272,15.880000114440918,0
5/16/05,15.68000030517578,15.68000030517578,16.87000084,15.670000076293944,16.87000084,0
5/17/05,14.56999969482422,14.56999969482422,16.209999084472656,14.449999809265137,15.920000076293944,0
5/18/05,13.630000114440918,13.630000114440918,14.130000114440918,13.300000190734863,14.109999656677246,0
5/19/05,13.31999969482422,13.31999969482422,14.020000457763672,13.25,13.350000381469728,0
5/20/05,13.140000343322754,13.140000343322754,13.729999542236328,13.06999969482422,13.56999969482422,0
5/23/05,12.949999809265137,12.949999809265137,13.449999809265137,12.75,13.380000114440918,0
5/24/05,12.68999958,12.68999958,13.300000190734863,12.529999732971191,13.119999885559082,0
5/25/05,12.579999923706056,12.579999923706056,13.109999656677246,12.579999923706056,12.829999923706056,0
5/26/05,12.239999771118164,12.239999771118164,12.380000114440918,11.649999618530272,12.229999542236328,0
5/27/05,12.149999618530272,12.149999618530272,12.43000030517578,12.06000042,12.06000042,0
5/31/05,13.289999961853027,13.289999961853027,13.449999809265137,12.670000076293944,12.68999958,0
6/1/05,12.359999656677246,12.359999656677246,13.34000015258789,12.170000076293944,13.34000015258789,0
6/2/05,11.84000015258789,11.84000015258789,12.43000030517578,11.800000190734863,12.350000381469728,0
6/3/05,12.149999618530272,12.149999618530272,12.489999771118164,11.520000457763672,11.779999732971191,0
6/6/05,12.279999732971191,12.279999732971191,13.0,12.210000038146973,12.68000030517578,0
6/7/05,12.390000343322754,12.390000343322754,12.43000030517578,11.470000267028809,12.220000267028809,0
6/8/05,12.699999809265137,12.699999809265137,12.829999923706056,12.050000190734863,12.050000190734863,0
6/9/05,12.079999923706056,12.079999923706056,13.06999969482422,12.06000042,12.68999958,0
6/10/05,11.960000038146973,11.960000038146973,12.399999618530272,11.899999618530272,12.15999984741211,0
6/13/05,11.649999618530272,11.649999618530272,12.119999885559082,11.31000042,12.119999885559082,0
6/14/05,11.789999961853027,11.789999961853027,12.020000457763672,11.520000457763672,11.649999618530272,0
6/15/05,11.460000038146973,11.460000038146973,11.960000038146973,11.050000190734863,11.220000267028809,0
6/16/05,11.149999618530272,11.149999618530272,11.359999656677246,11.039999961853027,11.239999771118164,0
6/17/05,11.479999542236328,11.479999542236328,11.640000343322754,10.779999732971191,10.829999923706056,0
6/20/05,11.470000267028809,11.470000267028809,12.529999732971191,11.31000042,12.510000228881836,0
6/21/05,11.079999923706056,11.079999923706056,11.670000076293944,11.010000228881836,11.520000457763672,0
6/22/05,11.050000190734863,11.050000190734863,11.31000042,10.81000042,10.960000038146973,0
6/23/05,12.130000114440918,12.130000114440918,12.130000114440918,10.960000038146973,11.18999958,0
6/24/05,12.18000030517578,12.18000030517578,12.31999969482422,11.949999809265137,12.270000457763672,0
6/27/05,12.520000457763672,12.520000457763672,12.779999732971191,12.380000114440918,12.729999542236328,0
6/28/05,11.579999923706056,11.579999923706056,12.31000042,11.550000190734863,12.31000042,0
6/29/05,11.770000457763672,11.770000457763672,11.779999732971191,11.43999958,11.539999961853027,0
6/30/05,12.039999961853027,12.039999961853027,12.100000381469728,11.5,11.720000267028809,0
7/1/05,11.399999618530272,11.399999618530272,11.920000076293944,11.380000114440918,11.75,0
7/5/05,11.68000030517578,11.68000030517578,12.40999984741211,11.529999732971191,12.40999984741211,0
7/6/05,12.270000457763672,12.270000457763672,12.329999923706056,11.539999961853027,11.670000076293944,0
7/7/05,12.489999771118164,12.489999771118164,13.920000076293944,12.479999542236328,13.90999984741211,0
7/8/05,11.449999809265137,11.449999809265137,12.289999961853027,11.09000015258789,12.239999771118164,0
7/11/05,11.279999732971191,11.279999732971191,11.40999984741211,10.529999732971191,10.960000038146973,0
7/12/05,10.949999809265137,10.949999809265137,11.369999885559082,10.850000381469728,11.029999732971191,0
7/13/05,10.84000015258789,10.84000015258789,11.43999958,10.800000190734863,11.09000015258789,0
7/14/05,10.81000042,10.81000042,11.130000114440918,10.5,10.869999885559082,0
7/15/05,10.329999923706056,10.329999923706056,10.899999618530272,10.130000114440918,10.609999656677246,0
7/18/05,10.770000457763672,10.770000457763672,11.09000015258789,10.770000457763672,11.09000015258789,0
7/19/05,10.449999809265137,10.449999809265137,10.789999961853027,10.359999656677246,10.630000114440918,0
7/20/05,10.229999542236328,10.229999542236328,10.93999958,9.880000114440918,10.800000190734863,0
7/21/05,10.970000267028809,10.970000267028809,11.210000038146973,10.229999542236328,10.229999542236328,0
7/22/05,10.520000457763672,10.520000457763672,11.050000190734863,10.510000228881836,11.010000228881836,0
7/25/05,11.100000381469728,11.100000381469728,11.279999732971191,10.699999809265137,11.119999885559082,0
7/26/05,10.989999771118164,10.989999771118164,11.25,10.920000076293944,11.109999656677246,0
7/27/05,10.359999656677246,10.359999656677246,11.029999732971191,10.34000015258789,11.029999732971191,0
7/28/05,10.520000457763672,10.520000457763672,10.579999923706056,10.270000457763672,10.399999618530272,0
7/29/05,11.56999969482422,11.56999969482422,11.729999542236328,10.239999771118164,10.239999771118164,0
8/1/05,12.079999923706056,12.079999923706056,12.229999542236328,11.359999656677246,11.75,0
8/2/05,11.75,11.75,12.029999732971191,11.68999958,12.0,0
8/3/05,11.829999923706056,11.829999923706056,12.010000228881836,11.619999885559082,11.899999618530272,0
8/4/05,12.520000457763672,12.520000457763672,12.56999969482422,11.989999771118164,12.119999885559082,0
8/5/05,12.479999542236328,12.479999542236328,12.920000076293944,11.81999969482422,11.81999969482422,0
8/8/05,13.210000038146973,13.210000038146973,13.289999961853027,12.56000042,12.56000042,0
8/9/05,12.399999618530272,12.399999618530272,12.779999732971191,12.239999771118164,12.25,0
8/10/05,12.380000114440918,12.380000114440918,12.56000042,11.510000228881836,12.029999732971191,0
8/11/05,12.420000076293944,12.420000076293944,12.93999958,11.880000114440918,12.34000015258789,0
8/12/05,12.739999771118164,12.739999771118164,12.979999542236328,12.18000030517578,12.359999656677246,0
8/15/05,12.260000228881836,12.260000228881836,12.989999771118164,12.079999923706056,12.869999885559082,0
8/16/05,13.520000457763672,13.520000457763672,13.890000343322754,12.279999732971191,12.369999885559082,0
8/17/05,13.300000190734863,13.300000190734863,13.760000228881836,12.779999732971191,13.350000381469728,0
8/18/05,13.420000076293944,13.420000076293944,13.880000114440918,13.010000228881836,13.470000267028809,0
8/19/05,13.420000076293944,13.420000076293944,13.850000381469728,12.609999656677246,12.84000015258789,0
8/22/05,13.420000076293944,13.420000076293944,13.890000343322754,13.199999809265137,13.670000076293944,0
8/23/05,13.34000015258789,13.34000015258789,14.050000190734863,13.300000190734863,13.630000114440918,0
8/24/05,14.170000076293944,14.170000076293944,14.18000030517578,13.0,13.56000042,0
8/25/05,13.729999542236328,13.729999542236328,14.119999885559082,13.65999984741211,13.920000076293944,0
8/26/05,13.720000267028809,13.720000267028809,14.199999809265137,13.649999618530272,13.789999961853027,0
8/29/05,13.520000457763672,13.520000457763672,14.40999984741211,13.380000114440918,14.34000015258789,0
8/30/05,13.649999618530272,13.649999618530272,14.18000030517578,13.470000267028809,13.489999771118164,0
8/31/05,12.600000381469728,12.600000381469728,13.630000114440918,12.56000042,13.369999885559082,0
9/1/05,13.149999618530272,13.149999618530272,13.369999885559082,12.31000042,12.859999656677246,0
9/2/05,13.56999969482422,13.56999969482422,13.720000267028809,13.029999732971191,13.210000038146973,0
9/6/05,12.93000030517578,12.93000030517578,14.18000030517578,12.899999618530272,14.170000076293944,0
9/7/05,12.520000457763672,12.520000457763672,13.199999809265137,12.43999958,13.06000042,0
9/8/05,12.93000030517578,12.93000030517578,12.93999958,12.369999885559082,12.720000267028809,0
9/9/05,11.979999542236328,11.979999542236328,12.649999618530272,11.960000038146973,12.460000038146973,0
9/12/05,11.649999618530272,11.649999618530272,11.890000343322754,11.449999809265137,11.65999984741211,0
9/13/05,12.390000343322754,12.390000343322754,12.479999542236328,11.75,11.760000228881836,0
9/14/05,12.90999984741211,12.90999984741211,13.260000228881836,12.670000076293944,12.789999961853027,0
9/15/05,12.489999771118164,12.489999771118164,13.170000076293944,12.279999732971191,12.720000267028809,0
9/16/05,11.220000267028809,11.220000267028809,11.93000030517578,11.06999969482422,11.890000343322754,0
9/19/05,12.140000343322754,12.140000343322754,12.460000038146973,12.039999961853027,12.170000076293944,0
9/20/05,12.640000343322754,12.640000343322754,12.960000038146973,11.829999923706056,12.229999542236328,0
9/21/05,13.789999961853027,13.789999961853027,13.90999984741211,12.960000038146973,13.06999969482422,0
9/22/05,13.329999923706056,13.329999923706056,14.390000343322754,13.31000042,13.850000381469728,0
9/23/05,12.960000038146973,12.960000038146973,13.880000114440918,12.75,13.640000343322754,0
9/26/05,13.039999961853027,13.039999961853027,13.470000267028809,12.640000343322754,13.270000457763672,0
9/27/05,12.760000228881836,12.760000228881836,13.460000038146973,12.510000228881836,13.06000042,0
9/28/05,12.630000114440918,12.630000114440918,12.979999542236328,12.369999885559082,12.600000381469728,0
9/29/05,12.239999771118164,12.239999771118164,13.229999542236328,12.149999618530272,12.920000076293944,0
9/30/05,11.920000076293944,11.920000076293944,12.43999958,11.920000076293944,12.420000076293944,0
10/3/05,12.460000038146973,12.460000038146973,12.619999885559082,11.979999542236328,12.369999885559082,0
10/4/05,13.199999809265137,13.199999809265137,13.210000038146973,12.109999656677246,12.5,0
10/5/05,14.550000190734863,14.550000190734863,14.579999923706056,12.970000267028809,13.149999618530272,0
10/6/05,14.960000038146973,14.960000038146973,15.630000114440918,14.039999961853027,14.529999732971191,0
10/7/05,14.59000015258789,14.59000015258789,14.81999969482422,14.300000190734863,14.56000042,0
10/10/05,15.550000190734863,15.550000190734863,15.609999656677246,14.869999885559082,14.93000030517578,0
10/11/05,15.630000114440918,15.630000114440918,15.699999809265137,15.06000042,15.350000381469728,0
10/12/05,16.219999313354492,16.219999313354492,16.270000457763672,15.039999961853027,15.56000042,0
10/13/05,16.469999313354492,16.469999313354492,17.190000534057617,15.979999542236328,16.31999969482422,0
10/14/05,14.869999885559082,14.869999885559082,16.030000686645508,14.829999923706056,15.989999771118164,0
10/17/05,14.670000076293944,14.670000076293944,15.300000190734863,14.579999923706056,15.300000190734863,0
10/18/05,15.329999923706056,15.329999923706056,15.399999618530272,14.789999961853027,14.920000076293944,0
10/19/05,13.5,13.5,15.859999656677246,13.470000267028809,15.630000114440918,0
10/20/05,16.110000610351562,16.110000610351562,16.190000534057617,13.979999542236328,14.18000030517578,0
10/21/05,16.12999916,16.12999916,16.270000457763672,15.260000228881836,15.529999732971191,0
10/24/05,14.739999771118164,14.739999771118164,16.440000534057617,14.609999656677246,16.18000030517578,0
10/25/05,14.529999732971191,14.529999732971191,15.300000190734863,14.199999809265137,14.960000038146973,0
10/26/05,14.59000015258789,14.59000015258789,14.880000114440918,13.720000267028809,14.800000190734863,0
10/27/05,16.020000457763672,16.020000457763672,16.299999237060547,14.56999969482422,14.729999542236328,0
10/28/05,14.25,14.25,15.609999656677246,14.109999656677246,15.449999809265137,0
10/31/05,15.31999969482422,15.31999969482422,15.390000343322754,13.93000030517578,14.039999961853027,0
11/1/05,14.850000381469728,14.850000381469728,15.65999984741211,14.649999618530272,14.850000381469728,0
11/2/05,13.479999542236328,13.479999542236328,14.989999771118164,13.380000114440918,14.989999771118164,0
11/3/05,13.0,13.0,13.229999542236328,12.5,13.119999885559082,0
11/4/05,13.170000076293944,13.170000076293944,13.619999885559082,12.68999958,12.880000114440918,0
11/7/05,13.100000381469728,13.100000381469728,13.649999618530272,12.760000228881836,13.109999656677246,0
11/8/05,13.079999923706056,13.079999923706056,13.609999656677246,13.039999961853027,13.609999656677246,0
11/9/05,12.800000190734863,12.800000190734863,13.359999656677246,12.420000076293944,13.140000343322754,0
11/10/05,11.899999618530272,11.899999618530272,13.170000076293944,11.729999542236328,12.68000030517578,0
11/11/05,11.630000114440918,11.630000114440918,11.960000038146973,11.630000114440918,11.81999969482422,0
11/14/05,12.18000030517578,12.18000030517578,12.34000015258789,11.770000457763672,11.989999771118164,0
11/15/05,12.229999542236328,12.229999542236328,12.68999958,11.699999809265137,12.15999984741211,0
11/16/05,12.260000228881836,12.260000228881836,12.68000030517578,12.170000076293944,12.220000267028809,0
11/17/05,11.25,11.25,12.199999809265137,11.25,11.920000076293944,0
11/18/05,11.119999885559082,11.119999885559082,11.670000076293944,10.960000038146973,11.18999958,0
11/21/05,10.81999969482422,10.81999969482422,11.380000114440918,10.710000038146973,11.18000030517578,0
11/22/05,10.600000381469728,10.600000381469728,11.100000381469728,10.5,11.010000228881836,0
11/23/05,10.960000038146973,10.960000038146973,11.029999732971191,10.670000076293944,10.960000038146973,0
11/25/05,10.880000114440918,10.880000114440918,11.239999771118164,10.880000114440918,11.039999961853027,0
11/28/05,11.84000015258789,11.84000015258789,11.989999771118164,11.329999923706056,11.34000015258789,0
11/29/05,11.890000343322754,11.890000343322754,11.960000038146973,11.609999656677246,11.770000457763672,0
11/30/05,12.06000042,12.06000042,12.130000114440918,11.550000190734863,11.84000015258789,0
12/1/05,11.239999771118164,11.239999771118164,12.229999542236328,11.140000343322754,12.09000015258789,0
12/2/05,11.010000228881836,11.010000228881836,11.229999542236328,10.93999958,11.100000381469728,0
12/5/05,11.600000381469728,11.600000381469728,11.68000030517578,11.399999618530272,11.449999809265137,0
12/6/05,11.520000457763672,11.520000457763672,11.59000015258789,10.960000038146973,11.15999984741211,0
12/7/05,12.18000030517578,12.18000030517578,12.43999958,11.449999809265137,11.489999771118164,0
12/8/05,12.210000038146973,12.210000038146973,12.40999984741211,11.729999542236328,11.880000114440918,0
12/9/05,11.68999958,11.68999958,12.199999809265137,11.56000042,11.90999984741211,0
12/12/05,11.470000267028809,11.470000267028809,11.81000042,10.829999923706056,10.859999656677246,0
12/13/05,11.109999656677246,11.109999656677246,11.420000076293944,10.56999969482422,10.56999969482422,0
12/14/05,10.479999542236328,10.479999542236328,10.789999961853027,10.390000343322754,10.75,0
12/15/05,10.729999542236328,10.729999542236328,11.109999656677246,10.369999885559082,10.65999984741211,0
12/16/05,10.68000030517578,10.68000030517578,10.75,10.149999618530272,10.699999809265137,0
12/19/05,11.380000114440918,11.380000114440918,11.380000114440918,10.649999618530272,11.109999656677246,0
12/20/05,11.18999958,11.18999958,11.449999809265137,11.0,11.31999969482422,0
12/21/05,10.81000042,10.81000042,11.06999969482422,10.34000015258789,10.710000038146973,0
12/22/05,10.289999961853027,10.289999961853027,10.890000343322754,10.279999732971191,10.81999969482422,0
12/23/05,10.270000457763672,10.270000457763672,10.479999542236328,10.239999771118164,10.369999885559082,0
12/27/05,11.56999969482422,11.56999969482422,11.649999618530272,10.829999923706056,10.970000267028809,0
12/28/05,11.350000381469728,11.350000381469728,11.640000343322754,11.260000228881836,11.550000190734863,0
12/29/05,11.609999656677246,11.609999656677246,11.670000076293944,11.140000343322754,11.359999656677246,0
12/30/05,12.06999969482422,12.06999969482422,12.06999969482422,11.550000190734863,11.960000038146973,0
1/3/06,11.140000343322754,11.140000343322754,12.510000228881836,10.989999771118164,12.25,0
1/4/06,11.369999885559082,11.369999885559082,11.710000038146973,10.970000267028809,11.220000267028809,0
1/5/06,11.31000042,11.31000042,11.84000015258789,11.31000042,11.43000030517578,0
1/6/06,11.0,11.0,11.5,10.81000042,11.229999542236328,0
1/9/06,11.130000114440918,11.130000114440918,11.350000381469728,10.979999542236328,11.350000381469728,0
1/10/06,10.859999656677246,10.859999656677246,11.390000343322754,10.84000015258789,11.390000343322754,0
1/11/06,10.93999958,10.93999958,11.15999984741211,10.829999923706056,11.029999732971191,0
1/12/06,11.199999809265137,11.199999809265137,11.380000114440918,10.93999958,10.979999542236328,0
1/13/06,11.229999542236328,11.229999542236328,11.609999656677246,11.109999656677246,11.399999618530272,0
1/17/06,11.90999984741211,11.90999984741211,12.460000038146973,11.869999885559082,12.130000114440918,0
1/18/06,12.25,12.25,12.699999809265137,12.199999809265137,12.619999885559082,0
1/19/06,11.979999542236328,11.979999542236328,12.34000015258789,11.649999618530272,12.119999885559082,0
1/20/06,14.56000042,14.56000042,14.56000042,11.890000343322754,12.100000381469728,0
1/23/06,13.93000030517578,13.93000030517578,14.479999542236328,13.579999923706056,14.43999958,0
1/24/06,13.31000042,13.31000042,13.829999923706056,13.140000343322754,13.789999961853027,0
1/25/06,12.869999885559082,12.869999885559082,13.380000114440918,12.619999885559082,12.949999809265137,0
1/26/06,12.420000076293944,12.420000076293944,12.90999984741211,12.18999958,12.890000343322754,0
1/27/06,11.970000267028809,11.970000267028809,12.329999923706056,11.720000267028809,12.270000457763672,0
1/30/06,12.390000343322754,12.390000343322754,12.460000038146973,12.06999969482422,12.220000267028809,0
1/31/06,12.949999809265137,12.949999809265137,13.06000042,12.449999809265137,12.449999809265137,0
2/1/06,12.359999656677246,12.359999656677246,13.029999732971191,12.34000015258789,13.029999732971191,0
2/2/06,13.229999542236328,13.229999542236328,13.470000267028809,12.479999542236328,12.539999961853027,0
2/3/06,12.960000038146973,12.960000038146973,13.699999809265137,12.640000343322754,13.369999885559082,0
2/6/06,13.039999961853027,13.039999961853027,13.43000030517578,12.989999771118164,13.43000030517578,0
2/7/06,13.59000015258789,13.59000015258789,13.670000076293944,12.970000267028809,13.199999809265137,0
2/8/06,12.829999923706056,12.829999923706056,13.609999656677246,12.760000228881836,13.40999984741211,0
2/9/06,13.119999885559082,13.119999885559082,13.149999618530272,12.270000457763672,12.56000042,0
2/10/06,12.869999885559082,12.869999885559082,13.729999542236328,12.68999958,13.350000381469728,0
2/13/06,13.350000381469728,13.350000381469728,13.699999809265137,13.050000190734863,13.34000015258789,0
2/14/06,12.25,12.25,13.149999618530272,12.010000228881836,13.09000015258789,0
2/15/06,12.31000042,12.31000042,12.949999809265137,12.210000038146973,12.43000030517578,0
2/16/06,11.479999542236328,11.479999542236328,12.289999961853027,11.130000114440918,12.18999958,0
2/17/06,12.010000228881836,12.010000228881836,12.210000038146973,11.520000457763672,11.640000343322754,0
2/21/06,12.40999984741211,12.40999984741211,12.640000343322754,12.279999732971191,12.359999656677246,0
2/22/06,11.880000114440918,11.880000114440918,12.300000190734863,11.68000030517578,12.270000457763672,0
2/23/06,11.869999885559082,11.869999885559082,11.970000267028809,11.579999923706056,11.859999656677246,0
2/24/06,11.460000038146973,11.460000038146973,12.06000042,11.420000076293944,11.93999958,0
2/27/06,11.59000015258789,11.59000015258789,11.829999923706056,11.399999618530272,11.789999961853027,0
2/28/06,12.34000015258789,12.34000015258789,12.359999656677246,11.710000038146973,11.739999771118164,0
3/1/06,11.539999961853027,11.539999961853027,12.06999969482422,11.520000457763672,12.050000190734863,0
3/2/06,11.720000267028809,11.720000267028809,11.949999809265137,11.56000042,11.789999961853027,0
3/3/06,11.960000038146973,11.960000038146973,12.100000381469728,11.359999656677246,12.029999732971191,0
3/6/06,12.739999771118164,12.739999771118164,12.90999984741211,12.220000267028809,12.220000267028809,0
3/7/06,12.65999984741211,12.65999984741211,13.34000015258789,12.640000343322754,12.920000076293944,0
3/8/06,12.31999969482422,12.31999969482422,13.34000015258789,12.260000228881836,12.829999923706056,0
3/9/06,12.68000030517578,12.68000030517578,12.68999958,12.010000228881836,12.210000038146973,0
3/10/06,11.850000381469728,11.850000381469728,12.600000381469728,11.789999961853027,12.520000457763672,0
3/13/06,11.369999885559082,11.369999885559082,11.75,10.890000343322754,11.720000267028809,0
3/14/06,10.739999771118164,10.739999771118164,11.720000267028809,10.529999732971191,11.609999656677246,0
3/15/06,11.350000381469728,11.350000381469728,11.539999961853027,10.979999542236328,11.170000076293944,0
3/16/06,11.979999542236328,11.979999542236328,12.050000190734863,10.56999969482422,10.59000015258789,0
3/17/06,12.119999885559082,12.119999885559082,12.199999809265137,11.529999732971191,11.56000042,0
3/20/06,11.789999961853027,11.789999961853027,12.210000038146973,10.789999961853027,12.109999656677246,0
3/21/06,11.619999885559082,11.619999885559082,11.890000343322754,11.170000076293944,11.710000038146973,0
3/22/06,11.210000038146973,11.210000038146973,11.789999961853027,11.109999656677246,11.710000038146973,0
3/23/06,11.170000076293944,11.170000076293944,11.56999969482422,11.109999656677246,11.18999958,0
3/24/06,11.18999958,11.18999958,11.479999542236328,11.09000015258789,11.229999542236328,0
3/27/06,11.460000038146973,11.460000038146973,11.720000267028809,11.40999984741211,11.460000038146973,0
3/28/06,11.579999923706056,11.579999923706056,11.899999618530272,11.380000114440918,11.68999958,0
3/29/06,10.949999809265137,10.949999809265137,11.56999969482422,10.789999961853027,11.460000038146973,0
3/30/06,11.56999969482422,11.56999969482422,11.729999542236328,10.699999809265137,11.029999732971191,0
3/31/06,11.390000343322754,11.390000343322754,11.649999618530272,11.270000457763672,11.420000076293944,0
4/3/06,11.56999969482422,11.56999969482422,11.619999885559082,11.029999732971191,11.470000267028809,0
4/4/06,11.140000343322754,11.140000343322754,11.800000190734863,11.09000015258789,11.65999984741211,0
4/5/06,11.130000114440918,11.130000114440918,11.359999656677246,11.06000042,11.239999771118164,0
4/6/06,11.449999809265137,11.449999809265137,11.739999771118164,11.25,11.34000015258789,0
4/7/06,12.260000228881836,12.260000228881836,12.31000042,11.199999809265137,11.43999958,0
4/10/06,12.18999958,12.18999958,12.489999771118164,12.039999961853027,12.43999958,0
4/11/06,13.0,13.0,13.06000042,12.06000042,12.09000015258789,0
4/12/06,12.760000228881836,12.760000228881836,13.09000015258789,12.65999984741211,13.079999923706056,0
4/13/06,12.380000114440918,12.380000114440918,13.0,12.279999732971191,12.93000030517578,0
4/17/06,12.579999923706056,12.579999923706056,13.020000457763672,12.270000457763672,12.800000190734863,0
4/18/06,11.399999618530272,11.399999618530272,12.550000190734863,11.31000042,12.550000190734863,0
4/19/06,11.31999969482422,11.31999969482422,11.800000190734863,11.229999542236328,11.520000457763672,0
4/20/06,11.640000343322754,11.640000343322754,11.670000076293944,11.020000457763672,11.300000190734863,0
4/21/06,11.59000015258789,11.59000015258789,11.979999542236328,11.18999958,11.239999771118164,0
4/24/06,11.75,11.75,12.420000076293944,11.670000076293944,12.260000228881836,0
4/25/06,11.75,11.75,12.18999958,11.59000015258789,11.710000038146973,0
4/26/06,11.760000228881836,11.760000228881836,11.789999961853027,11.34000015258789,11.760000228881836,0
4/27/06,11.84000015258789,11.84000015258789,12.520000457763672,11.550000190734863,12.270000457763672,0
4/28/06,11.59000015258789,11.59000015258789,12.130000114440918,11.420000076293944,12.130000114440918,0
5/1/06,12.539999961853027,12.539999961853027,12.59000015258789,11.75,11.829999923706056,0
5/2/06,11.989999771118164,11.989999771118164,12.270000457763672,11.93000030517578,12.199999809265137,0
5/3/06,11.989999771118164,11.989999771118164,12.449999809265137,11.949999809265137,12.210000038146973,0
5/4/06,11.859999656677246,11.859999656677246,12.15999984741211,11.710000038146973,11.920000076293944,0
5/5/06,11.619999885559082,11.619999885559082,11.619999885559082,11.18000030517578,11.390000343322754,0
5/8/06,12.0,12.0,12.06000042,11.81000042,11.979999542236328,0
5/9/06,11.989999771118164,11.989999771118164,12.149999618530272,11.880000114440918,12.100000381469728,0
5/10/06,11.779999732971191,11.779999732971191,12.31999969482422,11.779999732971191,12.220000267028809,0
5/11/06,12.489999771118164,12.489999771118164,12.920000076293944,11.989999771118164,12.329999923706056,0
5/12/06,14.18999958,14.18999958,14.260000228881836,12.710000038146973,12.710000038146973,0
5/15/06,13.56999969482422,13.56999969482422,15.130000114440918,13.43999958,15.119999885559082,0
5/16/06,13.350000381469728,13.350000381469728,13.609999656677246,12.979999542236328,13.489999771118164,0
5/17/06,16.260000228881836,16.260000228881836,16.260000228881836,13.390000343322754,13.829999923706056,0
5/18/06,16.989999771118164,16.989999771118164,17.09000015258789,14.960000038146973,15.539999961853027,0
5/19/06,17.18000030517578,17.18000030517578,18.010000228881836,15.899999618530272,16.15999984741211,0
5/22/06,17.719999313354492,17.719999313354492,19.62000084,16.729999542236328,18.549999237060547,0
5/23/06,18.260000228881836,18.260000228881836,18.260000228881836,15.359999656677246,16.700000762939453,0
5/24/06,17.360000610351562,17.360000610351562,19.87000084,17.12999916,17.87000084,0
5/25/06,15.5,15.5,16.670000076293945,15.31000042,16.670000076293945,0
5/26/06,14.260000228881836,14.260000228881836,15.039999961853027,14.260000228881836,14.920000076293944,0
5/30/06,18.65999984741211,18.65999984741211,18.719999313354492,15.390000343322754,15.390000343322754,0
5/31/06,16.440000534057617,16.440000534057617,18.09000015258789,16.40999984741211,18.09000015258789,0
6/1/06,14.520000457763672,14.520000457763672,16.559999465942383,14.479999542236328,16.469999313354492,0
6/2/06,14.31999969482422,14.31999969482422,14.970000267028809,13.920000076293944,14.170000076293944,0
6/5/06,16.649999618530273,16.649999618530273,17.139999389648438,14.970000267028809,14.970000267028809,0
6/6/06,17.34000015258789,17.34000015258789,18.559999465942383,16.649999618530273,16.719999313354492,0
6/7/06,17.799999237060547,17.799999237060547,17.860000610351562,16.06999969482422,17.209999084472656,0
6/8/06,18.350000381469727,18.350000381469727,20.75,17.87999916,17.920000076293945,0
6/9/06,18.12000084,18.12000084,18.450000762939453,17.06999969482422,17.899999618530273,0
6/12/06,20.959999084472656,20.959999084472656,21.25,17.889999389648438,18.12999916,0
6/13/06,23.809999465942383,23.809999465942383,23.809999465942383,20.270000457763672,20.950000762939453,0
6/14/06,21.459999084472656,21.459999084472656,23.489999771118164,21.450000762939453,23.450000762939453,0
6/15/06,15.899999618530272,15.899999618530272,21.13999938964844,15.649999618530272,21.049999237060547,0
6/16/06,17.25,17.25,18.12999916,16.520000457763672,16.559999465942383,0
6/19/06,17.829999923706055,17.829999923706055,18.100000381469727,15.729999542236328,16.059999465942383,0
6/20/06,16.690000534057617,16.690000534057617,17.649999618530273,16.389999389648438,17.520000457763672,0
6/21/06,15.520000457763672,15.520000457763672,16.719999313354492,14.880000114440918,16.670000076293945,0
6/22/06,15.880000114440918,15.880000114440918,16.65999984741211,15.56000042,15.949999809265137,0
6/23/06,15.890000343322754,15.890000343322754,16.579999923706055,14.93999958,16.40999984741211,0
6/26/06,15.619999885559082,15.619999885559082,16.610000610351562,15.489999771118164,16.549999237060547,0
6/27/06,16.399999618530273,16.399999618530273,16.549999237060547,15.270000457763672,15.579999923706056,0
6/28/06,15.789999961853027,15.789999961853027,17.0,15.779999732971191,16.020000457763672,0
6/29/06,13.029999732971191,13.029999732971191,15.300000190734863,12.93000030517578,15.279999732971191,0
6/30/06,13.079999923706056,13.079999923706056,13.470000267028809,12.739999771118164,12.899999618530272,0
7/3/06,13.050000190734863,13.050000190734863,13.510000228881836,12.770000457763672,13.289999961853027,0
7/5/06,14.149999618530272,14.149999618530272,14.770000457763672,13.859999656677246,13.920000076293944,0
7/6/06,13.649999618530272,13.649999618530272,14.039999961853027,13.25,14.039999961853027,0
7/7/06,13.970000267028809,13.970000267028809,14.449999809265137,13.43000030517578,13.899999618530272,0
7/10/06,14.020000457763672,14.020000457763672,14.5,13.670000076293944,14.170000076293944,0
7/11/06,13.140000343322754,13.140000343322754,14.68000030517578,13.100000381469728,14.31000042,0
7/12/06,14.489999771118164,14.489999771118164,14.850000381469728,13.260000228881836,13.390000343322754,0
7/13/06,17.790000915527344,17.790000915527344,17.829999923706055,15.170000076293944,15.170000076293944,0
7/14/06,18.049999237060547,18.049999237060547,18.790000915527344,17.280000686645508,17.56999969482422,0
7/17/06,18.63999938964844,18.63999938964844,18.760000228881836,17.75,18.729999542236328,0
7/18/06,17.739999771118164,17.739999771118164,19.579999923706055,17.65999984741211,18.200000762939453,0
7/19/06,15.550000190734863,15.550000190734863,17.62000084,14.470000267028809,17.62000084,0
7/20/06,16.209999084472656,16.209999084472656,16.37000084,14.869999885559082,15.100000381469728,0
7/21/06,17.399999618530273,17.399999618530273,17.559999465942383,16.229999542236328,16.229999542236328,0
7/24/06,14.979999542236328,14.979999542236328,17.079999923706055,14.890000343322754,17.079999923706055,0
7/25/06,14.850000381469728,14.850000381469728,15.68000030517578,14.31000042,15.43999958,0
7/26/06,14.619999885559082,14.619999885559082,15.210000038146973,14.09000015258789,15.039999961853027,0
7/27/06,14.93999958,14.93999958,15.390000343322754,14.06999969482422,14.260000228881836,0
7/28/06,14.329999923706056,14.329999923706056,14.75,14.06000042,14.729999542236328,0
7/31/06,14.949999809265137,14.949999809265137,15.130000114440918,14.859999656677246,15.010000228881836,0
8/1/06,15.050000190734863,15.050000190734863,16.149999618530273,15.029999732971191,15.489999771118164,0
8/2/06,14.34000015258789,14.34000015258789,14.93000030517578,13.920000076293944,14.93000030517578,0
8/3/06,14.460000038146973,14.460000038146973,15.18999958,14.199999809265137,15.100000381469728,0
8/4/06,14.34000015258789,14.34000015258789,14.90999984741211,13.649999618530272,14.029999732971191,0
8/7/06,15.229999542236328,15.229999542236328,15.529999732971191,14.970000267028809,14.979999542236328,0
8/8/06,15.229999542236328,15.229999542236328,15.550000190734863,14.859999656677246,15.199999809265137,0
8/9/06,15.199999809265137,15.199999809265137,15.40999984741211,14.06999969482422,14.760000228881836,0
8/10/06,14.460000038146973,14.460000038146973,15.729999542236328,14.449999809265137,15.56000042,0
8/11/06,14.300000190734863,14.300000190734863,14.850000381469728,14.300000190734863,14.720000267028809,0
8/14/06,14.260000228881836,14.260000228881836,14.43000030517578,13.40999984741211,14.149999618530272,0
8/15/06,13.420000076293944,13.420000076293944,13.720000267028809,13.149999618530272,13.56999969482422,0
8/16/06,12.40999984741211,12.40999984741211,12.949999809265137,12.109999656677246,12.68999958,0
8/17/06,12.239999771118164,12.239999771118164,12.720000267028809,12.210000038146973,12.68999958,0
8/18/06,11.640000343322754,11.640000343322754,12.520000457763672,11.56999969482422,12.109999656677246,0
8/21/06,12.220000267028809,12.220000267028809,12.619999885559082,12.210000038146973,12.399999618530272,0
8/22/06,12.18999958,12.18999958,12.420000076293944,11.93000030517578,12.420000076293944,0
8/23/06,12.399999618530272,12.399999618530272,12.729999542236328,12.15999984741211,12.260000228881836,0
8/24/06,12.399999618530272,12.399999618530272,12.579999923706056,12.210000038146973,12.239999771118164,0
8/25/06,12.31000042,12.31000042,12.470000267028809,12.079999923706056,12.40999984741211,0
8/28/06,12.18000030517578,12.18000030517578,12.920000076293944,12.06999969482422,12.920000076293944,0
8/29/06,12.279999732971191,12.279999732971191,12.829999923706056,12.210000038146973,12.270000457763672,0
8/30/06,12.220000267028809,12.220000267028809,12.350000381469728,12.100000381469728,12.140000343322754,0
8/31/06,12.31000042,12.31000042,12.329999923706056,12.06999969482422,12.229999542236328,0
9/1/06,11.960000038146973,11.960000038146973,12.329999923706056,11.90999984741211,12.140000343322754,0
9/5/06,12.630000114440918,12.630000114440918,12.859999656677246,12.43000030517578,12.800000190734863,0
9/6/06,13.739999771118164,13.739999771118164,13.880000114440918,13.06000042,13.06000042,0
9/7/06,13.880000114440918,13.880000114440918,14.489999771118164,13.670000076293944,14.06999969482422,0
9/8/06,13.15999984741211,13.15999984741211,13.800000190734863,13.050000190734863,13.789999961853027,0
9/11/06,12.989999771118164,12.989999771118164,13.949999809265137,12.75,13.949999809265137,0
9/12/06,11.920000076293944,11.920000076293944,13.140000343322754,11.550000190734863,13.039999961853027,0
9/13/06,11.18000030517578,11.18000030517578,11.56000042,10.989999771118164,11.399999618530272,0
9/14/06,11.550000190734863,11.550000190734863,12.020000457763672,10.739999771118164,11.359999656677246,0
9/15/06,11.760000228881836,11.760000228881836,12.539999961853027,11.399999618530272,11.489999771118164,0
9/18/06,11.779999732971191,11.779999732971191,12.40999984741211,11.579999923706056,12.279999732971191,0
9/19/06,11.979999542236328,11.979999542236328,12.68999958,11.859999656677246,11.960000038146973,0
9/20/06,11.390000343322754,11.390000343322754,11.75,11.34000015258789,11.75,0
9/21/06,12.25,12.25,12.600000381469728,11.279999732971191,11.43000030517578,0
9/22/06,12.59000015258789,12.59000015258789,13.279999732971191,12.470000267028809,12.470000267028809,0
9/25/06,12.119999885559082,12.119999885559082,13.40999984741211,11.93000030517578,12.970000267028809,0
9/26/06,11.529999732971191,11.529999732971191,12.229999542236328,11.510000228881836,12.229999542236328,0
9/27/06,11.579999923706056,11.579999923706056,11.899999618530272,11.420000076293944,11.649999618530272,0
9/28/06,11.720000267028809,11.720000267028809,12.06000042,11.59000015258789,11.640000343322754,0
9/29/06,11.979999542236328,11.979999542236328,12.100000381469728,11.720000267028809,11.75,0
10/2/06,12.56999969482422,12.56999969482422,12.720000267028809,12.109999656677246,12.449999809265137,0
10/3/06,12.239999771118164,12.239999771118164,12.90999984741211,11.970000267028809,12.68000030517578,0
10/4/06,11.859999656677246,11.859999656677246,12.640000343322754,11.619999885559082,12.640000343322754,0
10/5/06,11.979999542236328,11.979999542236328,12.06000042,11.649999618530272,11.93999958,0
10/6/06,11.56000042,11.56000042,12.170000076293944,11.550000190734863,11.989999771118164,0
10/9/06,11.68000030517578,11.68000030517578,12.09000015258789,11.579999923706056,12.06999969482422,0
10/10/06,11.520000457763672,11.520000457763672,11.890000343322754,11.470000267028809,11.770000457763672,0
10/11/06,11.619999885559082,11.619999885559082,12.029999732971191,11.31000042,11.75,0
10/12/06,11.09000015258789,11.09000015258789,11.510000228881836,11.09000015258789,11.5,0
10/13/06,10.75,10.75,11.350000381469728,10.75,11.170000076293944,0
10/16/06,11.09000015258789,11.09000015258789,11.199999809265137,10.90999984741211,11.06999969482422,0
10/17/06,11.729999542236328,11.729999542236328,12.029999732971191,11.350000381469728,11.359999656677246,0
10/18/06,11.34000015258789,11.34000015258789,11.829999923706056,11.329999923706056,11.43999958,0
10/19/06,10.899999618530272,10.899999618530272,11.56999969482422,10.779999732971191,11.510000228881836,0
10/20/06,10.630000114440918,10.630000114440918,11.229999542236328,10.43999958,11.06000042,0
10/23/06,11.079999923706056,11.079999923706056,11.25,10.619999885559082,11.149999618530272,0
10/24/06,10.779999732971191,10.779999732971191,11.270000457763672,10.779999732971191,11.25,0
10/25/06,10.65999984741211,10.65999984741211,10.880000114440918,10.600000381469728,10.880000114440918,0
10/26/06,10.56000042,10.56000042,10.960000038146973,10.470000267028809,10.56000042,0
10/27/06,10.800000190734863,10.800000190734863,10.989999771118164,10.529999732971191,10.65999984741211,0
10/30/06,11.199999809265137,11.199999809265137,11.43000030517578,10.920000076293944,11.359999656677246,0
10/31/06,11.100000381469728,11.100000381469728,11.390000343322754,10.989999771118164,11.100000381469728,0
11/1/06,11.510000228881836,11.510000228881836,11.68000030517578,10.890000343322754,10.93000030517578,0
11/2/06,11.420000076293944,11.420000076293944,11.760000228881836,11.40999984741211,11.609999656677246,0
11/3/06,11.15999984741211,11.15999984741211,11.43000030517578,10.34000015258789,11.15999984741211,0
11/6/06,11.15999984741211,11.15999984741211,11.40999984741211,10.989999771118164,11.390000343322754,0
11/7/06,11.09000015258789,11.09000015258789,11.18999958,10.869999885559082,11.06000042,0
11/8/06,10.75,10.75,11.489999771118164,10.699999809265137,11.40999984741211,0
11/9/06,11.010000228881836,11.010000228881836,11.06999969482422,10.56999969482422,10.649999618530272,0
11/10/06,10.789999961853027,10.789999961853027,11.119999885559082,10.770000457763672,11.010000228881836,0
11/13/06,10.859999656677246,10.859999656677246,11.260000228881836,10.68999958,11.18999958,0
11/14/06,10.5,10.5,11.31000042,10.140000343322754,10.890000343322754,0
11/15/06,10.31000042,10.31000042,10.609999656677246,10.130000114440918,10.470000267028809,0
11/16/06,10.15999984741211,10.15999984741211,10.350000381469728,10.039999961853027,10.130000114440918,0
11/17/06,10.050000190734863,10.050000190734863,10.479999542236328,10.050000190734863,10.369999885559082,0
11/20/06,9.970000267028809,9.970000267028809,10.479999542236328,9.909999847,10.420000076293944,0
11/21/06,9.899999618530272,9.899999618530272,10.06000042,9.840000153,10.050000190734863,0
11/22/06,10.140000343322754,10.140000343322754,10.149999618530272,9.81000042,10.020000457763672,0
11/24/06,10.729999542236328,10.729999542236328,10.859999656677246,10.56000042,10.81000042,0
11/27/06,12.300000190734863,12.300000190734863,12.329999923706056,11.140000343322754,11.260000228881836,0
11/28/06,11.619999885559082,11.619999885559082,12.550000190734863,11.56000042,12.479999542236328,0
11/29/06,10.829999923706056,10.829999923706056,11.43000030517578,10.670000076293944,11.40999984741211,0
11/30/06,10.90999984741211,10.90999984741211,11.300000190734863,10.579999923706056,10.880000114440918,0
12/1/06,11.65999984741211,11.65999984741211,12.279999732971191,10.960000038146973,11.06999969482422,0
12/4/06,11.229999542236328,11.229999542236328,12.010000228881836,10.979999542236328,12.010000228881836,0
12/5/06,11.270000457763672,11.270000457763672,11.59000015258789,10.850000381469728,11.130000114440918,0
12/6/06,11.329999923706056,11.329999923706056,11.550000190734863,11.18999958,11.390000343322754,0
12/7/06,12.670000076293944,12.670000076293944,12.68000030517578,11.170000076293944,11.350000381469728,0
12/8/06,12.06999969482422,12.06999969482422,12.670000076293944,11.90999984741211,12.579999923706056,0
12/11/06,10.710000038146973,10.710000038146973,11.93000030517578,10.710000038146973,11.880000114440918,0
12/12/06,10.649999618530272,10.649999618530272,11.390000343322754,10.350000381469728,11.199999809265137,0
12/13/06,10.18000030517578,10.18000030517578,10.579999923706056,10.149999618530272,10.449999809265137,0
12/14/06,9.970000267028809,9.970000267028809,10.75,9.640000343322754,10.739999771118164,0
12/15/06,10.050000190734863,10.050000190734863,10.06999969482422,9.390000343322754,9.68000030517578,0
12/18/06,10.600000381469728,10.600000381469728,10.90999984741211,10.460000038146973,10.640000343322754,0
12/19/06,10.300000190734863,10.300000190734863,11.31000042,10.270000457763672,11.06000042,0
12/20/06,10.260000228881836,10.260000228881836,10.329999923706056,10.029999732971191,10.300000190734863,0
12/21/06,10.529999732971191,10.529999732971191,10.890000343322754,10.130000114440918,10.359999656677246,0
12/22/06,11.359999656677246,11.359999656677246,11.460000038146973,10.59000015258789,10.59000015258789,0
12/26/06,11.260000228881836,11.260000228881836,12.029999732971191,11.239999771118164,12.029999732971191,0
12/27/06,10.640000343322754,10.640000343322754,11.119999885559082,10.59000015258789,11.119999885559082,0
12/28/06,10.989999771118164,10.989999771118164,11.06000042,10.729999542236328,10.84000015258789,0
12/29/06,11.56000042,11.56000042,11.649999618530272,10.710000038146973,10.949999809265137,0
1/3/07,12.039999961853027,12.039999961853027,12.75,11.529999732971191,12.15999984741211,0
1/4/07,11.510000228881836,11.510000228881836,12.420000076293944,11.279999732971191,12.399999618530272,0
1/5/07,12.140000343322754,12.140000343322754,12.25,11.68000030517578,11.84000015258789,0
1/8/07,12.0,12.0,12.829999923706056,11.779999732971191,12.479999542236328,0
1/9/07,11.90999984741211,11.90999984741211,12.470000267028809,11.68999958,11.859999656677246,0
1/10/07,11.470000267028809,11.470000267028809,12.5,11.43000030517578,12.34000015258789,0
1/11/07,10.869999885559082,10.869999885559082,11.479999542236328,10.5,11.420000076293944,0
1/12/07,10.149999618530272,10.149999618530272,10.93000030517578,10.140000343322754,10.93000030517578,0
1/16/07,10.739999771118164,10.739999771118164,10.890000343322754,10.399999618530272,10.640000343322754,0
1/17/07,10.59000015258789,10.59000015258789,10.899999618530272,10.350000381469728,10.899999618530272,0
1/18/07,10.850000381469728,10.850000381469728,11.039999961853027,10.449999809265137,10.649999618530272,0
1/19/07,10.399999618530272,10.399999618530272,11.029999732971191,10.239999771118164,10.800000190734863,0
1/22/07,10.770000457763672,10.770000457763672,11.079999923706056,10.619999885559082,10.770000457763672,0
1/23/07,10.34000015258789,10.34000015258789,10.93999958,10.220000267028809,10.770000457763672,0
1/24/07,9.890000343322754,9.890000343322754,10.40999984741211,9.869999885559082,10.40999984741211,0
1/25/07,11.220000267028809,11.220000267028809,11.380000114440918,9.949999809265137,9.989999771118164,0
1/26/07,11.130000114440918,11.130000114440918,11.600000381469728,10.920000076293944,10.949999809265137,0
1/29/07,11.449999809265137,11.449999809265137,11.600000381469728,10.920000076293944,11.5,0
1/30/07,10.960000038146973,10.960000038146973,11.489999771118164,10.949999809265137,11.279999732971191,0
1/31/07,10.420000076293944,10.420000076293944,11.260000228881836,10.270000457763672,11.09000015258789,0
2/1/07,10.31000042,10.31000042,10.43000030517578,10.140000343322754,10.31999969482422,0
2/2/07,10.079999923706056,10.079999923706056,10.359999656677246,9.960000038146973,10.300000190734863,0
2/5/07,10.550000190734863,10.550000190734863,10.699999809265137,10.43999958,10.529999732971191,0
2/6/07,10.649999618530272,10.649999618530272,10.880000114440918,10.43999958,10.550000190734863,0
2/7/07,10.31999969482422,10.31999969482422,10.56000042,10.239999771118164,10.31000042,0
2/8/07,10.43999958,10.43999958,10.90999984741211,10.399999618530272,10.489999771118164,0
2/9/07,11.100000381469728,11.100000381469728,11.56000042,10.25,10.420000076293944,0
2/12/07,11.609999656677246,11.609999656677246,11.880000114440918,11.300000190734863,11.329999923706056,0
2/13/07,10.34000015258789,10.34000015258789,11.420000076293944,10.329999923706056,11.420000076293944,0
2/14/07,10.229999542236328,10.229999542236328,10.260000228881836,9.699999809265137,10.18999958,0
2/15/07,10.220000267028809,10.220000267028809,10.31999969482422,10.050000190734863,10.279999732971191,0
2/16/07,10.020000457763672,10.020000457763672,10.43999958,9.979999542236328,10.420000076293944,0
2/20/07,10.239999771118164,10.239999771118164,10.720000267028809,10.140000343322754,10.619999885559082,0
2/21/07,10.199999809265137,10.199999809265137,10.529999732971191,10.170000076293944,10.479999542236328,0
2/22/07,10.18000030517578,10.18000030517578,10.520000457763672,10.010000228881836,10.229999542236328,0
2/23/07,10.579999923706056,10.579999923706056,10.699999809265137,10.359999656677246,10.40999984741211,0
2/26/07,11.149999618530272,11.149999618530272,11.43999958,10.520000457763672,10.59000015258789,0
2/27/07,18.309999465942383,18.309999465942383,19.010000228881836,12.100000381469728,12.119999885559082,0
2/28/07,15.420000076293944,15.420000076293944,17.290000915527344,14.5,17.209999084472656,0
3/1/07,15.81999969482422,15.81999969482422,19.399999618530273,15.359999656677246,17.760000228881836,0
3/2/07,18.61000061035156,18.61000061035156,18.62999916,16.040000915527344,16.700000762939453,0
3/5/07,19.62999916,19.62999916,20.40999984741211,18.12999916,20.399999618530273,0
3/6/07,15.960000038146973,15.960000038146973,18.34000015258789,15.760000228881836,18.309999465942383,0
3/7/07,15.239999771118164,15.239999771118164,16.270000457763672,14.520000457763672,16.25,0
3/8/07,14.289999961853027,14.289999961853027,14.699999809265137,13.479999542236328,14.34000015258789,0
3/9/07,14.09000015258789,14.09000015258789,14.619999885559082,13.670000076293944,13.699999809265137,0
3/12/07,13.989999771118164,13.989999771118164,14.960000038146973,13.760000228881836,14.960000038146973,0
3/13/07,18.12999916,18.12999916,18.420000076293945,14.600000381469728,14.869999885559082,0
3/14/07,17.270000457763672,17.270000457763672,21.25,16.75,17.62999916,0
3/15/07,16.43000030517578,16.43000030517578,16.90999984741211,15.270000457763672,16.90999984741211,0
3/16/07,16.790000915527344,16.790000915527344,17.709999084472656,15.289999961853027,15.380000114440918,0
3/19/07,14.59000015258789,14.59000015258789,15.81999969482422,14.579999923706056,15.81999969482422,0
3/20/07,13.270000457763672,13.270000457763672,15.15999984741211,13.25,15.010000228881836,0
3/21/07,12.18999958,12.18999958,13.670000076293944,11.210000038146973,13.270000457763672,0
3/22/07,12.93000030517578,12.93000030517578,12.949999809265137,12.039999961853027,12.289999961853027,0
3/23/07,12.949999809265137,12.949999809265137,13.18000030517578,12.460000038146973,13.130000114440918,0
3/26/07,13.15999984741211,13.15999984741211,14.699999809265137,12.90999984741211,13.390000343322754,0
3/27/07,13.479999542236328,13.479999542236328,13.899999618530272,13.350000381469728,13.350000381469728,0
3/28/07,14.979999542236328,14.979999542236328,15.510000228881836,14.220000267028809,14.279999732971191,0
3/29/07,15.140000343322754,15.140000343322754,16.049999237060547,14.34000015258789,14.449999809265137,0
3/30/07,14.640000343322754,14.640000343322754,15.81999969482422,14.140000343322754,14.93999958,0
4/2/07,14.529999732971191,14.529999732971191,15.460000038146973,14.399999618530272,14.90999984741211,0
4/3/07,13.460000038146973,13.460000038146973,14.06000042,12.81000042,14.020000457763672,0
4/4/07,13.239999771118164,13.239999771118164,13.90999984741211,13.199999809265137,13.81999969482422,0
4/5/07,13.229999542236328,13.229999542236328,13.65999984741211,12.68999958,13.56999969482422,0
4/9/07,13.140000343322754,13.140000343322754,13.56000042,12.890000343322754,13.260000228881836,0
4/10/07,12.68000030517578,12.68000030517578,13.329999923706056,12.56000042,13.329999923706056,0
4/11/07,13.489999771118164,13.489999771118164,14.079999923706056,12.720000267028809,12.720000267028809,0
4/12/07,12.710000038146973,12.710000038146973,14.149999618530272,12.579999923706056,13.649999618530272,0
4/13/07,12.199999809265137,12.199999809265137,13.0,12.130000114440918,12.670000076293944,0
4/16/07,11.979999542236328,11.979999542236328,12.100000381469728,11.460000038146973,11.859999656677246,0
4/17/07,12.140000343322754,12.140000343322754,12.170000076293944,11.5,11.699999809265137,0
4/18/07,12.420000076293944,12.420000076293944,12.56999969482422,11.949999809265137,12.479999542236328,0
4/19/07,12.539999961853027,12.539999961853027,13.270000457763672,12.40999984741211,13.15999984741211,0
4/20/07,12.06999969482422,12.06999969482422,12.670000076293944,11.970000267028809,12.029999732971191,0
4/23/07,13.039999961853027,13.039999961853027,13.079999923706056,12.479999542236328,12.600000381469728,0
4/24/07,13.119999885559082,13.119999885559082,13.890000343322754,13.039999961853027,13.119999885559082,0
4/25/07,13.210000038146973,13.210000038146973,13.229999542236328,12.579999923706056,12.739999771118164,0
4/26/07,12.789999961853027,12.789999961853027,13.670000076293944,12.670000076293944,13.15999984741211,0
4/27/07,12.449999809265137,12.449999809265137,13.260000228881836,12.40999984741211,13.119999885559082,0
4/30/07,14.220000267028809,14.220000267028809,14.31000042,12.779999732971191,12.899999618530272,0
5/1/07,13.510000228881836,13.510000228881836,14.600000381469728,13.479999542236328,14.100000381469728,0
5/2/07,13.079999923706056,13.079999923706056,13.520000457763672,12.550000190734863,13.520000457763672,0
5/3/07,13.09000015258789,13.09000015258789,13.359999656677246,12.890000343322754,13.010000228881836,0
5/4/07,12.90999984741211,12.90999984741211,13.359999656677246,12.59000015258789,12.90999984741211,0
5/7/07,13.149999618530272,13.149999618530272,13.369999885559082,13.109999656677246,13.34000015258789,0
5/8/07,13.210000038146973,13.210000038146973,13.68999958,13.15999984741211,13.479999542236328,0
5/9/07,12.880000114440918,12.880000114440918,13.5,12.539999961853027,13.43000030517578,0
5/10/07,13.600000381469728,13.600000381469728,13.850000381469728,12.890000343322754,13.31000042,0
5/11/07,12.949999809265137,12.949999809265137,13.470000267028809,12.630000114440918,13.470000267028809,0
5/14/07,13.960000038146973,13.960000038146973,14.43000030517578,13.010000228881836,13.260000228881836,0
5/15/07,14.010000228881836,14.010000228881836,14.300000190734863,13.270000457763672,13.880000114440918,0
5/16/07,13.5,13.5,14.18000030517578,13.470000267028809,14.020000457763672,0
5/17/07,13.510000228881836,13.510000228881836,13.81999969482422,13.25,13.619999885559082,0
5/18/07,12.760000228881836,12.760000228881836,13.220000267028809,12.68999958,13.010000228881836,0
5/21/07,13.300000190734863,13.300000190734863,13.300000190734863,12.699999809265137,13.239999771118164,0
5/22/07,13.06000042,13.06000042,13.380000114440918,12.079999923706056,12.09000015258789,0
5/23/07,13.239999771118164,13.239999771118164,13.279999732971191,12.550000190734863,12.770000457763672,0
5/24/07,14.079999923706056,14.079999923706056,14.359999656677246,12.920000076293944,13.149999618530272,0
5/25/07,13.34000015258789,13.34000015258789,13.869999885559082,13.229999542236328,13.81000042,0
5/29/07,13.529999732971191,13.529999732971191,13.949999809265137,13.31000042,13.859999656677246,0
5/30/07,12.829999923706056,12.829999923706056,14.289999961853027,12.81999969482422,14.18000030517578,0
5/31/07,13.050000190734863,13.050000190734863,13.18000030517578,12.619999885559082,12.779999732971191,0
6/1/07,12.779999732971191,12.779999732971191,13.010000228881836,12.43000030517578,12.770000457763672,0
6/4/07,13.289999961853027,13.289999961853027,13.539999961853027,13.210000038146973,13.470000267028809,0
6/5/07,13.630000114440918,13.630000114440918,14.170000076293944,13.539999961853027,13.579999923706056,0
6/6/07,14.869999885559082,14.869999885559082,15.06000042,14.06000042,14.06999969482422,0
6/7/07,17.059999465942383,17.059999465942383,17.09000015258789,14.890000343322754,15.079999923706056,0
6/8/07,14.84000015258789,14.84000015258789,16.780000686645508,14.729999542236328,16.75,0
6/11/07,14.710000038146973,14.710000038146973,15.470000267028809,14.239999771118164,15.31000042,0
6/12/07,16.670000076293945,16.670000076293945,16.700000762939453,14.770000457763672,15.460000038146973,0
6/13/07,14.729999542236328,14.729999542236328,16.100000381469727,14.670000076293944,16.049999237060547,0
6/14/07,13.640000343322754,13.640000343322754,14.81999969482422,13.59000015258789,14.760000228881836,0
6/15/07,13.93999958,13.93999958,13.970000267028809,12.579999923706056,13.010000228881836,0
6/18/07,13.420000076293944,13.420000076293944,14.510000228881836,13.350000381469728,14.420000076293944,0
6/19/07,12.850000381469728,12.850000381469728,13.800000190734863,12.789999961853027,13.779999732971191,0
6/20/07,14.670000076293944,14.670000076293944,14.760000228881836,12.75,12.770000457763672,0
6/21/07,14.210000038146973,14.210000038146973,15.56000042,14.170000076293944,14.800000190734863,0
6/22/07,15.75,15.75,16.579999923706055,14.31000042,14.449999809265137,0
6/25/07,16.649999618530273,16.649999618530273,17.239999771118164,15.40999984741211,16.5,0
6/26/07,18.88999938964844,18.88999938964844,18.88999938964844,16.209999084472656,16.459999084472656,0
6/27/07,15.529999732971191,15.529999732971191,18.979999542236328,15.43999958,18.87000084,0
6/28/07,15.539999961853027,15.539999961853027,15.710000038146973,14.979999542236328,15.699999809265137,0
6/29/07,16.229999542236328,16.229999542236328,17.12999916,14.619999885559082,15.25,0
7/2/07,15.399999618530272,15.399999618530272,16.479999542236328,15.31000042,16.479999542236328,0
7/3/07,14.920000076293944,14.920000076293944,15.300000190734863,14.850000381469728,14.960000038146973,0
7/5/07,15.479999542236328,15.479999542236328,15.949999809265137,15.170000076293944,15.369999885559082,0
7/6/07,14.720000267028809,14.720000267028809,15.59000015258789,14.670000076293944,15.359999656677246,0
7/9/07,15.15999984741211,15.15999984741211,15.68999958,15.029999732971191,15.34000015258789,0
7/10/07,17.56999969482422,17.56999969482422,17.68000030517578,15.829999923706056,15.880000114440918,0
7/11/07,16.639999389648438,16.639999389648438,17.90999984741211,16.639999389648438,17.690000534057617,0
7/12/07,15.539999961853027,15.539999961853027,16.389999389648438,14.93000030517578,16.389999389648438,0
7/13/07,15.149999618530272,15.149999618530272,15.510000228881836,14.789999961853027,15.390000343322754,0
7/16/07,15.59000015258789,15.59000015258789,15.829999923706056,15.270000457763672,15.56999969482422,0
7/17/07,15.630000114440918,15.630000114440918,15.779999732971191,15.31000042,15.579999923706056,0
7/18/07,16.0,16.0,17.059999465942383,15.949999809265137,16.37999916,0
7/19/07,15.229999542236328,15.229999542236328,15.619999885559082,15.06000042,15.43000030517578,0
7/20/07,16.950000762939453,16.950000762939453,18.530000686645508,15.359999656677246,15.390000343322754,0
7/23/07,16.809999465942383,16.809999465942383,17.09000015258789,16.389999389648438,16.62000084,0
7/24/07,18.549999237060547,18.549999237060547,19.09000015258789,17.479999542236328,17.62999916,0
7/25/07,18.100000381469727,18.100000381469727,19.459999084472656,17.37999916,17.770000457763672,0
7/26/07,20.739999771118164,20.739999771118164,23.36000061035156,19.299999237060547,19.40999984741211,0
7/27/07,24.170000076293945,24.170000076293945,24.170000076293945,19.600000381469727,20.34000015258789,0
7/30/07,20.87000084,20.87000084,23.63999938964844,20.86000061035156,23.63999938964844,0
7/31/07,23.520000457763672,23.520000457763672,23.93000030517578,19.68000030517578,20.079999923706055,0
8/1/07,23.670000076293945,23.670000076293945,26.219999313354492,23.260000228881836,23.709999084472656,0
8/2/07,21.219999313354492,21.219999313354492,23.0,21.200000762939453,22.940000534057617,0
8/3/07,25.15999984741211,25.15999984741211,25.549999237060547,21.09000015258789,21.520000457763672,0
8/6/07,22.940000534057617,22.940000534057617,26.469999313354492,22.440000534057617,25.31999969482422,0
8/7/07,21.559999465942383,21.559999465942383,23.739999771118164,20.790000915527344,23.329999923706055,0
8/8/07,21.450000762939453,21.450000762939453,22.950000762939453,19.329999923706055,20.969999313354492,0
8/9/07,26.479999542236328,26.479999542236328,26.899999618530273,23.84000015258789,24.459999084472656,0
8/10/07,28.299999237060547,28.299999237060547,29.84000015258789,26.90999984741211,28.040000915527344,0
8/13/07,26.56999969482422,26.56999969482422,28.020000457763672,25.479999542236328,28.020000457763672,0
8/14/07,27.68000030517578,27.68000030517578,28.290000915527344,25.309999465942383,25.559999465942383,0
8/15/07,30.670000076293945,30.670000076293945,31.760000228881836,26.15999984741211,28.219999313354492,0
8/16/07,30.829999923706055,30.829999923706055,37.5,30.440000534057617,32.68000030517578,0
8/17/07,29.989999771118164,29.989999771118164,31.459999084472656,25.229999542236328,25.25,0
8/20/07,26.329999923706055,26.329999923706055,29.950000762939453,25.799999237060547,29.87000084,0
8/21/07,25.25,25.25,26.719999313354492,24.770000457763672,26.38999938964844,0
8/22/07,22.88999938964844,22.88999938964844,24.440000534057617,22.87000084,24.329999923706055,0
8/23/07,22.62000084,22.62000084,23.61000061035156,22.049999237060547,22.469999313354492,0
8/24/07,20.719999313354492,20.719999313354492,23.030000686645508,20.440000534057617,22.75,0
8/27/07,22.719999313354492,22.719999313354492,22.829999923706055,21.959999084472656,22.239999771118164,0
8/28/07,26.299999237060547,26.299999237060547,26.56999969482422,23.719999313354492,23.87000084,0
8/29/07,23.809999465942383,23.809999465942383,26.020000457763672,23.440000534057617,25.87000084,0
8/30/07,25.059999465942383,25.059999465942383,25.579999923706055,23.690000534057617,25.399999618530273,0
8/31/07,23.37999916,23.37999916,24.06999969482422,22.469999313354492,23.530000686645508,0
9/4/07,22.780000686645508,22.780000686645508,24.809999465942383,21.709999084472656,21.93000030517578,0
9/5/07,24.579999923706055,24.579999923706055,25.450000762939453,23.799999237060547,24.030000686645508,0
9/6/07,23.989999771118164,23.989999771118164,25.13999938964844,23.65999984741211,24.43000030517578,0
9/7/07,26.229999542236328,26.229999542236328,26.969999313354492,25.600000381469727,25.979999542236328,0
9/10/07,27.37999916,27.37999916,28.81999969482422,26.559999465942383,26.90999984741211,0
9/11/07,25.270000457763672,25.270000457763672,27.209999084472656,25.190000534057617,27.11000061035156,0
9/12/07,24.959999084472656,24.959999084472656,26.209999084472656,24.56999969482422,25.969999313354492,0
9/13/07,24.760000228881836,24.760000228881836,25.31999969482422,23.829999923706055,25.010000228881836,0
9/14/07,24.920000076293945,24.920000076293945,26.479999542236328,24.68000030517578,26.37999916,0
9/17/07,26.479999542236328,26.479999542236328,27.079999923706055,25.799999237060547,26.450000762939453,0
9/18/07,20.350000381469727,20.350000381469727,26.229999542236328,20.270000457763672,25.790000915527344,0
9/19/07,20.030000686645508,20.030000686645508,20.56999969482422,19.170000076293945,19.959999084472656,0
9/20/07,20.450000762939453,20.450000762939453,20.81999969482422,19.549999237060547,20.469999313354492,0
9/21/07,19.0,19.0,19.809999465942383,18.37000084,19.440000534057617,0
9/24/07,19.37000084,19.37000084,19.62000084,18.31999969482422,19.040000915527344,0
9/25/07,18.600000381469727,18.600000381469727,20.459999084472656,18.440000534057617,20.25,0
9/26/07,17.62999916,17.62999916,18.18000030517578,17.299999237060547,17.920000076293945,0
9/27/07,17.0,17.0,17.469999313354492,16.950000762939453,17.12000084,0
9/28/07,18.0,18.0,18.219999313354492,16.90999984741211,17.229999542236328,0
10/1/07,17.84000015258789,17.84000015258789,18.440000534057617,17.110000610351562,18.440000534057617,0
10/2/07,18.489999771118164,18.489999771118164,18.88999938964844,17.600000381469727,17.670000076293945,0
10/3/07,18.799999237060547,18.799999237060547,18.989999771118164,18.309999465942383,18.87999916,0
10/4/07,18.440000534057617,18.440000534057617,18.649999618530273,18.260000228881836,18.649999618530273,0
10/5/07,16.90999984741211,16.90999984741211,17.559999465942383,16.440000534057617,17.549999237060547,0
10/8/07,17.459999084472656,17.459999084472656,17.829999923706055,17.31999969482422,17.729999542236328,0
10/9/07,16.12000084,16.12000084,17.280000686645508,16.09000015258789,17.149999618530273,0
10/10/07,16.670000076293945,16.670000076293945,17.350000381469727,16.389999389648438,16.420000076293945,0
10/11/07,18.87999916,18.87999916,19.729999542236328,16.079999923706055,16.149999618530273,0
10/12/07,17.729999542236328,17.729999542236328,18.739999771118164,17.489999771118164,18.68000030517578,0
10/15/07,19.25,19.25,20.010000228881836,17.950000762939453,18.13999938964844,0
10/16/07,20.020000457763672,20.020000457763672,20.75,19.729999542236328,20.06999969482422,0
10/17/07,18.540000915527344,18.540000915527344,20.11000061035156,18.280000686645508,18.760000228881836,0
10/18/07,18.5,18.5,19.559999465942383,17.729999542236328,19.15999984741211,0
10/19/07,22.959999084472656,22.959999084472656,22.959999084472656,19.020000457763672,19.149999618530273,0
10/22/07,21.63999938964844,21.63999938964844,23.940000534057617,21.37999916,23.88999938964844,0
10/23/07,20.40999984741211,20.40999984741211,21.43000030517578,20.12999916,21.290000915527344,0
10/24/07,20.799999237060547,20.799999237060547,24.149999618530273,20.59000015258789,21.15999984741211,0
10/25/07,21.170000076293945,21.170000076293945,22.399999618530273,20.040000915527344,20.84000015258789,0
10/26/07,19.559999465942383,19.559999465942383,20.969999313354492,19.479999542236328,19.84000015258789,0
10/29/07,19.87000084,19.87000084,20.239999771118164,19.540000915527344,19.93000030517578,0
10/30/07,21.06999969482422,21.06999969482422,21.149999618530273,20.309999465942383,20.459999084472656,0
10/31/07,18.530000686645508,18.530000686645508,22.09000015258789,18.299999237060547,20.530000686645508,0
11/1/07,23.209999084472656,23.209999084472656,24.149999618530273,17.37999916,19.88999938964844,0
11/2/07,23.010000228881836,23.010000228881836,25.170000076293945,22.559999465942383,22.559999465942383,0
11/5/07,24.309999465942383,24.309999465942383,25.459999084472656,23.61000061035156,25.25,0
11/6/07,21.38999938964844,21.38999938964844,23.739999771118164,21.239999771118164,23.5,0
11/7/07,26.489999771118164,26.489999771118164,26.850000381469727,22.75,23.149999618530273,0
11/8/07,26.15999984741211,26.15999984741211,29.149999618530273,25.31999969482422,26.450000762939453,0
11/9/07,28.5,28.5,28.84000015258789,26.209999084472656,27.959999084472656,0
11/12/07,31.09000015258789,31.09000015258789,31.09000015258789,24.469999313354492,30.56999969482422,0
11/13/07,24.100000381469727,24.100000381469727,27.5,23.81999969482422,27.469999313354492,0
11/14/07,25.940000534057617,25.940000534057617,27.030000686645508,23.06999969482422,23.350000381469727,0
11/15/07,28.059999465942383,28.059999465942383,29.309999465942383,25.979999542236328,26.959999084472656,0
11/16/07,25.489999771118164,25.489999771118164,28.12000084,25.12000084,27.040000915527344,0
11/19/07,26.010000228881836,26.010000228881836,27.18000030517578,25.739999771118164,26.739999771118164,0
11/20/07,24.87999916,24.87999916,27.350000381469727,23.62000084,26.12000084,0
11/21/07,26.84000015258789,26.84000015258789,27.770000457763672,24.549999237060547,26.299999237060547,0
11/23/07,25.61000061035156,25.61000061035156,26.420000076293945,25.350000381469727,26.420000076293945,0
11/26/07,28.90999984741211,28.90999984741211,28.950000762939453,25.84000015258789,26.459999084472656,0
11/27/07,26.280000686645508,26.280000686645508,28.239999771118164,26.229999542236328,28.13999938964844,0
11/28/07,24.11000061035156,24.11000061035156,25.13999938964844,23.549999237060547,25.13999938964844,0
11/29/07,23.969999313354492,23.969999313354492,24.61000061035156,23.350000381469727,24.59000015258789,0
11/30/07,22.87000084,22.87000084,23.38999938964844,22.0,22.670000076293945,0
12/3/07,23.61000061035156,23.61000061035156,24.489999771118164,23.399999618530273,23.59000015258789,0
12/4/07,23.790000915527344,23.790000915527344,24.59000015258789,23.31999969482422,24.299999237060547,0
12/5/07,22.530000686645508,22.530000686645508,23.030000686645508,21.87000084,22.719999313354492,0
12/6/07,20.959999084472656,20.959999084472656,22.75,20.87000084,22.68000030517578,0
12/7/07,20.850000381469727,20.850000381469727,21.010000228881836,20.290000915527344,20.690000534057617,0
12/10/07,20.739999771118164,20.739999771118164,21.459999084472656,20.36000061035156,21.15999984741211,0
12/11/07,23.59000015258789,23.59000015258789,23.700000762939453,19.770000457763672,20.690000534057617,0
12/12/07,22.469999313354492,22.469999313354492,24.219999313354492,20.489999771118164,20.81999969482422,0
12/13/07,22.559999465942383,22.559999465942383,24.040000915527344,22.40999984741211,23.530000686645508,0
12/14/07,23.270000457763672,23.270000457763672,23.530000686645508,22.260000228881836,23.530000686645508,0
12/17/07,24.520000457763672,24.520000457763672,24.86000061035156,23.420000076293945,24.12999916,0
12/18/07,22.63999938964844,22.63999938964844,24.600000381469727,22.40999984741211,23.700000762939453,0
12/19/07,21.68000030517578,21.68000030517578,22.68000030517578,21.299999237060547,22.62000084,0
12/20/07,20.579999923706055,20.579999923706055,21.670000076293945,20.579999923706055,21.020000457763672,0
12/21/07,18.469999313354492,18.469999313354492,19.81999969482422,18.280000686645508,19.81999969482422,0
12/24/07,18.600000381469727,18.600000381469727,19.420000076293945,18.479999542236328,19.079999923706055,0
12/26/07,18.65999984741211,18.65999984741211,19.469999313354492,18.600000381469727,19.37000084,0
12/27/07,20.260000228881836,20.260000228881836,20.510000228881836,19.149999618530273,19.149999618530273,0
12/28/07,20.739999771118164,20.739999771118164,21.049999237060547,19.440000534057617,19.59000015258789,0
12/31/07,22.5,22.5,22.75,21.790000915527344,21.87000084,0
1/2/08,23.170000076293945,23.170000076293945,24.049999237060547,22.399999618530273,22.579999923706055,0
1/3/08,22.489999771118164,22.489999771118164,23.270000457763672,22.11000061035156,23.11000061035156,0
1/4/08,23.940000534057617,23.940000534057617,24.299999237060547,23.25,23.5,0
1/7/08,23.790000915527344,23.790000915527344,24.87999916,23.299999237060547,24.62000084,0
1/8/08,25.43000030517578,25.43000030517578,25.600000381469727,22.62999916,23.270000457763672,0
1/9/08,24.12000084,24.12000084,25.950000762939453,23.899999618530273,25.61000061035156,0
1/10/08,23.450000762939453,23.450000762939453,24.61000061035156,22.62000084,24.559999465942383,0
1/11/08,23.68000030517578,23.68000030517578,24.40999984741211,23.219999313354492,24.040000915527344,0
1/14/08,22.899999618530273,22.899999618530273,23.93000030517578,22.649999618530273,23.760000228881836,0
1/15/08,23.34000015258789,23.34000015258789,24.59000015258789,22.969999313354492,24.100000381469727,0
1/16/08,24.37999916,24.37999916,24.37999916,22.850000381469727,23.899999618530273,0
1/17/08,28.459999084472656,28.459999084472656,28.510000228881836,23.87000084,24.11000061035156,0
1/18/08,27.18000030517578,27.18000030517578,29.299999237060547,26.270000457763672,27.549999237060547,0
1/22/08,31.010000228881836,31.010000228881836,37.56999969482422,29.709999084472656,35.119998931884766,0
1/23/08,29.020000457763672,29.020000457763672,34.41999816894531,28.469999313354492,33.84000015258789,0
1/24/08,27.780000686645508,27.780000686645508,28.479999542236328,27.030000686645508,28.06999969482422,0
1/25/08,29.079999923706055,29.079999923706055,29.760000228881836,25.93000030517578,26.190000534057617,0
1/28/08,27.780000686645508,27.780000686645508,30.260000228881836,27.56999969482422,29.670000076293945,0
1/29/08,27.31999969482422,27.31999969482422,27.959999084472656,26.549999237060547,26.61000061035156,0
1/30/08,27.62000084,27.62000084,28.34000015258789,24.739999771118164,27.530000686645508,0
1/31/08,26.200000762939453,26.200000762939453,28.809999465942383,25.450000762939453,28.780000686645508,0
2/1/08,24.020000457763672,24.020000457763672,25.75,24.020000457763672,25.65999984741211,0
2/4/08,25.989999771118164,25.989999771118164,26.030000686645508,24.850000381469727,25.09000015258789,0
2/5/08,28.239999771118164,28.239999771118164,28.489999771118164,27.200000762939453,27.200000762939453,0
2/6/08,28.969999313354492,28.969999313354492,29.309999465942383,27.040000915527344,27.75,0
2/7/08,27.65999984741211,27.65999984741211,29.700000762939453,26.780000686645508,29.510000228881836,0
2/8/08,28.010000228881836,28.010000228881836,28.88999938964844,27.219999313354492,27.979999542236328,0
2/11/08,27.600000381469727,27.600000381469727,29.56999969482422,27.31999969482422,29.13999938964844,0
2/12/08,26.329999923706055,26.329999923706055,27.170000076293945,25.25,26.559999465942383,0
2/13/08,24.87999916,24.87999916,26.059999465942383,24.56999969482422,25.670000076293945,0
2/14/08,25.540000915527344,25.540000915527344,25.63999938964844,23.979999542236328,24.63999938964844,0
2/15/08,25.020000457763672,25.020000457763672,25.670000076293945,24.450000762939453,25.579999923706055,0
2/19/08,25.59000015258789,25.59000015258789,26.59000015258789,24.729999542236328,25.38999938964844,0
2/20/08,24.399999618530273,24.399999618530273,26.950000762939453,24.209999084472656,25.600000381469727,0
2/21/08,25.12000084,25.12000084,25.450000762939453,23.739999771118164,24.420000076293945,0
2/22/08,24.059999465942383,24.059999465942383,25.93000030517578,23.62000084,24.989999771118164,0
2/25/08,23.030000686645508,23.030000686645508,25.06999969482422,22.690000534057617,24.059999465942383,0
2/26/08,21.899999618530273,21.899999618530273,23.450000762939453,21.63999938964844,23.440000534057617,0
2/27/08,22.690000534057617,22.690000534057617,23.010000228881836,21.829999923706055,21.899999618530273,0
2/28/08,23.530000686645508,23.530000686645508,23.790000915527344,22.690000534057617,22.690000534057617,0
2/29/08,26.540000915527344,26.540000915527344,26.90999984741211,23.540000915527344,23.540000915527344,0
3/3/08,26.280000686645508,26.280000686645508,28.12999916,26.270000457763672,27.540000915527344,0
3/4/08,25.520000457763672,25.520000457763672,27.420000076293945,25.510000228881836,27.190000534057617,0
3/5/08,24.600000381469727,24.600000381469727,25.770000457763672,23.299999237060547,25.520000457763672,0
3/6/08,27.549999237060547,27.549999237060547,27.899999618530273,25.040000915527344,25.450000762939453,0
3/7/08,27.489999771118164,27.489999771118164,29.290000915527344,22.290000915527344,28.520000457763672,0
3/10/08,29.37999916,29.37999916,29.729999542236328,27.920000076293945,28.12999916,0
3/11/08,26.36000061035156,26.36000061035156,28.63999938964844,26.350000381469727,27.25,0
3/12/08,27.219999313354492,27.219999313354492,27.25,24.899999618530273,26.38999938964844,0
3/13/08,27.290000915527344,27.290000915527344,29.62000084,25.649999618530273,27.219999313354492,0
3/14/08,31.15999984741211,31.15999984741211,32.88999938964844,26.020000457763672,27.309999465942383,0
3/17/08,32.24000168,32.24000168,35.599998474121094,31.100000381469727,35.13999938964844,0
3/18/08,25.790000915527344,25.790000915527344,32.24000168,25.579999923706055,32.24000168,0
3/19/08,29.84000015258789,29.84000015258789,29.950000762939453,25.15999984741211,25.780000686645508,0
3/20/08,26.62000084,26.62000084,29.84000015258789,25.799999237060547,29.84000015258789,0
3/24/08,25.729999542236328,25.729999542236328,27.040000915527344,24.75,26.63999938964844,0
3/25/08,25.719999313354492,25.719999313354492,26.420000076293945,25.170000076293945,25.75,0
3/26/08,26.079999923706055,26.079999923706055,26.850000381469727,25.510000228881836,25.75,0
3/27/08,25.87999916,25.87999916,25.979999542236328,24.90999984741211,25.549999237060547,0
3/28/08,25.709999084472656,25.709999084472656,25.959999084472656,25.040000915527344,25.809999465942383,0
3/31/08,25.61000061035156,25.61000061035156,26.770000457763672,25.350000381469727,25.709999084472656,0
4/1/08,22.68000030517578,22.68000030517578,25.61000061035156,22.520000457763672,25.61000061035156,0
4/2/08,23.43000030517578,23.43000030517578,23.649999618530273,22.38999938964844,22.63999938964844,0
4/3/08,23.209999084472656,23.209999084472656,24.149999618530273,23.0,23.84000015258789,0
4/4/08,22.450000762939453,22.450000762939453,23.309999465942383,21.75,23.0,0
4/7/08,22.420000076293945,22.420000076293945,22.729999542236328,21.209999084472656,22.450000762939453,0
4/8/08,22.36000061035156,22.36000061035156,23.15999984741211,22.36000061035156,22.420000076293945,0
4/9/08,22.809999465942383,22.809999465942383,23.56999969482422,22.36000061035156,22.36000061035156,0
4/10/08,21.979999542236328,21.979999542236328,23.219999313354492,21.62999916,22.799999237060547,0
4/11/08,23.459999084472656,23.459999084472656,23.59000015258789,22.649999618530273,23.030000686645508,0
4/14/08,23.81999969482422,23.81999969482422,24.350000381469727,23.459999084472656,23.459999084472656,0
4/15/08,22.780000686645508,22.780000686645508,23.989999771118164,22.719999313354492,23.84000015258789,0
4/16/08,20.530000686645508,20.530000686645508,22.09000015258789,20.5,22.030000686645508,0
4/17/08,20.37000084,20.37000084,21.540000915527344,20.350000381469727,21.12999916,0
4/18/08,20.12999916,20.12999916,20.37000084,19.209999084472656,20.37000084,0
4/21/08,20.5,20.5,21.12000084,20.149999618530273,20.149999618530273,0
4/22/08,20.87000084,20.87000084,21.600000381469727,20.469999313354492,20.469999313354492,0
4/23/08,20.260000228881836,20.260000228881836,20.950000762939453,19.87999916,20.62999916,0
4/24/08,20.059999465942383,20.059999465942383,20.770000457763672,19.209999084472656,20.260000228881836,0
4/25/08,19.59000015258789,19.59000015258789,20.36000061035156,19.280000686645508,19.600000381469727,0
4/28/08,19.63999938964844,19.63999938964844,20.25,19.37000084,20.13999938964844,0
4/29/08,20.239999771118164,20.239999771118164,20.540000915527344,19.62999916,19.86000061035156,0
4/30/08,20.790000915527344,20.790000915527344,20.809999465942383,19.690000534057617,20.239999771118164,0
5/1/08,18.87999916,18.87999916,20.829999923706055,18.87000084,20.780000686645508,0
5/2/08,18.18000030517578,18.18000030517578,19.11000061035156,17.969999313354492,18.87000084,0
5/5/08,18.899999618530273,18.899999618530273,19.290000915527344,18.68000030517578,18.68000030517578,0
5/6/08,18.209999084472656,18.209999084472656,19.56999969482422,18.11000061035156,18.899999618530273,0
5/7/08,19.729999542236328,19.729999542236328,19.979999542236328,18.420000076293945,18.479999542236328,0
5/8/08,19.399999618530273,19.399999618530273,19.920000076293945,18.62000084,19.729999542236328,0
5/9/08,19.40999984741211,19.40999984741211,20.010000228881836,19.299999237060547,19.979999542236328,0
5/12/08,17.790000915527344,17.790000915527344,19.479999542236328,16.920000076293945,19.170000076293945,0
5/13/08,17.979999542236328,17.979999542236328,18.62999916,17.760000228881836,17.790000915527344,0
5/14/08,17.65999984741211,17.65999984741211,17.979999542236328,16.739999771118164,17.979999542236328,0
5/15/08,16.299999237060547,16.299999237060547,17.84000015258789,16.25,17.649999618530273,0
5/16/08,16.469999313354492,16.469999313354492,17.920000076293945,16.299999237060547,16.299999237060547,0
5/19/08,17.010000228881836,17.010000228881836,17.889999389648438,15.81999969482422,16.469999313354492,0
5/20/08,17.579999923706055,17.579999923706055,18.420000076293945,17.020000457763672,17.020000457763672,0
5/21/08,18.59000015258789,18.59000015258789,18.88999938964844,17.010000228881836,17.639999389648438,0
5/22/08,18.049999237060547,18.049999237060547,19.11000061035156,17.81999969482422,18.920000076293945,0
5/23/08,19.549999237060547,19.549999237060547,19.799999237060547,18.37999916,18.579999923706055,0
5/27/08,19.63999938964844,19.63999938964844,20.950000762939453,19.420000076293945,20.780000686645508,0
5/28/08,19.06999969482422,19.06999969482422,20.030000686645508,19.010000228881836,19.63999938964844,0
5/29/08,18.13999938964844,18.13999938964844,19.170000076293945,17.540000915527344,19.079999923706055,0
5/30/08,17.829999923706055,17.829999923706055,18.209999084472656,17.559999465942383,18.13999938964844,0
6/2/08,19.829999923706055,19.829999923706055,20.450000762939453,17.829999923706055,17.829999923706055,0
6/3/08,20.239999771118164,20.239999771118164,21.0,18.88999938964844,19.799999237060547,0
6/4/08,20.799999237060547,20.799999237060547,21.309999465942383,19.760000228881836,20.63999938964844,0
6/5/08,18.62999916,18.62999916,20.59000015258789,18.62000084,20.540000915527344,0
6/6/08,23.559999465942383,23.559999465942383,23.790000915527344,18.62999916,18.62999916,0
6/9/08,23.12000084,23.12000084,24.469999313354492,20.780000686645508,23.559999465942383,0
6/10/08,23.18000030517578,23.18000030517578,24.420000076293945,22.309999465942383,24.37000084,0
6/11/08,24.12000084,24.12000084,24.299999237060547,22.86000061035156,23.440000534057617,0
6/12/08,23.329999923706055,23.329999923706055,23.979999542236328,21.90999984741211,23.61000061035156,0
6/13/08,21.219999313354492,21.219999313354492,23.13999938964844,21.040000915527344,23.020000457763672,0
6/16/08,20.950000762939453,20.950000762939453,22.84000015258789,20.729999542236328,21.219999313354492,0
6/17/08,21.12999916,21.12999916,21.420000076293945,20.020000457763672,20.959999084472656,0
6/18/08,22.239999771118164,22.239999771118164,22.86000061035156,21.260000228881836,21.670000076293945,0
6/19/08,21.579999923706055,21.579999923706055,22.61000061035156,20.90999984741211,22.239999771118164,0
6/20/08,22.87000084,22.87000084,23.700000762939453,21.579999923706055,21.579999923706055,0
6/23/08,22.63999938964844,22.63999938964844,23.13999938964844,22.520000457763672,22.88999938964844,0
6/24/08,22.420000076293945,22.420000076293945,23.479999542236328,21.68000030517578,22.690000534057617,0
6/25/08,21.13999938964844,21.13999938964844,22.420000076293945,20.34000015258789,22.420000076293945,0
6/26/08,23.93000030517578,23.93000030517578,23.989999771118164,22.149999618530273,22.229999542236328,0
6/27/08,23.440000534057617,23.440000534057617,24.559999465942383,23.299999237060547,23.75,0
6/30/08,23.950000762939453,23.950000762939453,24.260000228881836,23.270000457763672,24.25,0
7/1/08,23.649999618530273,23.649999618530273,25.56999969482422,23.63999938964844,25.13999938964844,0
7/2/08,25.920000076293945,25.920000076293945,25.959999084472656,22.700000762939453,23.399999618530273,0
7/3/08,24.780000686645508,24.780000686645508,26.079999923706055,24.440000534057617,25.920000076293945,0
7/7/08,25.780000686645508,25.780000686645508,26.90999984741211,24.729999542236328,25.479999542236328,0
7/8/08,23.149999618530273,23.149999618530273,26.049999237060547,23.020000457763672,25.719999313354492,0
7/9/08,25.229999542236328,25.229999542236328,25.38999938964844,22.59000015258789,23.15999984741211,0
7/10/08,25.59000015258789,25.59000015258789,26.62000084,25.06999969482422,25.219999313354492,0
7/11/08,27.489999771118164,27.489999771118164,29.440000534057617,25.559999465942383,25.559999465942383,0
7/14/08,28.479999542236328,28.479999542236328,29.299999237060547,26.899999618530273,27.489999771118164,0
7/15/08,28.540000915527344,28.540000915527344,30.809999465942383,27.010000228881836,28.469999313354492,0
7/16/08,25.100000381469727,25.100000381469727,28.31999969482422,24.87000084,28.190000534057617,0
7/17/08,25.010000228881836,25.010000228881836,25.5,23.989999771118164,24.579999923706055,0
7/18/08,24.049999237060547,24.049999237060547,25.190000534057617,23.780000686645508,25.010000228881836,0
7/21/08,23.049999237060547,23.049999237060547,24.579999923706055,23.040000915527344,24.049999237060547,0
7/22/08,21.18000030517578,21.18000030517578,24.079999923706055,21.049999237060547,24.020000457763672,0
7/23/08,21.309999465942383,21.309999465942383,22.079999923706055,20.729999542236328,21.229999542236328,0
7/24/08,23.440000534057617,23.440000534057617,23.61000061035156,21.309999465942383,21.309999465942383,0
7/25/08,22.90999984741211,22.90999984741211,23.450000762939453,22.309999465942383,23.450000762939453,0
7/28/08,24.229999542236328,24.229999542236328,24.62000084,22.90999984741211,22.90999984741211,0
7/29/08,22.030000686645508,22.030000686645508,24.219999313354492,21.959999084472656,24.200000762939453,0
7/30/08,21.209999084472656,21.209999084472656,22.309999465942383,20.989999771118164,22.030000686645508,0
7/31/08,22.940000534057617,22.940000534057617,22.959999084472656,21.450000762939453,22.329999923706055,0
8/1/08,22.56999969482422,22.56999969482422,23.37000084,22.350000381469727,22.65999984741211,0
8/4/08,23.489999771118164,23.489999771118164,23.86000061035156,22.940000534057617,23.530000686645508,0
8/5/08,21.13999938964844,21.13999938964844,22.989999771118164,20.059999465942383,22.989999771118164,0
8/6/08,20.229999542236328,20.229999542236328,21.65999984741211,19.75,21.65999984741211,0
8/7/08,21.149999618530273,21.149999618530273,21.459999084472656,20.229999542236328,20.229999542236328,0
8/8/08,20.65999984741211,20.65999984741211,21.690000534057617,20.11000061035156,21.149999618530273,0
8/11/08,20.12000084,20.12000084,20.959999084472656,19.65999984741211,20.65999984741211,0
8/12/08,21.170000076293945,21.170000076293945,21.510000228881836,20.37999916,20.63999938964844,0
8/13/08,21.549999237060547,21.549999237060547,22.11000061035156,20.799999237060547,21.56999969482422,0
8/14/08,20.34000015258789,20.34000015258789,22.299999237060547,20.06999969482422,22.299999237060547,0
8/15/08,19.579999923706055,19.579999923706055,20.649999618530273,19.56999969482422,20.239999771118164,0
8/18/08,20.979999542236328,20.979999542236328,21.440000534057617,19.579999923706055,19.579999923706055,0
8/19/08,21.280000686645508,21.280000686645508,22.13999938964844,21.280000686645508,21.760000228881836,0
8/20/08,20.420000076293945,20.420000076293945,21.670000076293945,20.38999938964844,21.299999237060547,0
8/21/08,19.81999969482422,19.81999969482422,21.079999923706055,18.940000534057617,20.43000030517578,0
8/22/08,18.809999465942383,18.809999465942383,19.829999923706055,18.63999938964844,19.829999923706055,0
8/25/08,20.969999313354492,20.969999313354492,21.219999313354492,18.780000686645508,18.780000686645508,0
8/26/08,20.489999771118164,20.489999771118164,21.270000457763672,20.479999542236328,20.979999542236328,0
8/27/08,19.760000228881836,19.760000228881836,20.670000076293945,19.530000686645508,20.479999542236328,0
8/28/08,19.43000030517578,19.43000030517578,19.65999984741211,19.219999313354492,19.36000061035156,0
8/29/08,20.649999618530273,20.649999618530273,20.709999084472656,19.43000030517578,19.43000030517578,0
9/2/08,21.989999771118164,21.989999771118164,22.299999237060547,20.469999313354492,20.649999618530273,0
9/3/08,21.43000030517578,21.43000030517578,22.299999237060547,21.38999938964844,21.989999771118164,0
9/4/08,24.030000686645508,24.030000686645508,24.149999618530273,21.90999984741211,22.020000457763672,0
9/5/08,23.059999465942383,23.059999465942383,24.709999084472656,22.969999313354492,24.540000915527344,0
9/8/08,22.63999938964844,22.63999938964844,24.059999465942383,22.12000084,22.219999313354492,0
9/9/08,25.469999313354492,25.469999313354492,25.68000030517578,22.579999923706055,22.690000534057617,0
9/10/08,24.520000457763672,24.520000457763672,25.479999542236328,23.799999237060547,25.469999313354492,0
9/11/08,24.38999938964844,24.38999938964844,26.25,24.38999938964844,25.37999916,0
9/12/08,25.65999984741211,25.65999984741211,26.670000076293945,24.799999237060547,24.799999237060547,0
9/15/08,31.700000762939453,31.700000762939453,31.87000084,25.65999984741211,25.65999984741211,0
9/16/08,30.299999237060547,30.299999237060547,33.70000076293945,30.239999771118164,31.700000762939453,0
9/17/08,36.220001220703125,36.220001220703125,36.400001525878906,30.25,31.959999084472656,0
9/18/08,33.099998474121094,33.099998474121094,42.15999984741211,33.099998474121094,36.099998474121094,0
9/19/08,32.06999969482422,32.06999969482422,33.08000183105469,27.950000762939453,33.06999969482422,0
9/22/08,33.849998474121094,33.849998474121094,34.220001220703125,30.809999465942383,32.400001525878906,0
9/23/08,35.720001220703125,35.720001220703125,36.08000183105469,32.630001068115234,33.849998474121094,0
9/24/08,35.189998626708984,35.189998626708984,36.709999084472656,34.15999984741211,35.70000076293945,0
9/25/08,32.81999969482422,32.81999969482422,35.189998626708984,32.45000076293945,35.189998626708984,0
9/26/08,34.74000168,34.74000168,36.400001525878906,32.81999969482422,32.81999969482422,0
9/29/08,46.720001220703125,46.720001220703125,48.400001525878906,36.91999816894531,36.91999816894531,0
9/30/08,39.38999938964844,39.38999938964844,43.79999923706055,38.86000061035156,43.77000045776367,0
10/1/08,39.810001373291016,39.810001373291016,42.380001068115234,39.38999938964844,39.38999938964844,0
10/2/08,45.25999832,45.25999832,46.47999954223633,39.81999969482422,39.81999969482422,0
10/3/08,45.13999938964844,45.13999938964844,45.52000045776367,41.50999832,45.220001220703125,0
10/6/08,52.04999923706055,52.04999923706055,58.24000168,45.119998931884766,45.119998931884766,0
10/7/08,53.68000030517578,53.68000030517578,54.189998626708984,47.029998779296875,52.04999923706055,0
10/8/08,57.529998779296875,57.529998779296875,59.060001373291016,51.900001525878906,53.68000030517578,0
10/9/08,63.91999816894531,63.91999816894531,64.91999816894531,52.540000915527344,57.56999969482422,0
10/10/08,69.94999694824219,69.94999694824219,76.94000244140625,65.62999725341797,65.84999847,0
10/13/08,54.99000168,54.99000168,71.41999816894531,54.689998626708984,69.94999694824219,0
10/14/08,55.130001068115234,55.130001068115234,59.810001373291016,46.349998474121094,55.099998474121094,0
10/15/08,69.25,69.25,69.47000122070312,55.689998626708984,55.689998626708984,0
10/16/08,67.61000061035156,67.61000061035156,81.16999816894531,66.51000213623047,69.20999908447266,0
10/17/08,70.33000183105469,70.33000183105469,74.48000336,59.81999969482422,67.65000153,0
10/20/08,52.970001220703125,52.970001220703125,70.40000153,52.70000076293945,70.40000153,0
10/21/08,53.11000061035156,53.11000061035156,56.369998931884766,50.90999984741211,52.95000076293945,0
10/22/08,69.65000153,69.65000153,72.55999755859375,60.04999923706055,63.119998931884766,0
10/23/08,67.80000305175781,67.80000305175781,79.43000030517578,64.43000030517578,68.02999877929688,0
10/24/08,79.12999725341797,79.12999725341797,89.52999877929688,67.80000305175781,67.80000305175781,0
10/27/08,80.05999755859375,80.05999755859375,81.65000153,65.90000153,79.12999725341797,0
10/28/08,66.95999908447266,66.95999908447266,78.98000336,65.66000366210938,73.30000305175781,0
10/29/08,69.95999908447266,69.95999908447266,71.13999938964844,62.720001220703125,66.95999908447266,0
10/30/08,62.900001525878906,62.900001525878906,69.83000183105469,62.66999816894531,69.83000183105469,0
10/31/08,59.88999938964844,59.88999938964844,65.84999847,56.72999954223633,62.93000030517578,0
11/3/08,53.68000030517578,53.68000030517578,60.77000045776367,53.630001068115234,60.16999816894531,0
11/4/08,47.72999954223633,47.72999954223633,53.68000030517578,44.25,53.68000030517578,0
11/5/08,54.560001373291016,54.560001373291016,55.619998931884766,46.869998931884766,47.72999954223633,0
11/6/08,63.68000030517578,63.68000030517578,64.77999877929688,55.599998474121094,56.709999084472656,0
11/7/08,56.099998474121094,56.099998474121094,63.68000030517578,56.029998779296875,63.68000030517578,0
11/10/08,59.97999954223633,59.97999954223633,62.09000015258789,54.630001068115234,56.09000015258789,0
11/11/08,61.439998626708984,61.439998626708984,64.73000336,58.58000183105469,59.97999954223633,0
11/12/08,66.45999908447266,66.45999908447266,67.19000244140625,61.52000045776367,61.52000045776367,0
11/13/08,59.83000183105469,59.83000183105469,69.98999786376953,58.65999984741211,66.44999694824219,0
11/14/08,66.30999755859375,66.30999755859375,66.30999755859375,59.75,62.599998474121094,0
11/17/08,69.15000153,69.15000153,69.58999633789062,65.09999847,69.56999969482422,0
11/18/08,67.63999938964844,67.63999938964844,73.12999725341797,67.18000030517578,70.08999633789062,0
11/19/08,74.26000213623047,74.26000213623047,75.0,67.33999633789062,68.45999908447266,0
11/20/08,80.86000061035156,80.86000061035156,81.48000336,72.76000213623047,74.26000213623047,0
11/21/08,72.66999816894531,72.66999816894531,80.73999786376953,71.62999725341797,80.73999786376953,0
11/24/08,64.69999694824219,64.69999694824219,71.34999847,61.810001373291016,71.19000244140625,0
11/25/08,60.900001525878906,60.900001525878906,65.48999786376953,60.25,64.76000213623047,0
11/26/08,54.91999816894531,54.91999816894531,62.5,54.619998931884766,60.900001525878906,0
11/28/08,55.279998779296875,55.279998779296875,56.81999969482422,50.5,56.02000045776367,0
12/1/08,68.51000213623047,68.51000213623047,68.59999847,60.36000061035156,60.470001220703125,0
12/2/08,62.97999954223633,62.97999954223633,67.01000213623047,62.310001373291016,66.68000030517578,0
12/3/08,60.720001220703125,60.720001220703125,65.37000274658203,60.18000030517578,62.97999954223633,0
12/4/08,63.63999938964844,63.63999938964844,65.08000183105469,60.209999084472656,62.189998626708984,0
12/5/08,59.93000030517578,59.93000030517578,66.54000091552734,59.25999832,63.63999938964844,0
12/8/08,58.49000168,58.49000168,59.869998931884766,57.349998474121094,58.86000061035156,0
12/9/08,58.90999984741211,58.90999984741211,59.56999969482422,56.369998931884766,59.47999954223633,0
12/10/08,55.72999954223633,55.72999954223633,58.90999984741211,53.790000915527344,58.90999984741211,0
12/11/08,55.779998779296875,55.779998779296875,56.439998626708984,52.939998626708984,55.08000183105469,0
12/12/08,54.279998779296875,54.279998779296875,58.84000015258789,54.25999832,55.779998779296875,0
12/15/08,56.75999832,56.75999832,58.49000168,55.68000030517578,55.68000030517578,0
12/16/08,52.369998931884766,52.369998931884766,56.75999832,50.90999984741211,56.75999832,0
12/17/08,49.84000015258789,49.84000015258789,52.189998626708984,49.36000061035156,52.0,0
12/18/08,47.34000015258789,47.34000015258789,49.84000015258789,44.5,49.84000015258789,0
12/19/08,44.93000030517578,44.93000030517578,46.00999832,41.290000915527344,46.00999832,0
12/22/08,44.560001373291016,44.560001373291016,46.689998626708984,42.75,44.93000030517578,0
12/23/08,45.02000045776367,45.02000045776367,45.38999938964844,41.68000030517578,43.189998626708984,0
12/24/08,44.209999084472656,44.209999084472656,45.02000045776367,44.150001525878906,45.02000045776367,0
12/26/08,43.380001068115234,43.380001068115234,44.36000061035156,42.91999816894531,44.27000045776367,0
12/29/08,43.900001525878906,43.900001525878906,46.24000168,42.15999984741211,43.349998474121094,0
12/30/08,41.630001068115234,41.630001068115234,44.290000915527344,41.630001068115234,43.99000168,0
12/31/08,40.0,40.0,41.630001068115234,37.959999084472656,41.630001068115234,0
1/2/09,39.189998626708984,39.189998626708984,39.81999969482422,36.880001068115234,39.58000183105469,0
1/5/09,39.08000183105469,39.08000183105469,40.220001220703125,38.29999923706055,39.24000168,0
1/6/09,38.560001373291016,38.560001373291016,39.33000183105469,37.34000015258789,38.060001373291016,0
1/7/09,43.38999938964844,43.38999938964844,43.81999969482422,40.119998931884766,40.290000915527344,0
1/8/09,42.560001373291016,42.560001373291016,44.599998474121094,42.560001373291016,43.380001068115234,0
1/9/09,42.81999969482422,42.81999969482422,43.130001068115234,41.04999923706055,41.18000030517578,0
1/12/09,45.84000015258789,45.84000015258789,46.619998931884766,41.939998626708984,42.060001373291016,0
1/13/09,43.27000045776367,43.27000045776367,47.08000183105469,43.22999954223633,45.84000015258789,0
1/14/09,49.13999938964844,49.13999938964844,51.54999923706055,46.13999938964844,46.24000168,0
1/15/09,51.0,51.0,55.15999984741211,49.13999938964844,49.13999938964844,0
1/16/09,46.11000061035156,46.11000061035156,51.0,45.959999084472656,51.0,0
1/20/09,56.650001525878906,56.650001525878906,57.36000061035156,49.27000045776367,50.119998931884766,0
1/21/09,46.41999816894531,46.41999816894531,54.119998931884766,46.150001525878906,51.52000045776367,0
1/22/09,47.290000915527344,47.290000915527344,51.75999832,46.50999832,50.650001525878906,0
1/23/09,47.27000045776367,47.27000045776367,51.11000061035156,46.43000030517578,50.38999938964844,0
1/26/09,45.689998626708984,45.689998626708984,47.93000030517578,44.290000915527344,47.88999938964844,0
1/27/09,42.25,42.25,45.93000030517578,42.20000076293945,45.11000061035156,0
1/28/09,39.65999984741211,39.65999984741211,42.25,38.09000015258789,42.25,0
1/29/09,42.630001068115234,42.630001068115234,43.029998779296875,41.119998931884766,41.34000015258789,0
1/30/09,44.84000015258789,44.84000015258789,45.529998779296875,42.09000015258789,42.630001068115234,0
2/2/09,45.52000045776367,45.52000045776367,49.540000915527344,45.25999832,49.41999816894531,0
2/3/09,43.060001373291016,43.060001373291016,45.52000045776367,42.43000030517578,45.52000045776367,0
2/4/09,43.849998474121094,43.849998474121094,44.52000045776367,41.38999938964844,43.060001373291016,0
2/5/09,43.72999954223633,43.72999954223633,46.22999954223633,42.31999969482422,43.83000183105469,0
2/6/09,43.369998931884766,43.369998931884766,43.709999084472656,41.20000076293945,43.709999084472656,0
2/9/09,43.63999938964844,43.63999938964844,45.45000076293945,43.040000915527344,45.400001525878906,0
2/10/09,46.66999816894531,46.66999816894531,48.119998931884766,44.18000030517578,45.13999938964844,0
2/11/09,44.529998779296875,44.529998779296875,46.66999816894531,44.5,46.66999816894531,0
2/12/09,41.25,41.25,47.58000183105469,41.209999084472656,44.52000045776367,0
2/13/09,42.93000030517578,42.93000030517578,43.02000045776367,40.72999954223633,41.599998474121094,0
2/17/09,48.65999984741211,48.65999984741211,51.18000030517578,46.959999084472656,48.13999938964844,0
2/18/09,48.459999084472656,48.459999084472656,50.290000915527344,46.0,48.65999984741211,0
2/19/09,47.08000183105469,47.08000183105469,48.540000915527344,44.810001373291016,48.540000915527344,0
2/20/09,49.29999923706055,49.29999923706055,52.040000915527344,47.08000183105469,47.08000183105469,0
2/23/09,52.619998931884766,52.619998931884766,53.15999984741211,48.970001220703125,49.29999923706055,0
2/24/09,45.49000168,45.49000168,52.560001373291016,44.279998779296875,52.5,0
2/25/09,44.66999816894531,44.66999816894531,47.22999954223633,42.84000015258789,45.72999954223633,0
2/26/09,44.65999984741211,44.65999984741211,45.33000183105469,41.90999984741211,43.75,0
2/27/09,46.349998474121094,46.349998474121094,47.34000015258789,44.459999084472656,44.65999984741211,0
3/2/09,52.650001525878906,52.650001525878906,53.25,48.349998474121094,49.959999084472656,0
3/3/09,50.93000030517578,50.93000030517578,52.75999832,48.5,52.650001525878906,0
3/4/09,47.560001373291016,47.560001373291016,48.83000183105469,45.02000045776367,48.02000045776367,0
3/5/09,50.16999816894531,50.16999816894531,51.95000076293945,46.97999954223633,47.560001373291016,0
3/6/09,49.33000183105469,49.33000183105469,51.95000076293945,47.650001525878906,50.16999816894531,0
3/9/09,49.68000030517578,49.68000030517578,51.34000015258789,48.400001525878906,49.349998474121094,0
3/10/09,44.369998931884766,44.369998931884766,49.68000030517578,43.880001068115234,49.68000030517578,0
3/11/09,43.61000061035156,43.61000061035156,44.25999832,42.36000061035156,43.349998474121094,0
3/12/09,41.18000030517578,41.18000030517578,43.97999954223633,40.75,43.529998779296875,0
3/13/09,42.36000061035156,42.36000061035156,43.52000045776367,40.029998779296875,40.99000168,0
3/16/09,43.74000168,43.74000168,44.22999954223633,42.36000061035156,42.36000061035156,0
3/17/09,40.79999923706055,40.79999923706055,44.59000015258789,40.74000168,44.22999954223633,0
3/18/09,40.060001373291016,40.060001373291016,42.38999938964844,38.97999954223633,41.13999938964844,0
3/19/09,43.68000030517578,43.68000030517578,44.16999816894531,38.790000915527344,40.060001373291016,0
3/20/09,45.88999938964844,45.88999938964844,47.630001068115234,43.06999969482422,43.599998474121094,0
3/23/09,43.22999954223633,43.22999954223633,45.88999938964844,41.27000045776367,45.88999938964844,0
3/24/09,42.93000030517578,42.93000030517578,44.0,41.630001068115234,43.24000168,0
3/25/09,42.25,42.25,44.20000076293945,40.810001373291016,42.349998474121094,0
3/26/09,40.36000061035156,40.36000061035156,42.25,40.16999816894531,42.25,0
3/27/09,41.040000915527344,41.040000915527344,42.130001068115234,40.36000061035156,40.36000061035156,0
3/30/09,45.540000915527344,45.540000915527344,46.279998779296875,44.86000061035156,44.86000061035156,0
3/31/09,44.13999938964844,44.13999938964844,45.540000915527344,42.27000045776367,45.540000915527344,0
4/1/09,42.279998779296875,42.279998779296875,45.599998474121094,42.25999832,45.41999816894531,0
4/2/09,42.040000915527344,42.040000915527344,42.68000030517578,40.29999923706055,42.279998779296875,0
4/3/09,39.70000076293945,39.70000076293945,42.029998779296875,39.63999938964844,42.029998779296875,0
4/6/09,40.93000030517578,40.93000030517578,43.02000045776367,40.83000183105469,41.959999084472656,0
4/7/09,40.38999938964844,40.38999938964844,42.5,40.36000061035156,41.47999954223633,0
4/8/09,38.849998474121094,38.849998474121094,40.86000061035156,38.70000076293945,40.38999938964844,0
4/9/09,36.529998779296875,36.529998779296875,37.74000168,36.529998779296875,37.220001220703125,0
4/13/09,37.810001373291016,37.810001373291016,38.90999984741211,37.50999832,38.31999969482422,0
4/14/09,37.66999816894531,37.66999816894531,38.5,36.880001068115234,37.95000076293945,0
4/15/09,36.16999816894531,36.16999816894531,38.060001373291016,36.099998474121094,37.849998474121094,0
4/16/09,35.790000915527344,35.790000915527344,36.79999923706055,34.880001068115234,36.040000915527344,0
4/17/09,33.939998626708984,33.939998626708984,35.52000045776367,33.68000030517578,35.36000061035156,0
4/20/09,39.18000030517578,39.18000030517578,39.58000183105469,33.939998626708984,33.939998626708984,0
4/21/09,37.13999938964844,37.13999938964844,40.290000915527344,36.95000076293945,40.27000045776367,0
4/22/09,38.099998474121094,38.099998474121094,38.189998626708984,36.00999832,37.13999938964844,0
4/23/09,37.150001525878906,37.150001525878906,38.52000045776367,37.00999832,38.099998474121094,0
4/24/09,36.81999969482422,36.81999969482422,37.529998779296875,36.369998931884766,36.86000061035156,0
4/27/09,38.31999969482422,38.31999969482422,39.52000045776367,37.970001220703125,39.459999084472656,0
4/28/09,37.95000076293945,37.95000076293945,39.63999938964844,37.41999816894531,39.43000030517578,0
4/29/09,36.08000183105469,36.08000183105469,37.95000076293945,35.369998931884766,37.95000076293945,0
4/30/09,36.5,36.5,36.709999084472656,34.5,36.09000015258789,0
5/1/09,35.29999923706055,35.29999923706055,36.880001068115234,34.880001068115234,36.5,0
5/4/09,34.529998779296875,34.529998779296875,36.24000168,34.310001373291016,35.29999923706055,0
5/5/09,33.36000061035156,33.36000061035156,35.13999938964844,33.36000061035156,34.540000915527344,0
5/6/09,32.45000076293945,32.45000076293945,33.70000076293945,32.43000030517578,33.36000061035156,0
5/7/09,33.439998626708984,33.439998626708984,34.560001373291016,31.90999984741211,32.099998474121094,0
5/8/09,32.04999923706055,32.04999923706055,32.720001220703125,31.190000534057617,32.36000061035156,0
5/11/09,32.869998931884766,32.869998931884766,34.08000183105469,32.04999923706055,32.04999923706055,0
5/12/09,31.799999237060547,31.799999237060547,33.290000915527344,31.56999969482422,32.68000030517578,0
5/13/09,33.650001525878906,33.650001525878906,33.99000168,32.560001373291016,32.970001220703125,0
5/14/09,31.37000084,31.37000084,33.959999084472656,31.31999969482422,33.650001525878906,0
5/15/09,33.119998931884766,33.119998931884766,33.61000061035156,30.59000015258789,31.36000061035156,0
5/18/09,30.239999771118164,30.239999771118164,32.90999984741211,30.0,32.90999984741211,0
5/19/09,28.799999237060547,28.799999237060547,30.31999969482422,28.350000381469727,30.229999542236328,0
5/20/09,29.030000686645508,29.030000686645508,29.15999984741211,26.56999969482422,27.469999313354492,0
5/21/09,31.350000381469727,31.350000381469727,32.77000045776367,29.030000686645508,29.030000686645508,0
5/22/09,32.630001068115234,32.630001068115234,32.709999084472656,30.56999969482422,31.36000061035156,0
5/26/09,30.62000084,30.62000084,34.56999969482422,30.37999916,34.56999969482422,0
5/27/09,32.36000061035156,32.36000061035156,32.529998779296875,29.62000084,30.799999237060547,0
5/28/09,31.670000076293945,31.670000076293945,33.31999969482422,31.100000381469727,31.540000915527344,0
5/29/09,28.920000076293945,28.920000076293945,31.670000076293945,28.850000381469727,31.670000076293945,0
6/1/09,30.040000915527344,30.040000915527344,30.049999237060547,28.450000762939453,28.700000762939453,0
6/2/09,29.62999916,29.62999916,30.12999916,28.299999237060547,30.040000915527344,0
6/3/09,31.020000457763672,31.020000457763672,31.790000915527344,29.62000084,29.62000084,0
6/4/09,30.18000030517578,30.18000030517578,31.020000457763672,29.920000076293945,31.020000457763672,0
6/5/09,29.62000084,29.62000084,30.809999465942383,28.850000381469727,29.38999938964844,0
6/8/09,29.770000457763672,29.770000457763672,31.81999969482422,29.329999923706055,30.87999916,0
6/9/09,28.270000457763672,28.270000457763672,29.770000457763672,27.790000915527344,29.770000457763672,0
6/10/09,28.459999084472656,28.459999084472656,29.739999771118164,26.899999618530273,26.899999618530273,0
6/11/09,28.11000061035156,28.11000061035156,28.11000061035156,26.809999465942383,27.36000061035156,0
6/12/09,28.149999618530273,28.149999618530273,28.5,27.729999542236328,28.079999923706055,0
6/15/09,30.809999465942383,30.809999465942383,31.09000015258789,29.63999938964844,29.700000762939453,0
6/16/09,32.68000030517578,32.68000030517578,32.75,30.06999969482422,30.809999465942383,0
6/17/09,31.540000915527344,31.540000915527344,32.77000045776367,30.63999938964844,31.190000534057617,0
6/18/09,30.030000686645508,30.030000686645508,31.540000915527344,29.600000381469727,31.540000915527344,0
6/19/09,27.989999771118164,27.989999771118164,29.31999969482422,27.559999465942383,29.15999984741211,0
6/22/09,31.170000076293945,31.170000076293945,32.04999923706055,30.299999237060547,30.399999618530273,0
6/23/09,30.579999923706055,30.579999923706055,31.540000915527344,30.190000534057617,31.299999237060547,0
6/24/09,29.049999237060547,29.049999237060547,30.579999923706055,28.790000915527344,30.579999923706055,0
6/25/09,26.36000061035156,26.36000061035156,29.559999465942383,26.299999237060547,29.450000762939453,0
6/26/09,25.93000030517578,25.93000030517578,27.219999313354492,25.760000228881836,27.09000015258789,0
6/29/09,25.350000381469727,25.350000381469727,27.18000030517578,25.290000915527344,25.93000030517578,0
6/30/09,26.350000381469727,26.350000381469727,27.37999916,25.020000457763672,25.36000061035156,0
7/1/09,26.219999313354492,26.219999313354492,26.309999465942383,24.799999237060547,25.729999542236328,0
7/2/09,27.950000762939453,27.950000762939453,28.62000084,26.219999313354492,26.219999313354492,0
7/6/09,29.0,29.0,30.600000381469727,28.989999771118164,30.31999969482422,0
7/7/09,30.850000381469727,30.850000381469727,30.940000534057617,28.899999618530273,29.0,0
7/8/09,31.299999237060547,31.299999237060547,33.04999923706055,30.43000030517578,30.850000381469727,0
7/9/09,29.780000686645508,29.780000686645508,30.489999771118164,29.280000686645508,30.229999542236328,0
7/10/09,29.020000457763672,29.020000457763672,30.34000015258789,28.81999969482422,29.780000686645508,0
7/13/09,26.309999465942383,26.309999465942383,29.239999771118164,25.420000076293945,28.36000061035156,0
7/14/09,25.020000457763672,25.020000457763672,26.84000015258789,24.989999771118164,26.309999465942383,0
7/15/09,25.88999938964844,25.88999938964844,26.059999465942383,23.829999923706055,25.049999237060547,0
7/16/09,25.420000076293945,25.420000076293945,26.18000030517578,24.510000228881836,25.959999084472656,0
7/17/09,24.34000015258789,24.34000015258789,25.549999237060547,23.87999916,25.420000076293945,0
7/20/09,24.399999618530273,24.399999618530273,25.420000076293945,24.260000228881836,25.059999465942383,0
7/21/09,23.87000084,23.87000084,25.13999938964844,23.809999465942383,24.280000686645508,0
7/22/09,23.469999313354492,23.469999313354492,24.13999938964844,23.239999771118164,24.049999237060547,0
7/23/09,23.43000030517578,23.43000030517578,24.049999237060547,23.209999084472656,23.709999084472656,0
7/24/09,23.09000015258789,23.09000015258789,23.87000084,23.0,23.87000084,0
7/27/09,24.280000686645508,24.280000686645508,24.86000061035156,24.020000457763672,24.059999465942383,0
7/28/09,25.010000228881836,25.010000228881836,25.61000061035156,24.280000686645508,24.280000686645508,0
7/29/09,25.61000061035156,25.61000061035156,26.18000030517578,25.40999984741211,25.469999313354492,0
7/30/09,25.399999618530273,25.399999618530273,25.760000228881836,24.850000381469727,25.399999618530273,0
7/31/09,25.920000076293945,25.920000076293945,26.219999313354492,24.93000030517578,25.399999618530273,0
8/3/09,25.559999465942383,25.559999465942383,26.489999771118164,25.559999465942383,25.920000076293945,0
8/4/09,24.88999938964844,24.88999938964844,26.15999984741211,24.88999938964844,25.549999237060547,0
8/5/09,24.899999618530273,24.899999618530273,25.850000381469727,24.86000061035156,24.90999984741211,0
8/6/09,25.670000076293945,25.670000076293945,26.149999618530273,24.469999313354492,24.899999618530273,0
8/7/09,24.760000228881836,24.760000228881836,24.950000762939453,23.979999542236328,24.709999084472656,0
8/10/09,24.989999771118164,24.989999771118164,25.81999969482422,24.760000228881836,24.760000228881836,0
8/11/09,25.989999771118164,25.989999771118164,26.979999542236328,24.979999542236328,24.979999542236328,0
8/12/09,25.450000762939453,25.450000762939453,26.5,25.11000061035156,25.989999771118164,0
8/13/09,24.709999084472656,24.709999084472656,26.149999618530273,24.709999084472656,25.34000015258789,0
8/14/09,24.270000457763672,24.270000457763672,25.940000534057617,24.260000228881836,24.770000457763672,0
8/17/09,27.88999938964844,27.88999938964844,28.38999938964844,24.270000457763672,24.270000457763672,0
8/18/09,26.18000030517578,26.18000030517578,27.88999938964844,26.079999923706055,27.88999938964844,0
8/19/09,26.260000228881836,26.260000228881836,28.13999938964844,26.13999938964844,28.079999923706055,0
8/20/09,25.09000015258789,25.09000015258789,26.450000762939453,24.75,26.450000762939453,0
8/21/09,25.010000228881836,25.010000228881836,25.059999465942383,23.90999984741211,24.489999771118164,0
8/24/09,25.13999938964844,25.13999938964844,25.700000762939453,25.010000228881836,25.010000228881836,0
8/25/09,24.920000076293945,24.920000076293945,25.12999916,23.68000030517578,25.12999916,0
8/26/09,24.950000762939453,24.950000762939453,25.559999465942383,24.690000534057617,24.90999984741211,0
8/27/09,24.68000030517578,24.68000030517578,25.88999938964844,24.43000030517578,25.12999916,0
8/28/09,24.760000228881836,24.760000228881836,25.5,24.280000686645508,24.440000534057617,0
8/31/09,26.010000228881836,26.010000228881836,27.010000228881836,24.760000228881836,24.760000228881836,0
9/1/09,29.149999618530273,29.149999618530273,29.229999542236328,26.0,26.010000228881836,0
9/2/09,28.899999618530273,28.899999618530273,29.56999969482422,28.40999984741211,29.13999938964844,0
9/3/09,27.100000381469727,27.100000381469727,28.899999618530273,26.979999542236328,28.899999618530273,0
9/4/09,25.260000228881836,25.260000228881836,26.979999542236328,24.86000061035156,26.979999542236328,0
9/8/09,25.62000084,25.62000084,26.149999618530273,25.260000228881836,25.260000228881836,0
9/9/09,24.31999969482422,24.31999969482422,25.93000030517578,24.229999542236328,25.65999984741211,0
9/10/09,23.549999237060547,23.549999237060547,24.760000228881836,22.81999969482422,24.399999618530273,0
9/11/09,24.149999618530273,24.149999618530273,24.329999923706055,22.479999542236328,23.489999771118164,0
9/14/09,23.86000061035156,23.86000061035156,25.38999938964844,23.31999969482422,25.38999938964844,0
9/15/09,23.420000076293945,23.420000076293945,24.270000457763672,23.06999969482422,23.899999618530273,0
9/16/09,23.690000534057617,23.690000534057617,23.920000076293945,22.780000686645508,23.290000915527344,0
9/17/09,23.649999618530273,23.649999618530273,24.06999969482422,22.790000915527344,23.989999771118164,0
9/18/09,23.920000076293945,23.920000076293945,24.43000030517578,23.13999938964844,23.649999618530273,0
9/21/09,24.059999465942383,24.059999465942383,25.510000228881836,23.709999084472656,25.34000015258789,0
9/22/09,23.079999923706055,23.079999923706055,23.979999542236328,23.059999465942383,23.809999465942383,0
9/23/09,23.489999771118164,23.489999771118164,23.690000534057617,22.190000534057617,22.899999618530273,0
9/24/09,24.950000762939453,24.950000762939453,25.37000084,23.440000534057617,23.670000076293945,0
9/25/09,25.61000061035156,25.61000061035156,26.34000015258789,24.809999465942383,25.18000030517578,0
9/28/09,24.87999916,24.87999916,26.399999618530273,24.850000381469727,26.260000228881836,0
9/29/09,25.190000534057617,25.190000534057617,25.280000686645508,24.540000915527344,24.87999916,0
9/30/09,25.61000061035156,25.61000061035156,26.450000762939453,24.760000228881836,25.190000534057617,0
10/1/09,28.270000457763672,28.270000457763672,28.420000076293945,25.979999542236328,25.979999542236328,0
10/2/09,28.68000030517578,28.68000030517578,29.559999465942383,27.979999542236328,29.34000015258789,0
10/5/09,26.84000015258789,26.84000015258789,29.34000015258789,26.56999969482422,29.34000015258789,0
10/6/09,25.700000762939453,25.700000762939453,26.40999984741211,25.190000534057617,26.38999938964844,0
10/7/09,24.68000030517578,24.68000030517578,25.81999969482422,24.56999969482422,25.780000686645508,0
10/8/09,24.18000030517578,24.18000030517578,24.690000534057617,23.899999618530273,24.68000030517578,0
10/9/09,23.12000084,23.12000084,24.540000915527344,22.989999771118164,24.38999938964844,0
10/12/09,23.010000228881836,23.010000228881836,23.530000686645508,22.670000076293945,23.12000084,0
10/13/09,22.989999771118164,22.989999771118164,24.06999969482422,22.739999771118164,23.0,0
10/14/09,22.86000061035156,22.86000061035156,22.88999938964844,21.549999237060547,22.079999923706055,0
10/15/09,21.719999313354492,21.719999313354492,23.530000686645508,21.489999771118164,23.510000228881836,0
10/16/09,21.43000030517578,21.43000030517578,22.600000381469727,20.979999542236328,21.719999313354492,0
10/19/09,21.489999771118164,21.489999771118164,22.459999084472656,20.90999984741211,21.40999984741211,0
10/20/09,20.899999618530273,20.899999618530273,21.760000228881836,20.899999618530273,21.549999237060547,0
10/21/09,22.219999313354492,22.219999313354492,22.479999542236328,20.100000381469727,20.899999618530273,0
10/22/09,20.690000534057617,20.690000534057617,22.770000457763672,20.329999923706055,22.219999313354492,0
10/23/09,22.270000457763672,22.270000457763672,22.59000015258789,20.34000015258789,20.700000762939453,0
10/26/09,24.309999465942383,24.309999465942383,24.86000061035156,21.88999938964844,23.059999465942383,0
10/27/09,24.829999923706055,24.829999923706055,25.219999313354492,24.030000686645508,24.37999916,0
10/28/09,27.90999984741211,27.90999984741211,27.940000534057617,24.829999923706055,24.829999923706055,0
10/29/09,24.760000228881836,24.760000228881836,27.190000534057617,24.68000030517578,27.15999984741211,0
10/30/09,30.690000534057617,30.690000534057617,31.59000015258789,24.760000228881836,24.760000228881836,0
11/2/09,29.780000686645508,29.780000686645508,31.84000015258789,28.06999969482422,30.700000762939453,0
11/3/09,28.809999465942383,28.809999465942383,30.799999237060547,28.770000457763672,30.62000084,0
11/4/09,27.719999313354492,27.719999313354492,28.809999465942383,26.61000061035156,28.809999465942383,0
11/5/09,25.43000030517578,25.43000030517578,27.38999938964844,25.40999984741211,27.280000686645508,0
11/6/09,24.190000534057617,24.190000534057617,26.170000076293945,24.059999465942383,26.170000076293945,0
11/9/09,23.149999618530273,23.149999618530273,24.239999771118164,22.780000686645508,24.190000534057617,0
11/10/09,22.84000015258789,22.84000015258789,23.530000686645508,22.780000686645508,23.149999618530273,0
11/11/09,23.040000915527344,23.040000915527344,23.68000030517578,21.61000061035156,22.84000015258789,0
11/12/09,24.239999771118164,24.239999771118164,24.61000061035156,22.90999984741211,23.040000915527344,0
11/13/09,23.36000061035156,23.36000061035156,24.43000030517578,23.219999313354492,24.25,0
11/16/09,22.88999938964844,22.88999938964844,23.420000076293945,22.020000457763672,23.36000061035156,0
11/17/09,22.40999984741211,22.40999984741211,23.329999923706055,22.270000457763672,22.809999465942383,0
11/18/09,21.62999916,21.62999916,22.649999618530273,21.62999916,22.350000381469727,0
11/19/09,22.62999916,22.62999916,24.200000762939453,21.62999916,21.62999916,0
11/20/09,22.190000534057617,22.190000534057617,23.450000762939453,22.13999938964844,23.450000762939453,0
11/23/09,21.15999984741211,21.15999984741211,21.979999542236328,20.899999618530273,21.979999542236328,0
11/24/09,20.469999313354492,20.469999313354492,21.87000084,20.350000381469727,21.280000686645508,0
11/25/09,20.479999542236328,20.479999542236328,20.56999969482422,20.049999237060547,20.229999542236328,0
11/27/09,24.739999771118164,24.739999771118164,25.93000030517578,23.12000084,25.75,0
11/30/09,24.510000228881836,24.510000228881836,25.56999969482422,24.190000534057617,24.950000762939453,0
12/1/09,21.920000076293945,21.920000076293945,24.510000228881836,21.87999916,24.510000228881836,0
12/2/09,21.12000084,21.12000084,22.190000534057617,21.010000228881836,21.88999938964844,0
12/3/09,22.459999084472656,22.459999084472656,22.5,20.61000061035156,21.149999618530273,0
12/4/09,21.25,21.25,22.760000228881836,20.62000084,21.18000030517578,0
12/7/09,22.100000381469727,22.100000381469727,22.459999084472656,21.600000381469727,22.31999969482422,0
12/8/09,23.690000534057617,23.690000534057617,23.969999313354492,22.84000015258789,23.280000686645508,0
12/9/09,22.65999984741211,22.65999984741211,24.200000762939453,22.540000915527344,23.209999084472656,0
12/10/09,22.31999969482422,22.31999969482422,22.65999984741211,21.770000457763672,22.65999984741211,0
12/11/09,21.59000015258789,21.59000015258789,22.309999465942383,21.38999938964844,21.450000762939453,0
12/14/09,21.149999618530273,21.149999618530273,21.59000015258789,20.56999969482422,21.59000015258789,0
12/15/09,21.489999771118164,21.489999771118164,21.87000084,20.90999984741211,21.09000015258789,0
12/16/09,20.540000915527344,20.540000915527344,21.200000762939453,20.459999084472656,20.88999938964844,0
12/17/09,22.510000228881836,22.510000228881836,22.86000061035156,21.399999618530273,21.88999938964844,0
12/18/09,21.68000030517578,21.68000030517578,23.020000457763672,21.68000030517578,21.84000015258789,0
12/21/09,20.489999771118164,20.489999771118164,21.510000228881836,20.280000686645508,21.459999084472656,0
12/22/09,19.540000915527344,19.540000915527344,20.399999618530273,19.540000915527344,20.38999938964844,0
12/23/09,19.709999084472656,19.709999084472656,19.969999313354492,19.350000381469727,19.540000915527344,0
12/24/09,19.469999313354492,19.469999313354492,19.670000076293945,19.25,19.670000076293945,0
12/28/09,19.93000030517578,19.93000030517578,20.530000686645508,19.899999618530273,20.290000915527344,0
12/29/09,20.010000228881836,20.010000228881836,20.12000084,19.62000084,19.87000084,0
12/30/09,19.959999084472656,19.959999084472656,20.440000534057617,19.93000030517578,20.36000061035156,0
12/31/09,21.68000030517578,21.68000030517578,21.829999923706055,19.88999938964844,19.959999084472656,0
1/4/10,20.040000915527344,20.040000915527344,21.68000030517578,20.030000686645508,21.68000030517578,0
1/5/10,19.350000381469727,19.350000381469727,20.12999916,19.34000015258789,20.049999237060547,0
1/6/10,19.15999984741211,19.15999984741211,19.68000030517578,18.770000457763672,19.59000015258789,0
1/7/10,19.059999465942383,19.059999465942383,19.709999084472656,18.700000762939453,19.68000030517578,0
1/8/10,18.12999916,18.12999916,19.270000457763672,18.11000061035156,19.270000457763672,0
1/11/10,17.549999237060547,17.549999237060547,17.739999771118164,16.860000610351562,16.93000030517578,0
1/12/10,18.25,18.25,19.459999084472656,17.950000762939453,17.950000762939453,0
1/13/10,17.850000381469727,17.850000381469727,18.719999313354492,17.559999465942383,17.940000534057617,0
1/14/10,17.62999916,17.62999916,18.270000457763672,17.37999916,18.15999984741211,0
1/15/10,17.90999984741211,17.90999984741211,19.020000457763672,17.62999916,17.62999916,0
1/19/10,17.579999923706055,17.579999923706055,18.850000381469727,17.329999923706055,18.62999916,0
1/20/10,18.68000030517578,18.68000030517578,19.690000534057617,18.440000534057617,18.510000228881836,0
1/21/10,22.270000457763672,22.270000457763672,22.299999237060547,18.270000457763672,18.59000015258789,0
1/22/10,27.309999465942383,27.309999465942383,28.010000228881836,22.270000457763672,22.270000457763672,0
1/25/10,25.40999984741211,25.40999984741211,27.31999969482422,24.61000061035156,27.31999969482422,0
1/26/10,24.549999237060547,24.549999237060547,26.219999313354492,22.770000457763672,26.030000686645508,0
1/27/10,23.13999938964844,23.13999938964844,25.690000534057617,23.13999938964844,24.809999465942383,0
1/28/10,23.729999542236328,23.729999542236328,25.299999237060547,22.690000534057617,22.790000915527344,0
1/29/10,24.62000084,24.62000084,25.030000686645508,22.11000061035156,23.729999542236328,0
2/1/10,22.59000015258789,22.59000015258789,24.329999923706055,22.579999923706055,24.329999923706055,0
2/2/10,21.479999542236328,21.479999542236328,22.989999771118164,21.079999923706055,22.59000015258789,0
2/3/10,21.600000381469727,21.600000381469727,22.11000061035156,21.329999923706055,22.11000061035156,0
2/4/10,26.079999923706055,26.079999923706055,26.31999969482422,22.62999916,22.62999916,0
2/5/10,26.11000061035156,26.11000061035156,29.219999313354492,25.37000084,25.690000534057617,0
2/8/10,26.510000228881836,26.510000228881836,27.11000061035156,25.479999542236328,26.11000061035156,0
2/9/10,26.0,26.0,26.559999465942383,24.780000686645508,26.510000228881836,0
2/10/10,25.399999618530273,25.399999618530273,26.770000457763672,24.799999237060547,26.36000061035156,0
2/11/10,23.959999084472656,23.959999084472656,26.11000061035156,23.87000084,25.81999969482422,0
2/12/10,22.729999542236328,22.729999542236328,25.540000915527344,22.729999542236328,23.959999084472656,0
2/16/10,22.25,22.25,23.56999969482422,22.12999916,23.510000228881836,0
2/17/10,21.719999313354492,21.719999313354492,22.600000381469727,21.700000762939453,22.25,0
2/18/10,20.62999916,20.62999916,22.209999084472656,20.600000381469727,21.719999313354492,0
2/19/10,20.020000457763672,20.020000457763672,21.13999938964844,19.709999084472656,21.06999969482422,0
2/22/10,19.940000534057617,19.940000534057617,21.0,19.59000015258789,20.15999984741211,0
2/23/10,21.37000084,21.37000084,21.940000534057617,20.059999465942383,20.38999938964844,0
2/24/10,20.270000457763672,20.270000457763672,21.579999923706055,20.219999313354492,21.229999542236328,0
2/25/10,20.100000381469727,20.100000381469727,22.68000030517578,20.059999465942383,22.030000686645508,0
2/26/10,19.5,19.5,20.530000686645508,19.31999969482422,19.87999916,0
3/1/10,19.260000228881836,19.260000228881836,19.940000534057617,19.18000030517578,19.93000030517578,0
3/2/10,19.059999465942383,19.059999465942383,19.36000061035156,18.600000381469727,18.829999923706055,0
3/3/10,18.829999923706055,18.829999923706055,19.299999237060547,18.420000076293945,18.950000762939453,0
3/4/10,18.719999313354492,18.719999313354492,19.270000457763672,18.579999923706055,18.86000061035156,0
3/5/10,17.420000076293945,17.420000076293945,18.149999618530273,17.229999542236328,18.059999465942383,0
3/8/10,17.790000915527344,17.790000915527344,17.959999084472656,17.559999465942383,17.950000762939453,0
3/9/10,17.920000076293945,17.920000076293945,18.190000534057617,17.510000228881836,18.18000030517578,0
3/10/10,18.56999969482422,18.56999969482422,18.600000381469727,17.43000030517578,18.0,0
3/11/10,18.059999465942383,18.059999465942383,19.34000015258789,18.059999465942383,18.899999618530273,0
3/12/10,17.579999923706055,17.579999923706055,18.530000686645508,17.579999923706055,17.969999313354492,0
3/15/10,18.0,18.0,18.780000686645508,17.959999084472656,18.280000686645508,0
3/16/10,17.690000534057617,17.690000534057617,18.010000228881836,17.420000076293945,17.780000686645508,0
3/17/10,16.90999984741211,16.90999984741211,17.170000076293945,16.520000457763672,16.969999313354492,0
3/18/10,16.62000084,16.62000084,16.989999771118164,16.309999465942383,16.959999084472656,0
3/19/10,16.969999313354492,16.969999313354492,17.56999969482422,16.170000076293945,16.170000076293945,0
3/22/10,16.87000084,16.87000084,18.34000015258789,16.770000457763672,18.299999237060547,0
3/23/10,16.350000381469727,16.350000381469727,17.09000015258789,16.209999084472656,16.84000015258789,0
3/24/10,17.549999237060547,17.549999237060547,17.920000076293945,16.829999923706055,16.850000381469727,0
3/25/10,18.399999618530273,18.399999618530273,18.540000915527344,16.62000084,17.06999969482422,0
3/26/10,17.770000457763672,17.770000457763672,18.690000534057617,17.350000381469727,18.270000457763672,0
3/29/10,17.59000015258789,17.59000015258789,18.280000686645508,17.56999969482422,18.170000076293945,0
3/30/10,17.12999916,17.12999916,18.079999923706055,17.12999916,17.639999389648438,0
3/31/10,17.59000015258789,17.59000015258789,17.920000076293945,17.290000915527344,17.65999984741211,0
4/1/10,17.469999313354492,17.469999313354492,18.09000015258789,16.790000915527344,17.010000228881836,0
4/5/10,17.020000457763672,17.020000457763672,18.15999984741211,17.020000457763672,17.959999084472656,0
4/6/10,16.229999542236328,16.229999542236328,17.540000915527344,16.079999923706055,17.389999389648438,0
4/7/10,16.62000084,16.62000084,17.209999084472656,16.15999984741211,16.719999313354492,0
4/8/10,16.479999542236328,16.479999542236328,17.799999237060547,16.299999237060547,17.209999084472656,0
4/9/10,16.139999389648438,16.139999389648438,16.649999618530273,16.059999465942383,16.31999969482422,0
4/12/10,15.579999923706056,15.579999923706056,16.0,15.229999542236328,15.670000076293944,0
4/13/10,16.200000762939453,16.200000762939453,16.770000457763672,15.81000042,15.979999542236328,0
4/14/10,15.59000015258789,15.59000015258789,16.37999916,15.550000190734863,15.800000190734863,0
4/15/10,15.890000343322754,15.890000343322754,16.5,15.68000030517578,15.869999885559082,0
4/16/10,18.36000061035156,18.36000061035156,19.700000762939453,16.110000610351562,16.190000534057617,0
4/19/10,17.34000015258789,17.34000015258789,19.549999237060547,17.34000015258789,19.13999938964844,0
4/20/10,15.729999542236328,15.729999542236328,16.889999389648438,15.729999542236328,16.84000015258789,0
4/21/10,16.31999969482422,16.31999969482422,16.850000381469727,15.5,15.93999958,0
4/22/10,16.469999313354492,16.469999313354492,18.190000534057617,16.200000762939453,17.479999542236328,0
4/23/10,16.62000084,16.62000084,16.709999084472656,16.12000084,16.62000084,0
4/26/10,17.469999313354492,17.469999313354492,17.530000686645508,17.06999969482422,17.520000457763672,0
4/27/10,22.809999465942383,22.809999465942383,23.200000762939453,17.940000534057617,18.12999916,0
4/28/10,21.079999923706055,21.079999923706055,23.030000686645508,20.86000061035156,22.079999923706055,0
4/29/10,18.440000534057617,18.440000534057617,20.37000084,18.440000534057617,20.37000084,0
4/30/10,22.049999237060547,22.049999237060547,22.38999938964844,18.40999984741211,18.75,0
5/3/10,20.190000534057617,20.190000534057617,22.40999984741211,19.61000061035156,22.40999984741211,0
5/4/10,23.84000015258789,23.84000015258789,25.700000762939453,22.459999084472656,22.459999084472656,0
5/5/10,24.90999984741211,24.90999984741211,27.229999542236328,23.75,25.959999084472656,0
5/6/10,32.79999923706055,32.79999923706055,40.709999084472656,24.43000030517578,25.87999916,0
5/7/10,40.95000076293945,40.95000076293945,42.150001525878906,31.709999084472656,32.75999832,0
5/10/10,28.84000015258789,28.84000015258789,30.88999938964844,25.68000030517578,28.649999618530273,0
5/11/10,28.31999969482422,28.31999969482422,31.040000915527344,25.86000061035156,31.040000915527344,0
5/12/10,25.520000457763672,25.520000457763672,26.670000076293945,24.979999542236328,26.559999465942383,0
5/13/10,26.68000030517578,26.68000030517578,26.850000381469727,24.299999237060547,26.170000076293945,0
5/14/10,31.239999771118164,31.239999771118164,33.24000168,28.399999618530273,28.399999618530273,0
5/17/10,30.84000015258789,30.84000015258789,35.25,30.760000228881836,31.329999923706055,0
5/18/10,33.54999923706055,33.54999923706055,34.16999816894531,28.09000015258789,28.670000076293945,0
5/19/10,35.31999969482422,35.31999969482422,38.41999816894531,33.06999969482422,34.650001525878906,0
5/20/10,45.790000915527344,45.790000915527344,46.369998931884766,40.29999923706055,41.790000915527344,0
5/21/10,40.099998474121094,40.099998474121094,48.20000076293945,38.95000076293945,47.65999984741211,0
5/24/10,38.31999969482422,38.31999969482422,41.74000168,35.56999969482422,41.74000168,0
5/25/10,34.61000061035156,34.61000061035156,43.74000168,34.59000015258789,43.150001525878906,0
5/26/10,35.02000045776367,35.02000045776367,35.02000045776367,24.100000381469727,32.540000915527344,0
5/27/10,29.68000030517578,29.68000030517578,31.030000686645508,29.540000915527344,30.239999771118164,0
5/28/10,32.06999969482422,32.06999969482422,33.29999923706055,29.530000686645508,30.229999542236328,0
6/1/10,35.540000915527344,35.540000915527344,35.68000030517578,31.81999969482422,34.869998931884766,0
6/2/10,30.170000076293945,30.170000076293945,34.56999969482422,29.940000534057617,34.38999938964844,0
6/3/10,29.459999084472656,29.459999084472656,31.200000762939453,29.12000084,29.649999618530273,0
6/4/10,35.47999954223633,35.47999954223633,36.119998931884766,31.809999465942383,32.93000030517578,0
6/7/10,36.56999969482422,36.56999969482422,36.79999923706055,34.43000030517578,35.65999984741211,0
6/8/10,33.70000076293945,33.70000076293945,37.380001068115234,33.36000061035156,36.529998779296875,0
6/9/10,33.72999954223633,33.72999954223633,34.119998931884766,30.229999542236328,32.33000183105469,0
6/10/10,30.56999969482422,30.56999969482422,31.770000457763672,29.690000534057617,31.0,0
6/11/10,28.790000915527344,28.790000915527344,31.790000915527344,28.600000381469727,31.790000915527344,0
6/14/10,28.579999923706055,28.579999923706055,28.719999313354492,26.979999542236328,27.940000534057617,0
6/15/10,25.87000084,25.87000084,27.84000015258789,25.68000030517578,27.68000030517578,0
6/16/10,25.920000076293945,25.920000076293945,26.719999313354492,25.34000015258789,26.719999313354492,0
6/17/10,25.049999237060547,25.049999237060547,26.63999938964844,25.049999237060547,25.59000015258789,0
6/18/10,23.950000762939453,23.950000762939453,24.87999916,23.299999237060547,24.87000084,0
6/21/10,24.87999916,24.87999916,25.63999938964844,22.87000084,22.899999618530273,0
6/22/10,27.049999237060547,27.049999237060547,27.049999237060547,24.40999984741211,25.13999938964844,0
6/23/10,26.90999984741211,26.90999984741211,28.549999237060547,26.540000915527344,26.93000030517578,0
6/24/10,29.739999771118164,29.739999771118164,30.270000457763672,27.530000686645508,27.61000061035156,0
6/25/10,28.530000686645508,28.530000686645508,30.40999984741211,28.06999969482422,29.63999938964844,0
6/28/10,29.0,29.0,29.899999618530273,28.469999313354492,29.200000762939453,0
6/29/10,34.130001068115234,34.130001068115234,35.38999938964844,31.219999313354492,31.219999313354492,0
6/30/10,34.540000915527344,34.540000915527344,34.630001068115234,31.739999771118164,33.95000076293945,0
7/1/10,32.86000061035156,32.86000061035156,37.58000183105469,32.720001220703125,34.40999984741211,0
7/2/10,30.12000084,30.12000084,31.87999916,29.350000381469727,31.709999084472656,0
7/6/10,29.649999618530273,29.649999618530273,31.149999618530273,27.959999084472656,28.81999969482422,0
7/7/10,26.84000015258789,26.84000015258789,29.559999465942383,26.84000015258789,29.559999465942383,0
7/8/10,25.709999084472656,25.709999084472656,27.420000076293945,25.709999084472656,26.5,0
7/9/10,24.979999542236328,24.979999542236328,25.670000076293945,24.37000084,25.350000381469727,0
7/12/10,24.43000030517578,24.43000030517578,25.13999938964844,23.530000686645508,24.65999984741211,0
7/13/10,24.559999465942383,24.559999465942383,24.56999969482422,23.12000084,23.290000915527344,0
7/14/10,24.88999938964844,24.88999938964844,25.799999237060547,24.18000030517578,24.61000061035156,0
7/15/10,25.13999938964844,25.13999938964844,27.239999771118164,24.739999771118164,25.079999923706055,0
7/16/10,26.25,26.25,28.15999984741211,25.709999084472656,25.770000457763672,0
7/19/10,25.969999313354492,25.969999313354492,27.299999237060547,25.12000084,27.020000457763672,0
7/20/10,23.93000030517578,23.93000030517578,27.399999618530273,23.790000915527344,27.350000381469727,0
7/21/10,25.63999938964844,25.63999938964844,26.62999916,23.59000015258789,23.61000061035156,0
7/22/10,24.62999916,24.62999916,24.850000381469727,23.719999313354492,24.37000084,0
7/23/10,23.469999313354492,23.469999313354492,25.170000076293945,23.31999969482422,24.790000915527344,0
7/26/10,22.729999542236328,22.729999542236328,24.61000061035156,22.700000762939453,24.37000084,0
7/27/10,23.190000534057617,23.190000534057617,23.56999969482422,21.86000061035156,21.88999938964844,0
7/28/10,24.25,24.25,24.540000915527344,22.239999771118164,23.93000030517578,0
7/29/10,24.12999916,24.12999916,25.540000915527344,23.040000915527344,23.399999618530273,0
7/30/10,23.5,23.5,27.31999969482422,23.350000381469727,25.469999313354492,0
8/2/10,22.010000228881836,22.010000228881836,23.239999771118164,21.739999771118164,23.06999969482422,0
8/3/10,22.62999916,22.62999916,23.059999465942383,21.979999542236328,22.440000534057617,0
8/4/10,22.209999084472656,22.209999084472656,23.690000534057617,22.15999984741211,22.690000534057617,0
8/5/10,22.100000381469727,22.100000381469727,23.12999916,22.06999969482422,23.040000915527344,0
8/6/10,21.739999771118164,21.739999771118164,23.88999938964844,21.719999313354492,23.34000015258789,0
8/9/10,22.13999938964844,22.13999938964844,22.87000084,21.36000061035156,21.850000381469727,0
8/10/10,22.37000084,22.37000084,24.239999771118164,22.170000076293945,23.299999237060547,0
8/11/10,25.38999938964844,25.38999938964844,26.100000381469727,24.959999084472656,24.959999084472656,0
8/12/10,25.729999542236328,25.729999542236328,27.209999084472656,25.18000030517578,27.209999084472656,0
8/13/10,26.239999771118164,26.239999771118164,26.260000228881836,25.450000762939453,26.079999923706055,0
8/16/10,26.100000381469727,26.100000381469727,28.100000381469727,25.37999916,27.40999984741211,0
8/17/10,24.329999923706055,24.329999923706055,24.88999938964844,23.709999084472656,24.719999313354492,0
8/18/10,24.59000015258789,24.59000015258789,25.229999542236328,23.399999618530273,24.299999237060547,0
8/19/10,26.440000534057617,26.440000534057617,26.780000686645508,24.260000228881836,24.479999542236328,0
8/20/10,25.489999771118164,25.489999771118164,27.0,25.489999771118164,26.729999542236328,0
8/23/10,25.65999984741211,25.65999984741211,25.969999313354492,24.62000084,25.969999313354492,0
8/24/10,27.459999084472656,27.459999084472656,28.770000457763672,26.31999969482422,27.90999984741211,0
8/25/10,26.700000762939453,26.700000762939453,28.920000076293945,26.459999084472656,28.299999237060547,0
8/26/10,27.37000084,27.37000084,27.549999237060547,25.86000061035156,26.450000762939453,0
8/27/10,24.450000762939453,24.450000762939453,28.11000061035156,24.40999984741211,26.5,0
8/30/10,27.209999084472656,27.209999084472656,27.209999084472656,25.40999984741211,25.87999916,0
8/31/10,26.049999237060547,26.049999237060547,27.829999923706055,25.93000030517578,27.579999923706055,0
9/1/10,23.88999938964844,23.88999938964844,25.12999916,23.86000061035156,25.12999916,0
9/2/10,23.190000534057617,23.190000534057617,24.309999465942383,23.149999618530273,24.229999542236328,0
9/3/10,21.309999465942383,21.309999465942383,22.780000686645508,21.239999771118164,21.989999771118164,0
9/7/10,23.799999237060547,23.799999237060547,23.940000534057617,22.770000457763672,22.770000457763672,0
9/8/10,23.25,23.25,23.559999465942383,22.920000076293945,23.510000228881836,0
9/9/10,22.809999465942383,22.809999465942383,23.239999771118164,22.13999938964844,22.219999313354492,0
9/10/10,21.989999771118164,21.989999771118164,22.87000084,21.760000228881836,22.63999938964844,0
9/13/10,21.209999084472656,21.209999084472656,22.049999237060547,20.93000030517578,21.059999465942383,0
9/14/10,21.559999465942383,21.559999465942383,21.969999313354492,20.850000381469727,21.690000534057617,0
9/15/10,22.100000381469727,22.100000381469727,22.799999237060547,22.100000381469727,22.549999237060547,0
9/16/10,21.719999313354492,21.719999313354492,22.829999923706055,21.709999084472656,22.649999618530273,0
9/17/10,22.010000228881836,22.010000228881836,22.559999465942383,21.62999916,21.649999618530273,0
9/20/10,21.5,21.5,22.579999923706055,21.25,22.469999313354492,0
9/21/10,22.350000381469727,22.350000381469727,22.59000015258789,21.420000076293945,21.540000915527344,0
9/22/10,22.510000228881836,22.510000228881836,23.190000534057617,21.90999984741211,22.559999465942383,0
9/23/10,23.87000084,23.87000084,24.059999465942383,22.559999465942383,23.90999984741211,0
9/24/10,21.709999084472656,21.709999084472656,22.61000061035156,21.709999084472656,22.61000061035156,0
9/27/10,22.540000915527344,22.540000915527344,22.75,21.969999313354492,22.579999923706055,0
9/28/10,22.600000381469727,22.600000381469727,24.280000686645508,22.399999618530273,22.920000076293945,0
9/29/10,23.25,23.25,23.450000762939453,22.719999313354492,23.13999938964844,0
9/30/10,23.700000762939453,23.700000762939453,24.520000457763672,22.38999938964844,22.850000381469727,0
10/1/10,22.5,22.5,23.670000076293945,22.459999084472656,22.899999618530273,0
10/4/10,23.530000686645508,23.530000686645508,24.34000015258789,23.299999237060547,23.62999916,0
10/5/10,21.760000228881836,21.760000228881836,23.079999923706055,21.709999084472656,22.520000457763672,0
10/6/10,21.489999771118164,21.489999771118164,22.12999916,21.459999084472656,21.81999969482422,0
10/7/10,21.559999465942383,21.559999465942383,22.15999984741211,21.280000686645508,21.309999465942383,0
10/8/10,20.709999084472656,20.709999084472656,21.63999938964844,20.290000915527344,21.579999923706055,0
10/11/10,18.959999084472656,18.959999084472656,19.510000228881836,18.799999237060547,19.329999923706055,0
10/12/10,18.93000030517578,18.93000030517578,20.100000381469727,18.549999237060547,20.0,0
10/13/10,19.06999969482422,19.06999969482422,19.15999984741211,17.899999618530273,17.920000076293945,0
10/14/10,19.87999916,19.87999916,21.020000457763672,19.399999618530273,19.59000015258789,0
10/15/10,19.030000686645508,19.030000686645508,21.59000015258789,19.020000457763672,20.200000762939453,0
10/18/10,19.09000015258789,19.09000015258789,20.709999084472656,18.87999916,20.43000030517578,0
10/19/10,20.62999916,20.62999916,21.350000381469727,19.329999923706055,20.700000762939453,0
10/20/10,19.790000915527344,19.790000915527344,21.200000762939453,19.670000076293945,21.200000762939453,0
10/21/10,19.270000457763672,19.270000457763672,20.530000686645508,18.93000030517578,19.700000762939453,0
10/22/10,18.780000686645508,18.780000686645508,19.36000061035156,18.760000228881836,19.36000061035156,0
10/25/10,19.850000381469727,19.850000381469727,19.87999916,18.86000061035156,19.219999313354492,0
10/26/10,20.219999313354492,20.219999313354492,21.010000228881836,20.219999313354492,20.520000457763672,0
10/27/10,20.709999084472656,20.709999084472656,22.37000084,20.690000534057617,21.11000061035156,0
10/28/10,20.87999916,20.87999916,21.40999984741211,20.18000030517578,20.280000686645508,0
10/29/10,21.200000762939453,21.200000762939453,21.399999618530273,20.86000061035156,21.200000762939453,0
11/1/10,21.829999923706055,21.829999923706055,22.540000915527344,20.920000076293945,21.649999618530273,0
11/2/10,21.56999969482422,21.56999969482422,21.81999969482422,21.219999313354492,21.34000015258789,0
11/3/10,19.559999465942383,19.559999465942383,22.020000457763672,19.540000915527344,21.65999984741211,0
11/4/10,18.520000457763672,18.520000457763672,18.799999237060547,17.969999313354492,18.030000686645508,0
11/5/10,18.260000228881836,18.260000228881836,18.440000534057617,17.920000076293945,18.06999969482422,0
11/8/10,18.290000915527344,18.290000915527344,19.350000381469727,18.209999084472656,19.329999923706055,0
11/9/10,19.079999923706055,19.079999923706055,19.38999938964844,17.829999923706055,18.510000228881836,0
11/10/10,18.469999313354492,18.469999313354492,19.959999084472656,18.40999984741211,18.940000534057617,0
11/11/10,18.63999938964844,18.63999938964844,19.75,18.479999542236328,19.440000534057617,0
11/12/10,20.61000061035156,20.61000061035156,21.229999542236328,19.290000915527344,19.59000015258789,0
11/15/10,20.200000762939453,20.200000762939453,20.37000084,19.13999938964844,20.329999923706055,0
11/16/10,22.579999923706055,22.579999923706055,23.06999969482422,20.950000762939453,21.260000228881836,0
11/17/10,21.760000228881836,21.760000228881836,22.209999084472656,21.219999313354492,22.190000534057617,0
11/18/10,18.75,18.75,20.309999465942383,18.75,20.309999465942383,0
11/19/10,18.040000915527344,18.040000915527344,19.719999313354492,17.760000228881836,19.149999618530273,0
11/22/10,18.37000084,18.37000084,20.13999938964844,18.350000381469727,19.450000762939453,0
11/23/10,20.62999916,20.62999916,21.450000762939453,20.239999771118164,20.25,0
11/24/10,19.559999465942383,19.559999465942383,19.61000061035156,18.729999542236328,19.420000076293945,0
11/26/10,22.219999313354492,22.219999313354492,22.219999313354492,20.280000686645508,21.170000076293945,0
11/29/10,21.530000686645508,21.530000686645508,23.84000015258789,21.37999916,23.149999618530273,0
11/30/10,23.540000915527344,23.540000915527344,23.790000915527344,22.420000076293945,23.270000457763672,0
12/1/10,21.36000061035156,21.36000061035156,21.43000030517578,20.399999618530273,21.190000534057617,0
12/2/10,19.38999938964844,19.38999938964844,21.12999916,19.100000381469727,21.12999916,0
12/3/10,18.010000228881836,18.010000228881836,19.280000686645508,17.709999084472656,19.260000228881836,0
12/6/10,18.020000457763672,18.020000457763672,18.850000381469727,17.950000762939453,18.799999237060547,0
12/7/10,17.989999771118164,17.989999771118164,18.149999618530273,17.12999916,17.12999916,0
12/8/10,17.739999771118164,17.739999771118164,18.31999969482422,17.690000534057617,17.969999313354492,0
12/9/10,17.25,17.25,17.84000015258789,17.239999771118164,17.31999969482422,0
12/10/10,17.610000610351562,17.610000610351562,17.62999916,17.059999465942383,17.059999465942383,0
12/13/10,17.549999237060547,17.549999237060547,17.670000076293945,16.68000030517578,16.81999969482422,0
12/14/10,17.610000610351562,17.610000610351562,17.950000762939453,17.219999313354492,17.600000381469727,0
12/15/10,17.940000534057617,17.940000534057617,18.13999938964844,17.37000084,17.989999771118164,0
12/16/10,17.389999389648438,17.389999389648438,18.270000457763672,16.87999916,18.030000686645508,0
12/17/10,16.110000610351562,16.110000610351562,17.639999389648438,15.460000038146973,17.62000084,0
12/20/10,16.40999984741211,16.40999984741211,16.860000610351562,15.779999732971191,16.219999313354492,0
12/21/10,16.489999771118164,16.489999771118164,16.62000084,16.079999923706055,16.200000762939453,0
12/22/10,15.449999809265137,15.449999809265137,16.559999465942383,15.449999809265137,16.520000457763672,0
12/23/10,16.469999313354492,16.469999313354492,16.860000610351562,15.399999618530272,15.43999958,0
12/27/10,17.670000076293945,17.670000076293945,18.31999969482422,17.65999984741211,18.260000228881836,0
12/28/10,17.520000457763672,17.520000457763672,17.989999771118164,17.299999237060547,17.299999237060547,0
12/29/10,17.280000686645508,17.280000686645508,17.489999771118164,17.020000457763672,17.489999771118164,0
12/30/10,17.520000457763672,17.520000457763672,17.889999389648438,17.459999084472656,17.649999618530273,0
12/31/10,17.75,17.75,18.12999916,17.75,17.90999984741211,0
1/3/11,17.610000610351562,17.610000610351562,17.950000762939453,16.90999984741211,17.940000534057617,0
1/4/11,17.37999916,17.37999916,18.239999771118164,17.329999923706055,17.34000015258789,0
1/5/11,17.020000457763672,17.020000457763672,17.950000762939453,16.860000610351562,17.809999465942383,0
1/6/11,17.399999618530273,17.399999618530273,17.559999465942383,16.790000915527344,16.799999237060547,0
1/7/11,17.139999389648438,17.139999389648438,18.06999969482422,16.56999969482422,17.309999465942383,0
1/10/11,17.540000915527344,17.540000915527344,18.62999916,17.540000915527344,18.350000381469727,0
1/11/11,16.889999389648438,16.889999389648438,17.350000381469727,16.600000381469727,16.610000610351562,0
1/12/11,16.239999771118164,16.239999771118164,16.5,16.170000076293945,16.260000228881836,0
1/13/11,16.389999389648438,16.389999389648438,16.780000686645508,16.139999389648438,16.510000228881836,0
1/14/11,15.460000038146973,15.460000038146973,16.709999084472656,15.369999885559082,16.670000076293945,0
1/18/11,15.869999885559082,15.869999885559082,16.200000762939453,15.710000038146973,16.190000534057617,0
1/19/11,17.309999465942383,17.309999465942383,17.670000076293945,15.859999656677246,15.890000343322754,0
1/20/11,17.989999771118164,17.989999771118164,18.850000381469727,17.649999618530273,17.809999465942383,0
1/21/11,18.469999313354492,18.469999313354492,18.61000061035156,16.600000381469727,17.030000686645508,0
1/24/11,17.649999618530273,17.649999618530273,18.93000030517578,17.559999465942383,18.780000686645508,0
1/25/11,17.59000015258789,17.59000015258789,18.549999237060547,17.59000015258789,18.219999313354492,0
1/26/11,16.639999389648438,16.639999389648438,17.420000076293945,16.59000015258789,17.0,0
1/27/11,16.149999618530273,16.149999618530273,16.889999389648438,15.81000042,16.84000015258789,0
1/28/11,20.040000915527344,20.040000915527344,20.079999923706055,15.920000076293944,15.93999958,0
1/31/11,19.530000686645508,19.530000686645508,19.959999084472656,17.100000381469727,19.61000061035156,0
2/1/11,17.62999916,17.62999916,18.62999916,17.399999618530273,18.59000015258789,0
2/2/11,17.299999237060547,17.299999237060547,17.84000015258789,17.280000686645508,17.81999969482422,0
2/3/11,16.690000534057617,16.690000534057617,17.799999237060547,16.610000610351562,17.530000686645508,0
2/4/11,15.93000030517578,15.93000030517578,16.739999771118164,15.890000343322754,16.639999389648438,0
2/7/11,16.280000686645508,16.280000686645508,16.540000915527344,15.84000015258789,16.139999389648438,0
2/8/11,15.81000042,15.81000042,16.600000381469727,14.859999656677246,16.290000915527344,0
2/9/11,15.869999885559082,15.869999885559082,16.520000457763672,15.859999656677246,16.270000457763672,0
2/10/11,16.09000015258789,16.09000015258789,17.06999969482422,16.0,16.739999771118164,0
2/11/11,15.68999958,15.68999958,16.530000686645508,15.550000190734863,16.530000686645508,0
2/14/11,15.949999809265137,15.949999809265137,16.260000228881836,15.220000267028809,16.06999969482422,0
2/15/11,16.37000084,16.37000084,16.75,16.270000457763672,16.299999237060547,0
2/16/11,16.719999313354492,16.719999313354492,16.739999771118164,15.84000015258789,16.309999465942383,0
2/17/11,16.59000015258789,16.59000015258789,17.299999237060547,15.880000114440918,17.010000228881836,0
2/18/11,16.43000030517578,16.43000030517578,16.90999984741211,15.539999961853027,16.59000015258789,0
2/22/11,20.799999237060547,20.799999237060547,21.450000762939453,18.37999916,19.459999084472656,0
2/23/11,22.12999916,22.12999916,23.219999313354492,20.299999237060547,20.84000015258789,0
2/24/11,21.31999969482422,21.31999969482422,22.709999084472656,20.809999465942383,22.280000686645508,0
2/25/11,19.219999313354492,19.219999313354492,20.440000534057617,18.87999916,20.40999984741211,0
2/28/11,18.350000381469727,18.350000381469727,19.270000457763672,18.13999938964844,19.12000084,0
3/1/11,21.010000228881836,21.010000228881836,21.010000228881836,17.62999916,17.62999916,0
3/2/11,20.700000762939453,20.700000762939453,21.13999938964844,19.62000084,20.729999542236328,0
3/3/11,18.600000381469727,18.600000381469727,19.270000457763672,18.25,19.270000457763672,0
3/4/11,19.059999465942383,19.059999465942383,20.329999923706055,18.309999465942383,18.559999465942383,0
3/7/11,20.65999984741211,20.65999984741211,21.770000457763672,18.950000762939453,19.37000084,0
3/8/11,19.81999969482422,19.81999969482422,21.059999465942383,19.149999618530273,20.579999923706055,0
3/9/11,20.219999313354492,20.219999313354492,20.959999084472656,19.40999984741211,20.049999237060547,0
3/10/11,21.87999916,21.87999916,22.25,20.34000015258789,21.37000084,0
3/11/11,20.079999923706055,20.079999923706055,21.75,19.969999313354492,21.719999313354492,0
3/14/11,21.12999916,21.12999916,22.739999771118164,20.920000076293945,21.790000915527344,0
3/15/11,24.31999969482422,24.31999969482422,25.719999313354492,23.309999465942383,25.65999984741211,0
3/16/11,29.399999618530273,29.399999618530273,31.280000686645508,24.040000915527344,24.649999618530273,0
3/17/11,26.37000084,26.37000084,27.540000915527344,25.440000534057617,26.940000534057617,0
3/18/11,24.440000534057617,24.440000534057617,24.850000381469727,23.09000015258789,23.899999618530273,0
3/21/11,20.61000061035156,20.61000061035156,22.15999984741211,20.219999313354492,22.100000381469727,0
3/22/11,20.209999084472656,20.209999084472656,20.59000015258789,19.969999313354492,20.530000686645508,0
3/23/11,19.170000076293945,19.170000076293945,21.049999237060547,18.190000534057617,20.59000015258789,0
3/24/11,18.0,18.0,18.989999771118164,17.87000084,18.450000762939453,0
3/25/11,17.90999984741211,17.90999984741211,18.079999923706055,17.06999969482422,17.87000084,0
3/28/11,19.440000534057617,19.440000534057617,19.440000534057617,17.959999084472656,18.309999465942383,0
3/29/11,18.15999984741211,18.15999984741211,19.780000686645508,18.0,19.170000076293945,0
3/30/11,17.709999084472656,17.709999084472656,17.889999389648438,17.25,17.81999969482422,0
3/31/11,17.739999771118164,17.739999771118164,17.950000762939453,17.40999984741211,17.899999618530273,0
4/1/11,17.399999618530273,17.399999618530273,17.62000084,16.440000534057617,16.68000030517578,0
4/4/11,17.5,17.5,17.850000381469727,17.389999389648438,17.62999916,0
4/5/11,17.25,17.25,17.87000084,16.5,17.87000084,0
4/6/11,16.899999618530273,16.899999618530273,17.149999618530273,16.5,16.75,0
4/7/11,17.110000610351562,17.110000610351562,17.770000457763672,16.489999771118164,16.920000076293945,0
4/8/11,17.87000084,17.87000084,18.329999923706055,16.510000228881836,16.510000228881836,0
4/11/11,16.59000015258789,16.59000015258789,17.049999237060547,16.219999313354492,16.739999771118164,0
4/12/11,17.09000015258789,17.09000015258789,18.459999084472656,16.87999916,17.579999923706055,0
4/13/11,16.920000076293945,16.920000076293945,17.37999916,16.200000762939453,16.329999923706055,0
4/14/11,16.270000457763672,16.270000457763672,18.079999923706055,16.079999923706055,17.770000457763672,0
4/15/11,15.31999969482422,15.31999969482422,15.979999542236328,14.920000076293944,15.970000267028809,0
4/18/11,16.959999084472656,16.959999084472656,19.06999969482422,16.809999465942383,18.299999237060547,0
4/19/11,15.829999923706056,15.829999923706056,16.719999313354492,15.68999958,16.62000084,0
4/20/11,15.06999969482422,15.06999969482422,15.390000343322754,14.300000190734863,14.31000042,0
4/21/11,14.68999958,14.68999958,15.229999542236328,14.399999618530272,14.710000038146973,0
4/25/11,15.770000457763672,15.770000457763672,16.059999465942383,15.5,15.640000343322754,0
4/26/11,15.619999885559082,15.619999885559082,15.65999984741211,15.06999969482422,15.359999656677246,0
4/27/11,15.350000381469728,15.350000381469728,16.420000076293945,15.130000114440918,15.369999885559082,0
4/28/11,14.619999885559082,14.619999885559082,15.539999961853027,14.270000457763672,15.539999961853027,0
4/29/11,14.75,14.75,14.989999771118164,14.489999771118164,14.56000042,0
5/2/11,15.989999771118164,15.989999771118164,16.12999916,15.06999969482422,15.06999969482422,0
5/3/11,16.700000762939453,16.700000762939453,17.290000915527344,16.12999916,16.350000381469727,0
5/4/11,17.079999923706055,17.079999923706055,17.719999313354492,16.829999923706055,16.84000015258789,0
5/5/11,18.200000762939453,18.200000762939453,19.11000061035156,16.739999771118164,17.68000030517578,0
5/6/11,18.399999618530273,18.399999618530273,19.290000915527344,16.12000084,17.170000076293945,0
5/9/11,17.15999984741211,17.15999984741211,18.59000015258789,17.040000915527344,18.59000015258789,0
5/10/11,15.90999984741211,15.90999984741211,16.899999618530273,15.789999961853027,16.84000015258789,0
5/11/11,16.950000762939453,16.950000762939453,17.489999771118164,16.229999542236328,16.270000457763672,0
5/12/11,16.030000686645508,16.030000686645508,17.889999389648438,16.030000686645508,17.270000457763672,0
5/13/11,17.06999969482422,17.06999969482422,17.559999465942383,15.979999542236328,16.020000457763672,0
5/16/11,18.239999771118164,18.239999771118164,18.25,16.610000610351562,17.860000610351562,0
5/17/11,17.549999237060547,17.549999237060547,19.09000015258789,17.469999313354492,18.540000915527344,0
5/18/11,16.229999542236328,16.229999542236328,17.68000030517578,16.030000686645508,17.559999465942383,0
5/19/11,15.520000457763672,15.520000457763672,16.559999465942383,15.5,15.899999618530272,0
5/20/11,17.43000030517578,17.43000030517578,17.43000030517578,15.699999809265137,15.880000114440918,0
5/23/11,18.270000457763672,18.270000457763672,20.030000686645508,17.469999313354492,20.030000686645508,0
5/24/11,17.81999969482422,17.81999969482422,18.190000534057617,17.0,18.06999969482422,0
5/25/11,17.06999969482422,17.06999969482422,18.260000228881836,16.700000762939453,18.260000228881836,0
5/26/11,16.09000015258789,16.09000015258789,17.459999084472656,15.899999618530272,17.170000076293945,0
5/27/11,15.979999542236328,15.979999542236328,16.270000457763672,15.359999656677246,16.110000610351562,0
5/31/11,15.449999809265137,15.449999809265137,16.5,15.149999618530272,15.850000381469728,0
6/1/11,18.299999237060547,18.299999237060547,18.479999542236328,15.949999809265137,15.949999809265137,0
6/2/11,18.09000015258789,18.09000015258789,18.719999313354492,17.389999389648438,17.920000076293945,0
6/3/11,17.950000762939453,17.950000762939453,19.87000084,17.12000084,18.229999542236328,0
6/6/11,18.489999771118164,18.489999771118164,18.649999618530273,17.649999618530273,18.420000076293945,0
6/7/11,18.06999969482422,18.06999969482422,18.479999542236328,17.389999389648438,18.12999916,0
6/8/11,18.790000915527344,18.790000915527344,18.829999923706055,17.719999313354492,18.149999618530273,0
6/9/11,17.770000457763672,17.770000457763672,18.309999465942383,17.260000228881836,18.200000762939453,0
6/10/11,18.86000061035156,18.86000061035156,19.15999984741211,17.93000030517578,17.93000030517578,0
6/13/11,19.61000061035156,19.61000061035156,20.020000457763672,18.40999984741211,19.100000381469727,0
6/14/11,18.260000228881836,18.260000228881836,18.559999465942383,17.799999237060547,18.559999465942383,0
6/15/11,21.31999969482422,21.31999969482422,21.65999984741211,19.030000686645508,19.309999465942383,0
6/16/11,22.729999542236328,22.729999542236328,24.649999618530273,20.809999465942383,21.37000084,0
6/17/11,21.850000381469727,21.850000381469727,22.38999938964844,20.350000381469727,21.559999465942383,0
6/20/11,19.989999771118164,19.989999771118164,23.079999923706055,19.989999771118164,22.989999771118164,0
6/21/11,18.86000061035156,18.86000061035156,19.459999084472656,17.719999313354492,19.459999084472656,0
6/22/11,18.520000457763672,18.520000457763672,18.899999618530273,17.719999313354492,18.86000061035156,0
6/23/11,19.290000915527344,19.290000915527344,21.5,19.219999313354492,20.229999542236328,0
6/24/11,21.100000381469727,21.100000381469727,21.280000686645508,19.100000381469727,19.200000762939453,0
6/27/11,20.559999465942383,20.559999465942383,21.81999969482422,20.270000457763672,21.600000381469727,0
6/28/11,19.170000076293945,19.170000076293945,20.450000762939453,19.170000076293945,20.299999237060547,0
6/29/11,17.270000457763672,17.270000457763672,18.829999923706055,16.31999969482422,18.62000084,0
6/30/11,16.520000457763672,16.520000457763672,16.770000457763672,15.880000114440918,16.670000076293945,0
7/1/11,15.869999885559082,15.869999885559082,16.290000915527344,15.119999885559082,16.059999465942383,0
7/5/11,16.059999465942383,16.059999465942383,16.5,15.890000343322754,16.31999969482422,0
7/6/11,16.34000015258789,16.34000015258789,17.079999923706055,16.31999969482422,16.459999084472656,0
7/7/11,15.949999809265137,15.949999809265137,16.12999916,15.300000190734863,15.300000190734863,0
7/8/11,15.949999809265137,15.949999809265137,17.139999389648438,15.949999809265137,17.139999389648438,0
7/11/11,18.38999938964844,18.38999938964844,19.059999465942383,17.15999984741211,17.440000534057617,0
7/12/11,19.87000084,19.87000084,20.12999916,18.25,19.549999237060547,0
7/13/11,19.90999984741211,19.90999984741211,20.15999984741211,18.09000015258789,19.079999923706055,0
7/14/11,20.799999237060547,20.799999237060547,21.579999923706055,19.350000381469727,20.079999923706055,0
7/15/11,19.530000686645508,19.530000686645508,21.68000030517578,19.520000457763672,20.25,0
7/18/11,20.950000762939453,20.950000762939453,21.93000030517578,20.899999618530273,21.25,0
7/19/11,19.209999084472656,19.209999084472656,20.43000030517578,19.12000084,20.13999938964844,0
7/20/11,19.09000015258789,19.09000015258789,19.649999618530273,18.61000061035156,18.809999465942383,0
7/21/11,17.559999465942383,17.559999465942383,18.62999916,17.149999618530273,18.61000061035156,0
7/22/11,17.520000457763672,17.520000457763672,17.950000762939453,17.139999389648438,17.219999313354492,0
7/25/11,19.350000381469727,19.350000381469727,19.5,18.729999542236328,19.260000228881836,0
7/26/11,20.229999542236328,20.229999542236328,20.5,19.559999465942383,19.75,0
7/27/11,22.979999542236328,22.979999542236328,23.200000762939453,20.87000084,20.87000084,0
7/28/11,23.739999771118164,23.739999771118164,23.989999771118164,21.200000762939453,22.829999923706055,0
7/29/11,25.25,25.25,25.940000534057617,23.649999618530273,25.280000686645508,0
8/1/11,23.65999984741211,23.65999984741211,25.62999916,22.459999084472656,22.62999916,0
8/2/11,24.790000915527344,24.790000915527344,24.790000915527344,22.649999618530273,24.219999313354492,0
8/3/11,23.37999916,23.37999916,25.229999542236328,22.760000228881836,23.579999923706055,0
8/4/11,31.65999984741211,31.65999984741211,32.06999969482422,24.309999465942383,24.56999969482422,0
8/5/11,32.0,32.0,39.25,27.540000915527344,28.479999542236328,0
8/8/11,48.0,48.0,48.0,35.290000915527344,36.900001525878906,0
8/9/11,35.060001373291016,35.060001373291016,47.560001373291016,34.279998779296875,42.119998931884766,0
8/10/11,42.99000168,42.99000168,44.40999984741211,37.34000015258789,39.33000183105469,0
8/11/11,39.0,39.0,42.880001068115234,37.5,41.939998626708984,0
8/12/11,36.36000061035156,36.36000061035156,37.849998474121094,34.00999832,37.08000183105469,0
8/15/11,31.87000084,31.87000084,34.83000183105469,31.469999313354492,34.72999954223633,0
8/16/11,32.849998474121094,32.849998474121094,34.49000168,31.68000030517578,33.36000061035156,0
8/17/11,31.579999923706055,31.579999923706055,33.31999969482422,30.809999465942383,32.09000015258789,0
8/18/11,42.66999816894531,42.66999816894531,45.279998779296875,36.689998626708984,36.77000045776367,0
8/19/11,43.04999923706055,43.04999923706055,45.400001525878906,39.99000168,45.34000015258789,0
8/22/11,42.439998626708984,42.439998626708984,43.58000183105469,38.779998779296875,38.79999923706055,0
8/23/11,36.27000045776367,36.27000045776367,42.540000915527344,35.83000183105469,41.88999938964844,0
8/24/11,35.900001525878906,35.900001525878906,37.380001068115234,34.54999923706055,37.119998931884766,0
8/25/11,39.75999832,39.75999832,40.13999938964844,34.04999923706055,34.43000030517578,0
8/26/11,35.59000015258789,35.59000015258789,43.84000015258789,34.33000183105469,41.18000030517578,0
8/29/11,32.279998779296875,32.279998779296875,33.810001373291016,32.209999084472656,33.810001373291016,0
8/30/11,32.88999938964844,32.88999938964844,33.54999923706055,31.549999237060547,32.970001220703125,0
8/31/11,31.62000084,31.62000084,32.529998779296875,30.15999984741211,31.200000762939453,0
9/1/11,31.81999969482422,31.81999969482422,32.380001068115234,30.760000228881836,31.90999984741211,0
9/2/11,33.91999816894531,33.91999816894531,34.74000168,32.70000076293945,34.290000915527344,0
9/6/11,37.0,37.0,39.86000061035156,37.0,39.84000015258789,0
9/7/11,33.380001068115234,33.380001068115234,34.70000076293945,33.380001068115234,34.24000168,0
9/8/11,34.31999969482422,34.31999969482422,34.709999084472656,32.790000915527344,34.40999984741211,0
9/9/11,38.52000045776367,38.52000045776367,40.74000168,35.529998779296875,35.529998779296875,0
9/12/11,38.59000015258789,38.59000015258789,43.18000030517578,38.58000183105469,42.560001373291016,0
9/13/11,36.90999984741211,36.90999984741211,39.43000030517578,36.689998626708984,38.68000030517578,0
9/14/11,34.599998474121094,34.599998474121094,37.75999832,33.400001525878906,36.59000015258789,0
9/15/11,31.969999313354492,31.969999313354492,33.97999954223633,31.75,33.43000030517578,0
9/16/11,30.979999542236328,30.979999542236328,32.47999954223633,30.43000030517578,31.809999465942383,0
9/19/11,32.72999954223633,32.72999954223633,35.33000183105469,32.349998474121094,34.79999923706055,0
9/20/11,32.86000061035156,32.86000061035156,33.13999938964844,31.450000762939453,32.41999816894531,0
9/21/11,37.31999969482422,37.31999969482422,37.31999969482422,32.45000076293945,33.0,0
9/22/11,41.349998474121094,41.349998474121094,43.869998931884766,39.33000183105469,41.0,0
9/23/11,41.25,41.25,42.81999969482422,40.41999816894531,42.16999816894531,0
9/26/11,39.02000045776367,39.02000045776367,43.34000015258789,39.02000045776367,40.99000168,0
9/27/11,37.709999084472656,37.709999084472656,38.56999969482422,35.31999969482422,36.59000015258789,0
9/28/11,41.08000183105469,41.08000183105469,41.24000168,36.650001525878906,37.70000076293945,0
9/29/11,38.84000015258789,38.84000015258789,42.0,38.029998779296875,38.619998931884766,0
9/30/11,42.959999084472656,42.959999084472656,42.99000168,39.880001068115234,40.93000030517578,0
10/3/11,45.45000076293945,45.45000076293945,45.54999923706055,41.50999832,44.25,0
10/4/11,40.81999969482422,40.81999969482422,46.880001068115234,40.02000045776367,46.18000030517578,0
10/5/11,37.810001373291016,37.810001373291016,41.20000076293945,37.50999832,40.72999954223633,0
10/6/11,36.27000045776367,36.27000045776367,38.74000168,36.150001525878906,38.24000168,0
10/7/11,36.20000076293945,36.20000076293945,37.81999969482422,35.189998626708984,35.66999816894531,0
10/10/11,33.02000045776367,33.02000045776367,35.45000076293945,32.959999084472656,35.45000076293945,0
10/11/11,32.86000061035156,32.86000061035156,34.24000168,32.619998931884766,33.95000076293945,0
10/12/11,31.260000228881836,31.260000228881836,31.93000030517578,29.790000915527344,31.56999969482422,0
10/13/11,30.700000762939453,30.700000762939453,32.75999832,30.479999542236328,31.989999771118164,0
10/14/11,28.239999771118164,28.239999771118164,29.959999084472656,28.079999923706055,29.06999969482422,0
10/17/11,33.38999938964844,33.38999938964844,33.38999938964844,30.12000084,30.350000381469727,0
10/18/11,31.559999465942383,31.559999465942383,34.709999084472656,29.690000534057617,33.369998931884766,0
10/19/11,34.439998626708984,34.439998626708984,35.470001220703125,31.90999984741211,32.91999816894531,0
10/20/11,34.779998779296875,34.779998779296875,36.869998931884766,34.15999984741211,34.439998626708984,0
10/21/11,31.31999969482422,31.31999969482422,32.97999954223633,31.31999969482422,32.75999832,0
10/24/11,29.260000228881836,29.260000228881836,31.700000762939453,28.84000015258789,31.670000076293945,0
10/25/11,32.220001220703125,32.220001220703125,32.459999084472656,30.31999969482422,30.68000030517578,0
10/26/11,29.86000061035156,29.86000061035156,33.29999923706055,29.62999916,30.440000534057617,0
10/27/11,25.459999084472656,25.459999084472656,26.459999084472656,24.700000762939453,24.719999313354492,0
10/28/11,24.530000686645508,24.530000686645508,26.020000457763672,24.440000534057617,26.020000457763672,0
10/31/11,29.959999084472656,29.959999084472656,29.969999313354492,27.010000228881836,27.09000015258789,0
11/1/11,34.77000045776367,34.77000045776367,37.529998779296875,33.869998931884766,36.029998779296875,0
11/2/11,32.74000168,32.74000168,34.27000045776367,32.54999923706055,33.529998779296875,0
11/3/11,30.5,30.5,34.650001525878906,30.209999084472656,31.37999916,0
11/4/11,30.15999984741211,30.15999984741211,32.560001373291016,30.13999938964844,31.459999084472656,0
11/7/11,29.850000381469727,29.850000381469727,32.150001525878906,29.850000381469727,31.399999618530273,0
11/8/11,27.479999542236328,27.479999542236328,30.489999771118164,27.469999313354492,29.34000015258789,0
11/9/11,36.15999984741211,36.15999984741211,36.43000030517578,30.979999542236328,31.31999969482422,0
11/10/11,32.810001373291016,32.810001373291016,35.5,32.119998931884766,33.09000015258789,0
11/11/11,30.040000915527344,30.040000915527344,30.420000076293945,29.450000762939453,29.90999984741211,0
11/14/11,31.12999916,31.12999916,32.849998474121094,31.12999916,31.420000076293945,0
11/15/11,31.219999313354492,31.219999313354492,32.54999923706055,30.399999618530273,31.739999771118164,0
11/16/11,33.50999832,33.50999832,33.50999832,30.540000915527344,32.65999984741211,0
11/17/11,34.50999832,34.50999832,36.459999084472656,32.88999938964844,33.150001525878906,0
11/18/11,32.0,32.0,33.99000168,31.920000076293945,33.15999984741211,0
11/21/11,32.90999984741211,32.90999984741211,35.290000915527344,32.529998779296875,34.59000015258789,0
11/22/11,31.969999313354492,31.969999313354492,33.38999938964844,31.280000686645508,33.119998931884766,0
11/23/11,33.97999954223633,33.97999954223633,34.56999969482422,32.68000030517578,32.90999984741211,0
11/25/11,34.470001220703125,34.470001220703125,34.77000045776367,33.119998931884766,34.61000061035156,0
11/28/11,32.130001068115234,32.130001068115234,33.11000061035156,29.469999313354492,31.93000030517578,0
11/29/11,30.63999938964844,30.63999938964844,32.02000045776367,30.559999465942383,31.760000228881836,0
11/30/11,27.799999237060547,27.799999237060547,28.5,27.030000686645508,27.719999313354492,0
12/1/11,27.40999984741211,27.40999984741211,27.88999938964844,26.63999938964844,27.62999916,0
12/2/11,27.520000457763672,27.520000457763672,27.62000084,25.290000915527344,26.260000228881836,0
12/5/11,27.84000015258789,27.84000015258789,28.309999465942383,26.0,26.739999771118164,0
12/6/11,28.12999916,28.12999916,28.12999916,27.40999984741211,27.90999984741211,0
12/7/11,28.670000076293945,28.670000076293945,29.579999923706055,28.440000534057617,28.61000061035156,0
12/8/11,30.59000015258789,30.59000015258789,30.90999984741211,29.020000457763672,29.62999916,0
12/9/11,26.37999916,26.37999916,29.61000061035156,26.290000915527344,29.61000061035156,0
12/12/11,25.670000076293945,25.670000076293945,27.729999542236328,25.63999938964844,26.780000686645508,0
12/13/11,25.40999984741211,25.40999984741211,26.280000686645508,23.270000457763672,24.719999313354492,0
12/14/11,26.040000915527344,26.040000915527344,27.549999237060547,25.760000228881836,26.15999984741211,0
12/15/11,25.11000061035156,25.11000061035156,25.280000686645508,23.87999916,24.37999916,0
12/16/11,24.290000915527344,24.290000915527344,25.020000457763672,23.510000228881836,24.15999984741211,0
12/19/11,24.920000076293945,24.920000076293945,25.37999916,24.37999916,25.13999938964844,0
12/20/11,23.219999313354492,23.219999313354492,23.579999923706055,22.540000915527344,23.559999465942383,0
12/21/11,21.43000030517578,21.43000030517578,23.940000534057617,21.12000084,22.520000457763672,0
12/22/11,21.15999984741211,21.15999984741211,21.329999923706055,20.34000015258789,21.079999923706055,0
12/23/11,20.729999542236328,20.729999542236328,21.209999084472656,20.719999313354492,21.100000381469727,0
12/27/11,21.90999984741211,21.90999984741211,22.65999984741211,21.68000030517578,22.579999923706055,0
12/28/11,23.520000457763672,23.520000457763672,23.559999465942383,22.11000061035156,22.12000084,0
12/29/11,22.649999618530273,22.649999618530273,23.520000457763672,22.649999618530273,23.520000457763672,0
12/30/11,23.399999618530273,23.399999618530273,23.459999084472656,22.649999618530273,22.86000061035156,0
1/3/12,22.969999313354492,22.969999313354492,23.100000381469727,22.540000915527344,22.950000762939453,0
1/4/12,22.219999313354492,22.219999313354492,23.729999542236328,22.219999313354492,23.440000534057617,0
1/5/12,21.479999542236328,21.479999542236328,23.09000015258789,21.34000015258789,22.75,0
1/6/12,20.62999916,20.62999916,21.719999313354492,20.579999923706055,21.239999771118164,0
1/9/12,21.06999969482422,21.06999969482422,21.780000686645508,21.0,21.670000076293945,0
1/10/12,20.690000534057617,20.690000534057617,20.690000534057617,20.049999237060547,20.13999938964844,0
1/11/12,21.049999237060547,21.049999237060547,21.219999313354492,20.979999542236328,21.18000030517578,0
1/12/12,20.469999313354492,20.469999313354492,22.030000686645508,20.459999084472656,21.010000228881836,0
1/13/12,20.90999984741211,20.90999984741211,22.43000030517578,20.90999984741211,21.40999984741211,0
1/17/12,22.200000762939453,22.200000762939453,22.25,20.690000534057617,20.899999618530273,0
1/18/12,20.88999938964844,20.88999938964844,23.440000534057617,20.780000686645508,23.200000762939453,0
1/19/12,19.87000084,19.87000084,20.87000084,19.450000762939453,20.489999771118164,0
1/20/12,18.280000686645508,18.280000686645508,19.940000534057617,18.15999984741211,19.90999984741211,0
1/23/12,18.670000076293945,18.670000076293945,19.309999465942383,18.549999237060547,19.219999313354492,0
1/24/12,18.90999984741211,18.90999984741211,20.0,18.62999916,19.760000228881836,0
1/25/12,18.309999465942383,18.309999465942383,19.549999237060547,17.149999618530273,19.350000381469727,0
1/26/12,18.56999969482422,18.56999969482422,19.170000076293945,16.799999237060547,17.959999084472656,0
1/27/12,18.530000686645508,18.530000686645508,19.15999984741211,18.260000228881836,19.15999984741211,0
1/30/12,19.399999618530273,19.399999618530273,20.329999923706055,19.37999916,20.329999923706055,0
1/31/12,19.440000534057617,19.440000534057617,19.84000015258789,18.12999916,19.06999969482422,0
2/1/12,18.549999237060547,18.549999237060547,18.81999969482422,17.989999771118164,18.68000030517578,0
2/2/12,17.979999542236328,17.979999542236328,18.5,17.979999542236328,18.37999916,0
2/3/12,17.100000381469727,17.100000381469727,17.31999969482422,16.100000381469727,16.84000015258789,0
2/6/12,17.760000228881836,17.760000228881836,18.020000457763672,16.110000610351562,17.979999542236328,0
2/7/12,17.649999618530273,17.649999618530273,18.100000381469727,17.5,17.93000030517578,0
2/8/12,18.15999984741211,18.15999984741211,18.459999084472656,17.530000686645508,17.790000915527344,0
2/9/12,18.62999916,18.62999916,18.719999313354492,18.06999969482422,18.12000084,0
2/10/12,20.790000915527344,20.790000915527344,21.979999542236328,19.020000457763672,20.100000381469727,0
2/13/12,19.040000915527344,19.040000915527344,19.68000030517578,17.920000076293945,19.63999938964844,0
2/14/12,19.540000915527344,19.540000915527344,20.760000228881836,18.950000762939453,19.450000762939453,0
2/15/12,21.13999938964844,21.13999938964844,21.770000457763672,19.440000534057617,19.739999771118164,0
2/16/12,19.219999313354492,19.219999313354492,21.760000228881836,19.219999313354492,21.59000015258789,0
2/17/12,17.780000686645508,17.780000686645508,18.790000915527344,17.540000915527344,18.729999542236328,0
2/21/12,18.190000534057617,18.190000534057617,18.940000534057617,17.649999618530273,18.40999984741211,0
2/22/12,18.190000534057617,18.190000534057617,18.940000534057617,17.739999771118164,18.850000381469727,0
2/23/12,16.799999237060547,16.799999237060547,18.969999313354492,16.639999389648438,18.729999542236328,0
2/24/12,17.309999465942383,17.309999465942383,17.62000084,16.420000076293945,16.68000030517578,0
2/27/12,18.190000534057617,18.190000534057617,19.25,17.579999923706055,19.100000381469727,0
2/28/12,17.959999084472656,17.959999084472656,18.670000076293945,17.87999916,18.670000076293945,0
2/29/12,18.43000030517578,18.43000030517578,18.75,17.530000686645508,17.799999237060547,0
3/1/12,17.260000228881836,17.260000228881836,18.030000686645508,17.260000228881836,18.020000457763672,0
3/2/12,17.290000915527344,17.290000915527344,17.649999618530273,17.139999389648438,17.649999618530273,0
3/5/12,18.049999237060547,18.049999237060547,18.899999618530273,18.020000457763672,18.270000457763672,0
3/6/12,20.87000084,20.87000084,21.239999771118164,20.299999237060547,20.56999969482422,0
3/7/12,19.06999969482422,19.06999969482422,20.440000534057617,19.06999969482422,20.43000030517578,0
3/8/12,17.950000762939453,17.950000762939453,18.459999084472656,17.760000228881836,18.079999923706055,0
3/9/12,17.110000610351562,17.110000610351562,17.540000915527344,16.62999916,17.15999984741211,0
3/12/12,15.640000343322754,15.640000343322754,16.670000076293945,15.229999542236328,15.789999961853027,0
3/13/12,14.800000190734863,14.800000190734863,16.079999923706055,13.989999771118164,14.0,0
3/14/12,15.31000042,15.31000042,16.190000534057617,14.390000343322754,14.420000076293944,0
3/15/12,15.420000076293944,15.420000076293944,16.059999465942383,14.579999923706056,15.31999969482422,0
3/16/12,14.470000267028809,14.470000267028809,15.239999771118164,13.65999984741211,14.43000030517578,0
3/19/12,15.039999961853027,15.039999961853027,15.43000030517578,14.539999961853027,15.420000076293944,0
3/20/12,15.579999923706056,15.579999923706056,15.949999809265137,15.109999656677246,15.81999969482422,0
3/21/12,15.130000114440918,15.130000114440918,15.31000042,14.18999958,14.720000267028809,0
3/22/12,15.56999969482422,15.56999969482422,16.579999923706055,15.56000042,16.040000915527344,0
3/23/12,14.81999969482422,14.81999969482422,16.389999389648438,14.68999958,15.649999618530272,0
3/26/12,14.260000228881836,14.260000228881836,15.029999732971191,14.260000228881836,14.510000228881836,0
3/27/12,15.59000015258789,15.59000015258789,15.59000015258789,14.140000343322754,14.520000457763672,0
3/28/12,15.470000267028809,15.470000267028809,17.270000457763672,15.399999618530272,15.579999923706056,0
3/29/12,15.479999542236328,15.479999542236328,17.200000762939453,15.390000343322754,16.84000015258789,0
3/30/12,15.5,15.5,15.979999542236328,14.670000076293944,14.880000114440918,0
4/2/12,15.640000343322754,15.640000343322754,16.579999923706055,15.020000457763672,16.350000381469727,0
4/3/12,15.65999984741211,15.65999984741211,16.649999618530273,15.56000042,15.609999656677246,0
4/4/12,16.440000534057617,16.440000534057617,17.739999771118164,16.309999465942383,17.06999969482422,0
4/5/12,16.700000762939453,16.700000762939453,17.12999916,16.290000915527344,17.020000457763672,0
4/9/12,18.809999465942383,18.809999465942383,18.940000534057617,17.93000030517578,18.940000534057617,0
4/10/12,20.38999938964844,20.38999938964844,21.059999465942383,18.62000084,19.100000381469727,0
4/11/12,20.020000457763672,20.020000457763672,20.12000084,18.729999542236328,19.219999313354492,0
4/12/12,17.200000762939453,17.200000762939453,19.739999771118164,17.200000762939453,19.62999916,0
4/13/12,19.549999237060547,19.549999237060547,19.62000084,17.850000381469727,17.950000762939453,0
4/16/12,19.549999237060547,19.549999237060547,20.420000076293945,18.600000381469727,18.87000084,0
4/17/12,18.459999084472656,18.459999084472656,18.65999984741211,17.579999923706055,18.65999984741211,0
4/18/12,18.63999938964844,18.63999938964844,19.170000076293945,17.700000762939453,19.020000457763672,0
4/19/12,18.36000061035156,18.36000061035156,19.690000534057617,17.690000534057617,18.510000228881836,0
4/20/12,17.440000534057617,17.440000534057617,18.049999237060547,16.969999313354492,17.920000076293945,0
4/23/12,18.969999313354492,18.969999313354492,20.270000457763672,18.950000762939453,20.219999313354492,0
4/24/12,18.100000381469727,18.100000381469727,19.219999313354492,18.09000015258789,19.219999313354492,0
4/25/12,16.81999969482422,16.81999969482422,17.37999916,16.81999969482422,17.049999237060547,0
4/26/12,16.239999771118164,16.239999771118164,17.040000915527344,15.75,16.969999313354492,0
4/27/12,16.31999969482422,16.31999969482422,16.469999313354492,15.829999923706056,15.829999923706056,0
4/30/12,17.149999618530273,17.149999618530273,17.40999984741211,16.920000076293945,17.040000915527344,0
5/1/12,16.600000381469727,16.600000381469727,17.489999771118164,16.010000228881836,17.270000457763672,0
5/2/12,16.87999916,16.87999916,17.62999916,16.780000686645508,17.25,0
5/3/12,17.559999465942383,17.559999465942383,17.920000076293945,16.729999542236328,16.899999618530273,0
5/4/12,19.15999984741211,19.15999984741211,19.280000686645508,17.809999465942383,18.030000686645508,0
5/7/12,18.940000534057617,18.940000534057617,19.87000084,18.40999984741211,19.799999237060547,0
5/8/12,19.049999237060547,19.049999237060547,20.90999984741211,17.950000762939453,19.440000534057617,0
5/9/12,20.079999923706055,20.079999923706055,21.59000015258789,19.37999916,20.649999618530273,0
5/10/12,18.829999923706055,18.829999923706055,19.87999916,18.770000457763672,19.25,0
5/11/12,19.88999938964844,19.88999938964844,19.940000534057617,18.62000084,19.93000030517578,0
5/14/12,21.87000084,21.87000084,21.87000084,20.940000534057617,21.469999313354492,0
5/15/12,21.969999313354492,21.969999313354492,22.700000762939453,20.760000228881836,21.43000030517578,0
5/16/12,22.270000457763672,22.270000457763672,22.690000534057617,20.829999923706055,21.540000915527344,0
5/17/12,24.489999771118164,24.489999771118164,24.510000228881836,21.87000084,21.989999771118164,0
5/18/12,25.100000381469727,25.100000381469727,25.13999938964844,23.06999969482422,23.270000457763672,0
5/21/12,22.010000228881836,22.010000228881836,24.87999916,22.010000228881836,24.87999916,0
5/22/12,22.479999542236328,22.479999542236328,23.190000534057617,19.979999542236328,21.760000228881836,0
5/23/12,22.329999923706055,22.329999923706055,24.62000084,21.989999771118164,23.31999969482422,0
5/24/12,21.540000915527344,21.540000915527344,23.219999313354492,21.479999542236328,22.0,0
5/25/12,21.760000228881836,21.760000228881836,22.290000915527344,21.299999237060547,22.049999237060547,0
5/29/12,21.030000686645508,21.030000686645508,22.469999313354492,20.989999771118164,21.700000762939453,0
5/30/12,24.13999938964844,24.13999938964844,24.13999938964844,22.65999984741211,22.68000030517578,0
5/31/12,24.059999465942383,24.059999465942383,25.459999084472656,22.780000686645508,23.829999923706055,0
6/1/12,26.65999984741211,26.65999984741211,26.709999084472656,23.940000534057617,25.87000084,0
6/4/12,26.12000084,26.12000084,27.729999542236328,25.719999313354492,26.350000381469727,0
6/5/12,24.68000030517578,24.68000030517578,25.899999618530273,24.5,25.899999618530273,0
6/6/12,22.15999984741211,22.15999984741211,23.88999938964844,21.799999237060547,23.760000228881836,0
6/7/12,21.719999313354492,21.719999313354492,22.479999542236328,20.739999771118164,21.0,0
6/8/12,21.229999542236328,21.229999542236328,23.100000381469727,20.290000915527344,22.540000915527344,0
6/11/12,23.559999465942383,23.559999465942383,23.559999465942383,19.62999916,19.87000084,0
6/12/12,22.09000015258789,22.09000015258789,23.899999618530273,22.09000015258789,23.149999618530273,0
6/13/12,24.270000457763672,24.270000457763672,24.93000030517578,22.65999984741211,22.93000030517578,0
6/14/12,21.68000030517578,21.68000030517578,24.809999465942383,21.549999237060547,24.190000534057617,0
6/15/12,21.11000061035156,21.11000061035156,23.09000015258789,20.61000061035156,22.469999313354492,0
6/18/12,18.31999969482422,18.31999969482422,21.979999542236328,18.239999771118164,21.760000228881836,0
6/19/12,18.37999916,18.37999916,18.62000084,17.360000610351562,17.65999984741211,0
6/20/12,17.239999771118164,17.239999771118164,20.049999237060547,17.09000015258789,17.959999084472656,0
6/21/12,20.079999923706055,20.079999923706055,20.479999542236328,16.770000457763672,16.889999389648438,0
6/22/12,18.11000061035156,18.11000061035156,19.37000084,17.899999618530273,18.649999618530273,0
6/25/12,20.37999916,20.37999916,21.36000061035156,19.88999938964844,20.469999313354492,0
6/26/12,19.719999313354492,19.719999313354492,20.56999969482422,19.420000076293945,20.010000228881836,0
6/27/12,19.450000762939453,19.450000762939453,20.12000084,19.37999916,19.549999237060547,0
6/28/12,19.709999084472656,19.709999084472656,21.190000534057617,19.600000381469727,20.329999923706055,0
6/29/12,17.079999923706055,17.079999923706055,19.709999084472656,16.87000084,17.520000457763672,0
7/2/12,16.799999237060547,16.799999237060547,18.190000534057617,16.65999984741211,17.62000084,0
7/3/12,16.65999984741211,16.65999984741211,16.920000076293945,16.270000457763672,16.670000076293945,0
7/5/12,17.5,17.5,18.219999313354492,17.18000030517578,17.610000610351562,0
7/6/12,17.100000381469727,17.100000381469727,18.25,16.950000762939453,18.200000762939453,0
7/9/12,17.979999542236328,17.979999542236328,18.31999969482422,17.729999542236328,18.170000076293945,0
7/10/12,18.719999313354492,18.719999313354492,19.190000534057617,17.290000915527344,17.510000228881836,0
7/11/12,17.950000762939453,17.950000762939453,19.170000076293945,17.84000015258789,17.979999542236328,0
7/12/12,18.329999923706055,18.329999923706055,19.510000228881836,17.75,18.81999969482422,0
7/13/12,16.739999771118164,16.739999771118164,17.81999969482422,16.360000610351562,17.780000686645508,0
7/16/12,17.110000610351562,17.110000610351562,17.31999969482422,16.459999084472656,17.309999465942383,0
7/17/12,16.479999542236328,16.479999542236328,17.459999084472656,16.09000015258789,16.719999313354492,0
7/18/12,16.15999984741211,16.15999984741211,16.809999465942383,15.68999958,16.809999465942383,0
7/19/12,15.449999809265137,15.449999809265137,16.700000762939453,15.449999809265137,16.059999465942383,0
7/20/12,16.270000457763672,16.270000457763672,17.049999237060547,15.970000267028809,16.649999618530273,0
7/23/12,18.62000084,18.62000084,20.489999771118164,18.34000015258789,20.40999984741211,0
7/24/12,20.469999313354492,20.469999313354492,21.0,18.37000084,18.37999916,0
7/25/12,19.34000015258789,19.34000015258789,20.670000076293945,18.989999771118164,19.790000915527344,0
7/26/12,17.530000686645508,17.530000686645508,18.469999313354492,17.06999969482422,17.68000030517578,0
7/27/12,16.700000762939453,16.700000762939453,17.299999237060547,16.520000457763672,17.110000610351562,0
7/30/12,18.030000686645508,18.030000686645508,18.079999923706055,17.229999542236328,17.549999237060547,0
7/31/12,18.93000030517578,18.93000030517578,19.09000015258789,18.260000228881836,18.399999618530273,0
8/1/12,18.959999084472656,18.959999084472656,19.18000030517578,18.200000762939453,18.799999237060547,0
8/2/12,17.56999969482422,17.56999969482422,19.25,17.559999465942383,19.049999237060547,0
8/3/12,15.640000343322754,15.640000343322754,16.450000762939453,15.640000343322754,16.049999237060547,0
8/6/12,15.949999809265137,15.949999809265137,16.270000457763672,15.81999969482422,15.850000381469728,0
8/7/12,15.989999771118164,15.989999771118164,16.030000686645508,15.479999542236328,15.550000190734863,0
8/8/12,15.31999969482422,15.31999969482422,16.469999313354492,15.270000457763672,16.459999084472656,0
8/9/12,15.279999732971191,15.279999732971191,15.670000076293944,15.279999732971191,15.390000343322754,0
8/10/12,14.739999771118164,14.739999771118164,15.5,14.729999542236328,15.34000015258789,0
8/13/12,13.699999809265137,13.699999809265137,14.670000076293944,13.670000076293944,14.09000015258789,0
8/14/12,14.850000381469728,14.850000381469728,15.06000042,13.90999984741211,13.90999984741211,0
8/15/12,14.630000114440918,14.630000114440918,14.979999542236328,14.359999656677246,14.81999969482422,0
8/16/12,14.289999961853027,14.289999961853027,15.149999618530272,14.279999732971191,14.880000114440918,0
8/17/12,13.449999809265137,13.449999809265137,14.300000190734863,13.300000190734863,14.229999542236328,0
8/20/12,14.020000457763672,14.020000457763672,14.779999732971191,13.380000114440918,14.109999656677246,0
8/21/12,15.020000457763672,15.020000457763672,15.43999958,13.460000038146973,14.100000381469728,0
8/22/12,15.109999656677246,15.109999656677246,15.520000457763672,14.75,15.31999969482422,0
8/23/12,15.960000038146973,15.960000038146973,16.450000762939453,15.0,15.0,0
8/24/12,15.18000030517578,15.18000030517578,16.0,15.18000030517578,15.989999771118164,0
8/27/12,16.350000381469727,16.350000381469727,16.37999916,15.75,16.149999618530273,0
8/28/12,16.489999771118164,16.489999771118164,16.920000076293945,16.010000228881836,16.31999969482422,0
8/29/12,17.059999465942383,17.059999465942383,17.059999465942383,16.5,16.610000610351562,0
8/30/12,17.829999923706055,17.829999923706055,18.049999237060547,17.440000534057617,17.479999542236328,0
8/31/12,17.469999313354492,17.469999313354492,18.040000915527344,16.559999465942383,17.25,0
9/4/12,17.979999542236328,17.979999542236328,18.959999084472656,17.850000381469727,18.649999618530273,0
9/5/12,17.739999771118164,17.739999771118164,17.84000015258789,16.989999771118164,17.37999916,0
9/6/12,15.600000381469728,15.600000381469728,17.299999237060547,15.600000381469728,17.299999237060547,0
9/7/12,14.380000114440918,14.380000114440918,15.600000381469728,14.329999923706056,15.600000381469728,0
9/10/12,16.280000686645508,16.280000686645508,16.280000686645508,13.970000267028809,14.270000457763672,0
9/11/12,16.40999984741211,16.40999984741211,16.40999984741211,15.460000038146973,16.110000610351562,0
9/12/12,15.800000190734863,15.800000190734863,16.309999465942383,15.43000030517578,15.59000015258789,0
9/13/12,14.050000190734863,14.050000190734863,16.540000915527344,13.90999984741211,15.600000381469728,0
9/14/12,14.510000228881836,14.510000228881836,14.710000038146973,13.510000228881836,13.81999969482422,0
9/17/12,14.59000015258789,14.59000015258789,14.920000076293944,14.380000114440918,14.670000076293944,0
9/18/12,14.18000030517578,14.18000030517578,14.880000114440918,13.970000267028809,14.510000228881836,0
9/19/12,13.880000114440918,13.880000114440918,14.079999923706056,13.609999656677246,13.949999809265137,0
9/20/12,14.06999969482422,14.06999969482422,14.670000076293944,14.06999969482422,14.630000114440918,0
9/21/12,13.979999542236328,13.979999542236328,14.18000030517578,13.68999958,13.93999958,0
9/24/12,14.149999618530272,14.149999618530272,15.06000042,13.869999885559082,15.06000042,0
9/25/12,15.43000030517578,15.43000030517578,15.720000267028809,14.029999732971191,14.18999958,0
9/26/12,16.809999465942383,16.809999465942383,17.079999923706055,15.829999923706056,15.829999923706056,0
9/27/12,14.84000015258789,14.84000015258789,16.5,14.829999923706056,16.37999916,0
9/28/12,15.729999542236328,15.729999542236328,15.770000457763672,14.949999809265137,15.229999542236328,0
10/1/12,16.31999969482422,16.31999969482422,16.530000686645508,15.130000114440918,16.030000686645508,0
10/2/12,15.710000038146973,15.710000038146973,16.5,15.699999809265137,15.850000381469728,0
10/3/12,15.43000030517578,15.43000030517578,16.020000457763672,15.130000114440918,15.630000114440918,0
10/4/12,14.550000190734863,14.550000190734863,15.329999923706056,14.529999732971191,15.229999542236328,0
10/5/12,14.329999923706056,14.329999923706056,14.779999732971191,13.670000076293944,13.68000030517578,0
10/8/12,15.109999656677246,15.109999656677246,15.460000038146973,15.039999961853027,15.18999958,0
10/9/12,16.37000084,16.37000084,16.399999618530273,15.18000030517578,15.279999732971191,0
10/10/12,16.290000915527344,16.290000915527344,16.790000915527344,16.12999916,16.520000457763672,0
10/11/12,15.59000015258789,15.59000015258789,15.800000190734863,15.31000042,15.329999923706056,0
10/12/12,16.139999389648438,16.139999389648438,16.18000030517578,14.960000038146973,15.40999984741211,0
10/15/12,15.270000457763672,15.270000457763672,16.209999084472656,15.229999542236328,16.049999237060547,0
10/16/12,15.220000267028809,15.220000267028809,15.229999542236328,14.5,14.84000015258789,0
10/17/12,15.06999969482422,15.06999969482422,15.630000114440918,14.899999618530272,15.43000030517578,0
10/18/12,15.029999732971191,15.029999732971191,15.5,14.68000030517578,15.25,0
10/19/12,17.059999465942383,17.059999465942383,17.600000381469727,14.899999618530272,14.90999984741211,0
10/22/12,16.62000084,16.62000084,17.979999542236328,16.62000084,17.440000534057617,0
10/23/12,18.829999923706055,18.829999923706055,19.649999618530273,18.170000076293945,18.229999542236328,0
10/24/12,18.329999923706055,18.329999923706055,18.670000076293945,17.93000030517578,18.219999313354492,0
10/25/12,18.12000084,18.12000084,18.63999938964844,17.299999237060547,17.559999465942383,0
10/26/12,17.809999465942383,17.809999465942383,18.63999938964844,17.520000457763672,18.030000686645508,0
10/31/12,18.600000381469727,18.600000381469727,18.84000015258789,17.559999465942383,17.68000030517578,0
11/1/12,16.690000534057617,16.690000534057617,17.790000915527344,16.450000762939453,17.770000457763672,0
11/2/12,17.59000015258789,17.59000015258789,17.600000381469727,16.049999237060547,16.059999465942383,0
11/5/12,18.420000076293945,18.420000076293945,18.700000762939453,18.12999916,18.329999923706055,0
11/6/12,17.579999923706055,17.579999923706055,18.170000076293945,17.190000534057617,18.15999984741211,0
11/7/12,19.079999923706055,19.079999923706055,19.399999618530273,17.62000084,17.719999313354492,0
11/8/12,18.489999771118164,18.489999771118164,18.690000534057617,17.959999084472656,18.690000534057617,0
11/9/12,18.61000061035156,18.61000061035156,18.809999465942383,17.670000076293945,18.799999237060547,0
11/12/12,16.68000030517578,16.68000030517578,18.149999618530273,16.450000762939453,18.149999618530273,0
11/13/12,16.649999618530273,16.649999618530273,17.37999916,16.12000084,17.360000610351562,0
11/14/12,17.920000076293945,17.920000076293945,18.049999237060547,15.93000030517578,16.31999969482422,0
11/15/12,17.989999771118164,17.989999771118164,18.63999938964844,17.62000084,17.739999771118164,0
11/16/12,16.40999984741211,16.40999984741211,18.5,16.40999984741211,17.649999618530273,0
11/19/12,15.239999771118164,15.239999771118164,15.979999542236328,15.100000381469728,15.880000114440918,0
11/20/12,15.079999923706056,15.079999923706056,15.649999618530272,15.06000042,15.109999656677246,0
11/21/12,15.31000042,15.31000042,15.43000030517578,14.770000457763672,14.960000038146973,0
11/23/12,15.140000343322754,15.140000343322754,15.260000228881836,15.0,15.0,0
11/26/12,15.5,15.5,15.84000015258789,15.470000267028809,15.630000114440918,0
11/27/12,15.920000076293944,15.920000076293944,15.93000030517578,15.010000228881836,15.300000190734863,0
11/28/12,15.510000228881836,15.510000228881836,16.979999542236328,15.470000267028809,16.43000030517578,0
11/29/12,15.06000042,15.06000042,15.510000228881836,15.020000457763672,15.210000038146973,0
11/30/12,15.869999885559082,15.869999885559082,16.170000076293945,14.890000343322754,15.260000228881836,0
12/3/12,16.639999389648438,16.639999389648438,16.690000534057617,15.760000228881836,15.81000042,0
12/4/12,17.12000084,17.12000084,17.37000084,16.37999916,16.65999984741211,0
12/5/12,16.459999084472656,16.459999084472656,17.530000686645508,16.270000457763672,16.950000762939453,0
12/6/12,16.579999923706055,16.579999923706055,16.850000381469727,16.309999465942383,16.59000015258789,0
12/7/12,15.899999618530272,15.899999618530272,16.649999618530273,15.729999542236328,16.12000084,0
12/10/12,16.049999237060547,16.049999237060547,16.469999313354492,15.960000038146973,16.469999313354492,0
12/11/12,15.56999969482422,15.56999969482422,16.010000228881836,15.420000076293944,15.93999958,0
12/12/12,15.949999809265137,15.949999809265137,16.09000015258789,15.40999984741211,15.600000381469728,0
12/13/12,16.559999465942383,16.559999465942383,16.670000076293945,15.710000038146973,15.869999885559082,0
12/14/12,17.0,17.0,17.149999618530273,16.610000610351562,16.68000030517578,0
12/17/12,16.34000015258789,16.34000015258789,17.200000762939453,16.209999084472656,17.200000762939453,0
12/18/12,15.56999969482422,15.56999969482422,16.43000030517578,15.460000038146973,16.389999389648438,0
12/19/12,17.360000610351562,17.360000610351562,17.459999084472656,16.040000915527344,16.049999237060547,0
12/20/12,17.670000076293945,17.670000076293945,17.959999084472656,17.110000610351562,17.260000228881836,0
12/21/12,17.84000015258789,17.84000015258789,19.93000030517578,17.760000228881836,19.850000381469727,0
12/24/12,17.84000015258789,17.84000015258789,18.65999984741211,17.84000015258789,18.459999084472656,0
12/26/12,19.479999542236328,19.479999542236328,19.62999916,18.61000061035156,18.709999084472656,0
12/27/12,19.469999313354492,19.469999313354492,20.899999618530273,19.11000061035156,19.38999938964844,0
12/28/12,22.719999313354492,22.719999313354492,23.229999542236328,19.940000534057617,20.31999969482422,0
12/31/12,18.020000457763672,18.020000457763672,22.719999313354492,17.87999916,22.13999938964844,0
1/2/13,14.68000030517578,14.68000030517578,15.93000030517578,14.600000381469728,15.239999771118164,0
1/3/13,14.56000042,14.56000042,14.920000076293944,14.239999771118164,14.770000457763672,0
1/4/13,13.829999923706056,13.829999923706056,14.31000042,13.640000343322754,14.229999542236328,0
1/7/13,13.789999961853027,13.789999961853027,14.529999732971191,13.710000038146973,14.529999732971191,0
1/8/13,13.619999885559082,13.619999885559082,14.289999961853027,13.619999885559082,13.880000114440918,0
1/9/13,13.81000042,13.81000042,13.93000030517578,13.220000267028809,13.31999969482422,0
1/10/13,13.489999771118164,13.489999771118164,13.880000114440918,13.329999923706056,13.329999923706056,0
1/11/13,13.359999656677246,13.359999656677246,13.789999961853027,13.220000267028809,13.550000190734863,0
1/14/13,13.520000457763672,13.520000457763672,13.850000381469728,13.40999984741211,13.65999984741211,0
1/15/13,13.550000190734863,13.550000190734863,13.989999771118164,13.329999923706056,13.970000267028809,0
1/16/13,13.420000076293944,13.420000076293944,13.760000228881836,13.199999809265137,13.699999809265137,0
1/17/13,13.56999969482422,13.56999969482422,13.699999809265137,13.15999984741211,13.449999809265137,0
1/18/13,12.460000038146973,12.460000038146973,13.529999732971191,12.289999961853027,13.520000457763672,0
1/22/13,12.43000030517578,12.43000030517578,13.31999969482422,12.43000030517578,13.279999732971191,0
1/23/13,12.460000038146973,12.460000038146973,12.670000076293944,12.300000190734863,12.670000076293944,0
1/24/13,12.68999958,12.68999958,13.5,12.399999618530272,12.729999542236328,0
1/25/13,12.890000343322754,12.890000343322754,12.989999771118164,12.5,12.630000114440918,0
1/28/13,13.56999969482422,13.56999969482422,13.90999984741211,13.289999961853027,13.289999961853027,0
1/29/13,13.31000042,13.31000042,13.880000114440918,13.039999961853027,13.869999885559082,0
1/30/13,14.31999969482422,14.31999969482422,14.329999923706056,13.600000381469728,13.640000343322754,0
1/31/13,14.279999732971191,14.279999732971191,14.43000030517578,14.039999961853027,14.43000030517578,0
2/1/13,12.899999618530272,12.899999618530272,13.380000114440918,12.720000267028809,13.369999885559082,0
2/4/13,14.670000076293944,14.670000076293944,14.75,13.800000190734863,14.0,0
2/5/13,13.720000267028809,13.720000267028809,14.210000038146973,13.390000343322754,14.210000038146973,0
2/6/13,13.40999984741211,13.40999984741211,14.079999923706056,13.34000015258789,14.06000042,0
2/7/13,13.5,13.5,14.40999984741211,13.43000030517578,13.470000267028809,0
2/8/13,13.020000457763672,13.020000457763672,13.199999809265137,12.890000343322754,13.199999809265137,0
2/11/13,12.93999958,12.93999958,13.420000076293944,12.90999984741211,13.369999885559082,0
2/12/13,12.640000343322754,12.640000343322754,13.130000114440918,12.630000114440918,12.81999969482422,0
2/13/13,12.979999542236328,12.979999542236328,13.18999958,12.670000076293944,12.880000114440918,0
2/14/13,12.65999984741211,12.65999984741211,13.31999969482422,12.640000343322754,13.300000190734863,0
2/15/13,12.460000038146973,12.460000038146973,12.890000343322754,12.239999771118164,12.470000267028809,0
2/19/13,12.31000042,12.31000042,12.850000381469728,12.079999923706056,12.81000042,0
2/20/13,14.68000030517578,14.68000030517578,14.68000030517578,12.31999969482422,12.31999969482422,0
2/21/13,15.220000267028809,15.220000267028809,16.209999084472656,14.670000076293944,14.68000030517578,0
2/22/13,14.170000076293944,14.170000076293944,15.020000457763672,14.15999984741211,14.600000381469728,0
2/25/13,18.989999771118164,18.989999771118164,19.280000686645508,13.56999969482422,13.68999958,0
2/26/13,16.87000084,16.87000084,18.229999542236328,16.75,17.5,0
2/27/13,14.729999542236328,14.729999542236328,16.600000381469727,14.420000076293944,16.56999969482422,0
2/28/13,15.510000228881836,15.510000228881836,15.600000381469728,14.15999984741211,15.0,0
3/1/13,15.359999656677246,15.359999656677246,16.81999969482422,15.140000343322754,16.100000381469727,0
3/4/13,14.010000228881836,14.010000228881836,16.15999984741211,14.010000228881836,16.15999984741211,0
3/5/13,13.479999542236328,13.479999542236328,13.65999984741211,13.239999771118164,13.43999958,0
3/6/13,13.529999732971191,13.529999732971191,13.770000457763672,13.170000076293944,13.18000030517578,0
3/7/13,13.06000042,13.06000042,13.56000042,13.029999732971191,13.449999809265137,0
3/8/13,12.59000015258789,12.59000015258789,13.300000190734863,12.489999771118164,12.670000076293944,0
3/11/13,11.56000042,11.56000042,12.34000015258789,11.5,12.31000042,0
3/12/13,12.270000457763672,12.270000457763672,12.93000030517578,11.739999771118164,11.789999961853027,0
3/13/13,11.829999923706056,11.829999923706056,12.550000190734863,11.789999961853027,12.18000030517578,0
3/14/13,11.300000190734863,11.300000190734863,11.75,11.050000190734863,11.699999809265137,0
3/15/13,11.300000190734863,11.300000190734863,11.989999771118164,11.210000038146973,11.520000457763672,0
3/18/13,13.359999656677246,13.359999656677246,13.640000343322754,12.56999969482422,13.470000267028809,0
3/19/13,14.390000343322754,14.390000343322754,15.399999618530272,12.920000076293944,13.029999732971191,0
3/20/13,12.670000076293944,12.670000076293944,13.18000030517578,12.300000190734863,13.18000030517578,0
3/21/13,13.989999771118164,13.989999771118164,14.210000038146973,12.619999885559082,13.06999969482422,0
3/22/13,13.56999969482422,13.56999969482422,13.850000381469728,13.18999958,13.34000015258789,0
3/25/13,13.739999771118164,13.739999771118164,14.609999656677246,12.390000343322754,12.850000381469728,0
3/26/13,12.770000457763672,12.770000457763672,13.210000038146973,12.68999958,12.949999809265137,0
3/27/13,13.149999618530272,13.149999618530272,13.970000267028809,12.970000267028809,13.720000267028809,0
3/28/13,12.699999809265137,12.699999809265137,13.06999969482422,12.539999961853027,12.90999984741211,0
4/1/13,13.579999923706056,13.579999923706056,14.050000190734863,13.260000228881836,13.460000038146973,0
4/2/13,12.779999732971191,12.779999732971191,13.18000030517578,12.760000228881836,13.109999656677246,0
4/3/13,14.210000038146973,14.210000038146973,14.65999984741211,12.619999885559082,12.649999618530272,0
4/4/13,13.890000343322754,13.890000343322754,14.789999961853027,13.890000343322754,14.100000381469728,0
4/5/13,13.920000076293944,13.920000076293944,15.649999618530272,13.859999656677246,15.640000343322754,0
4/8/13,13.18999958,13.18999958,14.5,13.18999958,14.039999961853027,0
4/9/13,12.84000015258789,12.84000015258789,13.68000030517578,12.75,13.109999656677246,0
4/10/13,12.359999656677246,12.359999656677246,12.880000114440918,12.31999969482422,12.65999984741211,0
4/11/13,12.239999771118164,12.239999771118164,12.619999885559082,12.149999618530272,12.550000190734863,0
4/12/13,12.06000042,12.06000042,13.119999885559082,11.989999771118164,12.609999656677246,0
4/15/13,17.270000457763672,17.270000457763672,17.270000457763672,12.65999984741211,13.119999885559082,0
4/16/13,13.960000038146973,13.960000038146973,14.869999885559082,13.90999984741211,14.720000267028809,0
4/17/13,16.510000228881836,16.510000228881836,17.899999618530273,14.979999542236328,15.350000381469728,0
4/18/13,17.559999465942383,17.559999465942383,18.200000762939453,16.31999969482422,16.34000015258789,0
4/19/13,14.970000267028809,14.970000267028809,16.979999542236328,14.869999885559082,16.670000076293945,0
4/22/13,14.390000343322754,14.390000343322754,16.0,14.039999961853027,15.079999923706056,0
4/23/13,13.479999542236328,13.479999542236328,14.869999885559082,13.460000038146973,13.81000042,0
4/24/13,13.609999656677246,13.609999656677246,13.75,13.359999656677246,13.56999969482422,0
4/25/13,13.619999885559082,13.619999885559082,13.869999885559082,13.130000114440918,13.609999656677246,0
4/26/13,13.609999656677246,13.609999656677246,14.18000030517578,13.489999771118164,13.93999958,0
4/29/13,13.710000038146973,13.710000038146973,13.93999958,13.359999656677246,13.720000267028809,0
4/30/13,13.520000457763672,13.520000457763672,14.279999732971191,13.510000228881836,13.710000038146973,0
5/1/13,14.489999771118164,14.489999771118164,14.670000076293944,13.869999885559082,13.880000114440918,0
5/2/13,13.59000015258789,13.59000015258789,14.479999542236328,13.579999923706056,14.479999542236328,0
5/3/13,12.850000381469728,12.850000381469728,13.149999618530272,12.770000457763672,12.920000076293944,0
5/6/13,12.65999984741211,12.65999984741211,13.18999958,12.65999984741211,13.06000042,0
5/7/13,12.829999923706056,12.829999923706056,12.960000038146973,12.489999771118164,12.630000114440918,0
5/8/13,12.65999984741211,12.65999984741211,13.039999961853027,12.619999885559082,12.869999885559082,0
5/9/13,13.130000114440918,13.130000114440918,13.529999732971191,12.779999732971191,12.90999984741211,0
5/10/13,12.59000015258789,12.59000015258789,13.449999809265137,12.539999961853027,13.079999923706056,0
5/13/13,12.550000190734863,12.550000190734863,12.869999885559082,12.489999771118164,12.56999969482422,0
5/14/13,12.770000457763672,12.770000457763672,13.210000038146973,12.539999961853027,12.609999656677246,0
5/15/13,12.81000042,12.81000042,13.43000030517578,12.779999732971191,12.979999542236328,0
5/16/13,13.06999969482422,13.06999969482422,13.460000038146973,12.789999961853027,13.06999969482422,0
5/17/13,12.449999809265137,12.449999809265137,12.93999958,12.260000228881836,12.729999542236328,0
5/20/13,13.020000457763672,13.020000457763672,13.279999732971191,12.84000015258789,13.279999732971191,0
5/21/13,13.369999885559082,13.369999885559082,13.43999958,12.890000343322754,13.079999923706056,0
5/22/13,13.81999969482422,13.81999969482422,14.449999809265137,13.050000190734863,13.449999809265137,0
5/23/13,14.06999969482422,14.06999969482422,15.109999656677246,13.869999885559082,14.93999958,0
5/24/13,13.989999771118164,13.989999771118164,14.789999961853027,13.989999771118164,14.59000015258789,0
5/28/13,14.479999542236328,14.479999542236328,14.56000042,13.56000042,13.670000076293944,0
5/29/13,14.829999923706056,14.829999923706056,15.649999618530272,14.59000015258789,15.300000190734863,0
5/30/13,14.529999732971191,14.529999732971191,14.979999542236328,14.270000457763672,14.899999618530272,0
5/31/13,16.299999237060547,16.299999237060547,16.350000381469727,14.359999656677246,15.020000457763672,0
6/3/13,16.280000686645508,16.280000686645508,17.579999923706055,16.149999618530273,16.399999618530273,0
6/4/13,16.270000457763672,16.270000457763672,17.25,15.81999969482422,16.15999984741211,0
6/5/13,17.5,17.5,17.84000015258789,16.56999969482422,16.860000610351562,0
6/6/13,16.62999916,16.62999916,18.510000228881836,16.600000381469727,17.700000762939453,0
6/7/13,15.140000343322754,15.140000343322754,16.209999084472656,14.960000038146973,15.899999618530272,0
6/10/13,15.43999958,15.43999958,15.600000381469728,15.100000381469728,15.15999984741211,0
6/11/13,17.06999969482422,17.06999969482422,17.139999389648438,16.0,16.90999984741211,0
6/12/13,18.59000015258789,18.59000015258789,18.600000381469727,16.43000030517578,16.510000228881836,0
6/13/13,16.40999984741211,16.40999984741211,18.579999923706055,16.37000084,18.37999916,0
6/14/13,17.149999618530273,17.149999618530273,17.260000228881836,16.030000686645508,16.62999916,0
6/17/13,16.799999237060547,16.799999237060547,17.62000084,16.329999923706055,16.530000686645508,0
6/18/13,16.610000610351562,16.610000610351562,16.950000762939453,16.459999084472656,16.809999465942383,0
6/19/13,16.639999389648438,16.639999389648438,17.18000030517578,15.359999656677246,16.889999389648438,0
6/20/13,20.489999771118164,20.489999771118164,21.31999969482422,18.010000228881836,18.399999618530273,0
6/21/13,18.899999618530273,18.899999618530273,20.93000030517578,18.25,18.969999313354492,0
6/24/13,20.11000061035156,20.11000061035156,21.90999984741211,18.579999923706055,20.87000084,0
6/25/13,18.469999313354492,18.469999313354492,19.219999313354492,17.81999969482422,18.649999618530273,0
6/26/13,17.209999084472656,17.209999084472656,18.059999465942383,17.079999923706055,17.229999542236328,0
6/27/13,16.860000610351562,16.860000610351562,16.969999313354492,16.34000015258789,16.600000381469727,0
6/28/13,16.860000610351562,16.860000610351562,17.690000534057617,16.190000534057617,17.25,0
7/1/13,16.37000084,16.37000084,16.899999618530273,16.0,16.899999618530273,0
7/2/13,16.440000534057617,16.440000534057617,16.93000030517578,15.880000114440918,16.489999771118164,0
7/3/13,16.200000762939453,16.200000762939453,17.31999969482422,16.200000762939453,17.219999313354492,0
7/5/13,14.890000343322754,14.890000343322754,16.280000686645508,14.890000343322754,15.59000015258789,0
7/8/13,14.779999732971191,14.779999732971191,15.270000457763672,14.65999984741211,14.65999984741211,0
7/9/13,14.350000381469728,14.350000381469728,14.649999618530272,14.260000228881836,14.329999923706056,0
7/10/13,14.210000038146973,14.210000038146973,14.619999885559082,14.06000042,14.460000038146973,0
7/11/13,14.010000228881836,14.010000228881836,14.199999809265137,13.56999969482422,13.56999969482422,0
7/12/13,13.84000015258789,13.84000015258789,14.039999961853027,13.739999771118164,13.899999618530272,0
7/15/13,13.789999961853027,13.789999961853027,14.109999656677246,13.5,13.979999542236328,0
7/16/13,14.420000076293944,14.420000076293944,14.56000042,13.779999732971191,13.779999732971191,0
7/17/13,13.779999732971191,13.779999732971191,14.43999958,13.760000228881836,14.199999809265137,0
7/18/13,13.770000457763672,13.770000457763672,13.800000190734863,13.199999809265137,13.630000114440918,0
7/19/13,12.539999961853027,12.539999961853027,13.970000267028809,12.539999961853027,13.890000343322754,0
7/22/13,12.289999961853027,12.289999961853027,13.369999885559082,12.289999961853027,13.229999542236328,0
7/23/13,12.65999984741211,12.65999984741211,13.06000042,12.06999969482422,12.149999618530272,0
7/24/13,13.18000030517578,13.18000030517578,13.489999771118164,12.68999958,12.68999958,0
7/25/13,12.970000267028809,12.970000267028809,13.539999961853027,12.90999984741211,13.470000267028809,0
7/26/13,12.720000267028809,12.720000267028809,13.729999542236328,12.710000038146973,13.40999984741211,0
7/29/13,13.390000343322754,13.390000343322754,13.859999656677246,13.380000114440918,13.539999961853027,0
7/30/13,13.390000343322754,13.390000343322754,14.140000343322754,13.350000381469728,13.449999809265137,0
7/31/13,13.449999809265137,13.449999809265137,13.829999923706056,12.93999958,13.550000190734863,0
8/1/13,12.93999958,12.93999958,13.25,12.81999969482422,12.890000343322754,0
8/2/13,11.979999542236328,11.979999542236328,12.739999771118164,11.979999542236328,12.65999984741211,0
8/5/13,11.84000015258789,11.84000015258789,12.420000076293944,11.829999923706056,12.289999961853027,0
8/6/13,12.720000267028809,12.720000267028809,12.93000030517578,12.06000042,12.18999958,0
8/7/13,12.979999542236328,12.979999542236328,13.90999984741211,12.960000038146973,13.170000076293944,0
8/8/13,12.729999542236328,12.729999542236328,13.130000114440918,12.369999885559082,12.5,0
8/9/13,13.40999984741211,13.40999984741211,13.65999984741211,12.710000038146973,12.880000114440918,0
8/12/13,12.81000042,12.81000042,13.56999969482422,12.800000190734863,13.520000457763672,0
8/13/13,12.31000042,12.31000042,13.369999885559082,12.289999961853027,12.859999656677246,0
8/14/13,13.039999961853027,13.039999961853027,13.09000015258789,12.350000381469728,12.479999542236328,0
8/15/13,14.729999542236328,14.729999542236328,14.850000381469728,13.90999984741211,14.140000343322754,0
8/16/13,14.369999885559082,14.369999885559082,14.880000114440918,13.619999885559082,14.56000042,0
8/19/13,15.100000381469728,15.100000381469728,15.199999809265137,14.350000381469728,14.93999958,0
8/20/13,14.90999984741211,14.90999984741211,15.25,14.289999961853027,15.220000267028809,0
8/21/13,15.93999958,15.93999958,16.559999465942383,14.670000076293944,16.0,0
8/22/13,14.760000228881836,14.760000228881836,15.260000228881836,14.65999984741211,15.260000228881836,0
8/23/13,13.979999542236328,13.979999542236328,14.81999969482422,13.979999542236328,14.289999961853027,0
8/26/13,14.989999771118164,14.989999771118164,15.010000228881836,13.899999618530272,14.369999885559082,0
8/27/13,16.770000457763672,16.770000457763672,17.12999916,15.81999969482422,16.559999465942383,0
8/28/13,16.489999771118164,16.489999771118164,17.110000610351562,16.100000381469727,16.959999084472656,0
8/29/13,16.809999465942383,16.809999465942383,16.979999542236328,15.989999771118164,16.790000915527344,0
8/30/13,17.010000228881836,17.010000228881836,17.809999465942383,16.700000762939453,16.75,0
9/3/13,16.610000610351562,16.610000610351562,17.37000084,16.110000610351562,16.469999313354492,0
9/4/13,15.880000114440918,15.880000114440918,17.010000228881836,15.770000457763672,16.87999916,0
9/5/13,15.770000457763672,15.770000457763672,16.12000084,15.630000114440918,16.12000084,0
9/6/13,15.850000381469728,15.850000381469728,16.809999465942383,15.170000076293944,15.350000381469728,0
9/9/13,15.630000114440918,15.630000114440918,16.020000457763672,15.220000267028809,15.859999656677246,0
9/10/13,14.529999732971191,14.529999732971191,15.09000015258789,14.5,14.890000343322754,0
9/11/13,13.81999969482422,13.81999969482422,14.739999771118164,13.81999969482422,14.739999771118164,0
9/12/13,14.289999961853027,14.289999961853027,14.390000343322754,13.729999542236328,13.93000030517578,0
9/13/13,14.15999984741211,14.15999984741211,14.550000190734863,14.109999656677246,14.270000457763672,0
9/16/13,14.380000114440918,14.380000114440918,14.489999771118164,13.869999885559082,14.100000381469728,0
9/17/13,14.529999732971191,14.529999732971191,14.609999656677246,14.279999732971191,14.43999958,0
9/18/13,13.59000015258789,13.59000015258789,14.68000030517578,13.229999542236328,14.68000030517578,0
9/19/13,13.15999984741211,13.15999984741211,13.390000343322754,13.020000457763672,13.020000457763672,0
9/20/13,13.119999885559082,13.119999885559082,13.470000267028809,12.520000457763672,13.300000190734863,0
9/23/13,14.31000042,14.31000042,14.710000038146973,14.020000457763672,14.039999961853027,0
9/24/13,14.079999923706056,14.079999923706056,14.369999885559082,13.75,14.170000076293944,0
9/25/13,14.010000228881836,14.010000228881836,14.619999885559082,13.890000343322754,14.239999771118164,0
9/26/13,14.06000042,14.06000042,14.399999618530272,13.579999923706056,13.800000190734863,0
9/27/13,15.460000038146973,15.460000038146973,15.789999961853027,14.619999885559082,14.619999885559082,0
9/30/13,16.600000381469727,16.600000381469727,17.489999771118164,16.15999984741211,17.489999771118164,0
10/1/13,15.539999961853027,15.539999961853027,16.459999084472656,15.470000267028809,16.309999465942383,0
10/2/13,16.600000381469727,16.600000381469727,16.809999465942383,16.12999916,16.399999618530273,0
10/3/13,17.670000076293945,17.670000076293945,18.709999084472656,16.62999916,16.62999916,0
10/4/13,16.739999771118164,16.739999771118164,17.87000084,16.65999984741211,17.719999313354492,0
10/7/13,19.40999984741211,19.40999984741211,19.40999984741211,18.079999923706055,18.760000228881836,0
10/8/13,20.34000015258789,20.34000015258789,21.010000228881836,18.979999542236328,19.010000228881836,0
10/9/13,19.600000381469727,19.600000381469727,21.34000015258789,19.040000915527344,20.190000534057617,0
10/10/13,16.479999542236328,16.479999542236328,17.920000076293945,16.290000915527344,17.65999984741211,0
10/11/13,15.720000267028809,15.720000267028809,16.37999916,15.460000038146973,16.309999465942383,0
10/14/13,16.06999969482422,16.06999969482422,17.739999771118164,15.800000190734863,17.079999923706055,0
10/15/13,18.65999984741211,18.65999984741211,18.670000076293945,16.15999984741211,16.40999984741211,0
10/16/13,14.710000038146973,14.710000038146973,17.149999618530273,14.670000076293944,17.139999389648438,0
10/17/13,13.479999542236328,13.479999542236328,14.59000015258789,12.890000343322754,14.520000457763672,0
10/18/13,13.039999961853027,13.039999961853027,13.529999732971191,12.34000015258789,12.859999656677246,0
10/21/13,13.15999984741211,13.15999984741211,13.630000114440918,13.06999969482422,13.34000015258789,0
10/22/13,13.329999923706056,13.329999923706056,13.920000076293944,12.93000030517578,12.989999771118164,0
10/23/13,13.420000076293944,13.420000076293944,14.210000038146973,13.420000076293944,13.710000038146973,0
10/24/13,13.199999809265137,13.199999809265137,13.619999885559082,13.149999618530272,13.5,0
10/25/13,13.09000015258789,13.09000015258789,13.43999958,13.079999923706056,13.15999984741211,0
10/28/13,13.31000042,13.31000042,13.720000267028809,13.220000267028809,13.619999885559082,0
10/29/13,13.40999984741211,13.40999984741211,13.630000114440918,13.06000042,13.25,0
10/30/13,13.649999618530272,13.649999618530272,14.350000381469728,13.640000343322754,13.720000267028809,0
10/31/13,13.75,13.75,14.020000457763672,13.279999732971191,13.829999923706056,0
11/1/13,13.279999732971191,13.279999732971191,13.920000076293944,13.220000267028809,13.460000038146973,0
11/4/13,12.93000030517578,12.93000030517578,13.670000076293944,12.90999984741211,13.350000381469728,0
11/5/13,13.270000457763672,13.270000457763672,13.640000343322754,12.859999656677246,13.220000267028809,0
11/6/13,12.670000076293944,12.670000076293944,13.329999923706056,12.670000076293944,13.010000228881836,0
11/7/13,13.90999984741211,13.90999984741211,14.140000343322754,12.93000030517578,12.989999771118164,0
11/8/13,12.899999618530272,12.899999618530272,13.800000190734863,12.84000015258789,13.760000228881836,0
11/11/13,12.529999732971191,12.529999732971191,12.93000030517578,12.399999618530272,12.850000381469728,0
11/12/13,12.81999969482422,12.81999969482422,13.06000042,12.630000114440918,12.800000190734863,0
11/13/13,12.520000457763672,12.520000457763672,13.350000381469728,12.460000038146973,13.350000381469728,0
11/14/13,12.369999885559082,12.369999885559082,12.93999958,12.279999732971191,12.800000190734863,0
11/15/13,12.18999958,12.18999958,12.449999809265137,11.989999771118164,12.119999885559082,0
11/18/13,13.100000381469728,13.100000381469728,13.220000267028809,12.40999984741211,12.40999984741211,0
11/19/13,13.390000343322754,13.390000343322754,13.68000030517578,12.880000114440918,13.029999732971191,0
11/20/13,13.399999618530272,13.399999618530272,13.93999958,12.970000267028809,13.56000042,0
11/21/13,12.65999984741211,12.65999984741211,13.09000015258789,12.43999958,13.09000015258789,0
11/22/13,12.260000228881836,12.260000228881836,12.90999984741211,12.239999771118164,12.68999958,0
11/25/13,12.789999961853027,12.789999961853027,12.920000076293944,12.489999771118164,12.550000190734863,0
11/26/13,12.81000042,12.81000042,12.989999771118164,12.489999771118164,12.84000015258789,0
11/27/13,12.979999542236328,12.979999542236328,12.979999542236328,12.43999958,12.81000042,0
11/29/13,13.699999809265137,13.699999809265137,13.779999732971191,12.93000030517578,13.06000042,0
12/2/13,14.229999542236328,14.229999542236328,14.31000042,13.779999732971191,13.90999984741211,0
12/3/13,14.550000190734863,14.550000190734863,15.039999961853027,14.43000030517578,14.739999771118164,0
12/4/13,14.699999809265137,14.699999809265137,15.710000038146973,14.220000267028809,15.029999732971191,0
12/5/13,15.079999923706056,15.079999923706056,15.380000114440918,14.699999809265137,14.81999969482422,0
12/6/13,13.789999961853027,13.789999961853027,14.09000015258789,13.619999885559082,13.970000267028809,0
12/9/13,13.489999771118164,13.489999771118164,14.06999969482422,13.489999771118164,13.970000267028809,0
12/10/13,13.90999984741211,13.90999984741211,14.220000267028809,13.68999958,14.140000343322754,0
12/11/13,15.420000076293944,15.420000076293944,15.43000030517578,13.979999542236328,13.979999542236328,0
12/12/13,15.539999961853027,15.539999961853027,16.09000015258789,15.210000038146973,15.43999958,0
12/13/13,15.760000228881836,15.760000228881836,15.800000190734863,15.06000042,15.170000076293944,0
12/16/13,16.030000686645508,16.030000686645508,16.079999923706055,15.300000190734863,15.640000343322754,0
12/17/13,16.209999084472656,16.209999084472656,16.670000076293945,15.81000042,16.040000915527344,0
12/18/13,13.800000190734863,13.800000190734863,16.75,13.739999771118164,15.949999809265137,0
12/19/13,14.149999618530272,14.149999618530272,14.210000038146973,12.890000343322754,13.59000015258789,0
12/20/13,13.789999961853027,13.789999961853027,13.869999885559082,13.119999885559082,13.609999656677246,0
12/23/13,13.039999961853027,13.039999961853027,13.529999732971191,13.020000457763672,13.369999885559082,0
12/24/13,12.479999542236328,12.479999542236328,12.890000343322754,12.479999542236328,12.850000381469728,0
12/26/13,12.329999923706056,12.329999923706056,12.5,11.68999958,12.479999542236328,0
12/27/13,12.460000038146973,12.460000038146973,12.59000015258789,12.199999809265137,12.210000038146973,0
12/30/13,13.56000042,13.56000042,13.579999923706056,12.829999923706056,12.869999885559082,0
12/31/13,13.720000267028809,13.720000267028809,14.350000381469728,13.380000114440918,13.43000030517578,0
1/2/14,14.229999542236328,14.229999542236328,14.59000015258789,14.0,14.31999969482422,0
1/3/14,13.760000228881836,13.760000228881836,14.220000267028809,13.56999969482422,14.06000042,0
1/6/14,13.550000190734863,13.550000190734863,14.0,13.220000267028809,13.40999984741211,0
1/7/14,12.920000076293944,12.920000076293944,13.279999732971191,12.15999984741211,12.380000114440918,0
1/8/14,12.869999885559082,12.869999885559082,13.239999771118164,12.859999656677246,13.039999961853027,0
1/9/14,12.890000343322754,12.890000343322754,13.260000228881836,12.829999923706056,12.829999923706056,0
1/10/14,12.140000343322754,12.140000343322754,12.899999618530272,12.140000343322754,12.600000381469728,0
1/13/14,13.279999732971191,13.279999732971191,13.649999618530272,11.81999969482422,12.18000030517578,0
1/14/14,12.279999732971191,12.279999732971191,12.899999618530272,11.960000038146973,12.890000343322754,0
1/15/14,12.279999732971191,12.279999732971191,12.399999618530272,11.81000042,12.149999618530272,0
1/16/14,12.529999732971191,12.529999732971191,12.65999984741211,12.279999732971191,12.31999969482422,0
1/17/14,12.43999958,12.43999958,12.93000030517578,12.039999961853027,12.34000015258789,0
1/21/14,12.869999885559082,12.869999885559082,13.420000076293944,12.609999656677246,12.630000114440918,0
1/22/14,12.84000015258789,12.84000015258789,13.119999885559082,12.550000190734863,12.56999969482422,0
1/23/14,13.770000457763672,13.770000457763672,14.65999984741211,13.670000076293944,13.670000076293944,0
1/24/14,18.13999938964844,18.13999938964844,18.13999938964844,14.920000076293944,14.949999809265137,0
1/27/14,17.420000076293945,17.420000076293945,18.989999771118164,16.850000381469727,17.290000915527344,0
1/28/14,15.800000190734863,15.800000190734863,17.280000686645508,15.800000190734863,17.270000457763672,0
1/29/14,17.350000381469727,17.350000381469727,18.040000915527344,16.709999084472656,17.950000762939453,0
1/30/14,17.290000915527344,17.290000915527344,17.389999389648438,15.960000038146973,16.37000084,0
1/31/14,18.40999984741211,18.40999984741211,18.989999771118164,17.270000457763672,18.709999084472656,0
2/3/14,21.440000534057617,21.440000534057617,21.479999542236328,18.34000015258789,18.56999969482422,0
2/4/14,19.11000061035156,19.11000061035156,20.06999969482422,18.440000534057617,19.989999771118164,0
2/5/14,19.950000762939453,19.950000762939453,20.719999313354492,19.12999916,19.59000015258789,0
2/6/14,17.229999542236328,17.229999542236328,19.09000015258789,17.09000015258789,19.09000015258789,0
2/7/14,15.289999961853027,15.289999961853027,16.309999465942383,15.09000015258789,16.149999618530273,0
2/10/14,15.260000228881836,15.260000228881836,15.760000228881836,15.100000381469728,15.630000114440918,0
2/11/14,14.510000228881836,14.510000228881836,15.289999961853027,14.079999923706056,15.289999961853027,0
2/12/14,14.300000190734863,14.300000190734863,14.640000343322754,14.020000457763672,14.31000042,0
2/13/14,14.140000343322754,14.140000343322754,15.239999771118164,13.979999542236328,15.239999771118164,0
2/14/14,13.56999969482422,13.56999969482422,14.220000267028809,13.43999958,14.210000038146973,0
2/18/14,13.869999885559082,13.869999885559082,14.510000228881836,13.770000457763672,13.949999809265137,0
2/19/14,15.5,15.5,15.729999542236328,14.119999885559082,14.850000381469728,0
2/20/14,14.789999961853027,14.789999961853027,15.800000190734863,14.59000015258789,15.279999732971191,0
2/21/14,14.68000030517578,14.68000030517578,14.789999961853027,14.18999958,14.739999771118164,0
2/24/14,14.229999542236328,14.229999542236328,14.829999923706056,13.970000267028809,14.829999923706056,0
2/25/14,13.670000076293944,13.670000076293944,14.829999923706056,13.65999984741211,14.170000076293944,0
2/26/14,14.350000381469728,14.350000381469728,14.539999961853027,13.729999542236328,13.829999923706056,0
2/27/14,14.039999961853027,14.039999961853027,14.68999958,13.920000076293944,14.56000042,0
2/28/14,14.0,14.0,14.789999961853027,13.489999771118164,14.220000267028809,0
3/3/14,16.0,16.0,16.780000686645508,15.380000114440918,16.469999313354492,0
3/4/14,14.100000381469728,14.100000381469728,14.539999961853027,14.0,14.529999732971191,0
3/5/14,13.890000343322754,13.890000343322754,14.31999969482422,13.81000042,14.130000114440918,0
3/6/14,14.210000038146973,14.210000038146973,14.420000076293944,13.729999542236328,13.81999969482422,0
3/7/14,14.109999656677246,14.109999656677246,14.43000030517578,13.510000228881836,13.510000228881836,0
3/10/14,14.199999809265137,14.199999809265137,15.279999732971191,14.199999809265137,14.760000228881836,0
3/11/14,14.800000190734863,14.800000190734863,14.93000030517578,13.84000015258789,14.220000267028809,0
3/12/14,14.470000267028809,14.470000267028809,15.640000343322754,14.43000030517578,15.369999885559082,0
3/13/14,16.219999313354492,16.219999313354492,16.65999984741211,14.239999771118164,14.279999732971191,0
3/14/14,17.81999969482422,17.81999969482422,18.219999313354492,16.09000015258789,16.739999771118164,0
3/17/14,15.640000343322754,15.640000343322754,16.399999618530273,15.369999885559082,16.389999389648438,0
3/18/14,14.520000457763672,14.520000457763672,15.470000267028809,14.15999984741211,15.420000076293944,0
3/19/14,15.119999885559082,15.119999885559082,15.949999809265137,13.890000343322754,14.56000042,0
3/20/14,14.520000457763672,14.520000457763672,15.619999885559082,14.5,15.579999923706056,0
3/21/14,15.0,15.0,15.170000076293944,13.770000457763672,13.960000038146973,0
3/24/14,15.09000015258789,15.09000015258789,16.06999969482422,14.56000042,14.699999809265137,0
3/25/14,14.020000457763672,14.020000457763672,15.050000190734863,13.960000038146973,14.15999984741211,0
3/26/14,14.93000030517578,14.93000030517578,15.279999732971191,13.460000038146973,13.640000343322754,0
3/27/14,14.619999885559082,14.619999885559082,15.630000114440918,14.489999771118164,15.0,0
3/28/14,14.40999984741211,14.40999984741211,14.859999656677246,13.729999542236328,14.149999618530272,0
3/31/14,13.880000114440918,13.880000114440918,14.15999984741211,13.56999969482422,13.880000114440918,0
4/1/14,13.100000381469728,13.100000381469728,13.56000042,13.06000042,13.43000030517578,0
4/2/14,13.09000015258789,13.09000015258789,13.350000381469728,12.920000076293944,13.170000076293944,0
4/3/14,13.369999885559082,13.369999885559082,13.699999809265137,13.020000457763672,13.020000457763672,0
4/4/14,13.960000038146973,13.960000038146973,14.550000190734863,12.600000381469728,12.880000114440918,0
4/7/14,15.56999969482422,15.56999969482422,16.010000228881836,14.56999969482422,14.960000038146973,0
4/8/14,14.890000343322754,14.890000343322754,16.200000762939453,14.81000042,15.59000015258789,0
4/9/14,13.81999969482422,13.81999969482422,14.93999958,13.699999809265137,14.579999923706056,0
4/10/14,15.890000343322754,15.890000343322754,16.37999916,13.81000042,13.979999542236328,0
4/11/14,17.030000686645508,17.030000686645508,17.850000381469727,15.890000343322754,16.65999984741211,0
4/14/14,16.110000610351562,16.110000610351562,17.399999618530273,16.100000381469727,16.139999389648438,0
4/15/14,15.609999656677246,15.609999656677246,17.5,15.470000267028809,16.139999389648438,0
4/16/14,14.18000030517578,14.18000030517578,15.270000457763672,14.050000190734863,14.890000343322754,0
4/17/14,13.359999656677246,13.359999656677246,14.170000076293944,13.06999969482422,14.09000015258789,0
4/21/14,13.25,13.25,14.109999656677246,13.170000076293944,14.100000381469728,0
4/22/14,13.18999958,13.18999958,13.260000228881836,12.899999618530272,13.130000114440918,0
4/23/14,13.270000457763672,13.270000457763672,13.75,13.270000457763672,13.350000381469728,0
4/24/14,13.31999969482422,13.31999969482422,14.079999923706056,13.09000015258789,13.359999656677246,0
4/25/14,14.06000042,14.06000042,14.670000076293944,13.90999984741211,13.93000030517578,0
4/28/14,13.970000267028809,13.970000267028809,15.279999732971191,13.81999969482422,14.270000457763672,0
4/29/14,13.710000038146973,13.710000038146973,14.239999771118164,13.609999656677246,13.880000114440918,0
4/30/14,13.40999984741211,13.40999984741211,14.18000030517578,13.34000015258789,14.050000190734863,0
5/1/14,13.25,13.25,13.75,13.100000381469728,13.640000343322754,0
5/2/14,12.90999984741211,12.90999984741211,13.5,12.829999923706056,13.149999618530272,0
5/5/14,13.289999961853027,13.289999961853027,14.199999809265137,13.079999923706056,13.949999809265137,0
5/6/14,13.800000190734863,13.800000190734863,13.899999618530272,13.279999732971191,13.649999618530272,0
5/7/14,13.399999618530272,13.399999618530272,14.489999771118164,13.390000343322754,13.640000343322754,0
5/8/14,13.43000030517578,13.43000030517578,13.880000114440918,12.920000076293944,13.68999958,0
5/9/14,12.920000076293944,12.920000076293944,14.029999732971191,12.869999885559082,13.550000190734863,0
5/12/14,12.229999542236328,12.229999542236328,12.579999923706056,11.880000114440918,12.460000038146973,0
5/13/14,12.130000114440918,12.130000114440918,12.739999771118164,12.050000190734863,12.359999656677246,0
5/14/14,12.170000076293944,12.170000076293944,12.510000228881836,12.029999732971191,12.420000076293944,0
5/15/14,13.170000076293944,13.170000076293944,13.770000457763672,12.720000267028809,12.729999542236328,0
5/16/14,12.43999958,12.43999958,13.65999984741211,12.260000228881836,13.31000042,0
5/19/14,12.420000076293944,12.420000076293944,13.210000038146973,12.279999732971191,13.170000076293944,0
5/20/14,12.960000038146973,12.960000038146973,13.300000190734863,12.31999969482422,12.68999958,0
5/21/14,11.90999984741211,11.90999984741211,12.460000038146973,11.800000190734863,12.380000114440918,0
5/22/14,12.029999732971191,12.029999732971191,12.09000015258789,11.68000030517578,11.93000030517578,0
5/23/14,11.359999656677246,11.359999656677246,11.970000267028809,11.359999656677246,11.960000038146973,0
5/27/14,11.510000228881836,11.510000228881836,11.84000015258789,11.5,11.68999958,0
5/28/14,11.68000030517578,11.68000030517578,11.859999656677246,11.5,11.600000381469728,0
5/29/14,11.56999969482422,11.56999969482422,11.81999969482422,11.40999984741211,11.579999923706056,0
5/30/14,11.399999618530272,11.399999618530272,11.699999809265137,11.31999969482422,11.65999984741211,0
6/2/14,11.579999923706056,11.579999923706056,12.170000076293944,11.289999961853027,11.68999958,0
6/3/14,11.869999885559082,11.869999885559082,12.130000114440918,11.720000267028809,12.029999732971191,0
6/4/14,12.079999923706056,12.079999923706056,12.329999923706056,11.90999984741211,12.149999618530272,0
6/5/14,11.68000030517578,11.68000030517578,12.34000015258789,11.43999958,12.09000015258789,0
6/6/14,10.729999542236328,10.729999542236328,11.390000343322754,10.729999542236328,11.31999969482422,0
6/9/14,11.149999618530272,11.149999618530272,11.510000228881836,10.989999771118164,11.229999542236328,0
6/10/14,10.989999771118164,10.989999771118164,11.65999984741211,10.93000030517578,11.300000190734863,0
6/11/14,11.600000381469728,11.600000381469728,11.869999885559082,11.18999958,11.420000076293944,0
6/12/14,12.56000042,12.56000042,12.81000042,11.710000038146973,11.81000042,0
6/13/14,12.18000030517578,12.18000030517578,12.68999958,11.890000343322754,12.449999809265137,0
6/16/14,12.649999618530272,12.649999618530272,12.869999885559082,12.279999732971191,12.649999618530272,0
6/17/14,12.06000042,12.06000042,12.890000343322754,12.06000042,12.81000042,0
6/18/14,10.609999656677246,10.609999656677246,11.90999984741211,10.56999969482422,11.800000190734863,0
6/19/14,10.619999885559082,10.619999885559082,10.81999969482422,10.420000076293944,10.529999732971191,0
6/20/14,10.850000381469728,10.850000381469728,11.020000457763672,10.34000015258789,10.399999618530272,0
6/23/14,10.979999542236328,10.979999542236328,11.350000381469728,10.920000076293944,11.260000228881836,0
6/24/14,12.130000114440918,12.130000114440918,12.270000457763672,10.869999885559082,11.020000457763672,0
6/25/14,11.59000015258789,11.59000015258789,12.329999923706056,11.369999885559082,12.31000042,0
6/26/14,11.630000114440918,11.630000114440918,12.510000228881836,11.5,11.510000228881836,0
6/27/14,11.260000228881836,11.260000228881836,12.039999961853027,11.18999958,11.720000267028809,0
6/30/14,11.56999969482422,11.56999969482422,11.81000042,11.300000190734863,11.75,0
7/1/14,11.149999618530272,11.149999618530272,11.420000076293944,10.920000076293944,11.279999732971191,0
7/2/14,10.81999969482422,10.81999969482422,11.18000030517578,10.56000042,11.18000030517578,0
7/3/14,10.31999969482422,10.31999969482422,10.760000228881836,10.279999732971191,10.470000267028809,0
7/7/14,11.329999923706056,11.329999923706056,11.539999961853027,11.010000228881836,11.149999618530272,0
7/8/14,11.979999542236328,11.979999542236328,12.510000228881836,11.720000267028809,11.720000267028809,0
7/9/14,11.649999618530272,11.649999618530272,12.050000190734863,11.5,11.739999771118164,0
7/10/14,12.59000015258789,12.59000015258789,13.229999542236328,12.050000190734863,13.220000267028809,0
7/11/14,12.079999923706056,12.079999923706056,12.68000030517578,12.06999969482422,12.5,0
7/14/14,11.81999969482422,11.81999969482422,11.829999923706056,11.399999618530272,11.600000381469728,0
7/15/14,11.960000038146973,11.960000038146973,12.470000267028809,11.460000038146973,11.529999732971191,0
7/16/14,11.0,11.0,11.449999809265137,10.59000015258789,10.81000042,0
7/17/14,14.539999961853027,14.539999961853027,15.380000114440918,10.850000381469728,11.350000381469728,0
7/18/14,12.06000042,12.06000042,13.550000190734863,12.039999961853027,13.34000015258789,0
7/21/14,12.81000042,12.81000042,13.619999885559082,12.460000038146973,12.850000381469728,0
7/22/14,12.239999771118164,12.239999771118164,12.239999771118164,11.68999958,11.970000267028809,0
7/23/14,11.520000457763672,11.520000457763672,12.15999984741211,11.40999984741211,11.539999961853027,0
7/24/14,11.84000015258789,11.84000015258789,12.06000042,11.43000030517578,11.43000030517578,0
7/25/14,12.68999958,12.68999958,12.75,12.029999732971191,12.029999732971191,0
7/28/14,12.56000042,12.56000042,13.640000343322754,12.539999961853027,12.93000030517578,0
7/29/14,13.279999732971191,13.279999732971191,13.350000381469728,12.119999885559082,12.350000381469728,0
7/30/14,13.329999923706056,13.329999923706056,14.06999969482422,12.529999732971191,12.630000114440918,0
7/31/14,16.950000762939453,16.950000762939453,17.110000610351562,14.260000228881836,14.350000381469728,0
8/1/14,17.030000686645508,17.030000686645508,17.56999969482422,15.520000457763672,16.670000076293945,0
8/4/14,15.119999885559082,15.119999885559082,16.799999237060547,14.68999958,16.639999389648438,0
8/5/14,16.87000084,16.87000084,17.139999389648438,15.100000381469728,15.539999961853027,0
8/6/14,16.37000084,16.37000084,17.299999237060547,15.699999809265137,17.219999313354492,0
8/7/14,16.65999984741211,16.65999984741211,17.25,15.43999958,15.5,0
8/8/14,15.770000457763672,15.770000457763672,17.09000015258789,15.529999732971191,16.43000030517578,0
8/11/14,14.229999542236328,14.229999542236328,15.15999984741211,13.720000267028809,15.15999984741211,0
8/12/14,14.130000114440918,14.130000114440918,14.739999771118164,13.760000228881836,14.420000076293944,0
8/13/14,12.899999618530272,12.899999618530272,13.93000030517578,12.84000015258789,13.56999969482422,0
8/14/14,12.420000076293944,12.420000076293944,13.130000114440918,12.420000076293944,13.050000190734863,0
8/15/14,13.149999618530272,13.149999618530272,14.93999958,11.890000343322754,11.90999984741211,0
8/18/14,12.31999969482422,12.31999969482422,12.850000381469728,12.260000228881836,12.850000381469728,0
8/19/14,12.210000038146973,12.210000038146973,12.460000038146973,11.90999984741211,12.140000343322754,0
8/20/14,11.779999732971191,11.779999732971191,12.239999771118164,11.600000381469728,12.229999542236328,0
8/21/14,11.760000228881836,11.760000228881836,13.510000228881836,11.520000457763672,11.93000030517578,0
8/22/14,11.470000267028809,11.470000267028809,12.479999542236328,11.470000267028809,11.880000114440918,0
8/25/14,11.699999809265137,11.699999809265137,11.770000457763672,11.239999771118164,11.579999923706056,0
8/26/14,11.630000114440918,11.630000114440918,11.93000030517578,11.329999923706056,11.329999923706056,0
8/27/14,11.779999732971191,11.779999732971191,11.93000030517578,11.539999961853027,11.68999958,0
8/28/14,12.050000190734863,12.050000190734863,12.729999542236328,12.050000190734863,12.380000114440918,0
8/29/14,12.09000015258789,12.09000015258789,12.43999958,11.779999732971191,11.859999656677246,0
9/2/14,12.25,12.25,13.40999984741211,12.229999542236328,12.31999969482422,0
9/3/14,12.359999656677246,12.359999656677246,12.550000190734863,11.90999984741211,12.029999732971191,0
9/4/14,12.640000343322754,12.640000343322754,12.989999771118164,11.699999809265137,12.399999618530272,0
9/5/14,12.09000015258789,12.09000015258789,13.18000030517578,11.960000038146973,12.369999885559082,0
9/8/14,12.65999984741211,12.65999984741211,13.09000015258789,12.399999618530272,12.640000343322754,0
9/9/14,13.5,13.5,13.90999984741211,12.699999809265137,12.699999809265137,0
9/10/14,12.880000114440918,12.880000114440918,14.06000042,12.859999656677246,13.359999656677246,0
9/11/14,12.800000190734863,12.800000190734863,13.670000076293944,12.65999984741211,13.529999732971191,0
9/12/14,13.31000042,13.31000042,14.270000457763672,12.850000381469728,12.850000381469728,0
9/15/14,14.119999885559082,14.119999885559082,14.18999958,13.539999961853027,13.539999961853027,0
9/16/14,12.729999542236328,12.729999542236328,14.529999732971191,12.720000267028809,14.479999542236328,0
9/17/14,12.649999618530272,12.649999618530272,14.529999732971191,11.729999542236328,13.06000042,0
9/18/14,12.029999732971191,12.029999732971191,12.579999923706056,11.979999542236328,12.550000190734863,0
9/19/14,12.109999656677246,12.109999656677246,12.609999656677246,11.520000457763672,11.729999542236328,0
9/22/14,13.68999958,13.68999958,13.979999542236328,13.130000114440918,13.140000343322754,0
9/23/14,14.93000030517578,14.93000030517578,14.93999958,13.829999923706056,14.81999969482422,0
9/24/14,13.270000457763672,13.270000457763672,14.93000030517578,13.239999771118164,14.619999885559082,0
9/25/14,15.640000343322754,15.640000343322754,16.690000534057617,14.029999732971191,14.109999656677246,0
9/26/14,14.850000381469728,14.850000381469728,15.979999542236328,14.31000042,15.770000457763672,0
9/29/14,15.979999542236328,15.979999542236328,17.079999923706055,15.449999809265137,16.959999084472656,0
9/30/14,16.309999465942383,16.309999465942383,16.43000030517578,15.18000030517578,15.489999771118164,0
10/1/14,16.709999084472656,16.709999084472656,17.559999465942383,16.079999923706055,16.440000534057617,0
10/2/14,16.15999984741211,16.15999984741211,17.979999542236328,15.899999618530272,16.700000762939453,0
10/3/14,14.550000190734863,14.550000190734863,15.43000030517578,14.43999958,15.15999984741211,0
10/6/14,15.460000038146973,15.460000038146973,15.770000457763672,14.050000190734863,14.460000038146973,0
10/7/14,17.200000762939453,17.200000762939453,17.459999084472656,15.970000267028809,16.18000030517578,0
10/8/14,15.109999656677246,15.109999656677246,18.030000686645508,14.970000267028809,17.350000381469727,0
10/9/14,18.760000228881836,18.760000228881836,19.37999916,15.34000015258789,15.640000343322754,0
10/10/14,21.239999771118164,21.239999771118164,22.059999465942383,18.13999938964844,19.11000061035156,0
10/13/14,24.63999938964844,24.63999938964844,24.63999938964844,20.520000457763672,21.15999984741211,0
10/14/14,22.790000915527344,22.790000915527344,24.549999237060547,21.479999542236328,23.770000457763672,0
10/15/14,25.270000457763672,25.270000457763672,31.059999465942383,24.63999938964844,26.36000061035156,0
10/16/14,25.200000762939453,25.200000762939453,29.40999984741211,24.61000061035156,29.260000228881836,0
10/17/14,21.989999771118164,21.989999771118164,23.079999923706055,20.229999542236328,21.68000030517578,0
10/20/14,18.56999969482422,18.56999969482422,22.15999984741211,18.510000228881836,22.11000061035156,0
10/21/14,16.079999923706055,16.079999923706055,17.75,16.030000686645508,17.719999313354492,0
10/22/14,17.87000084,17.87000084,18.43000030517578,15.56000042,16.059999465942383,0
10/23/14,16.530000686645508,16.530000686645508,17.059999465942383,15.68000030517578,16.06999969482422,0
10/24/14,16.110000610351562,16.110000610351562,18.059999465942383,16.09000015258789,16.43000030517578,0
10/27/14,16.040000915527344,16.040000915527344,17.87000084,16.0,17.239999771118164,0
10/28/14,14.390000343322754,14.390000343322754,15.779999732971191,14.390000343322754,15.68999958,0
10/29/14,15.149999618530272,15.149999618530272,16.280000686645508,14.18999958,14.609999656677246,0
10/30/14,14.520000457763672,14.520000457763672,15.75,14.06999969482422,15.31000042,0
10/31/14,14.029999732971191,14.029999732971191,14.829999923706056,13.720000267028809,13.84000015258789,0
11/3/14,14.729999542236328,14.729999542236328,14.989999771118164,14.229999542236328,14.40999984741211,0
11/4/14,14.890000343322754,14.890000343322754,15.93000030517578,14.829999923706056,15.050000190734863,0
11/5/14,14.170000076293944,14.170000076293944,14.989999771118164,14.149999618530272,14.149999618530272,0
11/6/14,13.670000076293944,13.670000076293944,15.079999923706056,13.670000076293944,14.460000038146973,0
11/7/14,13.119999885559082,13.119999885559082,14.15999984741211,13.010000228881836,13.710000038146973,0
11/10/14,12.670000076293944,12.670000076293944,13.25,12.380000114440918,13.15999984741211,0
11/11/14,12.920000076293944,12.920000076293944,13.18000030517578,12.600000381469728,12.710000038146973,0
11/12/14,13.020000457763672,13.020000457763672,13.760000228881836,12.989999771118164,13.760000228881836,0
11/13/14,13.789999961853027,13.789999961853027,14.31000042,12.869999885559082,13.329999923706056,0
11/14/14,13.31000042,13.31000042,14.149999618530272,13.31000042,13.789999961853027,0
11/17/14,13.989999771118164,13.989999771118164,14.729999542236328,13.84000015258789,14.699999809265137,0
11/18/14,13.859999656677246,13.859999656677246,13.989999771118164,13.130000114440918,13.859999656677246,0
11/19/14,13.960000038146973,13.960000038146973,14.779999732971191,13.829999923706056,14.010000228881836,0
11/20/14,13.579999923706056,13.579999923706056,15.739999771118164,13.579999923706056,14.65999984741211,0
11/21/14,12.899999618530272,12.899999618530272,13.800000190734863,12.899999618530272,13.15999984741211,0
11/24/14,12.619999885559082,12.619999885559082,13.020000457763672,12.43000030517578,12.920000076293944,0
11/25/14,12.25,12.25,13.020000457763672,12.229999542236328,12.550000190734863,0
11/26/14,12.06999969482422,12.06999969482422,12.399999618530272,11.90999984741211,12.270000457763672,0
11/28/14,13.329999923706056,13.329999923706056,13.489999771118164,12.359999656677246,12.640000343322754,0
12/1/14,14.15999984741211,14.15999984741211,14.75,13.93999958,14.15999984741211,0
12/2/14,12.850000381469728,12.850000381469728,14.170000076293944,12.850000381469728,14.100000381469728,0
12/3/14,12.5,12.5,12.880000114440918,12.210000038146973,12.75,0
12/4/14,12.380000114440918,12.380000114440918,13.229999542236328,12.09000015258789,12.699999809265137,0
12/5/14,11.890000343322754,11.890000343322754,12.279999732971191,11.529999732971191,12.079999923706056,0
12/8/14,14.210000038146973,14.210000038146973,14.670000076293944,12.550000190734863,13.050000190734863,0
12/9/14,15.350000381469728,15.350000381469728,16.68000030517578,15.119999885559082,16.229999542236328,0
12/10/14,18.530000686645508,18.530000686645508,18.920000076293945,15.399999618530272,15.56000042,0
12/11/14,20.079999923706055,20.079999923706055,20.12999916,15.93999958,17.68000030517578,0
12/12/14,21.079999923706055,21.079999923706055,23.059999465942383,18.34000015258789,20.510000228881836,0
12/15/14,20.420000076293945,20.420000076293945,24.829999923706055,17.770000457763672,19.59000015258789,0
12/16/14,23.56999969482422,23.56999969482422,25.200000762939453,19.600000381469727,23.549999237060547,0
12/17/14,19.440000534057617,19.440000534057617,24.61000061035156,19.260000228881836,23.899999618530273,0
12/18/14,16.809999465942383,16.809999465942383,18.510000228881836,16.06999969482422,17.139999389648438,0
12/19/14,16.489999771118164,16.489999771118164,17.200000762939453,16.110000610351562,16.56999969482422,0
12/22/14,15.25,15.25,16.87999916,15.029999732971191,16.31999969482422,0
12/23/14,14.800000190734863,14.800000190734863,15.210000038146973,14.31999969482422,14.470000267028809,0
12/24/14,14.369999885559082,14.369999885559082,14.539999961853027,14.010000228881836,14.520000457763672,0
12/26/14,14.5,14.5,14.84000015258789,14.130000114440918,14.600000381469728,0
12/29/14,15.06000042,15.06000042,16.139999389648438,15.06000042,16.040000915527344,0
12/30/14,15.920000076293944,15.920000076293944,16.200000762939453,15.479999542236328,15.899999618530272,0
12/31/14,19.200000762939453,19.200000762939453,19.90999984741211,15.859999656677246,15.90999984741211,0
1/2/15,17.790000915527344,17.790000915527344,20.13999938964844,17.049999237060547,17.760000228881836,0
1/5/15,19.920000076293945,19.920000076293945,21.290000915527344,19.190000534057617,19.190000534057617,0
1/6/15,21.12000084,21.12000084,22.899999618530273,19.520000457763672,20.329999923706055,0
1/7/15,19.309999465942383,19.309999465942383,20.719999313354492,19.040000915527344,20.149999618530273,0
1/8/15,17.010000228881836,17.010000228881836,18.09000015258789,16.989999771118164,17.93000030517578,0
1/9/15,17.549999237060547,17.549999237060547,18.420000076293945,16.440000534057617,16.440000534057617,0
1/12/15,19.600000381469727,19.600000381469727,20.440000534057617,18.020000457763672,18.020000457763672,0
1/13/15,20.559999465942383,20.559999465942383,21.579999923706055,17.649999618530273,18.209999084472656,0
1/14/15,21.479999542236328,21.479999542236328,23.34000015258789,21.31999969482422,22.87000084,0
1/15/15,22.38999938964844,22.38999938964844,23.309999465942383,20.86000061035156,21.229999542236328,0
1/16/15,20.950000762939453,20.950000762939453,23.43000030517578,20.950000762939453,22.799999237060547,0
1/20/15,19.88999938964844,19.88999938964844,21.37000084,19.579999923706055,20.06999969482422,0
1/21/15,18.850000381469727,18.850000381469727,21.280000686645508,18.63999938964844,20.920000076293945,0
1/22/15,16.399999618530273,16.399999618530273,19.229999542236328,16.06999969482422,17.979999542236328,0
1/23/15,16.65999984741211,16.65999984741211,17.09000015258789,15.81000042,16.790000915527344,0
1/26/15,15.520000457763672,15.520000457763672,17.43000030517578,15.520000457763672,16.959999084472656,0
1/27/15,17.219999313354492,17.219999313354492,18.40999984741211,16.670000076293945,17.600000381469727,0
1/28/15,20.440000534057617,20.440000534057617,20.440000534057617,16.920000076293945,16.969999313354492,0
1/29/15,18.760000228881836,18.760000228881836,21.559999465942383,18.65999984741211,20.459999084472656,0
1/30/15,20.969999313354492,20.969999313354492,22.18000030517578,19.239999771118164,20.229999542236328,0
2/2/15,19.43000030517578,19.43000030517578,22.809999465942383,19.350000381469727,20.88999938964844,0
2/3/15,17.329999923706055,17.329999923706055,18.88999938964844,17.200000762939453,18.40999984741211,0
2/4/15,18.329999923706055,18.329999923706055,18.37999916,16.81999969482422,17.81999969482422,0
2/5/15,16.850000381469727,16.850000381469727,17.43000030517578,16.670000076293945,17.290000915527344,0
2/6/15,17.290000915527344,17.290000915527344,18.739999771118164,16.059999465942383,16.290000915527344,0
2/9/15,18.549999237060547,18.549999237060547,19.280000686645508,18.209999084472656,19.15999984741211,0
2/10/15,17.229999542236328,17.229999542236328,18.36000061035156,16.969999313354492,17.719999313354492,0
2/11/15,16.959999084472656,16.959999084472656,17.809999465942383,16.81999969482422,17.43000030517578,0
2/12/15,15.34000015258789,15.34000015258789,16.469999313354492,15.279999732971191,16.389999389648438,0
2/13/15,14.68999958,14.68999958,15.640000343322754,14.68999958,15.109999656677246,0
2/17/15,15.800000190734863,15.800000190734863,16.329999923706055,15.529999732971191,15.850000381469728,0
2/18/15,15.449999809265137,15.449999809265137,16.739999771118164,15.43999958,16.739999771118164,0
2/19/15,15.289999961853027,15.289999961853027,16.219999313354492,15.100000381469728,16.110000610351562,0
2/20/15,14.300000190734863,14.300000190734863,16.290000915527344,14.270000457763672,15.729999542236328,0
2/23/15,14.56000042,14.56000042,15.479999542236328,14.489999771118164,15.050000190734863,0
2/24/15,13.68999958,13.68999958,14.630000114440918,13.529999732971191,14.5,0
2/25/15,13.84000015258789,13.84000015258789,14.06000042,12.859999656677246,13.640000343322754,0
2/26/15,13.90999984741211,13.90999984741211,14.56999969482422,13.550000190734863,13.550000190734863,0
2/27/15,13.34000015258789,13.34000015258789,14.170000076293944,13.289999961853027,14.06999969482422,0
3/2/15,13.039999961853027,13.039999961853027,13.899999618530272,12.869999885559082,13.899999618530272,0
3/3/15,13.859999656677246,13.859999656677246,14.68999958,13.25,13.350000381469728,0
3/4/15,14.229999542236328,14.229999542236328,14.710000038146973,14.130000114440918,14.279999732971191,0
3/5/15,14.039999961853027,14.039999961853027,14.579999923706056,13.880000114440918,14.010000228881836,0
3/6/15,15.199999809265137,15.199999809265137,15.829999923706056,14.18000030517578,14.609999656677246,0
3/9/15,15.06000042,15.06000042,15.760000228881836,14.710000038146973,15.720000267028809,0
3/10/15,16.690000534057617,16.690000534057617,16.90999984741211,16.030000686645508,16.469999313354492,0
3/11/15,16.87000084,16.87000084,17.190000534057617,16.290000915527344,16.440000534057617,0
3/12/15,15.420000076293944,15.420000076293944,16.450000762939453,15.300000190734863,16.450000762939453,0
3/13/15,16.0,16.0,16.739999771118164,15.31999969482422,15.470000267028809,0
3/16/15,15.609999656677246,15.609999656677246,15.890000343322754,15.359999656677246,15.779999732971191,0
3/17/15,15.65999984741211,15.65999984741211,16.37000084,15.65999984741211,16.309999465942383,0
3/18/15,13.970000267028809,13.970000267028809,16.290000915527344,13.380000114440918,14.600000381469728,0
3/19/15,14.06999969482422,14.06999969482422,14.970000267028809,13.84000015258789,14.68000030517578,0
3/20/15,13.020000457763672,13.020000457763672,13.529999732971191,12.539999961853027,13.520000457763672,0
3/23/15,13.40999984741211,13.40999984741211,13.529999732971191,12.890000343322754,13.520000457763672,0
3/24/15,13.619999885559082,13.619999885559082,13.68000030517578,12.59000015258789,13.359999656677246,0
3/25/15,15.43999958,15.43999958,15.550000190734863,13.199999809265137,13.260000228881836,0
3/26/15,15.800000190734863,15.800000190734863,17.190000534057617,15.229999542236328,16.639999389648438,0
3/27/15,15.06999969482422,15.06999969482422,15.829999923706056,14.18999958,15.729999542236328,0
3/30/15,14.510000228881836,14.510000228881836,14.760000228881836,14.079999923706056,14.760000228881836,0
3/31/15,15.289999961853027,15.289999961853027,15.739999771118164,14.329999923706056,14.970000267028809,0
4/1/15,15.109999656677246,15.109999656677246,16.65999984741211,15.079999923706056,15.31999969482422,0
4/2/15,14.670000076293944,14.670000076293944,15.510000228881836,14.270000457763672,15.300000190734863,0
4/6/15,14.739999771118164,14.739999771118164,15.760000228881836,14.039999961853027,15.75,0
4/7/15,14.779999732971191,14.779999732971191,14.81000042,14.010000228881836,14.56999969482422,0
4/8/15,13.979999542236328,13.979999542236328,14.770000457763672,13.75,14.59000015258789,0
4/9/15,13.09000015258789,13.09000015258789,14.59000015258789,13.09000015258789,14.140000343322754,0
4/10/15,12.579999923706056,12.579999923706056,13.260000228881836,12.510000228881836,13.199999809265137,0
4/13/15,13.93999958,13.93999958,14.31000042,12.710000038146973,13.170000076293944,0
4/14/15,13.670000076293944,13.670000076293944,14.739999771118164,13.640000343322754,14.34000015258789,0
4/15/15,12.84000015258789,12.84000015258789,13.579999923706056,12.829999923706056,13.579999923706056,0
4/16/15,12.600000381469728,12.600000381469728,13.350000381469728,12.5,13.270000457763672,0
4/17/15,13.890000343322754,13.890000343322754,15.020000457763672,13.729999542236328,13.970000267028809,0
4/20/15,13.300000190734863,13.300000190734863,13.670000076293944,12.829999923706056,13.670000076293944,0
4/21/15,13.25,13.25,13.510000228881836,12.65999984741211,12.75,0
4/22/15,12.710000038146973,12.710000038146973,13.800000190734863,12.56999969482422,12.970000267028809,0
4/23/15,12.479999542236328,12.479999542236328,12.960000038146973,12.119999885559082,12.960000038146973,0
4/24/15,12.289999961853027,12.289999961853027,13.020000457763672,12.15999984741211,12.210000038146973,0
4/27/15,13.119999885559082,13.119999885559082,13.399999618530272,12.329999923706056,12.34000015258789,0
4/28/15,12.40999984741211,12.40999984741211,14.229999542236328,12.40999984741211,13.260000228881836,0
4/29/15,13.390000343322754,13.390000343322754,14.34000015258789,12.609999656677246,13.43999958,0
4/30/15,14.550000190734863,14.550000190734863,15.289999961853027,12.489999771118164,13.890000343322754,0
5/1/15,12.699999809265137,12.699999809265137,13.979999542236328,12.68000030517578,13.979999542236328,0
5/4/15,12.850000381469728,12.850000381469728,13.18000030517578,12.100000381469728,13.119999885559082,0
5/5/15,14.31000042,14.31000042,14.40999984741211,12.970000267028809,13.210000038146973,0
5/6/15,15.149999618530272,15.149999618530272,16.360000610351562,13.890000343322754,13.93000030517578,0
5/7/15,15.130000114440918,15.130000114440918,15.970000267028809,14.81000042,15.479999542236328,0
5/8/15,12.859999656677246,12.859999656677246,13.420000076293944,12.699999809265137,13.359999656677246,0
5/11/15,13.850000381469728,13.850000381469728,13.850000381469728,13.0,13.350000381469728,0
5/12/15,13.859999656677246,13.859999656677246,15.130000114440918,13.729999542236328,14.729999542236328,0
5/13/15,13.760000228881836,13.760000228881836,14.039999961853027,13.06000042,13.630000114440918,0
5/14/15,12.739999771118164,12.739999771118164,13.289999961853027,12.720000267028809,13.140000343322754,0
5/15/15,12.380000114440918,12.380000114440918,13.09000015258789,12.350000381469728,12.460000038146973,0
5/18/15,12.729999542236328,12.729999542236328,13.220000267028809,12.550000190734863,13.079999923706056,0
5/19/15,12.850000381469728,12.850000381469728,13.130000114440918,12.550000190734863,12.949999809265137,0
5/20/15,12.880000114440918,12.880000114440918,13.270000457763672,12.619999885559082,12.899999618530272,0
5/21/15,12.109999656677246,12.109999656677246,13.09000015258789,12.09000015258789,13.029999732971191,0
5/22/15,12.130000114440918,12.130000114440918,12.369999885559082,11.81999969482422,12.369999885559082,0
5/26/15,14.06000042,14.06000042,14.630000114440918,13.34000015258789,13.449999809265137,0
5/27/15,13.270000457763672,13.270000457763672,14.40999984741211,13.050000190734863,14.15999984741211,0
5/28/15,13.31000042,13.31000042,13.989999771118164,13.31000042,13.489999771118164,0
5/29/15,13.84000015258789,13.84000015258789,14.43000030517578,13.399999618530272,13.59000015258789,0
6/1/15,13.970000267028809,13.970000267028809,14.859999656677246,13.470000267028809,13.920000076293944,0
6/2/15,14.239999771118164,14.239999771118164,15.050000190734863,13.59000015258789,14.720000267028809,0
6/3/15,13.65999984741211,13.65999984741211,14.199999809265137,13.399999618530272,13.729999542236328,0
6/4/15,14.710000038146973,14.710000038146973,15.489999771118164,13.989999771118164,14.56999969482422,0
6/5/15,14.210000038146973,14.210000038146973,15.649999618530272,14.210000038146973,15.010000228881836,0
6/8/15,15.289999961853027,15.289999961853027,15.5,14.670000076293944,14.84000015258789,0
6/9/15,14.470000267028809,14.470000267028809,15.739999771118164,14.470000267028809,15.18000030517578,0
6/10/15,13.220000267028809,13.220000267028809,14.369999885559082,12.960000038146973,14.239999771118164,0
6/11/15,12.850000381469728,12.850000381469728,13.220000267028809,12.56000042,13.039999961853027,0
6/12/15,13.779999732971191,13.779999732971191,14.020000457763672,13.300000190734863,13.31000042,0
6/15/15,15.390000343322754,15.390000343322754,15.56999969482422,14.90999984741211,15.479999542236328,0
6/16/15,14.81000042,14.81000042,15.619999885559082,14.81000042,15.619999885559082,0
6/17/15,14.5,14.5,15.489999771118164,14.06999969482422,14.65999984741211,0
6/18/15,13.18999958,13.18999958,14.029999732971191,12.539999961853027,14.029999732971191,0
6/19/15,13.960000038146973,13.960000038146973,14.0,12.960000038146973,13.350000381469728,0
6/22/15,12.739999771118164,12.739999771118164,13.460000038146973,12.43000030517578,13.420000076293944,0
6/23/15,12.109999656677246,12.109999656677246,12.68000030517578,11.93000030517578,12.5,0
6/24/15,13.260000228881836,13.260000228881836,13.329999923706056,12.010000228881836,12.56999969482422,0
6/25/15,14.010000228881836,14.010000228881836,14.15999984741211,12.920000076293944,12.960000038146973,0
6/26/15,14.020000457763672,14.020000457763672,14.90999984741211,13.640000343322754,14.130000114440918,0
6/29/15,18.850000381469727,18.850000381469727,19.5,15.81999969482422,16.700000762939453,0
6/30/15,18.229999542236328,18.229999542236328,19.799999237060547,17.489999771118164,17.600000381469727,0
7/1/15,16.09000015258789,16.09000015258789,17.260000228881836,15.649999618530272,16.62999916,0
7/2/15,16.790000915527344,16.790000915527344,17.479999542236328,15.390000343322754,15.43000030517578,0
7/6/15,17.010000228881836,17.010000228881836,18.950000762939453,16.56999969482422,18.649999618530273,0
7/7/15,16.09000015258789,16.09000015258789,19.200000762939453,15.93000030517578,17.219999313354492,0
7/8/15,19.65999984741211,19.65999984741211,19.760000228881836,16.940000534057617,17.37999916,0
7/9/15,19.969999313354492,19.969999313354492,20.049999237060547,17.200000762939453,17.459999084472656,0
7/10/15,16.829999923706055,16.829999923706055,18.170000076293945,16.600000381469727,17.450000762939453,0
7/13/15,13.899999618530272,13.899999618530272,15.359999656677246,13.81999969482422,15.289999961853027,0
7/14/15,13.369999885559082,13.369999885559082,13.949999809265137,12.899999618530272,13.90999984741211,0
7/15/15,13.229999542236328,13.229999542236328,13.970000267028809,12.81000042,13.350000381469728,0
7/16/15,12.109999656677246,12.109999656677246,12.609999656677246,11.869999885559082,12.59000015258789,0
7/17/15,11.949999809265137,11.949999809265137,12.220000267028809,11.770000457763672,11.770000457763672,0
7/20/15,12.25,12.25,12.369999885559082,11.710000038146973,12.25,0
7/21/15,12.220000267028809,12.220000267028809,12.789999961853027,12.210000038146973,12.420000076293944,0
7/22/15,12.119999885559082,12.119999885559082,12.829999923706056,12.050000190734863,12.770000457763672,0
7/23/15,12.640000343322754,12.640000343322754,13.079999923706056,11.729999542236328,12.06000042,0
7/24/15,13.739999771118164,13.739999771118164,14.729999542236328,12.859999656677246,12.869999885559082,0
7/27/15,15.600000381469728,15.600000381469728,16.270000457763672,15.029999732971191,15.600000381469728,0
7/28/15,13.43999958,13.43999958,15.619999885559082,13.31999969482422,14.869999885559082,0
7/29/15,12.5,12.5,13.59000015258789,11.850000381469728,13.56999969482422,0
7/30/15,12.130000114440918,12.130000114440918,13.420000076293944,12.09000015258789,12.720000267028809,0
7/31/15,12.119999885559082,12.119999885559082,12.630000114440918,11.81999969482422,12.029999732971191,0
8/3/15,12.56000042,12.56000042,13.550000190734863,12.31999969482422,12.850000381469728,0
8/4/15,13.0,13.0,13.220000267028809,12.289999961853027,12.65999984741211,0
8/5/15,12.510000228881836,12.510000228881836,12.720000267028809,10.880000114440918,12.020000457763672,0
8/6/15,13.770000457763672,13.770000457763672,14.25,12.15999984741211,12.199999809265137,0
8/7/15,13.390000343322754,13.390000343322754,14.579999923706056,13.289999961853027,13.56999969482422,0
8/10/15,12.229999542236328,12.229999542236328,12.779999732971191,12.18000030517578,12.729999542236328,0
8/11/15,13.710000038146973,13.710000038146973,14.329999923706056,13.020000457763672,13.239999771118164,0
8/12/15,13.609999656677246,13.609999656677246,16.280000686645508,13.449999809265137,15.18999958,0
8/13/15,13.489999771118164,13.489999771118164,14.329999923706056,13.06000042,13.869999885559082,0
8/14/15,12.829999923706056,12.829999923706056,13.869999885559082,12.800000190734863,13.68999958,0
8/17/15,13.020000457763672,13.020000457763672,14.520000457763672,13.010000228881836,14.31999969482422,0
8/18/15,13.789999961853027,13.789999961853027,13.93999958,13.170000076293944,13.40999984741211,0
8/19/15,15.25,15.25,15.960000038146973,13.729999542236328,14.84000015258789,0
8/20/15,19.13999938964844,19.13999938964844,19.239999771118164,16.12999916,16.549999237060547,0
8/21/15,28.030000686645508,28.030000686645508,28.37999916,20.799999237060547,22.549999237060547,0
8/24/15,40.74000168,40.74000168,53.290000915527344,28.030000686645508,28.030000686645508,0
8/25/15,36.02000045776367,36.02000045776367,38.060001373291016,28.079999923706055,31.12999916,0
8/26/15,30.31999969482422,30.31999969482422,35.619998931884766,28.670000076293945,31.12999916,0
8/27/15,26.100000381469727,26.100000381469727,29.899999618530273,24.489999771118164,27.11000061035156,0
8/28/15,26.049999237060547,26.049999237060547,29.200000762939453,25.770000457763672,26.690000534057617,0
8/31/15,28.43000030517578,28.43000030517578,29.37000084,26.62999916,27.030000686645508,0
9/1/15,31.399999618530273,31.399999618530273,33.81999969482422,29.90999984741211,31.90999984741211,0
9/2/15,26.09000015258789,26.09000015258789,30.450000762939453,24.770000457763672,29.13999938964844,0
9/3/15,25.61000061035156,25.61000061035156,26.309999465942383,23.450000762939453,25.209999084472656,0
9/4/15,27.799999237060547,27.799999237060547,29.469999313354492,25.68000030517578,27.43000030517578,0
9/8/15,24.899999618530273,24.899999618530273,26.25,24.12999916,25.049999237060547,0
9/9/15,26.229999542236328,26.229999542236328,26.81999969482422,21.510000228881836,22.38999938964844,0
9/10/15,24.37000084,24.37000084,27.219999313354492,23.530000686645508,26.87000084,0
9/11/15,23.200000762939453,23.200000762939453,25.809999465942383,23.149999618530273,25.37999916,0
9/14/15,24.25,24.25,25.31999969482422,23.63999938964844,24.030000686645508,0
9/15/15,22.540000915527344,22.540000915527344,23.770000457763672,22.12999916,23.280000686645508,0
9/16/15,21.350000381469727,21.350000381469727,22.940000534057617,21.09000015258789,22.56999969482422,0
9/17/15,21.13999938964844,21.13999938964844,23.329999923706055,17.87000084,21.540000915527344,0
9/18/15,22.280000686645508,22.280000686645508,23.989999771118164,20.979999542236328,23.06999969482422,0
9/21/15,20.13999938964844,20.13999938964844,22.479999542236328,20.049999237060547,21.969999313354492,0
9/22/15,22.440000534057617,22.440000534057617,26.290000915527344,22.25,22.969999313354492,0
9/23/15,22.12999916,22.12999916,23.200000762939453,21.13999938964844,22.09000015258789,0
9/24/15,23.469999313354492,23.469999313354492,25.299999237060547,21.809999465942383,23.530000686645508,0
9/25/15,23.62000084,23.62000084,24.290000915527344,20.809999465942383,21.12000084,0
9/28/15,27.62999916,27.62999916,28.329999923706055,24.940000534057617,25.020000457763672,0
9/29/15,26.829999923706055,26.829999923706055,28.200000762939453,25.760000228881836,26.56999969482422,0
9/30/15,24.5,24.5,25.87999916,23.25,24.63999938964844,0
10/1/15,22.549999237060547,22.549999237060547,25.229999542236328,22.549999237060547,23.13999938964844,0
10/2/15,20.940000534057617,20.940000534057617,24.469999313354492,20.350000381469727,23.989999771118164,0
10/5/15,19.540000915527344,19.540000915527344,20.420000076293945,19.13999938964844,20.309999465942383,0
10/6/15,19.399999618530273,19.399999618530273,20.31999969482422,18.81999969482422,19.540000915527344,0
10/7/15,18.399999618530273,18.399999618530273,19.729999542236328,18.329999923706055,18.959999084472656,0
10/8/15,17.420000076293945,17.420000076293945,19.020000457763672,16.34000015258789,18.62000084,0
10/9/15,17.079999923706055,17.079999923706055,18.200000762939453,16.889999389648438,17.149999618530273,0
10/12/15,16.170000076293945,16.170000076293945,17.809999465942383,16.149999618530273,17.68000030517578,0
10/13/15,17.670000076293945,17.670000076293945,17.700000762939453,16.139999389648438,17.079999923706055,0
10/14/15,18.030000686645508,18.030000686645508,18.780000686645508,17.299999237060547,17.670000076293945,0
10/15/15,16.049999237060547,16.049999237060547,17.850000381469727,16.040000915527344,17.62000084,0
10/16/15,15.050000190734863,15.050000190734863,16.860000610351562,15.050000190734863,15.640000343322754,0
10/19/15,14.979999542236328,14.979999542236328,16.229999542236328,14.81999969482422,15.68000030517578,0
10/20/15,15.75,15.75,16.34000015258789,14.720000267028809,15.170000076293944,0
10/21/15,16.700000762939453,16.700000762939453,16.700000762939453,14.40999984741211,14.979999542236328,0
10/22/15,14.449999809265137,14.449999809265137,15.920000076293944,14.449999809265137,15.020000457763672,0
10/23/15,14.460000038146973,14.460000038146973,15.119999885559082,13.239999771118164,13.460000038146973,0
10/26/15,15.289999961853027,15.289999961853027,15.43000030517578,14.68000030517578,14.760000228881836,0
10/27/15,15.43000030517578,15.43000030517578,15.989999771118164,14.779999732971191,15.75,0
10/28/15,14.329999923706056,14.329999923706056,15.729999542236328,12.800000190734863,15.140000343322754,0
10/29/15,14.609999656677246,14.609999656677246,15.460000038146973,14.329999923706056,14.800000190734863,0
10/30/15,15.06999969482422,15.06999969482422,15.390000343322754,14.0,14.600000381469728,0
11/2/15,14.149999618530272,14.149999618530272,15.510000228881836,13.670000076293944,15.40999984741211,0
11/3/15,14.539999961853027,14.539999961853027,14.729999542236328,13.81000042,14.329999923706056,0
11/4/15,15.510000228881836,15.510000228881836,15.880000114440918,13.960000038146973,14.039999961853027,0
11/5/15,15.050000190734863,15.050000190734863,16.389999389648438,15.0,15.390000343322754,0
11/6/15,14.329999923706056,14.329999923706056,16.0,14.31999969482422,14.90999984741211,0
11/9/15,16.520000457763672,16.520000457763672,17.09000015258789,15.140000343322754,15.34000015258789,0
11/10/15,15.289999961853027,15.289999961853027,16.959999084472656,15.239999771118164,16.690000534057617,0
11/11/15,16.059999465942383,16.059999465942383,16.149999618530273,15.020000457763672,15.06999969482422,0
11/12/15,18.37000084,18.37000084,18.5,16.649999618530273,17.059999465942383,0
11/13/15,20.079999923706055,20.079999923706055,20.670000076293945,18.200000762939453,18.68000030517578,0
11/16/15,18.15999984741211,18.15999984741211,20.549999237060547,17.25,20.510000228881836,0
11/17/15,18.84000015258789,18.84000015258789,19.59000015258789,16.860000610351562,17.81999969482422,0
11/18/15,16.850000381469727,16.850000381469727,19.450000762939453,16.799999237060547,19.010000228881836,0
11/19/15,16.989999771118164,16.989999771118164,18.260000228881836,16.0,16.25,0
11/20/15,15.470000267028809,15.470000267028809,16.37999916,15.470000267028809,16.12999916,0
11/23/15,15.619999885559082,15.619999885559082,16.739999771118164,15.380000114440918,16.149999618530273,0
11/24/15,15.93000030517578,15.93000030517578,17.209999084472656,15.479999542236328,16.530000686645508,0
11/25/15,15.18999958,15.18999958,15.890000343322754,15.050000190734863,15.550000190734863,0
11/27/15,15.119999885559082,15.119999885559082,16.09000015258789,15.119999885559082,15.31000042,0
11/30/15,16.12999916,16.12999916,16.56999969482422,15.520000457763672,15.550000190734863,0
12/1/15,14.670000076293944,14.670000076293944,16.34000015258789,14.630000114440918,15.609999656677246,0
12/2/15,15.90999984741211,15.90999984741211,16.489999771118164,14.710000038146973,15.039999961853027,0
12/3/15,18.11000061035156,18.11000061035156,19.350000381469727,15.859999656677246,15.869999885559082,0
12/4/15,14.81000042,14.81000042,17.649999618530273,14.68999958,17.43000030517578,0
12/7/15,15.84000015258789,15.84000015258789,17.18000030517578,15.579999923706056,15.649999618530272,0
12/8/15,17.600000381469727,17.600000381469727,18.329999923706055,16.520000457763672,17.690000534057617,0
12/9/15,19.61000061035156,19.61000061035156,20.12999916,15.720000267028809,18.049999237060547,0
12/10/15,19.34000015258789,19.34000015258789,19.719999313354492,18.12999916,19.25,0
12/11/15,24.38999938964844,24.38999938964844,25.270000457763672,20.87999916,21.36000061035156,0
12/14/15,22.729999542236328,22.729999542236328,26.809999465942383,21.469999313354492,24.700000762939453,0
12/15/15,20.950000762939453,20.950000762939453,21.62000084,20.020000457763672,20.760000228881836,0
12/16/15,17.860000610351562,17.860000610351562,20.239999771118164,17.12000084,19.25,0
12/17/15,18.940000534057617,18.940000534057617,19.049999237060547,16.12999916,16.18000030517578,0
12/18/15,20.700000762939453,20.700000762939453,23.299999237060547,18.75,19.34000015258789,0
12/21/15,18.700000762939453,18.700000762939453,20.209999084472656,18.700000762939453,19.63999938964844,0
12/22/15,16.600000381469727,16.600000381469727,18.219999313354492,16.600000381469727,17.610000610351562,0
12/23/15,15.56999969482422,15.56999969482422,16.25,15.329999923706056,15.859999656677246,0
12/24/15,15.739999771118164,15.739999771118164,15.880000114440918,14.449999809265137,15.43999958,0
12/28/15,16.90999984741211,16.90999984741211,18.12999916,16.87999916,17.649999618530273,0
12/29/15,16.079999923706055,16.079999923706055,16.479999542236328,15.630000114440918,15.90999984741211,0
12/30/15,17.290000915527344,17.290000915527344,17.420000076293945,16.5,16.5,0
12/31/15,18.209999084472656,18.209999084472656,20.38999938964844,17.510000228881836,17.969999313354492,0
1/4/16,20.700000762939453,20.700000762939453,23.36000061035156,20.670000076293945,22.479999542236328,0
1/5/16,19.34000015258789,19.34000015258789,21.059999465942383,19.25,20.75,0
1/6/16,20.59000015258789,20.59000015258789,21.86000061035156,19.799999237060547,21.670000076293945,0
1/7/16,24.989999771118164,24.989999771118164,25.86000061035156,22.399999618530273,23.219999313354492,0
1/8/16,27.010000228881836,27.010000228881836,27.079999923706055,22.479999542236328,22.959999084472656,0
1/11/16,24.299999237060547,24.299999237060547,27.38999938964844,23.829999923706055,25.579999923706055,0
1/12/16,22.469999313354492,22.469999313354492,23.93000030517578,21.90999984741211,22.969999313354492,0
1/13/16,25.219999313354492,25.219999313354492,26.11000061035156,21.440000534057617,21.719999313354492,0
1/14/16,23.950000762939453,23.950000762939453,26.280000686645508,23.06999969482422,24.75,0
1/15/16,27.020000457763672,27.020000457763672,30.950000762939453,26.670000076293945,28.959999084472656,0
1/19/16,26.049999237060547,26.049999237060547,27.59000015258789,25.209999084472656,25.399999618530273,0
1/20/16,27.59000015258789,27.59000015258789,32.09000015258789,26.59000015258789,27.780000686645508,0
1/21/16,26.690000534057617,26.690000534057617,28.43000030517578,25.010000228881836,27.790000915527344,0
1/22/16,22.34000015258789,22.34000015258789,24.549999237060547,22.219999313354492,24.209999084472656,0
1/25/16,24.149999618530273,24.149999618530273,24.309999465942383,22.37999916,23.299999237060547,0
1/26/16,22.5,22.5,24.020000457763672,22.329999923706055,23.75,0
1/27/16,23.11000061035156,23.11000061035156,27.219999313354492,20.420000076293945,22.87999916,0
1/28/16,22.420000076293945,22.420000076293945,23.809999465942383,21.899999618530273,22.149999618530273,0
1/29/16,20.200000762939453,20.200000762939453,21.739999771118164,19.5,21.59000015258789,0
2/1/16,19.979999542236328,19.979999542236328,23.65999984741211,19.61000061035156,21.31999969482422,0
2/2/16,21.979999542236328,21.979999542236328,22.420000076293945,21.059999465942383,21.34000015258789,0
2/3/16,21.649999618530273,21.649999618530273,27.700000762939453,21.420000076293945,21.489999771118164,0
2/4/16,21.84000015258789,21.84000015258789,23.13999938964844,21.239999771118164,22.290000915527344,0
2/5/16,23.37999916,23.37999916,24.11000061035156,21.90999984741211,22.09000015258789,0
2/8/16,26.0,26.0,27.719999313354492,25.559999465942383,25.88999938964844,0
2/9/16,26.540000915527344,26.540000915527344,28.309999465942383,25.989999771118164,28.299999237060547,0
2/10/16,26.290000915527344,26.290000915527344,26.600000381469727,24.469999313354492,25.75,0
2/11/16,28.13999938964844,28.13999938964844,30.899999618530273,26.670000076293945,29.010000228881836,0
2/12/16,25.399999618530273,25.399999618530273,27.56999969482422,24.920000076293945,27.15999984741211,0
2/16/16,24.11000061035156,24.11000061035156,25.520000457763672,23.31999969482422,24.959999084472656,0
2/17/16,22.309999465942383,22.309999465942383,24.15999984741211,21.829999923706055,23.399999618530273,0
2/18/16,21.63999938964844,21.63999938964844,22.530000686645508,21.290000915527344,22.15999984741211,0
2/19/16,20.530000686645508,20.530000686645508,23.440000534057617,20.520000457763672,22.38999938964844,0
2/22/16,19.37999916,19.37999916,20.350000381469727,19.020000457763672,20.13999938964844,0
2/23/16,20.979999542236328,20.979999542236328,21.15999984741211,19.540000915527344,19.75,0
2/24/16,20.719999313354492,20.719999313354492,22.87000084,20.260000228881836,22.280000686645508,0
2/25/16,19.11000061035156,19.11000061035156,21.260000228881836,19.100000381469727,20.540000915527344,0
2/26/16,19.809999465942383,19.809999465942383,20.12999916,18.459999084472656,18.88999938964844,0
2/29/16,20.549999237060547,20.549999237060547,20.809999465942383,18.37999916,20.489999771118164,0
3/1/16,17.700000762939453,17.700000762939453,20.170000076293945,17.65999984741211,19.84000015258789,0
3/2/16,17.09000015258789,17.09000015258789,18.40999984741211,16.780000686645508,17.979999542236328,0
3/3/16,16.700000762939453,16.700000762939453,17.559999465942383,16.31999969482422,17.25,0
3/4/16,16.860000610351562,16.860000610351562,17.350000381469727,16.049999237060547,16.479999542236328,0
3/7/16,17.350000381469727,17.350000381469727,18.040000915527344,16.87000084,17.979999542236328,0
3/8/16,18.670000076293945,18.670000076293945,18.88999938964844,17.81999969482422,18.37999916,0
3/9/16,18.34000015258789,18.34000015258789,19.11000061035156,18.309999465942383,18.559999465942383,0
3/10/16,18.049999237060547,18.049999237060547,19.59000015258789,17.059999465942383,18.170000076293945,0
3/11/16,16.5,16.5,17.270000457763672,16.280000686645508,17.09000015258789,0
3/14/16,16.920000076293945,16.920000076293945,17.670000076293945,16.690000534057617,17.010000228881836,0
3/15/16,16.84000015258789,16.84000015258789,17.850000381469727,16.84000015258789,17.600000381469727,0
3/16/16,14.989999771118164,14.989999771118164,16.329999923706055,14.890000343322754,15.960000038146973,0
3/17/16,14.43999958,14.43999958,15.380000114440918,13.81999969482422,15.34000015258789,0
3/18/16,14.020000457763672,14.020000457763672,14.359999656677246,13.75,14.050000190734863,0
3/21/16,13.789999961853027,13.789999961853027,14.729999542236328,13.789999961853027,14.56999969482422,0
3/22/16,14.170000076293944,14.170000076293944,14.760000228881836,13.75,14.56999969482422,0
3/23/16,14.93999958,14.93999958,15.029999732971191,14.329999923706056,14.56999969482422,0
3/24/16,14.739999771118164,14.739999771118164,16.440000534057617,14.710000038146973,16.299999237060547,0
3/28/16,15.239999771118164,15.239999771118164,16.040000915527344,14.890000343322754,15.649999618530272,0
3/29/16,13.81999969482422,13.81999969482422,15.890000343322754,13.789999961853027,15.739999771118164,0
3/30/16,13.56000042,13.56000042,13.890000343322754,13.06000042,13.68999958,0
3/31/16,13.949999809265137,13.949999809265137,14.279999732971191,13.489999771118164,13.729999542236328,0
4/1/16,13.100000381469728,13.100000381469728,15.279999732971191,13.0,15.229999542236328,0
4/4/16,14.119999885559082,14.119999885559082,14.239999771118164,13.65999984741211,13.880000114440918,0
4/5/16,15.420000076293944,15.420000076293944,15.720000267028809,14.93000030517578,15.390000343322754,0
4/6/16,14.09000015258789,14.09000015258789,15.979999542236328,14.0,15.609999656677246,0
4/7/16,16.15999984741211,16.15999984741211,16.770000457763672,14.68000030517578,15.140000343322754,0
4/8/16,15.359999656677246,15.359999656677246,15.93000030517578,14.84000015258789,15.34000015258789,0
4/11/16,16.260000228881836,16.260000228881836,16.260000228881836,14.829999923706056,15.34000015258789,0
4/12/16,14.850000381469728,14.850000381469728,16.56999969482422,14.84000015258789,15.979999542236328,0
4/13/16,13.84000015258789,13.84000015258789,14.529999732971191,13.600000381469728,14.489999771118164,0
4/14/16,13.720000267028809,13.720000267028809,14.119999885559082,13.380000114440918,13.899999618530272,0
4/15/16,13.619999885559082,13.619999885559082,14.18999958,13.579999923706056,13.770000457763672,0
4/18/16,13.350000381469728,13.350000381469728,14.93999958,13.229999542236328,14.869999885559082,0
4/19/16,13.239999771118164,13.239999771118164,13.880000114440918,12.979999542236328,13.18000030517578,0
4/20/16,13.279999732971191,13.279999732971191,13.5,12.5,13.390000343322754,0
4/21/16,13.949999809265137,13.949999809265137,14.140000343322754,13.15999984741211,13.199999809265137,0
4/22/16,13.220000267028809,13.220000267028809,14.18999958,13.149999618530272,13.699999809265137,0
4/25/16,14.079999923706056,14.079999923706056,14.760000228881836,13.859999656677246,14.06999969482422,0
4/26/16,13.960000038146973,13.960000038146973,14.43000030517578,13.65999984741211,14.010000228881836,0
4/27/16,13.770000457763672,13.770000457763672,14.949999809265137,13.5,14.149999618530272,0
4/28/16,15.220000267028809,15.220000267028809,15.609999656677246,13.300000190734863,14.529999732971191,0
4/29/16,15.699999809265137,15.699999809265137,17.09000015258789,14.90999984741211,15.210000038146973,0
5/2/16,14.68000030517578,14.68000030517578,16.5,14.479999542236328,16.329999923706055,0
5/3/16,15.600000381469728,15.600000381469728,16.420000076293945,14.90999984741211,14.920000076293944,0
5/4/16,16.049999237060547,16.049999237060547,16.850000381469727,15.390000343322754,15.470000267028809,0
5/5/16,15.90999984741211,15.90999984741211,16.450000762939453,15.220000267028809,15.539999961853027,0
5/6/16,14.720000267028809,14.720000267028809,16.579999923706055,14.710000038146973,16.200000762939453,0
5/9/16,14.56999969482422,14.56999969482422,15.390000343322754,14.170000076293944,15.199999809265137,0
5/10/16,13.630000114440918,13.630000114440918,14.350000381469728,13.550000190734863,13.979999542236328,0
5/11/16,14.68999958,14.68999958,14.68999958,13.289999961853027,13.920000076293944,0
5/12/16,14.40999984741211,14.40999984741211,15.420000076293944,13.949999809265137,14.550000190734863,0
5/13/16,15.039999961853027,15.039999961853027,15.470000267028809,13.970000267028809,15.149999618530272,0
5/16/16,14.68000030517578,14.68000030517578,15.979999542236328,14.279999732971191,15.720000267028809,0
5/17/16,15.56999969482422,15.56999969482422,16.12000084,14.479999542236328,14.56999969482422,0
5/18/16,15.949999809265137,15.949999809265137,16.469999313354492,14.859999656677246,15.720000267028809,0
5/19/16,16.329999923706055,16.329999923706055,17.649999618530273,16.280000686645508,16.37000084,0
5/20/16,15.199999809265137,15.199999809265137,16.299999237060547,15.109999656677246,16.12999916,0
5/23/16,15.81999969482422,15.81999969482422,16.469999313354492,15.399999618530272,16.329999923706055,0
5/24/16,14.420000076293944,14.420000076293944,16.059999465942383,14.359999656677246,16.030000686645508,0
5/25/16,13.899999618530272,13.899999618530272,14.329999923706056,13.640000343322754,14.18999958,0
5/26/16,13.43000030517578,13.43000030517578,14.109999656677246,13.43000030517578,13.800000190734863,0
5/27/16,13.119999885559082,13.119999885559082,13.760000228881836,13.039999961853027,13.489999771118164,0
5/31/16,14.18999958,14.18999958,15.0,13.449999809265137,13.93999958,0
6/1/16,14.199999809265137,14.199999809265137,15.25,14.18000030517578,14.449999809265137,0
6/2/16,13.630000114440918,13.630000114440918,14.920000076293944,13.619999885559082,14.420000076293944,0
6/3/16,13.470000267028809,13.470000267028809,14.65999984741211,12.899999618530272,13.779999732971191,0
6/6/16,13.649999618530272,13.649999618530272,14.270000457763672,13.420000076293944,13.84000015258789,0
6/7/16,14.050000190734863,14.050000190734863,14.050000190734863,12.720000267028809,12.770000457763672,0
6/8/16,14.079999923706056,14.079999923706056,14.270000457763672,13.699999809265137,13.84000015258789,0
6/9/16,14.640000343322754,14.640000343322754,14.850000381469728,13.989999771118164,14.010000228881836,0
6/10/16,17.030000686645508,17.030000686645508,17.329999923706055,14.850000381469728,14.890000343322754,0
6/13/16,20.969999313354492,20.969999313354492,21.010000228881836,17.889999389648438,18.239999771118164,0
6/14/16,20.5,20.5,22.15999984741211,20.270000457763672,21.280000686645508,0
6/15/16,20.13999938964844,20.13999938964844,20.450000762939453,18.62999916,20.25,0
6/16/16,19.37000084,19.37000084,22.88999938964844,19.239999771118164,20.799999237060547,0
6/17/16,19.40999984741211,19.40999984741211,20.030000686645508,18.709999084472656,19.420000076293945,0
6/20/16,18.37000084,18.37000084,18.549999237060547,16.59000015258789,17.420000076293945,0
6/21/16,18.479999542236328,18.479999542236328,18.959999084472656,16.90999984741211,17.670000076293945,0
6/22/16,21.170000076293945,21.170000076293945,21.219999313354492,17.829999923706055,18.260000228881836,0
6/23/16,17.25,17.25,19.790000915527344,17.25,19.540000915527344,0
6/24/16,25.760000228881836,25.760000228881836,26.239999771118164,19.479999542236328,26.059999465942383,0
6/27/16,23.850000381469727,23.850000381469727,26.719999313354492,22.93000030517578,24.37999916,0
6/28/16,18.75,18.75,22.06999969482422,18.75,21.760000228881836,0
6/29/16,16.639999389648438,16.639999389648438,18.270000457763672,16.479999542236328,18.12000084,0
6/30/16,15.630000114440918,15.630000114440918,16.989999771118164,15.289999961853027,16.90999984741211,0
7/1/16,14.770000457763672,14.770000457763672,15.859999656677246,14.609999656677246,15.59000015258789,0
7/5/16,15.579999923706056,15.579999923706056,16.62000084,15.489999771118164,16.049999237060547,0
7/6/16,14.960000038146973,14.960000038146973,17.040000915527344,14.960000038146973,15.869999885559082,0
7/7/16,14.760000228881836,14.760000228881836,15.979999542236328,14.329999923706056,14.800000190734863,0
7/8/16,13.199999809265137,13.199999809265137,14.75,13.18999958,14.640000343322754,0
7/11/16,13.539999961853027,13.539999961853027,13.670000076293944,13.0,13.25,0
7/12/16,13.550000190734863,13.550000190734863,13.93000030517578,12.75,12.93000030517578,0
7/13/16,13.039999961853027,13.039999961853027,13.789999961853027,12.920000076293944,13.31999969482422,0
7/14/16,12.81999969482422,12.81999969482422,13.369999885559082,12.140000343322754,12.5,0
7/15/16,12.670000076293944,12.670000076293944,13.220000267028809,12.270000457763672,13.119999885559082,0
7/18/16,12.43999958,12.43999958,13.119999885559082,12.329999923706056,12.75,0
7/19/16,11.970000267028809,11.970000267028809,12.829999923706056,11.93999958,12.529999732971191,0
7/20/16,11.770000457763672,11.770000457763672,11.970000267028809,11.399999618530272,11.93999958,0
7/21/16,12.739999771118164,12.739999771118164,13.06000042,11.68999958,11.800000190734863,0
7/22/16,12.020000457763672,12.020000457763672,12.880000114440918,11.970000267028809,12.800000190734863,0
7/25/16,12.869999885559082,12.869999885559082,13.720000267028809,12.390000343322754,12.640000343322754,0
7/26/16,13.050000190734863,13.050000190734863,13.5,12.800000190734863,12.880000114440918,0
7/27/16,12.829999923706056,12.829999923706056,13.739999771118164,12.5,12.609999656677246,0
7/28/16,12.720000267028809,12.720000267028809,13.520000457763672,12.359999656677246,12.510000228881836,0
7/29/16,11.869999885559082,11.869999885559082,12.899999618530272,11.770000457763672,12.850000381469728,0
8/1/16,12.43999958,12.43999958,12.979999542236328,11.859999656677246,11.890000343322754,0
8/2/16,13.369999885559082,13.369999885559082,14.239999771118164,12.350000381469728,12.390000343322754,0
8/3/16,12.859999656677246,12.859999656677246,13.90999984741211,12.729999542236328,13.529999732971191,0
8/4/16,12.420000076293944,12.420000076293944,12.979999542236328,11.789999961853027,12.729999542236328,0
8/5/16,11.390000343322754,11.390000343322754,12.260000228881836,11.18000030517578,12.079999923706056,0
8/8/16,11.5,11.5,11.779999732971191,11.40999984741211,11.65999984741211,0
8/9/16,11.65999984741211,11.65999984741211,11.920000076293944,11.020000457763672,11.399999618530272,0
8/10/16,12.050000190734863,12.050000190734863,12.5,11.369999885559082,11.550000190734863,0
8/11/16,11.68000030517578,11.68000030517578,12.109999656677246,11.380000114440918,11.93000030517578,0
8/12/16,11.550000190734863,11.550000190734863,12.0,11.279999732971191,11.609999656677246,0
8/15/16,11.81000042,11.81000042,12.170000076293944,11.579999923706056,11.81000042,0
8/16/16,12.640000343322754,12.640000343322754,12.779999732971191,11.869999885559082,12.039999961853027,0
8/17/16,12.18999958,12.18999958,13.710000038146973,12.140000343322754,12.56999969482422,0
8/18/16,11.43000030517578,11.43000030517578,12.529999732971191,11.420000076293944,12.199999809265137,0
8/19/16,11.34000015258789,11.34000015258789,12.279999732971191,11.329999923706056,11.670000076293944,0
8/22/16,12.270000457763672,12.270000457763672,13.020000457763672,11.93999958,12.529999732971191,0
8/23/16,12.380000114440918,12.380000114440918,12.43999958,11.720000267028809,12.149999618530272,0
8/24/16,13.449999809265137,13.449999809265137,14.010000228881836,12.300000190734863,12.699999809265137,0
8/25/16,13.630000114440918,13.630000114440918,14.09000015258789,13.289999961853027,13.619999885559082,0
8/26/16,13.649999618530272,13.649999618530272,14.93000030517578,12.130000114440918,13.539999961853027,0
8/29/16,12.93999958,12.93999958,14.43000030517578,12.899999618530272,14.09000015258789,0
8/30/16,13.119999885559082,13.119999885559082,13.600000381469728,12.699999809265137,12.93999958,0
8/31/16,13.420000076293944,13.420000076293944,14.34000015258789,12.970000267028809,13.140000343322754,0
9/1/16,13.479999542236328,13.479999542236328,14.609999656677246,12.989999771118164,13.06999969482422,0
9/2/16,11.979999542236328,11.979999542236328,13.899999618530272,11.899999618530272,13.470000267028809,0
9/6/16,12.020000457763672,12.020000457763672,12.93000030517578,11.850000381469728,12.420000076293944,0
9/7/16,11.93999958,11.93999958,12.449999809265137,11.770000457763672,11.890000343322754,0
9/8/16,12.510000228881836,12.510000228881836,12.600000381469728,11.649999618530272,11.739999771118164,0
9/9/16,17.5,17.5,17.540000915527344,12.520000457763672,12.520000457763672,0
9/12/16,15.15999984741211,15.15999984741211,20.510000228881836,14.760000228881836,20.12999916,0
9/13/16,17.850000381469727,17.850000381469727,18.969999313354492,15.829999923706056,15.979999542236328,0
9/14/16,18.13999938964844,18.13999938964844,18.13999938964844,16.34000015258789,17.62999916,0
9/15/16,16.299999237060547,16.299999237060547,18.06999969482422,15.739999771118164,17.969999313354492,0
9/16/16,15.369999885559082,15.369999885559082,17.100000381469727,15.279999732971191,16.40999984741211,0
9/19/16,15.529999732971191,15.529999732971191,15.960000038146973,14.600000381469728,15.140000343322754,0
9/20/16,15.920000076293944,15.920000076293944,16.09000015258789,14.68999958,14.979999542236328,0
9/21/16,13.300000190734863,13.300000190734863,15.649999618530272,12.979999542236328,15.06999969482422,0
9/22/16,12.020000457763672,12.020000457763672,13.390000343322754,11.760000228881836,13.390000343322754,0
9/23/16,12.289999961853027,12.289999961853027,12.579999923706056,11.93000030517578,12.0,0
9/26/16,14.5,14.5,14.630000114440918,13.260000228881836,13.260000228881836,0
9/27/16,13.100000381469728,13.100000381469728,14.760000228881836,12.970000267028809,13.359999656677246,0
9/28/16,12.390000343322754,12.390000343322754,13.56999969482422,12.239999771118164,12.899999618530272,0
9/29/16,14.020000457763672,14.020000457763672,15.68999958,12.140000343322754,12.529999732971191,0
9/30/16,13.289999961853027,13.289999961853027,15.199999809265137,12.529999732971191,14.90999984741211,0
10/3/16,13.56999969482422,13.56999969482422,14.420000076293944,13.420000076293944,13.75,0
10/4/16,13.630000114440918,13.630000114440918,14.56999969482422,12.920000076293944,13.399999618530272,0
10/5/16,12.989999771118164,12.989999771118164,13.68000030517578,12.699999809265137,13.56000042,0
10/6/16,12.84000015258789,12.84000015258789,13.84000015258789,12.800000190734863,13.109999656677246,0
10/7/16,13.479999542236328,13.479999542236328,14.149999618530272,12.210000038146973,13.520000457763672,0
10/10/16,13.380000114440918,13.380000114440918,14.359999656677246,13.289999961853027,14.18999958,0
10/11/16,15.359999656677246,15.359999656677246,16.469999313354492,13.68999958,13.710000038146973,0
10/12/16,15.90999984741211,15.90999984741211,16.34000015258789,15.260000228881836,15.529999732971191,0
10/13/16,16.690000534057617,16.690000534057617,17.950000762939453,16.139999389648438,16.87999916,0
10/14/16,16.12000084,16.12000084,16.5,15.25,16.489999771118164,0
10/17/16,16.209999084472656,16.209999084472656,17.110000610351562,16.12999916,17.010000228881836,0
10/18/16,15.279999732971191,15.279999732971191,15.850000381469728,15.029999732971191,15.81999969482422,0
10/19/16,14.40999984741211,14.40999984741211,15.68000030517578,13.869999885559082,15.449999809265137,0
10/20/16,13.75,13.75,14.720000267028809,13.739999771118164,14.43000030517578,0
10/21/16,13.34000015258789,13.34000015258789,14.529999732971191,13.270000457763672,14.039999961853027,0
10/24/16,13.020000457763672,13.020000457763672,13.260000228881836,12.829999923706056,13.18999958,0
10/25/16,13.460000038146973,13.460000038146973,13.859999656677246,12.729999542236328,12.90999984741211,0
10/26/16,14.239999771118164,14.239999771118164,14.800000190734863,13.65999984741211,13.65999984741211,0
10/27/16,15.359999656677246,15.359999656677246,15.43000030517578,13.600000381469728,14.369999885559082,0
10/28/16,16.190000534057617,16.190000534057617,17.350000381469727,14.649999618530272,15.670000076293944,0
10/31/16,17.059999465942383,17.059999465942383,17.62999916,16.25,16.309999465942383,0
11/1/16,18.559999465942383,18.559999465942383,20.43000030517578,16.510000228881836,16.540000915527344,0
11/2/16,19.31999969482422,19.31999969482422,19.81999969482422,18.559999465942383,19.09000015258789,0
11/3/16,22.079999923706055,22.079999923706055,22.56999969482422,18.84000015258789,19.850000381469727,0
11/4/16,22.510000228881836,22.510000228881836,23.010000228881836,19.200000762939453,21.86000061035156,0
11/7/16,18.709999084472656,18.709999084472656,19.86000061035156,18.38999938964844,19.780000686645508,0
11/8/16,18.739999771118164,18.739999771118164,19.90999984741211,17.700000762939453,18.920000076293945,0
11/9/16,14.380000114440918,14.380000114440918,21.479999542236328,14.329999923706056,20.700000762939453,0
11/10/16,14.739999771118164,14.739999771118164,16.299999237060547,13.260000228881836,14.010000228881836,0
11/11/16,14.170000076293944,14.170000076293944,16.0,14.149999618530272,14.829999923706056,0
11/14/16,14.479999542236328,14.479999542236328,15.56000042,14.390000343322754,14.68999958,0
11/15/16,13.369999885559082,13.369999885559082,14.649999618530272,13.300000190734863,14.15999984741211,0
11/16/16,13.720000267028809,13.720000267028809,14.489999771118164,13.510000228881836,13.510000228881836,0
11/17/16,13.350000381469728,13.350000381469728,13.550000190734863,12.970000267028809,13.369999885559082,0
11/18/16,12.850000381469728,12.850000381469728,13.739999771118164,12.850000381469728,13.56000042,0
11/21/16,12.420000076293944,12.420000076293944,13.43999958,12.15999984741211,13.270000457763672,0
11/22/16,12.40999984741211,12.40999984741211,12.829999923706056,12.199999809265137,12.260000228881836,0
11/23/16,12.43000030517578,12.43000030517578,13.010000228881836,12.18999958,12.34000015258789,0
11/25/16,12.34000015258789,12.34000015258789,12.739999771118164,12.31000042,12.520000457763672,0
11/28/16,13.149999618530272,13.149999618530272,13.5,12.739999771118164,13.399999618530272,0
11/29/16,12.899999618530272,12.899999618530272,13.550000190734863,12.619999885559082,13.06999969482422,0
11/30/16,13.329999923706056,13.329999923706056,13.420000076293944,12.229999542236328,12.600000381469728,0
12/1/16,14.06999969482422,14.06999969482422,14.720000267028809,13.050000190734863,13.399999618530272,0
12/2/16,14.119999885559082,14.119999885559082,14.479999542236328,12.390000343322754,14.15999984741211,0
12/5/16,12.140000343322754,12.140000343322754,13.770000457763672,12.140000343322754,13.75,0
12/6/16,11.789999961853027,11.789999961853027,12.300000190734863,11.539999961853027,12.18999958,0
12/7/16,12.220000267028809,12.220000267028809,12.239999771118164,11.329999923706056,11.59000015258789,0
12/8/16,12.640000343322754,12.640000343322754,13.399999618530272,11.300000190734863,12.100000381469728,0
12/9/16,11.75,11.75,12.720000267028809,11.670000076293944,12.59000015258789,0
12/12/16,12.640000343322754,12.640000343322754,12.779999732971191,12.06999969482422,12.229999542236328,0
12/13/16,12.720000267028809,12.720000267028809,13.420000076293944,12.34000015258789,12.460000038146973,0
12/14/16,13.18999958,13.18999958,13.390000343322754,12.479999542236328,12.880000114440918,0
12/15/16,12.789999961853027,12.789999961853027,13.239999771118164,12.460000038146973,13.06999969482422,0
12/16/16,12.199999809265137,12.199999809265137,12.949999809265137,12.149999618530272,12.880000114440918,0
12/19/16,11.710000038146973,11.710000038146973,12.520000457763672,11.670000076293944,12.5,0
12/20/16,11.449999809265137,11.449999809265137,11.75,11.380000114440918,11.649999618530272,0
12/21/16,11.270000457763672,11.270000457763672,11.489999771118164,10.93000030517578,11.43999958,0
12/22/16,11.43000030517578,11.43000030517578,11.670000076293944,11.140000343322754,11.31999969482422,0
12/23/16,11.43999958,11.43999958,11.81000042,11.350000381469728,11.380000114440918,0
12/27/16,11.989999771118164,11.989999771118164,12.329999923706056,11.84000015258789,12.260000228881836,0
12/28/16,12.949999809265137,12.949999809265137,13.039999961853027,11.850000381469728,11.890000343322754,0
12/29/16,13.369999885559082,13.369999885559082,13.710000038146973,12.949999809265137,13.149999618530272,0
12/30/16,14.039999961853027,14.039999961853027,14.68000030517578,13.050000190734863,13.199999809265137,0
1/3/17,12.850000381469728,12.850000381469728,14.06999969482422,12.850000381469728,14.06999969482422,0
1/4/17,11.850000381469728,11.850000381469728,12.800000190734863,11.630000114440918,12.779999732971191,0
1/5/17,11.670000076293944,11.670000076293944,12.09000015258789,11.399999618530272,11.960000038146973,0
1/6/17,11.31999969482422,11.31999969482422,11.739999771118164,10.979999542236328,11.699999809265137,0
1/9/17,11.56000042,11.56000042,12.079999923706056,11.460000038146973,11.710000038146973,0
1/10/17,11.489999771118164,11.489999771118164,11.789999961853027,11.31000042,11.59000015258789,0
1/11/17,11.260000228881836,11.260000228881836,12.229999542236328,11.210000038146973,11.56000042,0
1/12/17,11.539999961853027,11.539999961853027,12.600000381469728,11.31999969482422,11.479999542236328,0
1/13/17,11.229999542236328,11.229999542236328,11.619999885559082,10.93999958,11.449999809265137,0
1/17/17,11.869999885559082,11.869999885559082,12.75,11.789999961853027,12.199999809265137,0
1/18/17,12.479999542236328,12.479999542236328,12.81000042,11.68999958,11.789999961853027,0
1/19/17,12.779999732971191,12.779999732971191,13.279999732971191,12.170000076293944,12.579999923706056,0
1/20/17,11.539999961853027,11.539999961853027,12.59000015258789,11.529999732971191,12.579999923706056,0
1/23/17,11.770000457763672,11.770000457763672,12.619999885559082,11.59000015258789,12.300000190734863,0
1/24/17,11.06999969482422,11.06999969482422,11.890000343322754,11.039999961853027,11.81999969482422,0
1/25/17,10.81000042,10.81000042,11.050000190734863,10.510000228881836,10.789999961853027,0
1/26/17,10.630000114440918,10.630000114440918,11.010000228881836,10.600000381469728,10.609999656677246,0
1/27/17,10.579999923706056,10.579999923706056,10.81999969482422,10.300000190734863,10.56999969482422,0
1/30/17,11.880000114440918,11.880000114440918,12.899999618530272,11.100000381469728,11.100000381469728,0
1/31/17,11.989999771118164,11.989999771118164,12.989999771118164,11.789999961853027,12.289999961853027,0
2/1/17,11.81000042,11.81000042,12.050000190734863,9.970000267028809,11.789999961853027,0
2/2/17,11.93000030517578,11.93000030517578,12.470000267028809,11.619999885559082,12.369999885559082,0
2/3/17,10.970000267028809,10.970000267028809,11.84000015258789,10.720000267028809,11.84000015258789,0
2/6/17,11.369999885559082,11.369999885559082,11.84000015258789,11.09000015258789,11.369999885559082,0
2/7/17,11.289999961853027,11.289999961853027,11.670000076293944,11.06000042,11.390000343322754,0
2/8/17,11.449999809265137,11.449999809265137,11.81999969482422,11.149999618530272,11.18999958,0
2/9/17,10.880000114440918,10.880000114440918,11.529999732971191,10.739999771118164,11.43999958,0
2/10/17,10.850000381469728,10.850000381469728,10.949999809265137,10.550000190734863,10.850000381469728,0
2/13/17,11.06999969482422,11.06999969482422,11.399999618530272,11.06999969482422,11.359999656677246,0
2/14/17,10.739999771118164,10.739999771118164,11.34000015258789,10.729999542236328,11.170000076293944,0
2/15/17,11.970000267028809,11.970000267028809,12.010000228881836,10.800000190734863,10.84000015258789,0
2/16/17,11.760000228881836,11.760000228881836,12.859999656677246,11.68999958,12.020000457763672,0
2/17/17,11.489999771118164,11.489999771118164,12.260000228881836,11.369999885559082,11.84000015258789,0
2/21/17,11.56999969482422,11.56999969482422,12.09000015258789,11.5,12.050000190734863,0
2/22/17,11.739999771118164,11.739999771118164,12.06999969482422,11.43999958,11.479999542236328,0
2/23/17,11.710000038146973,11.710000038146973,12.460000038146973,11.539999961853027,11.65999984741211,0
2/24/17,11.470000267028809,11.470000267028809,12.59000015258789,11.34000015258789,11.81000042,0
2/27/17,12.09000015258789,12.09000015258789,12.140000343322754,11.529999732971191,11.779999732971191,0
2/28/17,12.920000076293944,12.920000076293944,12.960000038146973,12.130000114440918,12.18999958,0
3/1/17,12.539999961853027,12.539999961853027,12.579999923706056,11.779999732971191,12.31000042,0
3/2/17,11.81000042,11.81000042,12.710000038146973,11.31999969482422,12.43000030517578,0
3/3/17,10.960000038146973,10.960000038146973,11.970000267028809,10.93999958,11.960000038146973,0
3/6/17,11.239999771118164,11.239999771118164,11.720000267028809,11.06000042,11.59000015258789,0
3/7/17,11.449999809265137,11.449999809265137,11.579999923706056,11.039999961853027,11.270000457763672,0
3/8/17,11.859999656677246,11.859999656677246,11.859999656677246,11.09000015258789,11.489999771118164,0
3/9/17,12.300000190734863,12.300000190734863,12.43000030517578,11.619999885559082,11.75,0
3/10/17,11.65999984741211,11.65999984741211,12.09000015258789,11.460000038146973,11.970000267028809,0
3/13/17,11.350000381469728,11.350000381469728,12.229999542236328,11.289999961853027,12.15999984741211,0
3/14/17,12.300000190734863,12.300000190734863,12.539999961853027,11.279999732971191,11.390000343322754,0
3/15/17,11.630000114440918,11.630000114440918,12.25,10.600000381469728,12.119999885559082,0
3/16/17,11.210000038146973,11.210000038146973,11.550000190734863,11.15999984741211,11.289999961853027,0
3/17/17,11.279999732971191,11.279999732971191,11.380000114440918,10.779999732971191,11.380000114440918,0
3/20/17,11.34000015258789,11.34000015258789,11.720000267028809,11.029999732971191,11.710000038146973,0
3/21/17,12.470000267028809,12.470000267028809,12.850000381469728,10.920000076293944,11.149999618530272,0
3/22/17,12.81000042,12.81000042,13.15999984741211,11.989999771118164,12.949999809265137,0
3/23/17,13.119999885559082,13.119999885559082,13.170000076293944,12.18000030517578,12.649999618530272,0
3/24/17,12.960000038146973,12.960000038146973,14.15999984741211,12.270000457763672,12.859999656677246,0
3/27/17,12.5,12.5,15.109999656677246,12.479999542236328,14.779999732971191,0
3/28/17,11.529999732971191,11.529999732971191,12.670000076293944,11.34000015258789,12.43999958,0
3/29/17,11.420000076293944,11.420000076293944,11.699999809265137,11.029999732971191,11.539999961853027,0
3/30/17,11.539999961853027,11.539999961853027,11.640000343322754,11.119999885559082,11.369999885559082,0
3/31/17,12.369999885559082,12.369999885559082,12.539999961853027,11.5,11.609999656677246,0
4/3/17,12.380000114440918,12.380000114440918,13.59000015258789,12.270000457763672,12.59000015258789,0
4/4/17,11.789999961853027,11.789999961853027,13.06999969482422,11.699999809265137,12.710000038146973,0
4/5/17,12.890000343322754,12.890000343322754,12.890000343322754,10.899999618530272,11.890000343322754,0
4/6/17,12.390000343322754,12.390000343322754,13.220000267028809,11.699999809265137,13.109999656677246,0
4/7/17,12.869999885559082,12.869999885559082,13.43000030517578,12.229999542236328,13.170000076293944,0
4/10/17,14.050000190734863,14.050000190734863,14.109999656677246,12.93999958,13.239999771118164,0
4/11/17,15.06999969482422,15.06999969482422,15.880000114440918,14.170000076293944,14.31999969482422,0
4/12/17,15.770000457763672,15.770000457763672,16.15999984741211,14.84000015258789,15.15999984741211,0
4/13/17,15.960000038146973,15.960000038146973,16.219999313354492,14.970000267028809,15.890000343322754,0
4/17/17,14.65999984741211,14.65999984741211,16.280000686645508,14.600000381469728,16.190000534057617,0
4/18/17,14.420000076293944,14.420000076293944,15.5,14.289999961853027,14.5,0
4/19/17,14.93000030517578,14.93000030517578,15.149999618530272,13.460000038146973,14.0,0
4/20/17,14.149999618530272,14.149999618530272,14.81000042,13.829999923706056,14.59000015258789,0
4/21/17,14.630000114440918,14.630000114440918,15.329999923706056,13.850000381469728,13.850000381469728,0
4/24/17,10.84000015258789,10.84000015258789,12.010000228881836,10.81999969482422,11.56000042,0
4/25/17,10.760000228881836,10.760000228881836,11.149999618530272,10.220000267028809,10.81000042,0
4/26/17,10.850000381469728,10.850000381469728,10.890000343322754,10.390000343322754,10.609999656677246,0
4/27/17,10.359999656677246,10.359999656677246,11.079999923706056,10.329999923706056,10.720000267028809,0
4/28/17,10.81999969482422,10.81999969482422,11.15999984741211,10.289999961853027,10.390000343322754,0
5/1/17,10.109999656677246,10.109999656677246,11.039999961853027,9.899999618530272,10.920000076293944,0
5/2/17,10.59000015258789,10.59000015258789,10.59000015258789,10.039999961853027,10.149999618530272,0
5/3/17,10.68000030517578,10.68000030517578,11.149999618530272,10.399999618530272,10.56000042,0
5/4/17,10.460000038146973,10.460000038146973,11.239999771118164,10.270000457763672,10.710000038146973,0
5/5/17,10.56999969482422,10.56999969482422,10.979999542236328,9.989999771118164,10.510000228881836,0
5/8/17,9.770000457763672,9.770000457763672,10.550000190734863,9.670000076293944,10.529999732971191,0
5/9/17,9.960000038146973,9.960000038146973,10.140000343322754,9.56000042,9.869999885559082,0
5/10/17,10.210000038146973,10.210000038146973,10.239999771118164,9.619999885559082,9.75,0
5/11/17,10.600000381469728,10.600000381469728,11.229999542236328,10.31999969482422,10.34000015258789,0
5/12/17,10.399999618530272,10.399999618530272,10.869999885559082,10.279999732971191,10.720000267028809,0
5/15/17,10.420000076293944,10.420000076293944,10.880000114440918,10.25,10.539999961853027,0
5/16/17,10.649999618530272,10.649999618530272,10.670000076293944,10.18000030517578,10.460000038146973,0
5/17/17,15.59000015258789,15.59000015258789,15.59000015258789,11.529999732971191,11.890000343322754,0
5/18/17,14.65999984741211,14.65999984741211,16.299999237060547,14.029999732971191,14.06000042,0
5/19/17,12.039999961853027,12.039999961853027,14.229999542236328,11.720000267028809,14.229999542236328,0
5/22/17,10.93000030517578,10.93000030517578,12.520000457763672,10.890000343322754,12.289999961853027,0
5/23/17,10.720000267028809,10.720000267028809,11.0,10.56000042,11.0,0
5/24/17,10.020000457763672,10.020000457763672,10.899999618530272,9.880000114440918,10.609999656677246,0
5/25/17,9.989999771118164,9.989999771118164,10.289999961853027,9.720000267028809,9.81999969482422,0
5/26/17,9.81000042,9.81000042,10.479999542236328,9.649999618530272,9.93000030517578,0
5/30/17,10.380000114440918,10.380000114440918,10.84000015258789,10.140000343322754,10.609999656677246,0
5/31/17,10.40999984741211,10.40999984741211,11.300000190734863,9.93000030517578,10.100000381469728,0
6/1/17,9.890000343322754,9.890000343322754,10.539999961853027,9.68999958,10.420000076293944,0
6/2/17,9.75,9.75,10.300000190734863,9.579999923706056,10.079999923706056,0
6/5/17,10.06999969482422,10.06999969482422,10.279999732971191,9.600000381469728,10.079999923706056,0
6/6/17,10.449999809265137,10.449999809265137,10.770000457763672,9.859999656677246,10.18999958,0
6/7/17,10.390000343322754,10.390000343322754,10.93000030517578,10.119999885559082,10.479999542236328,0
6/8/17,10.15999984741211,10.15999984741211,10.529999732971191,9.729999542236328,10.270000457763672,0
6/9/17,10.699999809265137,10.699999809265137,12.109999656677246,9.369999885559082,9.93000030517578,0
6/12/17,11.460000038146973,11.460000038146973,12.369999885559082,11.18999958,11.18999958,0
6/13/17,10.420000076293944,10.420000076293944,11.140000343322754,10.260000228881836,11.119999885559082,0
6/14/17,10.640000343322754,10.640000343322754,11.260000228881836,10.010000228881836,10.329999923706056,0
6/15/17,10.899999618530272,10.899999618530272,12.010000228881836,10.739999771118164,11.06000042,0
6/16/17,10.380000114440918,10.380000114440918,11.350000381469728,10.260000228881836,10.630000114440918,0
6/19/17,10.369999885559082,10.369999885559082,10.600000381469728,10.010000228881836,10.56999969482422,0
6/20/17,10.859999656677246,10.859999656677246,11.149999618530272,10.239999771118164,10.279999732971191,0
6/21/17,10.75,10.75,11.399999618530272,10.399999618530272,11.029999732971191,0
6/22/17,10.479999542236328,10.479999542236328,11.010000228881836,10.239999771118164,10.81000042,0
6/23/17,10.020000457763672,10.020000457763672,10.68999958,9.850000381469728,10.25,0
6/26/17,9.899999618530272,9.899999618530272,10.43999958,9.68000030517578,10.130000114440918,0
6/27/17,11.06000042,11.06000042,11.31000042,9.800000190734863,10.039999961853027,0
6/28/17,10.029999732971191,10.029999732971191,11.489999771118164,9.760000228881836,11.170000076293944,0
6/29/17,11.43999958,11.43999958,15.15999984741211,9.729999542236328,9.789999961853027,0
6/30/17,11.18000030517578,11.18000030517578,11.850000381469728,10.399999618530272,11.739999771118164,0
7/3/17,11.220000267028809,11.220000267028809,11.449999809265137,10.279999732971191,11.06999969482422,0
7/5/17,11.06999969482422,11.06999969482422,12.029999732971191,10.789999961853027,11.199999809265137,0
7/6/17,12.539999961853027,12.539999961853027,13.050000190734863,11.18000030517578,11.199999809265137,0
7/7/17,11.18999958,11.18999958,12.56999969482422,10.979999542236328,12.479999542236328,0
7/10/17,11.109999656677246,11.109999656677246,11.729999542236328,10.609999656677246,11.260000228881836,0
7/11/17,10.890000343322754,10.890000343322754,12.140000343322754,10.68000030517578,10.789999961853027,0
7/12/17,10.300000190734863,10.300000190734863,10.850000381469728,10.079999923706056,10.850000381469728,0
7/13/17,9.899999618530272,9.899999618530272,10.399999618530272,9.899999618530272,10.06999969482422,0
7/14/17,9.510000228881836,9.510000228881836,10.140000343322754,9.5,10.09000015258789,0
7/17/17,9.81999969482422,9.81999969482422,10.029999732971191,9.710000038146973,9.770000457763672,0
7/18/17,9.890000343322754,9.890000343322754,10.350000381469728,9.659999847,9.859999656677246,0
7/19/17,9.789999961853027,9.789999961853027,9.93999958,9.579999923706056,9.68999958,0
7/20/17,9.579999923706056,9.579999923706056,10.279999732971191,9.5,9.659999847,0
7/21/17,9.359999656677246,9.359999656677246,9.979999542236328,9.300000190734863,9.520000457763672,0
7/24/17,9.43000030517578,9.43000030517578,9.970000267028809,9.260000228881836,9.93999958,0
7/25/17,9.43000030517578,9.43000030517578,9.520000457763672,9.039999961853027,9.399999618530272,0
7/26/17,9.600000381469728,9.600000381469728,9.659999847,8.840000153,9.25,0
7/27/17,10.109999656677246,10.109999656677246,11.5,9.159999847,9.329999923706056,0
7/28/17,10.289999961853027,10.289999961853027,11.300000190734863,10.260000228881836,10.619999885559082,0
7/31/17,10.260000228881836,10.260000228881836,10.84000015258789,10.229999542236328,10.529999732971191,0
8/1/17,10.09000015258789,10.09000015258789,10.56000042,9.949999809265137,10.18999958,0
8/2/17,10.279999732971191,10.279999732971191,10.81000042,9.800000190734863,10.079999923706056,0
8/3/17,10.43999958,10.43999958,10.600000381469728,9.899999618530272,10.470000267028809,0
8/4/17,10.029999732971191,10.029999732971191,10.5,9.68000030517578,10.479999542236328,0
8/7/17,9.93000030517578,9.93000030517578,10.31999969482422,9.760000228881836,10.18999958,0
8/8/17,10.960000038146973,10.960000038146973,11.520000457763672,9.520000457763672,10.039999961853027,0
8/9/17,11.109999656677246,11.109999656677246,12.630000114440918,11.109999656677246,11.489999771118164,0
8/10/17,16.040000915527344,16.040000915527344,16.170000076293945,11.56000042,11.56999969482422,0
8/11/17,15.510000228881836,15.510000228881836,17.280000686645508,14.5,16.170000076293945,0
8/14/17,12.329999923706056,12.329999923706056,14.050000190734863,12.06000042,14.050000190734863,0
8/15/17,12.039999961853027,12.039999961853027,12.369999885559082,11.449999809265137,11.779999732971191,0
8/16/17,11.739999771118164,11.739999771118164,12.539999961853027,11.25,11.59000015258789,0
8/17/17,15.550000190734863,15.550000190734863,15.770000457763672,11.539999961853027,11.81000042,0
8/18/17,14.260000228881836,14.260000228881836,16.040000915527344,13.31999969482422,15.380000114440918,0
8/21/17,13.18999958,13.18999958,14.739999771118164,13.06999969482422,14.59000015258789,0
8/22/17,11.350000381469728,11.350000381469728,12.93999958,11.350000381469728,12.600000381469728,0
8/23/17,12.25,12.25,12.59000015258789,11.390000343322754,11.510000228881836,0
8/24/17,12.229999542236328,12.229999542236328,12.829999923706056,11.550000190734863,12.06000042,0
8/25/17,11.279999732971191,11.279999732971191,12.449999809265137,11.100000381469728,12.199999809265137,0
8/28/17,11.31999969482422,11.31999969482422,12.109999656677246,11.229999542236328,12.09000015258789,0
8/29/17,11.699999809265137,11.699999809265137,14.34000015258789,11.479999542236328,13.329999923706056,0
8/30/17,11.220000267028809,11.220000267028809,11.979999542236328,10.960000038146973,11.399999618530272,0
8/31/17,10.59000015258789,10.59000015258789,11.220000267028809,10.34000015258789,11.06999969482422,0
9/1/17,10.130000114440918,10.130000114440918,10.460000038146973,10.020000457763672,10.329999923706056,0
9/5/17,12.229999542236328,12.229999542236328,14.06000042,11.40999984741211,11.75,0
9/6/17,11.630000114440918,11.630000114440918,12.59000015258789,11.350000381469728,12.270000457763672,0
9/7/17,11.550000190734863,11.550000190734863,12.06999969482422,11.31999969482422,11.93000030517578,0
9/8/17,12.119999885559082,12.119999885559082,12.600000381469728,11.84000015258789,11.869999885559082,0
9/11/17,10.729999542236328,10.729999542236328,11.390000343322754,10.510000228881836,11.380000114440918,0
9/12/17,10.579999923706056,10.579999923706056,10.949999809265137,10.289999961853027,10.65999984741211,0
9/13/17,10.5,10.5,10.859999656677246,10.329999923706056,10.720000267028809,0
9/14/17,10.43999958,10.43999958,11.039999961853027,10.279999732971191,10.56999969482422,0
9/15/17,10.170000076293944,10.170000076293944,10.739999771118164,10.0,10.510000228881836,0
9/18/17,10.149999618530272,10.149999618530272,10.420000076293944,9.880000114440918,10.18000030517578,0
9/19/17,10.18000030517578,10.18000030517578,10.300000190734863,9.850000381469728,10.15999984741211,0
9/20/17,9.779999732971191,9.779999732971191,10.670000076293944,9.670000076293944,10.039999961853027,0
9/21/17,9.670000076293944,9.670000076293944,10.210000038146973,9.539999961853027,9.739999771118164,0
9/22/17,9.590000153,9.590000153,10.199999809265137,9.5,9.899999618530272,0
9/25/17,10.210000038146973,10.210000038146973,11.210000038146973,9.789999961853027,10.079999923706056,0
9/26/17,10.170000076293944,10.170000076293944,10.68000030517578,9.93999958,10.420000076293944,0
9/27/17,9.869999885559082,9.869999885559082,10.420000076293944,9.630000114440918,9.899999618530272,0
9/28/17,9.550000190734863,9.550000190734863,10.130000114440918,9.550000190734863,9.739999771118164,0
9/29/17,9.510000228881836,9.510000228881836,9.829999923706056,9.359999656677246,9.590000153,0
10/2/17,9.449999809265137,9.449999809265137,10.039999961853027,9.369999885559082,9.590000153,0
10/3/17,9.510000228881836,9.510000228881836,9.75,9.300000190734863,9.300000190734863,0
10/4/17,9.630000114440918,9.630000114440918,9.880000114440918,9.529999732971191,9.529999732971191,0
10/5/17,9.18999958,9.18999958,9.619999885559082,9.130000114440918,9.479999542236328,0
10/6/17,9.649999618530272,9.649999618530272,10.270000457763672,9.109999656677246,9.229999542236328,0
10/9/17,10.329999923706056,10.329999923706056,10.529999732971191,9.880000114440918,9.920000076293944,0
10/10/17,10.079999923706056,10.079999923706056,10.65999984741211,9.93999958,10.149999618530272,0
10/11/17,9.850000381469728,9.850000381469728,10.380000114440918,9.720000267028809,9.949999809265137,0
10/12/17,9.909999847,9.909999847,10.329999923706056,9.649999618530272,9.93999958,0
10/13/17,9.609999656677246,9.609999656677246,9.979999542236328,9.43999958,9.949999809265137,0
10/16/17,9.909999847,9.909999847,10.020000457763672,9.75,9.949999809265137,0
10/17/17,10.31000042,10.31000042,10.460000038146973,9.779999732971191,9.850000381469728,0
10/18/17,10.06999969482422,10.06999969482422,10.40999984741211,9.869999885559082,10.34000015258789,0
10/19/17,10.050000190734863,10.050000190734863,11.770000457763672,9.989999771118164,10.220000267028809,0
10/20/17,9.970000267028809,9.970000267028809,10.039999961853027,9.289999961853027,9.920000076293944,0
10/23/17,11.06999969482422,11.06999969482422,11.079999923706056,9.93999958,10.25,0
10/24/17,11.15999984741211,11.15999984741211,11.15999984741211,10.390000343322754,10.890000343322754,0
10/25/17,11.229999542236328,11.229999542236328,13.199999809265137,10.989999771118164,11.34000015258789,0
10/26/17,11.300000190734863,11.300000190734863,11.81000042,10.600000381469728,11.170000076293944,0
10/27/17,9.800000190734863,9.800000190734863,11.119999885559082,9.739999771118164,11.119999885559082,0
10/30/17,10.5,10.5,10.890000343322754,10.100000381469728,10.279999732971191,0
10/31/17,10.18000030517578,10.18000030517578,10.369999885559082,9.899999618530272,10.34000015258789,0
11/1/17,10.199999809265137,10.199999809265137,10.489999771118164,9.739999771118164,9.789999961853027,0
11/2/17,9.93000030517578,9.93000030517578,10.890000343322754,9.670000076293944,10.43999958,0
11/3/17,9.140000343322754,9.140000343322754,9.909999847,8.989999771118164,9.829999923706056,0
11/6/17,9.399999618530272,9.399999618530272,9.739999771118164,9.380000114440918,9.630000114440918,0
11/7/17,9.890000343322754,9.890000343322754,10.31000042,9.289999961853027,9.31000042,0
11/8/17,9.779999732971191,9.779999732971191,10.270000457763672,9.5,9.789999961853027,0
11/9/17,10.5,10.5,12.18999958,9.789999961853027,9.93999958,0
11/10/17,11.289999961853027,11.289999961853027,11.579999923706056,10.5,10.779999732971191,0
11/13/17,11.5,11.5,12.18000030517578,11.0,11.43000030517578,0
11/14/17,11.59000015258789,11.59000015258789,12.609999656677246,11.449999809265137,11.529999732971191,0
11/15/17,13.130000114440918,13.130000114440918,14.510000228881836,12.329999923706056,12.520000457763672,0
11/16/17,11.760000228881836,11.760000228881836,12.520000457763672,11.380000114440918,12.470000267028809,0
11/17/17,11.43000030517578,11.43000030517578,12.010000228881836,11.15999984741211,11.75,0
11/20/17,10.649999618530272,10.649999618530272,12.079999923706056,10.43999958,11.960000038146973,0
11/21/17,9.729999542236328,9.729999542236328,10.779999732971191,9.670000076293944,10.739999771118164,0
11/22/17,9.880000114440918,9.880000114440918,9.880000114440918,9.31999969482422,9.600000381469728,0
11/24/17,9.670000076293944,9.670000076293944,9.960000038146973,8.56000042,9.81999969482422,0
11/27/17,9.869999885559082,9.869999885559082,10.260000228881836,9.789999961853027,10.06999969482422,0
11/28/17,10.029999732971191,10.029999732971191,10.31000042,9.529999732971191,9.720000267028809,0
11/29/17,10.699999809265137,10.699999809265137,10.93000030517578,9.81000042,9.909999847,0
11/30/17,11.279999732971191,11.279999732971191,12.050000190734863,10.25,10.489999771118164,0
12/1/17,11.43000030517578,11.43000030517578,14.579999923706056,10.539999961853027,11.18999958,0
12/4/17,11.68000030517578,11.68000030517578,11.859999656677246,10.260000228881836,11.050000190734863,0
12/5/17,11.329999923706056,11.329999923706056,11.670000076293944,10.649999618530272,11.380000114440918,0
12/6/17,11.020000457763672,11.020000457763672,11.68000030517578,10.859999656677246,11.630000114440918,0
12/7/17,10.15999984741211,10.15999984741211,11.31999969482422,10.119999885559082,10.899999618530272,0
12/8/17,9.579999923706056,9.579999923706056,10.06000042,9.43000030517578,10.0,0
12/11/17,9.340000153,9.340000153,10.079999923706056,9.279999732971191,9.739999771118164,0
12/12/17,9.920000076293944,9.920000076293944,9.920000076293944,9.210000038146973,9.359999656677246,0
12/13/17,10.18000030517578,10.18000030517578,10.210000038146973,9.649999618530272,9.779999732971191,0
12/14/17,10.489999771118164,10.489999771118164,10.539999961853027,9.779999732971191,9.979999542236328,0
12/15/17,9.420000076293944,9.420000076293944,10.199999809265137,9.220000267028809,10.119999885559082,0
12/18/17,9.529999732971191,9.529999732971191,9.890000343322754,9.239999771118164,9.460000038146973,0
12/19/17,10.029999732971191,10.029999732971191,10.149999618530272,9.18000030517578,9.399999618530272,0
12/20/17,9.720000267028809,9.720000267028809,9.850000381469728,8.899999618530273,9.68999958,0
12/21/17,9.619999885559082,9.619999885559082,9.859999656677246,9.199999809265137,9.590000153,0
12/22/17,9.899999618530272,9.899999618530272,10.18000030517578,9.350000381469728,9.369999885559082,0
12/26/17,10.25,10.25,10.460000038146973,10.130000114440918,10.18999958,0
12/27/17,10.470000267028809,10.470000267028809,10.789999961853027,9.710000038146973,10.039999961853027,0
12/28/17,10.18000030517578,10.18000030517578,10.43999958,10.06999969482422,10.289999961853027,0
12/29/17,11.039999961853027,11.039999961853027,11.06000042,9.949999809265137,10.029999732971191,0
1/2/18,9.770000457763672,9.770000457763672,11.06999969482422,9.520000457763672,10.949999809265137,0
1/3/18,9.149999618530272,9.149999618530272,9.649999618530272,8.93999958,9.56000042,0
1/4/18,9.220000267028809,9.220000267028809,9.31000042,8.920000076293945,9.010000228881836,0
1/5/18,9.220000267028809,9.220000267028809,9.539999961853027,9.0,9.100000381469728,0
1/8/18,9.520000457763672,9.520000457763672,9.890000343322754,9.31999969482422,9.609999656677246,0
1/9/18,10.079999923706056,10.079999923706056,10.09000015258789,9.369999885559082,9.409999847,0
1/10/18,9.81999969482422,9.81999969482422,10.850000381469728,9.81999969482422,10.109999656677246,0
1/11/18,9.880000114440918,9.880000114440918,10.020000457763672,9.619999885559082,9.68999958,0
1/12/18,10.15999984741211,10.15999984741211,10.31000042,9.539999961853027,9.739999771118164,0
1/16/18,11.65999984741211,11.65999984741211,12.40999984741211,10.399999618530272,10.420000076293944,0
1/17/18,11.90999984741211,11.90999984741211,12.81000042,11.18000030517578,11.350000381469728,0
1/18/18,12.220000267028809,12.220000267028809,12.399999618530272,11.619999885559082,12.010000228881836,0
1/19/18,11.270000457763672,11.270000457763672,12.329999923706056,11.18000030517578,12.300000190734863,0
1/22/18,11.029999732971191,11.029999732971191,11.619999885559082,10.84000015258789,11.59000015258789,0
1/23/18,11.100000381469728,11.100000381469728,11.56999969482422,10.760000228881836,10.770000457763672,0
1/24/18,11.470000267028809,11.470000267028809,12.18999958,10.890000343322754,11.0,0
1/25/18,11.579999923706056,11.579999923706056,12.010000228881836,11.199999809265137,11.270000457763672,0
1/26/18,11.079999923706056,11.079999923706056,11.600000381469728,11.079999923706056,11.399999618530272,0
1/29/18,13.84000015258789,13.84000015258789,13.84000015258789,11.68000030517578,11.710000038146973,0
1/30/18,14.789999961853027,14.789999961853027,15.420000076293944,13.880000114440918,13.93000030517578,0
1/31/18,13.539999961853027,13.539999961853027,14.43999958,13.40999984741211,14.229999542236328,0
2/1/18,13.470000267028809,13.470000267028809,14.300000190734863,12.5,13.050000190734863,0
2/2/18,17.309999465942383,17.309999465942383,17.860000610351562,13.640000343322754,13.640000343322754,0
2/5/18,37.31999969482422,37.31999969482422,38.79999923706055,16.799999237060547,18.440000534057617,0
2/6/18,29.979999542236328,29.979999542236328,50.29999923706055,22.420000076293945,37.31999969482422,0
2/7/18,27.729999542236328,27.729999542236328,31.63999938964844,21.170000076293945,31.37999916,0
2/8/18,33.459999084472656,33.459999084472656,36.16999816894531,24.40999984741211,27.290000915527344,0
2/9/18,29.059999465942383,29.059999465942383,41.060001373291016,27.729999542236328,32.18000030517578,0
2/12/18,25.61000061035156,25.61000061035156,29.700000762939453,24.420000076293945,27.25,0
2/13/18,24.969999313354492,24.969999313354492,27.81999969482422,24.469999313354492,26.940000534057617,0
2/14/18,19.260000228881836,19.260000228881836,25.719999313354492,18.989999771118164,23.479999542236328,0
2/15/18,19.12999916,19.12999916,20.65999984741211,17.600000381469727,18.38999938964844,0
2/16/18,19.459999084472656,19.459999084472656,20.989999771118164,17.440000534057617,18.739999771118164,0
2/20/18,20.600000381469727,20.600000381469727,21.61000061035156,19.75,20.530000686645508,0
2/21/18,20.020000457763672,20.020000457763672,21.040000915527344,16.969999313354492,20.760000228881836,0
2/22/18,18.719999313354492,18.719999313354492,20.61000061035156,18.06999969482422,20.56999969482422,0
2/23/18,16.489999771118164,16.489999771118164,18.799999237060547,16.469999313354492,17.959999084472656,0
2/26/18,15.800000190734863,15.800000190734863,16.940000534057617,15.800000190734863,16.530000686645508,0
2/27/18,18.59000015258789,18.59000015258789,18.979999542236328,15.289999961853027,15.829999923706056,0
2/28/18,19.850000381469727,19.850000381469727,20.440000534057617,15.649999618530272,18.079999923706055,0
3/1/18,22.469999313354492,22.469999313354492,25.299999237060547,19.56999969482422,19.959999084472656,0
3/2/18,19.59000015258789,19.59000015258789,26.219999313354492,19.36000061035156,22.469999313354492,0
3/5/18,18.729999542236328,18.729999542236328,21.56999969482422,17.940000534057617,21.549999237060547,0
3/6/18,18.36000061035156,18.36000061035156,19.63999938964844,17.68000030517578,18.25,0
3/7/18,17.760000228881836,17.760000228881836,20.489999771118164,17.520000457763672,20.11000061035156,0
3/8/18,16.540000915527344,16.540000915527344,17.68000030517578,14.90999984741211,17.559999465942383,0
3/9/18,14.640000343322754,14.640000343322754,16.75,13.31000042,16.40999984741211,0
3/12/18,15.779999732971191,15.779999732971191,16.350000381469727,15.18000030517578,15.279999732971191,0
3/13/18,16.350000381469727,16.350000381469727,16.979999542236328,15.029999732971191,15.699999809265137,0
3/14/18,17.229999542236328,17.229999542236328,17.59000015258789,14.93999958,16.59000015258789,0
3/15/18,16.59000015258789,16.59000015258789,17.40999984741211,15.960000038146973,16.989999771118164,0
3/16/18,15.800000190734863,15.800000190734863,16.719999313354492,15.229999542236328,16.600000381469727,0
3/19/18,19.020000457763672,19.020000457763672,21.87000084,16.559999465942383,16.62999916,0
3/20/18,18.200000762939453,18.200000762939453,19.309999465942383,18.09000015258789,18.37999916,0
3/21/18,17.860000610351562,17.860000610351562,18.37000084,16.260000228881836,17.760000228881836,0
3/22/18,23.34000015258789,23.34000015258789,23.809999465942383,18.12000084,18.12999916,0
3/23/18,24.87000084,24.87000084,26.010000228881836,21.62999916,24.020000457763672,0
3/26/18,21.030000686645508,21.030000686645508,24.540000915527344,20.709999084472656,23.40999984741211,0
3/27/18,22.5,22.5,24.059999465942383,19.84000015258789,20.329999923706055,0
3/28/18,22.87000084,22.87000084,24.940000534057617,21.709999084472656,22.520000457763672,0
3/29/18,19.969999313354492,19.969999313354492,23.049999237060547,19.600000381469727,22.87000084,0
4/2/18,23.62000084,23.62000084,25.719999313354492,20.440000534057617,21.06999969482422,0
4/3/18,21.100000381469727,21.100000381469727,23.37999916,20.920000076293945,23.030000686645508,0
4/4/18,20.059999465942383,20.059999465942383,24.510000228881836,19.86000061035156,21.68000030517578,0
4/5/18,18.940000534057617,18.940000534057617,20.209999084472656,18.56999969482422,19.760000228881836,0
4/6/18,21.489999771118164,21.489999771118164,23.12000084,18.600000381469727,20.329999923706055,0
4/9/18,21.770000457763672,21.770000457763672,22.020000457763672,20.34000015258789,21.270000457763672,0
4/10/18,20.469999313354492,20.469999313354492,21.68000030517578,20.239999771118164,20.510000228881836,0
4/11/18,20.239999771118164,20.239999771118164,21.65999984741211,19.63999938964844,20.950000762939453,0
4/12/18,18.489999771118164,18.489999771118164,19.920000076293945,18.15999984741211,19.829999923706055,0
4/13/18,17.40999984741211,17.40999984741211,18.450000762939453,17.260000228881836,18.270000457763672,0
4/16/18,16.559999465942383,16.559999465942383,17.65999984741211,16.37999916,17.59000015258789,0
4/17/18,15.25,15.25,16.270000457763672,14.56999969482422,16.15999984741211,0
4/18/18,15.600000381469728,15.600000381469728,16.899999618530273,14.949999809265137,15.300000190734863,0
4/19/18,15.960000038146973,15.960000038146973,16.920000076293945,15.15999984741211,15.550000190734863,0
4/20/18,16.87999916,16.87999916,17.5,15.18999958,16.15999984741211,0
4/23/18,16.34000015258789,16.34000015258789,17.559999465942383,15.789999961853027,17.290000915527344,0
4/24/18,18.020000457763672,18.020000457763672,19.65999984741211,15.369999885559082,16.15999984741211,0
4/25/18,17.84000015258789,17.84000015258789,19.84000015258789,17.75,18.13999938964844,0
4/26/18,16.239999771118164,16.239999771118164,18.12000084,16.239999771118164,18.06999969482422,0
4/27/18,15.40999984741211,15.40999984741211,16.770000457763672,15.25,16.219999313354492,0
4/30/18,15.93000030517578,15.93000030517578,16.350000381469727,15.130000114440918,15.31000042,0
5/1/18,15.489999771118164,15.489999771118164,16.81999969482422,15.420000076293944,16.0,0
5/2/18,15.970000267028809,15.970000267028809,15.970000267028809,14.75,15.479999542236328,0
5/3/18,15.899999618530272,15.899999618530272,18.65999984741211,15.43000030517578,15.779999732971191,0
5/4/18,14.770000457763672,14.770000457763672,16.920000076293945,10.90999984741211,15.93999958,0
5/7/18,14.75,14.75,15.270000457763672,14.510000228881836,15.050000190734863,0
5/8/18,14.710000038146973,14.710000038146973,15.56000042,14.520000457763672,14.529999732971191,0
5/9/18,13.420000076293944,13.420000076293944,14.630000114440918,13.380000114440918,14.539999961853027,0
5/10/18,13.229999542236328,13.229999542236328,13.630000114440918,12.920000076293944,13.359999656677246,0
5/11/18,12.649999618530272,12.649999618530272,13.43999958,12.649999618530272,13.220000267028809,0
5/14/18,12.93000030517578,12.93000030517578,13.279999732971191,12.81000042,13.09000015258789,0
5/15/18,14.630000114440918,14.630000114440918,15.010000228881836,12.5,13.130000114440918,0
5/16/18,13.420000076293944,13.420000076293944,14.90999984741211,13.210000038146973,14.380000114440918,0
5/17/18,13.43000030517578,13.43000030517578,13.859999656677246,12.649999618530272,13.539999961853027,0
5/18/18,13.420000076293944,13.420000076293944,13.869999885559082,13.06000042,13.18000030517578,0
5/21/18,13.079999923706056,13.079999923706056,13.59000015258789,12.779999732971191,12.989999771118164,0
5/22/18,13.220000267028809,13.220000267028809,13.420000076293944,12.770000457763672,13.029999732971191,0
5/23/18,12.579999923706056,12.579999923706056,14.600000381469728,12.489999771118164,13.5,0
5/24/18,12.529999732971191,12.529999732971191,14.239999771118164,12.529999732971191,12.729999542236328,0
5/25/18,13.220000267028809,13.220000267028809,13.520000457763672,12.289999961853027,12.43999958,0
5/29/18,17.020000457763672,17.020000457763672,18.780000686645508,14.390000343322754,14.390000343322754,0
5/30/18,14.93999958,14.93999958,16.639999389648438,14.649999618530272,16.600000381469727,0
5/31/18,15.43000030517578,15.43000030517578,16.290000915527344,14.199999809265137,14.93000030517578,0
6/1/18,13.460000038146973,13.460000038146973,14.93000030517578,13.369999885559082,14.920000076293944,0
6/4/18,12.739999771118164,12.739999771118164,13.90999984741211,12.68999958,13.90999984741211,0
6/5/18,12.399999618530272,12.399999618530272,13.34000015258789,12.300000190734863,12.90999984741211,0
6/6/18,11.640000343322754,11.640000343322754,12.56000042,11.619999885559082,12.100000381469728,0
6/7/18,12.130000114440918,12.130000114440918,13.279999732971191,11.220000267028809,11.65999984741211,0
6/8/18,12.18000030517578,12.18000030517578,13.31000042,12.09000015258789,12.539999961853027,0
6/11/18,12.350000381469728,12.350000381469728,12.68999958,12.140000343322754,12.520000457763672,0
6/12/18,12.34000015258789,12.34000015258789,12.600000381469728,11.880000114440918,12.289999961853027,0
6/13/18,12.93999958,12.93999958,12.949999809265137,11.979999542236328,12.130000114440918,0
6/14/18,12.119999885559082,12.119999885559082,13.06999969482422,11.880000114440918,12.979999542236328,0
6/15/18,11.979999542236328,11.979999542236328,13.15999984741211,11.93000030517578,12.18999958,0
6/18/18,12.31000042,12.31000042,13.739999771118164,12.279999732971191,12.789999961853027,0
6/19/18,13.350000381469728,13.350000381469728,14.68000030517578,13.210000038146973,14.609999656677246,0
6/20/18,12.789999961853027,12.789999961853027,13.020000457763672,12.25,12.899999618530272,0
6/21/18,14.640000343322754,14.640000343322754,15.18000030517578,12.18000030517578,12.539999961853027,0
6/22/18,13.770000457763672,13.770000457763672,14.600000381469728,13.109999656677246,14.600000381469728,0
6/25/18,17.329999923706055,17.329999923706055,19.61000061035156,14.56000042,15.06999969482422,0
6/26/18,15.920000076293944,15.920000076293944,17.540000915527344,15.100000381469728,16.709999084472656,0
6/27/18,17.90999984741211,17.90999984741211,18.190000534057617,14.760000228881836,16.520000457763672,0
6/28/18,16.850000381469727,16.850000381469727,18.989999771118164,16.399999618530273,17.540000915527344,0
6/29/18,16.09000015258789,16.09000015258789,16.510000228881836,14.65999984741211,15.729999542236328,0
7/2/18,15.600000381469728,15.600000381469728,18.079999923706055,15.539999961853027,17.700000762939453,0
7/3/18,16.139999389648438,16.139999389648438,16.450000762939453,14.68000030517578,15.369999885559082,0
7/5/18,14.970000267028809,14.970000267028809,16.219999313354492,14.470000267028809,15.619999885559082,0
7/6/18,13.369999885559082,13.369999885559082,15.449999809265137,13.34000015258789,14.989999771118164,0
7/9/18,12.68999958,12.68999958,13.220000267028809,12.600000381469728,13.020000457763672,0
7/10/18,12.640000343322754,12.640000343322754,13.210000038146973,11.93000030517578,12.520000457763672,0
7/11/18,13.630000114440918,13.630000114440918,14.149999618530272,13.09000015258789,14.050000190734863,0
7/12/18,12.579999923706056,12.579999923706056,13.329999923706056,12.420000076293944,13.06999969482422,0
7/13/18,12.18000030517578,12.18000030517578,12.970000267028809,11.619999885559082,12.390000343322754,0
7/16/18,12.829999923706056,12.829999923706056,12.970000267028809,12.460000038146973,12.770000457763672,0
7/17/18,12.06000042,12.06000042,13.18000030517578,11.850000381469728,12.90999984741211,0
7/18/18,12.100000381469728,12.100000381469728,12.470000267028809,11.43999958,11.869999885559082,0
7/19/18,12.869999885559082,12.869999885559082,13.09000015258789,11.789999961853027,12.199999809265137,0
7/20/18,12.859999656677246,12.859999656677246,13.579999923706056,12.489999771118164,13.0,0
7/23/18,12.619999885559082,12.619999885559082,13.550000190734863,12.579999923706056,13.470000267028809,0
7/24/18,12.40999984741211,12.40999984741211,13.210000038146973,11.65999984741211,12.609999656677246,0
7/25/18,12.289999961853027,12.289999961853027,12.81999969482422,11.800000190734863,12.369999885559082,0
7/26/18,12.140000343322754,12.140000343322754,12.529999732971191,11.779999732971191,12.449999809265137,0
7/27/18,13.029999732971191,13.029999732971191,14.260000228881836,11.600000381469728,12.170000076293944,0
7/30/18,14.260000228881836,14.260000228881836,14.460000038146973,12.979999542236328,13.630000114440918,0
7/31/18,12.829999923706056,12.829999923706056,14.119999885559082,12.81000042,13.979999542236328,0
8/1/18,13.149999618530272,13.149999618530272,13.630000114440918,12.449999809265137,13.09000015258789,0
8/2/18,12.18999958,12.18999958,14.529999732971191,12.170000076293944,13.56999969482422,0
8/3/18,11.640000343322754,11.640000343322754,12.460000038146973,11.06999969482422,12.43000030517578,0
8/6/18,11.270000457763672,11.270000457763672,12.149999618530272,11.170000076293944,11.90999984741211,0
8/7/18,10.93000030517578,10.93000030517578,11.239999771118164,10.520000457763672,11.119999885559082,0
8/8/18,10.850000381469728,10.850000381469728,11.18000030517578,10.520000457763672,10.93000030517578,0
8/9/18,11.270000457763672,11.270000457763672,11.31000042,10.170000076293944,10.93999958,0
8/10/18,13.15999984741211,13.15999984741211,13.81999969482422,12.300000190734863,12.34000015258789,0
8/13/18,14.779999732971191,14.779999732971191,15.020000457763672,12.949999809265137,14.5,0
8/14/18,13.31000042,13.31000042,14.220000267028809,13.109999656677246,13.93000030517578,0
8/15/18,14.640000343322754,14.640000343322754,16.860000610351562,13.43999958,13.520000457763672,0
8/16/18,13.449999809265137,13.449999809265137,14.359999656677246,12.81999969482422,14.18000030517578,0
8/17/18,12.640000343322754,12.640000343322754,13.960000038146973,12.399999618530272,13.18000030517578,0
8/20/18,12.489999771118164,12.489999771118164,12.789999961853027,12.260000228881836,12.56999969482422,0
8/21/18,12.859999656677246,12.859999656677246,12.890000343322754,12.09000015258789,12.470000267028809,0
8/22/18,12.25,12.25,13.289999961853027,11.970000267028809,13.09000015258789,0
8/23/18,12.40999984741211,12.40999984741211,12.68000030517578,11.649999618530272,12.029999732971191,0
8/24/18,11.989999771118164,11.989999771118164,12.170000076293944,11.829999923706056,12.130000114440918,0
8/27/18,12.15999984741211,12.15999984741211,12.479999542236328,12.020000457763672,12.369999885559082,0
8/28/18,12.5,12.5,12.5,11.869999885559082,12.010000228881836,0
8/29/18,12.25,12.25,12.550000190734863,12.09000015258789,12.34000015258789,0
8/30/18,13.529999732971191,13.529999732971191,13.949999809265137,12.239999771118164,12.25,0
8/31/18,12.859999656677246,12.859999656677246,14.029999732971191,12.81999969482422,13.539999961853027,0
9/4/18,13.15999984741211,13.15999984741211,14.350000381469728,13.119999885559082,13.130000114440918,0
9/5/18,13.90999984741211,13.90999984741211,14.300000190734863,13.229999542236328,13.68999958,0
9/6/18,14.649999618530272,14.649999618530272,15.40999984741211,13.720000267028809,14.210000038146973,0
9/7/18,14.880000114440918,14.880000114440918,15.630000114440918,14.31000042,14.720000267028809,0
9/10/18,14.15999984741211,14.15999984741211,15.199999809265137,13.93000030517578,15.09000015258789,0
9/11/18,13.220000267028809,13.220000267028809,14.920000076293944,13.210000038146973,13.960000038146973,0
9/12/18,13.140000343322754,13.140000343322754,13.859999656677246,12.90999984741211,13.06999969482422,0
9/13/18,12.369999885559082,12.369999885559082,12.90999984741211,12.300000190734863,12.90999984741211,0
9/14/18,12.06999969482422,12.06999969482422,13.149999618530272,11.93000030517578,12.130000114440918,0
9/17/18,13.68000030517578,13.68000030517578,13.75,12.31999969482422,12.720000267028809,0
9/18/18,12.789999961853027,12.789999961853027,13.479999542236328,12.56000042,13.479999542236328,0
9/19/18,11.75,11.75,12.770000457763672,11.65999984741211,12.609999656677246,0
9/20/18,11.800000190734863,11.800000190734863,11.960000038146973,11.31000042,11.81999969482422,0
9/21/18,11.68000030517578,11.68000030517578,12.029999732971191,11.100000381469728,11.760000228881836,0
9/24/18,12.199999809265137,12.199999809265137,12.920000076293944,12.18000030517578,12.460000038146973,0
9/25/18,12.420000076293944,12.420000076293944,12.600000381469728,11.800000190734863,12.279999732971191,0
9/26/18,12.890000343322754,12.890000343322754,13.130000114440918,11.550000190734863,12.210000038146973,0
9/27/18,12.40999984741211,12.40999984741211,13.0,11.93999958,12.770000457763672,0
9/28/18,12.119999885559082,12.119999885559082,13.220000267028809,12.09000015258789,12.59000015258789,0
10/1/18,12.0,12.0,12.399999618530272,11.56999969482422,11.989999771118164,0
10/2/18,12.050000190734863,12.050000190734863,12.68999958,11.609999656677246,12.470000267028809,0
10/3/18,11.609999656677246,11.609999656677246,12.140000343322754,11.34000015258789,11.65999984741211,0
10/4/18,14.220000267028809,14.220000267028809,15.84000015258789,12.420000076293944,12.84000015258789,0
10/5/18,14.81999969482422,14.81999969482422,17.360000610351562,11.720000267028809,14.289999961853027,0
10/8/18,15.68999958,15.68999958,18.37999916,15.68999958,16.049999237060547,0
10/9/18,15.949999809265137,15.949999809265137,17.489999771118164,15.270000457763672,16.12000084,0
10/10/18,22.959999084472656,22.959999084472656,22.959999084472656,15.829999923706056,16.030000686645508,0
10/11/18,24.979999542236328,24.979999542236328,28.84000015258789,20.649999618530273,23.06999969482422,0
10/12/18,21.309999465942383,21.309999465942383,26.799999237060547,20.87999916,21.62999916,0
10/15/18,21.299999237060547,21.299999237060547,22.88999938964844,19.469999313354492,21.969999313354492,0
10/16/18,17.62000084,17.62000084,20.559999465942383,17.549999237060547,20.280000686645508,0
10/17/18,17.399999618530273,17.399999618530273,19.549999237060547,17.059999465942383,17.059999465942383,0
10/18/18,20.059999465942383,20.059999465942383,21.56999969482422,17.510000228881836,18.020000457763672,0
10/19/18,19.88999938964844,19.88999938964844,21.079999923706055,18.38999938964844,19.239999771118164,0
10/22/18,19.63999938964844,19.63999938964844,20.88999938964844,18.81999969482422,19.37999916,0
10/23/18,20.709999084472656,20.709999084472656,24.65999984741211,20.18000030517578,22.18000030517578,0
10/24/18,25.229999542236328,25.229999542236328,26.37999916,20.399999618530273,21.600000381469727,0
10/25/18,24.219999313354492,24.219999313354492,24.780000686645508,22.059999465942383,24.780000686645508,0
10/26/18,24.15999984741211,24.15999984741211,27.520000457763672,23.329999923706055,24.510000228881836,0
10/29/18,24.700000762939453,24.700000762939453,27.86000061035156,22.010000228881836,24.479999542236328,0
10/30/18,23.350000381469727,23.350000381469727,25.549999237060547,23.11000061035156,23.940000534057617,0
10/31/18,21.229999542236328,21.229999542236328,22.799999237060547,20.38999938964844,22.719999313354492,0
11/1/18,19.34000015258789,19.34000015258789,21.209999084472656,19.030000686645508,20.959999084472656,0
11/2/18,19.510000228881836,19.510000228881836,21.61000061035156,18.049999237060547,18.520000457763672,0
11/5/18,19.959999084472656,19.959999084472656,20.87000084,19.63999938964844,20.579999923706055,0
11/6/18,19.90999984741211,19.90999984741211,20.600000381469727,19.690000534057617,19.84000015258789,0
11/7/18,16.360000610351562,16.360000610351562,18.049999237060547,16.329999923706055,18.030000686645508,0
11/8/18,16.719999313354492,16.719999313354492,17.200000762939453,16.09000015258789,16.18000030517578,0
11/9/18,17.360000610351562,17.360000610351562,18.40999984741211,16.84000015258789,16.87000084,0
11/12/18,20.450000762939453,20.450000762939453,20.709999084472656,17.25,17.260000228881836,0
11/13/18,20.020000457763672,20.020000457763672,21.25,19.11000061035156,19.450000762939453,0
11/14/18,21.25,21.25,22.36000061035156,19.299999237060547,20.520000457763672,0
11/15/18,19.979999542236328,19.979999542236328,22.969999313354492,19.940000534057617,20.40999984741211,0
11/16/18,18.13999938964844,18.13999938964844,21.36000061035156,18.100000381469727,20.040000915527344,0
11/19/18,20.100000381469727,20.100000381469727,20.989999771118164,18.520000457763672,18.780000686645508,0
11/20/18,22.479999542236328,22.479999542236328,23.809999465942383,20.37000084,20.760000228881836,0
11/21/18,20.799999237060547,20.799999237060547,22.309999465942383,20.11000061035156,21.65999984741211,0
11/23/18,21.520000457763672,21.520000457763672,22.649999618530273,20.649999618530273,21.229999542236328,0
11/26/18,18.899999618530273,18.899999618530273,20.799999237060547,18.670000076293945,20.780000686645508,0
11/27/18,19.020000457763672,19.020000457763672,19.93000030517578,18.700000762939453,19.40999984741211,0
11/28/18,18.489999771118164,18.489999771118164,19.37999916,18.18000030517578,18.87000084,0
11/29/18,18.790000915527344,18.790000915527344,20.479999542236328,18.59000015258789,18.649999618530273,0
11/30/18,18.06999969482422,18.06999969482422,19.90999984741211,18.030000686645508,19.18000030517578,0
12/3/18,16.440000534057617,16.440000534057617,17.280000686645508,15.93999958,16.040000915527344,0
12/4/18,20.739999771118164,20.739999771118164,21.940000534057617,16.260000228881836,16.84000015258789,0
12/6/18,21.190000534057617,21.190000534057617,25.940000534057617,20.940000534057617,23.530000686645508,0
12/7/18,23.229999542236328,23.229999542236328,24.709999084472656,19.899999618530273,22.420000076293945,0
12/10/18,22.63999938964844,22.63999938964844,25.940000534057617,22.5,23.950000762939453,0
12/11/18,21.760000228881836,21.760000228881836,23.600000381469727,21.38999938964844,22.959999084472656,0
12/12/18,21.459999084472656,21.459999084472656,21.90999984741211,20.5,21.90999984741211,0
12/13/18,20.649999618530273,20.649999618530273,21.56999969482422,20.34000015258789,21.0,0
12/14/18,21.62999916,21.62999916,22.469999313354492,20.950000762939453,21.56999969482422,0
12/17/18,24.520000457763672,24.520000457763672,25.87999916,21.969999313354492,22.36000061035156,0
12/18/18,25.579999923706055,25.579999923706055,26.13999938964844,23.63999938964844,24.68000030517578,0
12/19/18,25.579999923706055,25.579999923706055,26.63999938964844,22.5,25.149999618530273,0
12/20/18,28.37999916,28.37999916,30.299999237060547,24.68000030517578,26.09000015258789,0
12/21/18,30.11000061035156,30.11000061035156,31.350000381469727,25.709999084472656,28.239999771118164,0
12/24/18,36.06999969482422,36.06999969482422,36.099998474121094,29.15999984741211,29.290000915527344,0
12/26/18,30.40999984741211,30.40999984741211,36.20000076293945,29.59000015258789,35.5,0
12/27/18,29.959999084472656,29.959999084472656,33.79999923706055,29.65999984741211,31.200000762939453,0
12/28/18,28.34000015258789,28.34000015258789,31.049999237060547,27.43000030517578,29.969999313354492,0
12/31/18,25.420000076293945,25.420000076293945,27.63999938964844,25.329999923706055,27.59000015258789,0
1/2/19,23.219999313354492,23.219999313354492,28.530000686645508,23.049999237060547,27.540000915527344,0
1/3/19,25.450000762939453,25.450000762939453,26.600000381469727,24.049999237060547,25.68000030517578,0
1/4/19,21.37999916,21.37999916,24.479999542236328,21.190000534057617,24.36000061035156,0
1/7/19,21.399999618530273,21.399999618530273,22.709999084472656,20.90999984741211,22.059999465942383,0
1/8/19,20.469999313354492,20.469999313354492,22.030000686645508,20.09000015258789,20.959999084472656,0
1/9/19,19.979999542236328,19.979999542236328,22.799999237060547,19.479999542236328,20.440000534057617,0
1/10/19,19.5,19.5,21.31999969482422,19.290000915527344,20.979999542236328,0
1/11/19,18.190000534057617,18.190000534057617,20.15999984741211,18.12000084,19.68000030517578,0
1/14/19,19.06999969482422,19.06999969482422,20.270000457763672,18.700000762939453,19.84000015258789,0
1/15/19,18.600000381469727,18.600000381469727,19.200000762939453,17.979999542236328,18.530000686645508,0
1/16/19,19.040000915527344,19.040000915527344,19.040000915527344,17.760000228881836,18.079999923706055,0
1/17/19,18.059999465942383,18.059999465942383,19.719999313354492,17.850000381469727,19.510000228881836,0
1/18/19,17.799999237060547,17.799999237060547,18.18000030517578,17.170000076293945,17.799999237060547,0
1/22/19,20.799999237060547,20.799999237060547,21.149999618530273,18.200000762939453,18.530000686645508,0
1/23/19,19.520000457763672,19.520000457763672,22.020000457763672,19.469999313354492,20.850000381469727,0
1/24/19,18.88999938964844,18.88999938964844,20.25,18.62999916,19.690000534057617,0
1/25/19,17.420000076293945,17.420000076293945,18.459999084472656,17.309999465942383,18.43000030517578,0
1/28/19,18.87000084,18.87000084,20.420000076293945,18.420000076293945,18.559999465942383,0
1/29/19,19.12999916,19.12999916,19.93000030517578,18.420000076293945,19.450000762939453,0
1/30/19,17.65999984741211,17.65999984741211,19.309999465942383,17.540000915527344,19.149999618530273,0
1/31/19,16.56999969482422,16.56999969482422,17.719999313354492,16.540000915527344,17.389999389648438,0
2/1/19,16.139999389648438,16.139999389648438,16.829999923706055,16.079999923706055,16.62999916,0
2/4/19,15.729999542236328,15.729999542236328,16.729999542236328,15.600000381469728,16.719999313354492,0
2/5/19,15.56999969482422,15.56999969482422,15.93999958,15.039999961853027,15.789999961853027,0
2/6/19,15.380000114440918,15.380000114440918,15.869999885559082,15.09000015258789,15.43999958,0
2/7/19,16.37000084,16.37000084,17.889999389648438,15.510000228881836,15.65999984741211,0
2/8/19,15.720000267028809,15.720000267028809,17.62999916,15.619999885559082,16.809999465942383,0
2/11/19,15.970000267028809,15.970000267028809,16.5,15.34000015258789,16.170000076293945,0
2/12/19,15.43000030517578,15.43000030517578,15.649999618530272,14.949999809265137,15.229999542236328,0
2/13/19,15.649999618530272,15.649999618530272,15.90999984741211,15.0,15.460000038146973,0
2/14/19,16.219999313354492,16.219999313354492,17.270000457763672,15.300000190734863,15.609999656677246,0
2/15/19,14.90999984741211,14.90999984741211,16.81999969482422,14.789999961853027,16.81999969482422,0
2/19/19,14.880000114440918,14.880000114440918,16.15999984741211,14.640000343322754,15.649999618530272,0
2/20/19,14.020000457763672,14.020000457763672,15.18999958,13.989999771118164,14.920000076293944,0
2/21/19,14.460000038146973,14.460000038146973,15.170000076293944,13.850000381469728,14.0,0
2/22/19,13.510000228881836,13.510000228881836,14.470000267028809,13.510000228881836,14.460000038146973,0
2/25/19,14.850000381469728,14.850000381469728,14.899999618530272,13.43999958,13.90999984741211,0
2/26/19,15.170000076293944,15.170000076293944,15.279999732971191,14.520000457763672,15.15999984741211,0
2/27/19,14.699999809265137,14.699999809265137,16.170000076293945,14.699999809265137,15.529999732971191,0
2/28/19,14.779999732971191,14.779999732971191,15.239999771118164,14.390000343322754,15.170000076293944,0
3/1/19,13.56999969482422,13.56999969482422,14.84000015258789,13.40999984741211,14.56999969482422,0
3/4/19,14.630000114440918,14.630000114440918,16.979999542236328,13.380000114440918,13.770000457763672,0
3/5/19,14.739999771118164,14.739999771118164,15.390000343322754,14.260000228881836,14.520000457763672,0
3/6/19,15.739999771118164,15.739999771118164,16.110000610351562,14.739999771118164,14.90999984741211,0
3/7/19,16.59000015258789,16.59000015258789,17.809999465942383,15.539999961853027,16.329999923706055,0
3/8/19,16.049999237060547,16.049999237060547,18.329999923706055,16.020000457763672,17.37999916,0
3/11/19,14.329999923706056,14.329999923706056,16.43000030517578,14.329999923706056,16.280000686645508,0
3/12/19,13.770000457763672,13.770000457763672,14.699999809265137,13.609999656677246,13.970000267028809,0
3/13/19,13.40999984741211,13.40999984741211,14.050000190734863,13.25,14.0,0
3/14/19,13.5,13.5,13.84000015258789,13.15999984741211,13.350000381469728,0
3/15/19,12.880000114440918,12.880000114440918,13.279999732971191,12.5,13.210000038146973,0
3/18/19,13.100000381469728,13.100000381469728,13.800000190734863,13.0,13.130000114440918,0
3/19/19,13.56000042,13.56000042,13.770000457763672,12.369999885559082,12.890000343322754,0
3/20/19,13.90999984741211,13.90999984741211,14.300000190734863,13.050000190734863,13.539999961853027,0
3/21/19,13.630000114440918,13.630000114440918,14.56000042,13.260000228881836,14.109999656677246,0
3/22/19,16.479999542236328,16.479999542236328,17.520000457763672,13.619999885559082,13.770000457763672,0
3/25/19,16.329999923706055,16.329999923706055,17.850000381469727,16.260000228881836,17.760000228881836,0
3/26/19,14.68000030517578,14.68000030517578,16.299999237060547,14.670000076293944,16.219999313354492,0
3/27/19,15.149999618530272,15.149999618530272,16.709999084472656,14.510000228881836,14.520000457763672,0
3/28/19,14.43000030517578,14.43000030517578,15.619999885559082,14.40999984741211,15.380000114440918,0
3/29/19,13.710000038146973,13.710000038146973,14.43000030517578,13.640000343322754,14.18999958,0
4/1/19,13.399999618530272,13.399999618530272,14.010000228881836,13.31999969482422,13.899999618530272,0
4/2/19,13.359999656677246,13.359999656677246,13.68000030517578,13.130000114440918,13.619999885559082,0
4/3/19,13.739999771118164,13.739999771118164,14.270000457763672,12.850000381469728,13.06000042,0
4/4/19,13.579999923706056,13.579999923706056,14.029999732971191,13.399999618530272,13.84000015258789,0
4/5/19,12.81999969482422,12.81999969482422,13.470000267028809,12.170000076293944,13.460000038146973,0
4/8/19,13.18000030517578,13.18000030517578,13.770000457763672,13.100000381469728,13.550000190734863,0
4/9/19,14.279999732971191,14.279999732971191,14.390000343322754,13.31000042,13.460000038146973,0
4/10/19,13.300000190734863,13.300000190734863,14.289999961853027,13.270000457763672,14.09000015258789,0
4/11/19,13.020000457763672,13.020000457763672,13.579999923706056,12.90999984741211,13.369999885559082,0
4/12/19,12.010000228881836,12.010000228881836,12.960000038146973,11.949999809265137,12.960000038146973,0
4/15/19,12.31999969482422,12.31999969482422,13.140000343322754,12.239999771118164,12.460000038146973,0
4/16/19,12.18000030517578,12.18000030517578,12.470000267028809,11.850000381469728,12.260000228881836,0
4/17/19,12.600000381469728,12.600000381469728,13.020000457763672,11.029999732971191,12.119999885559082,0
4/18/19,12.09000015258789,12.09000015258789,13.119999885559082,12.020000457763672,12.800000190734863,0
4/22/19,12.420000076293944,12.420000076293944,13.359999656677246,12.380000114440918,13.210000038146973,0
4/23/19,12.279999732971191,12.279999732971191,12.68999958,12.079999923706056,12.65999984741211,0
4/24/19,13.140000343322754,13.140000343322754,13.229999542236328,12.260000228881836,12.529999732971191,0
4/25/19,13.25,13.25,14.300000190734863,12.81000042,13.289999961853027,0
4/26/19,12.729999542236328,12.729999542236328,13.619999885559082,12.489999771118164,13.43999958,0
4/29/19,13.109999656677246,13.109999656677246,13.270000457763672,12.649999618530272,13.039999961853027,0
4/30/19,13.119999885559082,13.119999885559082,14.050000190734863,12.880000114440918,13.109999656677246,0
5/1/19,14.800000190734863,14.800000190734863,14.829999923706056,12.739999771118164,12.859999656677246,0
5/2/19,14.420000076293944,14.420000076293944,15.920000076293944,13.800000190734863,14.350000381469728,0
5/3/19,12.869999885559082,12.869999885559082,14.149999618530272,12.800000190734863,14.109999656677246,0
5/6/19,15.43999958,15.43999958,18.799999237060547,12.890000343322754,12.890000343322754,0
5/7/19,19.31999969482422,19.31999969482422,21.84000015258789,15.800000190734863,15.899999618530272,0
5/8/19,19.399999618530273,19.399999618530273,21.739999771118164,18.290000915527344,18.950000762939453,0
5/9/19,19.100000381469727,19.100000381469727,23.37999916,18.87000084,21.399999618530273,0
5/10/19,16.040000915527344,16.040000915527344,20.190000534057617,15.56999969482422,18.790000915527344,0
5/13/19,20.549999237060547,20.549999237060547,21.31999969482422,18.350000381469727,18.62000084,0
5/14/19,18.059999465942383,18.059999465942383,19.649999618530273,17.450000762939453,19.399999618530273,0
5/15/19,16.440000534057617,16.440000534057617,19.149999618530273,16.40999984741211,17.56999969482422,0
5/16/19,15.289999961853027,15.289999961853027,17.12999916,15.15999984741211,16.690000534057617,0
5/17/19,15.960000038146973,15.960000038146973,16.809999465942383,14.859999656677246,15.890000343322754,0
5/20/19,16.309999465942383,16.309999465942383,17.62999916,15.460000038146973,15.880000114440918,0
5/21/19,14.949999809265137,14.949999809265137,16.219999313354492,14.789999961853027,15.859999656677246,0
5/22/19,14.75,14.75,15.43999958,14.420000076293944,15.06000042,0
5/23/19,16.920000076293945,16.920000076293945,18.049999237060547,15.279999732971191,15.93000030517578,0
5/24/19,15.850000381469728,15.850000381469728,16.520000457763672,15.520000457763672,16.34000015258789,0
5/28/19,17.5,17.5,17.700000762939453,15.899999618530272,16.549999237060547,0
5/29/19,17.899999618530273,17.899999618530273,19.040000915527344,17.62000084,18.549999237060547,0
5/30/19,17.299999237060547,17.299999237060547,18.11000061035156,16.719999313354492,17.469999313354492,0
5/31/19,18.709999084472656,18.709999084472656,19.719999313354492,18.010000228881836,19.049999237060547,0
6/3/19,18.86000061035156,18.86000061035156,19.75,18.15999984741211,19.40999984741211,0
6/4/19,16.969999313354492,16.969999313354492,18.739999771118164,16.969999313354492,18.739999771118164,0
6/5/19,16.09000015258789,16.09000015258789,17.489999771118164,16.040000915527344,17.059999465942383,0
6/6/19,15.93000030517578,15.93000030517578,16.540000915527344,15.359999656677246,16.25,0
6/7/19,16.299999237060547,16.299999237060547,16.440000534057617,15.329999923706056,15.649999618530272,0
6/10/19,15.93999958,15.93999958,16.469999313354492,15.84000015258789,16.299999237060547,0
6/11/19,15.989999771118164,15.989999771118164,16.700000762939453,15.5,15.84000015258789,0
6/12/19,15.90999984741211,15.90999984741211,16.43000030517578,15.779999732971191,16.260000228881836,0
6/13/19,15.81999969482422,15.81999969482422,16.209999084472656,15.609999656677246,16.15999984741211,0
6/14/19,15.279999732971191,15.279999732971191,16.399999618530273,15.210000038146973,16.0,0
6/17/19,15.350000381469728,15.350000381469728,15.760000228881836,15.239999771118164,15.649999618530272,0
6/18/19,15.149999618530272,15.149999618530272,15.539999961853027,14.619999885559082,14.890000343322754,0
6/19/19,14.329999923706056,14.329999923706056,15.710000038146973,14.149999618530272,15.050000190734863,0
6/20/19,14.75,14.75,16.030000686645508,13.18999958,14.039999961853027,0
6/21/19,15.399999618530272,15.399999618530272,15.479999542236328,14.420000076293944,14.739999771118164,0
6/24/19,15.260000228881836,15.260000228881836,15.56000042,15.229999542236328,15.460000038146973,0
6/25/19,16.280000686645508,16.280000686645508,16.68000030517578,15.100000381469728,15.43000030517578,0
6/26/19,16.209999084472656,16.209999084472656,16.600000381469727,15.470000267028809,16.100000381469727,0
6/27/19,15.81999969482422,15.81999969482422,16.399999618530273,15.65999984741211,15.65999984741211,0
6/28/19,15.079999923706056,15.079999923706056,16.12999916,15.079999923706056,15.699999809265137,0
7/1/19,14.06000042,14.06000042,14.640000343322754,13.800000190734863,13.850000381469728,0
7/2/19,12.93000030517578,12.93000030517578,14.300000190734863,12.899999618530272,14.15999984741211,0
7/3/19,12.56999969482422,12.56999969482422,13.18999958,12.56000042,13.18000030517578,0
7/5/19,13.279999732971191,13.279999732971191,14.470000267028809,12.039999961853027,13.0,0
7/8/19,13.960000038146973,13.960000038146973,14.43999958,13.640000343322754,13.729999542236328,0
7/9/19,14.09000015258789,14.09000015258789,14.710000038146973,13.989999771118164,14.470000267028809,0
7/10/19,13.029999732971191,13.029999732971191,14.68999958,12.979999542236328,14.380000114440918,0
7/11/19,12.93000030517578,12.93000030517578,13.329999923706056,12.390000343322754,13.010000228881836,0
7/12/19,12.390000343322754,12.390000343322754,12.81999969482422,12.279999732971191,12.760000228881836,0
7/15/19,12.68000030517578,12.68000030517578,13.020000457763672,12.489999771118164,12.579999923706056,0
7/16/19,12.859999656677246,12.859999656677246,13.140000343322754,12.279999732971191,12.609999656677246,0
7/17/19,13.970000267028809,13.970000267028809,13.970000267028809,12.239999771118164,12.619999885559082,0
7/18/19,13.529999732971191,13.529999732971191,14.5,13.18999958,14.449999809265137,0
7/19/19,14.449999809265137,14.449999809265137,14.449999809265137,13.09000015258789,13.31000042,0
7/22/19,13.529999732971191,13.529999732971191,14.699999809265137,13.420000076293944,14.550000190734863,0
7/23/19,12.609999656677246,12.609999656677246,13.520000457763672,12.550000190734863,13.420000076293944,0
7/24/19,12.06999969482422,12.06999969482422,13.100000381469728,11.979999542236328,12.800000190734863,0
7/25/19,12.739999771118164,12.739999771118164,13.539999961853027,11.68999958,12.239999771118164,0
7/26/19,12.15999984741211,12.15999984741211,12.720000267028809,12.010000228881836,12.579999923706056,0
7/29/19,12.829999923706056,12.829999923706056,13.170000076293944,12.149999618530272,12.149999618530272,0
7/30/19,13.93999958,13.93999958,14.18000030517578,12.869999885559082,12.869999885559082,0
7/31/19,16.12000084,16.12000084,16.549999237060547,13.460000038146973,13.829999923706056,0
8/1/19,17.87000084,17.87000084,19.459999084472656,13.729999542236328,15.40999984741211,0
8/2/19,17.610000610351562,17.610000610351562,20.11000061035156,17.040000915527344,17.690000534057617,0
8/5/19,24.59000015258789,24.59000015258789,24.809999465942383,19.90999984741211,19.959999084472656,0
8/6/19,20.170000076293945,20.170000076293945,22.87000084,19.770000457763672,22.290000915527344,0
8/7/19,19.489999771118164,19.489999771118164,23.670000076293945,18.940000534057617,20.700000762939453,0
8/8/19,16.90999984741211,16.90999984741211,19.88999938964844,16.81999969482422,19.36000061035156,0
8/9/19,17.969999313354492,17.969999313354492,19.440000534057617,17.309999465942383,18.13999938964844,0
8/12/19,21.09000015258789,21.09000015258789,21.260000228881836,17.770000457763672,17.87000084,0
8/13/19,17.520000457763672,17.520000457763672,21.63999938964844,17.520000457763672,21.280000686645508,0
8/14/19,22.100000381469727,22.100000381469727,22.709999084472656,17.75,17.809999465942383,0
8/15/19,21.18000030517578,21.18000030517578,24.100000381469727,20.780000686645508,21.579999923706055,0
8/16/19,18.469999313354492,18.469999313354492,20.5,18.40999984741211,20.479999542236328,0
8/19/19,16.87999916,16.87999916,18.219999313354492,16.520000457763672,17.93000030517578,0
8/20/19,17.5,17.5,17.700000762939453,16.450000762939453,16.780000686645508,0
8/21/19,15.800000190734863,15.800000190734863,17.040000915527344,15.510000228881836,17.010000228881836,0
8/22/19,16.68000030517578,16.68000030517578,17.68000030517578,15.630000114440918,16.12000084,0
8/23/19,19.87000084,19.87000084,21.06999969482422,16.040000915527344,16.149999618530273,0
8/26/19,19.31999969482422,19.31999969482422,21.329999923706055,19.059999465942383,20.34000015258789,0
8/27/19,20.309999465942383,20.309999465942383,21.040000915527344,18.489999771118164,20.18000030517578,0
8/28/19,19.350000381469727,19.350000381469727,21.63999938964844,19.100000381469727,20.549999237060547,0
8/29/19,17.87999916,17.87999916,19.200000762939453,17.600000381469727,19.020000457763672,0
8/30/19,18.979999542236328,18.979999542236328,19.18000030517578,17.09000015258789,17.940000534057617,0
9/3/19,19.65999984741211,19.65999984741211,21.149999618530273,19.40999984741211,20.959999084472656,0
9/4/19,17.329999923706055,17.329999923706055,18.829999923706055,17.260000228881836,18.229999542236328,0
9/5/19,16.270000457763672,16.270000457763672,17.049999237060547,15.449999809265137,16.920000076293945,0
9/6/19,15.0,15.0,16.059999465942383,14.90999984741211,15.920000076293944,0
9/9/19,15.270000457763672,15.270000457763672,16.12999916,14.949999809265137,15.260000228881836,0
9/10/19,15.199999809265137,15.199999809265137,16.520000457763672,15.109999656677246,15.529999732971191,0
9/11/19,14.609999656677246,14.609999656677246,15.520000457763672,14.550000190734863,15.329999923706056,0
9/12/19,14.220000267028809,14.220000267028809,14.93999958,13.850000381469728,14.68999958,0
9/13/19,13.739999771118164,13.739999771118164,14.31000042,13.510000228881836,14.15999984741211,0
9/16/19,14.670000076293944,14.670000076293944,15.289999961853027,14.5,14.890000343322754,0
9/17/19,14.43999958,14.43999958,15.029999732971191,14.399999618530272,14.920000076293944,0
9/18/19,13.949999809265137,13.949999809265137,15.800000190734863,13.800000190734863,14.609999656677246,0
9/19/19,14.050000190734863,14.050000190734863,14.65999984741211,13.31000042,14.65999984741211,0
9/20/19,15.31999969482422,15.31999969482422,15.84000015258789,13.350000381469728,13.93999958,0
9/23/19,14.90999984741211,14.90999984741211,16.0,14.710000038146973,15.350000381469728,0
9/24/19,17.049999237060547,17.049999237060547,17.62000084,14.329999923706056,14.770000457763672,0
9/25/19,15.960000038146973,15.960000038146973,18.450000762939453,15.68999958,17.049999237060547,0
9/26/19,16.06999969482422,16.06999969482422,17.09000015258789,15.350000381469728,16.229999542236328,0
9/27/19,17.219999313354492,17.219999313354492,18.690000534057617,15.149999618530272,15.770000457763672,0
9/30/19,16.239999771118164,16.239999771118164,17.350000381469727,16.200000762939453,17.229999542236328,0
10/1/19,18.559999465942383,18.559999465942383,18.62000084,15.789999961853027,16.020000457763672,0
10/2/19,20.559999465942383,20.559999465942383,21.459999084472656,18.75,18.75,0
10/3/19,19.12000084,19.12000084,21.440000534057617,19.030000686645508,20.11000061035156,0
10/4/19,17.040000915527344,17.040000915527344,19.969999313354492,16.969999313354492,19.420000076293945,0
10/7/19,17.860000610351562,17.860000610351562,18.520000457763672,16.440000534057617,18.270000457763672,0
10/8/19,20.280000686645508,20.280000686645508,20.37999916,17.420000076293945,17.610000610351562,0
10/9/19,18.63999938964844,18.63999938964844,20.0,17.770000457763672,19.940000534057617,0
10/10/19,17.56999969482422,17.56999969482422,19.799999237060547,17.559999465942383,19.280000686645508,0
10/11/19,15.579999923706056,15.579999923706056,17.440000534057617,15.109999656677246,17.350000381469727,0
10/14/19,14.56999969482422,14.56999969482422,16.5,14.510000228881836,15.65999984741211,0
10/15/19,13.539999961853027,13.539999961853027,14.43000030517578,13.390000343322754,13.93999958,0
10/16/19,13.68000030517578,13.68000030517578,14.260000228881836,13.600000381469728,13.93999958,0
10/17/19,13.789999961853027,13.789999961853027,14.18000030517578,13.31000042,13.789999961853027,0
10/18/19,14.25,14.25,15.15999984741211,13.779999732971191,14.199999809265137,0
10/21/19,14.0,14.0,14.630000114440918,14.0,14.239999771118164,0
10/22/19,14.460000038146973,14.460000038146973,14.609999656677246,13.699999809265137,13.989999771118164,0
10/23/19,14.010000228881836,14.010000228881836,15.119999885559082,14.010000228881836,14.829999923706056,0
10/24/19,13.710000038146973,13.710000038146973,14.34000015258789,13.399999618530272,13.979999542236328,0
10/25/19,12.649999618530272,12.649999618530272,13.789999961853027,12.619999885559082,13.529999732971191,0
10/28/19,13.109999656677246,13.109999656677246,13.140000343322754,12.65999984741211,13.010000228881836,0
10/29/19,13.199999809265137,13.199999809265137,13.520000457763672,13.06999969482422,13.15999984741211,0
10/30/19,12.329999923706056,12.329999923706056,13.369999885559082,12.270000457763672,13.079999923706056,0
10/31/19,13.220000267028809,13.220000267028809,13.949999809265137,13.18000030517578,13.510000228881836,0
11/1/19,12.300000190734863,12.300000190734863,12.600000381469728,12.260000228881836,12.5,0
11/4/19,12.829999923706056,12.829999923706056,13.130000114440918,12.43999958,12.68000030517578,0
11/5/19,13.100000381469728,13.100000381469728,13.279999732971191,12.25,12.850000381469728,0
11/6/19,12.619999885559082,12.619999885559082,13.390000343322754,12.600000381469728,13.18000030517578,0
11/7/19,12.729999542236328,12.729999542236328,12.890000343322754,12.260000228881836,12.59000015258789,0
11/8/19,12.06999969482422,12.06999969482422,13.050000190734863,12.0,12.979999542236328,0
11/11/19,12.68999958,12.68999958,13.489999771118164,12.65999984741211,13.149999618530272,0
11/12/19,12.68000030517578,12.68000030517578,13.100000381469728,12.359999656677246,12.640000343322754,0
11/13/19,13.0,13.0,13.899999618530272,12.880000114440918,12.90999984741211,0
11/14/19,13.050000190734863,13.050000190734863,13.81000042,12.93000030517578,13.15999984741211,0
11/15/19,12.050000190734863,12.050000190734863,12.970000267028809,11.920000076293944,12.949999809265137,0
11/18/19,12.460000038146973,12.460000038146973,13.100000381469728,12.31999969482422,12.390000343322754,0
11/19/19,12.859999656677246,12.859999656677246,13.010000228881836,12.15999984741211,12.329999923706056,0
11/20/19,12.779999732971191,12.779999732971191,14.170000076293944,12.609999656677246,13.420000076293944,0
11/21/19,13.130000114440918,13.130000114440918,13.859999656677246,12.489999771118164,13.350000381469728,0
11/22/19,12.34000015258789,12.34000015258789,13.25,12.329999923706056,12.81999969482422,0
11/25/19,11.869999885559082,11.869999885559082,12.59000015258789,11.729999542236328,12.510000228881836,0
11/26/19,11.539999961853027,11.539999961853027,12.039999961853027,11.420000076293944,11.880000114440918,0
11/27/19,11.75,11.75,11.789999961853027,11.43999958,11.550000190734863,0
11/29/19,12.619999885559082,12.619999885559082,12.829999923706056,12.119999885559082,12.5,0
12/2/19,14.90999984741211,14.90999984741211,15.270000457763672,12.550000190734863,12.68999958,0
12/3/19,15.960000038146973,15.960000038146973,17.989999771118164,14.609999656677246,14.68000030517578,0
12/4/19,14.800000190734863,14.800000190734863,16.399999618530273,14.119999885559082,16.37999916,0
12/5/19,14.520000457763672,14.520000457763672,15.369999885559082,14.170000076293944,14.460000038146973,0
12/6/19,13.619999885559082,13.619999885559082,14.470000267028809,13.18999958,14.369999885559082,0
12/9/19,15.859999656677246,15.859999656677246,16.06999969482422,12.25,14.25,0
12/10/19,15.68000030517578,15.68000030517578,16.899999618530273,14.93000030517578,15.800000190734863,0
12/11/19,14.989999771118164,14.989999771118164,15.970000267028809,14.979999542236328,15.56999969482422,0
12/12/19,13.93999958,13.93999958,15.550000190734863,13.600000381469728,14.93999958,0
12/13/19,12.630000114440918,12.630000114440918,14.350000381469728,12.539999961853027,13.18000030517578,0
12/16/19,12.140000343322754,12.140000343322754,12.529999732971191,11.710000038146973,12.470000267028809,0
12/17/19,12.289999961853027,12.289999961853027,12.470000267028809,11.899999618530272,12.229999542236328,0
12/18/19,12.579999923706056,12.579999923706056,12.699999809265137,11.93000030517578,12.239999771118164,0
12/19/19,12.5,12.5,12.779999732971191,12.43000030517578,12.550000190734863,0
12/20/19,12.510000228881836,12.510000228881836,12.609999656677246,12.039999961853027,12.550000190734863,0
12/23/19,12.609999656677246,12.609999656677246,12.899999618530272,12.40999984741211,12.81000042,0
12/24/19,12.670000076293944,12.670000076293944,12.84000015258789,12.56000042,12.649999618530272,0
12/26/19,12.649999618530272,12.649999618530272,12.75,11.720000267028809,12.739999771118164,0
12/27/19,13.43000030517578,13.43000030517578,13.720000267028809,11.890000343322754,12.609999656677246,0
12/30/19,14.81999969482422,14.81999969482422,15.140000343322754,13.43999958,13.739999771118164,0
12/31/19,13.779999732971191,13.779999732971191,15.390000343322754,13.75,14.84000015258789,0
1/2/20,12.470000267028809,12.470000267028809,13.720000267028809,12.420000076293944,13.460000038146973,0
1/3/20,14.020000457763672,14.020000457763672,16.200000762939453,13.130000114440918,15.010000228881836,0
1/6/20,13.850000381469728,13.850000381469728,16.389999389648438,13.539999961853027,15.449999809265137,0
1/7/20,13.789999961853027,13.789999961853027,14.460000038146973,13.390000343322754,13.84000015258789,0
1/8/20,13.449999809265137,13.449999809265137,15.239999771118164,12.829999923706056,15.15999984741211,0
1/9/20,12.539999961853027,12.539999961853027,13.239999771118164,12.529999732971191,12.949999809265137,0
1/10/20,12.56000042,12.56000042,12.869999885559082,12.09000015258789,12.420000076293944,0
1/13/20,12.31999969482422,12.31999969482422,13.09000015258789,12.31999969482422,12.84000015258789,0
1/14/20,12.390000343322754,12.390000343322754,13.81999969482422,12.050000190734863,12.720000267028809,0
1/15/20,12.420000076293944,12.420000076293944,12.829999923706056,11.949999809265137,12.789999961853027,0
1/16/20,12.31999969482422,12.31999969482422,12.420000076293944,11.779999732971191,12.199999809265137,0
1/17/20,12.100000381469728,12.100000381469728,12.479999542236328,11.75,12.210000038146973,0
1/21/20,12.850000381469728,12.850000381469728,13.329999923706056,12.31999969482422,13.229999542236328,0
1/22/20,12.90999984741211,12.90999984741211,13.010000228881836,12.31000042,12.449999809265137,0
1/23/20,12.979999542236328,12.979999542236328,14.149999618530272,12.93999958,13.260000228881836,0
1/24/20,14.56000042,14.56000042,15.979999542236328,12.619999885559082,12.75,0
1/27/20,18.229999542236328,18.229999542236328,19.020000457763672,16.81999969482422,17.420000076293945,0
1/28/20,16.280000686645508,16.280000686645508,18.030000686645508,15.68999958,16.940000534057617,0
1/29/20,16.389999389648438,16.389999389648438,16.649999618530273,14.93999958,15.68000030517578,0
1/30/20,15.489999771118164,15.489999771118164,18.38999938964844,15.300000190734863,17.81999969482422,0
1/31/20,18.84000015258789,18.84000015258789,19.989999771118164,16.18000030517578,16.25,0
2/3/20,17.969999313354492,17.969999313354492,18.87999916,17.100000381469727,18.63999938964844,0
2/4/20,16.049999237060547,16.049999237060547,16.459999084472656,15.630000114440918,16.450000762939453,0
2/5/20,15.149999618530272,15.149999618530272,16.31999969482422,15.020000457763672,16.290000915527344,0
2/6/20,14.960000038146973,14.960000038146973,15.65999984741211,14.699999809265137,15.130000114440918,0
2/7/20,15.470000267028809,15.470000267028809,16.15999984741211,14.81000042,15.06999969482422,0
2/10/20,15.039999961853027,15.039999961853027,16.43000030517578,15.010000228881836,15.880000114440918,0
2/11/20,15.18000030517578,15.18000030517578,15.270000457763672,14.380000114440918,14.90999984741211,0
2/12/20,13.739999771118164,13.739999771118164,14.880000114440918,13.729999542236328,14.859999656677246,0
2/13/20,14.149999618530272,14.149999618530272,15.43999958,14.0,14.43000030517578,0
2/14/20,13.68000030517578,13.68000030517578,14.539999961853027,13.380000114440918,14.119999885559082,0
2/18/20,14.829999923706056,14.829999923706056,15.489999771118164,14.529999732971191,14.979999542236328,0
2/19/20,14.380000114440918,14.380000114440918,14.739999771118164,14.210000038146973,14.65999984741211,0
2/20/20,15.56000042,15.56000042,17.209999084472656,14.489999771118164,14.539999961853027,0
2/21/20,17.079999923706055,17.079999923706055,18.209999084472656,16.190000534057617,17.329999923706055,0
2/24/20,25.030000686645508,25.030000686645508,26.350000381469727,22.0,22.25,0
2/25/20,27.850000381469727,27.850000381469727,30.25,22.190000534057617,22.190000534057617,0
2/26/20,27.559999465942383,27.559999465942383,29.56999969482422,24.760000228881836,26.62999916,0
2/27/20,39.15999984741211,39.15999984741211,39.310001373291016,27.790000915527344,28.950000762939453,0
2/28/20,40.11000061035156,40.11000061035156,49.47999954223633,39.369998931884766,42.02000045776367,0
3/2/20,33.41999816894531,33.41999816894531,40.40999984741211,31.5,38.540000915527344,0
3/3/20,36.81999969482422,36.81999969482422,41.060001373291016,24.93000030517578,33.650001525878906,0
3/4/20,31.989999771118164,31.989999771118164,35.58000183105469,30.299999237060547,34.439998626708984,0
3/5/20,39.619998931884766,39.619998931884766,42.84000015258789,33.540000915527344,33.61000061035156,0
3/6/20,41.939998626708984,41.939998626708984,54.38999938964844,40.84000015258789,48.93000030517578,0
3/9/20,54.459999084472656,54.459999084472656,62.119998931884766,41.939998626708984,41.939998626708984,0
3/10/20,47.29999923706055,47.29999923706055,55.65999984741211,43.560001373291016,49.68000030517578,0
3/11/20,53.900001525878906,53.900001525878906,55.81999969482422,49.97999954223633,52.24000168,0
3/12/20,75.47000122070312,75.47000122070312,76.83000183105469,59.90999984741211,61.459999084472656,0
3/13/20,57.83000183105469,57.83000183105469,77.56999969482422,55.16999816894531,71.30999755859375,0
3/16/20,82.69000244140625,82.69000244140625,83.55999755859375,57.83000183105469,57.83000183105469,0
3/17/20,75.91000366210938,75.91000366210938,84.83000183105469,70.37000274658203,82.69000244140625,0
3/18/20,76.44999694824219,76.44999694824219,85.47000122070312,69.37000274658203,69.37000274658203,0
3/19/20,72.0,72.0,84.26000213623047,68.56999969482422,80.62000274658203,0
3/20/20,66.04000091552734,66.04000091552734,69.51000213623047,57.41999816894531,67.86000061035156,0
3/23/20,61.59000015258789,61.59000015258789,76.73999786376953,60.459999084472656,74.08000183105469,0
3/24/20,61.66999816894531,61.66999816894531,61.880001068115234,36.24000168,58.75999832,0
3/25/20,63.95000076293945,63.95000076293945,68.86000061035156,58.029998779296875,61.439998626708984,0
3/26/20,61.0,61.0,67.05999755859375,57.65999984741211,65.66999816894531,0
3/27/20,65.54000091552734,65.54000091552734,69.09999847,61.79999923706055,64.94999694824219,0
3/30/20,57.08000183105469,57.08000183105469,67.69000244140625,56.599998474121094,66.30000305175781,0
3/31/20,53.540000915527344,53.540000915527344,58.75,50.880001068115234,56.689998626708984,0
4/1/20,57.060001373291016,57.060001373291016,60.59000015258789,52.75999832,57.380001068115234,0
4/2/20,50.90999984741211,50.90999984741211,57.24000168,50.45000076293945,54.459999084472656,0
4/3/20,46.79999923706055,46.79999923706055,52.290000915527344,46.74000168,51.11000061035156,0
4/6/20,45.24000168,45.24000168,45.72999954223633,43.45000076293945,44.16999816894531,0
4/7/20,46.70000076293945,46.70000076293945,47.50999832,43.50999832,44.83000183105469,0
4/8/20,43.349998474121094,43.349998474121094,47.279998779296875,42.529998779296875,45.900001525878906,0
4/9/20,41.66999816894531,41.66999816894531,45.72999954223633,41.38999938964844,43.0,0
4/13/20,41.16999816894531,41.16999816894531,45.040000915527344,41.16999816894531,44.599998474121094,0
4/14/20,37.75999832,37.75999832,40.56999969482422,37.310001373291016,40.24000168,0
4/15/20,40.84000015258789,40.84000015258789,43.22999954223633,40.04999923706055,42.56999969482422,0
4/16/20,40.11000061035156,40.11000061035156,43.02000045776367,39.869998931884766,41.91999816894531,0
4/17/20,38.150001525878906,38.150001525878906,40.25999832,37.630001068115234,39.5,0
4/20/20,43.83000183105469,43.83000183105469,43.83000183105469,39.880001068115234,40.68000030517578,0
4/21/20,45.40999984741211,45.40999984741211,47.77000045776367,43.77000045776367,44.279998779296875,0
4/22/20,41.97999954223633,41.97999954223633,45.06999969482422,41.40999984741211,44.90999984741211,0
4/23/20,41.380001068115234,41.380001068115234,42.470001220703125,39.060001373291016,41.29999923706055,0
4/24/20,35.93000030517578,35.93000030517578,40.16999816894531,35.599998474121094,38.79999923706055,0
4/27/20,33.290000915527344,33.290000915527344,36.439998626708984,32.50999832,36.290000915527344,0
4/28/20,33.56999969482422,33.56999969482422,35.38999938964844,30.540000915527344,33.209999084472656,0
4/29/20,31.229999542236328,31.229999542236328,33.189998626708984,30.709999084472656,32.47999954223633,0
4/30/20,34.150001525878906,34.150001525878906,35.939998626708984,30.93000030517578,30.989999771118164,0
5/1/20,37.189998626708984,37.189998626708984,39.56999969482422,36.59000015258789,38.16999816894531,0
5/4/20,35.970001220703125,35.970001220703125,40.31999969482422,35.529998779296875,39.130001068115234,0
5/5/20,33.61000061035156,33.61000061035156,36.220001220703125,31.950000762939453,34.81999969482422,0
5/6/20,34.119998931884766,34.119998931884766,35.689998626708984,31.68000030517578,32.689998626708984,0
5/7/20,31.440000534057617,31.440000534057617,32.279998779296875,30.37000084,32.119998931884766,0
5/8/20,27.979999542236328,27.979999542236328,30.38999938964844,27.88999938964844,30.13999938964844,0
5/11/20,27.56999969482422,27.56999969482422,31.459999084472656,26.969999313354492,28.459999084472656,0
5/12/20,33.040000915527344,33.040000915527344,33.040000915527344,26.0,28.469999313354492,0
5/13/20,35.279998779296875,35.279998779296875,37.41999816894531,30.770000457763672,32.74000168,0
5/14/20,32.61000061035156,32.61000061035156,39.279998779296875,32.33000183105469,35.15999984741211,0
5/15/20,31.88999938964844,31.88999938964844,35.130001068115234,31.040000915527344,32.5,0
5/18/20,29.299999237060547,29.299999237060547,31.079999923706055,28.350000381469727,30.709999084472656,0
5/19/20,30.530000686645508,30.530000686645508,30.739999771118164,28.37000084,28.729999542236328,0
5/20/20,27.989999771118164,27.989999771118164,29.829999923706055,27.829999923706055,29.520000457763672,0
5/21/20,29.530000686645508,29.530000686645508,30.200000762939453,27.670000076293945,28.969999313354492,0
5/22/20,28.15999984741211,28.15999984741211,31.549999237060547,28.030000686645508,31.36000061035156,0
5/26/20,28.010000228881836,28.010000228881836,28.579999923706055,27.18000030517578,27.719999313354492,0
5/27/20,27.62000084,27.62000084,30.530000686645508,25.920000076293945,27.62000084,0
5/28/20,28.59000015258789,28.59000015258789,29.88999938964844,27.43000030517578,27.81999969482422,0
5/29/20,27.510000228881836,27.510000228881836,30.15999984741211,27.290000915527344,29.299999237060547,0
6/1/20,28.229999542236328,28.229999542236328,30.600000381469727,28.11000061035156,28.940000534057617,0
6/2/20,26.84000015258789,26.84000015258789,28.520000457763672,26.65999984741211,28.399999618530273,0
6/3/20,25.65999984741211,25.65999984741211,26.979999542236328,25.040000915527344,26.75,0
6/4/20,25.809999465942383,25.809999465942383,26.43000030517578,24.37999916,26.229999542236328,0
6/5/20,24.520000457763672,24.520000457763672,25.09000015258789,23.540000915527344,24.790000915527344,0
6/8/20,25.809999465942383,25.809999465942383,25.979999542236328,24.649999618530273,25.559999465942383,0
6/9/20,27.56999969482422,27.56999969482422,27.700000762939453,25.709999084472656,25.93000030517578,0
6/10/20,27.56999969482422,27.56999969482422,29.010000228881836,26.059999465942383,26.729999542236328,0
6/11/20,40.790000915527344,40.790000915527344,42.58000183105469,29.489999771118164,30.450000762939453,0
6/12/20,36.09000015258789,36.09000015258789,44.15999984741211,34.970001220703125,37.68000030517578,0
6/15/20,34.400001525878906,34.400001525878906,44.439998626708984,34.279998779296875,44.09000015258789,0
6/16/20,33.66999816894531,33.66999816894531,37.45000076293945,31.729999542236328,34.279998779296875,0
6/17/20,33.470001220703125,33.470001220703125,35.16999816894531,32.25,33.279998779296875,0
6/18/20,32.939998626708984,32.939998626708984,36.25,32.24000168,33.83000183105469,0
6/19/20,35.119998931884766,35.119998931884766,35.119998931884766,30.399999618530273,32.06999969482422,0
6/22/20,31.770000457763672,31.770000457763672,35.38999938964844,31.63999938964844,35.220001220703125,0
6/23/20,31.37000084,31.37000084,31.709999084472656,29.260000228881836,31.709999084472656,0
6/24/20,33.84000015258789,33.84000015258789,37.119998931884766,30.950000762939453,31.049999237060547,0
6/25/20,32.220001220703125,32.220001220703125,36.93000030517578,31.59000015258789,36.59000015258789,0
6/26/20,34.72999954223633,34.72999954223633,36.25,31.040000915527344,33.00999832,0
6/29/20,31.780000686645508,31.780000686645508,36.310001373291016,31.780000686645508,35.04999923706055,0
6/30/20,30.43000030517578,30.43000030517578,32.939998626708984,29.559999465942383,32.540000915527344,0
7/1/20,28.62000084,28.62000084,31.760000228881836,28.200000762939453,30.959999084472656,0
7/2/20,27.68000030517578,27.68000030517578,28.440000534057617,25.899999618530273,28.329999923706055,0
7/6/20,27.940000534057617,27.940000534057617,28.329999923706055,24.920000076293945,27.760000228881836,0
7/7/20,29.43000030517578,29.43000030517578,29.62999916,27.25,28.770000457763672,0
7/8/20,28.079999923706055,28.079999923706055,30.200000762939453,27.239999771118164,28.950000762939453,0
7/9/20,29.260000228881836,29.260000228881836,31.479999542236328,26.11000061035156,28.18000030517578,0
7/10/20,27.290000915527344,27.290000915527344,30.90999984741211,27.12999916,30.86000061035156,0
7/13/20,32.189998626708984,32.189998626708984,32.45000076293945,26.87000084,27.850000381469727,0
7/14/20,29.520000457763672,29.520000457763672,33.66999816894531,29.209999084472656,31.13999938964844,0
7/15/20,27.760000228881836,27.760000228881836,30.09000015258789,27.170000076293945,29.149999618530273,0
7/16/20,28.0,28.0,29.290000915527344,26.979999542236328,28.40999984741211,0
7/17/20,25.68000030517578,25.68000030517578,27.540000915527344,25.40999984741211,27.149999618530273,0
7/20/20,24.459999084472656,24.459999084472656,27.079999923706055,24.350000381469727,26.940000534057617,0
7/21/20,24.84000015258789,24.84000015258789,25.649999618530273,23.61000061035156,24.079999923706055,0
7/22/20,24.31999969482422,24.31999969482422,26.260000228881836,24.12999916,24.559999465942383,0
7/23/20,26.079999923706055,26.079999923706055,26.950000762939453,23.600000381469727,23.969999313354492,0
7/24/20,25.84000015258789,25.84000015258789,28.579999923706055,25.530000686645508,27.959999084472656,0
7/27/20,24.739999771118164,24.739999771118164,26.940000534057617,24.549999237060547,26.600000381469727,0
7/28/20,25.440000534057617,25.440000534057617,25.850000381469727,24.049999237060547,24.86000061035156,0
7/29/20,24.100000381469727,24.100000381469727,25.420000076293945,23.729999542236328,25.15999984741211,0
7/30/20,24.760000228881836,24.760000228881836,28.290000915527344,24.63999938964844,25.040000915527344,0
7/31/20,24.459999084472656,24.459999084472656,26.40999984741211,23.549999237060547,24.790000915527344,0
8/3/20,24.280000686645508,24.280000686645508,26.010000228881836,22.170000076293945,25.75,0
8/4/20,23.760000228881836,23.760000228881836,24.760000228881836,22.920000076293945,24.010000228881836,0
8/5/20,22.989999771118164,22.989999771118164,23.61000061035156,22.86000061035156,23.440000534057617,0
8/6/20,22.649999618530273,22.649999618530273,24.11000061035156,20.969999313354492,23.030000686645508,0
8/7/20,22.209999084472656,22.209999084472656,24.020000457763672,22.020000457763672,23.450000762939453,0
8/10/20,22.12999916,22.12999916,23.520000457763672,21.459999084472656,22.87999916,0
8/11/20,24.030000686645508,24.030000686645508,24.93000030517578,20.280000686645508,21.850000381469727,0
8/12/20,22.280000686645508,22.280000686645508,22.87999916,21.540000915527344,22.81999969482422,0
8/13/20,22.12999916,22.12999916,22.920000076293945,21.450000762939453,22.200000762939453,0
8/14/20,22.049999237060547,22.049999237060547,23.549999237060547,21.790000915527344,22.270000457763672,0
8/17/20,21.350000381469727,21.350000381469727,22.81999969482422,21.34000015258789,22.520000457763672,0
8/18/20,21.510000228881836,21.510000228881836,22.549999237060547,21.18000030517578,21.690000534057617,0
8/19/20,22.540000915527344,22.540000915527344,22.979999542236328,20.989999771118164,21.600000381469727,0
8/20/20,22.719999313354492,22.719999313354492,24.600000381469727,22.37000084,24.100000381469727,0
8/21/20,22.540000915527344,22.540000915527344,24.469999313354492,22.059999465942383,22.579999923706055,0
8/24/20,22.37000084,22.37000084,23.18000030517578,21.25,22.87000084,0
8/25/20,22.030000686645508,22.030000686645508,23.43000030517578,21.530000686645508,22.15999984741211,0
8/26/20,23.270000457763672,23.270000457763672,23.270000457763672,20.920000076293945,22.13999938964844,0
8/27/20,24.469999313354492,24.469999313354492,27.09000015258789,21.440000534057617,23.420000076293945,0
8/28/20,22.959999084472656,22.959999084472656,26.299999237060547,22.63999938964844,24.59000015258789,0
8/31/20,26.40999984741211,26.40999984741211,26.5,21.770000457763672,23.90999984741211,0
9/1/20,26.12000084,26.12000084,26.59000015258789,25.020000457763672,25.86000061035156,0
9/2/20,26.56999969482422,26.56999969482422,27.06999969482422,25.530000686645508,26.010000228881836,0
9/3/20,33.599998474121094,33.599998474121094,35.939998626708984,25.65999984741211,26.280000686645508,0
9/4/20,30.75,30.75,38.279998779296875,29.5,34.619998931884766,0
9/8/20,31.459999084472656,31.459999084472656,35.93000030517578,30.520000457763672,30.61000061035156,0
9/9/20,28.809999465942383,28.809999465942383,31.780000686645508,28.12000084,31.68000030517578,0
9/10/20,29.709999084472656,29.709999084472656,30.559999465942383,27.59000015258789,28.670000076293945,0
9/11/20,26.87000084,26.87000084,29.729999542236328,26.510000228881836,28.62999916,0
9/14/20,25.850000381469727,25.850000381469727,26.790000915527344,25.37999916,25.86000061035156,0
9/15/20,25.59000015258789,25.59000015258789,26.0,24.920000076293945,25.920000076293945,0
9/16/20,26.040000915527344,26.040000915527344,26.59000015258789,24.84000015258789,25.309999465942383,0
9/17/20,26.459999084472656,26.459999084472656,28.920000076293945,26.260000228881836,28.219999313354492,0
9/18/20,25.829999923706055,25.829999923706055,28.100000381469727,25.280000686645508,26.649999618530273,0
9/21/20,27.780000686645508,27.780000686645508,31.18000030517578,27.38999938964844,28.040000915527344,0
9/22/20,26.86000061035156,26.86000061035156,28.780000686645508,26.479999542236328,28.61000061035156,0
9/23/20,28.579999923706055,28.579999923706055,29.729999542236328,25.190000534057617,27.020000457763672,0
9/24/20,28.510000228881836,28.510000228881836,30.489999771118164,27.940000534057617,29.540000915527344,0
9/25/20,26.37999916,26.37999916,30.43000030517578,26.020000457763672,28.170000076293945,0
9/28/20,26.190000534057617,26.190000534057617,27.190000534057617,24.899999618530273,27.149999618530273,0
9/29/20,26.270000457763672,26.270000457763672,27.43000030517578,25.979999542236328,26.809999465942383,0
9/30/20,26.37000084,26.37000084,27.12000084,25.059999465942383,26.690000534057617,0
10/1/20,26.700000762939453,26.700000762939453,27.11000061035156,25.329999923706055,25.780000686645508,0
10/2/20,27.62999916,27.62999916,29.899999618530273,26.93000030517578,28.87000084,0
10/5/20,27.959999084472656,27.959999084472656,29.690000534057617,27.270000457763672,29.520000457763672,0
10/6/20,29.479999542236328,29.479999542236328,30.0,26.010000228881836,28.049999237060547,0
10/7/20,28.059999465942383,28.059999465942383,29.760000228881836,27.940000534057617,29.260000228881836,0
10/8/20,26.36000061035156,26.36000061035156,27.989999771118164,24.87999916,27.649999618530273,0
10/9/20,25.0,25.0,26.219999313354492,24.030000686645508,26.200000762939453,0
10/12/20,25.06999969482422,25.06999969482422,25.649999618530273,24.13999938964844,25.649999618530273,0
10/13/20,26.06999969482422,26.06999969482422,26.93000030517578,25.15999984741211,25.670000076293945,0
10/14/20,26.399999618530273,26.399999618530273,27.229999542236328,25.530000686645508,25.719999313354492,0
10/15/20,26.969999313354492,26.969999313354492,29.059999465942383,26.81999969482422,27.100000381469727,0
10/16/20,27.40999984741211,27.40999984741211,27.459999084472656,26.190000534057617,27.15999984741211,0
10/19/20,29.18000030517578,29.18000030517578,29.690000534057617,27.040000915527344,27.36000061035156,0
10/20/20,29.350000381469727,29.350000381469727,29.600000381469727,28.290000915527344,28.809999465942383,0
10/21/20,28.649999618530273,28.649999618530273,30.549999237060547,28.37000084,29.12000084,0
10/22/20,28.11000061035156,28.11000061035156,30.12000084,27.68000030517578,30.100000381469727,0
10/23/20,27.549999237060547,27.549999237060547,28.670000076293945,27.260000228881836,28.469999313354492,0
10/26/20,32.459999084472656,32.459999084472656,33.68000030517578,29.219999313354492,29.37999916,0
10/27/20,33.349998474121094,33.349998474121094,33.77000045776367,31.850000381469727,32.040000915527344,0
10/28/20,40.279998779296875,40.279998779296875,40.77000045776367,34.68000030517578,34.689998626708984,0
10/29/20,37.59000015258789,37.59000015258789,41.15999984741211,35.630001068115234,38.79999923706055,0
10/30/20,38.02000045776367,38.02000045776367,41.09000015258789,36.5,40.810001373291016,0
11/2/20,37.130001068115234,37.130001068115234,38.779998779296875,36.130001068115234,38.56999969482422,0
11/3/20,35.54999923706055,35.54999923706055,36.439998626708984,34.189998626708984,36.439998626708984,0
11/4/20,29.56999969482422,29.56999969482422,36.849998474121094,28.030000686645508,36.790000915527344,0
11/5/20,27.579999923706055,27.579999923706055,28.13999938964844,26.040000915527344,27.559999465942383,0
11/6/20,24.86000061035156,24.86000061035156,29.440000534057617,24.559999465942383,27.87000084,0
11/9/20,25.75,25.75,25.81999969482422,22.40999984741211,24.799999237060547,0
11/10/20,24.799999237060547,24.799999237060547,26.770000457763672,24.350000381469727,25.36000061035156,0
11/11/20,23.450000762939453,23.450000762939453,25.12000084,22.56999969482422,25.010000228881836,0
11/12/20,25.350000381469727,25.350000381469727,27.270000457763672,23.530000686645508,24.38999938964844,0
11/13/20,23.100000381469727,23.100000381469727,25.030000686645508,22.739999771118164,24.940000534057617,0
11/16/20,22.450000762939453,22.450000762939453,24.079999923706055,22.43000030517578,23.65999984741211,0
11/17/20,22.709999084472656,22.709999084472656,24.09000015258789,22.34000015258789,22.84000015258789,0
11/18/20,23.84000015258789,23.84000015258789,23.920000076293945,21.65999984741211,22.86000061035156,0
11/19/20,23.11000061035156,23.11000061035156,24.520000457763672,22.559999465942383,23.62000084,0
11/20/20,23.700000762939453,23.700000762939453,23.729999542236328,22.12999916,23.43000030517578,0
11/23/20,22.65999984741211,22.65999984741211,23.959999084472656,22.450000762939453,23.65999984741211,0
11/24/20,21.63999938964844,21.63999938964844,22.479999542236328,20.799999237060547,22.040000915527344,0
11/25/20,21.25,21.25,22.5,21.12999916,21.649999618530273,0
11/27/20,20.84000015258789,20.84000015258789,21.600000381469727,19.510000228881836,21.520000457763672,0
11/30/20,20.56999969482422,20.56999969482422,22.88999938964844,20.479999542236328,22.63999938964844,0
12/1/20,20.770000457763672,20.770000457763672,20.920000076293945,20.0,20.209999084472656,0
12/2/20,21.170000076293945,21.170000076293945,21.25,20.040000915527344,21.0,0
12/3/20,21.280000686645508,21.280000686645508,21.87999916,20.719999313354492,21.239999771118164,0
12/4/20,20.790000915527344,20.790000915527344,21.149999618530273,19.969999313354492,21.049999237060547,0
12/7/20,21.299999237060547,21.299999237060547,22.62000084,21.170000076293945,22.040000915527344,0
12/8/20,20.68000030517578,20.68000030517578,22.25,20.520000457763672,21.649999618530273,0
12/9/20,22.270000457763672,22.270000457763672,22.93000030517578,20.100000381469727,20.65999984741211,0
12/10/20,22.520000457763672,22.520000457763672,23.459999084472656,21.530000686645508,22.12000084,0
12/11/20,23.309999465942383,23.309999465942383,25.13999938964844,22.479999542236328,22.489999771118164,0
12/14/20,24.719999313354492,24.719999313354492,24.81999969482422,21.950000762939453,22.670000076293945,0
12/15/20,22.88999938964844,22.88999938964844,24.06999969482422,22.729999542236328,24.0,0
12/16/20,22.5,22.5,23.670000076293945,22.290000915527344,22.510000228881836,0
12/17/20,21.93000030517578,21.93000030517578,22.270000457763672,21.520000457763672,21.979999542236328,0
12/18/20,21.56999969482422,21.56999969482422,23.770000457763672,21.56999969482422,22.149999618530273,0
12/21/20,25.15999984741211,25.15999984741211,31.459999084472656,24.229999542236328,24.25,0
12/22/20,24.229999542236328,24.229999542236328,25.559999465942383,23.530000686645508,25.239999771118164,0
12/23/20,23.309999465942383,23.309999465942383,23.68000030517578,22.12999916,23.489999771118164,0
12/24/20,21.530000686645508,21.530000686645508,22.829999923706055,21.38999938964844,22.469999313354492,0
12/28/20,21.700000762939453,21.700000762939453,22.12000084,21.149999618530273,22.11000061035156,0
12/29/20,23.079999923706055,23.079999923706055,23.719999313354492,20.989999771118164,21.61000061035156,0
12/30/20,22.770000457763672,22.770000457763672,23.149999618530273,22.40999984741211,22.579999923706055,0
12/31/20,22.75,22.75,23.25,21.239999771118164,22.989999771118164,0
1/4/21,26.969999313354492,26.969999313354492,29.190000534057617,22.559999465942383,23.040000915527344,0
1/5/21,25.34000015258789,25.34000015258789,28.600000381469727,24.799999237060547,26.940000534057617,0
1/6/21,25.06999969482422,25.06999969482422,26.770000457763672,22.13999938964844,25.479999542236328,0
1/7/21,22.37000084,22.37000084,23.90999984741211,22.25,23.670000076293945,0
1/8/21,21.559999465942383,21.559999465942383,23.34000015258789,21.420000076293945,22.43000030517578,0
1/11/21,24.079999923706055,24.079999923706055,24.809999465942383,23.229999542236328,23.309999465942383,0
1/12/21,23.329999923706055,23.329999923706055,25.149999618530273,22.829999923706055,23.489999771118164,0
1/13/21,22.209999084472656,22.209999084472656,24.18000030517578,21.920000076293945,23.06999969482422,0
1/14/21,23.25,23.25,23.469999313354492,21.65999984741211,22.219999313354492,0
1/15/21,24.34000015258789,24.34000015258789,25.799999237060547,23.079999923706055,23.520000457763672,0
1/19/21,23.239999771118164,23.239999771118164,23.559999465942383,22.530000686645508,23.030000686645508,0
1/20/21,21.579999923706055,21.579999923706055,22.86000061035156,21.37000084,22.81999969482422,0
1/21/21,21.31999969482422,21.31999969482422,22.219999313354492,21.09000015258789,21.34000015258789,0
1/22/21,21.90999984741211,21.90999984741211,23.729999542236328,21.270000457763672,22.239999771118164,0
1/25/21,23.190000534057617,23.190000534057617,26.62999916,22.200000762939453,22.309999465942383,0
1/26/21,23.020000457763672,23.020000457763672,23.940000534057617,22.549999237060547,23.90999984741211,0
1/27/21,37.209999084472656,37.209999084472656,37.209999084472656,23.709999084472656,23.81999969482422,0
1/28/21,30.209999084472656,30.209999084472656,36.290000915527344,27.38999938964844,33.25,0
1/29/21,33.09000015258789,33.09000015258789,37.50999832,29.239999771118164,35.15999984741211,0
2/1/21,30.239999771118164,30.239999771118164,33.959999084472656,29.030000686645508,31.450000762939453,0
2/2/21,25.559999465942383,25.559999465942383,28.079999923706055,25.309999465942383,28.010000228881836,0
2/3/21,22.90999984741211,22.90999984741211,25.43000030517578,22.90999984741211,24.59000015258789,0
2/4/21,21.770000457763672,21.770000457763672,23.440000534057617,21.68000030517578,23.440000534057617,0
2/5/21,20.87000084,20.87000084,22.15999984741211,20.86000061035156,21.989999771118164,0
2/8/21,21.239999771118164,21.239999771118164,22.06999969482422,21.229999542236328,21.88999938964844,0
2/9/21,21.62999916,21.62999916,22.260000228881836,20.649999618530273,21.56999969482422,0
2/10/21,21.989999771118164,21.989999771118164,23.850000381469727,19.690000534057617,21.63999938964844,0
2/11/21,21.25,21.25,23.25,21.11000061035156,22.09000015258789,0
2/12/21,19.969999313354492,19.969999313354492,22.450000762939453,19.950000762939453,21.600000381469727,0
2/16/21,21.459999084472656,21.459999084472656,22.459999084472656,20.87999916,21.12999916,0
2/17/21,21.5,21.5,23.440000534057617,21.09000015258789,22.020000457763672,0
2/18/21,22.489999771118164,22.489999771118164,24.229999542236328,21.799999237060547,21.979999542236328,0
2/19/21,22.049999237060547,22.049999237060547,23.190000534057617,20.84000015258789,23.100000381469727,0
2/22/21,23.450000762939453,23.450000762939453,25.09000015258789,21.959999084472656,24.459999084472656,0
2/23/21,23.11000061035156,23.11000061035156,27.010000228881836,22.5,22.81999969482422,0
2/24/21,21.34000015258789,21.34000015258789,25.040000915527344,21.309999465942383,23.760000228881836,0
2/25/21,28.88999938964844,28.88999938964844,31.15999984741211,21.520000457763672,21.729999542236328,0
2/26/21,27.950000762939453,27.950000762939453,30.81999969482422,25.229999542236328,28.729999542236328,0
3/1/21,23.350000381469727,23.350000381469727,25.38999938964844,23.170000076293945,25.200000762939453,0
3/2/21,24.100000381469727,24.100000381469727,24.600000381469727,22.799999237060547,23.579999923706055,0
3/3/21,26.670000076293945,26.670000076293945,26.790000915527344,22.450000762939453,22.799999237060547,0
3/4/21,28.56999969482422,28.56999969482422,31.899999618530273,24.93000030517578,26.520000457763672,0
3/5/21,24.65999984741211,24.65999984741211,30.030000686645508,24.329999923706055,29.479999542236328,0
3/8/21,25.469999313354492,25.469999313354492,28.38999938964844,24.06999969482422,27.61000061035156,0
3/9/21,24.030000686645508,24.030000686645508,25.25,22.899999618530273,25.11000061035156,0
3/10/21,22.559999465942383,22.559999465942383,23.87000084,22.37999916,23.760000228881836,0
3/11/21,21.90999984741211,21.90999984741211,22.5,21.450000762939453,22.5,0
3/12/21,20.690000534057617,20.690000534057617,22.989999771118164,20.62999916,22.56999969482422,0
3/15/21,20.030000686645508,20.030000686645508,21.86000061035156,19.87000084,21.84000015258789,0
3/16/21,19.790000915527344,19.790000915527344,20.309999465942383,19.329999923706055,20.13999938964844,0
3/17/21,19.229999542236328,19.229999542236328,20.950000762939453,19.18000030517578,20.100000381469727,0
3/18/21,21.579999923706055,21.579999923706055,22.600000381469727,18.950000762939453,18.950000762939453,0
3/19/21,20.950000762939453,20.950000762939453,23.170000076293945,19.899999618530273,21.43000030517578,0
3/22/21,18.87999916,18.87999916,22.290000915527344,18.87000084,21.90999984741211,0
3/23/21,20.299999237060547,20.299999237060547,21.579999923706055,18.799999237060547,19.459999084472656,0
3/24/21,21.200000762939453,21.200000762939453,21.489999771118164,19.299999237060547,20.63999938964844,0
3/25/21,19.809999465942383,19.809999465942383,23.549999237060547,19.809999465942383,20.799999237060547,0
3/26/21,18.86000061035156,18.86000061035156,21.489999771118164,18.68000030517578,19.31999969482422,0
3/29/21,20.739999771118164,20.739999771118164,21.600000381469727,19.420000076293945,20.399999618530273,0
3/30/21,19.61000061035156,19.61000061035156,21.75,19.469999313354492,20.760000228881836,0
3/31/21,19.399999618530273,19.399999618530273,20.11000061035156,18.850000381469727,19.799999237060547,0
4/1/21,17.329999923706055,17.329999923706055,18.63999938964844,17.290000915527344,18.600000381469727,0
4/5/21,17.90999984741211,17.90999984741211,18.399999618530273,17.350000381469727,18.15999984741211,0
4/6/21,18.12000084,18.12000084,18.299999237060547,17.37000084,18.06999969482422,0
4/7/21,17.15999984741211,17.15999984741211,18.170000076293945,16.87000084,17.989999771118164,0
4/8/21,16.950000762939453,16.950000762939453,17.360000610351562,16.549999237060547,16.920000076293945,0
4/9/21,16.690000534057617,16.690000534057617,17.34000015258789,16.200000762939453,17.049999237060547,0
4/12/21,16.90999984741211,16.90999984741211,17.90999984741211,16.809999465942383,17.43000030517578,0
4/13/21,16.649999618530273,16.649999618530273,17.860000610351562,16.43000030517578,16.989999771118164,0
4/14/21,16.989999771118164,16.989999771118164,17.690000534057617,15.380000114440918,16.709999084472656,0
4/15/21,16.56999969482422,16.56999969482422,16.920000076293945,15.93999958,16.780000686645508,0
4/16/21,16.25,16.25,16.87999916,16.049999237060547,16.649999618530273,0
4/19/21,17.290000915527344,17.290000915527344,18.61000061035156,16.780000686645508,17.040000915527344,0
4/20/21,18.68000030517578,18.68000030517578,19.700000762939453,17.239999771118164,17.360000610351562,0
4/21/21,17.5,17.5,19.290000915527344,16.90999984741211,18.479999542236328,0
4/22/21,18.709999084472656,18.709999084472656,19.899999618530273,16.989999771118164,17.280000686645508,0
4/23/21,17.329999923706055,17.329999923706055,18.780000686645508,16.799999237060547,18.559999465942383,0
4/26/21,17.639999389648438,17.639999389648438,18.170000076293945,16.87000084,17.940000534057617,0
4/27/21,17.559999465942383,17.559999465942383,18.15999984741211,16.969999313354492,17.62000084,0
4/28/21,17.280000686645508,17.280000686645508,17.84000015258789,16.670000076293945,17.469999313354492,0
4/29/21,17.610000610351562,17.610000610351562,18.87000084,16.770000457763672,16.87999916,0
4/30/21,18.61000061035156,18.61000061035156,19.25,17.639999389648438,17.670000076293945,0
5/3/21,18.309999465942383,18.309999465942383,19.12000084,17.799999237060547,18.649999618530273,0
5/4/21,19.479999542236328,19.479999542236328,21.850000381469727,18.11000061035156,18.15999984741211,0
5/5/21,19.149999618530273,19.149999618530273,19.579999923706055,17.889999389648438,18.84000015258789,0
5/6/21,18.38999938964844,18.38999938964844,20.600000381469727,18.209999084472656,18.40999984741211,0
5/7/21,16.690000534057617,16.690000534057617,18.56999969482422,16.68000030517578,18.450000762939453,0
5/10/21,19.65999984741211,19.65999984741211,19.75,17.06999969482422,17.34000015258789,0
5/11/21,21.84000015258789,21.84000015258789,23.729999542236328,20.709999084472656,21.170000076293945,0
5/12/21,27.59000015258789,27.59000015258789,28.37999916,21.65999984741211,22.420000076293945,0
5/13/21,23.12999916,23.12999916,28.93000030517578,22.229999542236328,26.030000686645508,0
5/14/21,18.809999465942383,18.809999465942383,22.100000381469727,18.65999984741211,21.770000457763672,0
5/17/21,19.719999313354492,19.719999313354492,21.579999923706055,19.670000076293945,19.88999938964844,0
5/18/21,21.34000015258789,21.34000015258789,21.450000762939453,18.809999465942383,18.88999938964844,0
5/19/21,22.18000030517578,22.18000030517578,25.959999084472656,21.87999916,22.459999084472656,0
5/20/21,20.670000076293945,20.670000076293945,23.5,20.190000534057617,22.329999923706055,0
5/21/21,20.149999618530273,20.149999618530273,20.88999938964844,19.530000686645508,20.420000076293945,0
5/24/21,18.399999618530273,18.399999618530273,20.510000228881836,18.37999916,20.5,0
5/25/21,18.84000015258789,18.84000015258789,19.290000915527344,16.87000084,18.350000381469727,0
5/26/21,17.360000610351562,17.360000610351562,18.920000076293945,17.350000381469727,18.37000084,0
5/27/21,16.739999771118164,16.739999771118164,18.170000076293945,16.520000457763672,18.030000686645508,0
5/28/21,16.760000228881836,16.760000228881836,16.860000610351562,15.899999618530272,16.799999237060547,0
6/1/21,17.899999618530273,17.899999618530273,18.530000686645508,15.68000030517578,17.239999771118164,0
6/2/21,17.479999542236328,17.479999542236328,18.309999465942383,16.739999771118164,17.860000610351562,0
6/3/21,18.040000915527344,18.040000915527344,19.270000457763672,17.450000762939453,17.729999542236328,0
6/4/21,16.420000076293945,16.420000076293945,18.420000076293945,16.18000030517578,18.09000015258789,0
6/7/21,16.420000076293945,16.420000076293945,17.350000381469727,15.779999732971191,17.34000015258789,0
6/8/21,17.06999969482422,17.06999969482422,17.75,15.149999618530272,16.579999923706055,0
6/9/21,17.889999389648438,17.889999389648438,17.959999084472656,15.550000190734863,17.18000030517578,0
6/10/21,16.100000381469727,16.100000381469727,18.290000915527344,16.010000228881836,18.18000030517578,0
6/11/21,15.649999618530272,15.649999618530272,16.200000762939453,15.149999618530272,16.18000030517578,0
6/14/21,16.389999389648438,16.389999389648438,17.040000915527344,15.039999961853027,16.040000915527344,0
6/15/21,17.020000457763672,17.020000457763672,17.350000381469727,16.139999389648438,16.270000457763672,0
6/16/21,18.149999618530273,18.149999618530273,19.11000061035156,16.420000076293945,16.989999771118164,0
6/17/21,17.75,17.75,19.219999313354492,16.709999084472656,18.489999771118164,0
6/18/21,20.700000762939453,20.700000762939453,21.040000915527344,16.920000076293945,16.959999084472656,0
6/21/21,17.889999389648438,17.889999389648438,21.81999969482422,17.809999465942383,21.739999771118164,0
6/22/21,16.65999984741211,16.65999984741211,18.31999969482422,15.760000228881836,17.90999984741211,0
6/23/21,16.31999969482422,16.31999969482422,16.84000015258789,14.859999656677246,16.25,0
6/24/21,15.970000267028809,15.970000267028809,16.049999237060547,14.18999958,15.989999771118164,0
6/25/21,15.619999885559082,15.619999885559082,16.170000076293945,15.210000038146973,16.040000915527344,0
6/28/21,15.760000228881836,15.760000228881836,16.459999084472656,15.390000343322754,16.06999969482422,0
6/29/21,16.020000457763672,16.020000457763672,16.309999465942383,14.100000381469728,15.68999958,0
6/30/21,15.829999923706056,15.829999923706056,17.309999465942383,15.579999923706056,16.18000030517578,0
7/1/21,15.479999542236328,15.479999542236328,16.010000228881836,15.31000042,15.619999885559082,0
7/2/21,15.06999969482422,15.06999969482422,15.539999961853027,14.25,15.529999732971191,0
7/6/21,16.440000534057617,16.440000534057617,17.940000534057617,15.729999542236328,15.770000457763672,0
7/7/21,16.200000762939453,16.200000762939453,17.639999389648438,16.079999923706055,16.43000030517578,0
7/8/21,19.0,19.0,21.290000915527344,17.739999771118164,17.739999771118164,0
7/9/21,16.18000030517578,16.18000030517578,18.12999916,16.079999923706055,17.87999916,0
7/12/21,16.170000076293945,16.170000076293945,17.520000457763672,16.139999389648438,16.850000381469727,0
7/13/21,17.12000084,17.12000084,17.229999542236328,15.93999958,16.389999389648438,0
7/14/21,16.329999923706055,16.329999923706055,17.510000228881836,15.949999809265137,17.34000015258789,0
7/15/21,17.010000228881836,17.010000228881836,18.09000015258789,16.559999465942383,16.700000762939453,0
7/16/21,18.450000762939453,18.450000762939453,18.700000762939453,16.030000686645508,16.799999237060547,0
7/19/21,22.5,22.5,25.09000015258789,19.270000457763672,19.61000061035156,0
7/20/21,19.729999542236328,19.729999542236328,22.969999313354492,19.37000084,20.88999938964844,0
7/21/21,17.90999984741211,17.90999984741211,19.81999969482422,17.809999465942383,19.729999542236328,0
7/22/21,17.690000534057617,17.690000534057617,18.450000762939453,17.399999618530273,17.59000015258789,0
7/23/21,17.200000762939453,17.200000762939453,17.479999542236328,16.329999923706055,16.979999542236328,0
7/26/21,17.579999923706055,17.579999923706055,19.38999938964844,17.530000686645508,18.670000076293945,0
7/27/21,19.36000061035156,19.36000061035156,20.440000534057617,18.25,18.62000084,0
7/28/21,18.309999465942383,18.309999465942383,19.62000084,17.520000457763672,19.40999984741211,0
7/29/21,17.700000762939453,17.700000762939453,18.010000228881836,17.190000534057617,17.90999984741211,0
7/30/21,18.239999771118164,18.239999771118164,19.719999313354492,17.530000686645508,19.690000534057617,0
8/2/21,19.459999084472656,19.459999084472656,19.87000084,17.989999771118164,18.15999984741211,0
8/3/21,18.040000915527344,18.040000915527344,20.440000534057617,17.700000762939453,19.170000076293945,0
8/4/21,17.969999313354492,17.969999313354492,18.899999618530273,17.670000076293945,18.229999542236328,0
8/5/21,17.280000686645508,17.280000686645508,17.84000015258789,17.229999542236328,17.729999542236328,0
8/6/21,16.149999618530273,16.149999618530273,17.5,16.139999389648438,17.459999084472656,0
8/9/21,16.719999313354492,16.719999313354492,17.389999389648438,16.59000015258789,17.12000084,0
8/10/21,16.790000915527344,16.790000915527344,17.049999237060547,16.34000015258789,16.81999969482422,0
8/11/21,16.170000076293945,16.170000076293945,17.09000015258789,16.06999969482422,16.809999465942383,0
8/12/21,15.59000015258789,15.59000015258789,16.420000076293945,15.489999771118164,16.329999923706055,0
8/13/21,15.449999809265137,15.449999809265137,15.720000267028809,15.18999958,15.68000030517578,0
8/16/21,16.12000084,16.12000084,17.709999084472656,16.020000457763672,17.049999237060547,0
8/17/21,17.90999984741211,17.90999984741211,19.559999465942383,16.709999084472656,17.309999465942383,0
8/18/21,21.56999969482422,21.56999969482422,21.63999938964844,17.309999465942383,17.559999465942383,0
8/19/21,21.670000076293945,21.670000076293945,24.739999771118164,20.37000084,23.12000084,0
8/20/21,18.559999465942383,18.559999465942383,23.899999618530273,18.18000030517578,22.739999771118164,0
8/23/21,17.149999618530273,17.149999618530273,18.950000762939453,16.950000762939453,18.829999923706055,0
8/24/21,17.219999313354492,17.219999313354492,17.510000228881836,16.940000534057617,16.959999084472656,0
8/25/21,16.790000915527344,16.790000915527344,17.5,16.459999084472656,17.420000076293945,0
8/26/21,18.84000015258789,18.84000015258789,19.270000457763672,17.15999984741211,17.459999084472656,0
8/27/21,16.389999389648438,16.389999389648438,18.219999313354492,16.110000610351562,17.950000762939453,0
8/30/21,16.190000534057617,16.190000534057617,16.799999237060547,15.979999542236328,16.770000457763672,0
8/31/21,16.479999542236328,16.479999542236328,17.06999969482422,15.90999984741211,15.979999542236328,0
9/1/21,16.110000610351562,16.110000610351562,16.709999084472656,15.68000030517578,16.059999465942383,0
9/2/21,16.40999984741211,16.40999984741211,16.979999542236328,15.729999542236328,16.270000457763672,0
9/3/21,16.40999984741211,16.40999984741211,17.059999465942383,16.079999923706055,16.270000457763672,0
9/7/21,18.13999938964844,18.13999938964844,18.38999938964844,16.889999389648438,16.940000534057617,0
9/8/21,17.959999084472656,17.959999084472656,19.63999938964844,17.780000686645508,18.969999313354492,0
9/9/21,18.799999237060547,18.799999237060547,19.540000915527344,17.170000076293945,19.440000534057617,0
9/10/21,20.950000762939453,20.950000762939453,21.12999916,16.989999771118164,17.940000534057617,0
9/13/21,19.37000084,19.37000084,21.18000030517578,18.760000228881836,19.63999938964844,0
9/14/21,19.459999084472656,19.459999084472656,20.469999313354492,18.38999938964844,19.579999923706055,0
9/15/21,18.18000030517578,18.18000030517578,20.270000457763672,18.010000228881836,19.299999237060547,0
9/16/21,18.690000534057617,18.690000534057617,19.760000228881836,17.649999618530273,18.40999984741211,0
9/17/21,20.809999465942383,20.809999465942383,21.510000228881836,18.350000381469727,18.37000084,0
9/20/21,25.709999084472656,25.709999084472656,28.790000915527344,23.899999618530273,24.25,0
9/21/21,24.36000061035156,24.36000061035156,25.600000381469727,21.709999084472656,23.40999984741211,0
9/22/21,20.87000084,20.87000084,23.399999618530273,20.75,22.719999313354492,0
9/23/21,18.62999916,18.62999916,20.209999084472656,18.420000076293945,19.90999984741211,0
9/24/21,17.75,17.75,20.40999984741211,17.62999916,19.329999923706055,0
9/27/21,18.760000228881836,18.760000228881836,19.31999969482422,17.739999771118164,17.780000686645508,0
9/28/21,23.25,23.25,24.81999969482422,19.709999084472656,19.739999771118164,0
9/29/21,22.559999465942383,22.559999465942383,23.790000915527344,21.450000762939453,22.06999969482422,0
9/30/21,23.13999938964844,23.13999938964844,24.709999084472656,20.600000381469727,21.479999542236328,0
10/1/21,21.100000381469727,21.100000381469727,24.88999938964844,20.850000381469727,24.780000686645508,0
10/4/21,22.959999084472656,22.959999084472656,24.579999923706055,21.87999916,22.899999618530273,0
10/5/21,21.299999237060547,21.299999237060547,23.170000076293945,20.62000084,22.920000076293945,0
10/6/21,21.0,21.0,24.399999618530273,20.989999771118164,22.950000762939453,0
10/7/21,19.540000915527344,19.540000915527344,20.760000228881836,19.06999969482422,20.540000915527344,0
10/8/21,18.770000457763672,18.770000457763672,19.940000534057617,18.200000762939453,19.459999084472656,0
10/11/21,20.0,20.0,20.450000762939453,18.11000061035156,19.93000030517578,0
10/12/21,19.850000381469727,19.850000381469727,20.809999465942383,18.969999313354492,20.62000084,0
10/13/21,18.63999938964844,18.63999938964844,20.229999542236328,18.440000534057617,20.13999938964844,0
10/14/21,16.860000610351562,16.860000610351562,18.079999923706055,16.799999237060547,18.010000228881836,0
10/15/21,16.299999237060547,16.299999237060547,16.850000381469727,15.720000267028809,16.639999389648438,0
10/18/21,16.309999465942383,16.309999465942383,17.93000030517578,16.270000457763672,17.290000915527344,0
10/19/21,15.699999809265137,15.699999809265137,16.309999465942383,15.56999969482422,16.09000015258789,0
10/20/21,15.489999771118164,15.489999771118164,15.890000343322754,15.289999961853027,15.81999969482422,0
10/21/21,15.010000228881836,15.010000228881836,16.110000610351562,14.920000076293944,16.059999465942383,0
10/22/21,15.43000030517578,15.43000030517578,16.389999389648438,14.84000015258789,15.350000381469728,0
10/25/21,15.239999771118164,15.239999771118164,16.329999923706055,15.100000381469728,16.139999389648438,0
10/26/21,15.979999542236328,15.979999542236328,16.709999084472656,14.899999618530272,15.020000457763672,0
10/27/21,16.979999542236328,16.979999542236328,17.290000915527344,15.539999961853027,15.789999961853027,0
10/28/21,16.530000686645508,16.530000686645508,17.15999984741211,16.229999542236328,17.059999465942383,0
10/29/21,16.260000228881836,16.260000228881836,18.059999465942383,16.12999916,17.399999618530273,0
11/1/21,16.40999984741211,16.40999984741211,17.700000762939453,16.31999969482422,16.850000381469727,0
11/2/21,16.030000686645508,16.030000686645508,16.649999618530273,15.890000343322754,16.540000915527344,0
11/3/21,15.100000381469728,15.100000381469728,16.389999389648438,14.899999618530272,16.110000610351562,0
11/4/21,15.43999958,15.43999958,16.139999389648438,14.729999542236328,15.06000042,0
11/5/21,16.479999542236328,16.479999542236328,17.020000457763672,14.949999809265137,15.59000015258789,0
11/8/21,17.219999313354492,17.219999313354492,17.690000534057617,16.440000534057617,17.229999542236328,0
11/9/21,17.780000686645508,17.780000686645508,18.56999969482422,17.209999084472656,17.43000030517578,0
11/10/21,18.729999542236328,18.729999542236328,19.899999618530273,17.219999313354492,17.739999771118164,0
11/11/21,17.65999984741211,17.65999984741211,18.38999938964844,17.270000457763672,18.34000015258789,0
11/12/21,16.290000915527344,16.290000915527344,17.690000534057617,16.149999618530273,17.489999771118164,0
11/15/21,16.489999771118164,16.489999771118164,17.459999084472656,16.489999771118164,17.030000686645508,0
11/16/21,16.37000084,16.37000084,17.079999923706055,16.030000686645508,16.860000610351562,0
11/17/21,17.110000610351562,17.110000610351562,17.190000534057617,16.280000686645508,16.360000610351562,0
11/18/21,17.59000015258789,17.59000015258789,18.149999618530273,16.37999916,16.809999465942383,0
11/19/21,17.90999984741211,17.90999984741211,19.010000228881836,17.229999542236328,17.360000610351562,0
11/22/21,19.170000076293945,19.170000076293945,19.59000015258789,17.350000381469727,18.200000762939453,0
11/23/21,19.37999916,19.37999916,20.90999984741211,19.030000686645508,20.239999771118164,0
11/24/21,18.579999923706055,18.579999923706055,20.959999084472656,18.520000457763672,19.170000076293945,0
11/26/21,28.62000084,28.62000084,28.989999771118164,23.87999916,26.62000084,0
11/29/21,22.959999084472656,22.959999084472656,25.690000534057617,21.709999084472656,25.309999465942383,0
11/30/21,27.190000534057617,27.190000534057617,28.559999465942383,23.709999084472656,26.229999542236328,0
12/1/21,31.12000084,31.12000084,32.61000061035156,22.37999916,24.920000076293945,0
12/2/21,27.950000762939453,27.950000762939453,30.68000030517578,27.149999618530273,29.440000534057617,0
12/3/21,30.670000076293945,30.670000076293945,35.31999969482422,25.88999938964844,26.950000762939453,0
12/6/21,27.18000030517578,27.18000030517578,30.81999969482422,26.75,28.989999771118164,0
12/7/21,21.88999938964844,21.88999938964844,24.690000534057617,21.579999923706055,24.579999923706055,0
12/8/21,19.899999618530273,19.899999618530273,23.11000061035156,19.850000381469727,21.739999771118164,0
12/9/21,21.579999923706055,21.579999923706055,22.12000084,19.940000534057617,20.309999465942383,0
12/10/21,18.690000534057617,18.690000534057617,21.299999237060547,18.690000534057617,21.270000457763672,0
12/13/21,20.309999465942383,20.309999465942383,21.18000030517578,18.959999084472656,19.290000915527344,0
12/14/21,21.88999938964844,21.88999938964844,23.0,19.670000076293945,19.670000076293945,0
12/15/21,19.290000915527344,19.290000915527344,23.469999313354492,19.020000457763672,21.600000381469727,0
12/16/21,20.56999969482422,20.56999969482422,22.12999916,18.190000534057617,18.559999465942383,0
12/17/21,21.56999969482422,21.56999969482422,23.260000228881836,20.489999771118164,20.700000762939453,0
12/20/21,22.87000084,22.87000084,27.38999938964844,22.850000381469727,25.88999938964844,0
12/21/21,21.010000228881836,21.010000228881836,22.68000030517578,20.899999618530273,22.280000686645508,0
12/22/21,18.62999916,18.62999916,21.36000061035156,18.59000015258789,21.040000915527344,0
12/23/21,17.959999084472656,17.959999084472656,18.93000030517578,17.62000084,18.809999465942383,0
12/27/21,17.68000030517578,17.68000030517578,19.40999984741211,17.549999237060547,19.37000084,0
12/28/21,17.540000915527344,17.540000915527344,18.469999313354492,17.510000228881836,17.780000686645508,0
12/29/21,16.950000762939453,16.950000762939453,18.0,16.709999084472656,17.62999916,0
12/30/21,17.329999923706055,17.329999923706055,17.790000915527344,16.62000084,17.299999237060547,0
12/31/21,17.219999313354492,17.219999313354492,18.270000457763672,16.989999771118164,17.62999916,0
1/3/22,16.600000381469727,16.600000381469727,18.540000915527344,16.559999465942383,17.600000381469727,0
1/4/22,16.90999984741211,16.90999984741211,17.809999465942383,16.34000015258789,16.56999969482422,0
1/5/22,19.729999542236328,19.729999542236328,20.170000076293945,16.579999923706055,17.06999969482422,0
1/6/22,19.61000061035156,19.61000061035156,21.059999465942383,19.079999923706055,20.290000915527344,0
1/7/22,18.760000228881836,18.760000228881836,20.799999237060547,18.56999969482422,19.850000381469727,0
1/10/22,19.399999618530273,19.399999618530273,23.329999923706055,19.290000915527344,19.579999923706055,0
1/11/22,18.40999984741211,18.40999984741211,21.0,18.200000762939453,19.62000084,0
1/12/22,17.62000084,17.62000084,18.690000534057617,17.360000610351562,18.170000076293945,0
1/13/22,20.309999465942383,20.309999465942383,20.61000061035156,17.450000762939453,18.059999465942383,0
1/14/22,19.190000534057617,19.190000534057617,22.06999969482422,19.049999237060547,20.11000061035156,0
1/18/22,22.790000915527344,22.790000915527344,23.200000762939453,21.18000030517578,21.18000030517578,0
1/19/22,23.850000381469727,23.850000381469727,23.989999771118164,21.850000381469727,23.12000084,0
1/20/22,25.59000015258789,25.59000015258789,25.88999938964844,21.68000030517578,23.459999084472656,0
1/21/22,28.850000381469727,28.850000381469727,29.790000915527344,25.309999465942383,25.37999916,0
1/24/22,29.899999618530273,29.899999618530273,38.939998626708984,28.020000457763672,28.200000762939453,0
1/25/22,31.15999984741211,31.15999984741211,35.849998474121094,29.12999916,32.290000915527344,0
1/26/22,31.959999084472656,31.959999084472656,33.040000915527344,26.899999618530273,29.350000381469727,0
1/27/22,30.489999771118164,30.489999771118164,33.0,28.420000076293945,32.189998626708984,0
1/28/22,27.65999984741211,27.65999984741211,32.81999969482422,27.280000686645508,30.270000457763672,0
1/31/22,24.829999923706055,24.829999923706055,29.40999984741211,24.709999084472656,28.36000061035156,0
2/1/22,21.959999084472656,21.959999084472656,25.329999923706055,21.959999084472656,24.56999969482422,0
2/2/22,22.09000015258789,22.09000015258789,22.729999542236328,20.459999084472656,21.559999465942383,0
2/3/22,24.350000381469727,24.350000381469727,25.809999465942383,22.299999237060547,22.62999916,0
2/4/22,23.219999313354492,23.219999313354492,26.260000228881836,22.06999969482422,23.770000457763672,0
2/7/22,22.86000061035156,22.86000061035156,24.81999969482422,22.020000457763672,24.09000015258789,0
2/8/22,21.440000534057617,21.440000534057617,23.479999542236328,21.31999969482422,23.09000015258789,0
2/9/22,19.959999084472656,19.959999084472656,21.299999237060547,19.93000030517578,21.270000457763672,0
2/10/22,23.90999984741211,23.90999984741211,24.770000457763672,20.18000030517578,20.37000084,0
2/11/22,27.36000061035156,27.36000061035156,30.989999771118164,23.329999923706055,24.38999938964844,0
2/14/22,28.329999923706055,28.329999923706055,32.040000915527344,28.329999923706055,29.170000076293945,0
2/15/22,25.700000762939453,25.700000762939453,28.09000015258789,25.329999923706055,28.09000015258789,0
2/16/22,24.290000915527344,24.290000915527344,27.09000015258789,23.87999916,25.190000534057617,0
2/17/22,28.11000061035156,28.11000061035156,28.37000084,24.760000228881836,24.829999923706055,0
2/18/22,27.75,27.75,29.709999084472656,26.37999916,26.65999984741211,0
2/22/22,28.809999465942383,28.809999465942383,32.040000915527344,28.399999618530273,31.799999237060547,0
2/23/22,31.020000457763672,31.020000457763672,31.06999969482422,27.200000762939453,28.040000915527344,0
2/24/22,30.31999969482422,30.31999969482422,37.790000915527344,29.450000762939453,37.5,0
2/25/22,27.59000015258789,27.59000015258789,32.0,26.93000030517578,31.68000030517578,0
2/28/22,30.149999618530273,30.149999618530273,33.50999832,28.43000030517578,32.439998626708984,0
3/1/22,33.31999969482422,33.31999969482422,35.189998626708984,29.440000534057617,29.450000762939453,0
3/2/22,30.739999771118164,30.739999771118164,34.40999984741211,30.12000084,34.20000076293945,0
3/3/22,30.479999542236328,30.479999542236328,32.00999832,29.309999465942383,30.520000457763672,0
3/4/22,31.979999542236328,31.979999542236328,34.650001525878906,31.469999313354492,31.899999618530273,0
3/7/22,36.45000076293945,36.45000076293945,36.54999923706055,32.59000015258789,35.880001068115234,0
3/8/22,35.130001068115234,35.130001068115234,37.52000045776367,32.779998779296875,36.189998626708984,0
3/9/22,32.45000076293945,32.45000076293945,34.119998931884766,31.38999938964844,33.74000168,0
3/10/22,30.229999542236328,30.229999542236328,34.029998779296875,30.229999542236328,33.029998779296875,0
3/11/22,30.75,30.75,31.040000915527344,28.84000015258789,30.43000030517578,0
3/14/22,31.770000457763672,31.770000457763672,33.18000030517578,30.059999465942383,31.030000686645508,0
3/15/22,29.829999923706055,29.829999923706055,33.83000183105469,29.56999969482422,33.130001068115234,0
3/16/22,26.670000076293945,26.670000076293945,29.799999237060547,26.290000915527344,29.020000457763672,0
3/17/22,25.670000076293945,25.670000076293945,27.469999313354492,25.25,26.510000228881836,0
3/18/22,23.87000084,23.87000084,26.81999969482422,23.850000381469727,26.36000061035156,0
3/21/22,23.530000686645508,23.530000686645508,25.36000061035156,22.989999771118164,25.13999938964844,0
3/22/22,22.940000534057617,22.940000534057617,24.020000457763672,22.700000762939453,24.020000457763672,0
3/23/22,23.56999969482422,23.56999969482422,24.030000686645508,22.63999938964844,23.040000915527344,0
3/24/22,21.670000076293945,21.670000076293945,23.790000915527344,21.489999771118164,23.61000061035156,0
3/25/22,20.809999465942383,20.809999465942383,22.86000061035156,20.799999237060547,21.87000084,0
3/28/22,19.62999916,19.62999916,23.329999923706055,19.540000915527344,22.13999938964844,0
3/29/22,18.899999618530273,18.899999618530273,19.729999542236328,18.670000076293945,19.700000762939453,0
3/30/22,19.329999923706055,19.329999923706055,20.510000228881836,18.719999313354492,19.37999916,0
3/31/22,20.559999465942383,20.559999465942383,21.479999542236328,19.540000915527344,19.68000030517578,0
4/1/22,19.62999916,19.62999916,20.86000061035156,19.40999984741211,20.62000084,0
4/4/22,18.56999969482422,18.56999969482422,20.780000686645508,18.450000762939453,20.75,0
4/5/22,21.030000686645508,21.030000686645508,21.56999969482422,18.549999237060547,18.790000915527344,0
4/6/22,22.100000381469727,22.100000381469727,24.780000686645508,21.239999771118164,21.270000457763672,0
4/7/22,21.549999237060547,21.549999237060547,23.81999969482422,21.12000084,21.969999313354492,0
4/8/22,21.15999984741211,21.15999984741211,22.34000015258789,20.280000686645508,21.25,0
4/11/22,24.37000084,24.37000084,24.420000076293945,22.09000015258789,23.09000015258789,0
4/12/22,24.260000228881836,24.260000228881836,25.37999916,22.270000457763672,24.940000534057617,0
4/13/22,21.81999969482422,21.81999969482422,24.450000762939453,21.37000084,23.520000457763672,0
4/14/22,22.700000762939453,22.700000762939453,22.700000762939453,20.850000381469727,21.719999313354492,0
4/18/22,22.170000076293945,22.170000076293945,24.600000381469727,21.979999542236328,24.520000457763672,0
4/19/22,21.37000084,21.37000084,22.920000076293945,20.36000061035156,22.549999237060547,0
4/20/22,20.31999969482422,20.31999969482422,21.31999969482422,19.75,21.12999916,0
4/21/22,22.68000030517578,22.68000030517578,23.280000686645508,19.809999465942383,20.239999771118164,0
4/22/22,28.209999084472656,28.209999084472656,28.270000457763672,22.62000084,22.709999084472656,0
4/25/22,27.020000457763672,27.020000457763672,31.600000381469727,26.799999237060547,30.040000915527344,0
4/26/22,33.52000045776367,33.52000045776367,33.810001373291016,27.059999465942383,27.37999916,0
4/27/22,31.600000381469727,31.600000381469727,32.77000045776367,29.81999969482422,31.11000061035156,0
4/28/22,29.989999771118164,29.989999771118164,32.0,28.0,29.90999984741211,0
4/29/22,33.400001525878906,33.400001525878906,34.34000015258789,28.540000915527344,28.969999313354492,0
5/2/22,32.34000015258789,32.34000015258789,36.63999938964844,31.739999771118164,33.349998474121094,0
5/3/22,29.25,29.25,32.81999969482422,29.059999465942383,31.760000228881836,0
5/4/22,25.420000076293945,25.420000076293945,29.420000076293945,24.940000534057617,29.12000084,0
5/5/22,31.200000762939453,31.200000762939453,33.20000076293945,25.780000686645508,25.969999313354492,0
5/6/22,30.190000534057617,30.190000534057617,35.34000015258789,29.829999923706055,32.22999954223633,0
5/9/22,34.75,34.75,35.47999954223633,31.899999618530273,31.899999618530273,0
5/10/22,32.99000168,32.99000168,34.84000015258789,32.24000168,33.65999984741211,0
5/11/22,32.560001373291016,32.560001373291016,34.38999938964844,30.690000534057617,32.869998931884766,0
5/12/22,31.770000457763672,31.770000457763672,34.75999832,31.700000762939453,33.74000168,0
5/13/22,28.87000084,28.87000084,31.200000762939453,28.780000686645508,31.09000015258789,0
5/16/22,27.469999313354492,27.469999313354492,30.229999542236328,27.36000061035156,30.010000228881836,0
5/17/22,26.100000381469727,26.100000381469727,27.170000076293945,25.510000228881836,27.06999969482422,0
5/18/22,30.959999084472656,30.959999084472656,31.489999771118164,26.209999084472656,26.739999771118164,0
5/19/22,29.350000381469727,29.350000381469727,33.11000061035156,29.059999465942383,31.239999771118164,0
5/20/22,29.43000030517578,29.43000030517578,32.90999984741211,28.059999465942383,28.780000686645508,0
5/23/22,28.479999542236328,28.479999542236328,30.38999938964844,28.290000915527344,28.979999542236328,0
5/24/22,29.450000762939453,29.450000762939453,31.06999969482422,29.040000915527344,29.43000030517578,0
5/25/22,28.37000084,28.37000084,30.229999542236328,28.15999984741211,29.329999923706055,0
5/26/22,27.5,27.5,28.459999084472656,27.11000061035156,28.420000076293945,0
5/27/22,25.719999313354492,25.719999313354492,27.540000915527344,25.56999969482422,27.5,0
5/31/22,26.190000534057617,26.190000534057617,28.350000381469727,25.940000534057617,27.469999313354492,0
6/1/22,25.690000534057617,25.690000534057617,27.729999542236328,25.37999916,26.049999237060547,0
6/2/22,24.719999313354492,24.719999313354492,26.5,24.329999923706055,25.729999542236328,0
6/3/22,24.790000915527344,24.790000915527344,25.959999084472656,24.760000228881836,24.90999984741211,0
6/6/22,25.06999969482422,25.06999969482422,25.809999465942383,24.81999969482422,25.37000084,0
6/7/22,24.020000457763672,24.020000457763672,26.239999771118164,23.87999916,25.540000915527344,0
6/8/22,23.959999084472656,23.959999084472656,24.780000686645508,23.739999771118164,24.37000084,0
6/9/22,26.09000015258789,26.09000015258789,26.239999771118164,23.81999969482422,24.290000915527344,0
6/10/22,27.75,27.75,29.62999916,26.049999237060547,26.260000228881836,0
6/13/22,34.02000045776367,34.02000045776367,35.04999923706055,31.290000915527344,31.37000084,0
6/14/22,32.689998626708984,32.689998626708984,34.0,32.060001373291016,33.00999832,0
6/15/22,29.62000084,29.62000084,32.77000045776367,27.760000228881836,32.38999938964844,0
6/16/22,32.95000076293945,32.95000076293945,34.81999969482422,30.350000381469727,30.350000381469727,0
6/17/22,31.12999916,31.12999916,33.310001373291016,30.469999313354492,32.84000015258789,0
6/21/22,30.190000534057617,30.190000534057617,30.649999618530273,29.329999923706055,30.62999916,0
6/22/22,28.950000762939453,28.950000762939453,31.56999969482422,28.780000686645508,31.450000762939453,0
6/23/22,29.049999237060547,29.049999237060547,29.770000457763672,28.739999771118164,29.290000915527344,0
6/24/22,27.229999542236328,27.229999542236328,29.719999313354492,26.829999923706055,29.06999969482422,0
6/27/22,26.950000762939453,26.950000762939453,28.65999984741211,26.93000030517578,28.299999237060547,0
6/28/22,28.36000061035156,28.36000061035156,28.68000030517578,26.469999313354492,26.899999618530273,0
6/29/22,28.15999984741211,28.15999984741211,29.36000061035156,27.850000381469727,28.799999237060547,0
6/30/22,28.709999084472656,28.709999084472656,30.219999313354492,28.280000686645508,29.420000076293945,0
7/1/22,26.700000762939453,26.700000762939453,29.59000015258789,26.690000534057617,29.530000686645508,0
7/5/22,27.540000915527344,27.540000915527344,29.81999969482422,27.299999237060547,27.37000084,0
7/6/22,26.729999542236328,26.729999542236328,28.06999969482422,26.43000030517578,27.84000015258789,0
7/7/22,26.079999923706055,26.079999923706055,26.790000915527344,25.65999984741211,26.729999542236328,0
7/8/22,24.63999938964844,24.63999938964844,26.61000061035156,24.43000030517578,26.40999984741211,0
7/11/22,26.170000076293945,26.170000076293945,26.739999771118164,25.790000915527344,26.420000076293945,0
7/12/22,27.290000915527344,27.290000915527344,27.75,25.81999969482422,27.13999938964844,0
7/13/22,26.81999969482422,26.81999969482422,29.059999465942383,26.229999542236328,27.350000381469727,0
7/14/22,26.399999618530273,26.399999618530273,28.450000762939453,26.200000762939453,27.469999313354492,0
7/15/22,24.229999542236328,24.229999542236328,26.719999313354492,24.12999916,26.719999313354492,0
7/18/22,25.299999237060547,25.299999237060547,25.90999984741211,24.37999916,24.829999923706055,0
7/19/22,24.5,24.5,25.40999984741211,24.229999542236328,25.12000084,0
7/20/22,23.87999916,23.87999916,24.729999542236328,23.399999618530273,24.229999542236328,0
7/21/22,23.11000061035156,23.11000061035156,24.670000076293945,22.920000076293945,24.06999969482422,0
7/22/22,23.030000686645508,23.030000686645508,23.809999465942383,22.40999984741211,23.299999237060547,0
7/25/22,23.36000061035156,23.36000061035156,24.56999969482422,23.190000534057617,24.329999923706055,0
7/26/22,24.690000534057617,24.690000534057617,25.309999465942383,23.81999969482422,23.950000762939453,0
7/27/22,23.239999771118164,23.239999771118164,24.40999984741211,23.020000457763672,24.270000457763672,0
7/28/22,22.329999923706055,22.329999923706055,23.540000915527344,22.219999313354492,23.329999923706055,0
7/29/22,21.329999923706055,21.329999923706055,22.15999984741211,21.209999084472656,22.12999916,0
8/1/22,22.84000015258789,22.84000015258789,23.270000457763672,22.260000228881836,22.40999984741211,0
8/2/22,23.93000030517578,23.93000030517578,24.68000030517578,22.670000076293945,24.079999923706055,0
8/3/22,21.950000762939453,21.950000762939453,23.920000076293945,21.68000030517578,23.86000061035156,0
8/4/22,21.440000534057617,21.440000534057617,22.65999984741211,21.440000534057617,22.059999465942383,0
8/5/22,21.149999618530273,21.149999618530273,22.579999923706055,20.760000228881836,21.5,0
8/8/22,21.290000915527344,21.290000915527344,22.010000228881836,20.829999923706055,21.739999771118164,0
8/9/22,21.770000457763672,21.770000457763672,22.229999542236328,21.40999984741211,21.40999984741211,0
8/10/22,19.739999771118164,19.739999771118164,22.34000015258789,19.540000915527344,22.280000686645508,0
8/11/22,20.200000762939453,20.200000762939453,20.850000381469727,19.709999084472656,19.84000015258789,0
8/12/22,19.530000686645508,19.530000686645508,20.350000381469727,19.12000084,20.34000015258789,0
8/15/22,19.950000762939453,19.950000762939453,21.15999984741211,19.809999465942383,20.739999771118164,0
8/16/22,19.690000534057617,19.690000534057617,20.38999938964844,19.5,20.229999542236328,0
8/17/22,19.899999618530273,19.899999618530273,20.62999916,19.40999984741211,19.739999771118164,0
8/18/22,19.559999465942383,19.559999465942383,20.61000061035156,19.43000030517578,20.510000228881836,0
8/19/22,20.600000381469727,20.600000381469727,21.270000457763672,20.079999923706055,20.15999984741211,0
8/22/22,23.799999237060547,23.799999237060547,24.62000084,22.38999938964844,22.40999984741211,0
8/23/22,24.11000061035156,24.11000061035156,24.209999084472656,23.06999969482422,24.12999916,0
8/24/22,22.81999969482422,22.81999969482422,24.86000061035156,22.729999542236328,24.37000084,0
8/25/22,21.780000686645508,21.780000686645508,23.12999916,21.770000457763672,22.40999984741211,0
8/26/22,25.559999465942383,25.559999465942383,25.899999618530273,21.670000076293945,22.06999969482422,0
8/29/22,26.209999084472656,26.209999084472656,27.670000076293945,25.469999313354492,26.86000061035156,0
8/30/22,26.209999084472656,26.209999084472656,27.690000534057617,25.12999916,25.75,0
8/31/22,25.87000084,25.87000084,26.62000084,25.309999465942383,25.86000061035156,0
9/1/22,25.559999465942383,25.559999465942383,27.450000762939453,25.25,26.87999916,0
9/2/22,25.469999313354492,25.469999313354492,26.280000686645508,23.190000534057617,25.510000228881836,0
9/6/22,26.90999984741211,26.90999984741211,27.799999237060547,25.329999923706055,25.459999084472656,0
9/7/22,24.63999938964844,24.63999938964844,27.149999618530273,24.540000915527344,26.93000030517578,0
9/8/22,23.61000061035156,23.61000061035156,25.899999618530273,23.559999465942383,24.700000762939453,0
9/9/22,22.790000915527344,22.790000915527344,23.56999969482422,22.63999938964844,23.489999771118164,0
9/12/22,23.87000084,23.87000084,24.229999542236328,23.15999984741211,23.579999923706055,0
9/13/22,27.270000457763672,27.270000457763672,28.149999618530273,23.530000686645508,23.670000076293945,0
9/14/22,26.15999984741211,26.15999984741211,27.559999465942383,26.15999984741211,26.729999542236328,0
9/15/22,26.270000457763672,26.270000457763672,26.93000030517578,25.420000076293945,26.100000381469727,0
9/16/22,26.299999237060547,26.299999237060547,28.450000762939453,26.13999938964844,27.469999313354492,0
9/19/22,25.760000228881836,25.760000228881836,27.950000762939453,25.559999465942383,27.690000534057617,0
9/20/22,27.15999984741211,27.15999984741211,27.809999465942383,25.61000061035156,25.649999618530273,0
9/21/22,27.989999771118164,27.989999771118164,30.18000030517578,25.549999237060547,28.030000686645508,0
9/22/22,27.350000381469727,27.350000381469727,28.37999916,26.709999084472656,28.15999984741211,0
9/23/22,29.920000076293945,29.920000076293945,32.310001373291016,27.579999923706055,27.68000030517578,0
9/26/22,32.25999832,32.25999832,32.880001068115234,29.829999923706055,31.739999771118164,0
9/27/22,32.599998474121094,32.599998474121094,34.13999938964844,30.299999237060547,31.200000762939453,0
9/28/22,30.18000030517578,30.18000030517578,34.880001068115234,30.030000686645508,34.5,0
9/29/22,31.84000015258789,31.84000015258789,33.459999084472656,31.15999984741211,31.670000076293945,0
9/30/22,31.62000084,31.62000084,33.25,29.38999938964844,31.61000061035156,0
10/3/22,30.100000381469727,30.100000381469727,33.060001373291016,29.62999916,33.0,0
10/4/22,29.06999969482422,29.06999969482422,29.62000084,28.559999465942383,29.520000457763672,0
10/5/22,28.549999237060547,28.549999237060547,30.11000061035156,28.5,29.36000061035156,0
10/6/22,30.520000457763672,30.520000457763672,30.739999771118164,28.559999465942383,28.600000381469727,0
10/7/22,31.36000061035156,31.36000061035156,32.02000045776367,29.87999916,30.37000084,0
10/10/22,32.45000076293945,32.45000076293945,33.99000168,32.04999923706055,32.93000030517578,0
10/11/22,33.630001068115234,33.630001068115234,34.43000030517578,32.45000076293945,33.560001373291016,0
10/12/22,33.56999969482422,33.56999969482422,34.529998779296875,33.11000061035156,33.540000915527344,0
10/13/22,31.940000534057617,31.940000534057617,33.869998931884766,31.62999916,33.599998474121094,0
10/14/22,32.02000045776367,32.02000045776367,32.97999954223633,31.13999938964844,31.88999938964844,0
10/17/22,31.37000084,31.37000084,32.59000015258789,30.700000762939453,32.27000045776367,0
10/18/22,30.5,30.5,31.93000030517578,30.420000076293945,31.100000381469727,0
10/19/22,30.760000228881836,30.760000228881836,31.899999618530273,30.760000228881836,30.940000534057617,0
10/20/22,29.979999542236328,29.979999542236328,31.31999969482422,29.760000228881836,31.299999237060547,0
10/21/22,29.690000534057617,29.690000534057617,30.440000534057617,29.239999771118164,30.209999084472656,0
10/24/22,29.850000381469727,29.850000381469727,30.950000762939453,29.780000686645508,30.649999618530273,0
10/25/22,28.459999084472656,28.459999084472656,30.0,28.219999313354492,29.799999237060547,0
10/26/22,27.280000686645508,27.280000686645508,28.520000457763672,27.270000457763672,28.440000534057617,0
10/27/22,27.38999938964844,27.38999938964844,27.670000076293945,26.940000534057617,27.510000228881836,0
10/28/22,25.75,25.75,27.59000015258789,25.75,27.43000030517578,0
10/31/22,25.87999916,25.87999916,27.06999969482422,25.84000015258789,26.90999984741211,0
11/1/22,25.809999465942383,25.809999465942383,26.350000381469727,25.65999984741211,25.959999084472656,0
11/2/22,25.86000061035156,25.86000061035156,26.62000084,25.38999938964844,26.040000915527344,0
11/3/22,25.299999237060547,25.299999237060547,26.87000084,25.100000381469727,25.979999542236328,0
11/4/22,24.549999237060547,24.549999237060547,25.709999084472656,24.0,25.62999916,0
11/7/22,24.350000381469727,24.350000381469727,25.670000076293945,24.34000015258789,25.670000076293945,0
11/8/22,25.540000915527344,25.540000915527344,26.15999984741211,24.239999771118164,24.709999084472656,0
11/9/22,26.09000015258789,26.09000015258789,26.350000381469727,25.020000457763672,25.34000015258789,0
11/10/22,23.530000686645508,23.530000686645508,26.59000015258789,22.84000015258789,26.510000228881836,0
11/11/22,22.520000457763672,22.520000457763672,23.90999984741211,22.37000084,23.88999938964844,0
11/14/22,23.729999542236328,23.729999542236328,24.329999923706055,22.86000061035156,23.989999771118164,0
11/15/22,24.540000915527344,24.540000915527344,26.219999313354492,23.18000030517578,23.770000457763672,0
11/16/22,24.11000061035156,24.11000061035156,24.719999313354492,23.989999771118164,24.290000915527344,0
11/17/22,23.93000030517578,23.93000030517578,25.18000030517578,23.809999465942383,24.049999237060547,0
11/18/22,23.12000084,23.12000084,24.12000084,22.979999542236328,24.030000686645508,0
11/21/22,22.36000061035156,22.36000061035156,24.12000084,22.299999237060547,24.049999237060547,0
11/22/22,21.290000915527344,21.290000915527344,22.709999084472656,21.280000686645508,22.59000015258789,0
11/23/22,20.350000381469727,20.350000381469727,21.780000686645508,20.31999969482422,21.489999771118164,0
11/25/22,20.5,20.5,21.11000061035156,20.459999084472656,20.61000061035156,0
11/28/22,22.209999084472656,22.209999084472656,22.5,21.649999618530273,22.09000015258789,0
11/29/22,21.88999938964844,21.88999938964844,22.56999969482422,21.829999923706055,22.09000015258789,0
11/30/22,20.579999923706055,20.579999923706055,22.62999916,20.309999465942383,21.700000762939453,0
12/1/22,19.84000015258789,19.84000015258789,21.059999465942383,19.799999237060547,20.829999923706055,0
12/2/22,19.059999465942383,19.059999465942383,20.959999084472656,18.950000762939453,20.420000076293945,0
12/5/22,20.75,20.75,21.290000915527344,19.780000686645508,20.299999237060547,0
12/6/22,22.170000076293945,22.170000076293945,22.600000381469727,20.37999916,20.690000534057617,0
12/7/22,22.68000030517578,22.68000030517578,23.010000228881836,22.18000030517578,22.31999969482422,0
12/8/22,22.290000915527344,22.290000915527344,23.280000686645508,22.059999465942383,22.809999465942383,0
12/9/22,22.829999923706055,22.829999923706055,23.209999084472656,22.18000030517578,22.549999237060547,0
12/12/22,25.0,25.0,25.049999237060547,24.18000030517578,24.399999618530273,0
12/13/22,22.549999237060547,22.549999237060547,25.84000015258789,21.459999084472656,25.239999771118164,0
12/14/22,21.13999938964844,21.13999938964844,23.469999313354492,21.06999969482422,22.829999923706055,0
12/15/22,22.829999923706055,22.829999923706055,23.670000076293945,21.25,21.520000457763672,0
12/16/22,22.62000084,22.62000084,23.829999923706055,22.09000015258789,23.260000228881836,0
12/19/22,22.420000076293945,22.420000076293945,22.86000061035156,21.61000061035156,22.62999916,0
12/20/22,21.479999542236328,21.479999542236328,23.38999938964844,21.350000381469727,23.170000076293945,0
12/21/22,20.06999969482422,20.06999969482422,21.290000915527344,19.940000534057617,21.25,0
12/22/22,21.969999313354492,21.969999313354492,24.299999237060547,20.010000228881836,20.079999923706055,0
12/23/22,20.87000084,20.87000084,22.63999938964844,20.780000686645508,22.170000076293945,0
12/27/22,21.649999618530273,21.649999618530273,22.799999237060547,21.59000015258789,21.670000076293945,0
12/28/22,22.13999938964844,22.13999938964844,22.260000228881836,20.959999084472656,21.469999313354492,0
12/29/22,21.440000534057617,21.440000534057617,22.309999465942383,21.36000061035156,22.25,0
12/30/22,21.670000076293945,21.670000076293945,22.399999618530273,21.59000015258789,21.829999923706055,0
1/3/23,22.899999618530273,22.899999618530273,23.760000228881836,22.729999542236328,23.09000015258789,0
1/4/23,22.010000228881836,22.010000228881836,23.270000457763672,21.940000534057617,22.93000030517578,0
1/5/23,22.459999084472656,22.459999084472656,22.920000076293945,21.969999313354492,22.200000762939453,0
1/6/23,21.12999916,21.12999916,22.899999618530273,21.0,22.690000534057617,0
1/9/23,21.969999313354492,21.969999313354492,21.979999542236328,21.270000457763672,21.75,0
1/10/23,20.579999923706055,20.579999923706055,22.459999084472656,20.579999923706055,22.219999313354492,0
1/11/23,21.09000015258789,21.09000015258789,21.25,20.62000084,20.799999237060547,0
1/12/23,18.829999923706055,18.829999923706055,21.799999237060547,18.829999923706055,21.559999465942383,0
1/13/23,18.350000381469727,18.350000381469727,19.40999984741211,18.010000228881836,19.0,0
1/17/23,19.36000061035156,19.36000061035156,20.219999313354492,19.209999084472656,19.88999938964844,0
1/18/23,20.34000015258789,20.34000015258789,20.579999923706055,18.709999084472656,19.280000686645508,0
1/19/23,20.520000457763672,20.520000457763672,21.709999084472656,20.170000076293945,20.43000030517578,0
1/20/23,19.850000381469727,19.850000381469727,20.700000762939453,19.40999984741211,20.280000686645508,0
1/23/23,19.809999465942383,19.809999465942383,20.329999923706055,19.549999237060547,20.209999084472656,0
1/24/23,19.200000762939453,19.200000762939453,20.469999313354492,18.90999984741211,19.88999938964844,0
1/25/23,19.079999923706055,19.079999923706055,20.899999618530273,18.989999771118164,19.559999465942383,0
1/26/23,18.729999542236328,18.729999542236328,19.479999542236328,18.670000076293945,19.049999237060547,0
1/27/23,18.510000228881836,18.510000228881836,19.0,17.969999313354492,18.899999618530273,0
1/30/23,19.940000534057617,19.940000534057617,20.25,19.540000915527344,19.760000228881836,0
1/31/23,19.399999618530273,19.399999618530273,20.700000762939453,19.12999916,20.12000084,0
2/1/23,17.87000084,17.87000084,20.040000915527344,17.700000762939453,19.62000084,0
2/2/23,18.729999542236328,18.729999542236328,19.25,17.059999465942383,17.739999771118164,0
2/3/23,18.329999923706055,18.329999923706055,19.299999237060547,17.93000030517578,18.56999969482422,0
2/6/23,19.43000030517578,19.43000030517578,19.809999465942383,19.209999084472656,19.229999542236328,0
2/7/23,18.65999984741211,18.65999984741211,19.989999771118164,18.43000030517578,19.540000915527344,0
2/8/23,19.62999916,19.62999916,20.12000084,18.549999237060547,18.87999916,0
2/9/23,20.709999084472656,20.709999084472656,21.079999923706055,19.020000457763672,19.239999771118164,0
2/10/23,20.530000686645508,20.530000686645508,21.940000534057617,20.440000534057617,20.739999771118164,0
2/13/23,20.34000015258789,20.34000015258789,21.690000534057617,20.329999923706055,21.65999984741211,0
2/14/23,18.90999984741211,18.90999984741211,20.75,18.479999542236328,20.719999313354492,0
2/15/23,18.229999542236328,18.229999542236328,19.40999984741211,18.11000061035156,19.37000084,0
2/16/23,20.170000076293945,20.170000076293945,20.270000457763672,18.229999542236328,18.260000228881836,0
2/17/23,20.020000457763672,20.020000457763672,21.299999237060547,19.81999969482422,20.940000534057617,0
2/21/23,22.87000084,22.87000084,23.34000015258789,21.799999237060547,21.799999237060547,0
2/22/23,22.290000915527344,22.290000915527344,23.62999916,22.020000457763672,23.030000686645508,0
2/23/23,21.13999938964844,21.13999938964844,22.43000030517578,20.88999938964844,21.959999084472656,0
2/24/23,21.670000076293945,21.670000076293945,22.899999618530273,21.31999969482422,21.350000381469727,0
2/27/23,20.950000762939453,20.950000762939453,22.020000457763672,20.68000030517578,21.989999771118164,0
2/28/23,20.700000762939453,20.700000762939453,21.37000084,20.100000381469727,21.299999237060547,0
3/1/23,20.579999923706055,20.579999923706055,21.31999969482422,20.219999313354492,20.38999938964844,0
3/2/23,19.59000015258789,19.59000015258789,21.420000076293945,19.549999237060547,21.40999984741211,0
3/3/23,18.489999771118164,18.489999771118164,19.760000228881836,18.15999984741211,19.760000228881836,0
3/6/23,18.61000061035156,18.61000061035156,19.190000534057617,18.489999771118164,19.049999237060547,0
3/7/23,19.59000015258789,19.59000015258789,19.739999771118164,18.510000228881836,18.63999938964844,0
3/8/23,19.11000061035156,19.11000061035156,20.010000228881836,19.0,19.709999084472656,0
3/9/23,22.61000061035156,22.61000061035156,23.13999938964844,18.87999916,19.329999923706055,0
3/10/23,24.799999237060547,24.799999237060547,28.969999313354492,21.790000915527344,23.34000015258789,0
3/13/23,26.520000457763672,26.520000457763672,30.809999465942383,23.850000381469727,24.049999237060547,0
3/14/23,23.729999542236328,23.729999542236328,27.239999771118164,22.270000457763672,26.850000381469727,0
3/15/23,26.13999938964844,26.13999938964844,29.90999984741211,23.190000534057617,23.209999084472656,0
3/16/23,22.989999771118164,22.989999771118164,27.489999771118164,22.969999313354492,26.190000534057617,0
3/17/23,25.510000228881836,25.510000228881836,26.13999938964844,22.579999923706055,22.920000076293945,0
3/20/23,24.149999618530273,24.149999618530273,28.90999984741211,24.0,27.770000457763672,0
3/21/23,21.37999916,21.37999916,24.15999984741211,21.290000915527344,24.15999984741211,0
3/22/23,22.260000228881836,22.260000228881836,22.37999916,19.940000534057617,21.799999237060547,0
3/23/23,22.61000061035156,22.61000061035156,24.90999984741211,20.15999984741211,21.540000915527344,0
3/24/23,21.739999771118164,21.739999771118164,25.209999084472656,21.600000381469727,22.11000061035156,0
3/27/23,20.600000381469727,20.600000381469727,22.93000030517578,20.56999969482422,22.049999237060547,0
3/28/23,19.969999313354492,19.969999313354492,21.399999618530273,19.90999984741211,20.530000686645508,0
3/29/23,19.12000084,19.12000084,19.450000762939453,19.09000015258789,19.38999938964844,0
3/30/23,19.020000457763672,19.020000457763672,20.079999923706055,18.850000381469727,19.12000084,0
3/31/23,18.700000762939453,18.700000762939453,19.43000030517578,18.520000457763672,19.209999084472656,0
4/3/23,18.549999237060547,18.549999237060547,19.829999923706055,18.540000915527344,19.790000915527344,0
4/4/23,19.0,19.0,20.030000686645508,18.579999923706055,18.790000915527344,0
4/5/23,19.079999923706055,19.079999923706055,20.079999923706055,19.0,19.420000076293945,0
4/6/23,18.399999618530273,18.399999618530273,19.87999916,18.350000381469727,19.299999237060547,0
4/10/23,18.969999313354492,18.969999313354492,20.049999237060547,18.93000030517578,19.38999938964844,0
4/11/23,19.100000381469727,19.100000381469727,19.280000686645508,18.559999465942383,19.079999923706055,0
4/12/23,19.09000015258789,19.09000015258789,19.979999542236328,18.25,19.37999916,0
4/13/23,17.799999237060547,17.799999237060547,19.059999465942383,17.770000457763672,18.829999923706055,0
4/14/23,17.06999969482422,17.06999969482422,18.12000084,17.06999969482422,17.940000534057617,0
4/17/23,16.950000762939453,16.950000762939453,17.790000915527344,16.899999618530273,17.579999923706055,0
4/18/23,16.829999923706055,16.829999923706055,17.34000015258789,16.579999923706055,16.940000534057617,0
4/19/23,16.459999084472656,16.459999084472656,17.719999313354492,16.170000076293945,17.299999237060547,0
4/20/23,17.170000076293945,17.170000076293945,17.690000534057617,16.329999923706055,16.850000381469727,0
4/21/23,16.770000457763672,16.770000457763672,17.709999084472656,16.579999923706055,17.510000228881836,0
4/24/23,16.889999389648438,16.889999389648438,18.239999771118164,16.739999771118164,18.219999313354492,0
4/25/23,18.760000228881836,18.760000228881836,19.86000061035156,17.329999923706055,17.62000084,0
4/26/23,18.84000015258789,18.84000015258789,19.61000061035156,17.87000084,18.65999984741211,0
4/27/23,17.030000686645508,17.030000686645508,18.43000030517578,16.719999313354492,18.43000030517578,0
4/28/23,15.779999732971191,15.779999732971191,17.649999618530273,15.720000267028809,17.209999084472656,0
5/1/23,16.079999923706055,16.079999923706055,16.62000084,15.529999732971191,16.40999984741211,0
5/2/23,17.780000686645508,17.780000686645508,19.809999465942383,16.260000228881836,16.270000457763672,0
5/3/23,18.34000015258789,18.34000015258789,18.829999923706055,17.190000534057617,17.81999969482422,0
5/4/23,20.09000015258789,20.09000015258789,21.329999923706055,18.670000076293945,19.170000076293945,0
5/5/23,17.190000534057617,17.190000534057617,19.62999916,16.690000534057617,19.5,0
5/8/23,16.979999542236328,16.979999542236328,17.87999916,16.829999923706055,17.729999542236328,0
5/9/23,17.709999084472656,17.709999084472656,17.860000610351562,17.219999313354492,17.290000915527344,0
5/10/23,16.940000534057617,16.940000534057617,18.309999465942383,16.360000610351562,17.579999923706055,0
5/11/23,16.93000030517578,16.93000030517578,18.190000534057617,16.62999916,16.799999237060547,0
5/12/23,17.030000686645508,17.030000686645508,17.920000076293945,16.37999916,16.829999923706055,0
5/15/23,17.12000084,17.12000084,18.15999984741211,17.079999923706055,17.440000534057617,0
5/16/23,17.989999771118164,17.989999771118164,18.299999237060547,17.260000228881836,17.540000915527344,0
5/17/23,16.87000084,16.87000084,18.260000228881836,16.68000030517578,17.959999084472656,0
5/18/23,16.049999237060547,16.049999237060547,17.149999618530273,16.049999237060547,16.920000076293945,0
5/19/23,16.809999465942383,16.809999465942383,17.360000610351562,15.850000381469728,16.12999916,0
5/22/23,17.209999084472656,17.209999084472656,18.12999916,16.81999969482422,17.450000762939453,0
5/23/23,18.530000686645508,18.530000686645508,19.309999465942383,17.299999237060547,17.350000381469727,0
5/24/23,20.030000686645508,20.030000686645508,20.809999465942383,18.799999237060547,18.799999237060547,0
5/25/23,19.13999938964844,19.13999938964844,19.950000762939453,18.700000762939453,19.540000915527344,0
5/26/23,17.950000762939453,17.950000762939453,19.559999465942383,17.270000457763672,19.06999969482422,0
5/30/23,17.459999084472656,17.459999084472656,18.34000015258789,16.979999542236328,17.559999465942383,0
5/31/23,17.940000534057617,17.940000534057617,18.399999618530273,17.12000084,18.040000915527344,0
6/1/23,15.649999618530272,15.649999618530272,17.59000015258789,15.579999923706056,17.239999771118164,0
6/2/23,14.600000381469728,14.600000381469728,15.649999618530272,14.420000076293944,15.649999618530272,0
6/5/23,14.729999542236328,14.729999542236328,15.289999961853027,14.65999984741211,15.279999732971191,0
6/6/23,13.960000038146973,13.960000038146973,14.970000267028809,13.949999809265137,14.90999984741211,0
6/7/23,13.93999958,13.93999958,14.289999961853027,13.770000457763672,14.140000343322754,0
6/8/23,13.649999618530272,13.649999618530272,14.210000038146973,13.529999732971191,14.140000343322754,0
6/9/23,13.829999923706056,13.829999923706056,14.140000343322754,13.5,13.779999732971191,0
6/12/23,15.010000228881836,15.010000228881836,15.020000457763672,14.31999969482422,14.43999958,0
6/13/23,14.609999656677246,14.609999656677246,15.06000042,14.470000267028809,14.989999771118164,0
6/14/23,13.880000114440918,13.880000114440918,14.729999542236328,13.829999923706056,14.479999542236328,0
6/15/23,14.5,14.5,14.520000457763672,13.789999961853027,14.09000015258789,0
6/16/23,13.539999961853027,13.539999961853027,14.539999961853027,13.479999542236328,14.489999771118164,0
6/20/23,13.880000114440918,13.880000114440918,14.670000076293944,13.859999656677246,14.359999656677246,0
6/21/23,13.199999809265137,13.199999809265137,13.890000343322754,13.100000381469728,13.880000114440918,0
6/22/23,12.90999984741211,12.90999984741211,13.979999542236328,12.729999542236328,13.880000114440918,0
6/23/23,13.43999958,13.43999958,13.800000190734863,12.880000114440918,13.239999771118164,0
6/26/23,14.25,14.25,14.710000038146973,13.779999732971191,14.43000030517578,0
6/27/23,13.739999771118164,13.739999771118164,14.34000015258789,13.59000015258789,14.109999656677246,0
6/28/23,13.43000030517578,13.43000030517578,13.960000038146973,13.359999656677246,13.899999618530272,0
6/29/23,13.539999961853027,13.539999961853027,13.850000381469728,13.40999984741211,13.640000343322754,0
6/30/23,13.59000015258789,13.59000015258789,13.59000015258789,12.960000038146973,13.510000228881836,0
7/3/23,13.56999969482422,13.56999969482422,13.850000381469728,13.470000267028809,13.850000381469728,0
7/5/23,14.18000030517578,14.18000030517578,14.739999771118164,14.050000190734863,14.18999958,0
7/6/23,15.43999958,15.43999958,17.079999923706055,14.789999961853027,14.850000381469728,0
7/7/23,14.829999923706056,14.829999923706056,16.059999465942383,14.329999923706056,15.970000267028809,0
7/10/23,15.06999969482422,15.06999969482422,16.209999084472656,15.039999961853027,16.079999923706055,0
7/11/23,14.84000015258789,14.84000015258789,15.25,14.630000114440918,15.020000457763672,0
7/12/23,13.539999961853027,13.539999961853027,14.81999969482422,13.510000228881836,14.81999969482422,0
7/13/23,13.609999656677246,13.609999656677246,13.609999656677246,13.119999885559082,13.43999958,0
7/14/23,13.34000015258789,13.34000015258789,13.760000228881836,13.220000267028809,13.720000267028809,0
7/17/23,13.479999542236328,13.479999542236328,14.0,13.43000030517578,13.779999732971191,0
7/18/23,13.300000190734863,13.300000190734863,13.670000076293944,13.289999961853027,13.609999656677246,0
7/19/23,13.760000228881836,13.760000228881836,13.84000015258789,13.119999885559082,13.31999969482422,0
7/20/23,13.989999771118164,13.989999771118164,14.229999542236328,13.579999923706056,13.960000038146973,0
7/21/23,13.600000381469728,13.600000381469728,13.890000343322754,13.369999885559082,13.869999885559082,0
7/24/23,13.90999984741211,13.90999984741211,14.300000190734863,13.729999542236328,14.289999961853027,0
7/25/23,13.859999656677246,13.859999656677246,14.09000015258789,13.81999969482422,14.020000457763672,0
7/26/23,13.18999958,13.18999958,14.15999984741211,13.149999618530272,13.859999656677246,0
7/27/23,14.40999984741211,14.40999984741211,15.020000457763672,12.739999771118164,13.140000343322754,0
7/28/23,13.329999923706056,13.329999923706056,14.18000030517578,13.270000457763672,14.029999732971191,0
7/31/23,13.630000114440918,13.630000114440918,14.09000015258789,13.56999969482422,13.979999542236328,0
8/1/23,13.93000030517578,13.93000030517578,14.300000190734863,13.75,13.75,0
8/2/23,16.09000015258789,16.09000015258789,16.479999542236328,14.949999809265137,15.699999809265137,0
8/3/23,15.920000076293944,15.920000076293944,17.420000076293945,15.720000267028809,16.770000457763672,0
8/4/23,17.100000381469727,17.100000381469727,17.389999389648438,14.56999969482422,16.010000228881836,0
8/7/23,15.770000457763672,15.770000457763672,17.360000610351562,15.770000457763672,16.899999618530273,0
8/8/23,15.989999771118164,15.989999771118164,18.13999938964844,15.960000038146973,16.280000686645508,0
8/9/23,15.960000038146973,15.960000038146973,16.87000084,15.380000114440918,15.81000042,0
8/10/23,15.850000381469728,15.850000381469728,16.860000610351562,14.600000381469728,15.579999923706056,0
8/11/23,14.84000015258789,14.84000015258789,16.510000228881836,14.84000015258789,15.529999732971191,0
8/14/23,14.81999969482422,14.81999969482422,16.059999465942383,14.770000457763672,15.880000114440918,0
8/15/23,16.459999084472656,16.459999084472656,16.56999969482422,14.90999984741211,14.949999809265137,0
8/16/23,16.780000686645508,16.780000686645508,16.93000030517578,15.800000190734863,16.540000915527344,0
8/17/23,17.889999389648438,17.889999389648438,18.12999916,16.399999618530273,16.959999084472656,0
8/18/23,17.299999237060547,17.299999237060547,18.87999916,17.139999389648438,17.799999237060547,0
8/21/23,17.12999916,17.12999916,18.11000061035156,16.87999916,18.030000686645508,0
8/22/23,16.969999313354492,16.969999313354492,17.579999923706055,16.610000610351562,16.959999084472656,0
8/23/23,15.979999542236328,15.979999542236328,17.100000381469727,15.90999984741211,16.639999389648438,0
8/24/23,17.200000762939453,17.200000762939453,17.31999969482422,15.479999542236328,15.56999969482422,0
8/25/23,15.68000030517578,15.68000030517578,17.360000610351562,15.449999809265137,17.209999084472656,0
8/28/23,15.079999923706056,15.079999923706056,16.280000686645508,15.0,16.239999771118164,0
8/29/23,14.449999809265137,14.449999809265137,15.300000190734863,14.34000015258789,15.079999923706056,0
8/30/23,13.880000114440918,13.880000114440918,14.699999809265137,13.829999923706056,14.529999732971191,0
8/31/23,13.56999969482422,13.56999969482422,14.0,13.43999958,13.979999542236328,0
9/1/23,13.09000015258789,13.09000015258789,13.56000042,13.020000457763672,13.56000042,0
9/5/23,14.010000228881836,14.010000228881836,14.470000267028809,13.699999809265137,14.149999618530272,0
9/6/23,14.449999809265137,14.449999809265137,15.300000190734863,14.130000114440918,14.270000457763672,0
9/7/23,14.399999618530272,14.399999618530272,15.68999958,14.399999618530272,14.81000042,0
9/8/23,13.84000015258789,13.84000015258789,14.869999885559082,13.579999923706056,14.220000267028809,0
9/11/23,13.800000190734863,13.800000190734863,14.329999923706056,13.739999771118164,14.170000076293944,0
9/12/23,14.229999542236328,14.229999542236328,14.420000076293944,13.710000038146973,14.020000457763672,0
9/13/23,13.479999542236328,13.479999542236328,14.68000030517578,13.40999984741211,14.420000076293944,0
9/14/23,12.81999969482422,12.81999969482422,13.460000038146973,12.789999961853027,13.390000343322754,0
9/15/23,13.789999961853027,13.789999961853027,14.170000076293944,12.68000030517578,12.699999809265137,0
9/18/23,14.0,14.0,14.75,13.859999656677246,14.399999618530272,0
9/19/23,14.109999656677246,14.109999656677246,14.880000114440918,13.859999656677246,14.109999656677246,0
9/20/23,15.140000343322754,15.140000343322754,15.149999618530272,13.56999969482422,14.18000030517578,0
9/21/23,17.540000915527344,17.540000915527344,17.540000915527344,15.100000381469728,15.489999771118164,0
9/22/23,17.200000762939453,17.200000762939453,17.40999984741211,15.93000030517578,17.309999465942383,0
9/25/23,16.899999618530273,16.899999618530273,18.40999984741211,16.790000915527344,17.25,0
9/26/23,18.940000534057617,18.940000534057617,19.5,17.170000076293945,18.030000686645508,0
9/27/23,18.219999313354492,18.219999313354492,19.709999084472656,18.030000686645508,18.290000915527344,0
9/28/23,17.34000015258789,17.34000015258789,18.770000457763672,17.059999465942383,18.219999313354492,0
9/29/23,17.520000457763672,17.520000457763672,17.739999771118164,15.829999923706056,16.87000084,0
10/2/23,17.610000610351562,17.610000610351562,18.549999237060547,16.93000030517578,17.309999465942383,0
10/3/23,19.780000686645508,19.780000686645508,20.479999542236328,17.520000457763672,17.809999465942383,0
10/4/23,18.579999923706055,18.579999923706055,20.87999916,18.299999237060547,20.719999313354492,0
10/5/23,18.489999771118164,18.489999771118164,19.579999923706055,18.260000228881836,18.670000076293945,0
10/6/23,17.450000762939453,17.450000762939453,19.93000030517578,17.190000534057617,18.729999542236328,0
10/9/23,17.700000762939453,17.700000762939453,19.600000381469727,17.559999465942383,19.540000915527344,0
10/10/23,17.030000686645508,17.030000686645508,17.860000610351562,16.510000228881836,17.700000762939453,0
10/11/23,16.09000015258789,16.09000015258789,17.780000686645508,16.09000015258789,16.950000762939453,0
10/12/23,16.690000534057617,16.690000534057617,18.079999923706055,15.43999958,16.079999923706055,0
10/13/23,19.31999969482422,19.31999969482422,20.780000686645508,16.5,16.530000686645508,0
10/16/23,17.209999084472656,17.209999084472656,19.56999969482422,17.139999389648438,19.100000381469727,0
10/17/23,17.87999916,17.87999916,18.540000915527344,16.969999313354492,17.40999984741211,0
10/18/23,19.219999313354492,19.219999313354492,20.149999618530273,17.87999916,18.36000061035156,0
10/19/23,21.399999618530273,21.399999618530273,21.399999618530273,18.549999237060547,19.729999542236328,0
10/20/23,21.709999084472656,21.709999084472656,21.829999923706055,20.420000076293945,21.59000015258789,0
10/23/23,20.37000084,20.37000084,23.079999923706055,19.479999542236328,21.829999923706055,0
10/24/23,18.969999313354492,18.969999313354492,20.239999771118164,18.649999618530273,20.030000686645508,0
10/25/23,20.190000534057617,20.190000534057617,21.239999771118164,18.86000061035156,19.38999938964844,0
10/26/23,20.68000030517578,20.68000030517578,21.959999084472656,20.219999313354492,21.780000686645508,0
10/27/23,21.270000457763672,21.270000457763672,22.06999969482422,19.719999313354492,20.38999938964844,0
10/30/23,19.75,19.75,21.15999984741211,19.549999237060547,21.12999916,0
10/31/23,18.13999938964844,18.13999938964844,19.86000061035156,17.969999313354492,19.86000061035156,0
11/1/23,16.87000084,16.87000084,18.420000076293945,16.62999916,18.020000457763672,0
11/2/23,15.65999984741211,15.65999984741211,16.62000084,15.579999923706056,16.59000015258789,0
11/3/23,14.90999984741211,14.90999984741211,15.829999923706056,14.90999984741211,15.699999809265137,0
11/6/23,14.890000343322754,14.890000343322754,15.579999923706056,14.84000015258789,15.390000343322754,0
11/7/23,14.81000042,14.81000042,15.170000076293944,14.710000038146973,15.100000381469728,0
11/8/23,14.449999809265137,14.449999809265137,15.09000015258789,14.300000190734863,14.90999984741211,0
11/9/23,15.289999961853027,15.289999961853027,15.56999969482422,14.130000114440918,14.609999656677246,0
11/10/23,14.170000076293944,14.170000076293944,15.449999809265137,14.15999984741211,15.09000015258789,0
11/13/23,14.760000228881836,14.760000228881836,15.18999958,14.579999923706056,15.15999984741211,0
11/14/23,14.15999984741211,14.15999984741211,14.859999656677246,13.90999984741211,14.829999923706056,0
11/15/23,14.18000030517578,14.18000030517578,14.350000381469728,13.970000267028809,14.210000038146973,0
11/16/23,14.31999969482422,14.31999969482422,14.420000076293944,13.68000030517578,14.119999885559082,0
11/17/23,13.800000190734863,13.800000190734863,14.18999958,13.670000076293944,14.18000030517578,0
11/20/23,13.40999984741211,13.40999984741211,14.31000042,13.390000343322754,14.260000228881836,0
11/21/23,13.350000381469728,13.350000381469728,14.31000042,13.130000114440918,13.449999809265137,0
11/22/23,12.850000381469728,12.850000381469728,13.25,12.81999969482422,13.079999923706056,0
11/24/23,12.460000038146973,12.460000038146973,13.170000076293944,12.449999809265137,13.029999732971191,0
11/27/23,12.68999958,12.68999958,13.279999732971191,12.640000343322754,13.140000343322754,0
11/28/23,12.68999958,12.68999958,14.300000190734863,12.56000042,12.779999732971191,0
11/29/23,12.979999542236328,12.979999542236328,13.100000381469728,12.479999542236328,12.710000038146973,0
11/30/23,12.920000076293944,12.920000076293944,13.390000343322754,12.81999969482422,13.06999969482422,0
12/1/23,12.630000114440918,12.630000114440918,12.960000038146973,12.479999542236328,12.93999958,0
12/4/23,13.079999923706056,13.079999923706056,13.699999809265137,12.979999542236328,13.279999732971191,0
12/5/23,12.850000381469728,12.850000381469728,13.760000228881836,12.81000042,13.260000228881836,0
12/6/23,12.970000267028809,12.970000267028809,13.029999732971191,12.640000343322754,12.779999732971191,0
12/7/23,13.06000042,13.06000042,13.279999732971191,12.949999809265137,13.170000076293944,0
12/8/23,12.350000381469728,12.350000381469728,13.239999771118164,12.350000381469728,13.140000343322754,0
12/11/23,12.630000114440918,12.630000114440918,13.140000343322754,12.609999656677246,13.050000190734863,0
12/12/23,12.06999969482422,12.06999969482422,12.739999771118164,11.81000042,12.68999958,0
12/13/23,12.18999958,12.18999958,12.460000038146973,11.81999969482422,12.199999809265137,0
12/14/23,12.479999542236328,12.479999542236328,12.739999771118164,11.84000015258789,11.960000038146973,0
12/15/23,12.279999732971191,12.279999732971191,12.539999961853027,12.010000228881836,12.119999885559082,0
12/18/23,12.56000042,12.56000042,12.640000343322754,12.399999618530272,12.619999885559082,0
12/19/23,12.529999732971191,12.529999732971191,12.600000381469728,12.329999923706056,12.600000381469728,0
12/20/23,13.670000076293944,13.670000076293944,13.93000030517578,12.289999961853027,12.630000114440918,0
12/21/23,13.649999618530272,13.649999618530272,14.489999771118164,13.34000015258789,13.399999618530272,0
12/22/23,13.029999732971191,13.029999732971191,13.960000038146973,13.0,13.720000267028809,0
12/26/23,12.989999771118164,12.989999771118164,13.800000190734863,12.960000038146973,13.770000457763672,0
12/27/23,12.43000030517578,12.43000030517578,13.039999961853027,12.369999885559082,13.020000457763672,0
12/28/23,12.470000267028809,12.470000267028809,12.649999618530272,12.380000114440918,12.43999958,0
12/29/23,12.449999809265137,12.449999809265137,13.18999958,12.359999656677246,12.550000190734863,0
1/2/24,13.199999809265137,13.199999809265137,14.229999542236328,13.100000381469728,13.220000267028809,0
1/3/24,14.039999961853027,14.039999961853027,14.220000267028809,13.329999923706056,13.350000381469728,0
1/4/24,14.130000114440918,14.130000114440918,14.199999809265137,13.640000343322754,13.93000030517578,0
1/5/24,13.350000381469728,13.350000381469728,14.579999923706056,13.289999961853027,14.239999771118164,0
1/8/24,13.079999923706056,13.079999923706056,14.18000030517578,13.020000457763672,14.0,0
1/9/24,12.760000228881836,12.760000228881836,13.449999809265137,12.739999771118164,13.199999809265137,0
1/10/24,12.68999958,12.68999958,12.949999809265137,12.670000076293944,12.859999656677246,0
1/11/24,12.43999958,12.43999958,13.31000042,12.350000381469728,12.640000343322754,0
1/12/24,12.699999809265137,12.699999809265137,13.079999923706056,12.470000267028809,12.65999984741211,0
1/16/24,13.84000015258789,13.84000015258789,14.350000381469728,13.520000457763672,14.119999885559082,0
1/17/24,14.789999961853027,14.789999961853027,15.399999618530272,14.380000114440918,14.59000015258789,0
1/18/24,14.130000114440918,14.130000114440918,14.890000343322754,13.890000343322754,14.850000381469728,0
1/19/24,13.300000190734863,13.300000190734863,14.579999923706056,13.279999732971191,13.800000190734863,0
1/22/24,13.18999958,13.18999958,13.84000015258789,13.170000076293944,13.770000457763672,0
1/23/24,12.550000190734863,12.550000190734863,13.289999961853027,12.529999732971191,13.199999809265137,0
1/24/24,13.140000343322754,13.140000343322754,13.18000030517578,12.40999984741211,12.65999984741211,0
1/25/24,13.449999809265137,13.449999809265137,13.579999923706056,13.06000042,13.18000030517578,0
1/26/24,13.260000228881836,13.260000228881836,14.100000381469728,13.199999809265137,13.729999542236328,0
1/29/24,13.600000381469728,13.600000381469728,15.350000381469728,13.59000015258789,13.979999542236328,0
1/30/24,13.31000042,13.31000042,13.739999771118164,13.229999542236328,13.68999958,0
1/31/24,14.350000381469728,14.350000381469728,14.609999656677246,13.18000030517578,13.420000076293944,0
2/1/24,13.880000114440918,13.880000114440918,14.630000114440918,13.869999885559082,14.210000038146973,0
2/2/24,13.850000381469728,13.850000381469728,14.229999542236328,13.390000343322754,13.949999809265137,0
2/5/24,13.670000076293944,13.670000076293944,14.529999732971191,13.579999923706056,14.369999885559082,0
2/6/24,13.06000042,13.06000042,13.779999732971191,12.979999542236328,13.56999969482422,0
2/7/24,12.829999923706056,12.829999923706056,13.130000114440918,12.81000042,13.06000042,0
2/8/24,12.789999961853027,12.789999961853027,13.170000076293944,12.739999771118164,12.949999809265137,0
2/9/24,12.93000030517578,12.93000030517578,13.010000228881836,12.68999958,12.789999961853027,0
2/12/24,13.93000030517578,13.93000030517578,13.93999958,13.34000015258789,13.479999542236328,0
2/13/24,15.850000381469728,15.850000381469728,17.940000534057617,13.43000030517578,13.960000038146973,0
2/14/24,14.380000114440918,14.380000114440918,15.470000267028809,14.220000267028809,15.380000114440918,0
2/15/24,14.010000228881836,14.010000228881836,14.640000343322754,13.93999958,14.270000457763672,0
2/16/24,14.239999771118164,14.239999771118164,14.710000038146973,13.75,13.93999958,0
2/20/24,15.420000076293944,15.420000076293944,15.90999984741211,15.06999969482422,15.09000015258789,0
2/21/24,15.34000015258789,15.34000015258789,16.12000084,15.220000267028809,15.539999961853027,0
2/22/24,14.539999961853027,14.539999961853027,14.640000343322754,14.119999885559082,14.279999732971191,0
2/23/24,13.75,13.75,14.31000042,13.640000343322754,14.31000042,0
2/26/24,13.739999771118164,13.739999771118164,14.199999809265137,13.65999984741211,14.170000076293944,0
2/27/24,13.43000030517578,13.43000030517578,13.75,13.40999984741211,13.630000114440918,0
2/28/24,13.84000015258789,13.84000015258789,13.899999618530272,13.43999958,13.520000457763672,0
2/29/24,13.399999618530272,13.399999618530272,14.149999618530272,13.300000190734863,14.140000343322754,0
3/1/24,13.109999656677246,13.109999656677246,13.65999984741211,13.079999923706056,13.34000015258789,0
3/4/24,13.489999771118164,13.489999771118164,13.579999923706056,13.31999969482422,13.489999771118164,0
3/5/24,14.460000038146973,14.460000038146973,15.100000381469728,13.75,13.75,0
3/6/24,14.5,14.5,14.93000030517578,13.890000343322754,14.270000457763672,0
3/7/24,14.43999958,14.43999958,14.979999542236328,14.25,14.979999542236328,0
3/8/24,14.739999771118164,14.739999771118164,15.529999732971191,13.970000267028809,14.220000267028809,0
3/11/24,15.220000267028809,15.220000267028809,16.040000915527344,15.130000114440918,15.510000228881836,0
3/12/24,13.84000015258789,13.84000015258789,15.199999809265137,13.81000042,14.970000267028809,0
3/13/24,13.75,13.75,14.039999961853027,13.670000076293944,13.890000343322754,0
3/14/24,14.399999618530272,14.399999618530272,15.329999923706056,13.420000076293944,13.619999885559082,0
3/15/24,14.40999984741211,14.40999984741211,15.529999732971191,14.140000343322754,14.329999923706056,0
3/18/24,14.329999923706056,14.329999923706056,14.850000381469728,14.260000228881836,14.75,0
3/19/24,13.81999969482422,13.81999969482422,14.859999656677246,13.800000190734863,14.5,0
3/20/24,13.039999961853027,13.039999961853027,14.170000076293944,13.010000228881836,13.829999923706056,0
3/21/24,12.920000076293944,12.920000076293944,13.079999923706056,12.399999618530272,12.979999542236328,0
3/22/24,13.06000042,13.06000042,13.149999618530272,12.579999923706056,12.920000076293944,0
3/25/24,13.18999958,13.18999958,13.670000076293944,13.109999656677246,13.670000076293944,0
3/26/24,13.239999771118164,13.239999771118164,13.43000030517578,12.84000015258789,13.119999885559082,0
3/27/24,12.779999732971191,12.779999732971191,13.34000015258789,12.65999984741211,13.130000114440918,0
3/28/24,13.010000228881836,13.010000228881836,13.100000381469728,12.84000015258789,12.93000030517578,0
4/1/24,13.649999618530272,13.649999618530272,14.149999618530272,13.550000190734863,13.609999656677246,0
4/2/24,14.609999656677246,14.609999656677246,15.43000030517578,13.68000030517578,13.739999771118164,0
4/3/24,14.329999923706056,14.329999923706056,15.18000030517578,14.25,15.0,0
4/4/24,16.350000381469727,16.350000381469727,16.920000076293945,13.739999771118164,14.289999961853027,0
4/5/24,16.030000686645508,16.030000686645508,16.75,15.529999732971191,16.450000762939453,0
4/8/24,15.18999958,15.18999958,16.5,15.109999656677246,16.239999771118164,0
4/9/24,14.979999542236328,14.979999542236328,16.62999916,14.93999958,15.34000015258789,0
4/10/24,15.800000190734863,15.800000190734863,16.62000084,14.59000015258789,15.239999771118164,0
4/11/24,14.90999984741211,14.90999984741211,17.610000610351562,14.90999984741211,16.020000457763672,0
4/12/24,17.309999465942383,17.309999465942383,19.200000762939453,14.90999984741211,14.90999984741211,0
4/15/24,19.229999542236328,19.229999542236328,19.459999084472656,16.260000228881836,16.940000534057617,0
4/16/24,18.399999618530273,18.399999618530273,19.559999465942383,17.639999389648438,19.489999771118164,0
4/17/24,18.209999084472656,18.209999084472656,19.11000061035156,17.540000915527344,18.239999771118164,0
4/18/24,18.0,18.0,18.37000084,17.209999084472656,17.90999984741211,0
4/19/24,18.709999084472656,18.709999084472656,21.36000061035156,18.170000076293945,21.329999923706055,0
4/22/24,16.940000534057617,16.940000534057617,18.719999313354492,16.690000534057617,18.59000015258789,0
4/23/24,15.68999958,15.68999958,16.760000228881836,15.68999958,16.719999313354492,0
4/24/24,15.970000267028809,15.970000267028809,16.37999916,15.579999923706056,15.760000228881836,0
4/25/24,15.369999885559082,15.369999885559082,17.549999237060547,15.270000457763672,16.25,0
4/26/24,15.029999732971191,15.029999732971191,16.059999465942383,14.920000076293944,15.489999771118164,0
4/29/24,14.670000076293944,14.670000076293944,15.420000076293944,14.630000114440918,15.369999885559082,0
4/30/24,15.649999618530272,15.649999618530272,15.899999618530272,14.670000076293944,14.81999969482422,0
5/1/24,15.390000343322754,15.390000343322754,16.219999313354492,14.350000381469728,15.75,0
5/2/24,14.68000030517578,14.68000030517578,16.09000015258789,14.600000381469728,15.140000343322754,0
5/3/24,13.489999771118164,13.489999771118164,14.579999923706056,13.479999542236328,14.510000228881836,0
5/6/24,13.489999771118164,13.489999771118164,14.020000457763672,13.43999958,13.979999542236328,0
5/7/24,13.229999542236328,13.229999542236328,13.640000343322754,13.15999984741211,13.520000457763672,0
5/8/24,13.0,13.0,13.510000228881836,12.93999958,13.239999771118164,0
5/9/24,12.68999958,12.68999958,13.289999961853027,12.68000030517578,13.079999923706056,0
5/10/24,12.550000190734863,12.550000190734863,12.960000038146973,12.5,12.770000457763672,0
5/13/24,13.600000381469728,13.600000381469728,13.65999984741211,13.25,13.260000228881836,0
5/14/24,13.420000076293944,13.420000076293944,14.029999732971191,13.270000457763672,13.710000038146973,0
5/15/24,12.449999809265137,12.449999809265137,13.93999958,12.380000114440918,13.729999542236328,0
5/16/24,12.420000076293944,12.420000076293944,12.670000076293944,12.329999923706056,12.520000457763672,0
5/17/24,11.989999771118164,11.989999771118164,12.479999542236328,11.90999984741211,12.279999732971191,0
5/20/24,12.149999618530272,12.149999618530272,12.59000015258789,12.06999969482422,12.270000457763672,0
5/21/24,11.859999656677246,11.859999656677246,12.56000042,11.84000015258789,12.300000190734863,0
5/22/24,12.289999961853027,12.289999961853027,12.81000042,11.779999732971191,12.050000190734863,0
5/23/24,12.770000457763672,12.770000457763672,13.369999885559082,11.520000457763672,11.529999732971191,0
5/24/24,11.93000030517578,11.93000030517578,12.890000343322754,11.890000343322754,12.859999656677246,0
5/28/24,12.920000076293944,12.920000076293944,13.43999958,12.359999656677246,12.510000228881836,0
5/29/24,14.279999732971191,14.279999732971191,14.31999969482422,13.68999958,13.75,0
5/30/24,14.470000267028809,14.470000267028809,14.880000114440918,13.670000076293944,14.81999969482422,0
5/31/24,12.920000076293944,12.920000076293944,14.869999885559082,12.84000015258789,14.5,0
6/3/24,13.109999656677246,13.109999656677246,14.31000042,13.0,13.079999923706056,0
6/4/24,13.15999984741211,13.15999984741211,14.079999923706056,13.109999656677246,13.510000228881836,0
6/5/24,12.630000114440918,12.630000114440918,13.25,12.600000381469728,13.140000343322754,0
6/6/24,12.579999923706056,12.579999923706056,12.979999542236328,12.539999961853027,12.75,0
6/7/24,12.220000267028809,12.220000267028809,13.079999923706056,12.109999656677246,12.68999958,0
6/10/24,12.739999771118164,12.739999771118164,13.279999732971191,12.619999885559082,13.09000015258789,0
6/11/24,12.850000381469728,12.850000381469728,13.470000267028809,12.779999732971191,12.850000381469728,0
6/12/24,12.039999961853027,12.039999961853027,13.149999618530272,11.93999958,13.100000381469728,0
6/13/24,11.93999958,11.93999958,12.68000030517578,11.880000114440918,12.050000190734863,0
6/14/24,12.65999984741211,12.65999984741211,13.449999809265137,12.119999885559082,12.220000267028809,0
6/17/24,12.75,12.75,13.289999961853027,12.5,13.06999969482422,0
6/18/24,12.300000190734863,12.300000190734863,12.739999771118164,12.239999771118164,12.699999809265137,0
6/20/24,13.279999732971191,13.279999732971191,13.550000190734863,12.18000030517578,12.5,0
6/21/24,13.199999809265137,13.199999809265137,13.779999732971191,12.989999771118164,13.220000267028809,0
6/24/24,13.329999923706056,13.329999923706056,13.880000114440918,13.149999618530272,13.850000381469728,0
6/25/24,12.84000015258789,12.84000015258789,13.520000457763672,12.84000015258789,13.479999542236328,0
6/26/24,12.550000190734863,12.550000190734863,13.239999771118164,12.369999885559082,12.81000042,0
6/27/24,12.239999771118164,12.239999771118164,12.770000457763672,12.210000038146973,12.68999958,0
6/28/24,12.43999958,12.43999958,12.760000228881836,11.869999885559082,12.239999771118164,0
7/1/24,12.220000267028809,12.220000267028809,13.260000228881836,12.100000381469728,12.979999542236328,0
7/2/24,12.029999732971191,12.029999732971191,12.880000114440918,11.850000381469728,12.670000076293944,0
7/3/24,12.09000015258789,12.09000015258789,12.229999542236328,11.949999809265137,12.130000114440918,0
7/5/24,12.479999542236328,12.479999542236328,12.609999656677246,11.84000015258789,12.369999885559082,0
7/8/24,12.369999885559082,12.369999885559082,12.90999984741211,12.31000042,12.90999984741211,0
7/9/24,12.510000228881836,12.510000228881836,12.609999656677246,12.350000381469728,12.479999542236328,0
7/10/24,12.850000381469728,12.850000381469728,12.920000076293944,12.390000343322754,12.510000228881836,0
7/11/24,12.920000076293944,12.920000076293944,13.329999923706056,12.229999542236328,12.880000114440918,0
7/12/24,12.460000038146973,12.460000038146973,12.890000343322754,12.109999656677246,12.869999885559082,0
7/15/24,13.119999885559082,13.119999885559082,13.260000228881836,12.75,12.779999732971191,0
7/16/24,13.18999958,13.18999958,13.470000267028809,12.949999809265137,13.380000114440918,0
7/17/24,14.479999542236328,14.479999542236328,14.880000114440918,13.539999961853027,13.600000381469728,0
7/18/24,15.93000030517578,15.93000030517578,16.43000030517578,14.079999923706056,14.270000457763672,0
7/19/24,16.520000457763672,16.520000457763672,17.190000534057617,10.619999885559082,16.440000534057617,0
7/22/24,14.90999984741211,14.90999984741211,16.889999389648438,14.75,16.790000915527344,0
7/23/24,14.720000267028809,14.720000267028809,15.350000381469728,13.899999618530272,15.210000038146973,0
7/24/24,18.040000915527344,18.040000915527344,18.459999084472656,15.18000030517578,15.350000381469728,0
7/25/24,18.459999084472656,18.459999084472656,19.36000061035156,16.420000076293945,18.40999984741211,0
7/26/24,16.389999389648438,16.389999389648438,18.049999237060547,16.37000084,17.969999313354492,0
7/29/24,16.600000381469727,16.600000381469727,17.209999084472656,16.229999542236328,16.59000015258789,0
7/30/24,17.690000534057617,17.690000534057617,18.31999969482422,16.260000228881836,16.639999389648438,0
7/31/24,16.360000610351562,16.360000610351562,16.770000457763672,15.710000038146973,16.65999984741211,0
8/1/24,18.59000015258789,18.59000015258789,19.479999542236328,15.949999809265137,16.200000762939453,0
8/2/24,23.38999938964844,23.38999938964844,29.65999984741211,20.010000228881836,20.520000457763672,0
8/5/24,38.56999969482422,38.56999969482422,65.73000336,23.38999938964844,23.38999938964844,0
8/6/24,27.709999084472656,27.709999084472656,34.77000045776367,24.020000457763672,33.709999084472656,0
8/7/24,27.850000381469727,27.850000381469727,29.760000228881836,21.969999313354492,24.770000457763672,0
8/8/24,23.790000915527344,23.790000915527344,29.469999313354492,23.36000061035156,28.34000015258789,0
8/9/24,20.37000084,20.37000084,24.520000457763672,20.260000228881836,23.780000686645508,0
8/12/24,20.709999084472656,20.709999084472656,21.190000534057617,18.88999938964844,20.790000915527344,0
8/13/24,18.12000084,18.12000084,20.790000915527344,17.950000762939453,20.059999465942383,0
8/14/24,16.190000534057617,16.190000534057617,18.489999771118164,16.12000084,18.40999984741211,0
8/15/24,15.229999542236328,15.229999542236328,16.68000030517578,14.770000457763672,16.270000457763672,0
8/16/24,14.800000190734863,14.800000190734863,15.760000228881836,14.649999618530272,15.289999961853027,0
8/19/24,14.649999618530272,14.649999618530272,16.06999969482422,14.460000038146973,15.93999958,0
8/20/24,15.880000114440918,15.880000114440918,15.93000030517578,14.779999732971191,14.890000343322754,0
8/21/24,16.270000457763672,16.270000457763672,17.170000076293945,15.920000076293944,16.25,0
8/22/24,17.549999237060547,17.549999237060547,18.059999465942383,15.760000228881836,16.270000457763672,0
8/23/24,15.859999656677246,15.859999656677246,17.209999084472656,15.609999656677246,17.12000084,0
8/26/24,16.149999618530273,16.149999618530273,16.670000076293945,15.81000042,16.270000457763672,0
8/27/24,15.43000030517578,15.43000030517578,16.809999465942383,15.369999885559082,16.209999084472656,0
8/28/24,17.110000610351562,17.110000610351562,17.889999389648438,15.460000038146973,15.510000228881836,0
8/29/24,15.649999618530272,15.649999618530272,16.56999969482422,15.18999958,16.540000915527344,0
8/30/24,15.0,15.0,16.040000915527344,14.779999732971191,15.670000076293944,0
9/3/24,20.719999313354492,20.719999313354492,21.989999771118164,15.710000038146973,15.760000228881836,0
9/4/24,21.31999969482422,21.31999969482422,23.309999465942383,19.34000015258789,23.200000762939453,0
9/5/24,19.899999618530273,19.899999618530273,21.530000686645508,19.209999084472656,20.75,0
9/6/24,22.37999916,22.37999916,23.760000228881836,18.829999923706055,21.979999542236328,0
9/9/24,19.450000762939453,19.450000762939453,21.40999984741211,19.290000915527344,21.31999969482422,0
9/10/24,19.079999923706055,19.079999923706055,20.739999771118164,18.899999618530273,19.86000061035156,0
9/11/24,17.690000534057617,17.690000534057617,21.40999984741211,17.549999237060547,19.40999984741211,0
9/12/24,17.06999969482422,17.06999969482422,18.59000015258789,16.889999389648438,17.62000084,0
9/13/24,16.559999465942383,16.559999465942383,17.18000030517578,16.229999542236328,17.030000686645508,0
9/16/24,17.139999389648438,17.139999389648438,17.690000534057617,16.90999984741211,17.15999984741211,0
9/17/24,17.610000610351562,17.610000610351562,18.079999923706055,16.670000076293945,17.15999984741211,0
9/18/24,18.229999542236328,18.229999542236328,19.38999938964844,17.110000610351562,17.579999923706055,0
9/19/24,16.329999923706055,16.329999923706055,17.270000457763672,16.209999084472656,17.209999084472656,0
9/20/24,16.149999618530273,16.149999618530273,16.68000030517578,15.81000042,16.350000381469727,0
9/23/24,15.890000343322754,15.890000343322754,16.950000762939453,15.75,16.709999084472656,0
9/24/24,15.390000343322754,15.390000343322754,16.670000076293945,15.270000457763672,15.869999885559082,0
9/25/24,15.40999984741211,15.40999984741211,15.81999969482422,15.170000076293944,15.81999969482422,0
9/26/24,15.369999885559082,15.369999885559082,15.829999923706056,14.899999618530272,15.06000042,0
9/27/24,16.959999084472656,16.959999084472656,16.969999313354492,15.199999809265137,15.640000343322754,0
9/30/24,16.729999542236328,16.729999542236328,17.790000915527344,16.469999313354492,17.010000228881836,0
10/1/24,19.260000228881836,19.260000228881836,20.729999542236328,16.610000610351562,16.959999084472656,0
10/2/24,18.899999618530273,18.899999618530273,20.36000061035156,18.579999923706055,19.649999618530273,0
10/3/24,20.489999771118164,20.489999771118164,20.75,19.15999984741211,19.62999916,0
10/4/24,19.209999084472656,19.209999084472656,20.479999542236328,18.479999542236328,20.479999542236328,0
10/7/24,22.63999938964844,22.63999938964844,23.030000686645508,20.649999618530273,20.760000228881836,0
10/8/24,21.420000076293945,21.420000076293945,23.13999938964844,21.13999938964844,22.920000076293945,0
10/9/24,20.86000061035156,20.86000061035156,22.010000228881836,20.709999084472656,21.979999542236328,0
10/10/24,20.93000030517578,20.93000030517578,21.38999938964844,20.63999938964844,20.90999984741211,0
10/11/24,20.459999084472656,20.459999084472656,21.15999984741211,20.13999938964844,20.87000084,0
10/14/24,19.700000762939453,19.700000762939453,20.86000061035156,19.690000534057617,20.86000061035156,0
10/15/24,20.63999938964844,20.63999938964844,20.88999938964844,19.440000534057617,19.61000061035156,0
10/16/24,19.579999923706055,19.579999923706055,21.010000228881836,19.450000762939453,20.770000457763672,0
10/17/24,19.11000061035156,19.11000061035156,19.649999618530273,18.87999916,19.549999237060547,0
10/18/24,18.030000686645508,18.030000686645508,19.31999969482422,17.989999771118164,19.299999237060547,0
10/21/24,18.37000084,18.37000084,19.34000015258789,18.36000061035156,18.780000686645508,0
10/22/24,18.200000762939453,18.200000762939453,19.440000534057617,18.049999237060547,18.790000915527344,0
10/23/24,19.239999771118164,19.239999771118164,20.469999313354492,18.18000030517578,18.209999084472656,0
10/24/24,19.079999923706055,19.079999923706055,20.239999771118164,18.62999916,18.87000084,0
10/25/24,20.329999923706055,20.329999923706055,20.510000228881836,18.229999542236328,19.219999313354492,0
10/28/24,19.799999237060547,19.799999237060547,19.87999916,18.90999984741211,19.11000061035156,0
10/29/24,19.34000015258789,19.34000015258789,20.530000686645508,19.059999465942383,19.75,0
10/30/24,20.350000381469727,20.350000381469727,20.440000534057617,19.299999237060547,19.329999923706055,0
10/31/24,23.15999984741211,23.15999984741211,23.420000076293945,21.12000084,21.440000534057617,0
11/1/24,21.87999916,21.87999916,23.09000015258789,21.15999984741211,22.959999084472656,0
11/4/24,21.979999542236328,21.979999542236328,23.06999969482422,21.729999542236328,22.5,0
11/5/24,20.489999771118164,20.489999771118164,22.059999465942383,20.200000762939453,21.979999542236328,0
11/6/24,16.270000457763672,16.270000457763672,16.81999969482422,15.43999958,16.059999465942383,0
11/7/24,15.199999809265137,15.199999809265137,15.859999656677246,15.130000114440918,15.859999656677246,0
11/8/24,14.93999958,14.93999958,15.329999923706056,14.65999984741211,15.130000114440918,0
11/11/24,14.970000267028809,14.970000267028809,15.56000042,14.890000343322754,15.329999923706056,0
11/12/24,14.710000038146973,14.710000038146973,15.369999885559082,14.68999958,15.09000015258789,0
11/13/24,14.020000457763672,14.020000457763672,15.260000228881836,13.770000457763672,15.09000015258789,0
11/14/24,14.31000042,14.31000042,14.31999969482422,13.59000015258789,14.170000076293944,0
11/15/24,16.139999389648438,16.139999389648438,17.549999237060547,14.56000042,15.020000457763672,0
11/18/24,15.579999923706056,15.579999923706056,17.0,15.350000381469728,16.600000381469727,0
11/19/24,16.350000381469727,16.350000381469727,17.93000030517578,15.369999885559082,15.43999958,0
11/20/24,17.15999984741211,17.15999984741211,18.790000915527344,16.040000915527344,16.190000534057617,0
11/21/24,16.87000084,16.87000084,17.989999771118164,15.729999542236328,17.100000381469727,0
11/22/24,15.239999771118164,15.239999771118164,17.559999465942383,15.239999771118164,16.670000076293945,0
11/25/24,14.600000381469728,14.600000381469728,15.720000267028809,14.539999961853027,15.229999542236328,0
11/26/24,14.100000381469728,14.100000381469728,15.029999732971191,13.880000114440918,14.949999809265137,0
11/27/24,14.100000381469728,14.100000381469728,15.130000114440918,13.960000038146973,14.279999732971191,0
11/29/24,13.510000228881836,13.510000228881836,14.149999618530272,13.489999771118164,14.0,0
12/2/24,13.34000015258789,13.34000015258789,14.100000381469728,13.300000190734863,14.079999923706056,0
12/3/24,13.300000190734863,13.300000190734863,13.770000457763672,13.18999958,13.380000114440918,0
12/4/24,13.449999809265137,13.449999809265137,13.609999656677246,12.890000343322754,13.15999984741211,0
12/5/24,13.539999961853027,13.539999961853027,13.699999809265137,13.260000228881836,13.460000038146973,0
12/6/24,12.770000457763672,12.770000457763672,13.739999771118164,12.699999809265137,13.619999885559082,0
12/9/24,14.18999958,14.18999958,14.229999542236328,13.350000381469728,13.359999656677246,0
12/10/24,14.18000030517578,14.18000030517578,14.539999961853027,13.859999656677246,14.300000190734863,0
12/11/24,13.579999923706056,13.579999923706056,14.43000030517578,13.520000457763672,14.420000076293944,0
12/12/24,13.920000076293944,13.920000076293944,13.949999809265137,13.390000343322754,13.729999542236328,0
12/13/24,13.81000042,13.81000042,14.25,13.239999771118164,13.56999969482422,0
12/16/24,14.68999958,14.68999958,14.68999958,13.989999771118164,14.369999885559082,0
12/17/24,15.869999885559082,15.869999885559082,15.93999958,14.779999732971191,14.979999542236328,0
12/18/24,27.62000084,27.62000084,28.31999969482422,14.81999969482422,15.56999969482422,0
12/19/24,24.09000015258789,24.09000015258789,24.12000084,20.15999984741211,21.61000061035156,0
12/20/24,18.36000061035156,18.36000061035156,26.510000228881836,17.81999969482422,24.13999938964844,0
12/23/24,16.780000686645508,16.780000686645508,20.020000457763672,16.739999771118164,18.09000015258789,0
12/24/24,14.270000457763672,14.270000457763672,17.040000915527344,14.270000457763672,16.969999313354492,0
12/26/24,14.729999542236328,14.729999542236328,15.93000030517578,14.550000190734863,14.989999771118164,0
12/27/24,15.949999809265137,15.949999809265137,18.450000762939453,15.289999961853027,15.380000114440918,0
12/30/24,17.399999618530273,17.399999618530273,19.219999313354492,16.440000534057617,17.209999084472656,0
12/31/24,17.350000381469727,17.350000381469727,17.809999465942383,16.68000030517578,17.389999389648438,0
1/2/25,17.93000030517578,17.93000030517578,19.5,16.959999084472656,17.209999084472656,0
1/3/25,16.12999916,16.12999916,17.940000534057617,16.110000610351562,17.65999984741211,0
1/6/25,16.040000915527344,16.040000915527344,16.87000084,15.710000038146973,16.770000457763672,0
1/7/25,17.81999969482422,17.81999969482422,18.899999618530273,15.789999961853027,16.479999542236328,0
1/8/25,17.700000762939453,17.700000762939453,19.5,17.37000084,17.90999984741211,0
1/10/25,19.540000915527344,19.540000915527344,20.309999465942383,18.049999237060547,18.290000915527344,0
1/13/25,19.190000534057617,19.190000534057617,22.040000915527344,19.149999618530273,21.18000030517578,0
1/14/25,18.709999084472656,18.709999084472656,19.65999984741211,18.239999771118164,18.790000915527344,0
1/15/25,16.12000084,16.12000084,19.13999938964844,15.960000038146973,19.079999923706055,0
1/16/25,16.600000381469727,16.600000381469727,16.600000381469727,15.640000343322754,15.869999885559082,0
1/17/25,15.970000267028809,15.970000267028809,16.229999542236328,15.529999732971191,16.190000534057617,0
1/21/25,15.06000042,15.06000042,16.290000915527344,14.93000030517578,16.290000915527344,0
1/22/25,15.100000381469728,15.100000381469728,15.289999961853027,14.59000015258789,14.890000343322754,0
1/23/25,15.020000457763672,15.020000457763672,15.390000343322754,14.59000015258789,15.279999732971191,0
1/24/25,14.850000381469728,14.850000381469728,15.15999984741211,14.579999923706056,15.020000457763672,0
1/27/25,17.899999618530273,17.899999618530273,22.510000228881836,17.56999969482422,18.829999923706055,0
1/28/25,16.40999984741211,16.40999984741211,18.38999938964844,16.25,18.290000915527344,0
1/29/25,16.559999465942383,16.559999465942383,18.079999923706055,16.170000076293945,16.420000076293945,0
1/30/25,15.84000015258789,15.84000015258789,16.420000076293945,15.31999969482422,15.93000030517578,0
1/31/25,16.43000030517578,16.43000030517578,17.09000015258789,14.899999618530272,15.449999809265137,0
2/3/25,18.62000084,18.62000084,20.420000076293945,17.65999984741211,20.36000061035156,0
2/4/25,17.209999084472656,17.209999084472656,19.11000061035156,16.780000686645508,18.780000686645508,0
2/5/25,15.770000457763672,15.770000457763672,17.75,15.770000457763672,17.540000915527344,0
2/6/25,15.5,15.5,16.149999618530273,14.989999771118164,15.880000114440918,0
2/7/25,16.540000915527344,16.540000915527344,16.65999984741211,14.789999961853027,15.380000114440918,0
2/10/25,15.81000042,15.81000042,16.610000610351562,15.699999809265137,16.579999923706055,0
2/11/25,16.020000457763672,16.020000457763672,16.420000076293945,15.75,16.12999916,0
2/12/25,15.890000343322754,15.890000343322754,17.18000030517578,15.640000343322754,15.90999984741211,0
2/13/25,15.100000381469728,15.100000381469728,16.329999923706055,14.979999542236328,15.970000267028809,0
2/14/25,14.770000457763672,14.770000457763672,15.420000076293944,14.739999771118164,15.079999923706056,0
2/18/25,15.350000381469728,15.350000381469728,16.030000686645508,15.350000381469728,15.56999969482422,0
2/19/25,15.270000457763672,15.270000457763672,15.960000038146973,15.050000190734863,15.140000343322754,0
2/20/25,15.65999984741211,15.65999984741211,16.62999916,15.119999885559082,15.609999656677246,0
2/21/25,18.209999084472656,18.209999084472656,19.030000686645508,15.279999732971191,15.630000114440918,0
2/24/25,18.979999542236328,18.979999542236328,20.239999771118164,17.309999465942383,18.079999923706055,0
2/25/25,19.43000030517578,19.43000030517578,21.479999542236328,18.850000381469727,19.09000015258789,0
2/26/25,19.100000381469727,19.100000381469727,20.059999465942383,17.829999923706055,18.959999084472656,0
2/27/25,21.12999916,21.12999916,21.469999313354492,17.670000076293945,18.25,0
2/28/25,19.62999916,19.62999916,22.399999618530273,19.049999237060547,21.209999084472656,0
3/3/25,22.780000686645508,22.780000686645508,24.309999465942383,19.25,19.829999923706055,0
3/4/25,23.510000228881836,23.510000228881836,26.350000381469727,21.709999084472656,22.959999084472656,0
3/5/25,21.93000030517578,21.93000030517578,24.84000015258789,21.37000084,23.030000686645508,0
3/6/25,24.87000084,24.87000084,25.920000076293945,22.38999938964844,22.600000381469727,0
3/7/25,23.37000084,23.37000084,26.559999465942383,23.09000015258789,24.850000381469727,0
3/10/25,27.86000061035156,27.86000061035156,29.559999465942383,24.68000030517578,24.700000762939453,0
3/11/25,26.920000076293945,26.920000076293945,29.56999969482422,26.18000030517578,27.940000534057617,0
3/12/25,24.229999542236328,24.229999542236328,26.90999984741211,23.88999938964844,26.87999916,0
3/13/25,24.65999984741211,24.65999984741211,26.12999916,23.459999084472656,24.920000076293945,0
3/14/25,21.770000457763672,21.770000457763672,24.36000061035156,21.479999542236328,24.350000381469727,0
3/17/25,20.510000228881836,20.510000228881836,22.950000762939453,20.31999969482422,22.88999938964844,0
3/18/25,21.700000762939453,21.700000762939453,22.56999969482422,20.40999984741211,20.829999923706055,0
3/19/25,19.899999618530273,19.899999618530273,22.100000381469727,19.420000076293945,21.84000015258789,0
3/20/25,19.799999237060547,19.799999237060547,21.170000076293945,19.299999237060547,19.520000457763672,0
3/21/25,19.280000686645508,19.280000686645508,21.13999938964844,19.149999618530273,20.020000457763672,0
3/24/25,17.479999542236328,17.479999542236328,19.13999938964844,17.459999084472656,19.12999916,0
3/25/25,17.149999618530273,17.149999618530273,17.770000457763672,17.020000457763672,17.579999923706055,0
3/26/25,18.329999923706055,18.329999923706055,19.06999969482422,16.969999313354492,17.229999542236328,0
3/27/25,18.690000534057617,18.690000534057617,19.280000686645508,17.950000762939453,18.36000061035156,0
3/28/25,21.649999618530273,21.649999618530273,22.18000030517578,18.920000076293945,19.079999923706055,0
3/31/25,22.280000686645508,22.280000686645508,24.799999237060547,21.670000076293945,24.11000061035156,0
4/1/25,21.770000457763672,21.770000457763672,23.520000457763672,21.579999923706055,22.059999465942383,0
4/2/25,21.510000228881836,21.510000228881836,23.65999984741211,20.68000030517578,22.299999237060547,0
4/3/25,30.020000457763672,30.020000457763672,30.020000457763672,24.93000030517578,26.37999916,0
4/4/25,45.310001373291016,45.310001373291016,45.61000061035156,29.989999771118164,30.12000084,0
4/7/25,46.97999954223633,46.97999954223633,60.130001068115234,38.58000183105469,60.130001068115234,0
4/8/25,52.33000183105469,52.33000183105469,57.52000045776367,36.47999954223633,44.040000915527344,0
4/9/25,33.619998931884766,33.619998931884766,57.959999084472656,31.899999618530273,50.97999954223633,0
4/10/25,40.720001220703125,40.720001220703125,54.869998931884766,34.439998626708984,34.439998626708984,0
4/11/25,37.560001373291016,37.560001373291016,46.119998931884766,36.849998474121094,40.79999923706055,0
4/14/25,30.88999938964844,30.88999938964844,35.16999816894531,29.75,34.75999832,0
4/15/25,30.12000084,30.12000084,31.450000762939453,28.290000915527344,30.010000228881836,0
4/16/25,32.63999938964844,32.63999938964844,34.959999084472656,29.479999542236328,33.24000168,0
4/17/25,29.649999618530273,29.649999618530273,32.54999923706055,29.56999969482422,30.790000915527344,0
4/21/25,33.81999969482422,33.81999969482422,35.75,31.790000915527344,32.75,0
4/22/25,30.56999969482422,30.56999969482422,32.68000030517578,30.079999923706055,32.61000061035156,0
4/23/25,28.450000762939453,28.450000762939453,30.290000915527344,27.11000061035156,28.75,0
4/24/25,26.469999313354492,26.469999313354492,29.65999984741211,26.36000061035156,28.690000534057617,0
4/25/25,24.84000015258789,24.84000015258789,27.200000762939453,24.84000015258789,26.219999313354492,0
4/28/25,25.149999618530273,25.149999618530273,26.93000030517578,24.700000762939453,25.75,0
4/29/25,24.170000076293945,24.170000076293945,25.989999771118164,23.760000228881836,24.760000228881836,0
4/30/25,24.700000762939453,24.700000762939453,28.170000076293945,24.229999542236328,24.350000381469727,0
5/1/25,24.600000381469727,24.600000381469727,25.18000030517578,23.299999237060547,23.940000534057617,0
5/2/25,22.68000030517578,22.68000030517578,24.31999969482422,22.34000015258789,23.62999916,0
5/5/25,23.63999938964844,23.63999938964844,24.62999916,22.809999465942383,24.25,0
5/6/25,24.760000228881836,24.760000228881836,25.11000061035156,23.899999618530273,23.969999313354492,0
5/7/25,23.549999237060547,23.549999237060547,25.62000084,23.290000915527344,24.559999465942383,0
5/8/25,22.479999542236328,22.479999542236328,23.61000061035156,21.87999916,22.84000015258789,0
5/9/25,21.899999618530273,21.899999618530273,22.81999969482422,21.829999923706055,22.399999618530273,0
5/12/25,18.38999938964844,18.38999938964844,20.440000534057617,18.13999938964844,19.84000015258789,0
5/13/25,18.219999313354492,18.219999313354492,18.850000381469727,17.649999618530273,18.690000534057617,0
5/14/25,18.62000084,18.62000084,18.81999969482422,18.059999465942383,18.100000381469727,0
5/15/25,17.829999923706055,17.829999923706055,19.37999916,17.770000457763672,19.190000534057617,0
5/16/25,17.239999771118164,17.239999771118164,17.959999084472656,17.149999618530273,17.959999084472656,0
5/19/25,18.13999938964844,18.13999938964844,19.920000076293945,17.920000076293945,19.84000015258789,0
5/20/25,18.09000015258789,18.09000015258789,18.68000030517578,17.700000762939453,18.459999084472656,0
5/21/25,20.87000084,20.87000084,21.049999237060547,17.770000457763672,18.770000457763672,0
5/22/25,20.280000686645508,20.280000686645508,22.06999969482422,19.63999938964844,20.62000084,0
5/23/25,22.290000915527344,22.290000915527344,25.530000686645508,19.829999923706055,20.13999938964844,0
5/27/25,18.959999084472656,18.959999084472656,21.010000228881836,18.950000762939453,20.62999916,0
5/28/25,19.309999465942383,19.309999465942383,19.43000030517578,18.68000030517578,19.209999084472656,0
5/29/25,19.18000030517578,19.18000030517578,20.200000762939453,18.11000061035156,18.25,0
5/30/25,18.56999969482422,18.56999969482422,20.549999237060547,18.56999969482422,19.61000061035156,0
6/2/25,18.36000061035156,18.36000061035156,20.450000762939453,18.36000061035156,19.809999465942383,0
6/3/25,17.690000534057617,17.690000534057617,19.209999084472656,17.639999389648438,18.829999923706055,0
6/4/25,17.610000610351562,17.610000610351562,18.06999969482422,17.40999984741211,17.68000030517578,0
6/5/25,18.479999542236328,18.479999542236328,18.799999237060547,17.079999923706055,17.68000030517578,0
6/6/25,16.770000457763672,16.770000457763672,18.350000381469727,16.649999618530273,18.15999984741211,0
6/9/25,17.15999984741211,17.15999984741211,17.719999313354492,16.81999969482422,17.690000534057617,0
6/10/25,16.950000762939453,16.950000762939453,17.989999771118164,16.68000030517578,17.5,0
6/11/25,17.260000228881836,17.260000228881836,18.09000015258789,16.229999542236328,17.040000915527344,0
6/12/25,18.020000457763672,18.020000457763672,18.87000084,17.43000030517578,17.87000084,0
6/13/25,20.81999969482422,20.81999969482422,22.0,18.87999916,21.760000228881836,0
6/16/25,19.11000061035156,19.11000061035156,20.219999313354492,18.670000076293945,19.780000686645508,0
6/17/25,21.600000381469727,21.600000381469727,21.790000915527344,19.549999237060547,20.530000686645508,0
6/18/25,20.13999938964844,20.13999938964844,21.579999923706055,19.59000015258789,20.899999618530273,0
6/20/25,20.62000084,20.62000084,21.06999969482422,19.11000061035156,20.739999771118164,0
6/23/25,19.829999923706055,19.829999923706055,22.510000228881836,19.81999969482422,21.149999618530273,0
6/24/25,17.479999542236328,17.479999542236328,18.719999313354492,17.329999923706055,18.190000534057617,0
6/25/25,16.760000228881836,16.760000228881836,17.510000228881836,16.68000030517578,17.280000686645508,0
6/26/25,16.59000015258789,16.59000015258789,16.780000686645508,16.110000610351562,16.670000076293945,0
6/27/25,16.31999969482422,16.31999969482422,17.290000915527344,16.12000084,16.309999465942383,0
6/30/25,16.729999542236328,16.729999542236328,17.43000030517578,16.549999237060547,17.190000534057617,0
7/1/25,16.829999923706055,16.829999923706055,17.479999542236328,16.510000228881836,16.979999542236328,0
7/2/25,16.639999389648438,16.639999389648438,17.37000084,16.540000915527344,16.75,0
7/3/25,16.37999916,16.37999916,16.829999923706055,16.139999389648438,16.649999618530273,0
7/7/25,17.790000915527344,17.790000915527344,18.5,17.510000228881836,17.829999923706055,0
7/8/25,16.809999465942383,16.809999465942383,17.440000534057617,16.540000915527344,17.40999984741211,0
7/9/25,15.93999958,15.93999958,16.760000228881836,15.760000228881836,16.760000228881836,0
7/10/25,15.779999732971191,15.779999732971191,16.239999771118164,15.699999809265137,16.229999542236328,0
7/11/25,16.399999618530273,16.399999618530273,17.239999771118164,15.979999542236328,16.40999984741211,0
7/14/25,17.200000762939453,17.200000762939453,17.850000381469727,16.90999984741211,17.729999542236328,0
7/15/25,17.37999916,17.37999916,17.389999389648438,16.559999465942383,16.889999389648438,0
7/16/25,17.15999984741211,17.15999984741211,19.479999542236328,16.690000534057617,17.65999984741211,0
7/17/25,16.520000457763672,16.520000457763672,17.37000084,16.479999542236328,17.15999984741211,0
7/18/25,16.40999984741211,16.40999984741211,16.809999465942383,16.280000686645508,16.43000030517578,0
7/21/25,16.649999618530273,16.649999618530273,16.989999771118164,16.299999237060547,16.87000084,0
7/22/25,16.5,16.5,17.479999542236328,16.43000030517578,16.75,0
7/23/25,15.369999885559082,15.369999885559082,16.31999969482422,15.31999969482422,16.229999542236328,0
7/24/25,15.390000343322754,15.390000343322754,15.539999961853027,14.949999809265137,15.390000343322754,0
7/25/25,14.93000030517578,14.93000030517578,15.390000343322754,14.920000076293944,15.329999923706056,0
7/28/25,15.029999732971191,15.029999732971191,15.539999961853027,15.0,15.149999618530272,0
7/29/25,15.979999542236328,15.979999542236328,16.12000084,14.699999809265137,14.949999809265137,0
7/30/25,15.479999542236328,15.479999542236328,17.270000457763672,15.43999958,15.869999885559082,0
7/31/25,16.719999313354492,16.719999313354492,17.170000076293945,14.739999771118164,14.989999771118164,0
8/1/25,20.37999916,20.37999916,21.899999618530273,17.389999389648438,17.399999618530273,0
8/4/25,17.520000457763672,17.520000457763672,19.579999923706055,17.479999542236328,19.559999465942383,0
8/5/25,17.850000381469727,17.850000381469727,18.940000534057617,17.110000610351562,17.209999084472656,0
8/6/25,16.770000457763672,16.770000457763672,17.87999916,16.559999465942383,17.219999313354492,0
8/7/25,16.56999969482422,16.56999969482422,17.639999389648438,15.979999542236328,16.40999984741211,0
8/8/25,15.149999618530272,15.149999618530272,16.520000457763672,15.149999618530272,16.479999542236328,0
8/11/25,16.25,16.25,16.360000610351562,15.520000457763672,15.81000042,0
8/12/25,14.729999542236328,14.729999542236328,16.559999465942383,14.65999984741211,16.09000015258789,0
8/13/25,14.489999771118164,14.489999771118164,14.81000042,14.300000190734863,14.619999885559082,0
8/14/25,14.829999923706056,14.829999923706056,15.390000343322754,14.56999969482422,14.65999984741211,0
8/15/25,15.09000015258789,15.09000015258789,15.18000030517578,14.399999618530272,14.43000030517578,0
8/18/25,14.989999771118164,14.989999771118164,15.949999809265137,14.949999809265137,15.729999542236328,0
8/19/25,15.56999969482422,15.56999969482422,15.90999984741211,14.760000228881836,15.229999542236328,0
8/20/25,15.68999958,15.68999958,17.190000534057617,15.56999969482422,15.949999809265137,0
8/21/25,16.600000381469727,16.600000381469727,17.239999771118164,15.649999618530272,15.720000267028809,0
8/22/25,14.220000267028809,14.220000267028809,16.829999923706055,14.210000038146973,16.809999465942383,0
8/25/25,14.789999961853027,14.789999961853027,15.18999958,14.239999771118164,15.050000190734863,0
8/26/25,14.619999885559082,14.619999885559082,15.75,14.619999885559082,15.75,0
8/27/25,14.850000381469728,14.850000381469728,15.229999542236328,14.65999984741211,14.65999984741211,0
8/28/25,14.43000030517578,14.43000030517578,14.68999958,14.119999885559082,14.420000076293944,0
8/29/25,15.359999656677246,15.359999656677246,15.970000267028809,14.31000042,14.31000042,0
9/2/25,17.170000076293945,17.170000076293945,19.37999916,16.549999237060547,16.649999618530273,0
9/3/25,16.350000381469727,16.350000381469727,17.56999969482422,16.34000015258789,17.399999618530273,0
9/4/25,15.300000190734863,15.300000190734863,16.350000381469727,15.279999732971191,16.219999313354492,0
9/5/25,15.18000030517578,15.18000030517578,16.920000076293945,14.739999771118164,15.229999542236328,0
9/8/25,15.109999656677246,15.109999656677246,15.649999618530272,14.989999771118164,15.579999923706056,0
9/9/25,15.039999961853027,15.039999961853027,15.81999969482422,14.970000267028809,15.020000457763672,0
9/10/25,15.350000381469728,15.350000381469728,15.630000114440918,14.630000114440918,14.979999542236328,0
9/11/25,14.710000038146973,14.710000038146973,15.239999771118164,14.649999618530272,15.18999958,0
9/12/25,14.760000228881836,14.760000228881836,14.970000267028809,14.40999984741211,14.619999885559082,0
9/15/25,15.68999958,15.68999958,15.84000015258789,14.920000076293944,15.140000343322754,0
9/16/25,16.360000610351562,16.360000610351562,16.37999916,15.43999958,15.600000381469728,0
9/17/25,15.720000267028809,15.720000267028809,16.75,15.260000228881836,16.420000076293945,0
9/18/25,15.699999809265137,15.699999809265137,15.800000190734863,14.329999923706056,14.93000030517578,0
9/19/25,15.449999809265137,15.449999809265137,16.12999916,15.289999961853027,15.760000228881836,0
9/22/25,16.100000381469727,16.100000381469727,16.350000381469727,15.779999732971191,16.139999389648438,0
9/23/25,16.639999389648438,16.639999389648438,17.06999969482422,15.949999809265137,16.100000381469727,0
9/24/25,16.18000030517578,16.18000030517578,17.209999084472656,16.18000030517578,16.56999969482422,0
9/25/25,16.739999771118164,16.739999771118164,17.739999771118164,16.31999969482422,16.549999237060547,0
9/26/25,15.289999961853027,15.289999961853027,17.049999237060547,15.289999961853027,16.889999389648438,0
9/29/25,16.12000084,16.12000084,16.290000915527344,15.739999771118164,15.84000015258789,0
9/30/25,16.280000686645508,16.280000686645508,16.700000762939453,16.020000457763672,16.489999771118164,0
10/1/25,16.290000915527344,16.290000915527344,17.280000686645508,15.979999542236328,17.280000686645508,0
10/2/25,16.62999916,16.62999916,16.920000076293945,15.93000030517578,16.12000084,0
10/3/25,16.649999618530273,16.649999618530273,17.059999465942383,16.200000762939453,16.350000381469727,0
10/6/25,16.37000084,16.37000084,17.09000015258789,16.290000915527344,16.739999771118164,0
10/7/25,17.239999771118164,17.239999771118164,17.549999237060547,16.190000534057617,16.579999923706055,0
10/8/25,16.299999237060547,16.299999237060547,17.200000762939453,16.229999542236328,17.170000076293945,0
10/9/25,16.43000030517578,16.43000030517578,17.270000457763672,16.260000228881836,16.309999465942383,0
10/10/25,21.65999984741211,21.65999984741211,22.440000534057617,16.229999542236328,16.360000610351562,0
10/13/25,19.030000686645508,19.030000686645508,20.770000457763672,18.61000061035156,19.450000762939453,0
10/14/25,20.809999465942383,20.809999465942383,22.940000534057617,19.18000030517578,21.459999084472656,0
10/15/25,20.63999938964844,20.63999938964844,22.440000534057617,19.11000061035156,20.020000457763672,0
10/16/25,25.309999465942383,25.309999465942383,25.43000030517578,19.850000381469727,20.489999771118164,0
10/17/25,20.780000686645508,20.780000686645508,28.989999771118164,20.729999542236328,28.40999984741211,0
10/20/25,18.229999542236328,18.229999542236328,21.020000457763672,18.229999542236328,20.530000686645508,0
10/21/25,17.87000084,17.87000084,18.88999938964844,17.399999618530273,18.649999618530273,0
10/22/25,18.600000381469727,18.600000381469727,21.010000228881836,17.729999542236328,17.84000015258789,0
10/23/25,17.299999237060547,17.299999237060547,19.350000381469727,17.079999923706055,18.36000061035156,0
10/24/25,16.37000084,16.37000084,17.219999313354492,16.020000457763672,17.020000457763672,0
10/27/25,15.789999961853027,15.789999961853027,16.06999969482422,15.619999885559082,15.729999542236328,0
10/28/25,16.420000076293945,16.420000076293945,16.549999237060547,15.65999984741211,15.949999809265137,0
10/29/25,16.920000076293945,16.920000076293945,17.579999923706055,16.260000228881836,16.34000015258789,0
10/30/25,16.90999984741211,16.90999984741211,17.40999984741211,15.729999542236328,16.260000228881836,0
10/31/25,17.440000534057617,17.440000534057617,18.540000915527344,15.960000038146973,16.43000030517578,0
11/3/25,17.170000076293945,17.170000076293945,18.829999923706055,17.0,18.059999465942383,0
11/4/25,19.0,19.0,20.479999542236328,17.899999618530273,19.729999542236328,0
11/5/25,18.010000228881836,18.010000228881836,20.020000457763672,17.309999465942383,19.37000084,0
11/6/25,19.5,19.5,20.309999465942383,17.639999389648438,18.36000061035156,0
11/7/25,19.079999923706055,19.079999923706055,22.719999313354492,19.079999923706055,19.520000457763672,0
11/10/25,17.600000381469727,17.600000381469727,18.81999969482422,17.600000381469727,18.579999923706055,0
11/11/25,17.280000686645508,17.280000686645508,18.010000228881836,17.25,17.899999618530273,0
11/12/25,17.510000228881836,17.510000228881836,18.059999465942383,17.100000381469727,17.209999084472656,0
11/13/25,20.0,20.0,21.309999465942383,17.510000228881836,17.610000610351562,0
11/14/25,19.829999923706055,19.829999923706055,23.030000686645508,19.559999465942383,21.329999923706055,0
11/17/25,22.37999916,22.37999916,23.440000534057617,19.540000915527344,19.579999923706055,0
11/18/25,24.690000534057617,24.690000534057617,25.84000015258789,22.90999984741211,23.540000915527344,0
11/19/25,23.65999984741211,23.65999984741211,24.790000915527344,21.93000030517578,24.520000457763672,0
11/20/25,26.420000076293945,26.420000076293945,28.270000457763672,19.280000686645508,20.780000686645508,0
11/21/25,23.43000030517578,23.43000030517578,27.84000015258789,22.540000915527344,25.969999313354492,0
11/24/25,20.520000457763672,20.520000457763672,23.68000030517578,20.40999984741211,22.690000534057617,0
11/25/25,18.559999465942383,18.559999465942383,21.770000457763672,18.38999938964844,20.549999237060547,0
11/26/25,17.190000534057617,17.190000534057617,18.700000762939453,16.93000030517578,18.25,0
11/28/25,16.350000381469727,16.350000381469727,18.520000457763672,15.779999732971191,17.40999984741211,0
12/1/25,17.239999771118164,17.239999771118164,18.329999923706055,16.579999923706055,18.049999237060547,0
12/2/25,16.59000015258789,16.59000015258789,17.309999465942383,16.389999389648438,17.280000686645508,0
12/3/25,16.079999923706055,16.079999923706055,17.280000686645508,15.93000030517578,16.43000030517578,0
12/4/25,15.779999732971191,15.779999732971191,16.62999916,15.68000030517578,16.229999542236328,0
12/5/25,15.40999984741211,15.40999984741211,16.18000030517578,15.279999732971191,15.579999923706056,0
12/8/25,16.65999984741211,16.65999984741211,17.09000015258789,16.100000381469727,16.149999618530273,0
12/9/25,16.93000030517578,16.93000030517578,17.200000762939453,16.450000762939453,16.65999984741211,0
12/10/25,15.770000457763672,15.770000457763672,17.65999984741211,15.56000042,16.940000534057617,0
12/11/25,14.850000381469728,14.850000381469728,16.87999916,14.850000381469728,16.84000015258789,0
12/12/25,15.739999771118164,15.739999771118164,17.850000381469727,14.850000381469728,14.989999771118164,0
12/15/25,16.5,16.5,17.350000381469727,15.989999771118164,16.510000228881836,0
12/16/25,16.479999542236328,16.479999542236328,17.610000610351562,16.190000534057617,17.280000686645508,0
12/17/25,17.62000084,17.62000084,18.0,15.81999969482422,16.450000762939453,0
12/18/25,16.87000084,16.87000084,17.68000030517578,15.93000030517578,17.610000610351562,0
12/19/25,14.90999984741211,14.90999984741211,16.530000686645508,14.90999984741211,16.309999465942383,0
12/22/25,14.079999923706056,14.079999923706056,15.260000228881836,14.029999732971191,15.15999984741211,0
12/23/25,14.0,14.0,14.449999809265137,13.640000343322754,14.09000015258789,0
12/24/25,13.470000267028809,13.470000267028809,14.15999984741211,13.380000114440918,14.09000015258789,0
12/26/25,13.600000381469728,13.600000381469728,14.289999961853027,13.520000457763672,14.119999885559082,0
12/29/25,14.199999809265137,14.199999809265137,15.079999923706056,13.989999771118164,14.68999958,0
12/30/25,14.329999923706056,14.329999923706056,14.619999885559082,14.039999961853027,14.43000030517578,0
12/31/25,14.949999809265137,14.949999809265137,15.170000076293944,14.380000114440918,14.770000457763672,0
1/2/26,14.510000228881836,14.510000228881836,15.420000076293944,14.460000038146973,14.850000381469728,0
1/5/26,14.899999618530272,14.899999618530272,15.270000457763672,14.649999618530272,15.140000343322754,0
1/6/26,14.75,14.75,15.210000038146973,14.630000114440918,15.0,0
1/7/26,15.380000114440918,15.380000114440918,15.479999542236328,14.829999923706056,14.949999809265137,0
1/8/26,15.449999809265137,15.449999809265137,15.850000381469728,15.149999618530272,15.68999958,0
1/9/26,14.489999771118164,14.489999771118164,15.81000042,14.43000030517578,15.68000030517578,0
1/12/26,15.119999885559082,15.119999885559082,16.65999984741211,15.029999732971191,16.059999465942383,0
1/13/26,15.979999542236328,15.979999542236328,16.5,14.75,15.359999656677246,0
1/14/26,16.75,16.75,18.100000381469727,16.219999313354492,16.329999923706055,0
1/15/26,15.84000015258789,15.84000015258789,16.540000915527344,15.300000190734863,16.520000457763672,0
1/16/26,15.859999656677246,15.859999656677246,16.290000915527344,15.300000190734863,15.43999958,0
1/20/26,20.09000015258789,20.09000015258789,20.989999771118164,18.63999938964844,19.940000534057617,0
1/21/26,16.899999618530273,16.899999618530273,20.809999465942383,16.670000076293945,19.309999465942383,0
1/22/26,15.640000343322754,15.640000343322754,16.670000076293945,15.270000457763672,16.649999618530273,0
1/23/26,16.09000015258789,16.09000015258789,16.209999084472656,15.300000190734863,15.68000030517578,0
1/26/26,16.149999618530273,16.149999618530273,17.389999389648438,15.800000190734863,16.899999618530273,0
1/27/26,16.350000381469727,16.350000381469727,16.37000084,15.739999771118164,16.020000457763672,0
1/28/26,16.350000381469727,16.350000381469727,17.18000030517578,16.049999237060547,16.09000015258789,0
1/29/26,16.87999916,16.87999916,19.739999771118164,16.020000457763672,16.040000915527344,0
1/30/26,17.440000534057617,17.440000534057617,19.270000457763672,16.670000076293945,18.719999313354492,0
2/2/26,16.34000015258789,16.34000015258789,19.959999084472656,16.079999923706055,19.950000762939453,0
2/3/26,18.0,18.0,20.37000084,16.049999237060547,16.15999984741211,0
2/4/26,18.63999938964844,18.63999938964844,21.239999771118164,17.469999313354492,17.62999916,0
2/5/26,21.770000457763672,21.770000457763672,23.100000381469727,19.059999465942383,19.239999771118164,0
2/6/26,20.37000084,20.37000084,21.489999771118164,19.989999771118164,21.239999771118164,0
2/9/26,17.360000610351562,17.360000610351562,19.200000762939453,16.899999618530273,17.950000762939453,0
2/10/26,17.790000915527344,17.790000915527344,17.969999313354492,17.139999389648438,17.469999313354492,0
2/11/26,17.649999618530273,17.649999618530273,18.959999084472656,16.75,17.87000084,0
2/12/26,20.81999969482422,20.81999969482422,21.209999084472656,17.079999923706055,17.440000534057617,0
2/13/26,20.600000381469727,20.600000381469727,22.399999618530273,18.920000076293945,21.479999542236328,0
2/17/26,20.290000915527344,20.290000915527344,22.959999084472656,19.760000228881836,21.739999771118164,0
2/18/26,19.62000084,19.62000084,20.34000015258789,18.479999542236328,19.780000686645508,0
2/19/26,20.229999542236328,20.229999542236328,21.11000061035156,19.229999542236328,19.34000015258789,0
2/20/26,19.09000015258789,19.09000015258789,21.209999084472656,18.760000228881836,20.040000915527344,0
2/23/26,21.010000228881836,21.010000228881836,22.040000915527344,19.5,20.489999771118164,0
2/24/26,19.549999237060547,19.549999237060547,22.079999923706055,19.229999542236328,21.239999771118164,0
2/25/26,17.93000030517578,17.93000030517578,19.62000084,17.860000610351562,19.59000015258789,0
2/26/26,18.62999916,18.62999916,20.540000915527344,17.5,18.06999969482422,0
2/27/26,19.86000061035156,19.86000061035156,21.739999771118164,18.770000457763672,19.280000686645508,0
3/2/26,21.440000534057617,21.440000534057617,25.239999771118164,20.37000084,24.65999984741211,0
3/3/26,23.56999969482422,23.56999969482422,28.149999618530273,22.18000030517578,24.56999969482422,0
3/4/26,21.149999618530273,21.149999618530273,24.87000084,20.399999618530273,24.38999938964844,0
3/5/26,23.75,23.75,25.84000015258789,20.549999237060547,22.11000061035156,0
3/6/26,29.489999771118164,29.489999771118164,29.93000030517578,22.920000076293945,23.200000762939453,0
3/9/26,25.5,25.5,35.29999923706055,24.760000228881836,35.119998931884766,0
3/10/26,24.93000030517578,24.93000030517578,26.010000228881836,22.190000534057617,24.38999938964844,0
3/11/26,24.229999542236328,24.229999542236328,26.229999542236328,23.75,24.899999618530273,0
3/12/26,27.290000915527344,27.290000915527344,27.329999923706055,24.600000381469727,25.479999542236328,0
3/13/26,27.190000534057617,27.190000534057617,28.469999313354492,24.670000076293945,27.850000381469727,0
3/16/26,23.510000228881836,23.510000228881836,26.420000076293945,23.229999542236328,25.87999916,0
3/17/26,22.37000084,22.37000084,24.579999923706055,21.87000084,24.559999465942383,0
3/18/26,25.09000015258789,25.09000015258789,25.12999916,21.469999313354492,21.510000228881836,0
3/19/26,24.059999465942383,24.059999465942383,27.520000457763672,23.540000915527344,25.600000381469727,0
3/20/26,26.780000686645508,26.780000686645508,29.280000686645508,23.68000030517578,24.459999084472656,0
3/23/26,26.149999618530273,26.149999618530273,31.040000915527344,20.280000686645508,30.040000915527344,0
3/24/26,26.950000762939453,26.950000762939453,27.940000534057617,25.63999938964844,25.90999984741211,0
3/25/26,25.329999923706055,25.329999923706055,26.670000076293945,24.81999969482422,25.790000915527344,0
3/26/26,27.440000534057617,27.440000534057617,28.489999771118164,26.12000084,26.489999771118164,0
3/27/26,31.049999237060547,31.049999237060547,31.649999618530273,27.540000915527344,27.540000915527344,0
3/30/26,30.61000061035156,30.61000061035156,31.520000457763672,29.329999923706055,30.790000915527344,0
3/31/26,25.25,25.25,29.63999938964844,25.079999923706055,29.530000686645508,0
4/1/26,24.540000915527344,24.540000915527344,25.350000381469727,23.5,24.299999237060547,0
4/2/26,23.8700008392334,23.8700008392334,27.88999938964844,23.8700008392334,26.780000686645508,0
4/6/26,24.170000076293945,24.170000076293945,25.299999237060547,23.780000686645508,24.93000030517578,0
4/7/26,25.780000686645508,25.780000686645508,28.0,24.34000015258789,25.09000015258789,0
4/8/26,21.040000915527344,21.040000915527344,22.170000076293945,19.90999984741211,20.969999313354492,0
4/9/26,19.489999771118164,19.489999771118164,21.6299991607666,19.450000762939453,21.25,0
4/10/26,19.229999542236328,19.229999542236328,20.280000686645508,18.829999923706055,19.709999084472656,0
4/13/26,19.1200008392334,19.1200008392334,21.579999923706055,18.959999084472656,21.170000076293945,0
4/14/26,18.36000061035156,18.36000061035156,18.760000228881836,17.889999389648438,18.729999542236328,0
4/15/26,18.079999923706055,18.079999923706055,18.5,17.399999618530273,18.18000030517578,0
4/16/26,18.25,18.25,18.280000686645508,17.989999771118164,18.040000915527344,0
4/17/26,17.479999542236328,17.479999542236328,18.239999771118164,16.8700008392334,18.18000030517578,0
4/20/26,19.010000228881836,19.010000228881836,19.989999771118164,18.770000457763672,19.579999923706055,0
4/21/26,20.34000015258789,20.34000015258789,20.850000381469727,18.75,19.18000030517578,0
4/22/26,18.690000534057617,18.690000534057617,19.540000915527344,18.690000534057617,19.030000686645508,0
4/23/26,19.25,19.25,21.559999465942383,18.700000762939453,19.420000076293945,0
4/24/26,18.61000061035156,18.61000061035156,19.350000381469727,18.459999084472656,18.88999938964844,0
4/27/26,18.18000030517578,18.18000030517578,19.270000457763672,18.15999984741211,19.209999084472656,0
4/28/26,18.040000915527344,18.040000915527344,19.43000030517578,18.010000228881836,18.299999237060547,0
4/29/26,18.469999313354492,18.469999313354492,19.0,17.809999465942383,17.829999923706055,0
4/30/26,17.049999237060547,17.049999237060547,18.729999542236328,16.969999313354492,18.68000030517578,0
5/1/26,16.700000762939453,16.700000762939453,17.389999389648438,16.440000534057617,17.010000228881836,0
5/4/26,18.280000686645508,18.280000686645508,19.079999923706055,17.149999618530273,17.3799991607666,0
5/5/26,17.329999923706055,17.329999923706055,18.020000457763672,17.200000762939453,17.950000762939453,0
5/6/26,17.309999465942383,17.309999465942383,17.350000381469727,16.18000030517578,17.149999618530273,0
5/7/26,17.1200008392334,17.1200008392334,17.600000381469727,17.059999465942383,17.530000686645508,0
5/8/26,17.110000610351562,17.110000610351562,17.530000686645508,16.81999969482422,17.3700008392334,0
5/11/26,18.43000030517578,18.43000030517578,18.469999313354492,17.899999618530273,18.209999084472656,0
5/12/26,18.049999237060547,18.049999237060547,19.100000381469727,17.940000534057617,18.770000457763672,0
5/13/26,17.780000686645508,17.780000686645508,18.399999618530273,17.760000228881836,17.979999542236328,0
5/14/26,17.360000610351562,17.360000610351562,18.079999923706055,17.200000762939453,17.860000610351562,0
5/15/26,18.239999771118164,18.239999771118164,19.270000457763672,17.799999237060547,18.06999969482422,0
5/18/26,17.770000457763672,17.770000457763672,19.440000534057617,17.700000762939453,19.25,0
5/19/26,18.059999465942383,18.059999465942383,18.36000061035156,17.65999984741211,18.010000228881836,0
5/20/26,17.829999923706055,17.829999923706055,18.18000030517578,17.530000686645508,18.170000076293945,0
5/21/26,16.68000030517578,16.68000030517578,17.8700008392334,16.670000076293945,17.579999923706055,0
5/22/26,16.93000030517578,16.93000030517578,17.389999389648438,16.459999084472656,16.829999923706055,0
5/25/26,16.59000015258789,16.59000015258789,16.8700008392334,16.530000686645508,16.809999465942383,0
5/26/26,16.93000030517578,16.93000030517578,17.229999542236328,16.559999465942383,16.920000076293945,0
5/27/26,16.3700008392334,16.3700008392334,17.18000030517578,16.3700008392334,17.010000228881836,0
5/28/26,15.630000114440918,15.630000114440918,16.850000381469727,15.609999656677246,16.760000228881836,0
5/29/26,15.329999923706056,15.329999923706056,15.880000114440918,15.220000267028809,15.8100004196167,0
6/1/26,16.030000686645508,16.030000686645508,16.34000015258789,15.710000038146973,15.880000114440918,0
6/2/26,15.869999885559082,15.869999885559082,16.290000915527344,15.729999542236328,16.280000686645508,0
6/3/26,16.010000228881836,16.010000228881836,16.6299991607666,15.9399995803833,15.970000267028809,0
6/4/26,15.260000228881836,15.260000228881836,16.799999237060547,15.25,16.329999923706055,0
6/5/26,20.290000915527344,20.290000915527344,21.15999984741211,15.5600004196167,15.869999885559082,0
6/8/26,18.709999084472656,18.709999084472656,20.350000381469727,17.940000534057617,20.290000915527344,0
6/9/26,20.209999084472656,20.209999084472656,23.34000015258789,17.520000457763672,18.190000534057617,0
6/10/26,21.799999237060547,21.799999237060547,22.65999984741211,20.059999465942383,20.100000381469727,0
6/11/26,19.489999771118164,19.489999771118164,22.59000015258789,19.36000061035156,21.25,0
6/12/26,17.93000030517578,17.93000030517578,19.850000381469727,17.93000030517578,19.510000228881836,0
6/15/26,16.200000762939453,16.200000762939453,16.850000381469727,15.979999542236328,16.780000686645508,0
6/16/26,16.40999984741211,16.40999984741211,16.440000534057617,15.770000457763672,16.200000762939453,0
6/17/26,18.440000534057617,18.440000534057617,18.84000015258789,16.020000457763672,16.079999923706055,0
6/18/26,16.829999923706055,16.829999923706055,17.600000381469727,16.670000076293945,17.229999542236328,0
6/19/26,16.780000686645508,16.780000686645508,17.270000457763672,16.719999313354492,17.040000915527344,0
6/22/26,17.510000228881836,17.510000228881836,17.920000076293945,16.489999771118164,17.479999542236328,0
6/23/26,19.440000534057617,19.440000534057617,20.540000915527344,18.61000061035156,19.670000076293945,0
6/24/26,19.81999969482422,19.81999969482422,20.34000015258789,18.040000915527344,19.1299991607666,0
6/25/26,19.25,19.25,19.950000762939453,17.719999313354492,18.11000061035156,0
6/26/26,18.399999618530273,18.399999618530273,20.719999313354492,18.38999938964844,19.700000762939453,0
6/29/26,17.540000915527344,17.540000915527344,19.450000762939453,17.540000915527344,18.600000381469727,0
6/30/26,16.309999465942383,16.309999465942383,17.75,16.270000457763672,17.540000915527344,0
7/1/26,16.450000762939453,16.450000762939453,17.299999237060547,15.970000267028809,17.110000610351562,0
7/2/26,16.100000381469727,16.100000381469727,17.209999084472656,15.789999961853027,17.049999237060547,0
7/3/26,15.8100004196167,15.8100004196167,16.010000228881836,15.75,15.779999732971191,0
7/6/26,15.579999923706056,15.579999923706056,16.5,15.579999923706056,16.399999618530273,0
7/7/26,16.100000381469727,16.100000381469727,16.639999389648438,15.529999732971191,15.869999885559082,0
7/8/26,16.6299991607666,16.6299991607666,18.90999984741211,16.350000381469727,16.549999237060547,0
7/9/26,15.779999732971191,15.779999732971191,17.270000457763672,15.760000228881836,16.579999923706055,0
7/10/26,15.039999961853027,15.039999961853027,16.15999984741211,15.0,16.059999465942383,0
7/13/26,17.25,17.25,17.40999984741211,16.030000686645508,16.31999969482422,0
7/14/26,16.350000381469727,16.350000381469727,17.559999465942383,16.149999618530273,17.209999084472656,0
7/15/26,15.760000228881836,15.760000228881836,16.56999969482422,15.640000343322754,16.200000762939453,0
7/16/26,16.670000076293945,16.670000076293945,17.229999542236328,15.770000457763672,15.81999969482422,0
7/17/26,18.399999618530273,18.399999618530273,19.5,17.68000030517578,18.010000228881836,0
7/20/26,18.420000076293945,18.420000076293945,18.940000534057617,17.40999984741211,18.899999618530273,0
7/21/26,16.93000030517578,16.93000030517578,17.989999771118164,16.920000076293945,17.479999542236328,0
7/22/26,16.829999923706055,16.829999923706055,17.75,16.719999313354492,17.420000076293945,0
7/23/26,19.5,19.5,20.309999465942383,17.31999969482422,17.670000076293945,0
7/24/26,18.520000457763672,18.520000457763672,19.049999237060547,17.40999984741211,18.959999084472656,0
7/27/26,18.670000076293945,18.670000076293945,19.93000030517578,17.530000686645508,17.6200008392334,0
7/28/26,18.209999084472656,18.209999084472656,19.520000457763672,17.8799991607666,19.049999237060547,0
7/29/26,19.989999771118164,19.989999771118164,20.34000015258789,17.450000762939453,18.270000457763672,0
7/30/26,17.420000076293945,17.420000076293945,20.079999923706055,17.40999984741211,19.559999465942383,0
7/31/26,15.960000038146973,15.960000038146973,18.700000762939453,15.960000038146973,16.81999969482422,0
8/3/26,15.729999542236328,15.729999542236328,16.299999237060547,15.539999961853027,16.030000686645508,0
8/4/26,16.450000762939453,16.450000762939453,16.649999618530273,15.510000228881836,15.760000228881836,0
8/5/26,15.489999771118164,15.489999771118164,18.43000030517578,15.479999542236328,16.149999618530273,0
8/6/26,15.34000015258789,15.34000015258789,16.030000686645508,15.140000343322754,15.829999923706056,0
8/7/26,14.890000343322754,14.890000343322754,15.359999656677246,14.770000457763672,15.300000190734863,0
8/10/26,15.43000030517578,15.43000030517578,15.720000267028809,15.100000381469728,15.399999618530272,0
8/11/26,15.300000190734863,15.300000190734863,15.609999656677246,15.229999542236328,15.420000076293944,0
8/12/26,14.4399995803833,14.4399995803833,15.420000076293944,14.390000343322754,15.279999732971191,0
8/13/26,14.5600004196167,14.5600004196167,14.800000190734863,14.390000343322754,14.68000030517578,0
8/14/26,14.220000267028809,14.220000267028809,14.720000267028809,14.18000030517578,14.640000343322754,0
8/17/26,15.149999618530273,15.149999618530273,15.470000267028809,14.890000343322754,14.979999542236328,0
